MaNV,NgayThang,Nam,PhongBan,ChucDanh,ThucTeNghiViec,XacSuatNghiViec,DuDoanNghiViec,NguongDuDoan
1,2025-01-01,2025,Sales,Sales Representative,0,0.21639344262295082,1,0.2
3,2025-01-01,2025,Finance,Finance Manager,0,0.1956521739130435,0,0.2
4,2025-01-01,2025,Human Resources,Recruiter,0,0.12827225130890052,0,0.2
5,2025-01-01,2025,Information Technology,IT Support,0,0.0935672514619883,0,0.2
10,2025-01-01,2025,Human Resources,C&B Specialist,1,0.13513513513513514,0,0.2
13,2025-01-01,2025,Sales,Sales Executive,1,0.3035143769968051,1,0.2
21,2025-01-01,2025,Human Resources,Recruiter,0,0.40318302387267907,1,0.2
24,2025-01-01,2025,Sales,Sales Representative,1,0.21639344262295082,1,0.2
28,2025-01-01,2025,Human Resources,C&B Specialist,1,0.11397627643115008,0,0.2
29,2025-01-01,2025,Human Resources,Recruiter,1,0.13513513513513514,0,0.2
30,2025-01-01,2025,Operations,Procurement Specialist,0,0.12827225130890052,0,0.2
31,2025-01-01,2025,Sales,Sales Supervisor,0,0.12827225130890052,0,0.2
32,2025-01-01,2025,Finance,Finance Manager,0,0.05102040816326531,0,0.2
37,2025-01-01,2025,Information Technology,QA Engineer,1,0.2608695652173913,1,0.2
38,2025-01-01,2025,Human Resources,HR Executive,0,0.12382739212007504,0,0.2
39,2025-01-01,2025,Human Resources,C&B Specialist,0,0.05102040816326531,0,0.2
41,2025-01-01,2025,Sales,Account Manager,1,0.21052631578947367,1,0.2
43,2025-01-01,2025,Marketing,Digital Marketing Specialist,0,0.1956521739130435,0,0.2
44,2025-01-01,2025,Marketing,Digital Marketing Specialist,0,0.03574033552151714,0,0.2
48,2025-01-01,2025,Information Technology,QA Engineer,0,0.1610337972166998,0,0.2
54,2025-01-01,2025,Marketing,Marketing Executive,0,0.03574033552151714,0,0.2
60,2025-01-01,2025,Finance,Internal Auditor,0,0.05102040816326531,0,0.2
62,2025-01-01,2025,Finance,Financial Analyst,0,0.0935672514619883,0,0.2
63,2025-01-01,2025,Information Technology,Data Analyst,0,0.05102040816326531,0,0.2
64,2025-01-01,2025,Marketing,Marketing Executive,0,0.03574033552151714,0,0.2
65,2025-01-01,2025,Finance,Internal Auditor,0,0.3035143769968051,1,0.2
66,2025-01-01,2025,Information Technology,IT Support,0,0.13513513513513514,0,0.2
70,2025-01-01,2025,Operations,Operations Executive,0,0.05102040816326531,0,0.2
71,2025-01-01,2025,Operations,Warehouse Supervisor,0,0.1610337972166998,0,0.2
72,2025-01-01,2025,Information Technology,IT Support,0,0.15187376725838264,0,0.2
73,2025-01-01,2025,Sales,Sales Representative,1,0.5116959064327485,1,0.2
74,2025-01-01,2025,Human Resources,Recruiter,1,0.06978233034571063,0,0.2
76,2025-01-01,2025,Sales,Sales Representative,0,0.11397627643115008,0,0.2
78,2025-01-01,2025,Human Resources,C&B Specialist,0,0.15187376725838264,0,0.2
79,2025-01-01,2025,Marketing,Digital Marketing Specialist,0,0.15187376725838264,0,0.2
80,2025-01-01,2025,Information Technology,Data Analyst,0,0.07101167315175097,0,0.2
82,2025-01-01,2025,Operations,Warehouse Supervisor,0,0.13513513513513514,0,0.2
83,2025-01-01,2025,Operations,Operations Executive,1,0.24242424242424243,1,0.2
85,2025-01-01,2025,Finance,Financial Analyst,0,0.32432432432432434,1,0.2
88,2025-01-01,2025,Operations,Warehouse Supervisor,0,0.2288135593220339,1,0.2
91,2025-01-01,2025,Sales,Sales Executive,1,0.0681453768038482,0,0.2
92,2025-01-01,2025,Operations,Operations Executive,1,0.42701525054466233,1,0.2
95,2025-01-01,2025,Finance,Financial Analyst,0,0.12382739212007504,0,0.2
98,2025-01-01,2025,Information Technology,IT Support,0,0.13513513513513514,0,0.2
102,2025-01-01,2025,Marketing,Digital Marketing Specialist,0,0.29411764705882354,1,0.2
103,2025-01-01,2025,Finance,Internal Auditor,0,0.0681453768038482,0,0.2
104,2025-01-01,2025,Human Resources,HR Manager,0,0.0681453768038482,0,0.2
109,2025-01-01,2025,Information Technology,Software Engineer,0,0.22927879440258342,1,0.2
110,2025-01-01,2025,Marketing,Content Specialist,0,0.22927879440258342,1,0.2
115,2025-01-01,2025,Human Resources,C&B Specialist,0,0.06978233034571063,0,0.2
118,2025-01-01,2025,Information Technology,Software Engineer,0,0.32432432432432434,1,0.2
120,2025-01-01,2025,Operations,Warehouse Supervisor,0,0.15979381443298968,0,0.2
121,2025-01-01,2025,Human Resources,HR Manager,1,0.0681453768038482,0,0.2
125,2025-01-01,2025,Finance,Internal Auditor,0,0.40318302387267907,1,0.2
126,2025-01-01,2025,Marketing,Marketing Executive,0,0.1986970684039088,0,0.2
127,2025-01-01,2025,Finance,Finance Manager,0,0.13513513513513514,0,0.2
128,2025-01-01,2025,Finance,Accountant,0,0.2163265306122449,1,0.2
129,2025-01-01,2025,Sales,Account Manager,0,0.0681453768038482,0,0.2
130,2025-01-01,2025,Marketing,Digital Marketing Specialist,0,0.16176470588235295,0,0.2
131,2025-01-01,2025,Sales,Sales Executive,0,0.0681453768038482,0,0.2
136,2025-01-01,2025,Sales,Sales Executive,0,0.05102040816326531,0,0.2
138,2025-01-01,2025,Sales,Sales Executive,0,0.0681453768038482,0,0.2
139,2025-01-01,2025,Sales,Sales Representative,0,0.0935672514619883,0,0.2
140,2025-01-01,2025,Human Resources,HR Executive,0,0.1179245283018868,0,0.2
143,2025-01-01,2025,Operations,Procurement Specialist,0,0.11397627643115008,0,0.2
146,2025-01-01,2025,Finance,Internal Auditor,0,0.2777777777777778,1,0.2
149,2025-01-01,2025,Human Resources,Recruiter,0,0.0681453768038482,0,0.2
151,2025-01-01,2025,Information Technology,Software Engineer,0,0.05102040816326531,0,0.2
152,2025-01-01,2025,Human Resources,HR Manager,0,0.0681453768038482,0,0.2
153,2025-01-01,2025,Marketing,Digital Marketing Specialist,0,0.40318302387267907,1,0.2
158,2025-01-01,2025,Information Technology,Data Analyst,0,0.0681453768038482,0,0.2
161,2025-01-01,2025,Sales,Sales Representative,1,0.0681453768038482,0,0.2
162,2025-01-01,2025,Marketing,Content Specialist,0,0.13513513513513514,0,0.2
166,2025-01-01,2025,Information Technology,QA Engineer,0,0.2163265306122449,1,0.2
167,2025-01-01,2025,Marketing,Digital Marketing Specialist,1,0.06978233034571063,0,0.2
170,2025-01-01,2025,Operations,Procurement Specialist,0,0.0681453768038482,0,0.2
171,2025-01-01,2025,Sales,Sales Representative,0,0.11397627643115008,0,0.2
175,2025-01-01,2025,Information Technology,Data Analyst,0,0.07101167315175097,0,0.2
176,2025-01-01,2025,Information Technology,Software Engineer,0,0.1179245283018868,0,0.2
178,2025-01-01,2025,Sales,Sales Supervisor,0,0.12382739212007504,0,0.2
180,2025-01-01,2025,Marketing,Marketing Manager,0,0.03574033552151714,0,0.2
181,2025-01-01,2025,Information Technology,IT Support,0,0.03816793893129771,0,0.2
182,2025-01-01,2025,Sales,Sales Supervisor,0,0.1610337972166998,0,0.2
184,2025-01-01,2025,Marketing,Content Specialist,0,0.03574033552151714,0,0.2
185,2025-01-01,2025,Marketing,Content Specialist,0,0.11397627643115008,0,0.2
187,2025-01-01,2025,Finance,Accountant,0,0.05102040816326531,0,0.2
189,2025-01-01,2025,Finance,Financial Analyst,0,0.0681453768038482,0,0.2
190,2025-01-01,2025,Sales,Sales Representative,0,0.4198473282442748,1,0.2
192,2025-01-01,2025,Operations,Procurement Specialist,0,0.4198473282442748,1,0.2
193,2025-01-01,2025,Information Technology,Data Analyst,0,0.34782608695652173,1,0.2
194,2025-01-01,2025,Finance,Financial Analyst,0,0.07101167315175097,0,0.2
195,2025-01-01,2025,Information Technology,QA Engineer,0,0.13513513513513514,0,0.2
198,2025-01-01,2025,Finance,Finance Manager,0,0.11397627643115008,0,0.2
199,2025-01-01,2025,Information Technology,IT Support,0,0.0681453768038482,0,0.2
200,2025-01-01,2025,Operations,Warehouse Supervisor,0,0.06978233034571063,0,0.2
201,2025-01-01,2025,Information Technology,IT Support,0,0.0681453768038482,0,0.2
205,2025-01-01,2025,Operations,Operations Manager,0,0.15979381443298968,0,0.2
206,2025-01-01,2025,Information Technology,QA Engineer,0,0.05102040816326531,0,0.2
210,2025-01-01,2025,Sales,Sales Executive,0,0.12382739212007504,0,0.2
211,2025-01-01,2025,Finance,Financial Analyst,0,0.11397627643115008,0,0.2
213,2025-01-01,2025,Sales,Sales Supervisor,0,0.11397627643115008,0,0.2
216,2025-01-01,2025,Operations,Operations Executive,0,0.0935672514619883,0,0.2
218,2025-01-01,2025,Information Technology,IT Support,0,0.29411764705882354,1,0.2
219,2025-01-01,2025,Finance,Internal Auditor,0,0.40318302387267907,1,0.2
222,2025-01-01,2025,Sales,Sales Executive,0,0.0935672514619883,0,0.2
223,2025-01-01,2025,Marketing,Digital Marketing Specialist,0,0.4198473282442748,1,0.2
224,2025-01-01,2025,Operations,Warehouse Supervisor,0,0.21639344262295082,1,0.2
228,2025-01-01,2025,Information Technology,Data Analyst,0,0.07101167315175097,0,0.2
229,2025-01-01,2025,Human Resources,C&B Specialist,0,0.0935672514619883,0,0.2
233,2025-01-01,2025,Sales,Account Manager,0,0.15187376725838264,0,0.2
234,2025-01-01,2025,Finance,Accountant,0,0.21052631578947367,1,0.2
236,2025-01-01,2025,Marketing,Content Specialist,0,0.07101167315175097,0,0.2
237,2025-01-01,2025,Operations,Operations Manager,1,0.6548672566371682,1,0.2
238,2025-01-01,2025,Human Resources,HR Manager,0,0.11397627643115008,0,0.2
241,2025-01-01,2025,Finance,Internal Auditor,0,0.0935672514619883,0,0.2
244,2025-01-01,2025,Marketing,Marketing Executive,1,0.1956521739130435,0,0.2
245,2025-01-01,2025,Finance,Finance Manager,0,0.07101167315175097,0,0.2
249,2025-01-01,2025,Marketing,Marketing Executive,0,0.03574033552151714,0,0.2
250,2025-01-01,2025,Marketing,Marketing Executive,1,0.40318302387267907,1,0.2
252,2025-01-01,2025,Information Technology,Data Analyst,0,0.15979381443298968,0,0.2
253,2025-01-01,2025,Sales,Sales Representative,0,0.21639344262295082,1,0.2
255,2025-01-01,2025,Sales,Sales Executive,1,0.2163265306122449,1,0.2
257,2025-01-01,2025,Sales,Sales Executive,0,0.1179245283018868,0,0.2
259,2025-01-01,2025,Sales,Sales Representative,0,0.22927879440258342,1,0.2
262,2025-01-01,2025,Operations,Operations Manager,1,0.1179245283018868,0,0.2
268,2025-01-01,2025,Information Technology,QA Engineer,0,0.12382739212007504,0,0.2
272,2025-01-01,2025,Sales,Account Manager,0,0.21639344262295082,1,0.2
273,2025-01-01,2025,Human Resources,Recruiter,0,0.12382739212007504,0,0.2
275,2025-01-01,2025,Information Technology,IT Support,0,0.05102040816326531,0,0.2
277,2025-01-01,2025,Operations,Operations Manager,0,0.1610337972166998,0,0.2
278,2025-01-01,2025,Marketing,Marketing Manager,0,0.03574033552151714,0,0.2
282,2025-01-01,2025,Marketing,Marketing Manager,0,0.1179245283018868,0,0.2
284,2025-01-01,2025,Finance,Finance Manager,0,0.13513513513513514,0,0.2
285,2025-01-01,2025,Finance,Financial Analyst,0,0.22927879440258342,1,0.2
286,2025-01-01,2025,Sales,Account Manager,0,0.0681453768038482,0,0.2
288,2025-01-01,2025,Sales,Sales Executive,0,0.03816793893129771,0,0.2
289,2025-01-01,2025,Human Resources,Recruiter,0,0.13513513513513514,0,0.2
290,2025-01-01,2025,Information Technology,QA Engineer,1,0.32432432432432434,1,0.2
296,2025-01-01,2025,Finance,Financial Analyst,0,0.05102040816326531,0,0.2
298,2025-01-01,2025,Human Resources,HR Manager,0,0.1610337972166998,0,0.2
299,2025-01-01,2025,Marketing,Marketing Manager,0,0.06978233034571063,0,0.2
302,2025-01-01,2025,Operations,Operations Manager,1,0.33969465648854963,1,0.2
304,2025-01-01,2025,Information Technology,Data Analyst,0,0.0681453768038482,0,0.2
309,2025-01-01,2025,Operations,Operations Executive,1,0.3035143769968051,1,0.2
310,2025-01-01,2025,Marketing,Content Specialist,0,0.33969465648854963,1,0.2
311,2025-01-01,2025,Marketing,Marketing Manager,0,0.15187376725838264,0,0.2
314,2025-01-01,2025,Human Resources,Recruiter,0,0.06978233034571063,0,0.2
321,2025-01-01,2025,Information Technology,System Administrator,0,0.07101167315175097,0,0.2
323,2025-01-01,2025,Operations,Warehouse Supervisor,0,0.1986970684039088,0,0.2
330,2025-01-01,2025,Information Technology,System Administrator,0,0.12827225130890052,0,0.2
331,2025-01-01,2025,Marketing,Marketing Executive,0,0.15187376725838264,0,0.2
332,2025-01-01,2025,Operations,Operations Manager,0,0.0681453768038482,0,0.2
335,2025-01-01,2025,Information Technology,Data Analyst,0,0.06978233034571063,0,0.2
338,2025-01-01,2025,Marketing,Marketing Manager,0,0.0935672514619883,0,0.2
339,2025-01-01,2025,Finance,Finance Manager,0,0.1610337972166998,0,0.2
341,2025-01-01,2025,Information Technology,Data Analyst,0,0.05102040816326531,0,0.2
346,2025-01-01,2025,Sales,Sales Supervisor,0,0.21052631578947367,1,0.2
347,2025-01-01,2025,Marketing,Digital Marketing Specialist,0,0.03574033552151714,0,0.2
351,2025-01-01,2025,Finance,Financial Analyst,0,0.29411764705882354,1,0.2
353,2025-01-01,2025,Sales,Sales Executive,0,0.05102040816326531,0,0.2
354,2025-01-01,2025,Sales,Sales Representative,0,0.12827225130890052,0,0.2
356,2025-01-01,2025,Information Technology,Data Analyst,0,0.11397627643115008,0,0.2
365,2025-01-01,2025,Information Technology,Software Engineer,0,0.12382739212007504,0,0.2
366,2025-01-01,2025,Operations,Operations Executive,0,0.07101167315175097,0,0.2
367,2025-01-01,2025,Marketing,Content Specialist,0,0.29411764705882354,1,0.2
368,2025-01-01,2025,Operations,Warehouse Supervisor,0,0.13513513513513514,0,0.2
371,2025-01-01,2025,Marketing,Content Specialist,0,0.11397627643115008,0,0.2
372,2025-01-01,2025,Finance,Financial Analyst,0,0.15187376725838264,0,0.2
374,2025-01-01,2025,Sales,Sales Representative,0,0.21639344262295082,1,0.2
378,2025-01-01,2025,Human Resources,HR Executive,0,0.0681453768038482,0,0.2
379,2025-01-01,2025,Finance,Internal Auditor,0,0.05102040816326531,0,0.2
380,2025-01-01,2025,Finance,Financial Analyst,0,0.07101167315175097,0,0.2
384,2025-01-01,2025,Human Resources,Recruiter,0,0.3035143769968051,1,0.2
385,2025-01-01,2025,Operations,Warehouse Supervisor,0,0.15187376725838264,0,0.2
387,2025-01-01,2025,Operations,Warehouse Supervisor,0,0.05102040816326531,0,0.2
388,2025-01-01,2025,Human Resources,HR Manager,0,0.0681453768038482,0,0.2
389,2025-01-01,2025,Marketing,Content Specialist,0,0.15187376725838264,0,0.2
391,2025-01-01,2025,Information Technology,IT Support,0,0.15979381443298968,0,0.2
394,2025-01-01,2025,Finance,Financial Analyst,0,0.1956521739130435,0,0.2
395,2025-01-01,2025,Human Resources,Recruiter,1,0.5116959064327485,1,0.2
402,2025-01-01,2025,Sales,Sales Representative,0,0.0681453768038482,0,0.2
405,2025-01-01,2025,Information Technology,Software Engineer,0,0.1956521739130435,0,0.2
406,2025-01-01,2025,Human Resources,C&B Specialist,0,0.33969465648854963,1,0.2
408,2025-01-01,2025,Operations,Operations Manager,0,0.05102040816326531,0,0.2
411,2025-01-01,2025,Human Resources,HR Manager,0,0.1610337972166998,0,0.2
413,2025-01-01,2025,Human Resources,HR Manager,0,0.1179245283018868,0,0.2
414,2025-01-01,2025,Sales,Sales Executive,0,0.2777777777777778,1,0.2
418,2025-01-01,2025,Information Technology,Software Engineer,0,0.13513513513513514,0,0.2
419,2025-01-01,2025,Finance,Internal Auditor,0,0.13793103448275862,0,0.2
423,2025-01-01,2025,Finance,Internal Auditor,0,0.12382739212007504,0,0.2
424,2025-01-01,2025,Marketing,Marketing Executive,0,0.03574033552151714,0,0.2
431,2025-01-01,2025,Finance,Financial Analyst,0,0.0681453768038482,0,0.2
433,2025-01-01,2025,Sales,Sales Supervisor,0,0.12382739212007504,0,0.2
434,2025-01-01,2025,Human Resources,Recruiter,0,0.1956521739130435,0,0.2
435,2025-01-01,2025,Finance,Internal Auditor,0,0.06978233034571063,0,0.2
436,2025-01-01,2025,Sales,Account Manager,0,0.40318302387267907,1,0.2
437,2025-01-01,2025,Finance,Accountant,0,0.33969465648854963,1,0.2
438,2025-01-01,2025,Marketing,Digital Marketing Specialist,0,0.13513513513513514,0,0.2
444,2025-01-01,2025,Human Resources,C&B Specialist,0,0.22927879440258342,1,0.2
447,2025-01-01,2025,Marketing,Marketing Manager,0,0.11397627643115008,0,0.2
448,2025-01-01,2025,Marketing,Digital Marketing Specialist,0,0.5116959064327485,1,0.2
450,2025-01-01,2025,Marketing,Content Specialist,0,0.03574033552151714,0,0.2
451,2025-01-01,2025,Marketing,Content Specialist,1,0.32432432432432434,1,0.2
454,2025-01-01,2025,Information Technology,QA Engineer,0,0.29411764705882354,1,0.2
459,2025-01-01,2025,Information Technology,IT Support,0,0.21639344262295082,1,0.2
460,2025-01-01,2025,Marketing,Digital Marketing Specialist,0,0.15187376725838264,0,0.2
464,2025-01-01,2025,Information Technology,Software Engineer,0,0.11397627643115008,0,0.2
467,2025-01-01,2025,Finance,Financial Analyst,0,0.15187376725838264,0,0.2
469,2025-01-01,2025,Sales,Sales Supervisor,0,0.40318302387267907,1,0.2
477,2025-01-01,2025,Sales,Sales Representative,0,0.06978233034571063,0,0.2
479,2025-01-01,2025,Information Technology,QA Engineer,0,0.11397627643115008,0,0.2
480,2025-01-01,2025,Information Technology,QA Engineer,0,0.12382739212007504,0,0.2
481,2025-01-01,2025,Human Resources,HR Executive,0,0.35294117647058826,1,0.2
482,2025-01-01,2025,Human Resources,Recruiter,1,0.40318302387267907,1,0.2
483,2025-01-01,2025,Information Technology,Software Engineer,0,0.29411764705882354,1,0.2
488,2025-01-01,2025,Operations,Operations Executive,0,0.19791666666666666,0,0.2
489,2025-01-01,2025,Information Technology,Software Engineer,0,0.12382739212007504,0,0.2
490,2025-01-01,2025,Finance,Internal Auditor,0,0.21639344262295082,1,0.2
491,2025-01-01,2025,Human Resources,HR Manager,0,0.06978233034571063,0,0.2
492,2025-01-01,2025,Human Resources,Recruiter,1,0.40318302387267907,1,0.2
494,2025-01-01,2025,Operations,Operations Manager,0,0.0935672514619883,0,0.2
495,2025-01-01,2025,Operations,Warehouse Supervisor,0,0.3035143769968051,1,0.2
497,2025-01-01,2025,Sales,Sales Representative,0,0.40318302387267907,1,0.2
499,2025-01-01,2025,Information Technology,Data Analyst,0,0.4198473282442748,1,0.2
501,2025-01-01,2025,Sales,Sales Representative,0,0.0935672514619883,0,0.2
505,2025-01-01,2025,Finance,Accountant,0,0.36619718309859156,1,0.2
508,2025-01-01,2025,Operations,Procurement Specialist,0,0.12382739212007504,0,0.2
515,2025-01-01,2025,Operations,Operations Executive,1,0.1610337972166998,0,0.2
518,2025-01-01,2025,Information Technology,Data Analyst,0,0.07101167315175097,0,0.2
527,2025-01-01,2025,Human Resources,HR Manager,0,0.2163265306122449,1,0.2
529,2025-01-01,2025,Human Resources,HR Manager,1,0.1956521739130435,0,0.2
530,2025-01-01,2025,Operations,Operations Executive,0,0.12827225130890052,0,0.2
532,2025-01-01,2025,Human Resources,C&B Specialist,0,0.1610337972166998,0,0.2
533,2025-01-01,2025,Marketing,Digital Marketing Specialist,0,0.1610337972166998,0,0.2
542,2025-01-01,2025,Human Resources,Recruiter,0,0.0681453768038482,0,0.2
543,2025-01-01,2025,Marketing,Digital Marketing Specialist,0,0.7,1,0.2
547,2025-01-01,2025,Operations,Procurement Specialist,0,0.06978233034571063,0,0.2
549,2025-01-01,2025,Human Resources,HR Manager,0,0.1956521739130435,0,0.2
550,2025-01-01,2025,Human Resources,HR Manager,0,0.0681453768038482,0,0.2
552,2025-01-01,2025,Sales,Sales Supervisor,0,0.3035143769968051,1,0.2
553,2025-01-01,2025,Marketing,Content Specialist,1,0.42701525054466233,1,0.2
555,2025-01-01,2025,Marketing,Marketing Executive,0,0.22927879440258342,1,0.2
561,2025-01-01,2025,Operations,Procurement Specialist,0,0.06978233034571063,0,0.2
562,2025-01-01,2025,Marketing,Marketing Executive,1,0.35294117647058826,1,0.2
563,2025-01-01,2025,Marketing,Digital Marketing Specialist,0,0.16176470588235295,0,0.2
564,2025-01-01,2025,Operations,Operations Executive,0,0.12382739212007504,0,0.2
565,2025-01-01,2025,Operations,Warehouse Supervisor,0,0.1956521739130435,0,0.2
567,2025-01-01,2025,Human Resources,C&B Specialist,0,0.12382739212007504,0,0.2
568,2025-01-01,2025,Operations,Procurement Specialist,0,0.0681453768038482,0,0.2
575,2025-01-01,2025,Human Resources,Recruiter,0,0.29411764705882354,1,0.2
583,2025-01-01,2025,Human Resources,Recruiter,0,0.1956521739130435,0,0.2
584,2025-01-01,2025,Finance,Accountant,0,0.07101167315175097,0,0.2
585,2025-01-01,2025,Finance,Internal Auditor,0,0.07101167315175097,0,0.2
586,2025-01-01,2025,Human Resources,HR Manager,1,0.2242152466367713,1,0.2
589,2025-01-01,2025,Human Resources,Recruiter,0,0.3035143769968051,1,0.2
590,2025-01-01,2025,Information Technology,Data Analyst,0,0.06978233034571063,0,0.2
591,2025-01-01,2025,Finance,Finance Manager,0,0.0681453768038482,0,0.2
593,2025-01-01,2025,Marketing,Content Specialist,0,0.29411764705882354,1,0.2
595,2025-01-01,2025,Human Resources,HR Manager,0,0.2163265306122449,1,0.2
598,2025-01-01,2025,Information Technology,Data Analyst,0,0.0681453768038482,0,0.2
599,2025-01-01,2025,Operations,Operations Manager,0,0.05102040816326531,0,0.2
600,2025-01-01,2025,Finance,Internal Auditor,0,0.1956521739130435,0,0.2
602,2025-01-01,2025,Human Resources,HR Manager,0,0.21639344262295082,1,0.2
607,2025-01-01,2025,Sales,Sales Executive,0,0.1956521739130435,0,0.2
608,2025-01-01,2025,Human Resources,HR Executive,0,0.06978233034571063,0,0.2
610,2025-01-01,2025,Sales,Account Manager,0,0.0681453768038482,0,0.2
611,2025-01-01,2025,Information Technology,QA Engineer,0,0.05102040816326531,0,0.2
612,2025-01-01,2025,Operations,Operations Executive,0,0.07101167315175097,0,0.2
613,2025-01-01,2025,Sales,Account Manager,0,0.0681453768038482,0,0.2
614,2025-01-01,2025,Operations,Operations Executive,0,0.16176470588235295,0,0.2
615,2025-01-01,2025,Information Technology,IT Support,1,0.29411764705882354,1,0.2
616,2025-01-01,2025,Marketing,Content Specialist,0,0.42701525054466233,1,0.2
618,2025-01-01,2025,Human Resources,HR Manager,0,0.06978233034571063,0,0.2
619,2025-01-01,2025,Marketing,Content Specialist,0,0.22927879440258342,1,0.2
622,2025-01-01,2025,Information Technology,IT Support,0,0.0935672514619883,0,0.2
624,2025-01-01,2025,Operations,Warehouse Supervisor,0,0.05102040816326531,0,0.2
626,2025-01-01,2025,Finance,Accountant,0,0.1610337972166998,0,0.2
631,2025-01-01,2025,Finance,Finance Manager,0,0.13513513513513514,0,0.2
632,2025-01-01,2025,Information Technology,Data Analyst,0,0.0681453768038482,0,0.2
633,2025-01-01,2025,Finance,Accountant,0,0.1956521739130435,0,0.2
636,2025-01-01,2025,Sales,Account Manager,0,0.13513513513513514,0,0.2
637,2025-01-01,2025,Information Technology,IT Support,0,0.07101167315175097,0,0.2
638,2025-01-01,2025,Finance,Accountant,0,0.05102040816326531,0,0.2
639,2025-01-01,2025,Human Resources,Recruiter,0,0.2608695652173913,1,0.2
641,2025-01-01,2025,Operations,Operations Manager,0,0.0681453768038482,0,0.2
642,2025-01-01,2025,Information Technology,Software Engineer,0,0.0935672514619883,0,0.2
644,2025-01-01,2025,Finance,Accountant,0,0.16176470588235295,0,0.2
646,2025-01-01,2025,Finance,Financial Analyst,0,0.2163265306122449,1,0.2
647,2025-01-01,2025,Marketing,Marketing Manager,0,0.03574033552151714,0,0.2
648,2025-01-01,2025,Operations,Warehouse Supervisor,1,0.21052631578947367,1,0.2
649,2025-01-01,2025,Sales,Sales Representative,1,0.1610337972166998,0,0.2
650,2025-01-01,2025,Finance,Financial Analyst,0,0.22927879440258342,1,0.2
651,2025-01-01,2025,Operations,Procurement Specialist,1,0.0681453768038482,0,0.2
652,2025-01-01,2025,Sales,Sales Supervisor,0,0.5116959064327485,1,0.2
653,2025-01-01,2025,Sales,Sales Representative,0,0.06978233034571063,0,0.2
659,2025-01-01,2025,Sales,Sales Executive,0,0.42701525054466233,1,0.2
661,2025-01-01,2025,Human Resources,HR Manager,0,0.1179245283018868,0,0.2
663,2025-01-01,2025,Human Resources,C&B Specialist,0,0.06978233034571063,0,0.2
664,2025-01-01,2025,Information Technology,Data Analyst,1,0.3035143769968051,1,0.2
666,2025-01-01,2025,Information Technology,Data Analyst,0,0.05102040816326531,0,0.2
670,2025-01-01,2025,Marketing,Digital Marketing Specialist,0,0.1179245283018868,0,0.2
671,2025-01-01,2025,Human Resources,HR Manager,0,0.0681453768038482,0,0.2
673,2025-01-01,2025,Operations,Warehouse Supervisor,0,0.11397627643115008,0,0.2
675,2025-01-01,2025,Operations,Warehouse Supervisor,0,0.06978233034571063,0,0.2
676,2025-01-01,2025,Finance,Finance Manager,0,0.15187376725838264,0,0.2
680,2025-01-01,2025,Human Resources,C&B Specialist,0,0.21639344262295082,1,0.2
683,2025-01-01,2025,Human Resources,HR Executive,0,0.11397627643115008,0,0.2
684,2025-01-01,2025,Sales,Sales Supervisor,0,0.0935672514619883,0,0.2
685,2025-01-01,2025,Operations,Procurement Specialist,0,0.05102040816326531,0,0.2
691,2025-01-01,2025,Marketing,Marketing Executive,0,0.16176470588235295,0,0.2
692,2025-01-01,2025,Human Resources,C&B Specialist,0,0.21639344262295082,1,0.2
693,2025-01-01,2025,Sales,Sales Supervisor,0,0.7,1,0.2
694,2025-01-01,2025,Marketing,Marketing Manager,0,0.21639344262295082,1,0.2
696,2025-01-01,2025,Finance,Finance Manager,0,0.11397627643115008,0,0.2
701,2025-01-01,2025,Finance,Financial Analyst,0,0.11397627643115008,0,0.2
703,2025-01-01,2025,Finance,Financial Analyst,0,0.05102040816326531,0,0.2
705,2025-01-01,2025,Human Resources,C&B Specialist,0,0.0681453768038482,0,0.2
709,2025-01-01,2025,Marketing,Digital Marketing Specialist,0,0.29411764705882354,1,0.2
710,2025-01-01,2025,Information Technology,Data Analyst,0,0.05102040816326531,0,0.2
715,2025-01-01,2025,Information Technology,IT Support,0,0.1179245283018868,0,0.2
720,2025-01-01,2025,Sales,Sales Representative,1,0.21639344262295082,1,0.2
721,2025-01-01,2025,Marketing,Digital Marketing Specialist,0,0.22927879440258342,1,0.2
731,2025-01-01,2025,Sales,Sales Representative,0,0.1956521739130435,0,0.2
734,2025-01-01,2025,Finance,Internal Auditor,0,0.11397627643115008,0,0.2
735,2025-01-01,2025,Information Technology,Data Analyst,0,0.05102040816326531,0,0.2
736,2025-01-01,2025,Operations,Operations Manager,0,0.6548672566371682,1,0.2
738,2025-01-01,2025,Operations,Operations Manager,0,0.0681453768038482,0,0.2
744,2025-01-01,2025,Information Technology,Software Engineer,0,0.40318302387267907,1,0.2
745,2025-01-01,2025,Operations,Procurement Specialist,0,0.0681453768038482,0,0.2
748,2025-01-01,2025,Information Technology,Data Analyst,0,0.07101167315175097,0,0.2
750,2025-01-01,2025,Finance,Financial Analyst,0,0.0935672514619883,0,0.2
752,2025-01-01,2025,Sales,Sales Executive,0,0.05102040816326531,0,0.2
753,2025-01-01,2025,Marketing,Marketing Executive,0,0.32432432432432434,1,0.2
758,2025-01-01,2025,Operations,Procurement Specialist,0,0.06978233034571063,0,0.2
759,2025-01-01,2025,Sales,Sales Executive,0,0.1179245283018868,0,0.2
764,2025-01-01,2025,Human Resources,HR Executive,0,0.0681453768038482,0,0.2
766,2025-01-01,2025,Finance,Internal Auditor,0,0.11397627643115008,0,0.2
768,2025-01-01,2025,Sales,Sales Supervisor,0,0.06978233034571063,0,0.2
770,2025-01-01,2025,Information Technology,System Administrator,0,0.06978233034571063,0,0.2
771,2025-01-01,2025,Finance,Internal Auditor,0,0.0935672514619883,0,0.2
773,2025-01-01,2025,Operations,Warehouse Supervisor,0,0.3035143769968051,1,0.2
775,2025-01-01,2025,Finance,Accountant,0,0.06978233034571063,0,0.2
776,2025-01-01,2025,Marketing,Marketing Executive,0,0.03574033552151714,0,0.2
777,2025-01-01,2025,Operations,Warehouse Supervisor,0,0.05102040816326531,0,0.2
779,2025-01-01,2025,Finance,Finance Manager,1,0.3035143769968051,1,0.2
784,2025-01-01,2025,Sales,Sales Executive,0,0.3333333333333333,1,0.2
786,2025-01-01,2025,Operations,Warehouse Supervisor,0,0.0935672514619883,0,0.2
787,2025-01-01,2025,Finance,Financial Analyst,0,0.05102040816326531,0,0.2
789,2025-01-01,2025,Sales,Sales Representative,0,0.12382739212007504,0,0.2
790,2025-01-01,2025,Marketing,Content Specialist,0,0.0,0,0.2
791,2025-01-01,2025,Sales,Sales Supervisor,0,0.12382739212007504,0,0.2
792,2025-01-01,2025,Information Technology,Data Analyst,0,0.12827225130890052,0,0.2
796,2025-01-01,2025,Information Technology,Software Engineer,0,0.1956521739130435,0,0.2
798,2025-01-01,2025,Finance,Finance Manager,0,0.05102040816326531,0,0.2
799,2025-01-01,2025,Operations,Warehouse Supervisor,0,0.2242152466367713,1,0.2
800,2025-01-01,2025,Marketing,Marketing Manager,0,0.11397627643115008,0,0.2
802,2025-01-01,2025,Marketing,Marketing Executive,0,0.21639344262295082,1,0.2
803,2025-01-01,2025,Finance,Financial Analyst,0,0.1956521739130435,0,0.2
804,2025-01-01,2025,Information Technology,QA Engineer,0,0.05102040816326531,0,0.2
805,2025-01-01,2025,Information Technology,Software Engineer,0,0.07101167315175097,0,0.2
811,2025-01-01,2025,Operations,Procurement Specialist,0,0.1610337972166998,0,0.2
813,2025-01-01,2025,Sales,Account Manager,0,0.05102040816326531,0,0.2
815,2025-01-01,2025,Sales,Sales Supervisor,0,0.13513513513513514,0,0.2
816,2025-01-01,2025,Marketing,Digital Marketing Specialist,0,0.11397627643115008,0,0.2
818,2025-01-01,2025,Finance,Financial Analyst,0,0.0681453768038482,0,0.2
819,2025-01-01,2025,Sales,Sales Executive,0,0.05102040816326531,0,0.2
820,2025-01-01,2025,Information Technology,QA Engineer,0,0.11397627643115008,0,0.2
821,2025-01-01,2025,Human Resources,HR Executive,0,0.07101167315175097,0,0.2
824,2025-01-01,2025,Marketing,Digital Marketing Specialist,0,0.06978233034571063,0,0.2
825,2025-01-01,2025,Human Resources,HR Manager,0,0.11397627643115008,0,0.2
826,2025-01-01,2025,Operations,Operations Executive,1,0.0935672514619883,0,0.2
832,2025-01-01,2025,Human Resources,C&B Specialist,0,0.0935672514619883,0,0.2
835,2025-01-01,2025,Human Resources,Recruiter,0,0.0935672514619883,0,0.2
836,2025-01-01,2025,Human Resources,Recruiter,0,0.0681453768038482,0,0.2
837,2025-01-01,2025,Finance,Finance Manager,0,0.40318302387267907,1,0.2
842,2025-01-01,2025,Human Resources,C&B Specialist,1,0.29411764705882354,1,0.2
845,2025-01-01,2025,Sales,Account Manager,0,0.19791666666666666,0,0.2
846,2025-01-01,2025,Sales,Account Manager,0,0.05102040816326531,0,0.2
849,2025-01-01,2025,Sales,Sales Supervisor,0,0.12382739212007504,0,0.2
852,2025-01-01,2025,Finance,Finance Manager,0,0.0681453768038482,0,0.2
854,2025-01-01,2025,Human Resources,HR Executive,0,0.22927879440258342,1,0.2
856,2025-01-01,2025,Finance,Internal Auditor,0,0.05102040816326531,0,0.2
857,2025-01-01,2025,Operations,Operations Manager,0,0.21639344262295082,1,0.2
858,2025-01-01,2025,Finance,Accountant,1,0.32432432432432434,1,0.2
860,2025-01-01,2025,Sales,Sales Supervisor,0,0.0935672514619883,0,0.2
862,2025-01-01,2025,Marketing,Digital Marketing Specialist,0,0.03574033552151714,0,0.2
863,2025-01-01,2025,Marketing,Marketing Executive,0,0.03574033552151714,0,0.2
866,2025-01-01,2025,Marketing,Content Specialist,0,0.03574033552151714,0,0.2
869,2025-01-01,2025,Sales,Sales Supervisor,0,0.5116959064327485,1,0.2
870,2025-01-01,2025,Finance,Accountant,0,0.0681453768038482,0,0.2
874,2025-01-01,2025,Marketing,Digital Marketing Specialist,0,0.3035143769968051,1,0.2
881,2025-01-01,2025,Human Resources,C&B Specialist,0,0.11397627643115008,0,0.2
882,2025-01-01,2025,Human Resources,Recruiter,0,0.13513513513513514,0,0.2
883,2025-01-01,2025,Marketing,Digital Marketing Specialist,0,0.03574033552151714,0,0.2
888,2025-01-01,2025,Operations,Operations Manager,0,0.12382739212007504,0,0.2
889,2025-01-01,2025,Finance,Internal Auditor,0,0.25663716814159293,1,0.2
890,2025-01-01,2025,Operations,Operations Executive,0,0.05102040816326531,0,0.2
891,2025-01-01,2025,Marketing,Digital Marketing Specialist,0,0.03574033552151714,0,0.2
892,2025-01-01,2025,Marketing,Marketing Executive,0,0.1179245283018868,0,0.2
895,2025-01-01,2025,Finance,Finance Manager,0,0.0681453768038482,0,0.2
896,2025-01-01,2025,Human Resources,Recruiter,0,0.1956521739130435,0,0.2
898,2025-01-01,2025,Sales,Sales Executive,0,0.13513513513513514,0,0.2
899,2025-01-01,2025,Information Technology,System Administrator,0,0.05102040816326531,0,0.2
900,2025-01-01,2025,Information Technology,IT Support,0,0.2163265306122449,1,0.2
904,2025-01-01,2025,Human Resources,HR Manager,0,0.33969465648854963,1,0.2
905,2025-01-01,2025,Finance,Accountant,0,0.2288135593220339,1,0.2
913,2025-01-01,2025,Sales,Account Manager,0,0.15187376725838264,0,0.2
914,2025-01-01,2025,Marketing,Content Specialist,0,0.03574033552151714,0,0.2
919,2025-01-01,2025,Human Resources,C&B Specialist,0,0.35294117647058826,1,0.2
924,2025-01-01,2025,Human Resources,HR Manager,0,0.3035143769968051,1,0.2
928,2025-01-01,2025,Finance,Financial Analyst,0,0.0935672514619883,0,0.2
933,2025-01-01,2025,Finance,Finance Manager,0,0.1956521739130435,0,0.2
934,2025-01-01,2025,Finance,Accountant,0,0.05102040816326531,0,0.2
936,2025-01-01,2025,Human Resources,HR Manager,1,0.12827225130890052,0,0.2
941,2025-01-01,2025,Operations,Procurement Specialist,0,0.0681453768038482,0,0.2
942,2025-01-01,2025,Finance,Internal Auditor,1,0.1956521739130435,0,0.2
947,2025-01-01,2025,Operations,Operations Executive,0,0.29411764705882354,1,0.2
949,2025-01-01,2025,Finance,Financial Analyst,0,0.13513513513513514,0,0.2
951,2025-01-01,2025,Information Technology,IT Support,1,0.05102040816326531,0,0.2
953,2025-01-01,2025,Human Resources,C&B Specialist,1,0.0681453768038482,0,0.2
954,2025-01-01,2025,Information Technology,Data Analyst,0,0.2242152466367713,1,0.2
957,2025-01-01,2025,Human Resources,Recruiter,0,0.05102040816326531,0,0.2
958,2025-01-01,2025,Finance,Financial Analyst,0,0.0681453768038482,0,0.2
964,2025-01-01,2025,Finance,Finance Manager,0,0.0681453768038482,0,0.2
967,2025-01-01,2025,Information Technology,QA Engineer,0,0.06978233034571063,0,0.2
968,2025-01-01,2025,Marketing,Marketing Executive,0,0.12382739212007504,0,0.2
970,2025-01-01,2025,Information Technology,System Administrator,0,0.1610337972166998,0,0.2
974,2025-01-01,2025,Sales,Sales Supervisor,1,0.13513513513513514,0,0.2
976,2025-01-01,2025,Sales,Sales Executive,0,0.2163265306122449,1,0.2
977,2025-01-01,2025,Human Resources,HR Manager,0,0.15187376725838264,0,0.2
978,2025-01-01,2025,Information Technology,Software Engineer,0,0.33969465648854963,1,0.2
985,2025-01-01,2025,Finance,Finance Manager,0,0.0681453768038482,0,0.2
987,2025-01-01,2025,Information Technology,QA Engineer,1,0.22927879440258342,1,0.2
990,2025-01-01,2025,Operations,Warehouse Supervisor,0,0.1986970684039088,0,0.2
993,2025-01-01,2025,Marketing,Content Specialist,0,0.2163265306122449,1,0.2
995,2025-01-01,2025,Operations,Operations Manager,0,0.0681453768038482,0,0.2
998,2025-01-01,2025,Operations,Procurement Specialist,0,0.0681453768038482,0,0.2
1001,2025-01-01,2025,Marketing,Content Specialist,0,0.12382739212007504,0,0.2
1002,2025-01-01,2025,Operations,Operations Executive,0,0.15979381443298968,0,0.2
1003,2025-01-01,2025,Marketing,Digital Marketing Specialist,0,0.33969465648854963,1,0.2
1007,2025-01-01,2025,Operations,Operations Manager,0,0.11397627643115008,0,0.2
1010,2025-01-01,2025,Operations,Procurement Specialist,0,0.2242152466367713,1,0.2
1012,2025-01-01,2025,Marketing,Content Specialist,0,0.0935672514619883,0,0.2
1016,2025-01-01,2025,Finance,Finance Manager,0,0.07101167315175097,0,0.2
1017,2025-01-01,2025,Human Resources,C&B Specialist,0,0.1610337972166998,0,0.2
1020,2025-01-01,2025,Information Technology,Data Analyst,0,0.42701525054466233,1,0.2
1021,2025-01-01,2025,Finance,Financial Analyst,0,0.11397627643115008,0,0.2
1022,2025-01-01,2025,Marketing,Marketing Executive,0,0.1610337972166998,0,0.2
1025,2025-01-01,2025,Finance,Internal Auditor,0,0.11397627643115008,0,0.2
1029,2025-01-01,2025,Human Resources,HR Executive,0,0.1610337972166998,0,0.2
1032,2025-01-01,2025,Finance,Financial Analyst,0,0.05102040816326531,0,0.2
1036,2025-01-01,2025,Information Technology,QA Engineer,0,0.05102040816326531,0,0.2
1040,2025-01-01,2025,Operations,Procurement Specialist,0,0.11397627643115008,0,0.2
1041,2025-01-01,2025,Operations,Warehouse Supervisor,0,0.0935672514619883,0,0.2
1042,2025-01-01,2025,Information Technology,System Administrator,0,0.11397627643115008,0,0.2
1043,2025-01-01,2025,Finance,Accountant,1,0.6153846153846154,1,0.2
1044,2025-01-01,2025,Sales,Account Manager,0,0.0681453768038482,0,0.2
1045,2025-01-01,2025,Information Technology,QA Engineer,0,0.1986970684039088,0,0.2
1051,2025-01-01,2025,Operations,Operations Manager,0,0.0681453768038482,0,0.2
1053,2025-01-01,2025,Information Technology,IT Support,0,0.0681453768038482,0,0.2
1055,2025-01-01,2025,Finance,Finance Manager,0,0.13513513513513514,0,0.2
1059,2025-01-01,2025,Finance,Finance Manager,0,0.07101167315175097,0,0.2
1064,2025-01-01,2025,Sales,Sales Representative,0,0.05102040816326531,0,0.2
1074,2025-01-01,2025,Sales,Sales Supervisor,0,0.1610337972166998,0,0.2
1075,2025-01-01,2025,Human Resources,C&B Specialist,1,0.05102040816326531,0,0.2
1076,2025-01-01,2025,Finance,Accountant,0,0.42701525054466233,1,0.2
1078,2025-01-01,2025,Information Technology,Data Analyst,0,0.12382739212007504,0,0.2
1082,2025-01-01,2025,Information Technology,Data Analyst,0,0.21052631578947367,1,0.2
1083,2025-01-01,2025,Finance,Accountant,1,0.36619718309859156,1,0.2
1085,2025-01-01,2025,Human Resources,Recruiter,0,0.13513513513513514,0,0.2
1086,2025-01-01,2025,Human Resources,HR Executive,0,0.06978233034571063,0,0.2
1088,2025-01-01,2025,Information Technology,Data Analyst,0,0.0681453768038482,0,0.2
1091,2025-01-01,2025,Human Resources,HR Executive,0,0.0681453768038482,0,0.2
1093,2025-01-01,2025,Sales,Account Manager,0,0.06978233034571063,0,0.2
1096,2025-01-01,2025,Human Resources,C&B Specialist,0,0.05102040816326531,0,0.2
1100,2025-01-01,2025,Finance,Finance Manager,0,0.05102040816326531,0,0.2
1109,2025-01-01,2025,Information Technology,Software Engineer,0,0.32432432432432434,1,0.2
1118,2025-01-01,2025,Marketing,Digital Marketing Specialist,0,0.12382739212007504,0,0.2
1119,2025-01-01,2025,Information Technology,QA Engineer,0,0.1956521739130435,0,0.2
1121,2025-01-01,2025,Marketing,Marketing Executive,0,0.2163265306122449,1,0.2
1125,2025-01-01,2025,Human Resources,HR Executive,0,0.15187376725838264,0,0.2
1129,2025-01-01,2025,Finance,Accountant,0,0.11397627643115008,0,0.2
1132,2025-01-01,2025,Operations,Operations Executive,0,0.11397627643115008,0,0.2
1139,2025-01-01,2025,Finance,Financial Analyst,0,0.0681453768038482,0,0.2
1140,2025-01-01,2025,Operations,Warehouse Supervisor,0,0.12382739212007504,0,0.2
1141,2025-01-01,2025,Operations,Operations Executive,0,0.2288135593220339,1,0.2
1142,2025-01-01,2025,Operations,Procurement Specialist,0,0.13513513513513514,0,0.2
1144,2025-01-01,2025,Marketing,Marketing Executive,0,0.1956521739130435,0,0.2
1146,2025-01-01,2025,Operations,Warehouse Supervisor,0,0.06978233034571063,0,0.2
1147,2025-01-01,2025,Human Resources,HR Executive,0,0.33969465648854963,1,0.2
1154,2025-01-01,2025,Information Technology,Data Analyst,0,0.21639344262295082,1,0.2
1155,2025-01-01,2025,Marketing,Content Specialist,1,0.6548672566371682,1,0.2
1157,2025-01-01,2025,Marketing,Digital Marketing Specialist,0,0.03574033552151714,0,0.2
1160,2025-01-01,2025,Sales,Sales Supervisor,0,0.21639344262295082,1,0.2
1162,2025-01-01,2025,Sales,Sales Supervisor,0,0.0681453768038482,0,0.2
1163,2025-01-01,2025,Sales,Sales Supervisor,0,0.0935672514619883,0,0.2
1164,2025-01-01,2025,Operations,Procurement Specialist,0,0.0935672514619883,0,0.2
1165,2025-01-01,2025,Finance,Financial Analyst,0,0.13513513513513514,0,0.2
1172,2025-01-01,2025,Marketing,Marketing Executive,0,0.16129032258064516,0,0.2
1174,2025-01-01,2025,Human Resources,C&B Specialist,1,0.06978233034571063,0,0.2
1176,2025-01-01,2025,Human Resources,C&B Specialist,0,0.22927879440258342,1,0.2
1178,2025-01-01,2025,Human Resources,HR Executive,1,0.3035143769968051,1,0.2
1180,2025-01-01,2025,Sales,Sales Supervisor,1,0.29411764705882354,1,0.2
1182,2025-01-01,2025,Sales,Sales Supervisor,0,0.05102040816326531,0,0.2
1184,2025-01-01,2025,Human Resources,Recruiter,0,0.13513513513513514,0,0.2
1190,2025-01-01,2025,Human Resources,Recruiter,0,0.11397627643115008,0,0.2
1193,2025-01-01,2025,Human Resources,C&B Specialist,0,0.06978233034571063,0,0.2
1195,2025-01-01,2025,Human Resources,C&B Specialist,0,0.12382739212007504,0,0.2
1201,2025-01-01,2025,Marketing,Marketing Manager,0,0.21052631578947367,1,0.2
1202,2025-01-01,2025,Sales,Sales Executive,0,0.15187376725838264,0,0.2
1203,2025-01-01,2025,Operations,Operations Executive,1,0.35294117647058826,1,0.2
1204,2025-01-01,2025,Finance,Accountant,0,0.0681453768038482,0,0.2
1205,2025-01-01,2025,Finance,Internal Auditor,0,0.12382739212007504,0,0.2
1207,2025-01-01,2025,Operations,Operations Manager,1,0.1956521739130435,0,0.2
1208,2025-01-01,2025,Marketing,Marketing Manager,1,0.3035143769968051,1,0.2
1209,2025-01-01,2025,Marketing,Digital Marketing Specialist,0,0.1956521739130435,0,0.2
1213,2025-01-01,2025,Information Technology,System Administrator,0,0.0935672514619883,0,0.2
1215,2025-01-01,2025,Information Technology,IT Support,0,0.8823529411764706,1,0.2
1216,2025-01-01,2025,Human Resources,Recruiter,0,0.1956521739130435,0,0.2
1222,2025-01-01,2025,Marketing,Digital Marketing Specialist,0,0.06978233034571063,0,0.2
1227,2025-01-01,2025,Information Technology,System Administrator,0,0.07101167315175097,0,0.2
1229,2025-01-01,2025,Sales,Sales Representative,0,0.36619718309859156,1,0.2
1235,2025-01-01,2025,Human Resources,Recruiter,0,0.06978233034571063,0,0.2
1238,2025-01-01,2025,Operations,Warehouse Supervisor,0,0.1610337972166998,0,0.2
1239,2025-01-01,2025,Sales,Account Manager,1,0.12382739212007504,0,0.2
1242,2025-01-01,2025,Finance,Accountant,0,0.11397627643115008,0,0.2
1243,2025-01-01,2025,Human Resources,HR Executive,0,0.13513513513513514,0,0.2
1245,2025-01-01,2025,Information Technology,Software Engineer,0,0.13513513513513514,0,0.2
1248,2025-01-01,2025,Marketing,Marketing Executive,0,0.15979381443298968,0,0.2
1250,2025-01-01,2025,Operations,Operations Executive,1,0.07101167315175097,0,0.2
1251,2025-01-01,2025,Information Technology,System Administrator,0,0.12382739212007504,0,0.2
1253,2025-01-01,2025,Finance,Accountant,0,0.05102040816326531,0,0.2
1255,2025-01-01,2025,Finance,Finance Manager,0,0.13513513513513514,0,0.2
1256,2025-01-01,2025,Marketing,Marketing Executive,0,0.07101167315175097,0,0.2
1261,2025-01-01,2025,Marketing,Marketing Manager,0,0.15979381443298968,0,0.2
1264,2025-01-01,2025,Finance,Financial Analyst,0,0.0681453768038482,0,0.2
1267,2025-01-01,2025,Operations,Procurement Specialist,0,0.05102040816326531,0,0.2
1268,2025-01-01,2025,Operations,Operations Executive,0,0.0681453768038482,0,0.2
1269,2025-01-01,2025,Human Resources,HR Executive,0,0.0681453768038482,0,0.2
1271,2025-01-01,2025,Finance,Internal Auditor,0,0.0681453768038482,0,0.2
1272,2025-01-01,2025,Sales,Account Manager,0,0.05102040816326531,0,0.2
1276,2025-01-01,2025,Marketing,Content Specialist,0,0.1956521739130435,0,0.2
1281,2025-01-01,2025,Human Resources,HR Executive,0,0.22927879440258342,1,0.2
1283,2025-01-01,2025,Human Resources,Recruiter,1,0.15187376725838264,0,0.2
1284,2025-01-01,2025,Marketing,Content Specialist,0,0.13513513513513514,0,0.2
1291,2025-01-01,2025,Operations,Operations Executive,1,0.1610337972166998,0,0.2
1294,2025-01-01,2025,Information Technology,Software Engineer,0,0.0681453768038482,0,0.2
1295,2025-01-01,2025,Operations,Operations Executive,0,0.0681453768038482,0,0.2
1299,2025-01-01,2025,Information Technology,QA Engineer,1,0.40318302387267907,1,0.2
1300,2025-01-01,2025,Human Resources,Recruiter,0,0.0681453768038482,0,0.2
1301,2025-01-01,2025,Human Resources,HR Manager,0,0.05102040816326531,0,0.2
1305,2025-01-01,2025,Marketing,Content Specialist,0,0.3035143769968051,1,0.2
1306,2025-01-01,2025,Finance,Financial Analyst,1,0.16176470588235295,0,0.2
1307,2025-01-01,2025,Sales,Sales Supervisor,0,0.0681453768038482,0,0.2
1308,2025-01-01,2025,Human Resources,HR Executive,0,0.13513513513513514,0,0.2
1310,2025-01-01,2025,Marketing,Content Specialist,0,0.11397627643115008,0,0.2
1314,2025-01-01,2025,Sales,Sales Executive,0,0.1956521739130435,0,0.2
1316,2025-01-01,2025,Finance,Finance Manager,0,0.6923076923076923,1,0.2
1317,2025-01-01,2025,Human Resources,HR Executive,1,0.0681453768038482,0,0.2
1319,2025-01-01,2025,Human Resources,C&B Specialist,0,0.05102040816326531,0,0.2
1320,2025-01-01,2025,Finance,Accountant,0,0.2242152466367713,1,0.2
1325,2025-01-01,2025,Information Technology,IT Support,0,0.12382739212007504,0,0.2
1327,2025-01-01,2025,Information Technology,Software Engineer,0,0.05102040816326531,0,0.2
1329,2025-01-01,2025,Operations,Warehouse Supervisor,0,0.11397627643115008,0,0.2
1332,2025-01-01,2025,Information Technology,IT Support,0,0.0681453768038482,0,0.2
1337,2025-01-01,2025,Information Technology,IT Support,0,0.0681453768038482,0,0.2
1341,2025-01-01,2025,Information Technology,Data Analyst,0,0.07101167315175097,0,0.2
1343,2025-01-01,2025,Sales,Sales Representative,1,0.36619718309859156,1,0.2
1347,2025-01-01,2025,Operations,Procurement Specialist,0,0.0935672514619883,0,0.2
1348,2025-01-01,2025,Finance,Finance Manager,1,0.07101167315175097,0,0.2
1349,2025-01-01,2025,Information Technology,Software Engineer,0,0.1956521739130435,0,0.2
1352,2025-01-01,2025,Marketing,Marketing Manager,0,0.11397627643115008,0,0.2
1356,2025-01-01,2025,Information Technology,System Administrator,0,0.15187376725838264,0,0.2
1360,2025-01-01,2025,Marketing,Marketing Executive,0,0.12827225130890052,0,0.2
1361,2025-01-01,2025,Finance,Finance Manager,0,0.36363636363636365,1,0.2
1362,2025-01-01,2025,Finance,Financial Analyst,0,0.2288135593220339,1,0.2
1365,2025-01-01,2025,Finance,Financial Analyst,0,0.42701525054466233,1,0.2
1366,2025-01-01,2025,Operations,Warehouse Supervisor,0,0.16176470588235295,0,0.2
1372,2025-01-01,2025,Marketing,Content Specialist,0,0.12382739212007504,0,0.2
1375,2025-01-01,2025,Finance,Finance Manager,0,0.05102040816326531,0,0.2
1376,2025-01-01,2025,Sales,Sales Representative,0,0.05102040816326531,0,0.2
1380,2025-01-01,2025,Marketing,Digital Marketing Specialist,0,0.0935672514619883,0,0.2
1383,2025-01-01,2025,Sales,Sales Supervisor,0,0.25663716814159293,1,0.2
1386,2025-01-01,2025,Marketing,Digital Marketing Specialist,1,0.42701525054466233,1,0.2
1388,2025-01-01,2025,Marketing,Digital Marketing Specialist,0,0.1610337972166998,0,0.2
1392,2025-01-01,2025,Finance,Financial Analyst,0,0.15187376725838264,0,0.2
1393,2025-01-01,2025,Sales,Sales Supervisor,0,0.16176470588235295,0,0.2
1394,2025-01-01,2025,Marketing,Content Specialist,0,0.1179245283018868,0,0.2
1395,2025-01-01,2025,Human Resources,HR Manager,0,0.06978233034571063,0,0.2
1397,2025-01-01,2025,Finance,Accountant,0,0.06978233034571063,0,0.2
1398,2025-01-01,2025,Operations,Warehouse Supervisor,0,0.11397627643115008,0,0.2
1399,2025-01-01,2025,Finance,Finance Manager,0,0.0681453768038482,0,0.2
1402,2025-01-01,2025,Marketing,Digital Marketing Specialist,0,0.03574033552151714,0,0.2
1404,2025-01-01,2025,Finance,Finance Manager,0,0.13513513513513514,0,0.2
1406,2025-01-01,2025,Sales,Sales Supervisor,0,0.2163265306122449,1,0.2
1407,2025-01-01,2025,Operations,Operations Manager,0,0.06978233034571063,0,0.2
1410,2025-01-01,2025,Information Technology,IT Support,0,0.15187376725838264,0,0.2
1412,2025-01-01,2025,Sales,Account Manager,0,0.06978233034571063,0,0.2
1413,2025-01-01,2025,Human Resources,HR Manager,0,0.36619718309859156,1,0.2
1415,2025-01-01,2025,Sales,Sales Executive,0,0.1986970684039088,0,0.2
1418,2025-01-01,2025,Marketing,Marketing Executive,0,0.32432432432432434,1,0.2
1421,2025-01-01,2025,Marketing,Content Specialist,1,0.13513513513513514,0,0.2
1425,2025-01-01,2025,Human Resources,HR Executive,0,0.13513513513513514,0,0.2
1428,2025-01-01,2025,Sales,Sales Supervisor,1,0.06978233034571063,0,0.2
1429,2025-01-01,2025,Information Technology,IT Support,0,0.1956521739130435,0,0.2
1430,2025-01-01,2025,Operations,Warehouse Supervisor,0,0.12382739212007504,0,0.2
1431,2025-01-01,2025,Finance,Internal Auditor,0,0.29411764705882354,1,0.2
1432,2025-01-01,2025,Sales,Sales Supervisor,0,0.03816793893129771,0,0.2
1433,2025-01-01,2025,Finance,Internal Auditor,0,0.22927879440258342,1,0.2
1434,2025-01-01,2025,Marketing,Content Specialist,1,0.42701525054466233,1,0.2
1437,2025-01-01,2025,Marketing,Content Specialist,0,0.22927879440258342,1,0.2
1438,2025-01-01,2025,Information Technology,QA Engineer,0,0.29411764705882354,1,0.2
1439,2025-01-01,2025,Information Technology,Software Engineer,1,0.5116959064327485,1,0.2
1443,2025-01-01,2025,Finance,Internal Auditor,0,0.15187376725838264,0,0.2
1446,2025-01-01,2025,Operations,Operations Executive,0,0.06978233034571063,0,0.2
1448,2025-01-01,2025,Human Resources,HR Executive,0,0.05102040816326531,0,0.2
1450,2025-01-01,2025,Operations,Warehouse Supervisor,0,0.0681453768038482,0,0.2
1453,2025-01-01,2025,Finance,Internal Auditor,0,0.05102040816326531,0,0.2
1456,2025-01-01,2025,Sales,Sales Representative,0,0.15979381443298968,0,0.2
1457,2025-01-01,2025,Human Resources,Recruiter,0,0.42701525054466233,1,0.2
1460,2025-01-01,2025,Human Resources,Recruiter,0,0.0681453768038482,0,0.2
1461,2025-01-01,2025,Human Resources,HR Manager,1,0.05263157894736842,0,0.2
1462,2025-01-01,2025,Operations,Operations Manager,1,0.19791666666666666,0,0.2
1464,2025-01-01,2025,Information Technology,System Administrator,0,0.0681453768038482,0,0.2
1465,2025-01-01,2025,Information Technology,QA Engineer,1,0.42701525054466233,1,0.2
1466,2025-01-01,2025,Information Technology,IT Support,0,0.6548672566371682,1,0.2
1470,2025-01-01,2025,Marketing,Marketing Executive,0,0.03574033552151714,0,0.2
1474,2025-01-01,2025,Marketing,Marketing Executive,0,0.03574033552151714,0,0.2
1475,2025-01-01,2025,Finance,Accountant,0,0.0681453768038482,0,0.2
1478,2025-01-01,2025,Marketing,Content Specialist,0,0.03574033552151714,0,0.2
1479,2025-01-01,2025,Sales,Sales Supervisor,0,0.0681453768038482,0,0.2
1480,2025-01-01,2025,Human Resources,C&B Specialist,0,0.0681453768038482,0,0.2
1481,2025-01-01,2025,Information Technology,System Administrator,0,0.0681453768038482,0,0.2
1482,2025-01-01,2025,Human Resources,HR Manager,0,0.16176470588235295,0,0.2
1484,2025-01-01,2025,Information Technology,System Administrator,0,0.07101167315175097,0,0.2
1486,2025-01-01,2025,Operations,Operations Executive,0,0.1610337972166998,0,0.2
1490,2025-01-01,2025,Finance,Accountant,0,0.05102040816326531,0,0.2
1491,2025-01-01,2025,Sales,Sales Supervisor,0,0.0681453768038482,0,0.2
1493,2025-01-01,2025,Human Resources,C&B Specialist,0,0.16176470588235295,0,0.2
1496,2025-01-01,2025,Human Resources,HR Manager,0,0.06978233034571063,0,0.2
1498,2025-01-01,2025,Finance,Finance Manager,0,0.0681453768038482,0,0.2
1499,2025-01-01,2025,Marketing,Marketing Executive,0,0.2242152466367713,1,0.2
1500,2025-01-01,2025,Finance,Financial Analyst,0,0.11397627643115008,0,0.2
1506,2025-01-01,2025,Marketing,Marketing Manager,0,0.03574033552151714,0,0.2
1508,2025-01-01,2025,Marketing,Digital Marketing Specialist,0,0.25663716814159293,1,0.2
1509,2025-01-01,2025,Operations,Operations Executive,0,0.21639344262295082,1,0.2
1511,2025-01-01,2025,Operations,Procurement Specialist,0,0.0935672514619883,0,0.2
1512,2025-01-01,2025,Human Resources,HR Manager,0,0.06978233034571063,0,0.2
1513,2025-01-01,2025,Marketing,Marketing Manager,0,0.12382739212007504,0,0.2
1516,2025-01-01,2025,Information Technology,System Administrator,0,0.15187376725838264,0,0.2
1517,2025-01-01,2025,Operations,Procurement Specialist,0,0.12382739212007504,0,0.2
1519,2025-01-01,2025,Finance,Accountant,1,0.24242424242424243,1,0.2
1523,2025-01-01,2025,Sales,Sales Supervisor,0,0.1610337972166998,0,0.2
1525,2025-01-01,2025,Operations,Procurement Specialist,0,0.1610337972166998,0,0.2
1526,2025-01-01,2025,Information Technology,Software Engineer,0,0.0681453768038482,0,0.2
1528,2025-01-01,2025,Marketing,Digital Marketing Specialist,0,0.03574033552151714,0,0.2
1529,2025-01-01,2025,Human Resources,C&B Specialist,0,0.05102040816326531,0,0.2
1530,2025-01-01,2025,Marketing,Marketing Executive,0,0.1179245283018868,0,0.2
1532,2025-01-01,2025,Human Resources,Recruiter,0,0.05102040816326531,0,0.2
1535,2025-01-01,2025,Sales,Account Manager,0,0.0681453768038482,0,0.2
1536,2025-01-01,2025,Sales,Sales Executive,1,0.11397627643115008,0,0.2
1537,2025-01-01,2025,Marketing,Digital Marketing Specialist,0,0.06978233034571063,0,0.2
1540,2025-01-01,2025,Information Technology,System Administrator,0,0.05102040816326531,0,0.2
1542,2025-01-01,2025,Human Resources,HR Executive,1,0.2163265306122449,1,0.2
1543,2025-01-01,2025,Sales,Sales Executive,0,0.0681453768038482,0,0.2
1546,2025-01-01,2025,Marketing,Digital Marketing Specialist,1,0.22927879440258342,1,0.2
1547,2025-01-01,2025,Operations,Warehouse Supervisor,0,0.2242152466367713,1,0.2
1548,2025-01-01,2025,Finance,Finance Manager,0,0.13513513513513514,0,0.2
1550,2025-01-01,2025,Marketing,Content Specialist,0,0.0935672514619883,0,0.2
1557,2025-01-01,2025,Finance,Internal Auditor,0,0.0681453768038482,0,0.2
1559,2025-01-01,2025,Operations,Operations Manager,0,0.0681453768038482,0,0.2
1560,2025-01-01,2025,Finance,Internal Auditor,1,0.1956521739130435,0,0.2
1562,2025-01-01,2025,Human Resources,C&B Specialist,1,0.22927879440258342,1,0.2
1564,2025-01-01,2025,Sales,Account Manager,0,0.1179245283018868,0,0.2
1565,2025-01-01,2025,Marketing,Content Specialist,0,0.3035143769968051,1,0.2
1568,2025-01-01,2025,Finance,Internal Auditor,1,0.13513513513513514,0,0.2
1570,2025-01-01,2025,Information Technology,Software Engineer,0,0.0935672514619883,0,0.2
1571,2025-01-01,2025,Finance,Financial Analyst,0,0.05102040816326531,0,0.2
1576,2025-01-01,2025,Operations,Warehouse Supervisor,0,0.06978233034571063,0,0.2
1579,2025-01-01,2025,Operations,Operations Executive,0,0.3035143769968051,1,0.2
1581,2025-01-01,2025,Information Technology,System Administrator,0,0.15187376725838264,0,0.2
1584,2025-01-01,2025,Finance,Financial Analyst,0,0.0681453768038482,0,0.2
1585,2025-01-01,2025,Sales,Sales Representative,0,0.0681453768038482,0,0.2
1586,2025-01-01,2025,Marketing,Digital Marketing Specialist,0,0.13513513513513514,0,0.2
1589,2025-01-01,2025,Information Technology,IT Support,0,0.33969465648854963,1,0.2
1590,2025-01-01,2025,Finance,Internal Auditor,1,0.1986970684039088,0,0.2
1591,2025-01-01,2025,Finance,Finance Manager,1,0.12382739212007504,0,0.2
1592,2025-01-01,2025,Marketing,Marketing Manager,1,0.03574033552151714,0,0.2
1593,2025-01-01,2025,Sales,Sales Executive,1,0.21639344262295082,1,0.2
1598,2025-01-01,2025,Marketing,Digital Marketing Specialist,0,0.07101167315175097,0,0.2
1600,2025-01-01,2025,Human Resources,HR Manager,1,0.32432432432432434,1,0.2
1603,2025-01-01,2025,Information Technology,Data Analyst,1,0.32432432432432434,1,0.2
1604,2025-01-01,2025,Human Resources,HR Manager,0,0.05102040816326531,0,0.2
1605,2025-01-01,2025,Information Technology,System Administrator,0,0.29411764705882354,1,0.2
1611,2025-01-01,2025,Finance,Financial Analyst,0,0.1610337972166998,0,0.2
1612,2025-01-01,2025,Information Technology,Data Analyst,0,0.07101167315175097,0,0.2
1618,2025-01-01,2025,Information Technology,System Administrator,0,0.2163265306122449,1,0.2
1620,2025-01-01,2025,Sales,Sales Executive,0,0.07101167315175097,0,0.2
1621,2025-01-01,2025,Information Technology,Software Engineer,0,0.06978233034571063,0,0.2
1623,2025-01-01,2025,Human Resources,HR Manager,0,0.40318302387267907,1,0.2
1624,2025-01-01,2025,Sales,Sales Representative,0,0.12382739212007504,0,0.2
1629,2025-01-01,2025,Human Resources,Recruiter,0,0.05102040816326531,0,0.2
1630,2025-01-01,2025,Information Technology,Software Engineer,0,0.1610337972166998,0,0.2
1631,2025-01-01,2025,Finance,Financial Analyst,0,0.22927879440258342,1,0.2
1636,2025-01-01,2025,Marketing,Marketing Manager,0,0.06978233034571063,0,0.2
1639,2025-01-01,2025,Operations,Procurement Specialist,0,0.0681453768038482,0,0.2
1640,2025-01-01,2025,Marketing,Marketing Executive,0,0.21639344262295082,1,0.2
1642,2025-01-01,2025,Marketing,Marketing Manager,0,0.12382739212007504,0,0.2
1643,2025-01-01,2025,Finance,Financial Analyst,0,0.0681453768038482,0,0.2
1645,2025-01-01,2025,Marketing,Marketing Manager,0,0.03574033552151714,0,0.2
1646,2025-01-01,2025,Human Resources,C&B Specialist,0,0.2288135593220339,1,0.2
1647,2025-01-01,2025,Human Resources,HR Executive,0,0.0935672514619883,0,0.2
1648,2025-01-01,2025,Information Technology,QA Engineer,0,0.13513513513513514,0,0.2
1649,2025-01-01,2025,Finance,Finance Manager,0,0.22927879440258342,1,0.2
1651,2025-01-01,2025,Human Resources,HR Manager,0,0.11397627643115008,0,0.2
1655,2025-01-01,2025,Operations,Warehouse Supervisor,0,0.07101167315175097,0,0.2
1657,2025-01-01,2025,Information Technology,Software Engineer,0,0.13513513513513514,0,0.2
1659,2025-01-01,2025,Operations,Operations Manager,0,0.12382739212007504,0,0.2
1663,2025-01-01,2025,Operations,Operations Executive,0,0.07101167315175097,0,0.2
1665,2025-01-01,2025,Information Technology,IT Support,0,0.1179245283018868,0,0.2
1670,2025-01-01,2025,Human Resources,C&B Specialist,1,0.0681453768038482,0,0.2
1673,2025-01-01,2025,Human Resources,Recruiter,1,0.19791666666666666,0,0.2
1676,2025-01-01,2025,Sales,Account Manager,0,0.15187376725838264,0,0.2
1678,2025-01-01,2025,Operations,Operations Executive,0,0.1956521739130435,0,0.2
1679,2025-01-01,2025,Information Technology,System Administrator,0,0.0935672514619883,0,0.2
1680,2025-01-01,2025,Information Technology,Data Analyst,1,0.5116959064327485,1,0.2
1684,2025-01-01,2025,Human Resources,HR Manager,0,0.1610337972166998,0,0.2
1686,2025-01-01,2025,Marketing,Content Specialist,0,0.12382739212007504,0,0.2
1687,2025-01-01,2025,Marketing,Marketing Manager,0,0.22927879440258342,1,0.2
1688,2025-01-01,2025,Operations,Operations Executive,0,0.0681453768038482,0,0.2
1692,2025-01-01,2025,Human Resources,HR Executive,0,0.06978233034571063,0,0.2
1694,2025-01-01,2025,Sales,Sales Supervisor,0,0.0681453768038482,0,0.2
1698,2025-01-01,2025,Finance,Accountant,0,0.05102040816326531,0,0.2
1699,2025-01-01,2025,Finance,Internal Auditor,0,0.0935672514619883,0,0.2
1701,2025-01-01,2025,Sales,Sales Representative,0,0.2608695652173913,1,0.2
1703,2025-01-01,2025,Operations,Procurement Specialist,0,0.07101167315175097,0,0.2
1705,2025-01-01,2025,Information Technology,Data Analyst,0,0.0681453768038482,0,0.2
1708,2025-01-01,2025,Information Technology,Software Engineer,0,0.07101167315175097,0,0.2
1709,2025-01-01,2025,Marketing,Marketing Manager,1,0.03574033552151714,0,0.2
1711,2025-01-01,2025,Information Technology,IT Support,0,0.05102040816326531,0,0.2
1717,2025-01-01,2025,Sales,Sales Representative,1,0.2288135593220339,1,0.2
1718,2025-01-01,2025,Sales,Account Manager,0,0.0935672514619883,0,0.2
1727,2025-01-01,2025,Sales,Sales Representative,0,0.2777777777777778,1,0.2
1728,2025-01-01,2025,Sales,Account Manager,1,0.0935672514619883,0,0.2
1729,2025-01-01,2025,Information Technology,Data Analyst,0,0.6548672566371682,1,0.2
1730,2025-01-01,2025,Sales,Sales Representative,0,0.1986970684039088,0,0.2
1731,2025-01-01,2025,Human Resources,Recruiter,0,0.1610337972166998,0,0.2
1733,2025-01-01,2025,Sales,Sales Representative,0,0.0681453768038482,0,0.2
1734,2025-01-01,2025,Sales,Sales Supervisor,0,0.12382739212007504,0,0.2
1743,2025-01-01,2025,Marketing,Marketing Manager,0,0.03574033552151714,0,0.2
1745,2025-01-01,2025,Finance,Accountant,0,0.0681453768038482,0,0.2
1747,2025-01-01,2025,Marketing,Marketing Executive,0,0.13513513513513514,0,0.2
1749,2025-01-01,2025,Marketing,Digital Marketing Specialist,0,0.06978233034571063,0,0.2
1751,2025-01-01,2025,Human Resources,HR Executive,0,0.12382739212007504,0,0.2
1752,2025-01-01,2025,Marketing,Marketing Manager,0,0.07101167315175097,0,0.2
1760,2025-01-01,2025,Human Resources,C&B Specialist,0,0.5116959064327485,1,0.2
1761,2025-01-01,2025,Marketing,Marketing Manager,0,0.1610337972166998,0,0.2
1762,2025-01-01,2025,Operations,Operations Manager,0,0.06978233034571063,0,0.2
1764,2025-01-01,2025,Human Resources,HR Manager,0,0.1610337972166998,0,0.2
1765,2025-01-01,2025,Sales,Sales Executive,0,0.0935672514619883,0,0.2
1767,2025-01-01,2025,Marketing,Marketing Executive,0,0.1956521739130435,0,0.2
1768,2025-01-01,2025,Operations,Warehouse Supervisor,1,0.12382739212007504,0,0.2
1771,2025-01-01,2025,Marketing,Marketing Executive,1,0.21639344262295082,1,0.2
1773,2025-01-01,2025,Human Resources,HR Manager,0,0.05102040816326531,0,0.2
1774,2025-01-01,2025,Marketing,Content Specialist,0,0.0935672514619883,0,0.2
1775,2025-01-01,2025,Sales,Account Manager,0,0.0681453768038482,0,0.2
1778,2025-01-01,2025,Information Technology,Data Analyst,0,0.36619718309859156,1,0.2
1781,2025-01-01,2025,Operations,Warehouse Supervisor,0,0.05102040816326531,0,0.2
1787,2025-01-01,2025,Information Technology,IT Support,1,0.22927879440258342,1,0.2
1790,2025-01-01,2025,Information Technology,Software Engineer,1,0.06978233034571063,0,0.2
1792,2025-01-01,2025,Information Technology,Software Engineer,0,0.21639344262295082,1,0.2
1796,2025-01-01,2025,Operations,Operations Manager,0,0.05102040816326531,0,0.2
1798,2025-01-01,2025,Sales,Sales Executive,0,0.2777777777777778,1,0.2
1799,2025-01-01,2025,Finance,Finance Manager,0,0.0681453768038482,0,0.2
1802,2025-01-01,2025,Marketing,Marketing Executive,1,0.32432432432432434,1,0.2
1805,2025-01-01,2025,Human Resources,Recruiter,1,0.5116959064327485,1,0.2
1808,2025-01-01,2025,Marketing,Content Specialist,0,0.03574033552151714,0,0.2
1815,2025-01-01,2025,Marketing,Marketing Executive,0,0.1986970684039088,0,0.2
1818,2025-01-01,2025,Information Technology,Software Engineer,0,0.1179245283018868,0,0.2
1820,2025-01-01,2025,Information Technology,QA Engineer,0,0.1956521739130435,0,0.2
1824,2025-01-01,2025,Finance,Internal Auditor,0,0.0681453768038482,0,0.2
1829,2025-01-01,2025,Information Technology,IT Support,0,0.1610337972166998,0,0.2
1833,2025-01-01,2025,Finance,Finance Manager,0,0.13513513513513514,0,0.2
1837,2025-01-01,2025,Marketing,Content Specialist,1,0.42701525054466233,1,0.2
1838,2025-01-01,2025,Information Technology,IT Support,0,0.0681453768038482,0,0.2
1839,2025-01-01,2025,Human Resources,HR Executive,0,0.05102040816326531,0,0.2
1843,2025-01-01,2025,Marketing,Marketing Executive,0,0.1956521739130435,0,0.2
1847,2025-01-01,2025,Sales,Sales Supervisor,0,0.1610337972166998,0,0.2
1848,2025-01-01,2025,Finance,Finance Manager,1,0.06978233034571063,0,0.2
1850,2025-01-01,2025,Sales,Sales Supervisor,1,0.22927879440258342,1,0.2
1851,2025-01-01,2025,Information Technology,Software Engineer,1,0.12827225130890052,0,0.2
1852,2025-01-01,2025,Sales,Sales Representative,0,0.0681453768038482,0,0.2
1854,2025-01-01,2025,Information Technology,QA Engineer,0,0.05102040816326531,0,0.2
1857,2025-01-01,2025,Sales,Sales Representative,0,0.11397627643115008,0,0.2
1859,2025-01-01,2025,Information Technology,Data Analyst,0,0.07101167315175097,0,0.2
1861,2025-01-01,2025,Information Technology,Software Engineer,0,0.33969465648854963,1,0.2
1865,2025-01-01,2025,Marketing,Marketing Executive,1,0.25663716814159293,1,0.2
1872,2025-01-01,2025,Sales,Sales Representative,0,0.13513513513513514,0,0.2
1875,2025-01-01,2025,Sales,Sales Executive,1,0.5116959064327485,1,0.2
1878,2025-01-01,2025,Information Technology,System Administrator,0,0.05102040816326531,0,0.2
1883,2025-01-01,2025,Finance,Accountant,0,0.29411764705882354,1,0.2
1884,2025-01-01,2025,Sales,Account Manager,0,0.0681453768038482,0,0.2
1886,2025-01-01,2025,Information Technology,System Administrator,0,0.1610337972166998,0,0.2
1887,2025-01-01,2025,Marketing,Marketing Executive,0,0.03574033552151714,0,0.2
1889,2025-01-01,2025,Information Technology,QA Engineer,0,0.0681453768038482,0,0.2
1891,2025-01-01,2025,Finance,Internal Auditor,0,0.0681453768038482,0,0.2
1892,2025-01-01,2025,Sales,Sales Executive,0,0.13793103448275862,0,0.2
1894,2025-01-01,2025,Finance,Financial Analyst,0,0.0681453768038482,0,0.2
1895,2025-01-01,2025,Information Technology,Data Analyst,0,0.05102040816326531,0,0.2
1900,2025-01-01,2025,Information Technology,System Administrator,0,0.06978233034571063,0,0.2
1901,2025-01-01,2025,Finance,Internal Auditor,0,0.0681453768038482,0,0.2
1903,2025-01-01,2025,Finance,Financial Analyst,0,0.32432432432432434,1,0.2
1905,2025-01-01,2025,Finance,Financial Analyst,1,0.13513513513513514,0,0.2
1906,2025-01-01,2025,Information Technology,Software Engineer,0,0.11397627643115008,0,0.2
1909,2025-01-01,2025,Marketing,Marketing Executive,0,0.1610337972166998,0,0.2
1910,2025-01-01,2025,Information Technology,IT Support,0,0.05102040816326531,0,0.2
1912,2025-01-01,2025,Operations,Operations Manager,1,0.29411764705882354,1,0.2
1914,2025-01-01,2025,Marketing,Marketing Executive,0,0.03574033552151714,0,0.2
1916,2025-01-01,2025,Information Technology,QA Engineer,0,0.11397627643115008,0,0.2
1917,2025-01-01,2025,Human Resources,HR Executive,0,0.0681453768038482,0,0.2
1919,2025-01-01,2025,Human Resources,Recruiter,0,0.12827225130890052,0,0.2
1921,2025-01-01,2025,Sales,Sales Executive,0,0.11397627643115008,0,0.2
1922,2025-01-01,2025,Marketing,Marketing Manager,0,0.2727272727272727,1,0.2
1923,2025-01-01,2025,Sales,Account Manager,0,0.05102040816326531,0,0.2
1924,2025-01-01,2025,Marketing,Content Specialist,0,0.16176470588235295,0,0.2
1926,2025-01-01,2025,Human Resources,HR Manager,0,0.13513513513513514,0,0.2
1927,2025-01-01,2025,Marketing,Content Specialist,1,0.12382739212007504,0,0.2
1930,2025-01-01,2025,Sales,Account Manager,0,0.11397627643115008,0,0.2
1931,2025-01-01,2025,Information Technology,IT Support,0,0.0681453768038482,0,0.2
1934,2025-01-01,2025,Human Resources,HR Executive,0,0.40318302387267907,1,0.2
1935,2025-01-01,2025,Finance,Accountant,1,0.3035143769968051,1,0.2
1937,2025-01-01,2025,Finance,Finance Manager,0,0.1610337972166998,0,0.2
1938,2025-01-01,2025,Sales,Account Manager,0,0.05102040816326531,0,0.2
1939,2025-01-01,2025,Human Resources,HR Executive,1,0.4198473282442748,1,0.2
1940,2025-01-01,2025,Operations,Operations Executive,1,0.29411764705882354,1,0.2
1942,2025-01-01,2025,Information Technology,IT Support,0,0.05102040816326531,0,0.2
1943,2025-01-01,2025,Sales,Account Manager,0,0.07101167315175097,0,0.2
1946,2025-01-01,2025,Operations,Operations Manager,0,0.06978233034571063,0,0.2
1949,2025-01-01,2025,Finance,Finance Manager,1,0.1610337972166998,0,0.2
1950,2025-01-01,2025,Sales,Sales Supervisor,0,0.0681453768038482,0,0.2
1951,2025-01-01,2025,Operations,Warehouse Supervisor,0,0.11397627643115008,0,0.2
1954,2025-01-01,2025,Operations,Operations Manager,0,0.29411764705882354,1,0.2
1955,2025-01-01,2025,Finance,Internal Auditor,0,0.15979381443298968,0,0.2
1956,2025-01-01,2025,Human Resources,HR Executive,0,0.0935672514619883,0,0.2
1958,2025-01-01,2025,Sales,Sales Representative,0,0.12827225130890052,0,0.2
1962,2025-01-01,2025,Operations,Operations Manager,1,0.29411764705882354,1,0.2
1964,2025-01-01,2025,Sales,Sales Supervisor,1,0.7058823529411765,1,0.2
1965,2025-01-01,2025,Marketing,Marketing Manager,0,0.13513513513513514,0,0.2
1966,2025-01-01,2025,Finance,Financial Analyst,0,0.05102040816326531,0,0.2
1967,2025-01-01,2025,Information Technology,IT Support,0,0.22927879440258342,1,0.2
1968,2025-01-01,2025,Human Resources,HR Executive,0,0.12382739212007504,0,0.2
1969,2025-01-01,2025,Human Resources,Recruiter,0,0.15187376725838264,0,0.2
1970,2025-01-01,2025,Sales,Sales Representative,0,0.05102040816326531,0,0.2
1971,2025-01-01,2025,Marketing,Digital Marketing Specialist,0,0.03574033552151714,0,0.2
1973,2025-01-01,2025,Marketing,Digital Marketing Specialist,0,0.03574033552151714,0,0.2
1974,2025-01-01,2025,Human Resources,HR Manager,0,0.22927879440258342,1,0.2
1975,2025-01-01,2025,Operations,Warehouse Supervisor,1,0.6548672566371682,1,0.2
1976,2025-01-01,2025,Human Resources,Recruiter,0,0.40318302387267907,1,0.2
1977,2025-01-01,2025,Operations,Procurement Specialist,0,0.22927879440258342,1,0.2
1979,2025-01-01,2025,Human Resources,HR Manager,0,0.03816793893129771,0,0.2
1980,2025-01-01,2025,Sales,Sales Representative,1,0.15187376725838264,0,0.2
1983,2025-01-01,2025,Finance,Internal Auditor,0,0.12382739212007504,0,0.2
1984,2025-01-01,2025,Human Resources,HR Manager,0,0.16176470588235295,0,0.2
1986,2025-01-01,2025,Marketing,Marketing Executive,0,0.07101167315175097,0,0.2
1987,2025-01-01,2025,Sales,Sales Executive,0,0.05102040816326531,0,0.2
1990,2025-01-01,2025,Operations,Operations Executive,0,0.11397627643115008,0,0.2
1992,2025-01-01,2025,Information Technology,IT Support,0,0.15187376725838264,0,0.2
1993,2025-01-01,2025,Human Resources,Recruiter,0,0.05102040816326531,0,0.2
1994,2025-01-01,2025,Sales,Sales Representative,0,0.13513513513513514,0,0.2
1997,2025-01-01,2025,Sales,Sales Representative,0,0.22927879440258342,1,0.2
2000,2025-01-01,2025,Information Technology,Data Analyst,0,0.05102040816326531,0,0.2
2001,2025-01-01,2025,Human Resources,C&B Specialist,0,0.0681453768038482,0,0.2
2003,2025-01-01,2025,Finance,Finance Manager,0,0.07101167315175097,0,0.2
2005,2025-01-01,2025,Marketing,Marketing Manager,0,0.29411764705882354,1,0.2
2007,2025-01-01,2025,Sales,Sales Supervisor,0,0.1610337972166998,0,0.2
2008,2025-01-01,2025,Human Resources,Recruiter,0,0.13513513513513514,0,0.2
2009,2025-01-01,2025,Sales,Sales Executive,0,0.11397627643115008,0,0.2
2011,2025-01-01,2025,Marketing,Marketing Manager,0,0.03574033552151714,0,0.2
2013,2025-01-01,2025,Marketing,Marketing Manager,0,0.06978233034571063,0,0.2
2019,2025-01-01,2025,Human Resources,C&B Specialist,0,0.0681453768038482,0,0.2
2024,2025-01-01,2025,Human Resources,HR Executive,0,0.15979381443298968,0,0.2
2025,2025-01-01,2025,Information Technology,System Administrator,0,0.22927879440258342,1,0.2
2027,2025-01-01,2025,Finance,Finance Manager,0,0.0681453768038482,0,0.2
2029,2025-01-01,2025,Information Technology,System Administrator,0,0.12382739212007504,0,0.2
2030,2025-01-01,2025,Finance,Finance Manager,0,0.12382739212007504,0,0.2
2031,2025-01-01,2025,Human Resources,HR Executive,0,0.0681453768038482,0,0.2
2033,2025-01-01,2025,Information Technology,Data Analyst,0,0.0681453768038482,0,0.2
2037,2025-01-01,2025,Information Technology,Software Engineer,0,0.22927879440258342,1,0.2
2041,2025-01-01,2025,Information Technology,IT Support,0,0.12382739212007504,0,0.2
2043,2025-01-01,2025,Marketing,Content Specialist,1,0.15187376725838264,0,0.2
2049,2025-01-01,2025,Operations,Warehouse Supervisor,0,0.05102040816326531,0,0.2
2050,2025-01-01,2025,Finance,Financial Analyst,0,0.13513513513513514,0,0.2
2052,2025-01-01,2025,Marketing,Content Specialist,0,0.03574033552151714,0,0.2
2053,2025-01-01,2025,Finance,Accountant,0,0.12827225130890052,0,0.2
2055,2025-01-01,2025,Marketing,Marketing Executive,0,0.03574033552151714,0,0.2
2056,2025-01-01,2025,Marketing,Marketing Manager,0,0.22927879440258342,1,0.2
2057,2025-01-01,2025,Operations,Procurement Specialist,0,0.0681453768038482,0,0.2
2059,2025-01-01,2025,Sales,Sales Executive,0,0.0935672514619883,0,0.2
2064,2025-01-01,2025,Operations,Operations Executive,0,0.16176470588235295,0,0.2
2065,2025-01-01,2025,Finance,Financial Analyst,0,0.15979381443298968,0,0.2
2067,2025-01-01,2025,Human Resources,HR Executive,0,0.1956521739130435,0,0.2
2069,2025-01-01,2025,Finance,Finance Manager,0,0.1956521739130435,0,0.2
2071,2025-01-01,2025,Information Technology,System Administrator,0,0.1956521739130435,0,0.2
2073,2025-01-01,2025,Sales,Sales Executive,0,0.05102040816326531,0,0.2
2078,2025-01-01,2025,Operations,Operations Executive,1,0.1956521739130435,0,0.2
2080,2025-01-01,2025,Operations,Warehouse Supervisor,0,0.1179245283018868,0,0.2
2083,2025-01-01,2025,Information Technology,Software Engineer,0,0.2777777777777778,1,0.2
2084,2025-01-01,2025,Operations,Warehouse Supervisor,0,0.12827225130890052,0,0.2
2089,2025-01-01,2025,Sales,Sales Representative,0,0.0681453768038482,0,0.2
2096,2025-01-01,2025,Operations,Operations Executive,1,0.12382739212007504,0,0.2
2098,2025-01-01,2025,Marketing,Marketing Executive,0,0.03574033552151714,0,0.2
2099,2025-01-01,2025,Operations,Warehouse Supervisor,0,0.1610337972166998,0,0.2
2101,2025-01-01,2025,Sales,Account Manager,0,0.25663716814159293,1,0.2
2102,2025-01-01,2025,Sales,Sales Representative,0,0.15187376725838264,0,0.2
2103,2025-01-01,2025,Sales,Account Manager,0,0.05102040816326531,0,0.2
2106,2025-01-01,2025,Information Technology,Data Analyst,0,0.22927879440258342,1,0.2
2107,2025-01-01,2025,Human Resources,Recruiter,0,0.0935672514619883,0,0.2
2109,2025-01-01,2025,Information Technology,Software Engineer,0,0.0681453768038482,0,0.2
2112,2025-01-01,2025,Operations,Procurement Specialist,0,0.16176470588235295,0,0.2
2114,2025-01-01,2025,Marketing,Digital Marketing Specialist,0,0.12827225130890052,0,0.2
2117,2025-01-01,2025,Sales,Account Manager,0,0.12382739212007504,0,0.2
2118,2025-01-01,2025,Information Technology,Software Engineer,0,0.06978233034571063,0,0.2
2120,2025-01-01,2025,Operations,Warehouse Supervisor,0,0.2777777777777778,1,0.2
2121,2025-01-01,2025,Marketing,Digital Marketing Specialist,0,0.15187376725838264,0,0.2
2124,2025-01-01,2025,Finance,Finance Manager,0,0.1179245283018868,0,0.2
2125,2025-01-01,2025,Operations,Procurement Specialist,1,0.1956521739130435,0,0.2
2127,2025-01-01,2025,Sales,Sales Representative,0,0.11397627643115008,0,0.2
2130,2025-01-01,2025,Operations,Operations Manager,0,0.06978233034571063,0,0.2
2135,2025-01-01,2025,Marketing,Content Specialist,0,0.13513513513513514,0,0.2
2136,2025-01-01,2025,Human Resources,HR Executive,0,0.05102040816326531,0,0.2
2137,2025-01-01,2025,Finance,Internal Auditor,0,0.1956521739130435,0,0.2
2139,2025-01-01,2025,Information Technology,QA Engineer,0,0.0681453768038482,0,0.2
2140,2025-01-01,2025,Operations,Operations Executive,0,0.05102040816326531,0,0.2
2141,2025-01-01,2025,Information Technology,System Administrator,0,0.1610337972166998,0,0.2
2144,2025-01-01,2025,Finance,Accountant,0,0.0681453768038482,0,0.2
2145,2025-01-01,2025,Information Technology,Software Engineer,0,0.40318302387267907,1,0.2
2151,2025-01-01,2025,Sales,Sales Supervisor,0,0.11397627643115008,0,0.2
2154,2025-01-01,2025,Sales,Sales Executive,0,0.05102040816326531,0,0.2
2156,2025-01-01,2025,Information Technology,Software Engineer,0,0.07101167315175097,0,0.2
2158,2025-01-01,2025,Human Resources,Recruiter,0,0.07101167315175097,0,0.2
2159,2025-01-01,2025,Human Resources,C&B Specialist,0,0.05102040816326531,0,0.2
2161,2025-01-01,2025,Sales,Sales Supervisor,0,0.12382739212007504,0,0.2
2166,2025-01-01,2025,Operations,Procurement Specialist,0,0.11397627643115008,0,0.2
2171,2025-01-01,2025,Information Technology,Data Analyst,1,0.24242424242424243,1,0.2
2172,2025-01-01,2025,Information Technology,IT Support,0,0.13513513513513514,0,0.2
2175,2025-01-01,2025,Human Resources,HR Manager,1,0.21052631578947367,1,0.2
2176,2025-01-01,2025,Sales,Sales Supervisor,0,0.22927879440258342,1,0.2
2177,2025-01-01,2025,Marketing,Content Specialist,0,0.03574033552151714,0,0.2
2178,2025-01-01,2025,Marketing,Content Specialist,0,0.21639344262295082,1,0.2
2180,2025-01-01,2025,Marketing,Marketing Manager,0,0.03574033552151714,0,0.2
2182,2025-01-01,2025,Operations,Operations Executive,0,0.0681453768038482,0,0.2
2183,2025-01-01,2025,Human Resources,HR Executive,0,0.0935672514619883,0,0.2
2184,2025-01-01,2025,Operations,Operations Manager,0,0.34782608695652173,1,0.2
2188,2025-01-01,2025,Sales,Sales Supervisor,0,0.40318302387267907,1,0.2
2195,2025-01-01,2025,Marketing,Digital Marketing Specialist,0,0.06978233034571063,0,0.2
2196,2025-01-01,2025,Marketing,Digital Marketing Specialist,1,0.19791666666666666,0,0.2
2197,2025-01-01,2025,Sales,Account Manager,0,0.05102040816326531,0,0.2
2201,2025-01-01,2025,Marketing,Marketing Executive,0,0.0935672514619883,0,0.2
2203,2025-01-01,2025,Finance,Accountant,0,0.15187376725838264,0,0.2
2207,2025-01-01,2025,Operations,Warehouse Supervisor,0,0.15187376725838264,0,0.2
2210,2025-01-01,2025,Marketing,Content Specialist,1,0.2777777777777778,1,0.2
2211,2025-01-01,2025,Human Resources,HR Manager,0,0.05102040816326531,0,0.2
2212,2025-01-01,2025,Human Resources,HR Manager,0,0.05102040816326531,0,0.2
2214,2025-01-01,2025,Marketing,Marketing Manager,0,0.12827225130890052,0,0.2
2215,2025-01-01,2025,Human Resources,HR Executive,0,0.0681453768038482,0,0.2
2216,2025-01-01,2025,Operations,Operations Executive,0,0.05102040816326531,0,0.2
2218,2025-01-01,2025,Information Technology,QA Engineer,0,0.0681453768038482,0,0.2
2221,2025-01-01,2025,Finance,Accountant,1,0.12382739212007504,0,0.2
2222,2025-01-01,2025,Human Resources,Recruiter,0,0.07101167315175097,0,0.2
2223,2025-01-01,2025,Information Technology,Software Engineer,0,0.06978233034571063,0,0.2
2228,2025-01-01,2025,Human Resources,HR Executive,0,0.11397627643115008,0,0.2
2231,2025-01-01,2025,Information Technology,Data Analyst,0,0.05102040816326531,0,0.2
2233,2025-01-01,2025,Human Resources,HR Manager,0,0.35294117647058826,1,0.2
2234,2025-01-01,2025,Operations,Warehouse Supervisor,0,0.15979381443298968,0,0.2
2239,2025-01-01,2025,Operations,Operations Manager,0,0.1610337972166998,0,0.2
2243,2025-01-01,2025,Marketing,Marketing Executive,0,0.1956521739130435,0,0.2
2244,2025-01-01,2025,Operations,Procurement Specialist,0,0.32432432432432434,1,0.2
2248,2025-01-01,2025,Finance,Finance Manager,0,0.06978233034571063,0,0.2
2250,2025-01-01,2025,Marketing,Marketing Executive,0,0.03574033552151714,0,0.2
2254,2025-01-01,2025,Sales,Sales Supervisor,0,0.05102040816326531,0,0.2
2256,2025-01-01,2025,Operations,Operations Manager,0,0.11397627643115008,0,0.2
2259,2025-01-01,2025,Human Resources,Recruiter,0,0.0681453768038482,0,0.2
2268,2025-01-01,2025,Operations,Operations Manager,1,0.13513513513513514,0,0.2
2270,2025-01-01,2025,Finance,Finance Manager,0,0.5116959064327485,1,0.2
2271,2025-01-01,2025,Information Technology,IT Support,0,0.15187376725838264,0,0.2
2275,2025-01-01,2025,Finance,Finance Manager,0,0.12382739212007504,0,0.2
2279,2025-01-01,2025,Marketing,Marketing Manager,0,0.1986970684039088,0,0.2
2283,2025-01-01,2025,Human Resources,HR Executive,0,0.0681453768038482,0,0.2
2287,2025-01-01,2025,Information Technology,IT Support,0,0.12827225130890052,0,0.2
2291,2025-01-01,2025,Finance,Internal Auditor,0,0.06978233034571063,0,0.2
2295,2025-01-01,2025,Information Technology,QA Engineer,0,0.05102040816326531,0,0.2
2297,2025-01-01,2025,Information Technology,IT Support,1,0.13513513513513514,0,0.2
2299,2025-01-01,2025,Information Technology,IT Support,0,0.35294117647058826,1,0.2
2302,2025-01-01,2025,Operations,Operations Executive,0,0.4198473282442748,1,0.2
2304,2025-01-01,2025,Sales,Account Manager,1,0.07101167315175097,0,0.2
2307,2025-01-01,2025,Operations,Warehouse Supervisor,0,0.05102040816326531,0,0.2
2311,2025-01-01,2025,Sales,Sales Executive,1,0.4198473282442748,1,0.2
2313,2025-01-01,2025,Sales,Sales Executive,0,0.2163265306122449,1,0.2
2314,2025-01-01,2025,Marketing,Content Specialist,0,0.1956521739130435,0,0.2
2316,2025-01-01,2025,Sales,Sales Executive,0,0.1610337972166998,0,0.2
2317,2025-01-01,2025,Marketing,Marketing Executive,0,0.12382739212007504,0,0.2
2318,2025-01-01,2025,Operations,Procurement Specialist,0,0.3035143769968051,1,0.2
2320,2025-01-01,2025,Finance,Accountant,0,0.1986970684039088,0,0.2
2321,2025-01-01,2025,Information Technology,IT Support,0,0.22927879440258342,1,0.2
2323,2025-01-01,2025,Operations,Warehouse Supervisor,0,0.3035143769968051,1,0.2
2324,2025-01-01,2025,Information Technology,Data Analyst,0,0.07101167315175097,0,0.2
2326,2025-01-01,2025,Human Resources,Recruiter,0,0.1986970684039088,0,0.2
2327,2025-01-01,2025,Marketing,Marketing Manager,0,0.29411764705882354,1,0.2
2328,2025-01-01,2025,Sales,Account Manager,0,0.4198473282442748,1,0.2
2329,2025-01-01,2025,Information Technology,Software Engineer,0,0.11397627643115008,0,0.2
2330,2025-01-01,2025,Sales,Sales Supervisor,0,0.05102040816326531,0,0.2
2331,2025-01-01,2025,Human Resources,C&B Specialist,1,0.0935672514619883,0,0.2
2334,2025-01-01,2025,Sales,Sales Executive,1,0.2163265306122449,1,0.2
2336,2025-01-01,2025,Sales,Sales Representative,0,0.0681453768038482,0,0.2
2337,2025-01-01,2025,Finance,Financial Analyst,0,0.06978233034571063,0,0.2
2340,2025-01-01,2025,Sales,Sales Representative,0,0.12382739212007504,0,0.2
2344,2025-01-01,2025,Operations,Procurement Specialist,0,0.0681453768038482,0,0.2
2345,2025-01-01,2025,Sales,Sales Executive,0,0.0681453768038482,0,0.2
2346,2025-01-01,2025,Operations,Procurement Specialist,0,0.11397627643115008,0,0.2
2347,2025-01-01,2025,Finance,Financial Analyst,0,0.2163265306122449,1,0.2
2348,2025-01-01,2025,Information Technology,Software Engineer,1,0.1956521739130435,0,0.2
2349,2025-01-01,2025,Sales,Sales Supervisor,0,0.0681453768038482,0,0.2
2354,2025-01-01,2025,Sales,Sales Executive,0,0.32432432432432434,1,0.2
2355,2025-01-01,2025,Operations,Operations Manager,0,0.13513513513513514,0,0.2
2364,2025-01-01,2025,Marketing,Content Specialist,0,0.12382739212007504,0,0.2
2366,2025-01-01,2025,Marketing,Marketing Executive,1,0.6548672566371682,1,0.2
2370,2025-01-01,2025,Operations,Procurement Specialist,0,0.42701525054466233,1,0.2
2373,2025-01-01,2025,Operations,Operations Manager,0,0.1956521739130435,0,0.2
2375,2025-01-01,2025,Operations,Warehouse Supervisor,1,0.42701525054466233,1,0.2
2381,2025-01-01,2025,Human Resources,HR Executive,0,0.32432432432432434,1,0.2
2382,2025-01-01,2025,Human Resources,HR Manager,0,0.06978233034571063,0,0.2
2386,2025-01-01,2025,Operations,Operations Executive,0,0.05102040816326531,0,0.2
2387,2025-01-01,2025,Information Technology,QA Engineer,0,0.35294117647058826,1,0.2
2388,2025-01-01,2025,Finance,Internal Auditor,0,0.05102040816326531,0,0.2
2392,2025-01-01,2025,Operations,Procurement Specialist,0,0.06978233034571063,0,0.2
2394,2025-01-01,2025,Sales,Sales Supervisor,0,0.0681453768038482,0,0.2
2395,2025-01-01,2025,Sales,Sales Executive,1,0.1956521739130435,0,0.2
2399,2025-01-01,2025,Human Resources,HR Manager,0,0.0681453768038482,0,0.2
2400,2025-01-01,2025,Information Technology,Data Analyst,0,0.0681453768038482,0,0.2
2401,2025-01-01,2025,Marketing,Marketing Executive,0,0.11397627643115008,0,0.2
2403,2025-01-01,2025,Human Resources,HR Executive,0,0.2242152466367713,1,0.2
2406,2025-01-01,2025,Marketing,Marketing Executive,0,0.13513513513513514,0,0.2
2411,2025-01-01,2025,Information Technology,Software Engineer,0,0.42701525054466233,1,0.2
2412,2025-01-01,2025,Marketing,Content Specialist,0,0.13513513513513514,0,0.2
2413,2025-01-01,2025,Sales,Account Manager,0,0.40318302387267907,1,0.2
2414,2025-01-01,2025,Operations,Procurement Specialist,1,0.573170731707317,1,0.2
2415,2025-01-01,2025,Information Technology,Software Engineer,0,0.12382739212007504,0,0.2
2417,2025-01-01,2025,Human Resources,Recruiter,0,0.4198473282442748,1,0.2
2419,2025-01-01,2025,Information Technology,Data Analyst,0,0.06978233034571063,0,0.2
2420,2025-01-01,2025,Marketing,Marketing Manager,0,0.12382739212007504,0,0.2
2422,2025-01-01,2025,Marketing,Marketing Manager,0,0.03574033552151714,0,0.2
2423,2025-01-01,2025,Marketing,Marketing Executive,1,0.11397627643115008,0,0.2
2428,2025-01-01,2025,Sales,Sales Executive,0,0.0935672514619883,0,0.2
2429,2025-01-01,2025,Human Resources,HR Manager,0,0.1610337972166998,0,0.2
2430,2025-01-01,2025,Information Technology,Data Analyst,0,0.07101167315175097,0,0.2
2431,2025-01-01,2025,Marketing,Content Specialist,0,0.13513513513513514,0,0.2
2432,2025-01-01,2025,Information Technology,Software Engineer,0,0.05102040816326531,0,0.2
2434,2025-01-01,2025,Operations,Warehouse Supervisor,0,0.12827225130890052,0,0.2
2436,2025-01-01,2025,Marketing,Marketing Executive,0,0.13513513513513514,0,0.2
2439,2025-01-01,2025,Finance,Accountant,0,0.40318302387267907,1,0.2
2441,2025-01-01,2025,Marketing,Marketing Manager,0,0.03574033552151714,0,0.2
2442,2025-01-01,2025,Finance,Accountant,0,0.06978233034571063,0,0.2
2447,2025-01-01,2025,Sales,Sales Executive,0,0.06978233034571063,0,0.2
2449,2025-01-01,2025,Marketing,Digital Marketing Specialist,0,0.1610337972166998,0,0.2
2451,2025-01-01,2025,Information Technology,Software Engineer,0,0.07101167315175097,0,0.2
2452,2025-01-01,2025,Human Resources,Recruiter,0,0.1610337972166998,0,0.2
2455,2025-01-01,2025,Information Technology,IT Support,0,0.1956521739130435,0,0.2
2457,2025-01-01,2025,Operations,Procurement Specialist,0,0.05102040816326531,0,0.2
2458,2025-01-01,2025,Finance,Accountant,0,0.11397627643115008,0,0.2
2459,2025-01-01,2025,Operations,Warehouse Supervisor,0,0.573170731707317,1,0.2
2461,2025-01-01,2025,Finance,Internal Auditor,0,0.05102040816326531,0,0.2
2469,2025-01-01,2025,Information Technology,IT Support,0,0.1956521739130435,0,0.2
2470,2025-01-01,2025,Information Technology,Data Analyst,0,0.05102040816326531,0,0.2
2471,2025-01-01,2025,Finance,Financial Analyst,0,0.0681453768038482,0,0.2
2473,2025-01-01,2025,Marketing,Marketing Manager,0,0.11397627643115008,0,0.2
2474,2025-01-01,2025,Human Resources,Recruiter,1,0.19791666666666666,0,0.2
2477,2025-01-01,2025,Information Technology,System Administrator,0,0.1179245283018868,0,0.2
2479,2025-01-01,2025,Sales,Sales Representative,0,0.12382739212007504,0,0.2
2482,2025-01-01,2025,Information Technology,Software Engineer,1,0.21639344262295082,1,0.2
2483,2025-01-01,2025,Finance,Financial Analyst,0,0.0681453768038482,0,0.2
2485,2025-01-01,2025,Marketing,Content Specialist,0,0.0,0,0.2
2493,2025-01-01,2025,Operations,Procurement Specialist,0,0.1956521739130435,0,0.2
2494,2025-01-01,2025,Information Technology,Software Engineer,0,0.1179245283018868,0,0.2
2496,2025-01-01,2025,Human Resources,HR Executive,0,0.06978233034571063,0,0.2
2499,2025-01-01,2025,Finance,Finance Manager,0,0.1179245283018868,0,0.2
2501,2025-01-01,2025,Operations,Warehouse Supervisor,0,0.05102040816326531,0,0.2
2502,2025-01-01,2025,Sales,Sales Executive,0,0.29411764705882354,1,0.2
2503,2025-01-01,2025,Sales,Sales Executive,0,0.05102040816326531,0,0.2
2504,2025-01-01,2025,Information Technology,Data Analyst,0,0.21639344262295082,1,0.2
2508,2025-01-01,2025,Operations,Operations Manager,1,0.15187376725838264,0,0.2
2511,2025-01-01,2025,Finance,Accountant,0,0.1956521739130435,0,0.2
2512,2025-01-01,2025,Information Technology,Software Engineer,0,0.07101167315175097,0,0.2
2515,2025-01-01,2025,Information Technology,QA Engineer,0,0.12382739212007504,0,0.2
2516,2025-01-01,2025,Finance,Finance Manager,0,0.75,1,0.2
2520,2025-01-01,2025,Finance,Accountant,0,0.0681453768038482,0,0.2
2522,2025-01-01,2025,Operations,Procurement Specialist,0,0.06978233034571063,0,0.2
2524,2025-01-01,2025,Finance,Internal Auditor,0,0.13513513513513514,0,0.2
2525,2025-01-01,2025,Human Resources,HR Manager,0,0.5116959064327485,1,0.2
2526,2025-01-01,2025,Marketing,Content Specialist,0,0.33969465648854963,1,0.2
2527,2025-01-01,2025,Finance,Finance Manager,0,0.05102040816326531,0,0.2
2530,2025-01-01,2025,Information Technology,System Administrator,0,0.1610337972166998,0,0.2
2531,2025-01-01,2025,Human Resources,Recruiter,0,0.11397627643115008,0,0.2
2533,2025-01-01,2025,Operations,Warehouse Supervisor,0,0.05102040816326531,0,0.2
2537,2025-01-01,2025,Operations,Procurement Specialist,0,0.05102040816326531,0,0.2
2539,2025-01-01,2025,Marketing,Content Specialist,1,0.03574033552151714,0,0.2
2542,2025-01-01,2025,Operations,Warehouse Supervisor,0,0.0681453768038482,0,0.2
2547,2025-01-01,2025,Finance,Finance Manager,0,0.12382739212007504,0,0.2
2549,2025-01-01,2025,Information Technology,Data Analyst,0,0.0681453768038482,0,0.2
2550,2025-01-01,2025,Marketing,Digital Marketing Specialist,0,0.42701525054466233,1,0.2
2551,2025-01-01,2025,Information Technology,IT Support,0,0.29411764705882354,1,0.2
2554,2025-01-01,2025,Marketing,Marketing Manager,0,0.0935672514619883,0,0.2
2557,2025-01-01,2025,Marketing,Marketing Executive,0,0.1956521739130435,0,0.2
2558,2025-01-01,2025,Marketing,Content Specialist,0,0.03574033552151714,0,0.2
2560,2025-01-01,2025,Sales,Sales Executive,0,0.1179245283018868,0,0.2
2561,2025-01-01,2025,Marketing,Digital Marketing Specialist,0,0.1610337972166998,0,0.2
2563,2025-01-01,2025,Operations,Operations Manager,0,0.0935672514619883,0,0.2
2564,2025-01-01,2025,Marketing,Marketing Manager,0,0.0935672514619883,0,0.2
2566,2025-01-01,2025,Marketing,Marketing Executive,0,0.13513513513513514,0,0.2
2568,2025-01-01,2025,Finance,Finance Manager,0,0.29411764705882354,1,0.2
2569,2025-01-01,2025,Information Technology,QA Engineer,1,0.3035143769968051,1,0.2
2571,2025-01-01,2025,Information Technology,System Administrator,0,0.05102040816326531,0,0.2
2572,2025-01-01,2025,Finance,Accountant,0,0.21639344262295082,1,0.2
2573,2025-01-01,2025,Sales,Sales Executive,1,0.15979381443298968,0,0.2
2574,2025-01-01,2025,Information Technology,QA Engineer,0,0.21639344262295082,1,0.2
2576,2025-01-01,2025,Human Resources,Recruiter,1,0.21639344262295082,1,0.2
2577,2025-01-01,2025,Marketing,Content Specialist,0,0.11397627643115008,0,0.2
2579,2025-01-01,2025,Operations,Procurement Specialist,0,0.06978233034571063,0,0.2
2581,2025-01-01,2025,Marketing,Digital Marketing Specialist,0,0.03574033552151714,0,0.2
2584,2025-01-01,2025,Sales,Sales Supervisor,0,0.12382739212007504,0,0.2
2585,2025-01-01,2025,Sales,Account Manager,0,0.1610337972166998,0,0.2
2587,2025-01-01,2025,Marketing,Digital Marketing Specialist,0,0.03574033552151714,0,0.2
2588,2025-01-01,2025,Marketing,Marketing Manager,0,0.22927879440258342,1,0.2
2593,2025-01-01,2025,Finance,Accountant,0,0.12827225130890052,0,0.2
2596,2025-01-01,2025,Marketing,Content Specialist,0,0.0935672514619883,0,0.2
2597,2025-01-01,2025,Finance,Accountant,0,0.3035143769968051,1,0.2
2599,2025-01-01,2025,Sales,Account Manager,0,0.05102040816326531,0,0.2
2602,2025-01-01,2025,Operations,Warehouse Supervisor,1,0.3035143769968051,1,0.2
2605,2025-01-01,2025,Human Resources,Recruiter,1,0.1956521739130435,0,0.2
2607,2025-01-01,2025,Operations,Warehouse Supervisor,1,0.2242152466367713,1,0.2
2609,2025-01-01,2025,Operations,Operations Manager,1,0.06978233034571063,0,0.2
2614,2025-01-01,2025,Information Technology,Data Analyst,0,0.05102040816326531,0,0.2
2615,2025-01-01,2025,Information Technology,System Administrator,0,0.19791666666666666,0,0.2
2616,2025-01-01,2025,Human Resources,HR Manager,0,0.0681453768038482,0,0.2
2618,2025-01-01,2025,Human Resources,HR Manager,0,0.2608695652173913,1,0.2
2623,2025-01-01,2025,Operations,Warehouse Supervisor,0,0.0935672514619883,0,0.2
2624,2025-01-01,2025,Operations,Warehouse Supervisor,0,0.06978233034571063,0,0.2
2626,2025-01-01,2025,Marketing,Marketing Executive,0,0.15187376725838264,0,0.2
2629,2025-01-01,2025,Human Resources,C&B Specialist,0,0.0681453768038482,0,0.2
2630,2025-01-01,2025,Operations,Procurement Specialist,1,0.13513513513513514,0,0.2
2635,2025-01-01,2025,Finance,Accountant,0,0.0681453768038482,0,0.2
2637,2025-01-01,2025,Human Resources,C&B Specialist,0,0.0681453768038482,0,0.2
2639,2025-01-01,2025,Finance,Internal Auditor,0,0.1610337972166998,0,0.2
2640,2025-01-01,2025,Human Resources,C&B Specialist,0,0.05102040816326531,0,0.2
2642,2025-01-01,2025,Operations,Warehouse Supervisor,0,0.2242152466367713,1,0.2
2643,2025-01-01,2025,Marketing,Content Specialist,0,0.21639344262295082,1,0.2
2644,2025-01-01,2025,Information Technology,IT Support,0,0.29411764705882354,1,0.2
2645,2025-01-01,2025,Marketing,Digital Marketing Specialist,0,0.36619718309859156,1,0.2
2646,2025-01-01,2025,Sales,Sales Supervisor,0,0.05102040816326531,0,0.2
2647,2025-01-01,2025,Human Resources,HR Manager,0,0.06978233034571063,0,0.2
2650,2025-01-01,2025,Operations,Operations Manager,0,0.07101167315175097,0,0.2
2653,2025-01-01,2025,Marketing,Marketing Manager,1,0.0935672514619883,0,0.2
2654,2025-01-01,2025,Operations,Warehouse Supervisor,1,0.32432432432432434,1,0.2
2655,2025-01-01,2025,Human Resources,HR Manager,0,0.36619718309859156,1,0.2
2656,2025-01-01,2025,Sales,Sales Supervisor,0,0.0681453768038482,0,0.2
2659,2025-01-01,2025,Information Technology,Data Analyst,0,0.0935672514619883,0,0.2
2661,2025-01-01,2025,Sales,Sales Executive,0,0.0681453768038482,0,0.2
2664,2025-01-01,2025,Sales,Sales Executive,0,0.4198473282442748,1,0.2
2668,2025-01-01,2025,Finance,Financial Analyst,0,0.1956521739130435,0,0.2
2669,2025-01-01,2025,Finance,Accountant,0,0.0935672514619883,0,0.2
2670,2025-01-01,2025,Sales,Account Manager,0,0.0935672514619883,0,0.2
2671,2025-01-01,2025,Sales,Sales Representative,0,0.12382739212007504,0,0.2
2673,2025-01-01,2025,Information Technology,QA Engineer,0,0.29411764705882354,1,0.2
2675,2025-01-01,2025,Human Resources,Recruiter,0,0.06978233034571063,0,0.2
2677,2025-01-01,2025,Sales,Account Manager,0,0.0935672514619883,0,0.2
2679,2025-01-01,2025,Operations,Warehouse Supervisor,1,0.12827225130890052,0,0.2
2680,2025-01-01,2025,Marketing,Digital Marketing Specialist,0,0.07101167315175097,0,0.2
2681,2025-01-01,2025,Information Technology,Data Analyst,1,0.05102040816326531,0,0.2
2682,2025-01-01,2025,Marketing,Content Specialist,0,0.3035143769968051,1,0.2
2688,2025-01-01,2025,Marketing,Content Specialist,0,0.32432432432432434,1,0.2
2689,2025-01-01,2025,Human Resources,HR Manager,0,0.0681453768038482,0,0.2
2692,2025-01-01,2025,Finance,Accountant,0,0.05102040816326531,0,0.2
2694,2025-01-01,2025,Operations,Operations Executive,0,0.34782608695652173,1,0.2
2695,2025-01-01,2025,Information Technology,Software Engineer,0,0.1956521739130435,0,0.2
2697,2025-01-01,2025,Human Resources,HR Manager,0,0.06978233034571063,0,0.2
2702,2025-01-01,2025,Human Resources,C&B Specialist,0,0.0681453768038482,0,0.2
2705,2025-01-01,2025,Operations,Operations Manager,0,0.05102040816326531,0,0.2
2707,2025-01-01,2025,Finance,Accountant,0,0.12382739212007504,0,0.2
2709,2025-01-01,2025,Finance,Finance Manager,1,0.0935672514619883,0,0.2
2710,2025-01-01,2025,Finance,Accountant,1,0.21639344262295082,1,0.2
2711,2025-01-01,2025,Operations,Operations Executive,0,0.0935672514619883,0,0.2
2712,2025-01-01,2025,Marketing,Content Specialist,1,0.2163265306122449,1,0.2
2713,2025-01-01,2025,Human Resources,C&B Specialist,0,0.32432432432432434,1,0.2
2716,2025-01-01,2025,Marketing,Marketing Executive,0,0.07101167315175097,0,0.2
2719,2025-01-01,2025,Marketing,Content Specialist,0,0.11397627643115008,0,0.2
2721,2025-01-01,2025,Marketing,Marketing Manager,1,0.29411764705882354,1,0.2
2724,2025-01-01,2025,Marketing,Marketing Executive,0,0.15979381443298968,0,0.2
2726,2025-01-01,2025,Human Resources,C&B Specialist,0,0.0681453768038482,0,0.2
2727,2025-01-01,2025,Marketing,Content Specialist,0,0.13793103448275862,0,0.2
2729,2025-01-01,2025,Marketing,Marketing Manager,0,0.03574033552151714,0,0.2
2730,2025-01-01,2025,Sales,Account Manager,0,0.0681453768038482,0,0.2
2734,2025-01-01,2025,Sales,Sales Supervisor,0,0.13513513513513514,0,0.2
2735,2025-01-01,2025,Finance,Accountant,1,0.22927879440258342,1,0.2
2738,2025-01-01,2025,Finance,Accountant,0,0.06978233034571063,0,0.2
2740,2025-01-01,2025,Operations,Warehouse Supervisor,1,0.32432432432432434,1,0.2
2741,2025-01-01,2025,Operations,Procurement Specialist,0,0.06978233034571063,0,0.2
2743,2025-01-01,2025,Sales,Sales Executive,0,0.0681453768038482,0,0.2
2744,2025-01-01,2025,Marketing,Digital Marketing Specialist,0,0.03574033552151714,0,0.2
2745,2025-01-01,2025,Marketing,Marketing Executive,0,0.07101167315175097,0,0.2
2746,2025-01-01,2025,Sales,Sales Executive,0,0.29411764705882354,1,0.2
2747,2025-01-01,2025,Operations,Warehouse Supervisor,0,0.13513513513513514,0,0.2
2753,2025-01-01,2025,Information Technology,QA Engineer,0,0.0681453768038482,0,0.2
2754,2025-01-01,2025,Operations,Operations Manager,1,0.5116959064327485,1,0.2
2756,2025-01-01,2025,Information Technology,Software Engineer,0,0.1610337972166998,0,0.2
2758,2025-01-01,2025,Finance,Accountant,0,0.0681453768038482,0,0.2
2760,2025-01-01,2025,Human Resources,C&B Specialist,0,0.13513513513513514,0,0.2
2764,2025-01-01,2025,Information Technology,QA Engineer,0,0.3035143769968051,1,0.2
2765,2025-01-01,2025,Operations,Procurement Specialist,0,0.07101167315175097,0,0.2
2767,2025-01-01,2025,Human Resources,Recruiter,0,0.2163265306122449,1,0.2
2770,2025-01-01,2025,Human Resources,Recruiter,0,0.07101167315175097,0,0.2
2771,2025-01-01,2025,Sales,Sales Representative,0,0.25663716814159293,1,0.2
2774,2025-01-01,2025,Human Resources,HR Manager,0,0.11397627643115008,0,0.2
2775,2025-01-01,2025,Human Resources,HR Manager,0,0.0935672514619883,0,0.2
2778,2025-01-01,2025,Marketing,Digital Marketing Specialist,0,0.16176470588235295,0,0.2
2780,2025-01-01,2025,Finance,Internal Auditor,0,0.0935672514619883,0,0.2
2781,2025-01-01,2025,Sales,Sales Representative,0,0.1610337972166998,0,0.2
2784,2025-01-01,2025,Marketing,Marketing Executive,0,0.03574033552151714,0,0.2
2785,2025-01-01,2025,Marketing,Marketing Manager,0,0.06978233034571063,0,0.2
2786,2025-01-01,2025,Human Resources,HR Manager,0,0.1956521739130435,0,0.2
2787,2025-01-01,2025,Finance,Accountant,0,0.1956521739130435,0,0.2
2790,2025-01-01,2025,Information Technology,System Administrator,0,0.1179245283018868,0,0.2
2795,2025-01-01,2025,Human Resources,HR Manager,0,0.0681453768038482,0,0.2
2799,2025-01-01,2025,Marketing,Content Specialist,0,0.07101167315175097,0,0.2
2803,2025-01-01,2025,Sales,Account Manager,0,0.0681453768038482,0,0.2
2804,2025-01-01,2025,Human Resources,Recruiter,0,0.21639344262295082,1,0.2
2806,2025-01-01,2025,Human Resources,HR Executive,0,0.05102040816326531,0,0.2
2810,2025-01-01,2025,Operations,Procurement Specialist,0,0.0681453768038482,0,0.2
2811,2025-01-01,2025,Information Technology,Data Analyst,1,0.4198473282442748,1,0.2
2814,2025-01-01,2025,Marketing,Marketing Executive,0,0.03574033552151714,0,0.2
2815,2025-01-01,2025,Marketing,Marketing Manager,0,0.13513513513513514,0,0.2
2816,2025-01-01,2025,Sales,Sales Representative,1,0.0935672514619883,0,0.2
2819,2025-01-01,2025,Human Resources,Recruiter,0,0.2288135593220339,1,0.2
2820,2025-01-01,2025,Human Resources,Recruiter,0,0.0681453768038482,0,0.2
2821,2025-01-01,2025,Finance,Financial Analyst,0,0.22927879440258342,1,0.2
2822,2025-01-01,2025,Information Technology,Data Analyst,0,0.05102040816326531,0,0.2
2823,2025-01-01,2025,Operations,Operations Manager,0,0.05102040816326531,0,0.2
2824,2025-01-01,2025,Information Technology,QA Engineer,0,0.07101167315175097,0,0.2
2826,2025-01-01,2025,Operations,Procurement Specialist,1,0.1956521739130435,0,0.2
2829,2025-01-01,2025,Operations,Operations Executive,0,0.22927879440258342,1,0.2
2832,2025-01-01,2025,Finance,Finance Manager,0,0.1610337972166998,0,0.2
2834,2025-01-01,2025,Marketing,Marketing Manager,0,0.03574033552151714,0,0.2
2837,2025-01-01,2025,Sales,Account Manager,1,0.07101167315175097,0,0.2
2838,2025-01-01,2025,Marketing,Marketing Manager,1,0.12382739212007504,0,0.2
2840,2025-01-01,2025,Information Technology,QA Engineer,1,0.13513513513513514,0,0.2
2845,2025-01-01,2025,Sales,Sales Executive,0,0.1610337972166998,0,0.2
2846,2025-01-01,2025,Operations,Procurement Specialist,0,0.12827225130890052,0,0.2
2855,2025-01-01,2025,Operations,Operations Manager,0,0.1956521739130435,0,0.2
2860,2025-01-01,2025,Marketing,Marketing Manager,0,0.12382739212007504,0,0.2
2862,2025-01-01,2025,Human Resources,HR Manager,0,0.13513513513513514,0,0.2
2863,2025-01-01,2025,Marketing,Marketing Executive,0,0.13513513513513514,0,0.2
2864,2025-01-01,2025,Operations,Operations Executive,0,0.0681453768038482,0,0.2
2877,2025-01-01,2025,Finance,Accountant,0,0.22927879440258342,1,0.2
2878,2025-01-01,2025,Sales,Sales Representative,0,0.12827225130890052,0,0.2
2881,2025-01-01,2025,Information Technology,Data Analyst,0,0.29411764705882354,1,0.2
2884,2025-01-01,2025,Operations,Warehouse Supervisor,0,0.0681453768038482,0,0.2
2885,2025-01-01,2025,Information Technology,Data Analyst,0,0.21052631578947367,1,0.2
2886,2025-01-01,2025,Marketing,Marketing Manager,1,0.15187376725838264,0,0.2
2887,2025-01-01,2025,Human Resources,HR Executive,0,0.07101167315175097,0,0.2
2893,2025-01-01,2025,Human Resources,C&B Specialist,0,0.05102040816326531,0,0.2
2894,2025-01-01,2025,Marketing,Marketing Manager,0,0.1956521739130435,0,0.2
2898,2025-01-01,2025,Human Resources,Recruiter,0,0.05102040816326531,0,0.2
2901,2025-01-01,2025,Information Technology,QA Engineer,1,0.21639344262295082,1,0.2
2902,2025-01-01,2025,Marketing,Digital Marketing Specialist,0,0.03574033552151714,0,0.2
2909,2025-01-01,2025,Finance,Financial Analyst,0,0.35294117647058826,1,0.2
2913,2025-01-01,2025,Finance,Accountant,0,0.0681453768038482,0,0.2
2919,2025-01-01,2025,Sales,Account Manager,0,0.15187376725838264,0,0.2
2920,2025-01-01,2025,Sales,Sales Executive,0,0.35294117647058826,1,0.2
2921,2025-01-01,2025,Information Technology,IT Support,0,0.15979381443298968,0,0.2
2922,2025-01-01,2025,Human Resources,C&B Specialist,1,0.15187376725838264,0,0.2
2924,2025-01-01,2025,Operations,Operations Manager,0,0.13513513513513514,0,0.2
2926,2025-01-01,2025,Information Technology,Software Engineer,1,0.35294117647058826,1,0.2
2928,2025-01-01,2025,Information Technology,Data Analyst,0,0.06978233034571063,0,0.2
2929,2025-01-01,2025,Finance,Internal Auditor,0,0.2163265306122449,1,0.2
2934,2025-01-01,2025,Operations,Operations Executive,0,0.11397627643115008,0,0.2
2936,2025-01-01,2025,Marketing,Content Specialist,0,0.42701525054466233,1,0.2
2937,2025-01-01,2025,Information Technology,IT Support,0,0.0935672514619883,0,0.2
2942,2025-01-01,2025,Marketing,Marketing Executive,0,0.06978233034571063,0,0.2
2944,2025-01-01,2025,Information Technology,IT Support,0,0.1610337972166998,0,0.2
2945,2025-01-01,2025,Marketing,Marketing Manager,0,0.0935672514619883,0,0.2
2946,2025-01-01,2025,Information Technology,QA Engineer,0,0.11397627643115008,0,0.2
2949,2025-01-01,2025,Marketing,Digital Marketing Specialist,1,0.1610337972166998,0,0.2
2950,2025-01-01,2025,Finance,Accountant,0,0.13513513513513514,0,0.2
2954,2025-01-01,2025,Marketing,Content Specialist,0,0.2777777777777778,1,0.2
2955,2025-01-01,2025,Information Technology,Data Analyst,0,0.0681453768038482,0,0.2
2957,2025-01-01,2025,Finance,Accountant,0,0.1956521739130435,0,0.2
2960,2025-01-01,2025,Operations,Operations Executive,0,0.36619718309859156,1,0.2
2961,2025-01-01,2025,Information Technology,Software Engineer,1,0.22927879440258342,1,0.2
2963,2025-01-01,2025,Marketing,Marketing Executive,0,0.1179245283018868,0,0.2
2964,2025-01-01,2025,Operations,Operations Executive,0,0.0681453768038482,0,0.2
2967,2025-01-01,2025,Finance,Financial Analyst,0,0.12382739212007504,0,0.2
2968,2025-01-01,2025,Human Resources,C&B Specialist,0,0.05102040816326531,0,0.2
2969,2025-01-01,2025,Sales,Sales Representative,0,0.1179245283018868,0,0.2
2972,2025-01-01,2025,Marketing,Content Specialist,0,0.11397627643115008,0,0.2
2975,2025-01-01,2025,Human Resources,HR Executive,0,0.32432432432432434,1,0.2
2978,2025-01-01,2025,Finance,Finance Manager,0,0.07101167315175097,0,0.2
2985,2025-01-01,2025,Sales,Sales Representative,0,0.12827225130890052,0,0.2
2986,2025-01-01,2025,Sales,Account Manager,0,0.3035143769968051,1,0.2
2990,2025-01-01,2025,Human Resources,HR Manager,0,0.11397627643115008,0,0.2
2991,2025-01-01,2025,Information Technology,Data Analyst,0,0.15979381443298968,0,0.2
2994,2025-01-01,2025,Information Technology,Software Engineer,0,0.05102040816326531,0,0.2
2995,2025-01-01,2025,Marketing,Content Specialist,0,0.21639344262295082,1,0.2
2996,2025-01-01,2025,Information Technology,IT Support,0,0.21052631578947367,1,0.2
2997,2025-01-01,2025,Sales,Sales Supervisor,0,0.07101167315175097,0,0.2
2998,2025-01-01,2025,Operations,Operations Manager,1,0.11397627643115008,0,0.2
3000,2025-01-01,2025,Finance,Internal Auditor,0,0.07101167315175097,0,0.2
3004,2025-01-01,2025,Marketing,Marketing Manager,1,0.1179245283018868,0,0.2
3005,2025-01-01,2025,Marketing,Marketing Manager,0,0.03574033552151714,0,0.2
3006,2025-01-01,2025,Information Technology,System Administrator,0,0.0681453768038482,0,0.2
3011,2025-01-01,2025,Sales,Sales Executive,1,0.06978233034571063,0,0.2
3014,2025-01-01,2025,Marketing,Marketing Manager,0,0.11397627643115008,0,0.2
3016,2025-01-01,2025,Information Technology,Data Analyst,0,0.4198473282442748,1,0.2
3017,2025-01-01,2025,Human Resources,HR Executive,1,0.5116959064327485,1,0.2
3018,2025-01-01,2025,Information Technology,Data Analyst,1,0.11397627643115008,0,0.2
3027,2025-01-01,2025,Marketing,Marketing Executive,0,0.1610337972166998,0,0.2
3031,2025-01-01,2025,Operations,Warehouse Supervisor,0,0.0681453768038482,0,0.2
3032,2025-01-01,2025,Human Resources,C&B Specialist,0,0.07101167315175097,0,0.2
3034,2025-01-01,2025,Operations,Warehouse Supervisor,0,0.06978233034571063,0,0.2
3035,2025-01-01,2025,Human Resources,HR Manager,0,0.1610337972166998,0,0.2
3038,2025-01-01,2025,Marketing,Digital Marketing Specialist,0,0.03574033552151714,0,0.2
3041,2025-01-01,2025,Human Resources,HR Executive,0,0.0681453768038482,0,0.2
3044,2025-01-01,2025,Human Resources,C&B Specialist,0,0.1610337972166998,0,0.2
3045,2025-01-01,2025,Operations,Operations Executive,0,0.13513513513513514,0,0.2
3047,2025-01-01,2025,Human Resources,C&B Specialist,0,0.2777777777777778,1,0.2
3049,2025-01-01,2025,Finance,Finance Manager,0,0.11397627643115008,0,0.2
3050,2025-01-01,2025,Human Resources,C&B Specialist,0,0.16176470588235295,0,0.2
3051,2025-01-01,2025,Information Technology,System Administrator,0,0.21639344262295082,1,0.2
3052,2025-01-01,2025,Human Resources,Recruiter,0,0.12382739212007504,0,0.2
3054,2025-01-01,2025,Marketing,Marketing Manager,0,0.13513513513513514,0,0.2
3056,2025-01-01,2025,Operations,Operations Manager,0,0.07101167315175097,0,0.2
3057,2025-01-01,2025,Finance,Finance Manager,0,0.36363636363636365,1,0.2
3059,2025-01-01,2025,Human Resources,C&B Specialist,0,0.05102040816326531,0,0.2
3061,2025-01-01,2025,Marketing,Digital Marketing Specialist,0,0.03574033552151714,0,0.2
3062,2025-01-01,2025,Operations,Operations Manager,0,0.573170731707317,1,0.2
3064,2025-01-01,2025,Finance,Accountant,0,0.33969465648854963,1,0.2
3066,2025-01-01,2025,Human Resources,HR Manager,0,0.1179245283018868,0,0.2
3068,2025-01-01,2025,Human Resources,HR Executive,0,0.3035143769968051,1,0.2
3070,2025-01-01,2025,Marketing,Marketing Manager,0,0.12382739212007504,0,0.2
3072,2025-01-01,2025,Sales,Sales Representative,0,0.0681453768038482,0,0.2
3073,2025-01-01,2025,Finance,Finance Manager,1,0.12382739212007504,0,0.2
3074,2025-01-01,2025,Marketing,Marketing Manager,0,0.15979381443298968,0,0.2
3075,2025-01-01,2025,Finance,Accountant,1,0.21639344262295082,1,0.2
3084,2025-01-01,2025,Operations,Procurement Specialist,0,0.13513513513513514,0,0.2
3086,2025-01-01,2025,Operations,Operations Manager,0,0.11397627643115008,0,0.2
3088,2025-01-01,2025,Information Technology,QA Engineer,0,0.21639344262295082,1,0.2
3092,2025-01-01,2025,Marketing,Marketing Manager,0,0.21639344262295082,1,0.2
3093,2025-01-01,2025,Marketing,Marketing Manager,1,0.11397627643115008,0,0.2
3098,2025-01-01,2025,Operations,Operations Executive,0,0.0681453768038482,0,0.2
3099,2025-01-01,2025,Information Technology,IT Support,0,0.2777777777777778,1,0.2
3101,2025-01-01,2025,Human Resources,HR Manager,0,0.29411764705882354,1,0.2
3102,2025-01-01,2025,Human Resources,C&B Specialist,0,0.0681453768038482,0,0.2
3105,2025-01-01,2025,Finance,Finance Manager,0,0.22927879440258342,1,0.2
3106,2025-01-01,2025,Finance,Finance Manager,0,0.0935672514619883,0,0.2
3107,2025-01-01,2025,Sales,Sales Representative,0,0.11397627643115008,0,0.2
3110,2025-01-01,2025,Finance,Finance Manager,0,0.11397627643115008,0,0.2
3111,2025-01-01,2025,Sales,Account Manager,1,0.2288135593220339,1,0.2
3112,2025-01-01,2025,Information Technology,Data Analyst,1,0.05102040816326531,0,0.2
3113,2025-01-01,2025,Finance,Internal Auditor,0,0.05102040816326531,0,0.2
3115,2025-01-01,2025,Marketing,Marketing Manager,0,0.29411764705882354,1,0.2
3117,2025-01-01,2025,Finance,Financial Analyst,1,0.21639344262295082,1,0.2
3118,2025-01-01,2025,Sales,Sales Supervisor,0,0.05102040816326531,0,0.2
3122,2025-01-01,2025,Marketing,Content Specialist,0,0.22927879440258342,1,0.2
3123,2025-01-01,2025,Sales,Account Manager,0,0.13513513513513514,0,0.2
3125,2025-01-01,2025,Information Technology,Software Engineer,1,0.2608695652173913,1,0.2
3126,2025-01-01,2025,Information Technology,QA Engineer,0,0.16176470588235295,0,0.2
3129,2025-01-01,2025,Marketing,Digital Marketing Specialist,0,0.03574033552151714,0,0.2
3131,2025-01-01,2025,Marketing,Marketing Executive,0,0.33969465648854963,1,0.2
3134,2025-01-01,2025,Operations,Operations Manager,0,0.29411764705882354,1,0.2
3135,2025-01-01,2025,Human Resources,Recruiter,0,0.06978233034571063,0,0.2
3136,2025-01-01,2025,Human Resources,Recruiter,1,0.5416666666666666,1,0.2
3137,2025-01-01,2025,Marketing,Marketing Executive,0,0.03574033552151714,0,0.2
3138,2025-01-01,2025,Sales,Sales Executive,0,0.0681453768038482,0,0.2
3144,2025-01-01,2025,Sales,Sales Supervisor,0,0.7058823529411765,1,0.2
3145,2025-01-01,2025,Information Technology,System Administrator,0,0.1956521739130435,0,0.2
3146,2025-01-01,2025,Information Technology,QA Engineer,0,0.1179245283018868,0,0.2
3150,2025-01-01,2025,Human Resources,Recruiter,0,0.07101167315175097,0,0.2
3154,2025-01-01,2025,Finance,Finance Manager,0,0.05102040816326531,0,0.2
3157,2025-01-01,2025,Marketing,Marketing Executive,0,0.03574033552151714,0,0.2
3163,2025-01-01,2025,Finance,Financial Analyst,0,0.40318302387267907,1,0.2
3165,2025-01-01,2025,Marketing,Marketing Manager,0,0.11397627643115008,0,0.2
3167,2025-01-01,2025,Information Technology,System Administrator,0,0.13513513513513514,0,0.2
3168,2025-01-01,2025,Human Resources,HR Manager,0,0.1986970684039088,0,0.2
3170,2025-01-01,2025,Marketing,Digital Marketing Specialist,0,0.15187376725838264,0,0.2
3171,2025-01-01,2025,Human Resources,HR Manager,0,0.33969465648854963,1,0.2
3172,2025-01-01,2025,Sales,Sales Executive,1,0.29411764705882354,1,0.2
3174,2025-01-01,2025,Finance,Finance Manager,0,0.40318302387267907,1,0.2
3176,2025-01-01,2025,Human Resources,HR Executive,0,0.21052631578947367,1,0.2
3178,2025-01-01,2025,Marketing,Content Specialist,0,0.03574033552151714,0,0.2
3180,2025-01-01,2025,Information Technology,System Administrator,0,0.22927879440258342,1,0.2
3181,2025-01-01,2025,Finance,Finance Manager,0,0.07101167315175097,0,0.2
3182,2025-01-01,2025,Sales,Sales Executive,0,0.07101167315175097,0,0.2
3184,2025-01-01,2025,Human Resources,HR Executive,0,0.05102040816326531,0,0.2
3185,2025-01-01,2025,Information Technology,Data Analyst,1,0.1956521739130435,0,0.2
3186,2025-01-01,2025,Human Resources,HR Executive,0,0.0935672514619883,0,0.2
3189,2025-01-01,2025,Sales,Sales Executive,1,0.21052631578947367,1,0.2
3190,2025-01-01,2025,Marketing,Marketing Manager,1,0.42701525054466233,1,0.2
3191,2025-01-01,2025,Human Resources,C&B Specialist,0,0.0681453768038482,0,0.2
3192,2025-01-01,2025,Information Technology,Software Engineer,0,0.0681453768038482,0,0.2
3195,2025-01-01,2025,Information Technology,QA Engineer,0,0.0681453768038482,0,0.2
3196,2025-01-01,2025,Operations,Warehouse Supervisor,0,0.2163265306122449,1,0.2
3199,2025-01-01,2025,Human Resources,C&B Specialist,0,0.29411764705882354,1,0.2
3200,2025-01-01,2025,Human Resources,HR Executive,0,0.06978233034571063,0,0.2
3201,2025-01-01,2025,Marketing,Content Specialist,1,0.29411764705882354,1,0.2
3202,2025-01-01,2025,Operations,Operations Manager,0,0.4198473282442748,1,0.2
3205,2025-01-01,2025,Human Resources,Recruiter,0,0.11397627643115008,0,0.2
3206,2025-01-01,2025,Marketing,Marketing Executive,0,0.03574033552151714,0,0.2
3207,2025-01-01,2025,Marketing,Content Specialist,0,0.03574033552151714,0,0.2
3208,2025-01-01,2025,Finance,Accountant,0,0.06978233034571063,0,0.2
3210,2025-01-01,2025,Operations,Operations Executive,0,0.0681453768038482,0,0.2
3212,2025-01-01,2025,Marketing,Marketing Manager,0,0.03574033552151714,0,0.2
3215,2025-01-01,2025,Sales,Sales Supervisor,0,0.0681453768038482,0,0.2
3216,2025-01-01,2025,Information Technology,IT Support,0,0.0681453768038482,0,0.2
3217,2025-01-01,2025,Information Technology,Data Analyst,0,0.11397627643115008,0,0.2
3224,2025-01-01,2025,Operations,Warehouse Supervisor,0,0.07101167315175097,0,0.2
3228,2025-01-01,2025,Human Resources,HR Manager,0,0.11397627643115008,0,0.2
3233,2025-01-01,2025,Human Resources,HR Manager,0,0.29411764705882354,1,0.2
3238,2025-01-01,2025,Sales,Sales Supervisor,1,0.4198473282442748,1,0.2
3240,2025-01-01,2025,Operations,Operations Executive,0,0.05102040816326531,0,0.2
3242,2025-01-01,2025,Information Technology,Software Engineer,0,0.15979381443298968,0,0.2
3246,2025-01-01,2025,Sales,Account Manager,0,0.07101167315175097,0,0.2
3247,2025-01-01,2025,Human Resources,Recruiter,0,0.12827225130890052,0,0.2
3248,2025-01-01,2025,Operations,Procurement Specialist,0,0.0681453768038482,0,0.2
3255,2025-01-01,2025,Human Resources,Recruiter,0,0.2777777777777778,1,0.2
3256,2025-01-01,2025,Operations,Operations Manager,0,0.05102040816326531,0,0.2
3257,2025-01-01,2025,Marketing,Marketing Executive,0,0.12382739212007504,0,0.2
3262,2025-01-01,2025,Information Technology,Software Engineer,0,0.0681453768038482,0,0.2
3263,2025-01-01,2025,Operations,Warehouse Supervisor,0,0.06978233034571063,0,0.2
3264,2025-01-01,2025,Operations,Operations Executive,0,0.33969465648854963,1,0.2
3265,2025-01-01,2025,Operations,Operations Executive,0,0.22927879440258342,1,0.2
3266,2025-01-01,2025,Marketing,Marketing Executive,0,0.12827225130890052,0,0.2
3267,2025-01-01,2025,Marketing,Marketing Manager,0,0.24242424242424243,1,0.2
3269,2025-01-01,2025,Human Resources,C&B Specialist,0,0.1956521739130435,0,0.2
3270,2025-01-01,2025,Marketing,Marketing Manager,0,0.03816793893129771,0,0.2
3273,2025-01-01,2025,Sales,Sales Representative,0,0.12382739212007504,0,0.2
3274,2025-01-01,2025,Marketing,Marketing Executive,0,0.21639344262295082,1,0.2
3275,2025-01-01,2025,Sales,Sales Executive,0,0.0681453768038482,0,0.2
3276,2025-01-01,2025,Sales,Sales Representative,0,0.11397627643115008,0,0.2
3280,2025-01-01,2025,Marketing,Content Specialist,0,0.06978233034571063,0,0.2
3283,2025-01-01,2025,Marketing,Content Specialist,0,0.0,0,0.2
3285,2025-01-01,2025,Human Resources,HR Executive,0,0.15187376725838264,0,0.2
3287,2025-01-01,2025,Human Resources,HR Executive,0,0.2777777777777778,1,0.2
3292,2025-01-01,2025,Information Technology,Data Analyst,0,0.06978233034571063,0,0.2
3295,2025-01-01,2025,Finance,Financial Analyst,0,0.15187376725838264,0,0.2
3297,2025-01-01,2025,Human Resources,HR Manager,0,0.13513513513513514,0,0.2
3298,2025-01-01,2025,Marketing,Digital Marketing Specialist,0,0.15979381443298968,0,0.2
3299,2025-01-01,2025,Finance,Finance Manager,1,0.40318302387267907,1,0.2
3300,2025-01-01,2025,Sales,Sales Representative,0,0.42701525054466233,1,0.2
3302,2025-01-01,2025,Human Resources,C&B Specialist,0,0.11397627643115008,0,0.2
3303,2025-01-01,2025,Information Technology,Data Analyst,0,0.0681453768038482,0,0.2
3305,2025-01-01,2025,Operations,Procurement Specialist,0,0.15979381443298968,0,0.2
3306,2025-01-01,2025,Finance,Finance Manager,0,0.06978233034571063,0,0.2
3313,2025-01-01,2025,Information Technology,IT Support,0,0.2777777777777778,1,0.2
3316,2025-01-01,2025,Finance,Finance Manager,0,0.36363636363636365,1,0.2
3317,2025-01-01,2025,Sales,Sales Executive,1,0.21639344262295082,1,0.2
3319,2025-01-01,2025,Finance,Accountant,0,0.05102040816326531,0,0.2
3320,2025-01-01,2025,Finance,Internal Auditor,0,0.2777777777777778,1,0.2
3322,2025-01-01,2025,Human Resources,HR Manager,0,0.16176470588235295,0,0.2
3327,2025-01-01,2025,Operations,Procurement Specialist,0,0.12382739212007504,0,0.2
3329,2025-01-01,2025,Sales,Sales Supervisor,0,0.1986970684039088,0,0.2
3330,2025-01-01,2025,Sales,Sales Supervisor,0,0.1610337972166998,0,0.2
3337,2025-01-01,2025,Information Technology,Data Analyst,0,0.06978233034571063,0,0.2
3342,2025-01-01,2025,Sales,Sales Supervisor,1,0.0681453768038482,0,0.2
3345,2025-01-01,2025,Information Technology,System Administrator,1,0.2777777777777778,1,0.2
3348,2025-01-01,2025,Marketing,Content Specialist,1,0.0935672514619883,0,0.2
3349,2025-01-01,2025,Human Resources,HR Manager,0,0.12382739212007504,0,0.2
3357,2025-01-01,2025,Marketing,Marketing Manager,0,0.12382739212007504,0,0.2
3358,2025-01-01,2025,Operations,Operations Manager,0,0.06978233034571063,0,0.2
3359,2025-01-01,2025,Finance,Finance Manager,1,0.05102040816326531,0,0.2
3362,2025-01-01,2025,Marketing,Digital Marketing Specialist,0,0.03574033552151714,0,0.2
3363,2025-01-01,2025,Operations,Operations Manager,0,0.06978233034571063,0,0.2
3364,2025-01-01,2025,Information Technology,IT Support,0,0.21639344262295082,1,0.2
3365,2025-01-01,2025,Sales,Sales Executive,0,0.05102040816326531,0,0.2
3368,2025-01-01,2025,Operations,Operations Executive,0,0.1610337972166998,0,0.2
3369,2025-01-01,2025,Marketing,Digital Marketing Specialist,0,0.03574033552151714,0,0.2
3370,2025-01-01,2025,Human Resources,C&B Specialist,0,0.0681453768038482,0,0.2
3371,2025-01-01,2025,Human Resources,Recruiter,0,0.1956521739130435,0,0.2
3375,2025-01-01,2025,Sales,Sales Supervisor,0,0.22927879440258342,1,0.2
3379,2025-01-01,2025,Marketing,Digital Marketing Specialist,0,0.03574033552151714,0,0.2
3381,2025-01-01,2025,Human Resources,HR Executive,0,0.12382739212007504,0,0.2
3383,2025-01-01,2025,Finance,Accountant,0,0.11397627643115008,0,0.2
3384,2025-01-01,2025,Finance,Finance Manager,1,0.22927879440258342,1,0.2
3385,2025-01-01,2025,Sales,Sales Representative,0,0.07101167315175097,0,0.2
3392,2025-01-01,2025,Operations,Warehouse Supervisor,0,0.0681453768038482,0,0.2
3393,2025-01-01,2025,Sales,Sales Supervisor,0,0.7,1,0.2
3394,2025-01-01,2025,Sales,Sales Representative,0,0.1179245283018868,0,0.2
3396,2025-01-01,2025,Sales,Account Manager,0,0.06978233034571063,0,0.2
3397,2025-01-01,2025,Human Resources,C&B Specialist,0,0.22927879440258342,1,0.2
3398,2025-01-01,2025,Marketing,Marketing Manager,0,0.12382739212007504,0,0.2
3400,2025-01-01,2025,Finance,Finance Manager,0,0.07101167315175097,0,0.2
3401,2025-01-01,2025,Operations,Operations Executive,0,0.22927879440258342,1,0.2
3403,2025-01-01,2025,Human Resources,Recruiter,0,0.13513513513513514,0,0.2
3405,2025-01-01,2025,Information Technology,IT Support,0,0.07101167315175097,0,0.2
3406,2025-01-01,2025,Information Technology,IT Support,0,0.06978233034571063,0,0.2
3408,2025-01-01,2025,Human Resources,C&B Specialist,0,0.1610337972166998,0,0.2
3411,2025-01-01,2025,Sales,Sales Executive,1,0.2163265306122449,1,0.2
3412,2025-01-01,2025,Finance,Accountant,0,0.0681453768038482,0,0.2
3413,2025-01-01,2025,Finance,Finance Manager,1,0.11397627643115008,0,0.2
3414,2025-01-01,2025,Sales,Sales Executive,0,0.0681453768038482,0,0.2
3416,2025-01-01,2025,Finance,Financial Analyst,0,0.1179245283018868,0,0.2
3424,2025-01-01,2025,Information Technology,QA Engineer,0,0.0681453768038482,0,0.2
3426,2025-01-01,2025,Operations,Operations Executive,0,0.1610337972166998,0,0.2
3430,2025-01-01,2025,Information Technology,Data Analyst,0,0.0681453768038482,0,0.2
3432,2025-01-01,2025,Sales,Sales Supervisor,0,0.07101167315175097,0,0.2
3435,2025-01-01,2025,Information Technology,Data Analyst,0,0.07101167315175097,0,0.2
3436,2025-01-01,2025,Finance,Accountant,0,0.1179245283018868,0,0.2
3437,2025-01-01,2025,Sales,Account Manager,1,0.40318302387267907,1,0.2
3438,2025-01-01,2025,Finance,Accountant,0,0.1610337972166998,0,0.2
3439,2025-01-01,2025,Human Resources,Recruiter,0,0.1986970684039088,0,0.2
3440,2025-01-01,2025,Marketing,Content Specialist,1,0.03574033552151714,0,0.2
3443,2025-01-01,2025,Sales,Account Manager,0,0.32432432432432434,1,0.2
3445,2025-01-01,2025,Information Technology,System Administrator,0,0.0935672514619883,0,0.2
3446,2025-01-01,2025,Sales,Account Manager,0,0.40318302387267907,1,0.2
3449,2025-01-01,2025,Marketing,Marketing Executive,0,0.12382739212007504,0,0.2
3455,2025-01-01,2025,Operations,Procurement Specialist,0,0.12382739212007504,0,0.2
3458,2025-01-01,2025,Marketing,Marketing Manager,0,0.03574033552151714,0,0.2
3459,2025-01-01,2025,Information Technology,QA Engineer,0,0.05102040816326531,0,0.2
3460,2025-01-01,2025,Sales,Account Manager,0,0.1610337972166998,0,0.2
3463,2025-01-01,2025,Finance,Financial Analyst,0,0.0935672514619883,0,0.2
3464,2025-01-01,2025,Human Resources,HR Executive,1,0.1610337972166998,0,0.2
3468,2025-01-01,2025,Information Technology,Data Analyst,0,0.03816793893129771,0,0.2
3469,2025-01-01,2025,Information Technology,Data Analyst,0,0.0681453768038482,0,0.2
3471,2025-01-01,2025,Operations,Procurement Specialist,1,0.15187376725838264,0,0.2
3472,2025-01-01,2025,Human Resources,Recruiter,0,0.07101167315175097,0,0.2
3475,2025-01-01,2025,Human Resources,HR Manager,0,0.21639344262295082,1,0.2
3483,2025-01-01,2025,Finance,Accountant,0,0.12382739212007504,0,0.2
3486,2025-01-01,2025,Marketing,Marketing Manager,0,0.1956521739130435,0,0.2
3488,2025-01-01,2025,Marketing,Marketing Manager,1,0.2163265306122449,1,0.2
3491,2025-01-01,2025,Sales,Account Manager,1,0.0935672514619883,0,0.2
3492,2025-01-01,2025,Operations,Procurement Specialist,1,0.22927879440258342,1,0.2
3495,2025-01-01,2025,Sales,Sales Executive,0,0.0935672514619883,0,0.2
3498,2025-01-01,2025,Human Resources,C&B Specialist,0,0.05102040816326531,0,0.2
3499,2025-01-01,2025,Operations,Operations Manager,0,0.15187376725838264,0,0.2
3500,2025-01-01,2025,Information Technology,Software Engineer,0,0.0681453768038482,0,0.2
3508,2025-01-01,2025,Information Technology,Data Analyst,0,0.33969465648854963,1,0.2
3514,2025-01-01,2025,Finance,Finance Manager,0,0.05102040816326531,0,0.2
3516,2025-01-01,2025,Marketing,Marketing Executive,0,0.13513513513513514,0,0.2
3517,2025-01-01,2025,Marketing,Digital Marketing Specialist,0,0.13513513513513514,0,0.2
3518,2025-01-01,2025,Marketing,Marketing Manager,0,0.2288135593220339,1,0.2
3520,2025-01-01,2025,Operations,Operations Executive,0,0.0935672514619883,0,0.2
3521,2025-01-01,2025,Finance,Finance Manager,0,0.11397627643115008,0,0.2
3522,2025-01-01,2025,Finance,Internal Auditor,0,0.0935672514619883,0,0.2
3523,2025-01-01,2025,Sales,Sales Executive,0,0.15979381443298968,0,0.2
3524,2025-01-01,2025,Operations,Warehouse Supervisor,0,0.12382739212007504,0,0.2
3526,2025-01-01,2025,Information Technology,Software Engineer,0,0.0681453768038482,0,0.2
3529,2025-01-01,2025,Marketing,Marketing Executive,0,0.40318302387267907,1,0.2
3530,2025-01-01,2025,Sales,Sales Executive,0,0.12827225130890052,0,0.2
3533,2025-01-01,2025,Marketing,Digital Marketing Specialist,0,0.03574033552151714,0,0.2
3536,2025-01-01,2025,Marketing,Content Specialist,0,0.1956521739130435,0,0.2
3537,2025-01-01,2025,Sales,Account Manager,0,0.1956521739130435,0,0.2
3538,2025-01-01,2025,Sales,Account Manager,0,0.0935672514619883,0,0.2
3539,2025-01-01,2025,Information Technology,IT Support,0,0.12382739212007504,0,0.2
3543,2025-01-01,2025,Finance,Accountant,0,0.0681453768038482,0,0.2
3545,2025-01-01,2025,Marketing,Content Specialist,0,0.29411764705882354,1,0.2
3546,2025-01-01,2025,Sales,Account Manager,0,0.0681453768038482,0,0.2
3547,2025-01-01,2025,Information Technology,QA Engineer,0,0.40318302387267907,1,0.2
3548,2025-01-01,2025,Marketing,Content Specialist,0,0.03574033552151714,0,0.2
3549,2025-01-01,2025,Marketing,Marketing Manager,0,0.03574033552151714,0,0.2
3553,2025-01-01,2025,Human Resources,HR Executive,0,0.4198473282442748,1,0.2
3555,2025-01-01,2025,Human Resources,C&B Specialist,0,0.15187376725838264,0,0.2
3556,2025-01-01,2025,Human Resources,C&B Specialist,0,0.05102040816326531,0,0.2
3557,2025-01-01,2025,Marketing,Digital Marketing Specialist,0,0.3035143769968051,1,0.2
3559,2025-01-01,2025,Operations,Operations Manager,1,0.12382739212007504,0,0.2
3561,2025-01-01,2025,Information Technology,IT Support,0,0.05102040816326531,0,0.2
3563,2025-01-01,2025,Information Technology,Data Analyst,0,0.07101167315175097,0,0.2
3564,2025-01-01,2025,Sales,Sales Executive,0,0.06978233034571063,0,0.2
3566,2025-01-01,2025,Marketing,Content Specialist,1,0.12382739212007504,0,0.2
3568,2025-01-01,2025,Marketing,Marketing Manager,1,0.1610337972166998,0,0.2
3574,2025-01-01,2025,Operations,Warehouse Supervisor,0,0.12827225130890052,0,0.2
3576,2025-01-01,2025,Information Technology,IT Support,0,0.05102040816326531,0,0.2
3579,2025-01-01,2025,Marketing,Marketing Manager,0,0.12827225130890052,0,0.2
3580,2025-01-01,2025,Operations,Warehouse Supervisor,1,0.05102040816326531,0,0.2
3588,2025-01-01,2025,Sales,Sales Executive,0,0.15187376725838264,0,0.2
3593,2025-01-01,2025,Operations,Operations Executive,0,0.2242152466367713,1,0.2
3598,2025-01-01,2025,Marketing,Marketing Executive,0,0.03574033552151714,0,0.2
3600,2025-01-01,2025,Finance,Financial Analyst,0,0.1610337972166998,0,0.2
3601,2025-01-01,2025,Finance,Financial Analyst,0,0.33969465648854963,1,0.2
3602,2025-01-01,2025,Finance,Finance Manager,0,0.0681453768038482,0,0.2
3603,2025-01-01,2025,Information Technology,System Administrator,1,0.29411764705882354,1,0.2
3604,2025-01-01,2025,Information Technology,QA Engineer,0,0.36619718309859156,1,0.2
3608,2025-01-01,2025,Human Resources,C&B Specialist,0,0.11397627643115008,0,0.2
3609,2025-01-01,2025,Marketing,Marketing Manager,1,0.42701525054466233,1,0.2
3610,2025-01-01,2025,Sales,Sales Executive,0,0.05263157894736842,0,0.2
3611,2025-01-01,2025,Sales,Account Manager,0,0.21639344262295082,1,0.2
3612,2025-01-01,2025,Operations,Warehouse Supervisor,0,0.22927879440258342,1,0.2
3613,2025-01-01,2025,Marketing,Marketing Manager,0,0.1956521739130435,0,0.2
3617,2025-01-01,2025,Finance,Financial Analyst,0,0.0681453768038482,0,0.2
3618,2025-01-01,2025,Information Technology,System Administrator,0,0.0681453768038482,0,0.2
3619,2025-01-01,2025,Operations,Operations Executive,0,0.32432432432432434,1,0.2
3622,2025-01-01,2025,Marketing,Content Specialist,0,0.07101167315175097,0,0.2
3623,2025-01-01,2025,Finance,Accountant,0,0.21639344262295082,1,0.2
3629,2025-01-01,2025,Marketing,Marketing Executive,0,0.0935672514619883,0,0.2
3636,2025-01-01,2025,Marketing,Digital Marketing Specialist,0,0.16129032258064516,0,0.2
3638,2025-01-01,2025,Finance,Internal Auditor,0,0.11397627643115008,0,0.2
3641,2025-01-01,2025,Finance,Internal Auditor,0,0.1956521739130435,0,0.2
3643,2025-01-01,2025,Information Technology,Data Analyst,0,0.13513513513513514,0,0.2
3645,2025-01-01,2025,Finance,Internal Auditor,0,0.05102040816326531,0,0.2
3647,2025-01-01,2025,Sales,Sales Executive,0,0.15979381443298968,0,0.2
3650,2025-01-01,2025,Finance,Finance Manager,0,0.29411764705882354,1,0.2
3655,2025-01-01,2025,Information Technology,System Administrator,0,0.05102040816326531,0,0.2
3656,2025-01-01,2025,Finance,Finance Manager,0,0.11397627643115008,0,0.2
3660,2025-01-01,2025,Sales,Sales Supervisor,0,0.1179245283018868,0,0.2
3662,2025-01-01,2025,Human Resources,HR Executive,1,0.35294117647058826,1,0.2
3664,2025-01-01,2025,Operations,Operations Executive,0,0.12827225130890052,0,0.2
3666,2025-01-01,2025,Information Technology,IT Support,0,0.0681453768038482,0,0.2
3667,2025-01-01,2025,Finance,Internal Auditor,0,0.05102040816326531,0,0.2
3668,2025-01-01,2025,Finance,Financial Analyst,1,0.3035143769968051,1,0.2
3672,2025-01-01,2025,Information Technology,QA Engineer,0,0.05102040816326531,0,0.2
3675,2025-01-01,2025,Human Resources,C&B Specialist,0,0.21639344262295082,1,0.2
3676,2025-01-01,2025,Information Technology,System Administrator,0,0.1610337972166998,0,0.2
3678,2025-01-01,2025,Sales,Account Manager,0,0.4198473282442748,1,0.2
3679,2025-01-01,2025,Information Technology,System Administrator,0,0.06978233034571063,0,0.2
3682,2025-01-01,2025,Operations,Warehouse Supervisor,0,0.06978233034571063,0,0.2
3685,2025-01-01,2025,Sales,Sales Representative,0,0.13513513513513514,0,0.2
3686,2025-01-01,2025,Human Resources,C&B Specialist,0,0.21639344262295082,1,0.2
3688,2025-01-01,2025,Operations,Operations Executive,0,0.0681453768038482,0,0.2
3691,2025-01-01,2025,Finance,Finance Manager,0,0.05102040816326531,0,0.2
3695,2025-01-01,2025,Human Resources,C&B Specialist,0,0.1956521739130435,0,0.2
3698,2025-01-01,2025,Information Technology,Data Analyst,0,0.11397627643115008,0,0.2
3699,2025-01-01,2025,Information Technology,IT Support,0,0.05102040816326531,0,0.2
3701,2025-01-01,2025,Operations,Warehouse Supervisor,0,0.0935672514619883,0,0.2
3702,2025-01-01,2025,Sales,Sales Executive,0,0.0681453768038482,0,0.2
3705,2025-01-01,2025,Human Resources,HR Manager,1,0.21639344262295082,1,0.2
3706,2025-01-01,2025,Information Technology,QA Engineer,1,0.11397627643115008,0,0.2
3707,2025-01-01,2025,Sales,Sales Supervisor,0,0.40318302387267907,1,0.2
3708,2025-01-01,2025,Information Technology,System Administrator,0,0.06978233034571063,0,0.2
3709,2025-01-01,2025,Operations,Warehouse Supervisor,0,0.1179245283018868,0,0.2
3711,2025-01-01,2025,Information Technology,System Administrator,0,0.07101167315175097,0,0.2
3712,2025-01-01,2025,Marketing,Marketing Manager,0,0.32432432432432434,1,0.2
3714,2025-01-01,2025,Marketing,Content Specialist,0,0.13513513513513514,0,0.2
3721,2025-01-01,2025,Finance,Financial Analyst,0,0.15979381443298968,0,0.2
3724,2025-01-01,2025,Information Technology,Data Analyst,0,0.0681453768038482,0,0.2
3725,2025-01-01,2025,Finance,Financial Analyst,0,0.12382739212007504,0,0.2
3726,2025-01-01,2025,Finance,Internal Auditor,0,0.15979381443298968,0,0.2
3727,2025-01-01,2025,Marketing,Marketing Executive,0,0.03574033552151714,0,0.2
3728,2025-01-01,2025,Human Resources,HR Executive,0,0.0681453768038482,0,0.2
3732,2025-01-01,2025,Operations,Operations Manager,1,0.21639344262295082,1,0.2
3737,2025-01-01,2025,Marketing,Marketing Executive,0,0.1956521739130435,0,0.2
3740,2025-01-01,2025,Human Resources,HR Manager,0,0.13513513513513514,0,0.2
3741,2025-01-01,2025,Sales,Sales Executive,0,0.1610337972166998,0,0.2
3742,2025-01-01,2025,Operations,Operations Executive,0,0.13513513513513514,0,0.2
3746,2025-01-01,2025,Human Resources,C&B Specialist,0,0.1956521739130435,0,0.2
3749,2025-01-01,2025,Finance,Accountant,0,0.06978233034571063,0,0.2
3753,2025-01-01,2025,Operations,Warehouse Supervisor,0,0.29411764705882354,1,0.2
3754,2025-01-01,2025,Finance,Accountant,0,0.22927879440258342,1,0.2
3755,2025-01-01,2025,Operations,Operations Executive,0,0.16176470588235295,0,0.2
3758,2025-01-01,2025,Human Resources,C&B Specialist,0,0.12827225130890052,0,0.2
3760,2025-01-01,2025,Operations,Operations Manager,0,0.22927879440258342,1,0.2
3761,2025-01-01,2025,Human Resources,HR Executive,1,0.22927879440258342,1,0.2
3762,2025-01-01,2025,Finance,Internal Auditor,0,0.13513513513513514,0,0.2
3763,2025-01-01,2025,Marketing,Marketing Executive,0,0.0935672514619883,0,0.2
3765,2025-01-01,2025,Sales,Sales Executive,0,0.16176470588235295,0,0.2
3769,2025-01-01,2025,Sales,Sales Executive,1,0.13513513513513514,0,0.2
3770,2025-01-01,2025,Sales,Sales Representative,0,0.06978233034571063,0,0.2
3771,2025-01-01,2025,Sales,Sales Supervisor,0,0.0681453768038482,0,0.2
3774,2025-01-01,2025,Human Resources,C&B Specialist,1,0.29411764705882354,1,0.2
3775,2025-01-01,2025,Marketing,Marketing Manager,0,0.5416666666666666,1,0.2
3777,2025-01-01,2025,Finance,Accountant,0,0.11397627643115008,0,0.2
3781,2025-01-01,2025,Finance,Finance Manager,0,0.05102040816326531,0,0.2
3784,2025-01-01,2025,Human Resources,Recruiter,0,0.22927879440258342,1,0.2
3786,2025-01-01,2025,Marketing,Digital Marketing Specialist,0,0.12382739212007504,0,0.2
3788,2025-01-01,2025,Human Resources,C&B Specialist,1,0.05102040816326531,0,0.2
3790,2025-01-01,2025,Finance,Accountant,1,0.05102040816326531,0,0.2
3794,2025-01-01,2025,Information Technology,QA Engineer,0,0.05102040816326531,0,0.2
3798,2025-01-01,2025,Operations,Procurement Specialist,0,0.1610337972166998,0,0.2
3799,2025-01-01,2025,Human Resources,C&B Specialist,0,0.2163265306122449,1,0.2
3800,2025-01-01,2025,Marketing,Content Specialist,0,0.06978233034571063,0,0.2
3801,2025-01-01,2025,Finance,Financial Analyst,0,0.12827225130890052,0,0.2
3802,2025-01-01,2025,Finance,Accountant,0,0.07101167315175097,0,0.2
3805,2025-01-01,2025,Operations,Procurement Specialist,0,0.05102040816326531,0,0.2
3806,2025-01-01,2025,Operations,Operations Executive,0,0.07101167315175097,0,0.2
3808,2025-01-01,2025,Marketing,Content Specialist,0,0.1956521739130435,0,0.2
3810,2025-01-01,2025,Information Technology,Data Analyst,0,0.1610337972166998,0,0.2
3811,2025-01-01,2025,Finance,Internal Auditor,1,0.22927879440258342,1,0.2
3813,2025-01-01,2025,Marketing,Digital Marketing Specialist,0,0.03574033552151714,0,0.2
3815,2025-01-01,2025,Marketing,Content Specialist,0,0.11397627643115008,0,0.2
3816,2025-01-01,2025,Sales,Sales Executive,0,0.0681453768038482,0,0.2
3818,2025-01-01,2025,Sales,Sales Representative,0,0.0681453768038482,0,0.2
3820,2025-01-01,2025,Human Resources,HR Manager,0,0.12382739212007504,0,0.2
3822,2025-01-01,2025,Marketing,Digital Marketing Specialist,0,0.07101167315175097,0,0.2
3826,2025-01-01,2025,Sales,Sales Supervisor,0,0.32432432432432434,1,0.2
3827,2025-01-01,2025,Information Technology,QA Engineer,0,0.6548672566371682,1,0.2
3828,2025-01-01,2025,Information Technology,Data Analyst,0,0.1610337972166998,0,0.2
3835,2025-01-01,2025,Human Resources,Recruiter,1,0.07101167315175097,0,0.2
3838,2025-01-01,2025,Marketing,Marketing Manager,0,0.03574033552151714,0,0.2
3840,2025-01-01,2025,Marketing,Marketing Executive,0,0.13513513513513514,0,0.2
3843,2025-01-01,2025,Marketing,Marketing Manager,1,0.15187376725838264,0,0.2
3845,2025-01-01,2025,Marketing,Content Specialist,0,0.03574033552151714,0,0.2
3846,2025-01-01,2025,Operations,Warehouse Supervisor,0,0.05102040816326531,0,0.2
3851,2025-01-01,2025,Finance,Internal Auditor,0,0.15187376725838264,0,0.2
3854,2025-01-01,2025,Sales,Sales Executive,0,0.0935672514619883,0,0.2
3858,2025-01-01,2025,Information Technology,IT Support,0,0.1610337972166998,0,0.2
3862,2025-01-01,2025,Finance,Financial Analyst,1,0.21052631578947367,1,0.2
3867,2025-01-01,2025,Human Resources,HR Manager,0,0.22927879440258342,1,0.2
3868,2025-01-01,2025,Sales,Sales Representative,0,0.0681453768038482,0,0.2
3869,2025-01-01,2025,Operations,Procurement Specialist,0,0.05102040816326531,0,0.2
3871,2025-01-01,2025,Information Technology,QA Engineer,0,0.1956521739130435,0,0.2
3884,2025-01-01,2025,Finance,Financial Analyst,0,0.1956521739130435,0,0.2
3887,2025-01-01,2025,Finance,Internal Auditor,0,0.06978233034571063,0,0.2
3890,2025-01-01,2025,Marketing,Content Specialist,1,0.16176470588235295,0,0.2
3891,2025-01-01,2025,Sales,Sales Representative,1,0.6548672566371682,1,0.2
3893,2025-01-01,2025,Operations,Operations Executive,0,0.32432432432432434,1,0.2
3895,2025-01-01,2025,Operations,Operations Manager,0,0.35714285714285715,1,0.2
3897,2025-01-01,2025,Operations,Procurement Specialist,1,0.42701525054466233,1,0.2
3901,2025-01-01,2025,Finance,Financial Analyst,0,0.0681453768038482,0,0.2
3902,2025-01-01,2025,Finance,Financial Analyst,0,0.03816793893129771,0,0.2
3904,2025-01-01,2025,Finance,Finance Manager,1,0.4198473282442748,1,0.2
3905,2025-01-01,2025,Information Technology,QA Engineer,0,0.0681453768038482,0,0.2
3910,2025-01-01,2025,Information Technology,QA Engineer,0,0.0681453768038482,0,0.2
3911,2025-01-01,2025,Information Technology,QA Engineer,0,0.06978233034571063,0,0.2
3912,2025-01-01,2025,Sales,Sales Supervisor,0,0.15187376725838264,0,0.2
3915,2025-01-01,2025,Finance,Internal Auditor,0,0.42701525054466233,1,0.2
3916,2025-01-01,2025,Marketing,Marketing Executive,0,0.1956521739130435,0,0.2
3919,2025-01-01,2025,Marketing,Marketing Manager,0,0.03574033552151714,0,0.2
3921,2025-01-01,2025,Human Resources,HR Executive,0,0.3035143769968051,1,0.2
3922,2025-01-01,2025,Marketing,Content Specialist,0,0.11397627643115008,0,0.2
3929,2025-01-01,2025,Operations,Warehouse Supervisor,1,0.42701525054466233,1,0.2
3930,2025-01-01,2025,Operations,Warehouse Supervisor,1,0.4198473282442748,1,0.2
3932,2025-01-01,2025,Sales,Sales Representative,0,0.12827225130890052,0,0.2
3933,2025-01-01,2025,Operations,Procurement Specialist,0,0.0681453768038482,0,0.2
3937,2025-01-01,2025,Marketing,Marketing Manager,0,0.03574033552151714,0,0.2
3939,2025-01-01,2025,Finance,Finance Manager,0,0.0935672514619883,0,0.2
3940,2025-01-01,2025,Sales,Sales Supervisor,0,0.21639344262295082,1,0.2
3941,2025-01-01,2025,Operations,Operations Manager,1,0.1956521739130435,0,0.2
3943,2025-01-01,2025,Human Resources,Recruiter,1,0.1610337972166998,0,0.2
3950,2025-01-01,2025,Information Technology,QA Engineer,0,0.12382739212007504,0,0.2
3952,2025-01-01,2025,Operations,Warehouse Supervisor,0,0.15979381443298968,0,0.2
3954,2025-01-01,2025,Human Resources,HR Manager,0,0.0681453768038482,0,0.2
3955,2025-01-01,2025,Finance,Financial Analyst,0,0.12382739212007504,0,0.2
3956,2025-01-01,2025,Operations,Warehouse Supervisor,1,0.6923076923076923,1,0.2
3962,2025-01-01,2025,Operations,Operations Manager,0,0.22927879440258342,1,0.2
3963,2025-01-01,2025,Sales,Sales Supervisor,0,0.0681453768038482,0,0.2
3964,2025-01-01,2025,Human Resources,Recruiter,0,0.35294117647058826,1,0.2
3965,2025-01-01,2025,Marketing,Marketing Manager,0,0.03574033552151714,0,0.2
3966,2025-01-01,2025,Operations,Operations Manager,0,0.0681453768038482,0,0.2
3967,2025-01-01,2025,Operations,Operations Executive,0,0.5384615384615384,1,0.2
3968,2025-01-01,2025,Information Technology,IT Support,0,0.13513513513513514,0,0.2
3971,2025-01-01,2025,Operations,Operations Executive,0,0.0681453768038482,0,0.2
3979,2025-01-01,2025,Operations,Operations Executive,1,0.0681453768038482,0,0.2
3984,2025-01-01,2025,Information Technology,Software Engineer,0,0.0681453768038482,0,0.2
3985,2025-01-01,2025,Sales,Account Manager,0,0.22927879440258342,1,0.2
3986,2025-01-01,2025,Marketing,Marketing Executive,0,0.12382739212007504,0,0.2
3990,2025-01-01,2025,Finance,Finance Manager,1,0.12382739212007504,0,0.2
3995,2025-01-01,2025,Sales,Sales Representative,0,0.11397627643115008,0,0.2
3997,2025-01-01,2025,Human Resources,C&B Specialist,0,0.0681453768038482,0,0.2
3998,2025-01-01,2025,Marketing,Content Specialist,0,0.03574033552151714,0,0.2
3999,2025-01-01,2025,Operations,Procurement Specialist,0,0.1179245283018868,0,0.2
4000,2025-01-01,2025,Information Technology,System Administrator,0,0.06978233034571063,0,0.2
4009,2025-01-01,2025,Sales,Account Manager,0,0.0935672514619883,0,0.2
4011,2025-01-01,2025,Operations,Operations Executive,0,0.11397627643115008,0,0.2
4013,2025-01-01,2025,Information Technology,System Administrator,0,0.0681453768038482,0,0.2
4016,2025-01-01,2025,Information Technology,Data Analyst,0,0.06978233034571063,0,0.2
4019,2025-01-01,2025,Operations,Warehouse Supervisor,0,0.1956521739130435,0,0.2
4022,2025-01-01,2025,Marketing,Marketing Executive,1,0.21639344262295082,1,0.2
4024,2025-01-01,2025,Marketing,Marketing Manager,0,0.1610337972166998,0,0.2
4026,2025-01-01,2025,Human Resources,C&B Specialist,0,0.21639344262295082,1,0.2
4030,2025-01-01,2025,Marketing,Digital Marketing Specialist,0,0.03574033552151714,0,0.2
4037,2025-01-01,2025,Sales,Sales Supervisor,0,0.05102040816326531,0,0.2
4042,2025-01-01,2025,Operations,Warehouse Supervisor,0,0.0681453768038482,0,0.2
4045,2025-01-01,2025,Human Resources,C&B Specialist,0,0.42701525054466233,1,0.2
4046,2025-01-01,2025,Sales,Sales Representative,0,0.05102040816326531,0,0.2
4048,2025-01-01,2025,Finance,Accountant,0,0.40318302387267907,1,0.2
4054,2025-01-01,2025,Information Technology,Software Engineer,1,0.3035143769968051,1,0.2
4058,2025-01-01,2025,Finance,Financial Analyst,0,0.22927879440258342,1,0.2
4061,2025-01-01,2025,Finance,Internal Auditor,0,0.0681453768038482,0,0.2
4062,2025-01-01,2025,Marketing,Marketing Executive,0,0.11397627643115008,0,0.2
4063,2025-01-01,2025,Information Technology,Data Analyst,0,0.07101167315175097,0,0.2
4065,2025-01-01,2025,Human Resources,C&B Specialist,0,0.0681453768038482,0,0.2
4067,2025-01-01,2025,Human Resources,Recruiter,0,0.0681453768038482,0,0.2
4068,2025-01-01,2025,Human Resources,C&B Specialist,0,0.2163265306122449,1,0.2
4070,2025-01-01,2025,Human Resources,HR Executive,1,0.1179245283018868,0,0.2
4071,2025-01-01,2025,Finance,Financial Analyst,0,0.07101167315175097,0,0.2
4072,2025-01-01,2025,Information Technology,Data Analyst,0,0.05102040816326531,0,0.2
4074,2025-01-01,2025,Operations,Operations Manager,0,0.0681453768038482,0,0.2
4075,2025-01-01,2025,Marketing,Content Specialist,0,0.11397627643115008,0,0.2
4077,2025-01-01,2025,Marketing,Marketing Manager,0,0.32432432432432434,1,0.2
4078,2025-01-01,2025,Human Resources,HR Manager,0,0.0681453768038482,0,0.2
4079,2025-01-01,2025,Information Technology,IT Support,0,0.0681453768038482,0,0.2
4080,2025-01-01,2025,Operations,Procurement Specialist,0,0.0681453768038482,0,0.2
4081,2025-01-01,2025,Sales,Sales Representative,1,0.42701525054466233,1,0.2
4082,2025-01-01,2025,Human Resources,Recruiter,0,0.2163265306122449,1,0.2
4083,2025-01-01,2025,Sales,Sales Supervisor,0,0.1179245283018868,0,0.2
4084,2025-01-01,2025,Marketing,Content Specialist,0,0.15187376725838264,0,0.2
4086,2025-01-01,2025,Finance,Finance Manager,0,0.13513513513513514,0,0.2
4088,2025-01-01,2025,Human Resources,Recruiter,1,0.1986970684039088,0,0.2
4090,2025-01-01,2025,Human Resources,C&B Specialist,0,0.1956521739130435,0,0.2
4094,2025-01-01,2025,Marketing,Marketing Manager,0,0.03574033552151714,0,0.2
4095,2025-01-01,2025,Sales,Account Manager,0,0.1956521739130435,0,0.2
4097,2025-01-01,2025,Information Technology,Data Analyst,0,0.0681453768038482,0,0.2
4098,2025-01-01,2025,Sales,Sales Representative,0,0.13513513513513514,0,0.2
4099,2025-01-01,2025,Sales,Sales Supervisor,0,0.12382739212007504,0,0.2
4101,2025-01-01,2025,Sales,Sales Representative,0,0.12827225130890052,0,0.2
4102,2025-01-01,2025,Finance,Accountant,0,0.21639344262295082,1,0.2
4103,2025-01-01,2025,Marketing,Digital Marketing Specialist,0,0.29411764705882354,1,0.2
4104,2025-01-01,2025,Marketing,Marketing Executive,0,0.2242152466367713,1,0.2
4106,2025-01-01,2025,Information Technology,QA Engineer,0,0.12382739212007504,0,0.2
4107,2025-01-01,2025,Sales,Sales Supervisor,0,0.06978233034571063,0,0.2
4108,2025-01-01,2025,Information Technology,Software Engineer,0,0.13513513513513514,0,0.2
4113,2025-01-01,2025,Human Resources,HR Executive,0,0.32432432432432434,1,0.2
4120,2025-01-01,2025,Operations,Procurement Specialist,1,0.2242152466367713,1,0.2
4121,2025-01-01,2025,Marketing,Marketing Executive,1,0.1610337972166998,0,0.2
4126,2025-01-01,2025,Human Resources,C&B Specialist,0,0.0681453768038482,0,0.2
4128,2025-01-01,2025,Marketing,Content Specialist,0,0.03574033552151714,0,0.2
4130,2025-01-01,2025,Operations,Procurement Specialist,1,0.1956521739130435,0,0.2
4131,2025-01-01,2025,Human Resources,HR Manager,0,0.22927879440258342,1,0.2
4132,2025-01-01,2025,Human Resources,HR Executive,0,0.0935672514619883,0,0.2
4134,2025-01-01,2025,Finance,Financial Analyst,0,0.1986970684039088,0,0.2
4138,2025-01-01,2025,Finance,Accountant,0,0.21639344262295082,1,0.2
4142,2025-01-01,2025,Operations,Operations Manager,1,0.22927879440258342,1,0.2
4147,2025-01-01,2025,Marketing,Digital Marketing Specialist,0,0.13513513513513514,0,0.2
4153,2025-01-01,2025,Human Resources,HR Executive,0,0.0681453768038482,0,0.2
4154,2025-01-01,2025,Marketing,Marketing Executive,0,0.03574033552151714,0,0.2
4156,2025-01-01,2025,Marketing,Marketing Manager,0,0.0935672514619883,0,0.2
4157,2025-01-01,2025,Information Technology,IT Support,1,0.42701525054466233,1,0.2
4158,2025-01-01,2025,Finance,Accountant,0,0.1956521739130435,0,0.2
4163,2025-01-01,2025,Information Technology,System Administrator,1,0.0935672514619883,0,0.2
4165,2025-01-01,2025,Marketing,Digital Marketing Specialist,0,0.13513513513513514,0,0.2
4166,2025-01-01,2025,Finance,Internal Auditor,0,0.1986970684039088,0,0.2
4167,2025-01-01,2025,Operations,Warehouse Supervisor,0,0.1956521739130435,0,0.2
4170,2025-01-01,2025,Information Technology,Data Analyst,0,0.07101167315175097,0,0.2
4171,2025-01-01,2025,Operations,Procurement Specialist,1,0.22927879440258342,1,0.2
4176,2025-01-01,2025,Sales,Sales Representative,0,0.25663716814159293,1,0.2
4177,2025-01-01,2025,Operations,Operations Executive,0,0.35294117647058826,1,0.2
4180,2025-01-01,2025,Sales,Sales Executive,0,0.11397627643115008,0,0.2
4181,2025-01-01,2025,Sales,Account Manager,0,0.15187376725838264,0,0.2
4183,2025-01-01,2025,Information Technology,IT Support,0,0.07101167315175097,0,0.2
4185,2025-01-01,2025,Operations,Operations Manager,0,0.05102040816326531,0,0.2
4186,2025-01-01,2025,Human Resources,HR Manager,0,0.05102040816326531,0,0.2
4189,2025-01-01,2025,Marketing,Marketing Manager,1,0.3035143769968051,1,0.2
4191,2025-01-01,2025,Marketing,Marketing Manager,1,0.32432432432432434,1,0.2
4192,2025-01-01,2025,Marketing,Content Specialist,0,0.03574033552151714,0,0.2
4194,2025-01-01,2025,Marketing,Marketing Executive,1,0.13513513513513514,0,0.2
4197,2025-01-01,2025,Human Resources,Recruiter,0,0.2288135593220339,1,0.2
4198,2025-01-01,2025,Operations,Procurement Specialist,1,0.5116959064327485,1,0.2
4199,2025-01-01,2025,Marketing,Marketing Manager,0,0.03574033552151714,0,0.2
4200,2025-01-01,2025,Finance,Financial Analyst,0,0.0681453768038482,0,0.2
4201,2025-01-01,2025,Operations,Operations Manager,0,0.0681453768038482,0,0.2
4207,2025-01-01,2025,Information Technology,Software Engineer,0,0.0935672514619883,0,0.2
4208,2025-01-01,2025,Human Resources,C&B Specialist,0,0.3035143769968051,1,0.2
4209,2025-01-01,2025,Sales,Sales Representative,0,0.0681453768038482,0,0.2
4211,2025-01-01,2025,Human Resources,Recruiter,0,0.12382739212007504,0,0.2
4215,2025-01-01,2025,Information Technology,System Administrator,0,0.05102040816326531,0,0.2
4219,2025-01-01,2025,Human Resources,HR Manager,1,0.29411764705882354,1,0.2
4220,2025-01-01,2025,Information Technology,Software Engineer,0,0.1179245283018868,0,0.2
4223,2025-01-01,2025,Sales,Sales Executive,1,0.36619718309859156,1,0.2
4225,2025-01-01,2025,Information Technology,Data Analyst,0,0.11397627643115008,0,0.2
4226,2025-01-01,2025,Marketing,Digital Marketing Specialist,0,0.16129032258064516,0,0.2
4227,2025-01-01,2025,Human Resources,Recruiter,0,0.6153846153846154,1,0.2
4230,2025-01-01,2025,Finance,Financial Analyst,0,0.11397627643115008,0,0.2
4231,2025-01-01,2025,Operations,Procurement Specialist,0,0.11397627643115008,0,0.2
4234,2025-01-01,2025,Information Technology,Data Analyst,0,0.1610337972166998,0,0.2
4235,2025-01-01,2025,Sales,Sales Representative,0,0.1986970684039088,0,0.2
4236,2025-01-01,2025,Marketing,Content Specialist,0,0.11397627643115008,0,0.2
4239,2025-01-01,2025,Operations,Warehouse Supervisor,0,0.22927879440258342,1,0.2
4240,2025-01-01,2025,Operations,Operations Manager,0,0.05102040816326531,0,0.2
4243,2025-01-01,2025,Sales,Sales Representative,0,0.12382739212007504,0,0.2
4245,2025-01-01,2025,Information Technology,System Administrator,0,0.13513513513513514,0,0.2
4247,2025-01-01,2025,Human Resources,HR Executive,0,0.13513513513513514,0,0.2
4249,2025-01-01,2025,Human Resources,Recruiter,0,0.35294117647058826,1,0.2
4250,2025-01-01,2025,Human Resources,Recruiter,0,0.12382739212007504,0,0.2
4252,2025-01-01,2025,Marketing,Marketing Executive,0,0.0935672514619883,0,0.2
4253,2025-01-01,2025,Human Resources,Recruiter,0,0.05102040816326531,0,0.2
4256,2025-01-01,2025,Marketing,Digital Marketing Specialist,1,0.21639344262295082,1,0.2
4257,2025-01-01,2025,Marketing,Digital Marketing Specialist,0,0.1610337972166998,0,0.2
4258,2025-01-01,2025,Finance,Finance Manager,0,0.05102040816326531,0,0.2
4265,2025-01-01,2025,Sales,Sales Supervisor,0,0.05102040816326531,0,0.2
4268,2025-01-01,2025,Information Technology,Data Analyst,1,0.29411764705882354,1,0.2
4271,2025-01-01,2025,Information Technology,IT Support,0,0.0681453768038482,0,0.2
4273,2025-01-01,2025,Human Resources,Recruiter,1,0.42701525054466233,1,0.2
4274,2025-01-01,2025,Human Resources,HR Manager,0,0.06978233034571063,0,0.2
4280,2025-01-01,2025,Information Technology,QA Engineer,0,0.0681453768038482,0,0.2
4283,2025-01-01,2025,Sales,Sales Supervisor,0,0.1956521739130435,0,0.2
4284,2025-01-01,2025,Operations,Operations Executive,1,0.1179245283018868,0,0.2
4285,2025-01-01,2025,Marketing,Content Specialist,0,0.07101167315175097,0,0.2
4286,2025-01-01,2025,Information Technology,Software Engineer,0,0.0681453768038482,0,0.2
4289,2025-01-01,2025,Operations,Operations Manager,0,0.32432432432432434,1,0.2
4291,2025-01-01,2025,Marketing,Marketing Manager,0,0.03574033552151714,0,0.2
4292,2025-01-01,2025,Finance,Financial Analyst,0,0.0935672514619883,0,0.2
4293,2025-01-01,2025,Finance,Finance Manager,0,0.13513513513513514,0,0.2
4294,2025-01-01,2025,Operations,Warehouse Supervisor,0,0.0681453768038482,0,0.2
4295,2025-01-01,2025,Sales,Account Manager,0,0.0935672514619883,0,0.2
4296,2025-01-01,2025,Information Technology,Data Analyst,0,0.29411764705882354,1,0.2
4298,2025-01-01,2025,Sales,Sales Supervisor,0,0.0681453768038482,0,0.2
4299,2025-01-01,2025,Finance,Finance Manager,0,0.1610337972166998,0,0.2
4300,2025-01-01,2025,Marketing,Digital Marketing Specialist,0,0.06978233034571063,0,0.2
4309,2025-01-01,2025,Finance,Finance Manager,0,0.12382739212007504,0,0.2
4310,2025-01-01,2025,Human Resources,HR Manager,0,0.29411764705882354,1,0.2
4311,2025-01-01,2025,Human Resources,HR Manager,0,0.05102040816326531,0,0.2
4313,2025-01-01,2025,Human Resources,HR Manager,0,0.32432432432432434,1,0.2
4315,2025-01-01,2025,Marketing,Marketing Manager,0,0.32432432432432434,1,0.2
4319,2025-01-01,2025,Marketing,Marketing Manager,0,0.07101167315175097,0,0.2
4320,2025-01-01,2025,Information Technology,QA Engineer,0,0.07101167315175097,0,0.2
4321,2025-01-01,2025,Sales,Sales Representative,0,0.0935672514619883,0,0.2
4323,2025-01-01,2025,Marketing,Content Specialist,0,0.12382739212007504,0,0.2
4325,2025-01-01,2025,Finance,Finance Manager,0,0.07101167315175097,0,0.2
4329,2025-01-01,2025,Information Technology,System Administrator,0,0.0935672514619883,0,0.2
4330,2025-01-01,2025,Human Resources,HR Manager,0,0.21639344262295082,1,0.2
4335,2025-01-01,2025,Sales,Sales Supervisor,1,0.29411764705882354,1,0.2
4339,2025-01-01,2025,Human Resources,Recruiter,1,0.35294117647058826,1,0.2
4341,2025-01-01,2025,Sales,Sales Supervisor,0,0.0681453768038482,0,0.2
4342,2025-01-01,2025,Operations,Operations Executive,0,0.07101167315175097,0,0.2
4344,2025-01-01,2025,Operations,Procurement Specialist,0,0.15187376725838264,0,0.2
4345,2025-01-01,2025,Human Resources,HR Executive,1,0.6548672566371682,1,0.2
4346,2025-01-01,2025,Sales,Account Manager,0,0.06978233034571063,0,0.2
4354,2025-01-01,2025,Finance,Accountant,0,0.11397627643115008,0,0.2
4355,2025-01-01,2025,Human Resources,Recruiter,0,0.05102040816326531,0,0.2
4358,2025-01-01,2025,Marketing,Content Specialist,0,0.03574033552151714,0,0.2
4360,2025-01-01,2025,Finance,Accountant,0,0.2777777777777778,1,0.2
4368,2025-01-01,2025,Marketing,Content Specialist,0,0.03574033552151714,0,0.2
4369,2025-01-01,2025,Marketing,Marketing Executive,0,0.11397627643115008,0,0.2
4372,2025-01-01,2025,Operations,Operations Manager,0,0.3035143769968051,1,0.2
4373,2025-01-01,2025,Marketing,Digital Marketing Specialist,0,0.03574033552151714,0,0.2
4375,2025-01-01,2025,Marketing,Marketing Executive,0,0.25663716814159293,1,0.2
4381,2025-01-01,2025,Marketing,Digital Marketing Specialist,0,0.12382739212007504,0,0.2
4382,2025-01-01,2025,Marketing,Digital Marketing Specialist,0,0.32432432432432434,1,0.2
4384,2025-01-01,2025,Human Resources,HR Executive,0,0.0681453768038482,0,0.2
4389,2025-01-01,2025,Finance,Finance Manager,0,0.05102040816326531,0,0.2
4391,2025-01-01,2025,Marketing,Digital Marketing Specialist,0,0.11397627643115008,0,0.2
4393,2025-01-01,2025,Finance,Accountant,0,0.12827225130890052,0,0.2
4396,2025-01-01,2025,Sales,Sales Supervisor,0,0.0681453768038482,0,0.2
4398,2025-01-01,2025,Human Resources,HR Executive,0,0.1986970684039088,0,0.2
4403,2025-01-01,2025,Marketing,Marketing Executive,0,0.11397627643115008,0,0.2
4404,2025-01-01,2025,Marketing,Marketing Manager,0,0.03574033552151714,0,0.2
4406,2025-01-01,2025,Finance,Finance Manager,0,0.13513513513513514,0,0.2
4410,2025-01-01,2025,Sales,Sales Supervisor,1,0.5416666666666666,1,0.2
4411,2025-01-01,2025,Marketing,Marketing Executive,0,0.2608695652173913,1,0.2
4412,2025-01-01,2025,Finance,Internal Auditor,0,0.06978233034571063,0,0.2
4417,2025-01-01,2025,Marketing,Marketing Executive,0,0.03574033552151714,0,0.2
4419,2025-01-01,2025,Human Resources,Recruiter,0,0.05102040816326531,0,0.2
4421,2025-01-01,2025,Human Resources,HR Executive,0,0.05102040816326531,0,0.2
4422,2025-01-01,2025,Finance,Financial Analyst,0,0.06978233034571063,0,0.2
4423,2025-01-01,2025,Information Technology,Data Analyst,0,0.21639344262295082,1,0.2
4424,2025-01-01,2025,Human Resources,C&B Specialist,0,0.2242152466367713,1,0.2
4426,2025-01-01,2025,Operations,Operations Executive,1,0.11397627643115008,0,0.2
4427,2025-01-01,2025,Sales,Account Manager,0,0.0681453768038482,0,0.2
4428,2025-01-01,2025,Information Technology,Data Analyst,0,0.19791666666666666,0,0.2
4429,2025-01-01,2025,Finance,Finance Manager,0,0.0681453768038482,0,0.2
4431,2025-01-01,2025,Information Technology,Software Engineer,0,0.11397627643115008,0,0.2
4432,2025-01-01,2025,Human Resources,Recruiter,0,0.07101167315175097,0,0.2
4433,2025-01-01,2025,Information Technology,Data Analyst,0,0.0681453768038482,0,0.2
4434,2025-01-01,2025,Finance,Finance Manager,0,0.06978233034571063,0,0.2
4435,2025-01-01,2025,Finance,Financial Analyst,0,0.0681453768038482,0,0.2
4436,2025-01-01,2025,Marketing,Marketing Executive,0,0.03574033552151714,0,0.2
4437,2025-01-01,2025,Information Technology,Data Analyst,0,0.12382739212007504,0,0.2
4438,2025-01-01,2025,Sales,Account Manager,0,0.05102040816326531,0,0.2
4440,2025-01-01,2025,Sales,Sales Executive,0,0.16176470588235295,0,0.2
4442,2025-01-01,2025,Marketing,Content Specialist,0,0.13513513513513514,0,0.2
4443,2025-01-01,2025,Marketing,Marketing Executive,0,0.25663716814159293,1,0.2
4446,2025-01-01,2025,Operations,Operations Manager,0,0.1956521739130435,0,0.2
4448,2025-01-01,2025,Information Technology,System Administrator,0,0.1610337972166998,0,0.2
4449,2025-01-01,2025,Finance,Accountant,0,0.12382739212007504,0,0.2
4450,2025-01-01,2025,Human Resources,HR Executive,0,0.0935672514619883,0,0.2
4451,2025-01-01,2025,Sales,Account Manager,0,0.0681453768038482,0,0.2
4453,2025-01-01,2025,Operations,Operations Manager,0,0.13513513513513514,0,0.2
4454,2025-01-01,2025,Human Resources,HR Executive,0,0.0681453768038482,0,0.2
4459,2025-01-01,2025,Sales,Account Manager,0,0.11397627643115008,0,0.2
4461,2025-01-01,2025,Sales,Sales Representative,1,0.1956521739130435,0,0.2
4465,2025-01-01,2025,Information Technology,IT Support,1,0.42701525054466233,1,0.2
4466,2025-01-01,2025,Human Resources,HR Manager,0,0.1986970684039088,0,0.2
4467,2025-01-01,2025,Human Resources,Recruiter,0,0.12382739212007504,0,0.2
4468,2025-01-01,2025,Operations,Operations Manager,0,0.0935672514619883,0,0.2
4472,2025-01-01,2025,Sales,Sales Representative,0,0.0935672514619883,0,0.2
4474,2025-01-01,2025,Operations,Procurement Specialist,1,0.12382739212007504,0,0.2
4475,2025-01-01,2025,Finance,Accountant,0,0.40318302387267907,1,0.2
4476,2025-01-01,2025,Sales,Sales Representative,1,0.11397627643115008,0,0.2
4479,2025-01-01,2025,Information Technology,QA Engineer,1,0.12382739212007504,0,0.2
4480,2025-01-01,2025,Sales,Account Manager,0,0.3035143769968051,1,0.2
4482,2025-01-01,2025,Operations,Operations Manager,1,0.1956521739130435,0,0.2
4483,2025-01-01,2025,Finance,Finance Manager,0,0.15187376725838264,0,0.2
4485,2025-01-01,2025,Sales,Sales Supervisor,0,0.1610337972166998,0,0.2
4492,2025-01-01,2025,Human Resources,HR Manager,0,0.13513513513513514,0,0.2
4495,2025-01-01,2025,Operations,Procurement Specialist,0,0.11397627643115008,0,0.2
4496,2025-01-01,2025,Sales,Sales Executive,0,0.0935672514619883,0,0.2
4498,2025-01-01,2025,Human Resources,HR Executive,0,0.0681453768038482,0,0.2
4499,2025-01-01,2025,Human Resources,HR Executive,0,0.1956521739130435,0,0.2
4500,2025-01-01,2025,Human Resources,Recruiter,1,0.05102040816326531,0,0.2
4503,2025-01-01,2025,Finance,Financial Analyst,0,0.12382739212007504,0,0.2
4504,2025-01-01,2025,Finance,Accountant,0,0.05102040816326531,0,0.2
4510,2025-01-01,2025,Sales,Sales Executive,0,0.13513513513513514,0,0.2
4515,2025-01-01,2025,Human Resources,C&B Specialist,0,0.11397627643115008,0,0.2
4517,2025-01-01,2025,Information Technology,IT Support,0,0.11397627643115008,0,0.2
4519,2025-01-01,2025,Sales,Sales Executive,0,0.0935672514619883,0,0.2
4521,2025-01-01,2025,Information Technology,QA Engineer,1,0.32432432432432434,1,0.2
4522,2025-01-01,2025,Information Technology,System Administrator,0,0.0935672514619883,0,0.2
4523,2025-01-01,2025,Operations,Operations Executive,0,0.1986970684039088,0,0.2
4526,2025-01-01,2025,Sales,Sales Representative,0,0.0681453768038482,0,0.2
4528,2025-01-01,2025,Marketing,Content Specialist,0,0.42701525054466233,1,0.2
4532,2025-01-01,2025,Finance,Accountant,0,0.13513513513513514,0,0.2
4533,2025-01-01,2025,Sales,Sales Executive,1,0.42701525054466233,1,0.2
4535,2025-01-01,2025,Information Technology,QA Engineer,1,0.12827225130890052,0,0.2
4536,2025-01-01,2025,Marketing,Marketing Executive,0,0.21639344262295082,1,0.2
4537,2025-01-01,2025,Sales,Sales Representative,0,0.0681453768038482,0,0.2
4541,2025-01-01,2025,Sales,Sales Executive,1,0.1956521739130435,0,0.2
4543,2025-01-01,2025,Human Resources,Recruiter,0,0.12382739212007504,0,0.2
4544,2025-01-01,2025,Operations,Procurement Specialist,1,0.42701525054466233,1,0.2
4546,2025-01-01,2025,Marketing,Marketing Manager,0,0.07101167315175097,0,0.2
4550,2025-01-01,2025,Sales,Account Manager,0,0.5116959064327485,1,0.2
4556,2025-01-01,2025,Marketing,Marketing Executive,1,0.1610337972166998,0,0.2
4557,2025-01-01,2025,Information Technology,IT Support,1,0.21639344262295082,1,0.2
4558,2025-01-01,2025,Information Technology,Data Analyst,1,0.4198473282442748,1,0.2
4560,2025-01-01,2025,Operations,Warehouse Supervisor,0,0.0681453768038482,0,0.2
4561,2025-01-01,2025,Marketing,Marketing Manager,0,0.03574033552151714,0,0.2
4562,2025-01-01,2025,Human Resources,Recruiter,0,0.33969465648854963,1,0.2
4564,2025-01-01,2025,Finance,Accountant,0,0.05102040816326531,0,0.2
4568,2025-01-01,2025,Finance,Finance Manager,0,0.0681453768038482,0,0.2
4569,2025-01-01,2025,Operations,Procurement Specialist,0,0.0681453768038482,0,0.2
4571,2025-01-01,2025,Information Technology,QA Engineer,0,0.3035143769968051,1,0.2
4573,2025-01-01,2025,Operations,Operations Manager,0,0.11397627643115008,0,0.2
4574,2025-01-01,2025,Operations,Operations Executive,0,0.1610337972166998,0,0.2
4577,2025-01-01,2025,Information Technology,Data Analyst,0,0.29411764705882354,1,0.2
4578,2025-01-01,2025,Operations,Operations Manager,0,0.06978233034571063,0,0.2
4580,2025-01-01,2025,Human Resources,Recruiter,1,0.21639344262295082,1,0.2
4584,2025-01-01,2025,Information Technology,Data Analyst,0,0.0935672514619883,0,0.2
4585,2025-01-01,2025,Sales,Sales Representative,0,0.15979381443298968,0,0.2
4586,2025-01-01,2025,Human Resources,C&B Specialist,0,0.07101167315175097,0,0.2
4587,2025-01-01,2025,Finance,Internal Auditor,0,0.05102040816326531,0,0.2
4592,2025-01-01,2025,Operations,Procurement Specialist,0,0.05102040816326531,0,0.2
4594,2025-01-01,2025,Sales,Sales Supervisor,0,0.07101167315175097,0,0.2
4595,2025-01-01,2025,Operations,Warehouse Supervisor,0,0.1610337972166998,0,0.2
4596,2025-01-01,2025,Operations,Operations Executive,0,0.2163265306122449,1,0.2
4598,2025-01-01,2025,Sales,Sales Executive,0,0.13513513513513514,0,0.2
4600,2025-01-01,2025,Information Technology,System Administrator,0,0.0681453768038482,0,0.2
4602,2025-01-01,2025,Marketing,Content Specialist,0,0.0935672514619883,0,0.2
4603,2025-01-01,2025,Sales,Sales Representative,0,0.05102040816326531,0,0.2
4606,2025-01-01,2025,Sales,Sales Executive,0,0.0681453768038482,0,0.2
4607,2025-01-01,2025,Sales,Sales Representative,0,0.0681453768038482,0,0.2
4608,2025-01-01,2025,Sales,Sales Supervisor,0,0.4198473282442748,1,0.2
4609,2025-01-01,2025,Marketing,Marketing Manager,0,0.0935672514619883,0,0.2
4610,2025-01-01,2025,Finance,Internal Auditor,0,0.0681453768038482,0,0.2
4612,2025-01-01,2025,Marketing,Marketing Executive,0,0.06978233034571063,0,0.2
4614,2025-01-01,2025,Human Resources,HR Executive,0,0.0681453768038482,0,0.2
4615,2025-01-01,2025,Marketing,Marketing Manager,0,0.03574033552151714,0,0.2
4616,2025-01-01,2025,Marketing,Content Specialist,0,0.11397627643115008,0,0.2
4617,2025-01-01,2025,Information Technology,System Administrator,0,0.06978233034571063,0,0.2
4621,2025-01-01,2025,Information Technology,IT Support,0,0.0681453768038482,0,0.2
4622,2025-01-01,2025,Marketing,Content Specialist,0,0.06978233034571063,0,0.2
4625,2025-01-01,2025,Marketing,Marketing Executive,0,0.5116959064327485,1,0.2
4626,2025-01-01,2025,Operations,Operations Manager,0,0.12382739212007504,0,0.2
4628,2025-01-01,2025,Information Technology,System Administrator,0,0.13513513513513514,0,0.2
4630,2025-01-01,2025,Operations,Operations Manager,0,0.1610337972166998,0,0.2
4633,2025-01-01,2025,Finance,Accountant,1,0.16176470588235295,0,0.2
4638,2025-01-01,2025,Marketing,Digital Marketing Specialist,1,0.0935672514619883,0,0.2
4639,2025-01-01,2025,Information Technology,System Administrator,0,0.0935672514619883,0,0.2
4640,2025-01-01,2025,Finance,Finance Manager,0,0.1179245283018868,0,0.2
4641,2025-01-01,2025,Finance,Financial Analyst,0,0.07101167315175097,0,0.2
4642,2025-01-01,2025,Operations,Warehouse Supervisor,0,0.15187376725838264,0,0.2
4644,2025-01-01,2025,Operations,Procurement Specialist,0,0.29411764705882354,1,0.2
4650,2025-01-01,2025,Human Resources,HR Executive,0,0.16176470588235295,0,0.2
4651,2025-01-01,2025,Finance,Accountant,0,0.5416666666666666,1,0.2
4652,2025-01-01,2025,Finance,Accountant,0,0.05102040816326531,0,0.2
4653,2025-01-01,2025,Marketing,Marketing Manager,0,0.5116959064327485,1,0.2
4659,2025-01-01,2025,Human Resources,C&B Specialist,0,0.05102040816326531,0,0.2
4661,2025-01-01,2025,Information Technology,Software Engineer,0,0.12382739212007504,0,0.2
4662,2025-01-01,2025,Information Technology,QA Engineer,1,0.1610337972166998,0,0.2
4663,2025-01-01,2025,Finance,Financial Analyst,0,0.0681453768038482,0,0.2
4664,2025-01-01,2025,Operations,Operations Manager,0,0.1956521739130435,0,0.2
4667,2025-01-01,2025,Sales,Sales Representative,0,0.06978233034571063,0,0.2
4669,2025-01-01,2025,Marketing,Marketing Executive,0,0.2163265306122449,1,0.2
4671,2025-01-01,2025,Information Technology,System Administrator,1,0.32432432432432434,1,0.2
4676,2025-01-01,2025,Human Resources,HR Executive,0,0.15187376725838264,0,0.2
4677,2025-01-01,2025,Human Resources,HR Manager,0,0.05102040816326531,0,0.2
4679,2025-01-01,2025,Sales,Account Manager,0,0.07101167315175097,0,0.2
4681,2025-01-01,2025,Operations,Operations Manager,0,0.2288135593220339,1,0.2
4682,2025-01-01,2025,Human Resources,HR Executive,1,0.0935672514619883,0,0.2
4684,2025-01-01,2025,Operations,Operations Executive,0,0.5116959064327485,1,0.2
4685,2025-01-01,2025,Marketing,Marketing Manager,1,0.03574033552151714,0,0.2
4686,2025-01-01,2025,Sales,Sales Executive,0,0.21052631578947367,1,0.2
4687,2025-01-01,2025,Marketing,Content Specialist,0,0.03574033552151714,0,0.2
4690,2025-01-01,2025,Marketing,Marketing Manager,0,0.40318302387267907,1,0.2
4693,2025-01-01,2025,Operations,Procurement Specialist,0,0.11397627643115008,0,0.2
4694,2025-01-01,2025,Marketing,Content Specialist,0,0.11397627643115008,0,0.2
4696,2025-01-01,2025,Human Resources,C&B Specialist,0,0.12382739212007504,0,0.2
4704,2025-01-01,2025,Finance,Internal Auditor,0,0.15187376725838264,0,0.2
4705,2025-01-01,2025,Information Technology,System Administrator,0,0.05102040816326531,0,0.2
4706,2025-01-01,2025,Human Resources,HR Executive,1,0.35294117647058826,1,0.2
4707,2025-01-01,2025,Information Technology,Software Engineer,0,0.07101167315175097,0,0.2
4709,2025-01-01,2025,Sales,Sales Supervisor,0,0.16176470588235295,0,0.2
4710,2025-01-01,2025,Finance,Financial Analyst,0,0.1956521739130435,0,0.2
4711,2025-01-01,2025,Operations,Operations Manager,0,0.21639344262295082,1,0.2
4712,2025-01-01,2025,Finance,Financial Analyst,0,0.11397627643115008,0,0.2
4713,2025-01-01,2025,Marketing,Content Specialist,0,0.13513513513513514,0,0.2
4716,2025-01-01,2025,Human Resources,HR Executive,0,0.12827225130890052,0,0.2
4717,2025-01-01,2025,Sales,Sales Supervisor,1,0.22927879440258342,1,0.2
4719,2025-01-01,2025,Marketing,Digital Marketing Specialist,0,0.1956521739130435,0,0.2
4722,2025-01-01,2025,Operations,Warehouse Supervisor,0,0.5116959064327485,1,0.2
4725,2025-01-01,2025,Sales,Sales Executive,0,0.0935672514619883,0,0.2
4727,2025-01-01,2025,Human Resources,C&B Specialist,0,0.11397627643115008,0,0.2
4728,2025-01-01,2025,Sales,Sales Supervisor,0,0.22927879440258342,1,0.2
4729,2025-01-01,2025,Finance,Internal Auditor,0,0.11397627643115008,0,0.2
4730,2025-01-01,2025,Information Technology,Software Engineer,1,0.15979381443298968,0,0.2
4735,2025-01-01,2025,Information Technology,QA Engineer,0,0.12382739212007504,0,0.2
4736,2025-01-01,2025,Information Technology,System Administrator,0,0.05102040816326531,0,0.2
4739,2025-01-01,2025,Human Resources,HR Manager,1,0.05102040816326531,0,0.2
4740,2025-01-01,2025,Human Resources,HR Executive,0,0.06978233034571063,0,0.2
4741,2025-01-01,2025,Marketing,Marketing Manager,0,0.11397627643115008,0,0.2
4746,2025-01-01,2025,Information Technology,IT Support,0,0.0681453768038482,0,0.2
4747,2025-01-01,2025,Operations,Operations Executive,0,0.0681453768038482,0,0.2
4748,2025-01-01,2025,Operations,Warehouse Supervisor,0,0.2242152466367713,1,0.2
4750,2025-01-01,2025,Finance,Accountant,0,0.05102040816326531,0,0.2
4751,2025-01-01,2025,Information Technology,System Administrator,0,0.0681453768038482,0,0.2
4752,2025-01-01,2025,Marketing,Content Specialist,0,0.22927879440258342,1,0.2
4754,2025-01-01,2025,Finance,Accountant,0,0.24242424242424243,1,0.2
4756,2025-01-01,2025,Sales,Sales Representative,0,0.0681453768038482,0,0.2
4757,2025-01-01,2025,Sales,Sales Representative,0,0.42701525054466233,1,0.2
4759,2025-01-01,2025,Marketing,Marketing Executive,1,0.12382739212007504,0,0.2
4764,2025-01-01,2025,Information Technology,System Administrator,0,0.1610337972166998,0,0.2
4767,2025-01-01,2025,Marketing,Digital Marketing Specialist,1,0.29411764705882354,1,0.2
4769,2025-01-01,2025,Information Technology,Software Engineer,1,0.1986970684039088,0,0.2
4774,2025-01-01,2025,Sales,Sales Supervisor,0,0.11397627643115008,0,0.2
4775,2025-01-01,2025,Operations,Procurement Specialist,0,0.3035143769968051,1,0.2
4776,2025-01-01,2025,Sales,Account Manager,0,0.15187376725838264,0,0.2
4778,2025-01-01,2025,Information Technology,Software Engineer,1,0.0935672514619883,0,0.2
4783,2025-01-01,2025,Human Resources,HR Executive,0,0.15979381443298968,0,0.2
4784,2025-01-01,2025,Operations,Operations Manager,0,0.1956521739130435,0,0.2
4785,2025-01-01,2025,Information Technology,IT Support,0,0.29411764705882354,1,0.2
4786,2025-01-01,2025,Human Resources,HR Manager,0,0.11397627643115008,0,0.2
4787,2025-01-01,2025,Sales,Sales Representative,0,0.0681453768038482,0,0.2
4788,2025-01-01,2025,Information Technology,QA Engineer,0,0.12382739212007504,0,0.2
4789,2025-01-01,2025,Sales,Sales Executive,0,0.05102040816326531,0,0.2
4792,2025-01-01,2025,Human Resources,HR Executive,0,0.3035143769968051,1,0.2
4800,2025-01-01,2025,Sales,Account Manager,1,0.1986970684039088,0,0.2
4802,2025-01-01,2025,Operations,Operations Executive,0,0.1956521739130435,0,0.2
4804,2025-01-01,2025,Marketing,Marketing Executive,0,0.11397627643115008,0,0.2
4811,2025-01-01,2025,Sales,Sales Representative,0,0.15979381443298968,0,0.2
4813,2025-01-01,2025,Sales,Account Manager,0,0.12382739212007504,0,0.2
4815,2025-01-01,2025,Sales,Account Manager,0,0.11397627643115008,0,0.2
4816,2025-01-01,2025,Information Technology,System Administrator,0,0.12382739212007504,0,0.2
4821,2025-01-01,2025,Sales,Account Manager,0,0.0681453768038482,0,0.2
4823,2025-01-01,2025,Operations,Operations Manager,1,0.5116959064327485,1,0.2
4824,2025-01-01,2025,Marketing,Digital Marketing Specialist,0,0.11397627643115008,0,0.2
4828,2025-01-01,2025,Information Technology,Data Analyst,0,0.05102040816326531,0,0.2
4835,2025-01-01,2025,Human Resources,HR Manager,0,0.05102040816326531,0,0.2
4841,2025-01-01,2025,Information Technology,Software Engineer,0,0.11397627643115008,0,0.2
4845,2025-01-01,2025,Finance,Accountant,0,0.22927879440258342,1,0.2
4850,2025-01-01,2025,Finance,Finance Manager,0,0.29411764705882354,1,0.2
4852,2025-01-01,2025,Marketing,Marketing Manager,0,0.06978233034571063,0,0.2
4855,2025-01-01,2025,Operations,Warehouse Supervisor,0,0.0681453768038482,0,0.2
4858,2025-01-01,2025,Marketing,Content Specialist,0,0.11397627643115008,0,0.2
4860,2025-01-01,2025,Sales,Sales Supervisor,1,0.15979381443298968,0,0.2
4863,2025-01-01,2025,Human Resources,Recruiter,0,0.1956521739130435,0,0.2
4866,2025-01-01,2025,Operations,Procurement Specialist,0,0.0681453768038482,0,0.2
4867,2025-01-01,2025,Operations,Procurement Specialist,1,0.22927879440258342,1,0.2
4868,2025-01-01,2025,Finance,Accountant,0,0.1956521739130435,0,0.2
4869,2025-01-01,2025,Information Technology,System Administrator,0,0.07101167315175097,0,0.2
4870,2025-01-01,2025,Finance,Financial Analyst,0,0.33969465648854963,1,0.2
4875,2025-01-01,2025,Information Technology,System Administrator,0,0.0935672514619883,0,0.2
4879,2025-01-01,2025,Human Resources,C&B Specialist,0,0.1956521739130435,0,0.2
4882,2025-01-01,2025,Sales,Sales Executive,0,0.0681453768038482,0,0.2
4883,2025-01-01,2025,Marketing,Marketing Manager,1,0.03574033552151714,0,0.2
4884,2025-01-01,2025,Sales,Sales Executive,0,0.13513513513513514,0,0.2
4885,2025-01-01,2025,Marketing,Digital Marketing Specialist,0,0.12382739212007504,0,0.2
4887,2025-01-01,2025,Operations,Operations Executive,0,0.06978233034571063,0,0.2
4890,2025-01-01,2025,Sales,Sales Representative,0,0.05102040816326531,0,0.2
4891,2025-01-01,2025,Sales,Sales Executive,0,0.22927879440258342,1,0.2
4893,2025-01-01,2025,Operations,Operations Executive,1,0.1610337972166998,0,0.2
4894,2025-01-01,2025,Human Resources,C&B Specialist,0,0.05102040816326531,0,0.2
4899,2025-01-01,2025,Finance,Financial Analyst,0,0.13513513513513514,0,0.2
4900,2025-01-01,2025,Operations,Operations Manager,0,0.07101167315175097,0,0.2
4901,2025-01-01,2025,Operations,Operations Executive,0,0.33969465648854963,1,0.2
4902,2025-01-01,2025,Human Resources,HR Executive,0,0.0935672514619883,0,0.2
4904,2025-01-01,2025,Human Resources,HR Manager,0,0.1610337972166998,0,0.2
4905,2025-01-01,2025,Information Technology,IT Support,0,0.06978233034571063,0,0.2
4907,2025-01-01,2025,Human Resources,HR Executive,0,0.13513513513513514,0,0.2
4910,2025-01-01,2025,Finance,Financial Analyst,0,0.0681453768038482,0,0.2
4912,2025-01-01,2025,Marketing,Content Specialist,0,0.0935672514619883,0,0.2
4914,2025-01-01,2025,Finance,Accountant,0,0.0681453768038482,0,0.2
4915,2025-01-01,2025,Sales,Sales Supervisor,1,0.32432432432432434,1,0.2
4917,2025-01-01,2025,Operations,Operations Executive,0,0.1956521739130435,0,0.2
4918,2025-01-01,2025,Finance,Internal Auditor,0,0.33969465648854963,1,0.2
4920,2025-01-01,2025,Information Technology,Data Analyst,0,0.05102040816326531,0,0.2
4923,2025-01-01,2025,Information Technology,IT Support,0,0.05102040816326531,0,0.2
4926,2025-01-01,2025,Human Resources,Recruiter,0,0.19791666666666666,0,0.2
4927,2025-01-01,2025,Human Resources,HR Executive,0,0.11397627643115008,0,0.2
4928,2025-01-01,2025,Human Resources,HR Manager,0,0.0681453768038482,0,0.2
4929,2025-01-01,2025,Marketing,Marketing Manager,1,0.07101167315175097,0,0.2
4930,2025-01-01,2025,Information Technology,Data Analyst,1,0.1610337972166998,0,0.2
4931,2025-01-01,2025,Sales,Sales Supervisor,0,0.0681453768038482,0,0.2
4935,2025-01-01,2025,Operations,Procurement Specialist,0,0.15187376725838264,0,0.2
4936,2025-01-01,2025,Operations,Operations Manager,1,0.05102040816326531,0,0.2
4937,2025-01-01,2025,Marketing,Marketing Manager,0,0.1610337972166998,0,0.2
4939,2025-01-01,2025,Finance,Financial Analyst,0,0.11397627643115008,0,0.2
4940,2025-01-01,2025,Marketing,Marketing Executive,0,0.03574033552151714,0,0.2
4942,2025-01-01,2025,Human Resources,Recruiter,0,0.2163265306122449,1,0.2
4943,2025-01-01,2025,Marketing,Digital Marketing Specialist,1,0.15187376725838264,0,0.2
4951,2025-01-01,2025,Finance,Financial Analyst,0,0.1610337972166998,0,0.2
4953,2025-01-01,2025,Finance,Accountant,0,0.1986970684039088,0,0.2
4956,2025-01-01,2025,Sales,Account Manager,0,0.22927879440258342,1,0.2
4962,2025-01-01,2025,Marketing,Marketing Manager,0,0.25663716814159293,1,0.2
4964,2025-01-01,2025,Marketing,Marketing Executive,0,0.35294117647058826,1,0.2
4966,2025-01-01,2025,Operations,Warehouse Supervisor,0,0.36619718309859156,1,0.2
4969,2025-01-01,2025,Information Technology,System Administrator,0,0.0681453768038482,0,0.2
4970,2025-01-01,2025,Marketing,Marketing Executive,0,0.1610337972166998,0,0.2
4971,2025-01-01,2025,Sales,Sales Executive,0,0.05102040816326531,0,0.2
4975,2025-01-01,2025,Sales,Sales Executive,0,0.1956521739130435,0,0.2
4976,2025-01-01,2025,Sales,Account Manager,0,0.0681453768038482,0,0.2
4985,2025-01-01,2025,Information Technology,IT Support,0,0.2163265306122449,1,0.2
4989,2025-01-01,2025,Sales,Account Manager,0,0.0681453768038482,0,0.2
4991,2025-01-01,2025,Operations,Operations Executive,0,0.22927879440258342,1,0.2
4994,2025-01-01,2025,Marketing,Digital Marketing Specialist,0,0.03574033552151714,0,0.2
5002,2025-01-01,2025,Finance,Financial Analyst,0,0.05102040816326531,0,0.2
5003,2025-01-01,2025,Human Resources,Recruiter,0,0.0681453768038482,0,0.2
5004,2025-01-01,2025,Information Technology,IT Support,0,0.0935672514619883,0,0.2
5005,2025-01-01,2025,Operations,Procurement Specialist,0,0.21639344262295082,1,0.2
5007,2025-01-01,2025,Operations,Warehouse Supervisor,0,0.05102040816326531,0,0.2
5008,2025-01-01,2025,Finance,Internal Auditor,0,0.0681453768038482,0,0.2
5009,2025-01-01,2025,Human Resources,Recruiter,0,0.35294117647058826,1,0.2
5012,2025-01-01,2025,Marketing,Marketing Manager,0,0.03574033552151714,0,0.2
5013,2025-01-01,2025,Sales,Sales Executive,0,0.12382739212007504,0,0.2
5014,2025-01-01,2025,Human Resources,C&B Specialist,0,0.0681453768038482,0,0.2
5021,2025-01-01,2025,Marketing,Marketing Executive,0,0.06978233034571063,0,0.2
5022,2025-01-01,2025,Sales,Sales Executive,0,0.05102040816326531,0,0.2
5025,2025-01-01,2025,Marketing,Content Specialist,0,0.03574033552151714,0,0.2
5026,2025-01-01,2025,Information Technology,QA Engineer,0,0.11397627643115008,0,0.2
5029,2025-01-01,2025,Human Resources,HR Manager,0,0.0681453768038482,0,0.2
5031,2025-01-01,2025,Sales,Sales Representative,0,0.07101167315175097,0,0.2
5033,2025-01-01,2025,Finance,Internal Auditor,0,0.13513513513513514,0,0.2
5035,2025-01-01,2025,Marketing,Marketing Executive,0,0.15979381443298968,0,0.2
5036,2025-01-01,2025,Finance,Finance Manager,0,0.06978233034571063,0,0.2
5037,2025-01-01,2025,Sales,Sales Executive,0,0.0681453768038482,0,0.2
5038,2025-01-01,2025,Information Technology,System Administrator,1,0.3035143769968051,1,0.2
5039,2025-01-01,2025,Finance,Accountant,0,0.12382739212007504,0,0.2
5042,2025-01-01,2025,Operations,Procurement Specialist,0,0.05102040816326531,0,0.2
5045,2025-01-01,2025,Information Technology,System Administrator,0,0.07101167315175097,0,0.2
5046,2025-01-01,2025,Human Resources,Recruiter,1,0.0935672514619883,0,0.2
5048,2025-01-01,2025,Operations,Procurement Specialist,1,0.22927879440258342,1,0.2
5049,2025-01-01,2025,Marketing,Marketing Manager,0,0.03816793893129771,0,0.2
5052,2025-01-01,2025,Human Resources,HR Executive,0,0.22927879440258342,1,0.2
5053,2025-01-01,2025,Finance,Internal Auditor,0,0.06978233034571063,0,0.2
5054,2025-01-01,2025,Information Technology,QA Engineer,0,0.42701525054466233,1,0.2
5056,2025-01-01,2025,Human Resources,C&B Specialist,0,0.0681453768038482,0,0.2
5058,2025-01-01,2025,Information Technology,Data Analyst,0,0.1956521739130435,0,0.2
5059,2025-01-01,2025,Operations,Warehouse Supervisor,1,0.11397627643115008,0,0.2
5064,2025-01-01,2025,Marketing,Content Specialist,0,0.1179245283018868,0,0.2
5068,2025-01-01,2025,Information Technology,Software Engineer,0,0.0935672514619883,0,0.2
5069,2025-01-01,2025,Operations,Procurement Specialist,0,0.05102040816326531,0,0.2
5075,2025-01-01,2025,Operations,Warehouse Supervisor,0,0.0935672514619883,0,0.2
5077,2025-01-01,2025,Finance,Financial Analyst,1,0.15187376725838264,0,0.2
5079,2025-01-01,2025,Finance,Financial Analyst,0,0.2163265306122449,1,0.2
5082,2025-01-01,2025,Information Technology,IT Support,0,0.05102040816326531,0,0.2
5084,2025-01-01,2025,Human Resources,HR Manager,0,0.07101167315175097,0,0.2
5086,2025-01-01,2025,Finance,Financial Analyst,0,0.0681453768038482,0,0.2
5087,2025-01-01,2025,Information Technology,QA Engineer,1,0.1610337972166998,0,0.2
5088,2025-01-01,2025,Information Technology,IT Support,0,0.05102040816326531,0,0.2
5093,2025-01-01,2025,Information Technology,Data Analyst,1,0.2727272727272727,1,0.2
5094,2025-01-01,2025,Marketing,Marketing Manager,0,0.11397627643115008,0,0.2
5098,2025-01-01,2025,Sales,Account Manager,0,0.1956521739130435,0,0.2
5099,2025-01-01,2025,Sales,Sales Representative,0,0.11397627643115008,0,0.2
5101,2025-01-01,2025,Operations,Procurement Specialist,0,0.0935672514619883,0,0.2
5103,2025-01-01,2025,Marketing,Digital Marketing Specialist,0,0.06978233034571063,0,0.2
5106,2025-01-01,2025,Sales,Sales Supervisor,0,0.0681453768038482,0,0.2
5107,2025-01-01,2025,Human Resources,Recruiter,0,0.12827225130890052,0,0.2
5109,2025-01-01,2025,Human Resources,HR Manager,0,0.12382739212007504,0,0.2
5115,2025-01-01,2025,Marketing,Marketing Executive,0,0.13513513513513514,0,0.2
5117,2025-01-01,2025,Information Technology,Software Engineer,0,0.07101167315175097,0,0.2
5118,2025-01-01,2025,Information Technology,Software Engineer,0,0.8823529411764706,1,0.2
5119,2025-01-01,2025,Sales,Sales Executive,0,0.42701525054466233,1,0.2
5120,2025-01-01,2025,Information Technology,IT Support,0,0.12382739212007504,0,0.2
5121,2025-01-01,2025,Operations,Operations Executive,0,0.0681453768038482,0,0.2
5126,2025-01-01,2025,Finance,Accountant,0,0.2163265306122449,1,0.2
5127,2025-01-01,2025,Sales,Sales Representative,0,0.06978233034571063,0,0.2
5128,2025-01-01,2025,Finance,Internal Auditor,1,0.21052631578947367,1,0.2
5129,2025-01-01,2025,Operations,Procurement Specialist,0,0.0681453768038482,0,0.2
5131,2025-01-01,2025,Human Resources,HR Manager,0,0.1610337972166998,0,0.2
5132,2025-01-01,2025,Marketing,Content Specialist,0,0.13513513513513514,0,0.2
5135,2025-01-01,2025,Operations,Operations Manager,0,0.06978233034571063,0,0.2
5138,2025-01-01,2025,Marketing,Digital Marketing Specialist,1,0.21639344262295082,1,0.2
5139,2025-01-01,2025,Marketing,Digital Marketing Specialist,0,0.06978233034571063,0,0.2
5140,2025-01-01,2025,Information Technology,Software Engineer,0,0.0935672514619883,0,0.2
5141,2025-01-01,2025,Finance,Accountant,1,0.22927879440258342,1,0.2
5143,2025-01-01,2025,Marketing,Digital Marketing Specialist,0,0.13513513513513514,0,0.2
5144,2025-01-01,2025,Sales,Sales Representative,0,0.07101167315175097,0,0.2
5148,2025-01-01,2025,Marketing,Marketing Executive,0,0.07101167315175097,0,0.2
5149,2025-01-01,2025,Marketing,Content Specialist,0,0.0935672514619883,0,0.2
5151,2025-01-01,2025,Operations,Warehouse Supervisor,1,0.4198473282442748,1,0.2
5152,2025-01-01,2025,Operations,Operations Manager,0,0.0681453768038482,0,0.2
5155,2025-01-01,2025,Sales,Sales Supervisor,0,0.21639344262295082,1,0.2
5156,2025-01-01,2025,Human Resources,HR Executive,0,0.0681453768038482,0,0.2
5157,2025-01-01,2025,Marketing,Marketing Executive,0,0.03574033552151714,0,0.2
5158,2025-01-01,2025,Operations,Warehouse Supervisor,0,0.12382739212007504,0,0.2
5159,2025-01-01,2025,Marketing,Digital Marketing Specialist,0,0.0935672514619883,0,0.2
5161,2025-01-01,2025,Finance,Internal Auditor,0,0.06978233034571063,0,0.2
5164,2025-01-01,2025,Information Technology,Software Engineer,0,0.0681453768038482,0,0.2
5165,2025-01-01,2025,Marketing,Digital Marketing Specialist,0,0.1956521739130435,0,0.2
5168,2025-01-01,2025,Sales,Sales Executive,0,0.0681453768038482,0,0.2
5174,2025-01-01,2025,Information Technology,QA Engineer,1,0.15187376725838264,0,0.2
5175,2025-01-01,2025,Marketing,Marketing Executive,0,0.03574033552151714,0,0.2
5176,2025-01-01,2025,Marketing,Content Specialist,0,0.03574033552151714,0,0.2
5178,2025-01-01,2025,Operations,Warehouse Supervisor,0,0.11397627643115008,0,0.2
5179,2025-01-01,2025,Sales,Sales Representative,1,0.0681453768038482,0,0.2
5181,2025-01-01,2025,Information Technology,IT Support,0,0.0681453768038482,0,0.2
5182,2025-01-01,2025,Marketing,Content Specialist,0,0.21639344262295082,1,0.2
5185,2025-01-01,2025,Sales,Account Manager,0,0.11397627643115008,0,0.2
5190,2025-01-01,2025,Finance,Finance Manager,0,0.06978233034571063,0,0.2
5193,2025-01-01,2025,Sales,Sales Supervisor,0,0.05102040816326531,0,0.2
5204,2025-01-01,2025,Human Resources,Recruiter,1,0.21052631578947367,1,0.2
5205,2025-01-01,2025,Finance,Accountant,0,0.40318302387267907,1,0.2
5209,2025-01-01,2025,Operations,Operations Manager,1,0.21052631578947367,1,0.2
5213,2025-01-01,2025,Operations,Operations Executive,0,0.0681453768038482,0,0.2
5214,2025-01-01,2025,Information Technology,System Administrator,0,0.07101167315175097,0,0.2
5215,2025-01-01,2025,Finance,Internal Auditor,0,0.35294117647058826,1,0.2
5216,2025-01-01,2025,Marketing,Digital Marketing Specialist,0,0.15187376725838264,0,0.2
5218,2025-01-01,2025,Finance,Finance Manager,0,0.0681453768038482,0,0.2
5222,2025-01-01,2025,Finance,Financial Analyst,0,0.21639344262295082,1,0.2
5223,2025-01-01,2025,Information Technology,IT Support,0,0.05102040816326531,0,0.2
5226,2025-01-01,2025,Finance,Financial Analyst,0,0.0935672514619883,0,0.2
5227,2025-01-01,2025,Information Technology,System Administrator,0,0.06978233034571063,0,0.2
5229,2025-01-01,2025,Finance,Financial Analyst,0,0.15979381443298968,0,0.2
5230,2025-01-01,2025,Human Resources,Recruiter,1,0.05102040816326531,0,0.2
5231,2025-01-01,2025,Information Technology,IT Support,0,0.2163265306122449,1,0.2
5232,2025-01-01,2025,Finance,Finance Manager,0,0.05102040816326531,0,0.2
5233,2025-01-01,2025,Information Technology,IT Support,1,0.5116959064327485,1,0.2
5234,2025-01-01,2025,Information Technology,System Administrator,0,0.0935672514619883,0,0.2
5237,2025-01-01,2025,Sales,Sales Executive,1,0.24242424242424243,1,0.2
5240,2025-01-01,2025,Sales,Sales Executive,0,0.11397627643115008,0,0.2
5242,2025-01-01,2025,Human Resources,Recruiter,0,0.0681453768038482,0,0.2
5243,2025-01-01,2025,Finance,Finance Manager,0,0.1956521739130435,0,0.2
5244,2025-01-01,2025,Human Resources,Recruiter,1,0.06978233034571063,0,0.2
5245,2025-01-01,2025,Information Technology,System Administrator,0,0.05102040816326531,0,0.2
5246,2025-01-01,2025,Finance,Accountant,0,0.1610337972166998,0,0.2
5247,2025-01-01,2025,Operations,Operations Executive,0,0.1610337972166998,0,0.2
5248,2025-01-01,2025,Operations,Warehouse Supervisor,0,0.0681453768038482,0,0.2
5249,2025-01-01,2025,Sales,Account Manager,0,0.05102040816326531,0,0.2
5250,2025-01-01,2025,Finance,Internal Auditor,0,0.05102040816326531,0,0.2
5251,2025-01-01,2025,Finance,Finance Manager,0,0.05102040816326531,0,0.2
5252,2025-01-01,2025,Operations,Procurement Specialist,0,0.13513513513513514,0,0.2
5253,2025-01-01,2025,Information Technology,IT Support,0,0.06978233034571063,0,0.2
5255,2025-01-01,2025,Information Technology,QA Engineer,0,0.12382739212007504,0,0.2
5256,2025-01-01,2025,Information Technology,Software Engineer,1,0.11397627643115008,0,0.2
5257,2025-01-01,2025,Marketing,Marketing Manager,0,0.07101167315175097,0,0.2
5261,2025-01-01,2025,Human Resources,Recruiter,1,0.12382739212007504,0,0.2
5265,2025-01-01,2025,Sales,Account Manager,0,0.11397627643115008,0,0.2
5266,2025-01-01,2025,Marketing,Marketing Manager,0,0.07101167315175097,0,0.2
5268,2025-01-01,2025,Finance,Finance Manager,0,0.0681453768038482,0,0.2
5282,2025-01-01,2025,Human Resources,HR Manager,0,0.12382739212007504,0,0.2
5284,2025-01-01,2025,Operations,Operations Manager,0,0.0681453768038482,0,0.2
5291,2025-01-01,2025,Sales,Sales Representative,1,0.05263157894736842,0,0.2
5292,2025-01-01,2025,Sales,Sales Executive,0,0.1956521739130435,0,0.2
5293,2025-01-01,2025,Information Technology,Data Analyst,0,0.0935672514619883,0,0.2
5294,2025-01-01,2025,Human Resources,HR Executive,0,0.0681453768038482,0,0.2
5295,2025-01-01,2025,Marketing,Content Specialist,1,0.03574033552151714,0,0.2
5306,2025-01-01,2025,Sales,Account Manager,1,0.6548672566371682,1,0.2
5308,2025-01-01,2025,Operations,Operations Executive,0,0.0935672514619883,0,0.2
5310,2025-01-01,2025,Sales,Sales Representative,0,0.15187376725838264,0,0.2
5314,2025-01-01,2025,Marketing,Content Specialist,1,0.1610337972166998,0,0.2
5320,2025-01-01,2025,Operations,Warehouse Supervisor,0,0.32432432432432434,1,0.2
5321,2025-01-01,2025,Finance,Finance Manager,0,0.12382739212007504,0,0.2
5323,2025-01-01,2025,Information Technology,IT Support,0,0.29411764705882354,1,0.2
5324,2025-01-01,2025,Human Resources,Recruiter,0,0.11397627643115008,0,0.2
5325,2025-01-01,2025,Sales,Sales Supervisor,0,0.0681453768038482,0,0.2
5326,2025-01-01,2025,Marketing,Marketing Executive,0,0.11397627643115008,0,0.2
5331,2025-01-01,2025,Finance,Accountant,0,0.22927879440258342,1,0.2
5333,2025-01-01,2025,Marketing,Marketing Executive,0,0.29411764705882354,1,0.2
5335,2025-01-01,2025,Sales,Sales Representative,0,0.12827225130890052,0,0.2
5336,2025-01-01,2025,Human Resources,C&B Specialist,1,0.1610337972166998,0,0.2
5337,2025-01-01,2025,Information Technology,Data Analyst,1,0.0935672514619883,0,0.2
5338,2025-01-01,2025,Finance,Finance Manager,0,0.12382739212007504,0,0.2
5339,2025-01-01,2025,Information Technology,IT Support,0,0.13793103448275862,0,0.2
5340,2025-01-01,2025,Operations,Procurement Specialist,1,0.07101167315175097,0,0.2
5343,2025-01-01,2025,Marketing,Content Specialist,1,0.3035143769968051,1,0.2
5344,2025-01-01,2025,Information Technology,IT Support,0,0.29411764705882354,1,0.2
5346,2025-01-01,2025,Operations,Procurement Specialist,0,0.07101167315175097,0,0.2
5348,2025-01-01,2025,Marketing,Marketing Manager,0,0.03574033552151714,0,0.2
5349,2025-01-01,2025,Sales,Sales Executive,1,0.13793103448275862,0,0.2
5352,2025-01-01,2025,Finance,Accountant,0,0.0681453768038482,0,0.2
5354,2025-01-01,2025,Marketing,Content Specialist,0,0.03574033552151714,0,0.2
5356,2025-01-01,2025,Marketing,Marketing Manager,0,0.07101167315175097,0,0.2
5357,2025-01-01,2025,Human Resources,HR Executive,0,0.11397627643115008,0,0.2
5359,2025-01-01,2025,Sales,Sales Executive,1,0.22927879440258342,1,0.2
5364,2025-01-01,2025,Operations,Procurement Specialist,0,0.1986970684039088,0,0.2
5365,2025-01-01,2025,Operations,Operations Executive,0,0.0681453768038482,0,0.2
5367,2025-01-01,2025,Human Resources,C&B Specialist,0,0.0681453768038482,0,0.2
5368,2025-01-01,2025,Operations,Procurement Specialist,0,0.0681453768038482,0,0.2
5370,2025-01-01,2025,Finance,Accountant,0,0.1610337972166998,0,0.2
5371,2025-01-01,2025,Information Technology,Software Engineer,0,0.1986970684039088,0,0.2
5373,2025-01-01,2025,Information Technology,IT Support,1,0.42701525054466233,1,0.2
5376,2025-01-01,2025,Marketing,Marketing Executive,0,0.12382739212007504,0,0.2
5377,2025-01-01,2025,Human Resources,Recruiter,0,0.0681453768038482,0,0.2
5381,2025-01-01,2025,Information Technology,Data Analyst,0,0.07101167315175097,0,0.2
5382,2025-01-01,2025,Operations,Procurement Specialist,1,0.0935672514619883,0,0.2
5383,2025-01-01,2025,Operations,Operations Manager,0,0.0681453768038482,0,0.2
5384,2025-01-01,2025,Marketing,Marketing Executive,0,0.03574033552151714,0,0.2
5385,2025-01-01,2025,Operations,Operations Manager,0,0.12382739212007504,0,0.2
5387,2025-01-01,2025,Finance,Internal Auditor,0,0.0681453768038482,0,0.2
5388,2025-01-01,2025,Human Resources,HR Executive,1,0.05102040816326531,0,0.2
5392,2025-01-01,2025,Human Resources,HR Executive,0,0.0681453768038482,0,0.2
5394,2025-01-01,2025,Finance,Financial Analyst,1,0.33969465648854963,1,0.2
5395,2025-01-01,2025,Information Technology,QA Engineer,0,0.05102040816326531,0,0.2
5397,2025-01-01,2025,Human Resources,HR Manager,0,0.13513513513513514,0,0.2
5399,2025-01-01,2025,Sales,Account Manager,0,0.36619718309859156,1,0.2
5400,2025-01-01,2025,Sales,Sales Representative,0,0.1956521739130435,0,0.2
5402,2025-01-01,2025,Sales,Sales Executive,0,0.05102040816326531,0,0.2
5404,2025-01-01,2025,Sales,Sales Executive,0,0.06978233034571063,0,0.2
5406,2025-01-01,2025,Marketing,Marketing Executive,0,0.12382739212007504,0,0.2
5407,2025-01-01,2025,Human Resources,HR Manager,0,0.11397627643115008,0,0.2
5419,2025-01-01,2025,Information Technology,Data Analyst,0,0.32432432432432434,1,0.2
5423,2025-01-01,2025,Human Resources,C&B Specialist,0,0.05102040816326531,0,0.2
5427,2025-01-01,2025,Information Technology,IT Support,0,0.07101167315175097,0,0.2
5430,2025-01-01,2025,Sales,Sales Representative,0,0.15979381443298968,0,0.2
5433,2025-01-01,2025,Information Technology,Software Engineer,0,0.05102040816326531,0,0.2
5438,2025-01-01,2025,Information Technology,System Administrator,0,0.06978233034571063,0,0.2
5439,2025-01-01,2025,Finance,Accountant,0,0.25663716814159293,1,0.2
5440,2025-01-01,2025,Sales,Sales Representative,0,0.29411764705882354,1,0.2
5441,2025-01-01,2025,Finance,Internal Auditor,0,0.05102040816326531,0,0.2
5442,2025-01-01,2025,Information Technology,QA Engineer,1,0.1610337972166998,0,0.2
5444,2025-01-01,2025,Finance,Finance Manager,0,0.0681453768038482,0,0.2
5447,2025-01-01,2025,Marketing,Marketing Manager,0,0.03574033552151714,0,0.2
5449,2025-01-01,2025,Operations,Warehouse Supervisor,0,0.0681453768038482,0,0.2
5452,2025-01-01,2025,Sales,Account Manager,0,0.1610337972166998,0,0.2
5453,2025-01-01,2025,Marketing,Digital Marketing Specialist,0,0.29411764705882354,1,0.2
5454,2025-01-01,2025,Finance,Accountant,0,0.22927879440258342,1,0.2
5455,2025-01-01,2025,Sales,Sales Executive,1,0.13513513513513514,0,0.2
5456,2025-01-01,2025,Marketing,Content Specialist,0,0.1179245283018868,0,0.2
5459,2025-01-01,2025,Finance,Accountant,0,0.33969465648854963,1,0.2
5461,2025-01-01,2025,Human Resources,HR Executive,0,0.12382739212007504,0,0.2
5463,2025-01-01,2025,Human Resources,Recruiter,0,0.0681453768038482,0,0.2
5464,2025-01-01,2025,Operations,Warehouse Supervisor,1,0.19791666666666666,0,0.2
5465,2025-01-01,2025,Operations,Procurement Specialist,0,0.05102040816326531,0,0.2
5466,2025-01-01,2025,Information Technology,Software Engineer,1,0.05102040816326531,0,0.2
5467,2025-01-01,2025,Information Technology,Software Engineer,0,0.12827225130890052,0,0.2
5469,2025-01-01,2025,Human Resources,C&B Specialist,1,0.2288135593220339,1,0.2
5470,2025-01-01,2025,Information Technology,IT Support,0,0.0935672514619883,0,0.2
5473,2025-01-01,2025,Sales,Sales Executive,0,0.1610337972166998,0,0.2
5485,2025-01-01,2025,Finance,Internal Auditor,1,0.21639344262295082,1,0.2
5487,2025-01-01,2025,Sales,Sales Executive,0,0.0681453768038482,0,0.2
5491,2025-01-01,2025,Information Technology,System Administrator,0,0.13513513513513514,0,0.2
5492,2025-01-01,2025,Marketing,Digital Marketing Specialist,1,0.03574033552151714,0,0.2
5494,2025-01-01,2025,Sales,Sales Representative,0,0.1956521739130435,0,0.2
5498,2025-01-01,2025,Human Resources,C&B Specialist,1,0.11397627643115008,0,0.2
5507,2025-01-01,2025,Operations,Operations Executive,0,0.0935672514619883,0,0.2
5508,2025-01-01,2025,Information Technology,System Administrator,0,0.0935672514619883,0,0.2
5511,2025-01-01,2025,Information Technology,System Administrator,0,0.05102040816326531,0,0.2
5512,2025-01-01,2025,Marketing,Marketing Executive,0,0.03574033552151714,0,0.2
5516,2025-01-01,2025,Operations,Operations Manager,1,0.21639344262295082,1,0.2
5519,2025-01-01,2025,Operations,Warehouse Supervisor,0,0.16176470588235295,0,0.2
5522,2025-01-01,2025,Operations,Operations Manager,0,0.15187376725838264,0,0.2
5523,2025-01-01,2025,Information Technology,QA Engineer,0,0.05102040816326531,0,0.2
5526,2025-01-01,2025,Human Resources,Recruiter,0,0.0935672514619883,0,0.2
5530,2025-01-01,2025,Finance,Financial Analyst,0,0.1610337972166998,0,0.2
5531,2025-01-01,2025,Finance,Financial Analyst,0,0.05102040816326531,0,0.2
5532,2025-01-01,2025,Marketing,Digital Marketing Specialist,0,0.07101167315175097,0,0.2
5533,2025-01-01,2025,Human Resources,HR Executive,1,0.22927879440258342,1,0.2
5534,2025-01-01,2025,Marketing,Digital Marketing Specialist,0,0.12382739212007504,0,0.2
5536,2025-01-01,2025,Sales,Sales Representative,0,0.13513513513513514,0,0.2
5538,2025-01-01,2025,Finance,Financial Analyst,0,0.0681453768038482,0,0.2
5539,2025-01-01,2025,Information Technology,System Administrator,0,0.2242152466367713,1,0.2
5540,2025-01-01,2025,Marketing,Digital Marketing Specialist,0,0.12382739212007504,0,0.2
5541,2025-01-01,2025,Finance,Accountant,0,0.05102040816326531,0,0.2
5544,2025-01-01,2025,Operations,Procurement Specialist,0,0.07101167315175097,0,0.2
5545,2025-01-01,2025,Finance,Finance Manager,1,0.22927879440258342,1,0.2
5546,2025-01-01,2025,Human Resources,C&B Specialist,0,0.0681453768038482,0,0.2
5550,2025-01-01,2025,Finance,Financial Analyst,0,0.05102040816326531,0,0.2
5553,2025-01-01,2025,Information Technology,IT Support,0,0.0681453768038482,0,0.2
5555,2025-01-01,2025,Human Resources,HR Manager,0,0.25663716814159293,1,0.2
5557,2025-01-01,2025,Sales,Sales Supervisor,0,0.05102040816326531,0,0.2
5560,2025-01-01,2025,Finance,Finance Manager,0,0.0681453768038482,0,0.2
5561,2025-01-01,2025,Operations,Operations Manager,0,0.05102040816326531,0,0.2
5562,2025-01-01,2025,Operations,Procurement Specialist,0,0.1956521739130435,0,0.2
5563,2025-01-01,2025,Operations,Operations Executive,0,0.05102040816326531,0,0.2
5564,2025-01-01,2025,Information Technology,IT Support,0,0.22927879440258342,1,0.2
5566,2025-01-01,2025,Human Resources,HR Executive,0,0.1956521739130435,0,0.2
5567,2025-01-01,2025,Human Resources,HR Manager,0,0.16176470588235295,0,0.2
5571,2025-01-01,2025,Human Resources,HR Executive,0,0.0681453768038482,0,0.2
5573,2025-01-01,2025,Marketing,Digital Marketing Specialist,0,0.15979381443298968,0,0.2
5574,2025-01-01,2025,Marketing,Marketing Executive,0,0.0935672514619883,0,0.2
5581,2025-01-01,2025,Human Resources,C&B Specialist,0,0.16176470588235295,0,0.2
5582,2025-01-01,2025,Finance,Finance Manager,0,0.12382739212007504,0,0.2
5584,2025-01-01,2025,Sales,Sales Supervisor,0,0.16176470588235295,0,0.2
5585,2025-01-01,2025,Information Technology,Software Engineer,0,0.06978233034571063,0,0.2
5586,2025-01-01,2025,Sales,Sales Executive,0,0.05102040816326531,0,0.2
5587,2025-01-01,2025,Human Resources,Recruiter,1,0.11397627643115008,0,0.2
5594,2025-01-01,2025,Sales,Sales Supervisor,0,0.1956521739130435,0,0.2
5596,2025-01-01,2025,Information Technology,QA Engineer,0,0.0681453768038482,0,0.2
5598,2025-01-01,2025,Information Technology,System Administrator,0,0.0935672514619883,0,0.2
5603,2025-01-01,2025,Sales,Sales Supervisor,1,0.32432432432432434,1,0.2
5605,2025-01-01,2025,Marketing,Content Specialist,0,0.07101167315175097,0,0.2
5606,2025-01-01,2025,Operations,Operations Executive,1,0.1610337972166998,0,0.2
5608,2025-01-01,2025,Human Resources,HR Executive,0,0.29411764705882354,1,0.2
5609,2025-01-01,2025,Human Resources,Recruiter,0,0.1610337972166998,0,0.2
5614,2025-01-01,2025,Operations,Operations Executive,0,0.12382739212007504,0,0.2
5616,2025-01-01,2025,Finance,Financial Analyst,0,0.0681453768038482,0,0.2
5619,2025-01-01,2025,Human Resources,C&B Specialist,0,0.21639344262295082,1,0.2
5620,2025-01-01,2025,Operations,Procurement Specialist,0,0.21639344262295082,1,0.2
5621,2025-01-01,2025,Operations,Operations Manager,0,0.4198473282442748,1,0.2
5622,2025-01-01,2025,Human Resources,Recruiter,0,0.1956521739130435,0,0.2
5623,2025-01-01,2025,Information Technology,Data Analyst,0,0.11397627643115008,0,0.2
5624,2025-01-01,2025,Sales,Sales Representative,0,0.1956521739130435,0,0.2
5626,2025-01-01,2025,Finance,Finance Manager,1,0.1610337972166998,0,0.2
5627,2025-01-01,2025,Marketing,Marketing Executive,0,0.4198473282442748,1,0.2
5633,2025-01-01,2025,Operations,Procurement Specialist,1,0.1610337972166998,0,0.2
5640,2025-01-01,2025,Finance,Accountant,0,0.11397627643115008,0,0.2
5648,2025-01-01,2025,Operations,Operations Manager,0,0.1610337972166998,0,0.2
5649,2025-01-01,2025,Information Technology,System Administrator,0,0.06978233034571063,0,0.2
5650,2025-01-01,2025,Operations,Operations Manager,0,0.1956521739130435,0,0.2
5652,2025-01-01,2025,Human Resources,HR Executive,0,0.0681453768038482,0,0.2
5653,2025-01-01,2025,Information Technology,Software Engineer,0,0.0681453768038482,0,0.2
5654,2025-01-01,2025,Finance,Financial Analyst,1,0.5116959064327485,1,0.2
5655,2025-01-01,2025,Marketing,Marketing Manager,0,0.5116959064327485,1,0.2
5661,2025-01-01,2025,Information Technology,Software Engineer,0,0.29411764705882354,1,0.2
5663,2025-01-01,2025,Operations,Operations Manager,0,0.25663716814159293,1,0.2
5664,2025-01-01,2025,Operations,Operations Manager,0,0.0935672514619883,0,0.2
5667,2025-01-01,2025,Marketing,Digital Marketing Specialist,0,0.0935672514619883,0,0.2
5670,2025-01-01,2025,Human Resources,Recruiter,0,0.07101167315175097,0,0.2
5671,2025-01-01,2025,Human Resources,HR Executive,0,0.0681453768038482,0,0.2
5672,2025-01-01,2025,Information Technology,Software Engineer,0,0.0681453768038482,0,0.2
5674,2025-01-01,2025,Marketing,Digital Marketing Specialist,0,0.11397627643115008,0,0.2
5676,2025-01-01,2025,Finance,Finance Manager,0,0.05102040816326531,0,0.2
5678,2025-01-01,2025,Marketing,Marketing Manager,1,0.21639344262295082,1,0.2
5680,2025-01-01,2025,Marketing,Marketing Manager,0,0.03574033552151714,0,0.2
5681,2025-01-01,2025,Information Technology,IT Support,0,0.15979381443298968,0,0.2
5684,2025-01-01,2025,Information Technology,IT Support,0,0.0935672514619883,0,0.2
5687,2025-01-01,2025,Operations,Operations Executive,0,0.13513513513513514,0,0.2
5689,2025-01-01,2025,Sales,Sales Executive,0,0.12382739212007504,0,0.2
5690,2025-01-01,2025,Operations,Operations Executive,1,0.22927879440258342,1,0.2
5692,2025-01-01,2025,Sales,Sales Representative,0,0.0935672514619883,0,0.2
5696,2025-01-01,2025,Operations,Procurement Specialist,0,0.15187376725838264,0,0.2
5698,2025-01-01,2025,Marketing,Marketing Executive,0,0.1610337972166998,0,0.2
5702,2025-01-01,2025,Human Resources,HR Manager,0,0.0935672514619883,0,0.2
5703,2025-01-01,2025,Human Resources,HR Executive,0,0.0935672514619883,0,0.2
5704,2025-01-01,2025,Marketing,Digital Marketing Specialist,0,0.11397627643115008,0,0.2
5706,2025-01-01,2025,Operations,Operations Manager,1,0.12382739212007504,0,0.2
5707,2025-01-01,2025,Marketing,Content Specialist,0,0.0935672514619883,0,0.2
5710,2025-01-01,2025,Information Technology,QA Engineer,0,0.07101167315175097,0,0.2
5714,2025-01-01,2025,Information Technology,QA Engineer,1,0.12827225130890052,0,0.2
5716,2025-01-01,2025,Marketing,Digital Marketing Specialist,0,0.2242152466367713,1,0.2
5717,2025-01-01,2025,Sales,Sales Representative,0,0.21639344262295082,1,0.2
5719,2025-01-01,2025,Human Resources,Recruiter,0,0.05102040816326531,0,0.2
5721,2025-01-01,2025,Information Technology,Software Engineer,0,0.22927879440258342,1,0.2
5727,2025-01-01,2025,Marketing,Marketing Executive,0,0.03574033552151714,0,0.2
5729,2025-01-01,2025,Human Resources,C&B Specialist,0,0.5116959064327485,1,0.2
5730,2025-01-01,2025,Marketing,Content Specialist,1,0.1610337972166998,0,0.2
5731,2025-01-01,2025,Sales,Sales Executive,0,0.0681453768038482,0,0.2
5732,2025-01-01,2025,Human Resources,C&B Specialist,0,0.0935672514619883,0,0.2
5733,2025-01-01,2025,Information Technology,QA Engineer,1,0.0681453768038482,0,0.2
5736,2025-01-01,2025,Human Resources,C&B Specialist,0,0.0681453768038482,0,0.2
5738,2025-01-01,2025,Sales,Sales Representative,0,0.0681453768038482,0,0.2
5743,2025-01-01,2025,Operations,Procurement Specialist,0,0.0681453768038482,0,0.2
5746,2025-01-01,2025,Information Technology,System Administrator,0,0.19791666666666666,0,0.2
5748,2025-01-01,2025,Operations,Procurement Specialist,0,0.05102040816326531,0,0.2
5749,2025-01-01,2025,Sales,Account Manager,0,0.40318302387267907,1,0.2
5751,2025-01-01,2025,Marketing,Marketing Executive,0,0.15187376725838264,0,0.2
5753,2025-01-01,2025,Human Resources,HR Manager,1,0.12827225130890052,0,0.2
5755,2025-01-01,2025,Operations,Operations Executive,0,0.29411764705882354,1,0.2
5759,2025-01-01,2025,Information Technology,Data Analyst,0,0.11397627643115008,0,0.2
5763,2025-01-01,2025,Information Technology,Software Engineer,1,0.1610337972166998,0,0.2
5764,2025-01-01,2025,Information Technology,Data Analyst,1,0.06978233034571063,0,0.2
5765,2025-01-01,2025,Sales,Sales Executive,0,0.0681453768038482,0,0.2
5766,2025-01-01,2025,Human Resources,HR Executive,0,0.06978233034571063,0,0.2
5767,2025-01-01,2025,Human Resources,HR Executive,0,0.06978233034571063,0,0.2
5768,2025-01-01,2025,Information Technology,System Administrator,0,0.1610337972166998,0,0.2
5770,2025-01-01,2025,Operations,Operations Executive,0,0.1986970684039088,0,0.2
5771,2025-01-01,2025,Sales,Account Manager,0,0.0681453768038482,0,0.2
5772,2025-01-01,2025,Sales,Sales Supervisor,0,0.07101167315175097,0,0.2
5774,2025-01-01,2025,Sales,Account Manager,0,0.22927879440258342,1,0.2
5775,2025-01-01,2025,Information Technology,Software Engineer,0,0.3035143769968051,1,0.2
5779,2025-01-01,2025,Finance,Financial Analyst,0,0.05102040816326531,0,0.2
5784,2025-01-01,2025,Marketing,Marketing Executive,0,0.12382739212007504,0,0.2
5786,2025-01-01,2025,Finance,Internal Auditor,0,0.12382739212007504,0,0.2
5787,2025-01-01,2025,Sales,Sales Supervisor,0,0.05102040816326531,0,0.2
5788,2025-01-01,2025,Information Technology,QA Engineer,0,0.11397627643115008,0,0.2
5789,2025-01-01,2025,Operations,Procurement Specialist,0,0.21639344262295082,1,0.2
5790,2025-01-01,2025,Sales,Sales Executive,0,0.35294117647058826,1,0.2
5791,2025-01-01,2025,Sales,Sales Supervisor,1,0.07101167315175097,0,0.2
5792,2025-01-01,2025,Information Technology,IT Support,0,0.05102040816326531,0,0.2
5794,2025-01-01,2025,Marketing,Digital Marketing Specialist,0,0.1610337972166998,0,0.2
5795,2025-01-01,2025,Finance,Accountant,0,0.13513513513513514,0,0.2
5797,2025-01-01,2025,Finance,Accountant,0,0.0681453768038482,0,0.2
5798,2025-01-01,2025,Marketing,Marketing Manager,0,0.06978233034571063,0,0.2
5801,2025-01-01,2025,Sales,Sales Representative,0,0.0681453768038482,0,0.2
5804,2025-01-01,2025,Marketing,Digital Marketing Specialist,1,0.2163265306122449,1,0.2
5806,2025-01-01,2025,Finance,Finance Manager,0,0.13513513513513514,0,0.2
5807,2025-01-01,2025,Finance,Accountant,0,0.11397627643115008,0,0.2
5809,2025-01-01,2025,Finance,Accountant,0,0.0681453768038482,0,0.2
5810,2025-01-01,2025,Information Technology,Data Analyst,1,0.4198473282442748,1,0.2
5811,2025-01-01,2025,Sales,Sales Supervisor,0,0.35294117647058826,1,0.2
5813,2025-01-01,2025,Marketing,Marketing Executive,0,0.03574033552151714,0,0.2
5814,2025-01-01,2025,Sales,Sales Representative,0,0.0935672514619883,0,0.2
5815,2025-01-01,2025,Marketing,Marketing Executive,1,0.1610337972166998,0,0.2
5817,2025-01-01,2025,Marketing,Marketing Executive,0,0.15979381443298968,0,0.2
5820,2025-01-01,2025,Finance,Finance Manager,0,0.0681453768038482,0,0.2
5823,2025-01-01,2025,Sales,Sales Executive,0,0.0935672514619883,0,0.2
5827,2025-01-01,2025,Marketing,Marketing Executive,0,0.03574033552151714,0,0.2
5829,2025-01-01,2025,Operations,Operations Manager,0,0.05102040816326531,0,0.2
5831,2025-01-01,2025,Finance,Internal Auditor,0,0.2242152466367713,1,0.2
5835,2025-01-01,2025,Finance,Internal Auditor,0,0.05102040816326531,0,0.2
5836,2025-01-01,2025,Operations,Operations Manager,1,0.0681453768038482,0,0.2
5839,2025-01-01,2025,Operations,Operations Manager,0,0.2163265306122449,1,0.2
5840,2025-01-01,2025,Marketing,Marketing Manager,0,0.16176470588235295,0,0.2
5842,2025-01-01,2025,Human Resources,HR Manager,0,0.11397627643115008,0,0.2
5844,2025-01-01,2025,Finance,Accountant,1,0.1956521739130435,0,0.2
5845,2025-01-01,2025,Sales,Account Manager,1,0.4198473282442748,1,0.2
5849,2025-01-01,2025,Sales,Sales Executive,0,0.2163265306122449,1,0.2
5851,2025-01-01,2025,Finance,Finance Manager,0,0.35294117647058826,1,0.2
5853,2025-01-01,2025,Sales,Sales Representative,1,0.15979381443298968,0,0.2
5855,2025-01-01,2025,Sales,Account Manager,0,0.05102040816326531,0,0.2
5856,2025-01-01,2025,Operations,Operations Manager,0,0.0681453768038482,0,0.2
5857,2025-01-01,2025,Operations,Operations Manager,0,0.13513513513513514,0,0.2
5858,2025-01-01,2025,Human Resources,HR Manager,0,0.1956521739130435,0,0.2
5860,2025-01-01,2025,Human Resources,HR Manager,0,0.0935672514619883,0,0.2
5861,2025-01-01,2025,Operations,Procurement Specialist,1,0.13513513513513514,0,0.2
5862,2025-01-01,2025,Sales,Sales Executive,0,0.1956521739130435,0,0.2
5863,2025-01-01,2025,Human Resources,C&B Specialist,0,0.07101167315175097,0,0.2
5864,2025-01-01,2025,Sales,Account Manager,0,0.06978233034571063,0,0.2
5865,2025-01-01,2025,Human Resources,HR Manager,0,0.1956521739130435,0,0.2
5866,2025-01-01,2025,Human Resources,Recruiter,0,0.0681453768038482,0,0.2
5867,2025-01-01,2025,Operations,Procurement Specialist,0,0.32432432432432434,1,0.2
5873,2025-01-01,2025,Information Technology,System Administrator,0,0.12382739212007504,0,0.2
5875,2025-01-01,2025,Operations,Operations Manager,1,0.21639344262295082,1,0.2
5876,2025-01-01,2025,Finance,Financial Analyst,0,0.22927879440258342,1,0.2
5880,2025-01-01,2025,Sales,Sales Executive,0,0.05102040816326531,0,0.2
5882,2025-01-01,2025,Operations,Operations Executive,1,0.573170731707317,1,0.2
5883,2025-01-01,2025,Operations,Operations Manager,0,0.05102040816326531,0,0.2
5885,2025-01-01,2025,Marketing,Marketing Executive,0,0.15979381443298968,0,0.2
5886,2025-01-01,2025,Human Resources,HR Manager,1,0.07101167315175097,0,0.2
5891,2025-01-01,2025,Operations,Operations Executive,0,0.05102040816326531,0,0.2
5893,2025-01-01,2025,Sales,Account Manager,0,0.05102040816326531,0,0.2
5894,2025-01-01,2025,Information Technology,QA Engineer,0,0.06978233034571063,0,0.2
5895,2025-01-01,2025,Human Resources,Recruiter,1,0.12382739212007504,0,0.2
5896,2025-01-01,2025,Operations,Warehouse Supervisor,0,0.35294117647058826,1,0.2
5898,2025-01-01,2025,Finance,Accountant,0,0.0935672514619883,0,0.2
5901,2025-01-01,2025,Finance,Accountant,0,0.16176470588235295,0,0.2
5902,2025-01-01,2025,Marketing,Marketing Executive,0,0.22927879440258342,1,0.2
5903,2025-01-01,2025,Operations,Procurement Specialist,0,0.5116959064327485,1,0.2
5906,2025-01-01,2025,Finance,Finance Manager,0,0.05102040816326531,0,0.2
5907,2025-01-01,2025,Finance,Accountant,0,0.1956521739130435,0,0.2
5912,2025-01-01,2025,Human Resources,Recruiter,0,0.06978233034571063,0,0.2
5913,2025-01-01,2025,Marketing,Marketing Executive,0,0.3035143769968051,1,0.2
5915,2025-01-01,2025,Sales,Sales Executive,1,0.32432432432432434,1,0.2
5918,2025-01-01,2025,Finance,Accountant,0,0.1956521739130435,0,0.2
5922,2025-01-01,2025,Information Technology,Software Engineer,0,0.12382739212007504,0,0.2
5923,2025-01-01,2025,Finance,Accountant,1,0.32432432432432434,1,0.2
5925,2025-01-01,2025,Information Technology,IT Support,0,0.0935672514619883,0,0.2
5926,2025-01-01,2025,Marketing,Marketing Executive,0,0.03574033552151714,0,0.2
5928,2025-01-01,2025,Information Technology,IT Support,0,0.15187376725838264,0,0.2
5930,2025-01-01,2025,Finance,Accountant,0,0.05102040816326531,0,0.2
5931,2025-01-01,2025,Human Resources,HR Executive,0,0.13513513513513514,0,0.2
5932,2025-01-01,2025,Sales,Account Manager,0,0.05102040816326531,0,0.2
5935,2025-01-01,2025,Sales,Sales Supervisor,0,0.33969465648854963,1,0.2
5938,2025-01-01,2025,Human Resources,C&B Specialist,0,0.15187376725838264,0,0.2
5941,2025-01-01,2025,Finance,Internal Auditor,1,0.1610337972166998,0,0.2
5943,2025-01-01,2025,Human Resources,HR Executive,0,0.06978233034571063,0,0.2
5946,2025-01-01,2025,Finance,Accountant,0,0.29411764705882354,1,0.2
5949,2025-01-01,2025,Finance,Financial Analyst,0,0.13513513513513514,0,0.2
5954,2025-01-01,2025,Human Resources,HR Manager,0,0.13513513513513514,0,0.2
5958,2025-01-01,2025,Human Resources,Recruiter,0,0.21052631578947367,1,0.2
5960,2025-01-01,2025,Marketing,Marketing Executive,0,0.0935672514619883,0,0.2
5965,2025-01-01,2025,Sales,Sales Representative,0,0.05102040816326531,0,0.2
5968,2025-01-01,2025,Human Resources,HR Executive,1,0.6548672566371682,1,0.2
5971,2025-01-01,2025,Marketing,Digital Marketing Specialist,0,0.13793103448275862,0,0.2
5976,2025-01-01,2025,Operations,Warehouse Supervisor,0,0.0935672514619883,0,0.2
5977,2025-01-01,2025,Human Resources,Recruiter,1,0.5116959064327485,1,0.2
5978,2025-01-01,2025,Marketing,Marketing Executive,0,0.03816793893129771,0,0.2
5980,2025-01-01,2025,Finance,Internal Auditor,0,0.1610337972166998,0,0.2
5981,2025-01-01,2025,Marketing,Marketing Executive,0,0.06978233034571063,0,0.2
5982,2025-01-01,2025,Sales,Sales Executive,0,0.05102040816326531,0,0.2
5983,2025-01-01,2025,Marketing,Marketing Manager,0,0.11397627643115008,0,0.2
5984,2025-01-01,2025,Sales,Account Manager,0,0.11397627643115008,0,0.2
5987,2025-01-01,2025,Finance,Accountant,0,0.0681453768038482,0,0.2
5990,2025-01-01,2025,Sales,Sales Representative,1,0.13513513513513514,0,0.2
5992,2025-01-01,2025,Information Technology,Data Analyst,0,0.0681453768038482,0,0.2
5993,2025-01-01,2025,Marketing,Marketing Executive,0,0.3035143769968051,1,0.2
5994,2025-01-01,2025,Human Resources,Recruiter,0,0.1610337972166998,0,0.2
5996,2025-01-01,2025,Operations,Operations Executive,0,0.07101167315175097,0,0.2
5997,2025-01-01,2025,Sales,Account Manager,0,0.1956521739130435,0,0.2
6001,2025-01-01,2025,Sales,Sales Executive,0,0.5116959064327485,1,0.2
6002,2025-01-01,2025,Information Technology,QA Engineer,0,0.33969465648854963,1,0.2
6005,2025-01-01,2025,Information Technology,System Administrator,0,0.42701525054466233,1,0.2
6010,2025-01-01,2025,Sales,Sales Executive,1,0.15187376725838264,0,0.2
6015,2025-01-01,2025,Sales,Sales Supervisor,0,0.0935672514619883,0,0.2
6016,2025-01-01,2025,Marketing,Marketing Manager,0,0.1179245283018868,0,0.2
6017,2025-01-01,2025,Human Resources,Recruiter,0,0.2777777777777778,1,0.2
6019,2025-01-01,2025,Sales,Account Manager,0,0.13513513513513514,0,0.2
6020,2025-01-01,2025,Sales,Sales Executive,0,0.15979381443298968,0,0.2
6021,2025-01-01,2025,Finance,Finance Manager,0,0.05102040816326531,0,0.2
6022,2025-01-01,2025,Information Technology,Data Analyst,0,0.0935672514619883,0,0.2
6023,2025-01-01,2025,Human Resources,Recruiter,1,0.1610337972166998,0,0.2
6024,2025-01-01,2025,Sales,Sales Representative,0,0.05102040816326531,0,0.2
6026,2025-01-01,2025,Operations,Operations Manager,1,0.1986970684039088,0,0.2
6027,2025-01-01,2025,Human Resources,Recruiter,0,0.0681453768038482,0,0.2
6029,2025-01-01,2025,Human Resources,Recruiter,1,0.0935672514619883,0,0.2
6030,2025-01-01,2025,Information Technology,Software Engineer,0,0.05102040816326531,0,0.2
6035,2025-01-01,2025,Finance,Internal Auditor,0,0.6548672566371682,1,0.2
6038,2025-01-01,2025,Information Technology,System Administrator,0,0.1179245283018868,0,0.2
6040,2025-01-01,2025,Operations,Warehouse Supervisor,0,0.4198473282442748,1,0.2
6041,2025-01-01,2025,Sales,Sales Representative,0,0.1179245283018868,0,0.2
6042,2025-01-01,2025,Marketing,Content Specialist,0,0.03574033552151714,0,0.2
6043,2025-01-01,2025,Information Technology,QA Engineer,0,0.1610337972166998,0,0.2
6045,2025-01-01,2025,Sales,Sales Representative,1,0.22927879440258342,1,0.2
6046,2025-01-01,2025,Information Technology,Software Engineer,0,0.0681453768038482,0,0.2
6048,2025-01-01,2025,Finance,Accountant,0,0.06978233034571063,0,0.2
6052,2025-01-01,2025,Sales,Sales Supervisor,0,0.29411764705882354,1,0.2
6053,2025-01-01,2025,Operations,Procurement Specialist,0,0.0681453768038482,0,0.2
6061,2025-01-01,2025,Marketing,Content Specialist,0,0.07101167315175097,0,0.2
6062,2025-01-01,2025,Operations,Operations Executive,0,0.0681453768038482,0,0.2
6063,2025-01-01,2025,Operations,Operations Executive,0,0.0681453768038482,0,0.2
6064,2025-01-01,2025,Information Technology,QA Engineer,0,0.1179245283018868,0,0.2
6067,2025-01-01,2025,Sales,Account Manager,0,0.0681453768038482,0,0.2
6069,2025-01-01,2025,Operations,Warehouse Supervisor,0,0.11397627643115008,0,0.2
6072,2025-01-01,2025,Marketing,Marketing Manager,1,0.42701525054466233,1,0.2
6073,2025-01-01,2025,Marketing,Content Specialist,0,0.21052631578947367,1,0.2
6074,2025-01-01,2025,Information Technology,QA Engineer,0,0.21639344262295082,1,0.2
6079,2025-01-01,2025,Sales,Sales Executive,1,0.40318302387267907,1,0.2
6083,2025-01-01,2025,Marketing,Marketing Executive,0,0.03574033552151714,0,0.2
6085,2025-01-01,2025,Finance,Finance Manager,0,0.12382739212007504,0,0.2
6086,2025-01-01,2025,Sales,Sales Supervisor,0,0.05102040816326531,0,0.2
6087,2025-01-01,2025,Finance,Internal Auditor,0,0.06978233034571063,0,0.2
6088,2025-01-01,2025,Marketing,Marketing Manager,0,0.03574033552151714,0,0.2
6089,2025-01-01,2025,Operations,Operations Executive,0,0.2242152466367713,1,0.2
6090,2025-01-01,2025,Human Resources,HR Manager,0,0.22927879440258342,1,0.2
6092,2025-01-01,2025,Marketing,Digital Marketing Specialist,0,0.06978233034571063,0,0.2
6093,2025-01-01,2025,Marketing,Digital Marketing Specialist,0,0.15979381443298968,0,0.2
6095,2025-01-01,2025,Finance,Accountant,1,0.42701525054466233,1,0.2
6099,2025-01-01,2025,Sales,Account Manager,0,0.0681453768038482,0,0.2
6103,2025-01-01,2025,Information Technology,Data Analyst,0,0.5384615384615384,1,0.2
6108,2025-01-01,2025,Sales,Account Manager,0,0.0681453768038482,0,0.2
6110,2025-01-01,2025,Marketing,Digital Marketing Specialist,0,0.03574033552151714,0,0.2
6116,2025-01-01,2025,Marketing,Digital Marketing Specialist,0,0.03574033552151714,0,0.2
6118,2025-01-01,2025,Information Technology,Software Engineer,0,0.21639344262295082,1,0.2
6119,2025-01-01,2025,Information Technology,Data Analyst,0,0.07101167315175097,0,0.2
6121,2025-01-01,2025,Information Technology,Software Engineer,0,0.13513513513513514,0,0.2
6124,2025-01-01,2025,Marketing,Digital Marketing Specialist,0,0.06978233034571063,0,0.2
6126,2025-01-01,2025,Sales,Sales Supervisor,0,0.0681453768038482,0,0.2
6128,2025-01-01,2025,Finance,Accountant,0,0.11397627643115008,0,0.2
6131,2025-01-01,2025,Sales,Sales Executive,0,0.12827225130890052,0,0.2
6137,2025-01-01,2025,Human Resources,HR Manager,0,0.22927879440258342,1,0.2
6140,2025-01-01,2025,Marketing,Digital Marketing Specialist,0,0.1179245283018868,0,0.2
6145,2025-01-01,2025,Finance,Financial Analyst,0,0.36619718309859156,1,0.2
6148,2025-01-01,2025,Marketing,Marketing Manager,0,0.03574033552151714,0,0.2
6150,2025-01-01,2025,Information Technology,System Administrator,0,0.11397627643115008,0,0.2
6152,2025-01-01,2025,Information Technology,QA Engineer,1,0.21639344262295082,1,0.2
6153,2025-01-01,2025,Operations,Warehouse Supervisor,1,0.11397627643115008,0,0.2
6155,2025-01-01,2025,Marketing,Marketing Manager,0,0.22927879440258342,1,0.2
6156,2025-01-01,2025,Human Resources,C&B Specialist,1,0.12382739212007504,0,0.2
6157,2025-01-01,2025,Human Resources,C&B Specialist,0,0.15187376725838264,0,0.2
6160,2025-01-01,2025,Information Technology,Data Analyst,1,0.1956521739130435,0,0.2
6163,2025-01-01,2025,Operations,Operations Manager,0,0.0681453768038482,0,0.2
6168,2025-01-01,2025,Operations,Procurement Specialist,0,0.0935672514619883,0,0.2
6176,2025-01-01,2025,Information Technology,IT Support,0,0.22927879440258342,1,0.2
6178,2025-01-01,2025,Sales,Sales Representative,0,0.05102040816326531,0,0.2
6179,2025-01-01,2025,Human Resources,HR Executive,0,0.15979381443298968,0,0.2
6182,2025-01-01,2025,Finance,Finance Manager,0,0.1610337972166998,0,0.2
6185,2025-01-01,2025,Marketing,Marketing Executive,0,0.0935672514619883,0,0.2
6187,2025-01-01,2025,Finance,Financial Analyst,0,0.32432432432432434,1,0.2
6188,2025-01-01,2025,Human Resources,C&B Specialist,0,0.0681453768038482,0,0.2
6190,2025-01-01,2025,Human Resources,C&B Specialist,0,0.07101167315175097,0,0.2
6193,2025-01-01,2025,Sales,Account Manager,0,0.06978233034571063,0,0.2
6197,2025-01-01,2025,Human Resources,HR Executive,0,0.1956521739130435,0,0.2
6198,2025-01-01,2025,Marketing,Content Specialist,1,0.32432432432432434,1,0.2
6200,2025-01-01,2025,Operations,Procurement Specialist,0,0.2242152466367713,1,0.2
6207,2025-01-01,2025,Sales,Account Manager,0,0.05102040816326531,0,0.2
6209,2025-01-01,2025,Operations,Operations Executive,0,0.22927879440258342,1,0.2
6213,2025-01-01,2025,Sales,Account Manager,0,0.15979381443298968,0,0.2
6216,2025-01-01,2025,Marketing,Content Specialist,0,0.13513513513513514,0,0.2
6217,2025-01-01,2025,Information Technology,QA Engineer,1,0.29411764705882354,1,0.2
6219,2025-01-01,2025,Finance,Accountant,0,0.05102040816326531,0,0.2
6221,2025-01-01,2025,Operations,Warehouse Supervisor,0,0.0935672514619883,0,0.2
6222,2025-01-01,2025,Human Resources,Recruiter,0,0.1986970684039088,0,0.2
6224,2025-01-01,2025,Operations,Operations Executive,0,0.13513513513513514,0,0.2
6231,2025-01-01,2025,Marketing,Marketing Executive,0,0.22927879440258342,1,0.2
6232,2025-01-01,2025,Finance,Internal Auditor,1,0.42701525054466233,1,0.2
6233,2025-01-01,2025,Human Resources,HR Executive,0,0.0681453768038482,0,0.2
6234,2025-01-01,2025,Sales,Account Manager,1,0.0935672514619883,0,0.2
6236,2025-01-01,2025,Information Technology,System Administrator,0,0.05102040816326531,0,0.2
6237,2025-01-01,2025,Sales,Sales Representative,0,0.2288135593220339,1,0.2
6239,2025-01-01,2025,Marketing,Marketing Executive,0,0.15979381443298968,0,0.2
6240,2025-01-01,2025,Finance,Internal Auditor,0,0.05102040816326531,0,0.2
6241,2025-01-01,2025,Information Technology,Software Engineer,0,0.29411764705882354,1,0.2
6242,2025-01-01,2025,Operations,Procurement Specialist,0,0.0681453768038482,0,0.2
6248,2025-01-01,2025,Information Technology,IT Support,0,0.0935672514619883,0,0.2
6249,2025-01-01,2025,Marketing,Marketing Manager,0,0.06978233034571063,0,0.2
6250,2025-01-01,2025,Human Resources,HR Executive,0,0.21639344262295082,1,0.2
6251,2025-01-01,2025,Finance,Accountant,0,0.16176470588235295,0,0.2
6253,2025-01-01,2025,Finance,Internal Auditor,0,0.11397627643115008,0,0.2
6255,2025-01-01,2025,Sales,Sales Executive,1,0.05102040816326531,0,0.2
6258,2025-01-01,2025,Information Technology,Data Analyst,1,0.1610337972166998,0,0.2
6259,2025-01-01,2025,Human Resources,HR Manager,0,0.42701525054466233,1,0.2
6260,2025-01-01,2025,Marketing,Marketing Executive,0,0.16176470588235295,0,0.2
6264,2025-01-01,2025,Sales,Sales Executive,0,0.05102040816326531,0,0.2
6266,2025-01-01,2025,Information Technology,Data Analyst,0,0.12827225130890052,0,0.2
6267,2025-01-01,2025,Operations,Operations Executive,0,0.11397627643115008,0,0.2
6268,2025-01-01,2025,Marketing,Content Specialist,1,0.03574033552151714,0,0.2
6271,2025-01-01,2025,Finance,Financial Analyst,0,0.05102040816326531,0,0.2
6272,2025-01-01,2025,Finance,Finance Manager,0,0.12827225130890052,0,0.2
6273,2025-01-01,2025,Human Resources,Recruiter,0,0.12827225130890052,0,0.2
6274,2025-01-01,2025,Finance,Finance Manager,0,0.0681453768038482,0,0.2
6276,2025-01-01,2025,Information Technology,System Administrator,0,0.0681453768038482,0,0.2
6279,2025-01-01,2025,Marketing,Digital Marketing Specialist,0,0.07101167315175097,0,0.2
6280,2025-01-01,2025,Finance,Internal Auditor,0,0.05102040816326531,0,0.2
6281,2025-01-01,2025,Finance,Internal Auditor,0,0.16176470588235295,0,0.2
6283,2025-01-01,2025,Information Technology,System Administrator,0,0.2777777777777778,1,0.2
6284,2025-01-01,2025,Human Resources,C&B Specialist,0,0.05102040816326531,0,0.2
6294,2025-01-01,2025,Finance,Accountant,0,0.1179245283018868,0,0.2
6295,2025-01-01,2025,Operations,Warehouse Supervisor,1,0.13513513513513514,0,0.2
6297,2025-01-01,2025,Human Resources,HR Manager,0,0.06978233034571063,0,0.2
6299,2025-01-01,2025,Operations,Operations Manager,0,0.06978233034571063,0,0.2
6305,2025-01-01,2025,Human Resources,Recruiter,1,0.32432432432432434,1,0.2
6307,2025-01-01,2025,Information Technology,System Administrator,0,0.05102040816326531,0,0.2
6308,2025-01-01,2025,Operations,Warehouse Supervisor,1,0.5116959064327485,1,0.2
6312,2025-01-01,2025,Marketing,Marketing Executive,1,0.07101167315175097,0,0.2
6313,2025-01-01,2025,Sales,Sales Supervisor,0,0.13513513513513514,0,0.2
6314,2025-01-01,2025,Finance,Finance Manager,1,0.13513513513513514,0,0.2
6316,2025-01-01,2025,Sales,Account Manager,1,0.5116959064327485,1,0.2
6317,2025-01-01,2025,Finance,Finance Manager,0,0.0681453768038482,0,0.2
6322,2025-01-01,2025,Human Resources,HR Executive,0,0.22927879440258342,1,0.2
6323,2025-01-01,2025,Marketing,Marketing Manager,1,0.15187376725838264,0,0.2
6324,2025-01-01,2025,Information Technology,Software Engineer,0,0.1179245283018868,0,0.2
6329,2025-01-01,2025,Human Resources,HR Manager,0,0.05102040816326531,0,0.2
6331,2025-01-01,2025,Finance,Financial Analyst,0,0.22927879440258342,1,0.2
6332,2025-01-01,2025,Sales,Sales Supervisor,0,0.0681453768038482,0,0.2
6333,2025-01-01,2025,Sales,Sales Executive,0,0.0681453768038482,0,0.2
6340,2025-01-01,2025,Finance,Internal Auditor,0,0.05102040816326531,0,0.2
6342,2025-01-01,2025,Information Technology,IT Support,0,0.1956521739130435,0,0.2
6343,2025-01-01,2025,Marketing,Digital Marketing Specialist,0,0.22927879440258342,1,0.2
6344,2025-01-01,2025,Human Resources,HR Manager,0,0.0681453768038482,0,0.2
6346,2025-01-01,2025,Finance,Accountant,1,0.11397627643115008,0,0.2
6347,2025-01-01,2025,Information Technology,IT Support,0,0.22927879440258342,1,0.2
6350,2025-01-01,2025,Operations,Operations Executive,0,0.0681453768038482,0,0.2
6351,2025-01-01,2025,Information Technology,Software Engineer,0,0.0681453768038482,0,0.2
6352,2025-01-01,2025,Information Technology,Software Engineer,0,0.0681453768038482,0,0.2
6355,2025-01-01,2025,Sales,Account Manager,0,0.22927879440258342,1,0.2
6361,2025-01-01,2025,Information Technology,Software Engineer,1,0.2163265306122449,1,0.2
6362,2025-01-01,2025,Sales,Sales Executive,1,0.3035143769968051,1,0.2
6366,2025-01-01,2025,Marketing,Digital Marketing Specialist,0,0.06978233034571063,0,0.2
6367,2025-01-01,2025,Marketing,Content Specialist,0,0.06978233034571063,0,0.2
6369,2025-01-01,2025,Finance,Internal Auditor,0,0.1610337972166998,0,0.2
6370,2025-01-01,2025,Finance,Internal Auditor,0,0.0681453768038482,0,0.2
6371,2025-01-01,2025,Operations,Warehouse Supervisor,0,0.05102040816326531,0,0.2
6376,2025-01-01,2025,Operations,Warehouse Supervisor,1,0.22927879440258342,1,0.2
6377,2025-01-01,2025,Operations,Procurement Specialist,0,0.15979381443298968,0,0.2
6378,2025-01-01,2025,Finance,Finance Manager,0,0.15187376725838264,0,0.2
6379,2025-01-01,2025,Operations,Warehouse Supervisor,0,0.15187376725838264,0,0.2
6381,2025-01-01,2025,Human Resources,C&B Specialist,0,0.05102040816326531,0,0.2
6382,2025-01-01,2025,Marketing,Marketing Manager,0,0.03574033552151714,0,0.2
6385,2025-01-01,2025,Operations,Warehouse Supervisor,0,0.0681453768038482,0,0.2
6386,2025-01-01,2025,Operations,Procurement Specialist,0,0.0681453768038482,0,0.2
6388,2025-01-01,2025,Marketing,Digital Marketing Specialist,0,0.03574033552151714,0,0.2
6389,2025-01-01,2025,Marketing,Marketing Executive,1,0.13513513513513514,0,0.2
6391,2025-01-01,2025,Operations,Operations Executive,0,0.1610337972166998,0,0.2
6396,2025-01-01,2025,Human Resources,HR Manager,0,0.07101167315175097,0,0.2
6398,2025-01-01,2025,Sales,Sales Supervisor,0,0.0681453768038482,0,0.2
6400,2025-01-01,2025,Operations,Operations Manager,0,0.12827225130890052,0,0.2
6401,2025-01-01,2025,Operations,Operations Executive,0,0.0681453768038482,0,0.2
6402,2025-01-01,2025,Information Technology,IT Support,1,0.21052631578947367,1,0.2
6405,2025-01-01,2025,Finance,Finance Manager,0,0.11397627643115008,0,0.2
6407,2025-01-01,2025,Human Resources,Recruiter,0,0.33969465648854963,1,0.2
6410,2025-01-01,2025,Sales,Account Manager,0,0.07101167315175097,0,0.2
6414,2025-01-01,2025,Operations,Procurement Specialist,0,0.0681453768038482,0,0.2
6420,2025-01-01,2025,Finance,Finance Manager,0,0.07101167315175097,0,0.2
6427,2025-01-01,2025,Operations,Operations Manager,0,0.0681453768038482,0,0.2
6430,2025-01-01,2025,Human Resources,Recruiter,0,0.15187376725838264,0,0.2
6431,2025-01-01,2025,Information Technology,System Administrator,1,0.5116959064327485,1,0.2
6432,2025-01-01,2025,Sales,Account Manager,1,0.12827225130890052,0,0.2
6433,2025-01-01,2025,Human Resources,HR Manager,0,0.35294117647058826,1,0.2
6435,2025-01-01,2025,Sales,Account Manager,0,0.15979381443298968,0,0.2
6440,2025-01-01,2025,Finance,Internal Auditor,0,0.07101167315175097,0,0.2
6442,2025-01-01,2025,Marketing,Marketing Executive,0,0.03574033552151714,0,0.2
6445,2025-01-01,2025,Operations,Warehouse Supervisor,0,0.12382739212007504,0,0.2
6446,2025-01-01,2025,Finance,Financial Analyst,0,0.12827225130890052,0,0.2
6447,2025-01-01,2025,Human Resources,Recruiter,0,0.05102040816326531,0,0.2
6449,2025-01-01,2025,Finance,Finance Manager,0,0.05102040816326531,0,0.2
6450,2025-01-01,2025,Operations,Operations Manager,0,0.12382739212007504,0,0.2
6452,2025-01-01,2025,Human Resources,HR Manager,0,0.0681453768038482,0,0.2
6453,2025-01-01,2025,Sales,Sales Supervisor,0,0.15979381443298968,0,0.2
6454,2025-01-01,2025,Finance,Internal Auditor,1,0.0681453768038482,0,0.2
6455,2025-01-01,2025,Human Resources,HR Executive,0,0.0935672514619883,0,0.2
6456,2025-01-01,2025,Operations,Procurement Specialist,0,0.2288135593220339,1,0.2
6458,2025-01-01,2025,Operations,Operations Executive,0,0.0935672514619883,0,0.2
6464,2025-01-01,2025,Human Resources,C&B Specialist,0,0.05102040816326531,0,0.2
6465,2025-01-01,2025,Information Technology,IT Support,0,0.0681453768038482,0,0.2
6467,2025-01-01,2025,Information Technology,System Administrator,0,0.42701525054466233,1,0.2
6471,2025-01-01,2025,Operations,Operations Executive,0,0.4198473282442748,1,0.2
6472,2025-01-01,2025,Information Technology,System Administrator,0,0.21639344262295082,1,0.2
6473,2025-01-01,2025,Human Resources,C&B Specialist,0,0.0681453768038482,0,0.2
6474,2025-01-01,2025,Human Resources,Recruiter,0,0.15187376725838264,0,0.2
6476,2025-01-01,2025,Finance,Financial Analyst,0,0.0681453768038482,0,0.2
6479,2025-01-01,2025,Finance,Internal Auditor,0,0.0681453768038482,0,0.2
6480,2025-01-01,2025,Human Resources,Recruiter,0,0.11397627643115008,0,0.2
6483,2025-01-01,2025,Sales,Sales Supervisor,0,0.1610337972166998,0,0.2
6484,2025-01-01,2025,Operations,Operations Executive,0,0.19791666666666666,0,0.2
6486,2025-01-01,2025,Operations,Procurement Specialist,0,0.32432432432432434,1,0.2
6491,2025-01-01,2025,Operations,Procurement Specialist,0,0.07101167315175097,0,0.2
6493,2025-01-01,2025,Sales,Sales Representative,0,0.2608695652173913,1,0.2
6494,2025-01-01,2025,Operations,Operations Manager,0,0.15187376725838264,0,0.2
6498,2025-01-01,2025,Sales,Account Manager,0,0.1179245283018868,0,0.2
6499,2025-01-01,2025,Sales,Sales Executive,0,0.1956521739130435,0,0.2
6501,2025-01-01,2025,Operations,Procurement Specialist,0,0.0681453768038482,0,0.2
6502,2025-01-01,2025,Sales,Account Manager,0,0.12827225130890052,0,0.2
6503,2025-01-01,2025,Finance,Financial Analyst,0,0.05102040816326531,0,0.2
6504,2025-01-01,2025,Sales,Sales Executive,0,0.0681453768038482,0,0.2
6507,2025-01-01,2025,Finance,Accountant,0,0.07101167315175097,0,0.2
6509,2025-01-01,2025,Information Technology,IT Support,0,0.05102040816326531,0,0.2
6511,2025-01-01,2025,Operations,Operations Manager,0,0.2777777777777778,1,0.2
6512,2025-01-01,2025,Information Technology,IT Support,0,0.07101167315175097,0,0.2
6514,2025-01-01,2025,Sales,Account Manager,0,0.05102040816326531,0,0.2
6515,2025-01-01,2025,Marketing,Content Specialist,0,0.03574033552151714,0,0.2
6516,2025-01-01,2025,Human Resources,HR Executive,0,0.0681453768038482,0,0.2
6518,2025-01-01,2025,Information Technology,QA Engineer,0,0.05102040816326531,0,0.2
6519,2025-01-01,2025,Sales,Sales Representative,0,0.07101167315175097,0,0.2
6522,2025-01-01,2025,Sales,Sales Executive,0,0.5116959064327485,1,0.2
6523,2025-01-01,2025,Human Resources,C&B Specialist,1,0.22927879440258342,1,0.2
6525,2025-01-01,2025,Information Technology,QA Engineer,0,0.12382739212007504,0,0.2
6526,2025-01-01,2025,Information Technology,IT Support,0,0.5116959064327485,1,0.2
6527,2025-01-01,2025,Marketing,Content Specialist,0,0.1610337972166998,0,0.2
6530,2025-01-01,2025,Human Resources,HR Manager,0,0.5116959064327485,1,0.2
6531,2025-01-01,2025,Finance,Finance Manager,0,0.05102040816326531,0,0.2
6534,2025-01-01,2025,Information Technology,Software Engineer,1,0.40318302387267907,1,0.2
6539,2025-01-01,2025,Marketing,Marketing Manager,0,0.03574033552151714,0,0.2
6541,2025-01-01,2025,Marketing,Digital Marketing Specialist,0,0.03574033552151714,0,0.2
6543,2025-01-01,2025,Human Resources,C&B Specialist,0,0.15187376725838264,0,0.2
6544,2025-01-01,2025,Information Technology,System Administrator,0,0.1179245283018868,0,0.2
6545,2025-01-01,2025,Marketing,Digital Marketing Specialist,0,0.07101167315175097,0,0.2
6546,2025-01-01,2025,Information Technology,IT Support,0,0.15979381443298968,0,0.2
6547,2025-01-01,2025,Finance,Accountant,0,0.13513513513513514,0,0.2
6548,2025-01-01,2025,Finance,Accountant,0,0.1179245283018868,0,0.2
6551,2025-01-01,2025,Information Technology,IT Support,1,0.29411764705882354,1,0.2
6553,2025-01-01,2025,Human Resources,C&B Specialist,0,0.22927879440258342,1,0.2
6555,2025-01-01,2025,Marketing,Content Specialist,0,0.03574033552151714,0,0.2
6556,2025-01-01,2025,Sales,Account Manager,0,0.15187376725838264,0,0.2
6557,2025-01-01,2025,Marketing,Content Specialist,1,0.21639344262295082,1,0.2
6558,2025-01-01,2025,Sales,Sales Supervisor,0,0.21639344262295082,1,0.2
6560,2025-01-01,2025,Human Resources,HR Executive,0,0.0681453768038482,0,0.2
6561,2025-01-01,2025,Operations,Operations Manager,0,0.0681453768038482,0,0.2
6562,2025-01-01,2025,Sales,Sales Representative,0,0.05102040816326531,0,0.2
6563,2025-01-01,2025,Marketing,Digital Marketing Specialist,1,0.03574033552151714,0,0.2
6565,2025-01-01,2025,Finance,Finance Manager,1,0.21639344262295082,1,0.2
6567,2025-01-01,2025,Operations,Operations Executive,0,0.05102040816326531,0,0.2
6569,2025-01-01,2025,Operations,Operations Manager,1,0.21639344262295082,1,0.2
6570,2025-01-01,2025,Marketing,Digital Marketing Specialist,0,0.11397627643115008,0,0.2
6572,2025-01-01,2025,Information Technology,IT Support,0,0.1179245283018868,0,0.2
6573,2025-01-01,2025,Sales,Sales Executive,0,0.11397627643115008,0,0.2
6575,2025-01-01,2025,Operations,Warehouse Supervisor,0,0.34782608695652173,1,0.2
6577,2025-01-01,2025,Human Resources,C&B Specialist,0,0.07101167315175097,0,0.2
6578,2025-01-01,2025,Marketing,Marketing Manager,0,0.03574033552151714,0,0.2
6583,2025-01-01,2025,Sales,Sales Representative,1,0.06978233034571063,0,0.2
6586,2025-01-01,2025,Human Resources,HR Executive,0,0.06978233034571063,0,0.2
6588,2025-01-01,2025,Operations,Procurement Specialist,0,0.21639344262295082,1,0.2
6590,2025-01-01,2025,Sales,Sales Representative,0,0.0681453768038482,0,0.2
6591,2025-01-01,2025,Human Resources,HR Manager,0,0.0681453768038482,0,0.2
6592,2025-01-01,2025,Finance,Finance Manager,0,0.0681453768038482,0,0.2
6593,2025-01-01,2025,Operations,Operations Executive,0,0.07101167315175097,0,0.2
6595,2025-01-01,2025,Information Technology,Data Analyst,0,0.0681453768038482,0,0.2
6600,2025-01-01,2025,Finance,Financial Analyst,1,0.13513513513513514,0,0.2
6604,2025-01-01,2025,Marketing,Digital Marketing Specialist,0,0.03574033552151714,0,0.2
6605,2025-01-01,2025,Sales,Account Manager,0,0.06978233034571063,0,0.2
6606,2025-01-01,2025,Finance,Financial Analyst,0,0.03816793893129771,0,0.2
6607,2025-01-01,2025,Finance,Accountant,0,0.06978233034571063,0,0.2
6609,2025-01-01,2025,Sales,Sales Supervisor,0,0.13513513513513514,0,0.2
6611,2025-01-01,2025,Sales,Sales Representative,0,0.11397627643115008,0,0.2
6612,2025-01-01,2025,Human Resources,HR Executive,0,0.1986970684039088,0,0.2
6613,2025-01-01,2025,Human Resources,HR Executive,0,0.40318302387267907,1,0.2
6614,2025-01-01,2025,Human Resources,HR Manager,1,0.15187376725838264,0,0.2
6616,2025-01-01,2025,Information Technology,Software Engineer,0,0.1610337972166998,0,0.2
6617,2025-01-01,2025,Finance,Financial Analyst,0,0.07101167315175097,0,0.2
6621,2025-01-01,2025,Operations,Operations Executive,1,0.1179245283018868,0,0.2
6622,2025-01-01,2025,Operations,Operations Executive,0,0.22927879440258342,1,0.2
6624,2025-01-01,2025,Marketing,Marketing Executive,0,0.03574033552151714,0,0.2
6626,2025-01-01,2025,Finance,Accountant,0,0.03816793893129771,0,0.2
6627,2025-01-01,2025,Operations,Warehouse Supervisor,1,0.15187376725838264,0,0.2
6629,2025-01-01,2025,Information Technology,Data Analyst,0,0.0681453768038482,0,0.2
6631,2025-01-01,2025,Sales,Sales Executive,1,0.15979381443298968,0,0.2
6632,2025-01-01,2025,Operations,Procurement Specialist,0,0.21052631578947367,1,0.2
6634,2025-01-01,2025,Finance,Financial Analyst,0,0.36619718309859156,1,0.2
6638,2025-01-01,2025,Marketing,Marketing Manager,0,0.03574033552151714,0,0.2
6641,2025-01-01,2025,Marketing,Content Specialist,0,0.03574033552151714,0,0.2
6644,2025-01-01,2025,Marketing,Content Specialist,0,0.03574033552151714,0,0.2
6646,2025-01-01,2025,Finance,Accountant,0,0.42701525054466233,1,0.2
6647,2025-01-01,2025,Marketing,Marketing Executive,0,0.22927879440258342,1,0.2
6652,2025-01-01,2025,Operations,Procurement Specialist,1,0.0681453768038482,0,0.2
6655,2025-01-01,2025,Operations,Operations Manager,0,0.05102040816326531,0,0.2
6656,2025-01-01,2025,Finance,Finance Manager,0,0.11397627643115008,0,0.2
6657,2025-01-01,2025,Sales,Sales Representative,0,0.1179245283018868,0,0.2
6658,2025-01-01,2025,Marketing,Digital Marketing Specialist,0,0.03574033552151714,0,0.2
6659,2025-01-01,2025,Information Technology,QA Engineer,0,0.29411764705882354,1,0.2
6660,2025-01-01,2025,Finance,Financial Analyst,0,0.07101167315175097,0,0.2
6663,2025-01-01,2025,Information Technology,IT Support,0,0.12382739212007504,0,0.2
6669,2025-01-01,2025,Information Technology,System Administrator,0,0.0935672514619883,0,0.2
6671,2025-01-01,2025,Sales,Account Manager,0,0.12382739212007504,0,0.2
6672,2025-01-01,2025,Marketing,Marketing Executive,0,0.1610337972166998,0,0.2
6673,2025-01-01,2025,Operations,Procurement Specialist,0,0.06978233034571063,0,0.2
6675,2025-01-01,2025,Information Technology,IT Support,0,0.2777777777777778,1,0.2
6676,2025-01-01,2025,Human Resources,Recruiter,0,0.1610337972166998,0,0.2
6679,2025-01-01,2025,Finance,Internal Auditor,0,0.0681453768038482,0,0.2
6682,2025-01-01,2025,Sales,Account Manager,0,0.07101167315175097,0,0.2
6683,2025-01-01,2025,Marketing,Digital Marketing Specialist,0,0.1956521739130435,0,0.2
6684,2025-01-01,2025,Sales,Sales Representative,0,0.1956521739130435,0,0.2
6686,2025-01-01,2025,Marketing,Digital Marketing Specialist,0,0.11397627643115008,0,0.2
6688,2025-01-01,2025,Operations,Operations Manager,0,0.35294117647058826,1,0.2
6689,2025-01-01,2025,Information Technology,Data Analyst,0,0.32432432432432434,1,0.2
6690,2025-01-01,2025,Information Technology,IT Support,1,0.2242152466367713,1,0.2
6692,2025-01-01,2025,Marketing,Marketing Manager,0,0.07101167315175097,0,0.2
6695,2025-01-01,2025,Operations,Procurement Specialist,1,0.2777777777777778,1,0.2
6696,2025-01-01,2025,Operations,Operations Executive,0,0.05102040816326531,0,0.2
6697,2025-01-01,2025,Operations,Operations Manager,0,0.12382739212007504,0,0.2
6699,2025-01-01,2025,Sales,Sales Representative,1,0.12382739212007504,0,0.2
6700,2025-01-01,2025,Finance,Accountant,0,0.13513513513513514,0,0.2
6705,2025-01-01,2025,Information Technology,Software Engineer,1,0.1610337972166998,0,0.2
6706,2025-01-01,2025,Marketing,Marketing Manager,0,0.03574033552151714,0,0.2
6707,2025-01-01,2025,Information Technology,IT Support,0,0.0681453768038482,0,0.2
6708,2025-01-01,2025,Human Resources,HR Executive,0,0.06978233034571063,0,0.2
6710,2025-01-01,2025,Sales,Sales Representative,0,0.12382739212007504,0,0.2
6711,2025-01-01,2025,Human Resources,HR Manager,0,0.0681453768038482,0,0.2
6712,2025-01-01,2025,Human Resources,Recruiter,0,0.07101167315175097,0,0.2
6713,2025-01-01,2025,Operations,Warehouse Supervisor,1,0.12382739212007504,0,0.2
6718,2025-01-01,2025,Information Technology,Software Engineer,1,0.5116959064327485,1,0.2
6721,2025-01-01,2025,Operations,Operations Manager,0,0.11397627643115008,0,0.2
6722,2025-01-01,2025,Marketing,Content Specialist,0,0.13513513513513514,0,0.2
6723,2025-01-01,2025,Sales,Sales Supervisor,0,0.06978233034571063,0,0.2
6728,2025-01-01,2025,Operations,Procurement Specialist,0,0.13513513513513514,0,0.2
6730,2025-01-01,2025,Human Resources,C&B Specialist,0,0.06978233034571063,0,0.2
6732,2025-01-01,2025,Sales,Sales Executive,1,0.15187376725838264,0,0.2
6734,2025-01-01,2025,Marketing,Marketing Manager,0,0.1956521739130435,0,0.2
6735,2025-01-01,2025,Marketing,Digital Marketing Specialist,0,0.1610337972166998,0,0.2
6736,2025-01-01,2025,Marketing,Content Specialist,0,0.03574033552151714,0,0.2
6738,2025-01-01,2025,Operations,Operations Executive,0,0.2242152466367713,1,0.2
6739,2025-01-01,2025,Finance,Accountant,0,0.12382739212007504,0,0.2
6745,2025-01-01,2025,Information Technology,Data Analyst,0,0.33969465648854963,1,0.2
6747,2025-01-01,2025,Marketing,Digital Marketing Specialist,0,0.15187376725838264,0,0.2
6749,2025-01-01,2025,Information Technology,System Administrator,0,0.0681453768038482,0,0.2
6756,2025-01-01,2025,Finance,Accountant,0,0.0935672514619883,0,0.2
6757,2025-01-01,2025,Operations,Procurement Specialist,0,0.11397627643115008,0,0.2
6759,2025-01-01,2025,Information Technology,Software Engineer,0,0.06978233034571063,0,0.2
6768,2025-01-01,2025,Marketing,Content Specialist,1,0.15187376725838264,0,0.2
6771,2025-01-01,2025,Sales,Sales Representative,0,0.2242152466367713,1,0.2
6775,2025-01-01,2025,Operations,Operations Manager,0,0.0935672514619883,0,0.2
6784,2025-01-01,2025,Marketing,Marketing Manager,0,0.11397627643115008,0,0.2
6786,2025-01-01,2025,Marketing,Marketing Executive,0,0.40318302387267907,1,0.2
6789,2025-01-01,2025,Marketing,Digital Marketing Specialist,0,0.06978233034571063,0,0.2
6793,2025-01-01,2025,Sales,Sales Representative,0,0.2163265306122449,1,0.2
6795,2025-01-01,2025,Operations,Procurement Specialist,1,0.11397627643115008,0,0.2
6796,2025-01-01,2025,Human Resources,HR Manager,1,0.22927879440258342,1,0.2
6800,2025-01-01,2025,Human Resources,C&B Specialist,0,0.06978233034571063,0,0.2
6803,2025-01-01,2025,Marketing,Digital Marketing Specialist,0,0.22927879440258342,1,0.2
6804,2025-01-01,2025,Sales,Sales Supervisor,0,0.05102040816326531,0,0.2
6805,2025-01-01,2025,Human Resources,C&B Specialist,0,0.0935672514619883,0,0.2
6810,2025-01-01,2025,Sales,Sales Executive,0,0.29411764705882354,1,0.2
6811,2025-01-01,2025,Finance,Internal Auditor,0,0.06978233034571063,0,0.2
6815,2025-01-01,2025,Human Resources,Recruiter,0,0.15187376725838264,0,0.2
6816,2025-01-01,2025,Sales,Sales Supervisor,1,0.5116959064327485,1,0.2
6819,2025-01-01,2025,Information Technology,System Administrator,0,0.2288135593220339,1,0.2
6820,2025-01-01,2025,Finance,Internal Auditor,0,0.0935672514619883,0,0.2
6823,2025-01-01,2025,Operations,Warehouse Supervisor,1,0.15187376725838264,0,0.2
6824,2025-01-01,2025,Human Resources,HR Executive,0,0.13513513513513514,0,0.2
6826,2025-01-01,2025,Information Technology,System Administrator,0,0.1956521739130435,0,0.2
6830,2025-01-01,2025,Operations,Procurement Specialist,0,0.06978233034571063,0,0.2
6834,2025-01-01,2025,Human Resources,HR Manager,1,0.21639344262295082,1,0.2
6835,2025-01-01,2025,Human Resources,Recruiter,0,0.25663716814159293,1,0.2
6836,2025-01-01,2025,Marketing,Content Specialist,0,0.0,0,0.2
6843,2025-01-01,2025,Sales,Sales Representative,0,0.06978233034571063,0,0.2
6844,2025-01-01,2025,Information Technology,IT Support,0,0.21639344262295082,1,0.2
6851,2025-01-01,2025,Information Technology,System Administrator,0,0.05102040816326531,0,0.2
6856,2025-01-01,2025,Information Technology,IT Support,1,0.13513513513513514,0,0.2
6858,2025-01-01,2025,Marketing,Content Specialist,1,0.03574033552151714,0,0.2
6865,2025-01-01,2025,Sales,Sales Representative,1,0.0681453768038482,0,0.2
6866,2025-01-01,2025,Sales,Account Manager,0,0.07101167315175097,0,0.2
6868,2025-01-01,2025,Sales,Sales Representative,0,0.05102040816326531,0,0.2
6869,2025-01-01,2025,Information Technology,Software Engineer,1,0.15979381443298968,0,0.2
6870,2025-01-01,2025,Sales,Sales Executive,1,0.21639344262295082,1,0.2
6872,2025-01-01,2025,Sales,Sales Supervisor,1,0.1986970684039088,0,0.2
6874,2025-01-01,2025,Finance,Financial Analyst,0,0.3035143769968051,1,0.2
6875,2025-01-01,2025,Finance,Finance Manager,1,0.2288135593220339,1,0.2
6876,2025-01-01,2025,Finance,Financial Analyst,0,0.12382739212007504,0,0.2
6878,2025-01-01,2025,Sales,Account Manager,0,0.25663716814159293,1,0.2
6879,2025-01-01,2025,Marketing,Content Specialist,0,0.33969465648854963,1,0.2
6881,2025-01-01,2025,Operations,Operations Executive,1,0.5116959064327485,1,0.2
6882,2025-01-01,2025,Marketing,Marketing Executive,0,0.1610337972166998,0,0.2
6888,2025-01-01,2025,Human Resources,HR Manager,0,0.15187376725838264,0,0.2
6890,2025-01-01,2025,Operations,Warehouse Supervisor,0,0.0681453768038482,0,0.2
6891,2025-01-01,2025,Sales,Sales Representative,0,0.0935672514619883,0,0.2
6893,2025-01-01,2025,Operations,Procurement Specialist,0,0.21052631578947367,1,0.2
6897,2025-01-01,2025,Marketing,Marketing Executive,0,0.15187376725838264,0,0.2
6898,2025-01-01,2025,Marketing,Digital Marketing Specialist,0,0.15979381443298968,0,0.2
6899,2025-01-01,2025,Information Technology,IT Support,0,0.06978233034571063,0,0.2
6900,2025-01-01,2025,Sales,Account Manager,1,0.22927879440258342,1,0.2
6901,2025-01-01,2025,Information Technology,System Administrator,0,0.21639344262295082,1,0.2
6903,2025-01-01,2025,Sales,Sales Executive,0,0.12382739212007504,0,0.2
6906,2025-01-01,2025,Marketing,Marketing Executive,0,0.06978233034571063,0,0.2
6907,2025-01-01,2025,Information Technology,System Administrator,1,0.5116959064327485,1,0.2
6911,2025-01-01,2025,Information Technology,Software Engineer,0,0.15979381443298968,0,0.2
6912,2025-01-01,2025,Sales,Sales Supervisor,0,0.15187376725838264,0,0.2
6913,2025-01-01,2025,Information Technology,QA Engineer,0,0.35294117647058826,1,0.2
6915,2025-01-01,2025,Marketing,Marketing Manager,1,0.1956521739130435,0,0.2
6917,2025-01-01,2025,Finance,Internal Auditor,0,0.16176470588235295,0,0.2
6918,2025-01-01,2025,Information Technology,IT Support,0,0.22927879440258342,1,0.2
6922,2025-01-01,2025,Information Technology,IT Support,0,0.07101167315175097,0,0.2
6923,2025-01-01,2025,Human Resources,Recruiter,0,0.06978233034571063,0,0.2
6925,2025-01-01,2025,Human Resources,HR Executive,0,0.1986970684039088,0,0.2
6926,2025-01-01,2025,Information Technology,Data Analyst,0,0.1956521739130435,0,0.2
6927,2025-01-01,2025,Marketing,Content Specialist,1,0.21639344262295082,1,0.2
6931,2025-01-01,2025,Sales,Sales Representative,0,0.15979381443298968,0,0.2
6933,2025-01-01,2025,Information Technology,QA Engineer,0,0.11397627643115008,0,0.2
6934,2025-01-01,2025,Marketing,Marketing Manager,1,0.13513513513513514,0,0.2
6935,2025-01-01,2025,Operations,Procurement Specialist,0,0.05102040816326531,0,0.2
6937,2025-01-01,2025,Marketing,Marketing Executive,0,0.21052631578947367,1,0.2
6940,2025-01-01,2025,Human Resources,HR Manager,0,0.0681453768038482,0,0.2
6943,2025-01-01,2025,Marketing,Digital Marketing Specialist,0,0.1956521739130435,0,0.2
6944,2025-01-01,2025,Finance,Finance Manager,0,0.05102040816326531,0,0.2
6945,2025-01-01,2025,Operations,Operations Manager,1,0.42701525054466233,1,0.2
6951,2025-01-01,2025,Operations,Operations Manager,1,0.07101167315175097,0,0.2
6952,2025-01-01,2025,Human Resources,C&B Specialist,0,0.13513513513513514,0,0.2
6955,2025-01-01,2025,Information Technology,QA Engineer,0,0.2288135593220339,1,0.2
6956,2025-01-01,2025,Information Technology,System Administrator,1,0.07101167315175097,0,0.2
6958,2025-01-01,2025,Sales,Sales Representative,0,0.12382739212007504,0,0.2
6959,2025-01-01,2025,Human Resources,HR Manager,0,0.29411764705882354,1,0.2
6960,2025-01-01,2025,Marketing,Digital Marketing Specialist,0,0.07101167315175097,0,0.2
6962,2025-01-01,2025,Finance,Accountant,0,0.15187376725838264,0,0.2
6968,2025-01-01,2025,Operations,Operations Executive,0,0.1956521739130435,0,0.2
6969,2025-01-01,2025,Marketing,Content Specialist,0,0.06978233034571063,0,0.2
6970,2025-01-01,2025,Sales,Sales Representative,0,0.05102040816326531,0,0.2
6971,2025-01-01,2025,Human Resources,HR Manager,0,0.05102040816326531,0,0.2
6972,2025-01-01,2025,Sales,Account Manager,0,0.0681453768038482,0,0.2
6973,2025-01-01,2025,Human Resources,Recruiter,0,0.13513513513513514,0,0.2
6974,2025-01-01,2025,Finance,Financial Analyst,0,0.07101167315175097,0,0.2
6975,2025-01-01,2025,Sales,Sales Executive,0,0.1610337972166998,0,0.2
6977,2025-01-01,2025,Sales,Sales Executive,0,0.0681453768038482,0,0.2
6978,2025-01-01,2025,Finance,Financial Analyst,0,0.1956521739130435,0,0.2
6980,2025-01-01,2025,Information Technology,QA Engineer,0,0.0681453768038482,0,0.2
6981,2025-01-01,2025,Information Technology,IT Support,0,0.0681453768038482,0,0.2
6982,2025-01-01,2025,Finance,Financial Analyst,1,0.35294117647058826,1,0.2
6984,2025-01-01,2025,Information Technology,IT Support,0,0.11397627643115008,0,0.2
6988,2025-01-01,2025,Information Technology,System Administrator,0,0.05102040816326531,0,0.2
6993,2025-01-01,2025,Finance,Financial Analyst,0,0.0681453768038482,0,0.2
6997,2025-01-01,2025,Human Resources,HR Executive,0,0.29411764705882354,1,0.2
6999,2025-01-01,2025,Sales,Sales Executive,0,0.05102040816326531,0,0.2
7002,2025-01-01,2025,Operations,Procurement Specialist,0,0.21639344262295082,1,0.2
7007,2025-01-01,2025,Finance,Accountant,0,0.16176470588235295,0,0.2
7008,2025-01-01,2025,Finance,Financial Analyst,0,0.0681453768038482,0,0.2
7009,2025-01-01,2025,Human Resources,HR Executive,0,0.05102040816326531,0,0.2
7010,2025-01-01,2025,Marketing,Marketing Executive,0,0.11397627643115008,0,0.2
7015,2025-01-01,2025,Human Resources,C&B Specialist,0,0.1610337972166998,0,0.2
7016,2025-01-01,2025,Sales,Sales Supervisor,0,0.0935672514619883,0,0.2
7017,2025-01-01,2025,Information Technology,Data Analyst,0,0.0935672514619883,0,0.2
7018,2025-01-01,2025,Finance,Internal Auditor,0,0.35294117647058826,1,0.2
7021,2025-01-01,2025,Human Resources,C&B Specialist,0,0.05102040816326531,0,0.2
7025,2025-01-01,2025,Sales,Sales Supervisor,0,0.11397627643115008,0,0.2
7026,2025-01-01,2025,Information Technology,QA Engineer,0,0.2727272727272727,1,0.2
7033,2025-01-01,2025,Information Technology,IT Support,0,0.07101167315175097,0,0.2
7034,2025-01-01,2025,Finance,Finance Manager,0,0.1179245283018868,0,0.2
7036,2025-01-01,2025,Marketing,Content Specialist,0,0.03574033552151714,0,0.2
7039,2025-01-01,2025,Sales,Sales Executive,1,0.1986970684039088,0,0.2
7044,2025-01-01,2025,Sales,Sales Executive,0,0.11397627643115008,0,0.2
7046,2025-01-01,2025,Marketing,Digital Marketing Specialist,0,0.15979381443298968,0,0.2
7048,2025-01-01,2025,Operations,Operations Executive,1,0.06978233034571063,0,0.2
7054,2025-01-01,2025,Operations,Warehouse Supervisor,0,0.4198473282442748,1,0.2
7056,2025-01-01,2025,Marketing,Content Specialist,0,0.03574033552151714,0,0.2
7057,2025-01-01,2025,Operations,Warehouse Supervisor,0,0.06978233034571063,0,0.2
7061,2025-01-01,2025,Marketing,Digital Marketing Specialist,1,0.03574033552151714,0,0.2
7063,2025-01-01,2025,Operations,Operations Manager,0,0.12382739212007504,0,0.2
7064,2025-01-01,2025,Sales,Sales Representative,0,0.3333333333333333,1,0.2
7072,2025-01-01,2025,Human Resources,HR Manager,1,0.12382739212007504,0,0.2
7073,2025-01-01,2025,Operations,Operations Executive,0,0.05102040816326531,0,0.2
7074,2025-01-01,2025,Information Technology,Data Analyst,0,0.06978233034571063,0,0.2
7078,2025-01-01,2025,Information Technology,Data Analyst,0,0.11397627643115008,0,0.2
7080,2025-01-01,2025,Human Resources,HR Manager,0,0.21052631578947367,1,0.2
7084,2025-01-01,2025,Sales,Sales Executive,1,0.2163265306122449,1,0.2
7087,2025-01-01,2025,Information Technology,QA Engineer,0,0.15979381443298968,0,0.2
7088,2025-01-01,2025,Human Resources,Recruiter,1,0.07101167315175097,0,0.2
7089,2025-01-01,2025,Finance,Internal Auditor,0,0.0681453768038482,0,0.2
7093,2025-01-01,2025,Sales,Sales Supervisor,1,0.7058823529411765,1,0.2
7099,2025-01-01,2025,Sales,Sales Executive,1,0.07101167315175097,0,0.2
7104,2025-01-01,2025,Marketing,Marketing Executive,0,0.33969465648854963,1,0.2
7105,2025-01-01,2025,Sales,Sales Executive,0,0.0935672514619883,0,0.2
7106,2025-01-01,2025,Marketing,Marketing Manager,0,0.5116959064327485,1,0.2
7110,2025-01-01,2025,Marketing,Marketing Manager,0,0.5116959064327485,1,0.2
7113,2025-01-01,2025,Sales,Sales Executive,0,0.05102040816326531,0,0.2
7114,2025-01-01,2025,Information Technology,QA Engineer,0,0.0681453768038482,0,0.2
7120,2025-01-01,2025,Operations,Operations Manager,0,0.0681453768038482,0,0.2
7121,2025-01-01,2025,Operations,Procurement Specialist,0,0.573170731707317,1,0.2
7124,2025-01-01,2025,Finance,Financial Analyst,0,0.05102040816326531,0,0.2
7125,2025-01-01,2025,Human Resources,HR Manager,1,0.05102040816326531,0,0.2
7128,2025-01-01,2025,Finance,Accountant,0,0.12827225130890052,0,0.2
7129,2025-01-01,2025,Marketing,Digital Marketing Specialist,0,0.03574033552151714,0,0.2
7130,2025-01-01,2025,Sales,Sales Executive,1,0.0935672514619883,0,0.2
7131,2025-01-01,2025,Sales,Sales Representative,0,0.0935672514619883,0,0.2
7134,2025-01-01,2025,Information Technology,IT Support,0,0.05102040816326531,0,0.2
7137,2025-01-01,2025,Marketing,Content Specialist,0,0.5116959064327485,1,0.2
7138,2025-01-01,2025,Information Technology,System Administrator,1,0.2163265306122449,1,0.2
7140,2025-01-01,2025,Information Technology,Software Engineer,1,0.2777777777777778,1,0.2
7142,2025-01-01,2025,Information Technology,Data Analyst,0,0.0681453768038482,0,0.2
7143,2025-01-01,2025,Information Technology,System Administrator,0,0.05102040816326531,0,0.2
7146,2025-01-01,2025,Marketing,Digital Marketing Specialist,0,0.03574033552151714,0,0.2
7147,2025-01-01,2025,Marketing,Marketing Executive,0,0.03574033552151714,0,0.2
7149,2025-01-01,2025,Finance,Financial Analyst,1,0.6548672566371682,1,0.2
7151,2025-01-01,2025,Operations,Procurement Specialist,0,0.1179245283018868,0,0.2
7152,2025-01-01,2025,Finance,Internal Auditor,1,0.33969465648854963,1,0.2
7153,2025-01-01,2025,Information Technology,System Administrator,0,0.0681453768038482,0,0.2
7155,2025-01-01,2025,Marketing,Content Specialist,0,0.21052631578947367,1,0.2
7158,2025-01-01,2025,Marketing,Marketing Executive,0,0.03574033552151714,0,0.2
7165,2025-01-01,2025,Finance,Finance Manager,0,0.12382739212007504,0,0.2
7168,2025-01-01,2025,Information Technology,Data Analyst,0,0.06978233034571063,0,0.2
7170,2025-01-01,2025,Information Technology,IT Support,0,0.1610337972166998,0,0.2
7172,2025-01-01,2025,Human Resources,Recruiter,0,0.11397627643115008,0,0.2
7173,2025-01-01,2025,Information Technology,QA Engineer,0,0.07101167315175097,0,0.2
7178,2025-01-01,2025,Marketing,Digital Marketing Specialist,0,0.06978233034571063,0,0.2
7179,2025-01-01,2025,Human Resources,HR Manager,0,0.13513513513513514,0,0.2
7181,2025-01-01,2025,Marketing,Digital Marketing Specialist,0,0.15187376725838264,0,0.2
7182,2025-01-01,2025,Information Technology,IT Support,0,0.0681453768038482,0,0.2
7183,2025-01-01,2025,Finance,Finance Manager,1,0.22927879440258342,1,0.2
7184,2025-01-01,2025,Information Technology,IT Support,0,0.12382739212007504,0,0.2
7186,2025-01-01,2025,Marketing,Marketing Manager,0,0.0935672514619883,0,0.2
7188,2025-01-01,2025,Sales,Account Manager,0,0.29411764705882354,1,0.2
7189,2025-01-01,2025,Operations,Operations Executive,0,0.0681453768038482,0,0.2
7190,2025-01-01,2025,Finance,Accountant,0,0.0681453768038482,0,0.2
7191,2025-01-01,2025,Operations,Warehouse Supervisor,0,0.2242152466367713,1,0.2
7193,2025-01-01,2025,Finance,Accountant,0,0.06978233034571063,0,0.2
7194,2025-01-01,2025,Information Technology,Software Engineer,1,0.0681453768038482,0,0.2
7196,2025-01-01,2025,Finance,Finance Manager,1,0.1610337972166998,0,0.2
7197,2025-01-01,2025,Operations,Procurement Specialist,0,0.0681453768038482,0,0.2
7199,2025-01-01,2025,Sales,Sales Representative,1,0.12382739212007504,0,0.2
7202,2025-01-01,2025,Marketing,Content Specialist,0,0.1986970684039088,0,0.2
7210,2025-01-01,2025,Finance,Accountant,0,0.07101167315175097,0,0.2
7211,2025-01-01,2025,Sales,Sales Executive,0,0.1956521739130435,0,0.2
7212,2025-01-01,2025,Marketing,Content Specialist,0,0.1956521739130435,0,0.2
7218,2025-01-01,2025,Operations,Operations Manager,0,0.0935672514619883,0,0.2
7220,2025-01-01,2025,Information Technology,Software Engineer,1,0.42701525054466233,1,0.2
7222,2025-01-01,2025,Information Technology,Software Engineer,0,0.2777777777777778,1,0.2
7223,2025-01-01,2025,Operations,Procurement Specialist,0,0.05102040816326531,0,0.2
7224,2025-01-01,2025,Marketing,Marketing Manager,0,0.1956521739130435,0,0.2
7228,2025-01-01,2025,Marketing,Marketing Executive,0,0.2242152466367713,1,0.2
7235,2025-01-01,2025,Information Technology,Data Analyst,0,0.12827225130890052,0,0.2
7236,2025-01-01,2025,Sales,Sales Executive,0,0.12827225130890052,0,0.2
7239,2025-01-01,2025,Operations,Warehouse Supervisor,0,0.06978233034571063,0,0.2
7242,2025-01-01,2025,Human Resources,HR Executive,0,0.05102040816326531,0,0.2
7244,2025-01-01,2025,Marketing,Marketing Executive,0,0.1610337972166998,0,0.2
7247,2025-01-01,2025,Human Resources,HR Manager,0,0.33969465648854963,1,0.2
7248,2025-01-01,2025,Marketing,Marketing Manager,0,0.03574033552151714,0,0.2
7252,2025-01-01,2025,Information Technology,System Administrator,0,0.0681453768038482,0,0.2
7258,2025-01-01,2025,Human Resources,HR Executive,0,0.1986970684039088,0,0.2
7259,2025-01-01,2025,Human Resources,Recruiter,0,0.06978233034571063,0,0.2
7263,2025-01-01,2025,Sales,Sales Executive,0,0.21639344262295082,1,0.2
7264,2025-01-01,2025,Marketing,Digital Marketing Specialist,0,0.06978233034571063,0,0.2
7265,2025-01-01,2025,Human Resources,Recruiter,0,0.06978233034571063,0,0.2
7268,2025-01-01,2025,Marketing,Marketing Manager,0,0.13513513513513514,0,0.2
7271,2025-01-01,2025,Information Technology,System Administrator,0,0.06978233034571063,0,0.2
7274,2025-01-01,2025,Human Resources,Recruiter,1,0.35294117647058826,1,0.2
7277,2025-01-01,2025,Sales,Account Manager,1,0.12382739212007504,0,0.2
7278,2025-01-01,2025,Information Technology,Software Engineer,0,0.06978233034571063,0,0.2
7279,2025-01-01,2025,Human Resources,HR Manager,0,0.12382739212007504,0,0.2
7283,2025-01-01,2025,Human Resources,HR Manager,0,0.05102040816326531,0,0.2
7286,2025-01-01,2025,Information Technology,Software Engineer,0,0.06978233034571063,0,0.2
7288,2025-01-01,2025,Marketing,Content Specialist,0,0.32432432432432434,1,0.2
7292,2025-01-01,2025,Operations,Procurement Specialist,1,0.0681453768038482,0,0.2
7293,2025-01-01,2025,Marketing,Content Specialist,1,0.07101167315175097,0,0.2
7294,2025-01-01,2025,Finance,Accountant,0,0.05102040816326531,0,0.2
7295,2025-01-01,2025,Information Technology,QA Engineer,1,0.42701525054466233,1,0.2
7300,2025-01-01,2025,Sales,Sales Representative,0,0.0935672514619883,0,0.2
7302,2025-01-01,2025,Information Technology,System Administrator,0,0.05102040816326531,0,0.2
7304,2025-01-01,2025,Human Resources,C&B Specialist,0,0.12382739212007504,0,0.2
7305,2025-01-01,2025,Finance,Internal Auditor,1,0.1179245283018868,0,0.2
7306,2025-01-01,2025,Human Resources,HR Executive,0,0.05102040816326531,0,0.2
7312,2025-01-01,2025,Finance,Financial Analyst,0,0.11397627643115008,0,0.2
7313,2025-01-01,2025,Marketing,Marketing Executive,0,0.11397627643115008,0,0.2
7314,2025-01-01,2025,Marketing,Content Specialist,0,0.0935672514619883,0,0.2
7315,2025-01-01,2025,Operations,Warehouse Supervisor,0,0.05102040816326531,0,0.2
7317,2025-01-01,2025,Information Technology,Data Analyst,0,0.06978233034571063,0,0.2
7320,2025-01-01,2025,Operations,Operations Manager,0,0.1956521739130435,0,0.2
7322,2025-01-01,2025,Sales,Sales Supervisor,0,0.0681453768038482,0,0.2
7323,2025-01-01,2025,Marketing,Digital Marketing Specialist,0,0.35294117647058826,1,0.2
7325,2025-01-01,2025,Marketing,Marketing Manager,0,0.32432432432432434,1,0.2
7327,2025-01-01,2025,Marketing,Marketing Executive,0,0.12827225130890052,0,0.2
7329,2025-01-01,2025,Sales,Sales Supervisor,0,0.05102040816326531,0,0.2
7332,2025-01-01,2025,Human Resources,HR Executive,0,0.11397627643115008,0,0.2
7336,2025-01-01,2025,Operations,Operations Manager,0,0.0681453768038482,0,0.2
7339,2025-01-01,2025,Sales,Sales Supervisor,0,0.33969465648854963,1,0.2
7343,2025-01-01,2025,Marketing,Marketing Manager,0,0.2288135593220339,1,0.2
7344,2025-01-01,2025,Sales,Sales Representative,0,0.15187376725838264,0,0.2
7350,2025-01-01,2025,Human Resources,Recruiter,0,0.29411764705882354,1,0.2
7354,2025-01-01,2025,Sales,Account Manager,0,0.0935672514619883,0,0.2
7355,2025-01-01,2025,Human Resources,HR Manager,0,0.0681453768038482,0,0.2
7357,2025-01-01,2025,Finance,Internal Auditor,0,0.05102040816326531,0,0.2
7358,2025-01-01,2025,Finance,Financial Analyst,0,0.05102040816326531,0,0.2
7359,2025-01-01,2025,Finance,Internal Auditor,0,0.29411764705882354,1,0.2
7360,2025-01-01,2025,Marketing,Marketing Manager,0,0.03574033552151714,0,0.2
7365,2025-01-01,2025,Finance,Internal Auditor,0,0.06978233034571063,0,0.2
7368,2025-01-01,2025,Finance,Internal Auditor,0,0.0681453768038482,0,0.2
7370,2025-01-01,2025,Finance,Accountant,1,0.42701525054466233,1,0.2
7371,2025-01-01,2025,Operations,Operations Executive,0,0.12382739212007504,0,0.2
7373,2025-01-01,2025,Sales,Sales Supervisor,0,0.05102040816326531,0,0.2
7374,2025-01-01,2025,Information Technology,IT Support,1,0.11397627643115008,0,0.2
7380,2025-01-01,2025,Operations,Procurement Specialist,0,0.06978233034571063,0,0.2
7382,2025-01-01,2025,Human Resources,C&B Specialist,0,0.0681453768038482,0,0.2
7384,2025-01-01,2025,Operations,Warehouse Supervisor,1,0.13513513513513514,0,0.2
7385,2025-01-01,2025,Information Technology,QA Engineer,0,0.07101167315175097,0,0.2
7389,2025-01-01,2025,Sales,Sales Supervisor,0,0.22927879440258342,1,0.2
7397,2025-01-01,2025,Sales,Sales Representative,1,0.0681453768038482,0,0.2
7400,2025-01-01,2025,Information Technology,QA Engineer,0,0.05102040816326531,0,0.2
7402,2025-01-01,2025,Operations,Procurement Specialist,0,0.29411764705882354,1,0.2
7405,2025-01-01,2025,Human Resources,Recruiter,0,0.12382739212007504,0,0.2
7409,2025-01-01,2025,Human Resources,HR Executive,0,0.1956521739130435,0,0.2
7414,2025-01-01,2025,Finance,Internal Auditor,0,0.33969465648854963,1,0.2
7420,2025-01-01,2025,Operations,Procurement Specialist,0,0.12382739212007504,0,0.2
7421,2025-01-01,2025,Finance,Financial Analyst,0,0.1610337972166998,0,0.2
7423,2025-01-01,2025,Sales,Sales Executive,0,0.06978233034571063,0,0.2
7425,2025-01-01,2025,Finance,Finance Manager,0,0.15979381443298968,0,0.2
7426,2025-01-01,2025,Finance,Accountant,0,0.05102040816326531,0,0.2
7427,2025-01-01,2025,Finance,Internal Auditor,0,0.11397627643115008,0,0.2
7428,2025-01-01,2025,Human Resources,HR Manager,0,0.11397627643115008,0,0.2
7430,2025-01-01,2025,Information Technology,System Administrator,0,0.40318302387267907,1,0.2
7431,2025-01-01,2025,Human Resources,C&B Specialist,0,0.0681453768038482,0,0.2
7434,2025-01-01,2025,Human Resources,HR Executive,1,0.1956521739130435,0,0.2
7437,2025-01-01,2025,Human Resources,HR Executive,1,0.1610337972166998,0,0.2
7446,2025-01-01,2025,Finance,Finance Manager,0,0.0935672514619883,0,0.2
7448,2025-01-01,2025,Sales,Sales Executive,0,0.13513513513513514,0,0.2
7449,2025-01-01,2025,Human Resources,Recruiter,1,0.2288135593220339,1,0.2
7451,2025-01-01,2025,Sales,Sales Supervisor,1,0.35294117647058826,1,0.2
7452,2025-01-01,2025,Sales,Sales Representative,0,0.0681453768038482,0,0.2
7454,2025-01-01,2025,Finance,Financial Analyst,0,0.2242152466367713,1,0.2
7456,2025-01-01,2025,Sales,Sales Representative,0,0.06978233034571063,0,0.2
7458,2025-01-01,2025,Finance,Accountant,0,0.1179245283018868,0,0.2
7459,2025-01-01,2025,Finance,Finance Manager,0,0.0681453768038482,0,0.2
7463,2025-01-01,2025,Finance,Finance Manager,0,0.1956521739130435,0,0.2
7464,2025-01-01,2025,Marketing,Digital Marketing Specialist,0,0.1610337972166998,0,0.2
7467,2025-01-01,2025,Operations,Procurement Specialist,0,0.0681453768038482,0,0.2
7468,2025-01-01,2025,Marketing,Marketing Manager,0,0.07101167315175097,0,0.2
7469,2025-01-01,2025,Operations,Procurement Specialist,0,0.1610337972166998,0,0.2
7470,2025-01-01,2025,Operations,Warehouse Supervisor,0,0.13513513513513514,0,0.2
7471,2025-01-01,2025,Operations,Procurement Specialist,0,0.1610337972166998,0,0.2
7473,2025-01-01,2025,Human Resources,Recruiter,1,0.5116959064327485,1,0.2
7475,2025-01-01,2025,Sales,Sales Executive,0,0.07101167315175097,0,0.2
7477,2025-01-01,2025,Sales,Sales Representative,0,0.32432432432432434,1,0.2
7479,2025-01-01,2025,Information Technology,IT Support,0,0.12382739212007504,0,0.2
7481,2025-01-01,2025,Human Resources,HR Manager,0,0.35294117647058826,1,0.2
7485,2025-01-01,2025,Human Resources,C&B Specialist,0,0.15187376725838264,0,0.2
7487,2025-01-01,2025,Information Technology,QA Engineer,0,0.2163265306122449,1,0.2
7488,2025-01-01,2025,Marketing,Marketing Manager,0,0.07101167315175097,0,0.2
7491,2025-01-01,2025,Sales,Sales Supervisor,1,0.0681453768038482,0,0.2
7493,2025-01-01,2025,Marketing,Digital Marketing Specialist,0,0.33969465648854963,1,0.2
7494,2025-01-01,2025,Human Resources,C&B Specialist,0,0.1610337972166998,0,0.2
7497,2025-01-01,2025,Finance,Accountant,0,0.06978233034571063,0,0.2
7498,2025-01-01,2025,Marketing,Digital Marketing Specialist,0,0.22927879440258342,1,0.2
7499,2025-01-01,2025,Operations,Operations Executive,0,0.05102040816326531,0,0.2
7500,2025-01-01,2025,Sales,Account Manager,0,0.13513513513513514,0,0.2
7502,2025-01-01,2025,Marketing,Marketing Executive,0,0.33969465648854963,1,0.2
7504,2025-01-01,2025,Sales,Sales Representative,0,0.0681453768038482,0,0.2
7505,2025-01-01,2025,Sales,Sales Executive,0,0.1956521739130435,0,0.2
7508,2025-01-01,2025,Sales,Sales Representative,0,0.05102040816326531,0,0.2
7509,2025-01-01,2025,Human Resources,Recruiter,0,0.11397627643115008,0,0.2
7514,2025-01-01,2025,Finance,Accountant,0,0.0681453768038482,0,0.2
7517,2025-01-01,2025,Human Resources,HR Executive,0,0.0681453768038482,0,0.2
7519,2025-01-01,2025,Operations,Procurement Specialist,0,0.0935672514619883,0,0.2
7521,2025-01-01,2025,Human Resources,Recruiter,0,0.11397627643115008,0,0.2
7525,2025-01-01,2025,Human Resources,HR Executive,0,0.1610337972166998,0,0.2
7526,2025-01-01,2025,Finance,Finance Manager,1,0.22927879440258342,1,0.2
7528,2025-01-01,2025,Information Technology,Software Engineer,0,0.0681453768038482,0,0.2
7532,2025-01-01,2025,Information Technology,System Administrator,0,0.32432432432432434,1,0.2
7533,2025-01-01,2025,Finance,Internal Auditor,0,0.11397627643115008,0,0.2
7535,2025-01-01,2025,Marketing,Marketing Executive,1,0.3035143769968051,1,0.2
7539,2025-01-01,2025,Operations,Warehouse Supervisor,1,0.22927879440258342,1,0.2
7540,2025-01-01,2025,Finance,Accountant,0,0.15979381443298968,0,0.2
7541,2025-01-01,2025,Marketing,Marketing Executive,1,0.12382739212007504,0,0.2
7543,2025-01-01,2025,Information Technology,QA Engineer,0,0.13513513513513514,0,0.2
7548,2025-01-01,2025,Marketing,Marketing Executive,0,0.0935672514619883,0,0.2
7549,2025-01-01,2025,Finance,Internal Auditor,0,0.13513513513513514,0,0.2
7553,2025-01-01,2025,Marketing,Digital Marketing Specialist,0,0.06978233034571063,0,0.2
7555,2025-01-01,2025,Human Resources,HR Executive,0,0.1610337972166998,0,0.2
7557,2025-01-01,2025,Finance,Finance Manager,0,0.06978233034571063,0,0.2
7559,2025-01-01,2025,Information Technology,Software Engineer,0,0.12382739212007504,0,0.2
7560,2025-01-01,2025,Operations,Operations Manager,0,0.06978233034571063,0,0.2
7562,2025-01-01,2025,Information Technology,System Administrator,0,0.42701525054466233,1,0.2
7567,2025-01-01,2025,Operations,Warehouse Supervisor,0,0.0681453768038482,0,0.2
7569,2025-01-01,2025,Human Resources,C&B Specialist,1,0.1956521739130435,0,0.2
7570,2025-01-01,2025,Sales,Sales Representative,1,0.0681453768038482,0,0.2
7571,2025-01-01,2025,Operations,Operations Executive,0,0.13513513513513514,0,0.2
7572,2025-01-01,2025,Finance,Internal Auditor,0,0.07101167315175097,0,0.2
7573,2025-01-01,2025,Operations,Operations Executive,0,0.0681453768038482,0,0.2
7574,2025-01-01,2025,Operations,Operations Executive,0,0.05102040816326531,0,0.2
7575,2025-01-01,2025,Finance,Finance Manager,1,0.1610337972166998,0,0.2
7578,2025-01-01,2025,Human Resources,C&B Specialist,0,0.13513513513513514,0,0.2
7580,2025-01-01,2025,Marketing,Marketing Manager,0,0.06978233034571063,0,0.2
7582,2025-01-01,2025,Human Resources,HR Manager,1,0.1956521739130435,0,0.2
7583,2025-01-01,2025,Human Resources,Recruiter,1,0.13513513513513514,0,0.2
7584,2025-01-01,2025,Information Technology,IT Support,0,0.05102040816326531,0,0.2
7585,2025-01-01,2025,Operations,Operations Manager,1,0.2242152466367713,1,0.2
7586,2025-01-01,2025,Operations,Operations Executive,0,0.2163265306122449,1,0.2
7587,2025-01-01,2025,Information Technology,QA Engineer,1,0.29411764705882354,1,0.2
7588,2025-01-01,2025,Information Technology,System Administrator,0,0.1179245283018868,0,0.2
7592,2025-01-01,2025,Human Resources,HR Executive,0,0.0681453768038482,0,0.2
7595,2025-01-01,2025,Human Resources,C&B Specialist,0,0.06978233034571063,0,0.2
7600,2025-01-01,2025,Operations,Warehouse Supervisor,0,0.11397627643115008,0,0.2
7601,2025-01-01,2025,Marketing,Content Specialist,0,0.03574033552151714,0,0.2
7605,2025-01-01,2025,Finance,Internal Auditor,0,0.06978233034571063,0,0.2
7606,2025-01-01,2025,Finance,Internal Auditor,0,0.06978233034571063,0,0.2
7607,2025-01-01,2025,Information Technology,IT Support,0,0.12382739212007504,0,0.2
7608,2025-01-01,2025,Marketing,Marketing Executive,0,0.1956521739130435,0,0.2
7609,2025-01-01,2025,Finance,Accountant,0,0.42701525054466233,1,0.2
7611,2025-01-01,2025,Finance,Financial Analyst,0,0.05102040816326531,0,0.2
7613,2025-01-01,2025,Operations,Operations Executive,0,0.573170731707317,1,0.2
7614,2025-01-01,2025,Operations,Warehouse Supervisor,0,0.05102040816326531,0,0.2
7617,2025-01-01,2025,Operations,Warehouse Supervisor,1,0.06978233034571063,0,0.2
7618,2025-01-01,2025,Finance,Accountant,0,0.4198473282442748,1,0.2
7619,2025-01-01,2025,Sales,Sales Executive,0,0.0681453768038482,0,0.2
7620,2025-01-01,2025,Human Resources,HR Manager,0,0.13513513513513514,0,0.2
7622,2025-01-01,2025,Human Resources,Recruiter,1,0.5116959064327485,1,0.2
7623,2025-01-01,2025,Human Resources,C&B Specialist,0,0.40318302387267907,1,0.2
7624,2025-01-01,2025,Information Technology,Data Analyst,1,0.25663716814159293,1,0.2
7627,2025-01-01,2025,Marketing,Content Specialist,0,0.06978233034571063,0,0.2
7629,2025-01-01,2025,Human Resources,HR Executive,0,0.05102040816326531,0,0.2
7631,2025-01-01,2025,Finance,Internal Auditor,1,0.13513513513513514,0,0.2
7632,2025-01-01,2025,Finance,Finance Manager,0,0.1610337972166998,0,0.2
7634,2025-01-01,2025,Marketing,Content Specialist,0,0.03574033552151714,0,0.2
7635,2025-01-01,2025,Information Technology,System Administrator,0,0.11397627643115008,0,0.2
7636,2025-01-01,2025,Finance,Internal Auditor,0,0.12827225130890052,0,0.2
7641,2025-01-01,2025,Operations,Operations Executive,1,0.2163265306122449,1,0.2
7643,2025-01-01,2025,Marketing,Content Specialist,1,0.12382739212007504,0,0.2
7644,2025-01-01,2025,Information Technology,System Administrator,1,0.21639344262295082,1,0.2
7645,2025-01-01,2025,Information Technology,Data Analyst,0,0.33969465648854963,1,0.2
7654,2025-01-01,2025,Human Resources,Recruiter,0,0.0681453768038482,0,0.2
7655,2025-01-01,2025,Human Resources,HR Executive,0,0.13513513513513514,0,0.2
7659,2025-01-01,2025,Information Technology,Data Analyst,0,0.1610337972166998,0,0.2
7663,2025-01-01,2025,Finance,Financial Analyst,0,0.22927879440258342,1,0.2
7665,2025-01-01,2025,Information Technology,Data Analyst,0,0.22927879440258342,1,0.2
7667,2025-01-01,2025,Information Technology,IT Support,0,0.0681453768038482,0,0.2
7668,2025-01-01,2025,Sales,Sales Supervisor,0,0.1956521739130435,0,0.2
7671,2025-01-01,2025,Finance,Financial Analyst,0,0.0681453768038482,0,0.2
7672,2025-01-01,2025,Human Resources,C&B Specialist,0,0.1986970684039088,0,0.2
7673,2025-01-01,2025,Operations,Operations Manager,1,0.0935672514619883,0,0.2
7674,2025-01-01,2025,Sales,Sales Representative,0,0.05102040816326531,0,0.2
7675,2025-01-01,2025,Marketing,Content Specialist,0,0.12382739212007504,0,0.2
7684,2025-01-01,2025,Human Resources,C&B Specialist,0,0.1179245283018868,0,0.2
7685,2025-01-01,2025,Sales,Account Manager,0,0.32432432432432434,1,0.2
7688,2025-01-01,2025,Human Resources,C&B Specialist,1,0.3035143769968051,1,0.2
7690,2025-01-01,2025,Finance,Financial Analyst,0,0.06978233034571063,0,0.2
7695,2025-01-01,2025,Finance,Accountant,0,0.1610337972166998,0,0.2
7696,2025-01-01,2025,Marketing,Marketing Manager,0,0.03574033552151714,0,0.2
7697,2025-01-01,2025,Operations,Warehouse Supervisor,0,0.573170731707317,1,0.2
7700,2025-01-01,2025,Human Resources,C&B Specialist,0,0.0681453768038482,0,0.2
7704,2025-01-01,2025,Information Technology,QA Engineer,0,0.0935672514619883,0,0.2
7708,2025-01-01,2025,Human Resources,Recruiter,0,0.0681453768038482,0,0.2
7709,2025-01-01,2025,Information Technology,Software Engineer,0,0.07101167315175097,0,0.2
7710,2025-01-01,2025,Information Technology,Software Engineer,0,0.29411764705882354,1,0.2
7711,2025-01-01,2025,Information Technology,IT Support,0,0.25663716814159293,1,0.2
7712,2025-01-01,2025,Human Resources,C&B Specialist,0,0.1179245283018868,0,0.2
7715,2025-01-01,2025,Finance,Internal Auditor,0,0.05102040816326531,0,0.2
7716,2025-01-01,2025,Marketing,Marketing Executive,0,0.03574033552151714,0,0.2
7730,2025-01-01,2025,Finance,Internal Auditor,0,0.0681453768038482,0,0.2
7731,2025-01-01,2025,Human Resources,C&B Specialist,0,0.0935672514619883,0,0.2
7733,2025-01-01,2025,Sales,Sales Executive,0,0.0681453768038482,0,0.2
7735,2025-01-01,2025,Finance,Finance Manager,0,0.21639344262295082,1,0.2
7737,2025-01-01,2025,Sales,Account Manager,0,0.05102040816326531,0,0.2
7738,2025-01-01,2025,Human Resources,Recruiter,0,0.12382739212007504,0,0.2
7739,2025-01-01,2025,Marketing,Marketing Manager,0,0.2163265306122449,1,0.2
7741,2025-01-01,2025,Human Resources,Recruiter,0,0.06978233034571063,0,0.2
7742,2025-01-01,2025,Human Resources,HR Manager,0,0.03816793893129771,0,0.2
7743,2025-01-01,2025,Human Resources,HR Executive,0,0.06978233034571063,0,0.2
7745,2025-01-01,2025,Information Technology,Software Engineer,0,0.1179245283018868,0,0.2
7746,2025-01-01,2025,Information Technology,QA Engineer,1,0.15187376725838264,0,0.2
7748,2025-01-01,2025,Human Resources,Recruiter,1,0.11397627643115008,0,0.2
7749,2025-01-01,2025,Marketing,Content Specialist,1,0.6548672566371682,1,0.2
7750,2025-01-01,2025,Sales,Sales Supervisor,0,0.03816793893129771,0,0.2
7752,2025-01-01,2025,Sales,Account Manager,0,0.11397627643115008,0,0.2
7754,2025-01-01,2025,Information Technology,Data Analyst,0,0.21639344262295082,1,0.2
7755,2025-01-01,2025,Marketing,Content Specialist,0,0.2163265306122449,1,0.2
7757,2025-01-01,2025,Sales,Sales Supervisor,0,0.06978233034571063,0,0.2
7767,2025-01-01,2025,Marketing,Marketing Manager,0,0.0935672514619883,0,0.2
7772,2025-01-01,2025,Sales,Account Manager,0,0.15979381443298968,0,0.2
7775,2025-01-01,2025,Sales,Sales Representative,0,0.22927879440258342,1,0.2
7776,2025-01-01,2025,Finance,Accountant,0,0.0935672514619883,0,0.2
7777,2025-01-01,2025,Information Technology,Data Analyst,0,0.0681453768038482,0,0.2
7780,2025-01-01,2025,Information Technology,IT Support,0,0.11397627643115008,0,0.2
7783,2025-01-01,2025,Information Technology,Software Engineer,0,0.13513513513513514,0,0.2
7785,2025-01-01,2025,Finance,Financial Analyst,1,0.0935672514619883,0,0.2
7787,2025-01-01,2025,Information Technology,QA Engineer,0,0.11397627643115008,0,0.2
7791,2025-01-01,2025,Operations,Procurement Specialist,0,0.06978233034571063,0,0.2
7792,2025-01-01,2025,Information Technology,Data Analyst,0,0.11397627643115008,0,0.2
7793,2025-01-01,2025,Sales,Sales Executive,0,0.32432432432432434,1,0.2
7796,2025-01-01,2025,Information Technology,Data Analyst,0,0.0935672514619883,0,0.2
7797,2025-01-01,2025,Marketing,Content Specialist,0,0.03574033552151714,0,0.2
7798,2025-01-01,2025,Finance,Financial Analyst,0,0.0681453768038482,0,0.2
7804,2025-01-01,2025,Finance,Finance Manager,0,0.36363636363636365,1,0.2
7805,2025-01-01,2025,Information Technology,QA Engineer,1,0.12382739212007504,0,0.2
7809,2025-01-01,2025,Operations,Operations Executive,0,0.0681453768038482,0,0.2
7813,2025-01-01,2025,Information Technology,System Administrator,1,0.15979381443298968,0,0.2
7816,2025-01-01,2025,Information Technology,QA Engineer,0,0.0681453768038482,0,0.2
7817,2025-01-01,2025,Marketing,Marketing Executive,0,0.1956521739130435,0,0.2
7824,2025-01-01,2025,Finance,Accountant,0,0.05102040816326531,0,0.2
7828,2025-01-01,2025,Finance,Internal Auditor,0,0.1956521739130435,0,0.2
7831,2025-01-01,2025,Human Resources,C&B Specialist,0,0.16176470588235295,0,0.2
7834,2025-01-01,2025,Operations,Operations Manager,1,0.06978233034571063,0,0.2
7836,2025-01-01,2025,Information Technology,QA Engineer,0,0.15979381443298968,0,0.2
7837,2025-01-01,2025,Finance,Accountant,0,0.21639344262295082,1,0.2
7840,2025-01-01,2025,Marketing,Content Specialist,0,0.1610337972166998,0,0.2
7842,2025-01-01,2025,Finance,Internal Auditor,0,0.1610337972166998,0,0.2
7845,2025-01-01,2025,Marketing,Content Specialist,0,0.13513513513513514,0,0.2
7847,2025-01-01,2025,Sales,Sales Executive,1,0.11397627643115008,0,0.2
7850,2025-01-01,2025,Human Resources,Recruiter,0,0.1986970684039088,0,0.2
7852,2025-01-01,2025,Human Resources,HR Executive,0,0.12382739212007504,0,0.2
7854,2025-01-01,2025,Marketing,Content Specialist,0,0.12382739212007504,0,0.2
7856,2025-01-01,2025,Operations,Procurement Specialist,0,0.12382739212007504,0,0.2
7857,2025-01-01,2025,Sales,Sales Executive,1,0.5116959064327485,1,0.2
7858,2025-01-01,2025,Finance,Financial Analyst,0,0.07101167315175097,0,0.2
7861,2025-01-01,2025,Human Resources,HR Executive,1,0.1610337972166998,0,0.2
7862,2025-01-01,2025,Finance,Accountant,0,0.15187376725838264,0,0.2
7867,2025-01-01,2025,Operations,Warehouse Supervisor,0,0.11397627643115008,0,0.2
7868,2025-01-01,2025,Finance,Internal Auditor,1,0.13513513513513514,0,0.2
7869,2025-01-01,2025,Information Technology,System Administrator,1,0.4198473282442748,1,0.2
7871,2025-01-01,2025,Information Technology,Software Engineer,0,0.0935672514619883,0,0.2
7872,2025-01-01,2025,Sales,Sales Representative,0,0.22927879440258342,1,0.2
7873,2025-01-01,2025,Finance,Accountant,0,0.40318302387267907,1,0.2
7874,2025-01-01,2025,Human Resources,HR Executive,0,0.15187376725838264,0,0.2
7876,2025-01-01,2025,Human Resources,C&B Specialist,0,0.05102040816326531,0,0.2
7878,2025-01-01,2025,Operations,Operations Executive,1,0.35294117647058826,1,0.2
7879,2025-01-01,2025,Finance,Financial Analyst,0,0.07101167315175097,0,0.2
7882,2025-01-01,2025,Sales,Sales Supervisor,0,0.0681453768038482,0,0.2
7885,2025-01-01,2025,Sales,Account Manager,0,0.06978233034571063,0,0.2
7886,2025-01-01,2025,Operations,Operations Executive,0,0.5384615384615384,1,0.2
7890,2025-01-01,2025,Sales,Sales Supervisor,1,0.11397627643115008,0,0.2
7898,2025-01-01,2025,Human Resources,C&B Specialist,0,0.1610337972166998,0,0.2
7899,2025-01-01,2025,Information Technology,QA Engineer,1,0.36619718309859156,1,0.2
7900,2025-01-01,2025,Human Resources,C&B Specialist,0,0.0681453768038482,0,0.2
7901,2025-01-01,2025,Marketing,Marketing Executive,0,0.40318302387267907,1,0.2
7907,2025-01-01,2025,Marketing,Marketing Manager,0,0.33969465648854963,1,0.2
7908,2025-01-01,2025,Sales,Sales Representative,1,0.12827225130890052,0,0.2
7912,2025-01-01,2025,Sales,Sales Representative,0,0.29411764705882354,1,0.2
7913,2025-01-01,2025,Information Technology,Data Analyst,0,0.21052631578947367,1,0.2
7914,2025-01-01,2025,Sales,Sales Representative,0,0.05102040816326531,0,0.2
7915,2025-01-01,2025,Finance,Financial Analyst,0,0.22927879440258342,1,0.2
7916,2025-01-01,2025,Sales,Sales Representative,0,0.05102040816326531,0,0.2
7918,2025-01-01,2025,Information Technology,QA Engineer,0,0.12827225130890052,0,0.2
7919,2025-01-01,2025,Operations,Warehouse Supervisor,0,0.0935672514619883,0,0.2
7920,2025-01-01,2025,Operations,Warehouse Supervisor,0,0.13513513513513514,0,0.2
7923,2025-01-01,2025,Information Technology,IT Support,0,0.07101167315175097,0,0.2
7924,2025-01-01,2025,Finance,Accountant,1,0.32432432432432434,1,0.2
7925,2025-01-01,2025,Sales,Sales Supervisor,0,0.05102040816326531,0,0.2
7927,2025-01-01,2025,Operations,Operations Manager,0,0.05102040816326531,0,0.2
7929,2025-01-01,2025,Sales,Sales Representative,0,0.07101167315175097,0,0.2
7931,2025-01-01,2025,Finance,Finance Manager,0,0.05102040816326531,0,0.2
7933,2025-01-01,2025,Information Technology,Software Engineer,0,0.0681453768038482,0,0.2
7939,2025-01-01,2025,Marketing,Marketing Manager,0,0.1956521739130435,0,0.2
7944,2025-01-01,2025,Human Resources,C&B Specialist,1,0.40318302387267907,1,0.2
7945,2025-01-01,2025,Human Resources,C&B Specialist,0,0.0681453768038482,0,0.2
7947,2025-01-01,2025,Marketing,Content Specialist,0,0.03574033552151714,0,0.2
7948,2025-01-01,2025,Marketing,Marketing Executive,0,0.1956521739130435,0,0.2
7953,2025-01-01,2025,Human Resources,Recruiter,0,0.0681453768038482,0,0.2
7954,2025-01-01,2025,Human Resources,HR Executive,0,0.15187376725838264,0,0.2
7956,2025-01-01,2025,Finance,Internal Auditor,0,0.5116959064327485,1,0.2
7958,2025-01-01,2025,Finance,Finance Manager,0,0.1610337972166998,0,0.2
7960,2025-01-01,2025,Operations,Warehouse Supervisor,0,0.29411764705882354,1,0.2
7961,2025-01-01,2025,Human Resources,Recruiter,0,0.0935672514619883,0,0.2
7963,2025-01-01,2025,Finance,Accountant,0,0.0681453768038482,0,0.2
7964,2025-01-01,2025,Operations,Warehouse Supervisor,1,0.29411764705882354,1,0.2
7967,2025-01-01,2025,Information Technology,Data Analyst,1,0.40318302387267907,1,0.2
7969,2025-01-01,2025,Operations,Warehouse Supervisor,1,0.29411764705882354,1,0.2
7970,2025-01-01,2025,Human Resources,HR Manager,1,0.1179245283018868,0,0.2
7974,2025-01-01,2025,Finance,Accountant,0,0.1956521739130435,0,0.2
7975,2025-01-01,2025,Human Resources,HR Manager,0,0.07101167315175097,0,0.2
7977,2025-01-01,2025,Operations,Operations Manager,1,0.573170731707317,1,0.2
7978,2025-01-01,2025,Information Technology,Data Analyst,0,0.1956521739130435,0,0.2
7980,2025-01-01,2025,Information Technology,QA Engineer,0,0.0935672514619883,0,0.2
7984,2025-01-01,2025,Human Resources,C&B Specialist,1,0.21639344262295082,1,0.2
7988,2025-01-01,2025,Sales,Account Manager,0,0.2163265306122449,1,0.2
7990,2025-01-01,2025,Operations,Procurement Specialist,0,0.21639344262295082,1,0.2
7991,2025-01-01,2025,Information Technology,IT Support,1,0.21052631578947367,1,0.2
7994,2025-01-01,2025,Human Resources,HR Manager,0,0.15979381443298968,0,0.2
7995,2025-01-01,2025,Finance,Accountant,0,0.07101167315175097,0,0.2
7997,2025-01-01,2025,Marketing,Content Specialist,0,0.03574033552151714,0,0.2
7999,2025-01-01,2025,Sales,Sales Executive,0,0.22927879440258342,1,0.2
8000,2025-01-01,2025,Finance,Finance Manager,0,0.42701525054466233,1,0.2
8004,2025-01-01,2025,Operations,Procurement Specialist,0,0.12382739212007504,0,0.2
8007,2025-01-01,2025,Sales,Sales Executive,0,0.0681453768038482,0,0.2
8008,2025-01-01,2025,Sales,Sales Executive,0,0.2777777777777778,1,0.2
8009,2025-01-01,2025,Sales,Sales Executive,1,0.29411764705882354,1,0.2
8011,2025-01-01,2025,Sales,Sales Representative,0,0.12382739212007504,0,0.2
8013,2025-01-01,2025,Sales,Sales Executive,0,0.1956521739130435,0,0.2
8015,2025-01-01,2025,Human Resources,Recruiter,0,0.0681453768038482,0,0.2
8017,2025-01-01,2025,Sales,Sales Executive,0,0.0681453768038482,0,0.2
8019,2025-01-01,2025,Operations,Operations Manager,1,0.42701525054466233,1,0.2
8020,2025-01-01,2025,Operations,Warehouse Supervisor,0,0.05102040816326531,0,0.2
8026,2025-01-01,2025,Sales,Sales Executive,0,0.11397627643115008,0,0.2
8028,2025-01-01,2025,Human Resources,Recruiter,0,0.32432432432432434,1,0.2
8029,2025-01-01,2025,Information Technology,IT Support,0,0.07101167315175097,0,0.2
8032,2025-01-01,2025,Sales,Sales Supervisor,0,0.22927879440258342,1,0.2
8033,2025-01-01,2025,Information Technology,System Administrator,1,0.0935672514619883,0,0.2
8037,2025-01-01,2025,Human Resources,HR Executive,0,0.15187376725838264,0,0.2
8038,2025-01-01,2025,Information Technology,QA Engineer,0,0.5116959064327485,1,0.2
8047,2025-01-01,2025,Marketing,Marketing Manager,0,0.03574033552151714,0,0.2
8048,2025-01-01,2025,Finance,Finance Manager,0,0.05102040816326531,0,0.2
8052,2025-01-01,2025,Operations,Procurement Specialist,0,0.15187376725838264,0,0.2
8059,2025-01-01,2025,Sales,Sales Executive,0,0.06978233034571063,0,0.2
8060,2025-01-01,2025,Human Resources,Recruiter,0,0.1179245283018868,0,0.2
8062,2025-01-01,2025,Operations,Operations Executive,0,0.0681453768038482,0,0.2
8065,2025-01-01,2025,Operations,Operations Manager,0,0.16176470588235295,0,0.2
8067,2025-01-01,2025,Human Resources,HR Executive,0,0.21639344262295082,1,0.2
8069,2025-01-01,2025,Sales,Sales Executive,0,0.0681453768038482,0,0.2
8073,2025-01-01,2025,Human Resources,C&B Specialist,0,0.0681453768038482,0,0.2
8074,2025-01-01,2025,Operations,Warehouse Supervisor,1,0.1986970684039088,0,0.2
8077,2025-01-01,2025,Operations,Warehouse Supervisor,0,0.0681453768038482,0,0.2
8079,2025-01-01,2025,Sales,Account Manager,0,0.11397627643115008,0,0.2
8081,2025-01-01,2025,Sales,Account Manager,0,0.05102040816326531,0,0.2
8082,2025-01-01,2025,Information Technology,Data Analyst,0,0.0935672514619883,0,0.2
8089,2025-01-01,2025,Finance,Internal Auditor,0,0.48148148148148145,1,0.2
8093,2025-01-01,2025,Human Resources,Recruiter,0,0.0681453768038482,0,0.2
8094,2025-01-01,2025,Information Technology,QA Engineer,0,0.12382739212007504,0,0.2
8096,2025-01-01,2025,Operations,Operations Manager,0,0.11397627643115008,0,0.2
8098,2025-01-01,2025,Information Technology,IT Support,0,0.12382739212007504,0,0.2
8101,2025-01-01,2025,Information Technology,Software Engineer,0,0.1956521739130435,0,0.2
8104,2025-01-01,2025,Operations,Operations Executive,0,0.07101167315175097,0,0.2
8105,2025-01-01,2025,Finance,Accountant,0,0.07101167315175097,0,0.2
8107,2025-01-01,2025,Marketing,Marketing Manager,0,0.1179245283018868,0,0.2
8109,2025-01-01,2025,Information Technology,Data Analyst,0,0.40318302387267907,1,0.2
8110,2025-01-01,2025,Operations,Operations Executive,1,0.13513513513513514,0,0.2
8113,2025-01-01,2025,Information Technology,System Administrator,1,0.12382739212007504,0,0.2
8116,2025-01-01,2025,Human Resources,HR Manager,0,0.05102040816326531,0,0.2
8117,2025-01-01,2025,Operations,Operations Manager,0,0.1610337972166998,0,0.2
8119,2025-01-01,2025,Marketing,Content Specialist,0,0.03574033552151714,0,0.2
8121,2025-01-01,2025,Finance,Accountant,0,0.1956521739130435,0,0.2
8123,2025-01-01,2025,Finance,Internal Auditor,0,0.06978233034571063,0,0.2
8125,2025-01-01,2025,Human Resources,HR Manager,0,0.33969465648854963,1,0.2
8126,2025-01-01,2025,Information Technology,Data Analyst,0,0.0681453768038482,0,0.2
8129,2025-01-01,2025,Marketing,Marketing Manager,0,0.03574033552151714,0,0.2
8130,2025-01-01,2025,Human Resources,HR Executive,0,0.0935672514619883,0,0.2
8131,2025-01-01,2025,Sales,Sales Supervisor,0,0.05102040816326531,0,0.2
8136,2025-01-01,2025,Sales,Sales Supervisor,0,0.05102040816326531,0,0.2
8138,2025-01-01,2025,Marketing,Marketing Executive,0,0.5116959064327485,1,0.2
8139,2025-01-01,2025,Operations,Warehouse Supervisor,0,0.06978233034571063,0,0.2
8141,2025-01-01,2025,Finance,Accountant,0,0.05102040816326531,0,0.2
8147,2025-01-01,2025,Human Resources,Recruiter,1,0.1956521739130435,0,0.2
8149,2025-01-01,2025,Marketing,Marketing Manager,1,0.40318302387267907,1,0.2
8151,2025-01-01,2025,Information Technology,Software Engineer,0,0.0681453768038482,0,0.2
8155,2025-01-01,2025,Human Resources,C&B Specialist,0,0.0935672514619883,0,0.2
8158,2025-01-01,2025,Finance,Financial Analyst,0,0.0681453768038482,0,0.2
8159,2025-01-01,2025,Information Technology,Software Engineer,0,0.21639344262295082,1,0.2
8160,2025-01-01,2025,Information Technology,System Administrator,1,0.11397627643115008,0,0.2
8163,2025-01-01,2025,Finance,Financial Analyst,1,0.1956521739130435,0,0.2
8165,2025-01-01,2025,Sales,Sales Supervisor,0,0.25663716814159293,1,0.2
8167,2025-01-01,2025,Marketing,Digital Marketing Specialist,0,0.1956521739130435,0,0.2
8170,2025-01-01,2025,Human Resources,HR Executive,0,0.25663716814159293,1,0.2
8171,2025-01-01,2025,Information Technology,Software Engineer,0,0.0681453768038482,0,0.2
8172,2025-01-01,2025,Human Resources,C&B Specialist,0,0.0681453768038482,0,0.2
8173,2025-01-01,2025,Sales,Sales Executive,0,0.1956521739130435,0,0.2
8178,2025-01-01,2025,Operations,Operations Executive,0,0.1179245283018868,0,0.2
8179,2025-01-01,2025,Sales,Sales Executive,1,0.1956521739130435,0,0.2
8180,2025-01-01,2025,Information Technology,IT Support,0,0.21639344262295082,1,0.2
8181,2025-01-01,2025,Information Technology,QA Engineer,1,0.3035143769968051,1,0.2
8183,2025-01-01,2025,Sales,Sales Supervisor,1,0.0681453768038482,0,0.2
8185,2025-01-01,2025,Sales,Sales Representative,0,0.11397627643115008,0,0.2
8187,2025-01-01,2025,Marketing,Content Specialist,0,0.4198473282442748,1,0.2
8188,2025-01-01,2025,Sales,Sales Executive,1,0.35294117647058826,1,0.2
8189,2025-01-01,2025,Human Resources,C&B Specialist,0,0.06978233034571063,0,0.2
8191,2025-01-01,2025,Sales,Sales Executive,0,0.05102040816326531,0,0.2
8192,2025-01-01,2025,Finance,Finance Manager,0,0.0681453768038482,0,0.2
8194,2025-01-01,2025,Sales,Sales Supervisor,0,0.0681453768038482,0,0.2
8198,2025-01-01,2025,Information Technology,Software Engineer,0,0.0681453768038482,0,0.2
8199,2025-01-01,2025,Information Technology,Data Analyst,0,0.05102040816326531,0,0.2
8206,2025-01-01,2025,Sales,Sales Executive,0,0.15187376725838264,0,0.2
8207,2025-01-01,2025,Human Resources,HR Executive,0,0.21639344262295082,1,0.2
8209,2025-01-01,2025,Human Resources,C&B Specialist,0,0.12382739212007504,0,0.2
8211,2025-01-01,2025,Sales,Sales Representative,0,0.11397627643115008,0,0.2
8214,2025-01-01,2025,Finance,Accountant,0,0.0681453768038482,0,0.2
8220,2025-01-01,2025,Human Resources,C&B Specialist,0,0.1179245283018868,0,0.2
8224,2025-01-01,2025,Information Technology,Data Analyst,0,0.13513513513513514,0,0.2
8228,2025-01-01,2025,Finance,Financial Analyst,0,0.0681453768038482,0,0.2
8235,2025-01-01,2025,Sales,Sales Executive,0,0.0681453768038482,0,0.2
8237,2025-01-01,2025,Sales,Sales Representative,0,0.0681453768038482,0,0.2
8239,2025-01-01,2025,Sales,Sales Executive,0,0.4198473282442748,1,0.2
8240,2025-01-01,2025,Marketing,Marketing Manager,0,0.03574033552151714,0,0.2
8241,2025-01-01,2025,Marketing,Content Specialist,0,0.1610337972166998,0,0.2
8242,2025-01-01,2025,Information Technology,Software Engineer,0,0.34782608695652173,1,0.2
8243,2025-01-01,2025,Information Technology,IT Support,0,0.13513513513513514,0,0.2
8249,2025-01-01,2025,Sales,Sales Representative,0,0.42701525054466233,1,0.2
8250,2025-01-01,2025,Operations,Operations Manager,0,0.1610337972166998,0,0.2
8259,2025-01-01,2025,Information Technology,QA Engineer,0,0.11397627643115008,0,0.2
8263,2025-01-01,2025,Sales,Sales Executive,0,0.21052631578947367,1,0.2
8264,2025-01-01,2025,Sales,Account Manager,0,0.0681453768038482,0,0.2
8268,2025-01-01,2025,Human Resources,C&B Specialist,0,0.0681453768038482,0,0.2
8271,2025-01-01,2025,Human Resources,Recruiter,0,0.22927879440258342,1,0.2
8272,2025-01-01,2025,Sales,Account Manager,0,0.22927879440258342,1,0.2
8273,2025-01-01,2025,Marketing,Marketing Executive,0,0.03574033552151714,0,0.2
8280,2025-01-01,2025,Finance,Financial Analyst,0,0.06978233034571063,0,0.2
8281,2025-01-01,2025,Marketing,Digital Marketing Specialist,0,0.07101167315175097,0,0.2
8282,2025-01-01,2025,Information Technology,Software Engineer,0,0.15979381443298968,0,0.2
8284,2025-01-01,2025,Human Resources,HR Manager,0,0.12382739212007504,0,0.2
8285,2025-01-01,2025,Information Technology,IT Support,0,0.12382739212007504,0,0.2
8286,2025-01-01,2025,Finance,Finance Manager,0,0.1179245283018868,0,0.2
8287,2025-01-01,2025,Finance,Accountant,0,0.0681453768038482,0,0.2
8288,2025-01-01,2025,Operations,Procurement Specialist,0,0.0935672514619883,0,0.2
8290,2025-01-01,2025,Finance,Finance Manager,0,0.22927879440258342,1,0.2
8292,2025-01-01,2025,Human Resources,HR Executive,0,0.07101167315175097,0,0.2
8295,2025-01-01,2025,Human Resources,C&B Specialist,1,0.13513513513513514,0,0.2
8300,2025-01-01,2025,Marketing,Digital Marketing Specialist,0,0.0935672514619883,0,0.2
8308,2025-01-01,2025,Information Technology,System Administrator,0,0.12382739212007504,0,0.2
8310,2025-01-01,2025,Finance,Finance Manager,0,0.0935672514619883,0,0.2
8314,2025-01-01,2025,Sales,Sales Representative,1,0.3035143769968051,1,0.2
8319,2025-01-01,2025,Information Technology,Software Engineer,0,0.0681453768038482,0,0.2
8321,2025-01-01,2025,Sales,Sales Representative,0,0.1956521739130435,0,0.2
8323,2025-01-01,2025,Human Resources,HR Manager,0,0.1610337972166998,0,0.2
8324,2025-01-01,2025,Sales,Sales Supervisor,1,0.22927879440258342,1,0.2
8328,2025-01-01,2025,Marketing,Marketing Manager,0,0.3035143769968051,1,0.2
8331,2025-01-01,2025,Sales,Sales Representative,0,0.21052631578947367,1,0.2
8333,2025-01-01,2025,Operations,Procurement Specialist,0,0.29411764705882354,1,0.2
8334,2025-01-01,2025,Operations,Procurement Specialist,1,0.3035143769968051,1,0.2
8335,2025-01-01,2025,Information Technology,Data Analyst,0,0.0681453768038482,0,0.2
8338,2025-01-01,2025,Operations,Operations Executive,0,0.05102040816326531,0,0.2
8346,2025-01-01,2025,Information Technology,Software Engineer,0,0.15187376725838264,0,0.2
8347,2025-01-01,2025,Operations,Operations Manager,0,0.15979381443298968,0,0.2
8348,2025-01-01,2025,Sales,Sales Supervisor,0,0.3035143769968051,1,0.2
8352,2025-01-01,2025,Marketing,Digital Marketing Specialist,0,0.12382739212007504,0,0.2
8354,2025-01-01,2025,Information Technology,Software Engineer,0,0.15187376725838264,0,0.2
8355,2025-01-01,2025,Marketing,Marketing Manager,0,0.03574033552151714,0,0.2
8358,2025-01-01,2025,Operations,Operations Manager,1,0.2777777777777778,1,0.2
8360,2025-01-01,2025,Sales,Sales Representative,0,0.0681453768038482,0,0.2
8361,2025-01-01,2025,Marketing,Content Specialist,0,0.1986970684039088,0,0.2
8363,2025-01-01,2025,Human Resources,HR Manager,0,0.0681453768038482,0,0.2
8365,2025-01-01,2025,Finance,Finance Manager,0,0.13513513513513514,0,0.2
8367,2025-01-01,2025,Sales,Sales Executive,0,0.05102040816326531,0,0.2
8368,2025-01-01,2025,Operations,Procurement Specialist,0,0.0681453768038482,0,0.2
8370,2025-01-01,2025,Marketing,Digital Marketing Specialist,0,0.03574033552151714,0,0.2
8372,2025-01-01,2025,Sales,Sales Supervisor,0,0.40318302387267907,1,0.2
8373,2025-01-01,2025,Human Resources,Recruiter,0,0.1610337972166998,0,0.2
8385,2025-01-01,2025,Marketing,Marketing Manager,0,0.03574033552151714,0,0.2
8387,2025-01-01,2025,Human Resources,HR Executive,0,0.06978233034571063,0,0.2
8388,2025-01-01,2025,Finance,Finance Manager,0,0.21639344262295082,1,0.2
8389,2025-01-01,2025,Sales,Sales Supervisor,1,0.5116959064327485,1,0.2
8391,2025-01-01,2025,Finance,Internal Auditor,0,0.1986970684039088,0,0.2
8392,2025-01-01,2025,Operations,Operations Manager,0,0.35294117647058826,1,0.2
8393,2025-01-01,2025,Human Resources,C&B Specialist,0,0.1179245283018868,0,0.2
8396,2025-01-01,2025,Marketing,Marketing Executive,0,0.03574033552151714,0,0.2
8397,2025-01-01,2025,Operations,Operations Executive,0,0.3035143769968051,1,0.2
8399,2025-01-01,2025,Human Resources,HR Executive,0,0.0681453768038482,0,0.2
8407,2025-01-01,2025,Marketing,Content Specialist,0,0.03574033552151714,0,0.2
8408,2025-01-01,2025,Marketing,Marketing Executive,1,0.03574033552151714,0,0.2
8413,2025-01-01,2025,Marketing,Digital Marketing Specialist,0,0.1610337972166998,0,0.2
8414,2025-01-01,2025,Sales,Sales Executive,1,0.15187376725838264,0,0.2
8415,2025-01-01,2025,Information Technology,System Administrator,0,0.15979381443298968,0,0.2
8416,2025-01-01,2025,Marketing,Marketing Manager,0,0.15187376725838264,0,0.2
8418,2025-01-01,2025,Finance,Accountant,0,0.1610337972166998,0,0.2
8419,2025-01-01,2025,Finance,Internal Auditor,0,0.05102040816326531,0,0.2
8420,2025-01-01,2025,Operations,Warehouse Supervisor,0,0.05102040816326531,0,0.2
8423,2025-01-01,2025,Information Technology,IT Support,1,0.1956521739130435,0,0.2
8426,2025-01-01,2025,Human Resources,Recruiter,0,0.22927879440258342,1,0.2
8427,2025-01-01,2025,Operations,Warehouse Supervisor,0,0.15187376725838264,0,0.2
8429,2025-01-01,2025,Marketing,Marketing Executive,0,0.32432432432432434,1,0.2
8430,2025-01-01,2025,Marketing,Content Specialist,0,0.2288135593220339,1,0.2
8431,2025-01-01,2025,Marketing,Marketing Manager,0,0.3035143769968051,1,0.2
8436,2025-01-01,2025,Human Resources,Recruiter,0,0.1610337972166998,0,0.2
8438,2025-01-01,2025,Sales,Sales Executive,0,0.05102040816326531,0,0.2
8442,2025-01-01,2025,Sales,Sales Executive,0,0.0681453768038482,0,0.2
8443,2025-01-01,2025,Information Technology,IT Support,0,0.15187376725838264,0,0.2
8444,2025-01-01,2025,Marketing,Marketing Executive,0,0.1956521739130435,0,0.2
8446,2025-01-01,2025,Human Resources,HR Executive,0,0.29411764705882354,1,0.2
8447,2025-01-01,2025,Marketing,Digital Marketing Specialist,1,0.3035143769968051,1,0.2
8450,2025-01-01,2025,Marketing,Content Specialist,0,0.35294117647058826,1,0.2
8457,2025-01-01,2025,Marketing,Marketing Executive,1,0.35294117647058826,1,0.2
8460,2025-01-01,2025,Sales,Sales Supervisor,0,0.13513513513513514,0,0.2
8461,2025-01-01,2025,Marketing,Marketing Executive,0,0.0935672514619883,0,0.2
8463,2025-01-01,2025,Information Technology,Software Engineer,0,0.0681453768038482,0,0.2
8466,2025-01-01,2025,Operations,Operations Manager,0,0.1956521739130435,0,0.2
8467,2025-01-01,2025,Operations,Operations Manager,0,0.21052631578947367,1,0.2
8470,2025-01-01,2025,Human Resources,Recruiter,0,0.15187376725838264,0,0.2
8472,2025-01-01,2025,Marketing,Marketing Executive,0,0.11397627643115008,0,0.2
8473,2025-01-01,2025,Marketing,Content Specialist,0,0.1179245283018868,0,0.2
8474,2025-01-01,2025,Operations,Operations Executive,0,0.11397627643115008,0,0.2
8480,2025-01-01,2025,Operations,Procurement Specialist,0,0.0681453768038482,0,0.2
8481,2025-01-01,2025,Sales,Sales Executive,0,0.0681453768038482,0,0.2
8483,2025-01-01,2025,Human Resources,C&B Specialist,0,0.0935672514619883,0,0.2
8488,2025-01-01,2025,Marketing,Marketing Manager,1,0.42701525054466233,1,0.2
8490,2025-01-01,2025,Operations,Procurement Specialist,1,0.1610337972166998,0,0.2
8494,2025-01-01,2025,Operations,Procurement Specialist,0,0.42701525054466233,1,0.2
8495,2025-01-01,2025,Marketing,Content Specialist,0,0.1956521739130435,0,0.2
8498,2025-01-01,2025,Finance,Accountant,0,0.15187376725838264,0,0.2
8499,2025-01-01,2025,Marketing,Marketing Manager,0,0.15979381443298968,0,0.2
8500,2025-01-01,2025,Operations,Operations Manager,0,0.29411764705882354,1,0.2
8501,2025-01-01,2025,Human Resources,Recruiter,0,0.35294117647058826,1,0.2
8506,2025-01-01,2025,Operations,Operations Executive,0,0.0935672514619883,0,0.2
8508,2025-01-01,2025,Marketing,Content Specialist,1,0.0935672514619883,0,0.2
8509,2025-01-01,2025,Human Resources,HR Manager,0,0.2163265306122449,1,0.2
8511,2025-01-01,2025,Information Technology,Software Engineer,0,0.1956521739130435,0,0.2
8512,2025-01-01,2025,Information Technology,QA Engineer,1,0.21052631578947367,1,0.2
8514,2025-01-01,2025,Operations,Procurement Specialist,0,0.0681453768038482,0,0.2
8515,2025-01-01,2025,Sales,Sales Executive,0,0.0935672514619883,0,0.2
8516,2025-01-01,2025,Human Resources,HR Executive,0,0.03816793893129771,0,0.2
8517,2025-01-01,2025,Operations,Operations Manager,1,0.1956521739130435,0,0.2
8518,2025-01-01,2025,Human Resources,HR Executive,0,0.12382739212007504,0,0.2
8519,2025-01-01,2025,Finance,Financial Analyst,0,0.0681453768038482,0,0.2
8520,2025-01-01,2025,Operations,Operations Manager,1,0.2288135593220339,1,0.2
8523,2025-01-01,2025,Sales,Sales Representative,0,0.21639344262295082,1,0.2
8524,2025-01-01,2025,Marketing,Marketing Manager,0,0.1179245283018868,0,0.2
8526,2025-01-01,2025,Marketing,Marketing Manager,0,0.03574033552151714,0,0.2
8528,2025-01-01,2025,Sales,Sales Supervisor,0,0.05102040816326531,0,0.2
8533,2025-01-01,2025,Finance,Financial Analyst,0,0.1179245283018868,0,0.2
8535,2025-01-01,2025,Sales,Account Manager,0,0.32432432432432434,1,0.2
8541,2025-01-01,2025,Operations,Operations Manager,1,0.1610337972166998,0,0.2
8543,2025-01-01,2025,Sales,Sales Representative,0,0.0935672514619883,0,0.2
8546,2025-01-01,2025,Finance,Internal Auditor,0,0.35714285714285715,1,0.2
8547,2025-01-01,2025,Sales,Sales Representative,0,0.33969465648854963,1,0.2
8551,2025-01-01,2025,Operations,Operations Executive,0,0.0681453768038482,0,0.2
8553,2025-01-01,2025,Finance,Finance Manager,0,0.0681453768038482,0,0.2
8554,2025-01-01,2025,Finance,Accountant,0,0.0681453768038482,0,0.2
8555,2025-01-01,2025,Operations,Warehouse Supervisor,0,0.0681453768038482,0,0.2
8556,2025-01-01,2025,Finance,Accountant,0,0.12382739212007504,0,0.2
8557,2025-01-01,2025,Marketing,Content Specialist,1,0.2288135593220339,1,0.2
8558,2025-01-01,2025,Sales,Sales Supervisor,0,0.15187376725838264,0,0.2
8561,2025-01-01,2025,Information Technology,QA Engineer,0,0.0935672514619883,0,0.2
8562,2025-01-01,2025,Human Resources,C&B Specialist,0,0.11397627643115008,0,0.2
8563,2025-01-01,2025,Finance,Finance Manager,0,0.05102040816326531,0,0.2
8567,2025-01-01,2025,Information Technology,QA Engineer,0,0.29411764705882354,1,0.2
8568,2025-01-01,2025,Sales,Account Manager,0,0.1610337972166998,0,0.2
8573,2025-01-01,2025,Operations,Warehouse Supervisor,0,0.21639344262295082,1,0.2
8579,2025-01-01,2025,Sales,Sales Executive,1,0.1610337972166998,0,0.2
8583,2025-01-01,2025,Human Resources,HR Executive,0,0.1956521739130435,0,0.2
8584,2025-01-01,2025,Marketing,Digital Marketing Specialist,0,0.03574033552151714,0,0.2
8587,2025-01-01,2025,Finance,Internal Auditor,0,0.13513513513513514,0,0.2
8592,2025-01-01,2025,Human Resources,Recruiter,0,0.11397627643115008,0,0.2
8593,2025-01-01,2025,Human Resources,Recruiter,0,0.07101167315175097,0,0.2
8600,2025-01-01,2025,Finance,Internal Auditor,0,0.0681453768038482,0,0.2
8603,2025-01-01,2025,Information Technology,System Administrator,0,0.1610337972166998,0,0.2
8609,2025-01-01,2025,Finance,Finance Manager,0,0.3035143769968051,1,0.2
8613,2025-01-01,2025,Finance,Accountant,0,0.32432432432432434,1,0.2
8614,2025-01-01,2025,Operations,Operations Executive,0,0.05102040816326531,0,0.2
8620,2025-01-01,2025,Finance,Internal Auditor,0,0.1179245283018868,0,0.2
8625,2025-01-01,2025,Marketing,Content Specialist,0,0.12382739212007504,0,0.2
8626,2025-01-01,2025,Marketing,Content Specialist,0,0.15187376725838264,0,0.2
8627,2025-01-01,2025,Marketing,Content Specialist,0,0.03574033552151714,0,0.2
8631,2025-01-01,2025,Human Resources,Recruiter,0,0.0935672514619883,0,0.2
8633,2025-01-01,2025,Marketing,Digital Marketing Specialist,0,0.1610337972166998,0,0.2
8634,2025-01-01,2025,Information Technology,IT Support,0,0.1610337972166998,0,0.2
8635,2025-01-01,2025,Marketing,Marketing Executive,0,0.03574033552151714,0,0.2
8636,2025-01-01,2025,Marketing,Digital Marketing Specialist,0,0.03574033552151714,0,0.2
8637,2025-01-01,2025,Sales,Account Manager,0,0.0935672514619883,0,0.2
8638,2025-01-01,2025,Operations,Operations Executive,0,0.15979381443298968,0,0.2
8639,2025-01-01,2025,Marketing,Content Specialist,0,0.29411764705882354,1,0.2
8645,2025-01-01,2025,Sales,Sales Supervisor,0,0.1610337972166998,0,0.2
8647,2025-01-01,2025,Marketing,Marketing Executive,0,0.33969465648854963,1,0.2
8648,2025-01-01,2025,Human Resources,C&B Specialist,0,0.05102040816326531,0,0.2
8650,2025-01-01,2025,Information Technology,Data Analyst,0,0.1956521739130435,0,0.2
8651,2025-01-01,2025,Marketing,Marketing Executive,0,0.07101167315175097,0,0.2
8657,2025-01-01,2025,Sales,Sales Representative,0,0.05102040816326531,0,0.2
8658,2025-01-01,2025,Sales,Sales Supervisor,0,0.0681453768038482,0,0.2
8659,2025-01-01,2025,Finance,Financial Analyst,0,0.0935672514619883,0,0.2
8660,2025-01-01,2025,Operations,Procurement Specialist,0,0.0681453768038482,0,0.2
8662,2025-01-01,2025,Sales,Sales Supervisor,0,0.05102040816326531,0,0.2
8665,2025-01-01,2025,Finance,Internal Auditor,0,0.06978233034571063,0,0.2
8667,2025-01-01,2025,Human Resources,HR Manager,1,0.16176470588235295,0,0.2
8671,2025-01-01,2025,Sales,Sales Representative,0,0.05102040816326531,0,0.2
8672,2025-01-01,2025,Sales,Sales Executive,0,0.0681453768038482,0,0.2
8678,2025-01-01,2025,Finance,Financial Analyst,0,0.12382739212007504,0,0.2
8684,2025-01-01,2025,Finance,Internal Auditor,0,0.0935672514619883,0,0.2
8685,2025-01-01,2025,Marketing,Marketing Manager,0,0.03574033552151714,0,0.2
8686,2025-01-01,2025,Information Technology,IT Support,0,0.05102040816326531,0,0.2
8688,2025-01-01,2025,Operations,Operations Executive,1,0.1986970684039088,0,0.2
8693,2025-01-01,2025,Information Technology,Data Analyst,1,0.2242152466367713,1,0.2
8695,2025-01-01,2025,Finance,Internal Auditor,1,0.32432432432432434,1,0.2
8696,2025-01-01,2025,Finance,Finance Manager,0,0.0681453768038482,0,0.2
8697,2025-01-01,2025,Sales,Account Manager,0,0.1610337972166998,0,0.2
8698,2025-01-01,2025,Marketing,Marketing Manager,0,0.03574033552151714,0,0.2
8699,2025-01-01,2025,Information Technology,IT Support,0,0.0681453768038482,0,0.2
8700,2025-01-01,2025,Sales,Account Manager,1,0.13513513513513514,0,0.2
8703,2025-01-01,2025,Operations,Operations Manager,0,0.0681453768038482,0,0.2
8705,2025-01-01,2025,Information Technology,Software Engineer,0,0.13513513513513514,0,0.2
8706,2025-01-01,2025,Finance,Financial Analyst,0,0.15979381443298968,0,0.2
8708,2025-01-01,2025,Information Technology,Data Analyst,0,0.3035143769968051,1,0.2
8709,2025-01-01,2025,Marketing,Digital Marketing Specialist,0,0.03574033552151714,0,0.2
8717,2025-01-01,2025,Information Technology,System Administrator,1,0.29411764705882354,1,0.2
8718,2025-01-01,2025,Operations,Warehouse Supervisor,0,0.11397627643115008,0,0.2
8719,2025-01-01,2025,Sales,Sales Representative,0,0.0681453768038482,0,0.2
8720,2025-01-01,2025,Information Technology,QA Engineer,1,0.0935672514619883,0,0.2
8721,2025-01-01,2025,Sales,Sales Executive,1,0.1956521739130435,0,0.2
8725,2025-01-01,2025,Finance,Financial Analyst,0,0.11397627643115008,0,0.2
8731,2025-01-01,2025,Human Resources,HR Executive,0,0.11397627643115008,0,0.2
8734,2025-01-01,2025,Marketing,Content Specialist,0,0.1179245283018868,0,0.2
8739,2025-01-01,2025,Operations,Operations Manager,0,0.07101167315175097,0,0.2
8741,2025-01-01,2025,Sales,Account Manager,0,0.0681453768038482,0,0.2
8743,2025-01-01,2025,Information Technology,System Administrator,0,0.1179245283018868,0,0.2
8754,2025-01-01,2025,Finance,Accountant,0,0.0681453768038482,0,0.2
8758,2025-01-01,2025,Human Resources,Recruiter,0,0.0935672514619883,0,0.2
8759,2025-01-01,2025,Operations,Operations Executive,0,0.05102040816326531,0,0.2
8760,2025-01-01,2025,Human Resources,Recruiter,0,0.11397627643115008,0,0.2
8763,2025-01-01,2025,Marketing,Marketing Manager,0,0.03574033552151714,0,0.2
8766,2025-01-01,2025,Human Resources,C&B Specialist,0,0.0935672514619883,0,0.2
8768,2025-01-01,2025,Human Resources,HR Manager,0,0.13513513513513514,0,0.2
8769,2025-01-01,2025,Operations,Operations Manager,0,0.07101167315175097,0,0.2
8771,2025-01-01,2025,Sales,Sales Representative,0,0.1610337972166998,0,0.2
8774,2025-01-01,2025,Sales,Sales Supervisor,0,0.06978233034571063,0,0.2
8775,2025-01-01,2025,Operations,Warehouse Supervisor,0,0.29411764705882354,1,0.2
8776,2025-01-01,2025,Marketing,Marketing Executive,0,0.25663716814159293,1,0.2
8777,2025-01-01,2025,Information Technology,Data Analyst,1,0.2777777777777778,1,0.2
8778,2025-01-01,2025,Sales,Sales Supervisor,1,0.1610337972166998,0,0.2
8779,2025-01-01,2025,Human Resources,HR Executive,0,0.05102040816326531,0,0.2
8780,2025-01-01,2025,Information Technology,QA Engineer,0,0.15979381443298968,0,0.2
8781,2025-01-01,2025,Human Resources,C&B Specialist,0,0.12827225130890052,0,0.2
8782,2025-01-01,2025,Human Resources,HR Executive,0,0.13513513513513514,0,0.2
8783,2025-01-01,2025,Sales,Sales Representative,0,0.05102040816326531,0,0.2
8784,2025-01-01,2025,Operations,Procurement Specialist,0,0.05102040816326531,0,0.2
8786,2025-01-01,2025,Marketing,Digital Marketing Specialist,0,0.03574033552151714,0,0.2
8787,2025-01-01,2025,Human Resources,HR Manager,0,0.29411764705882354,1,0.2
8789,2025-01-01,2025,Finance,Accountant,0,0.1610337972166998,0,0.2
8790,2025-01-01,2025,Finance,Financial Analyst,0,0.0935672514619883,0,0.2
8792,2025-01-01,2025,Information Technology,Software Engineer,0,0.06978233034571063,0,0.2
8796,2025-01-01,2025,Human Resources,C&B Specialist,0,0.33969465648854963,1,0.2
8798,2025-01-01,2025,Marketing,Marketing Executive,0,0.13513513513513514,0,0.2
8801,2025-01-01,2025,Information Technology,QA Engineer,1,0.1610337972166998,0,0.2
8803,2025-01-01,2025,Sales,Account Manager,0,0.05102040816326531,0,0.2
8811,2025-01-01,2025,Information Technology,System Administrator,0,0.05102040816326531,0,0.2
8813,2025-01-01,2025,Human Resources,C&B Specialist,0,0.15187376725838264,0,0.2
8818,2025-01-01,2025,Information Technology,QA Engineer,0,0.0681453768038482,0,0.2
8820,2025-01-01,2025,Operations,Warehouse Supervisor,0,0.32432432432432434,1,0.2
8821,2025-01-01,2025,Operations,Operations Executive,0,0.42701525054466233,1,0.2
8822,2025-01-01,2025,Finance,Internal Auditor,0,0.22927879440258342,1,0.2
8823,2025-01-01,2025,Information Technology,Data Analyst,0,0.05102040816326531,0,0.2
8824,2025-01-01,2025,Operations,Warehouse Supervisor,0,0.11397627643115008,0,0.2
8825,2025-01-01,2025,Information Technology,Software Engineer,0,0.1179245283018868,0,0.2
8827,2025-01-01,2025,Sales,Sales Supervisor,0,0.15187376725838264,0,0.2
8828,2025-01-01,2025,Operations,Procurement Specialist,1,0.6548672566371682,1,0.2
8829,2025-01-01,2025,Information Technology,System Administrator,0,0.0935672514619883,0,0.2
8831,2025-01-01,2025,Finance,Finance Manager,0,0.1956521739130435,0,0.2
8838,2025-01-01,2025,Human Resources,Recruiter,0,0.05102040816326531,0,0.2
8841,2025-01-01,2025,Information Technology,System Administrator,0,0.15187376725838264,0,0.2
8843,2025-01-01,2025,Sales,Sales Supervisor,0,0.07101167315175097,0,0.2
8845,2025-01-01,2025,Operations,Operations Manager,0,0.22927879440258342,1,0.2
8848,2025-01-01,2025,Information Technology,QA Engineer,0,0.40318302387267907,1,0.2
8850,2025-01-01,2025,Sales,Sales Executive,0,0.06978233034571063,0,0.2
8854,2025-01-01,2025,Sales,Sales Executive,0,0.1956521739130435,0,0.2
8856,2025-01-01,2025,Human Resources,HR Manager,0,0.1610337972166998,0,0.2
8857,2025-01-01,2025,Finance,Financial Analyst,0,0.2163265306122449,1,0.2
8858,2025-01-01,2025,Sales,Sales Supervisor,0,0.35294117647058826,1,0.2
8860,2025-01-01,2025,Sales,Account Manager,0,0.4198473282442748,1,0.2
8864,2025-01-01,2025,Marketing,Digital Marketing Specialist,0,0.1610337972166998,0,0.2
8866,2025-01-01,2025,Information Technology,Data Analyst,0,0.15979381443298968,0,0.2
8868,2025-01-01,2025,Information Technology,Software Engineer,0,0.15979381443298968,0,0.2
8873,2025-01-01,2025,Operations,Warehouse Supervisor,0,0.21052631578947367,1,0.2
8874,2025-01-01,2025,Information Technology,Data Analyst,0,0.11397627643115008,0,0.2
8875,2025-01-01,2025,Marketing,Marketing Manager,0,0.03574033552151714,0,0.2
8877,2025-01-01,2025,Information Technology,System Administrator,0,0.3035143769968051,1,0.2
8878,2025-01-01,2025,Information Technology,Data Analyst,0,0.07101167315175097,0,0.2
8882,2025-01-01,2025,Human Resources,Recruiter,0,0.07101167315175097,0,0.2
8883,2025-01-01,2025,Finance,Finance Manager,1,0.12827225130890052,0,0.2
8887,2025-01-01,2025,Sales,Sales Supervisor,0,0.07101167315175097,0,0.2
8890,2025-01-01,2025,Information Technology,Software Engineer,0,0.15187376725838264,0,0.2
8893,2025-01-01,2025,Finance,Finance Manager,0,0.29411764705882354,1,0.2
8899,2025-01-01,2025,Marketing,Digital Marketing Specialist,0,0.2777777777777778,1,0.2
8900,2025-01-01,2025,Human Resources,HR Executive,0,0.0681453768038482,0,0.2
8907,2025-01-01,2025,Operations,Warehouse Supervisor,0,0.13513513513513514,0,0.2
8910,2025-01-01,2025,Finance,Internal Auditor,0,0.1610337972166998,0,0.2
8911,2025-01-01,2025,Operations,Operations Executive,0,0.0935672514619883,0,0.2
8912,2025-01-01,2025,Operations,Operations Manager,0,0.16176470588235295,0,0.2
8914,2025-01-01,2025,Sales,Sales Representative,0,0.15187376725838264,0,0.2
8915,2025-01-01,2025,Sales,Account Manager,0,0.1610337972166998,0,0.2
8916,2025-01-01,2025,Finance,Financial Analyst,0,0.12827225130890052,0,0.2
8917,2025-01-01,2025,Sales,Sales Executive,0,0.2242152466367713,1,0.2
8920,2025-01-01,2025,Marketing,Content Specialist,0,0.32432432432432434,1,0.2
8922,2025-01-01,2025,Marketing,Content Specialist,0,0.03574033552151714,0,0.2
8923,2025-01-01,2025,Human Resources,Recruiter,0,0.05102040816326531,0,0.2
8927,2025-01-01,2025,Finance,Internal Auditor,0,0.2242152466367713,1,0.2
8928,2025-01-01,2025,Sales,Account Manager,0,0.11397627643115008,0,0.2
8929,2025-01-01,2025,Human Resources,HR Executive,0,0.06978233034571063,0,0.2
8934,2025-01-01,2025,Marketing,Content Specialist,0,0.0935672514619883,0,0.2
8938,2025-01-01,2025,Marketing,Content Specialist,0,0.03574033552151714,0,0.2
8939,2025-01-01,2025,Human Resources,HR Executive,0,0.11397627643115008,0,0.2
8944,2025-01-01,2025,Marketing,Content Specialist,0,0.03574033552151714,0,0.2
8945,2025-01-01,2025,Human Resources,HR Manager,0,0.15187376725838264,0,0.2
8947,2025-01-01,2025,Operations,Warehouse Supervisor,0,0.12382739212007504,0,0.2
8948,2025-01-01,2025,Information Technology,Software Engineer,1,0.0681453768038482,0,0.2
8949,2025-01-01,2025,Marketing,Content Specialist,0,0.07101167315175097,0,0.2
8952,2025-01-01,2025,Human Resources,HR Manager,0,0.0681453768038482,0,0.2
8953,2025-01-01,2025,Operations,Operations Manager,0,0.6548672566371682,1,0.2
8954,2025-01-01,2025,Sales,Sales Supervisor,0,0.05102040816326531,0,0.2
8957,2025-01-01,2025,Information Technology,Software Engineer,0,0.07101167315175097,0,0.2
8959,2025-01-01,2025,Human Resources,C&B Specialist,0,0.1610337972166998,0,0.2
8960,2025-01-01,2025,Information Technology,Data Analyst,0,0.05102040816326531,0,0.2
8962,2025-01-01,2025,Sales,Sales Supervisor,1,0.06978233034571063,0,0.2
8964,2025-01-01,2025,Sales,Account Manager,0,0.1610337972166998,0,0.2
8965,2025-01-01,2025,Sales,Account Manager,0,0.2163265306122449,1,0.2
8967,2025-01-01,2025,Sales,Sales Representative,0,0.15979381443298968,0,0.2
8975,2025-01-01,2025,Human Resources,HR Executive,0,0.1956521739130435,0,0.2
8978,2025-01-01,2025,Operations,Operations Manager,0,0.1956521739130435,0,0.2
8980,2025-01-01,2025,Marketing,Marketing Executive,0,0.0935672514619883,0,0.2
8981,2025-01-01,2025,Human Resources,HR Manager,0,0.07101167315175097,0,0.2
8982,2025-01-01,2025,Information Technology,System Administrator,0,0.4198473282442748,1,0.2
8983,2025-01-01,2025,Finance,Internal Auditor,0,0.12382739212007504,0,0.2
8984,2025-01-01,2025,Operations,Operations Executive,0,0.0681453768038482,0,0.2
8985,2025-01-01,2025,Operations,Operations Executive,0,0.11397627643115008,0,0.2
8986,2025-01-01,2025,Human Resources,HR Manager,1,0.1610337972166998,0,0.2
8990,2025-01-01,2025,Marketing,Marketing Executive,0,0.22927879440258342,1,0.2
8991,2025-01-01,2025,Marketing,Marketing Manager,0,0.0935672514619883,0,0.2
8992,2025-01-01,2025,Marketing,Content Specialist,0,0.21052631578947367,1,0.2
8993,2025-01-01,2025,Marketing,Content Specialist,0,0.07101167315175097,0,0.2
8995,2025-01-01,2025,Finance,Financial Analyst,0,0.0935672514619883,0,0.2
8997,2025-01-01,2025,Marketing,Marketing Executive,0,0.1610337972166998,0,0.2
8998,2025-01-01,2025,Sales,Account Manager,0,0.05102040816326531,0,0.2
9001,2025-01-01,2025,Sales,Sales Supervisor,0,0.05102040816326531,0,0.2
9004,2025-01-01,2025,Finance,Accountant,0,0.32432432432432434,1,0.2
9005,2025-01-01,2025,Information Technology,Software Engineer,0,0.13513513513513514,0,0.2
9007,2025-01-01,2025,Finance,Financial Analyst,0,0.13513513513513514,0,0.2
9009,2025-01-01,2025,Information Technology,Data Analyst,0,0.06978233034571063,0,0.2
9016,2025-01-01,2025,Sales,Account Manager,0,0.29411764705882354,1,0.2
9017,2025-01-01,2025,Information Technology,Software Engineer,0,0.05102040816326531,0,0.2
9018,2025-01-01,2025,Sales,Account Manager,0,0.12382739212007504,0,0.2
9020,2025-01-01,2025,Operations,Operations Executive,0,0.21639344262295082,1,0.2
9023,2025-01-01,2025,Sales,Sales Supervisor,0,0.2163265306122449,1,0.2
9025,2025-01-01,2025,Operations,Operations Executive,0,0.0681453768038482,0,0.2
9026,2025-01-01,2025,Finance,Finance Manager,0,0.0935672514619883,0,0.2
9032,2025-01-01,2025,Information Technology,QA Engineer,1,0.1179245283018868,0,0.2
9033,2025-01-01,2025,Finance,Internal Auditor,0,0.05102040816326531,0,0.2
9034,2025-01-01,2025,Human Resources,HR Executive,0,0.0935672514619883,0,0.2
9036,2025-01-01,2025,Information Technology,IT Support,0,0.1956521739130435,0,0.2
9037,2025-01-01,2025,Finance,Finance Manager,0,0.36363636363636365,1,0.2
9040,2025-01-01,2025,Finance,Financial Analyst,0,0.0681453768038482,0,0.2
9043,2025-01-01,2025,Marketing,Content Specialist,0,0.3035143769968051,1,0.2
9045,2025-01-01,2025,Finance,Financial Analyst,0,0.07101167315175097,0,0.2
9047,2025-01-01,2025,Marketing,Digital Marketing Specialist,0,0.22927879440258342,1,0.2
9050,2025-01-01,2025,Human Resources,HR Manager,1,0.21639344262295082,1,0.2
9053,2025-01-01,2025,Finance,Finance Manager,0,0.0681453768038482,0,0.2
9054,2025-01-01,2025,Human Resources,C&B Specialist,0,0.32432432432432434,1,0.2
9055,2025-01-01,2025,Marketing,Content Specialist,1,0.05263157894736842,0,0.2
9059,2025-01-01,2025,Marketing,Marketing Manager,0,0.03574033552151714,0,0.2
9060,2025-01-01,2025,Operations,Procurement Specialist,0,0.22927879440258342,1,0.2
9062,2025-01-01,2025,Marketing,Marketing Manager,0,0.15979381443298968,0,0.2
9065,2025-01-01,2025,Information Technology,Data Analyst,0,0.1610337972166998,0,0.2
9072,2025-01-01,2025,Information Technology,Software Engineer,0,0.0681453768038482,0,0.2
9076,2025-01-01,2025,Marketing,Content Specialist,0,0.03574033552151714,0,0.2
9077,2025-01-01,2025,Operations,Procurement Specialist,0,0.05102040816326531,0,0.2
9080,2025-01-01,2025,Information Technology,System Administrator,0,0.15187376725838264,0,0.2
9082,2025-01-01,2025,Operations,Operations Manager,0,0.22927879440258342,1,0.2
9084,2025-01-01,2025,Operations,Procurement Specialist,1,0.6548672566371682,1,0.2
9094,2025-01-01,2025,Human Resources,C&B Specialist,0,0.21639344262295082,1,0.2
9095,2025-01-01,2025,Finance,Financial Analyst,1,0.05102040816326531,0,0.2
9100,2025-01-01,2025,Sales,Sales Executive,0,0.12827225130890052,0,0.2
9103,2025-01-01,2025,Information Technology,Software Engineer,0,0.25663716814159293,1,0.2
9105,2025-01-01,2025,Human Resources,HR Manager,0,0.05102040816326531,0,0.2
9107,2025-01-01,2025,Marketing,Digital Marketing Specialist,0,0.03574033552151714,0,0.2
9111,2025-01-01,2025,Information Technology,IT Support,0,0.22927879440258342,1,0.2
9113,2025-01-01,2025,Marketing,Digital Marketing Specialist,0,0.40318302387267907,1,0.2
9114,2025-01-01,2025,Information Technology,Software Engineer,0,0.15187376725838264,0,0.2
9115,2025-01-01,2025,Sales,Account Manager,0,0.0681453768038482,0,0.2
9116,2025-01-01,2025,Sales,Account Manager,0,0.06978233034571063,0,0.2
9117,2025-01-01,2025,Sales,Sales Supervisor,0,0.12827225130890052,0,0.2
9128,2025-01-01,2025,Operations,Warehouse Supervisor,0,0.05102040816326531,0,0.2
9132,2025-01-01,2025,Finance,Accountant,0,0.2608695652173913,1,0.2
9133,2025-01-01,2025,Finance,Finance Manager,1,0.1179245283018868,0,0.2
9134,2025-01-01,2025,Sales,Sales Executive,0,0.33969465648854963,1,0.2
9135,2025-01-01,2025,Operations,Procurement Specialist,0,0.0681453768038482,0,0.2
9139,2025-01-01,2025,Information Technology,Software Engineer,0,0.1179245283018868,0,0.2
9143,2025-01-01,2025,Sales,Account Manager,0,0.0681453768038482,0,0.2
9144,2025-01-01,2025,Sales,Sales Supervisor,1,0.29411764705882354,1,0.2
9146,2025-01-01,2025,Finance,Accountant,0,0.19791666666666666,0,0.2
9148,2025-01-01,2025,Operations,Operations Manager,0,0.1179245283018868,0,0.2
9149,2025-01-01,2025,Operations,Operations Executive,0,0.11397627643115008,0,0.2
9150,2025-01-01,2025,Finance,Internal Auditor,0,0.11397627643115008,0,0.2
9152,2025-01-01,2025,Information Technology,Data Analyst,0,0.1610337972166998,0,0.2
9153,2025-01-01,2025,Finance,Accountant,0,0.0681453768038482,0,0.2
9155,2025-01-01,2025,Finance,Accountant,0,0.05102040816326531,0,0.2
9156,2025-01-01,2025,Operations,Operations Manager,0,0.11397627643115008,0,0.2
9158,2025-01-01,2025,Sales,Sales Supervisor,0,0.05102040816326531,0,0.2
9165,2025-01-01,2025,Information Technology,Software Engineer,0,0.06978233034571063,0,0.2
9170,2025-01-01,2025,Information Technology,Data Analyst,0,0.13513513513513514,0,0.2
9171,2025-01-01,2025,Information Technology,System Administrator,0,0.0681453768038482,0,0.2
9172,2025-01-01,2025,Operations,Operations Executive,0,0.22927879440258342,1,0.2
9173,2025-01-01,2025,Human Resources,HR Manager,0,0.12382739212007504,0,0.2
9174,2025-01-01,2025,Marketing,Content Specialist,0,0.06978233034571063,0,0.2
9176,2025-01-01,2025,Operations,Procurement Specialist,0,0.1956521739130435,0,0.2
9177,2025-01-01,2025,Operations,Operations Executive,0,0.3035143769968051,1,0.2
9179,2025-01-01,2025,Marketing,Digital Marketing Specialist,0,0.03574033552151714,0,0.2
9180,2025-01-01,2025,Human Resources,Recruiter,0,0.12382739212007504,0,0.2
9184,2025-01-01,2025,Information Technology,IT Support,0,0.05102040816326531,0,0.2
9185,2025-01-01,2025,Information Technology,System Administrator,0,0.11397627643115008,0,0.2
9191,2025-01-01,2025,Finance,Internal Auditor,0,0.12382739212007504,0,0.2
9193,2025-01-01,2025,Marketing,Marketing Executive,0,0.15187376725838264,0,0.2
9194,2025-01-01,2025,Information Technology,System Administrator,1,0.24242424242424243,1,0.2
9201,2025-01-01,2025,Sales,Sales Supervisor,0,0.1956521739130435,0,0.2
9205,2025-01-01,2025,Human Resources,C&B Specialist,1,0.0681453768038482,0,0.2
9206,2025-01-01,2025,Information Technology,QA Engineer,0,0.07101167315175097,0,0.2
9208,2025-01-01,2025,Human Resources,HR Executive,0,0.05102040816326531,0,0.2
9209,2025-01-01,2025,Finance,Financial Analyst,0,0.06978233034571063,0,0.2
9210,2025-01-01,2025,Marketing,Marketing Executive,0,0.03574033552151714,0,0.2
9215,2025-01-01,2025,Sales,Sales Representative,0,0.05102040816326531,0,0.2
9217,2025-01-01,2025,Marketing,Marketing Manager,0,0.03574033552151714,0,0.2
9218,2025-01-01,2025,Finance,Financial Analyst,0,0.11397627643115008,0,0.2
9219,2025-01-01,2025,Information Technology,Data Analyst,0,0.19791666666666666,0,0.2
9221,2025-01-01,2025,Information Technology,Data Analyst,0,0.0681453768038482,0,0.2
9223,2025-01-01,2025,Human Resources,HR Manager,0,0.29411764705882354,1,0.2
9227,2025-01-01,2025,Sales,Sales Supervisor,0,0.0681453768038482,0,0.2
9228,2025-01-01,2025,Operations,Warehouse Supervisor,0,0.1956521739130435,0,0.2
9229,2025-01-01,2025,Finance,Finance Manager,0,0.11397627643115008,0,0.2
9231,2025-01-01,2025,Human Resources,C&B Specialist,0,0.22927879440258342,1,0.2
9233,2025-01-01,2025,Sales,Sales Executive,0,0.2163265306122449,1,0.2
9234,2025-01-01,2025,Marketing,Marketing Manager,0,0.03574033552151714,0,0.2
9236,2025-01-01,2025,Operations,Warehouse Supervisor,0,0.11397627643115008,0,0.2
9237,2025-01-01,2025,Sales,Sales Representative,0,0.0935672514619883,0,0.2
9239,2025-01-01,2025,Human Resources,C&B Specialist,0,0.29411764705882354,1,0.2
9240,2025-01-01,2025,Sales,Sales Supervisor,0,0.3035143769968051,1,0.2
9241,2025-01-01,2025,Marketing,Digital Marketing Specialist,0,0.1956521739130435,0,0.2
9244,2025-01-01,2025,Finance,Finance Manager,0,0.12827225130890052,0,0.2
9249,2025-01-01,2025,Marketing,Content Specialist,0,0.06978233034571063,0,0.2
9250,2025-01-01,2025,Finance,Financial Analyst,0,0.05102040816326531,0,0.2
9254,2025-01-01,2025,Operations,Operations Manager,0,0.13513513513513514,0,0.2
9255,2025-01-01,2025,Operations,Warehouse Supervisor,0,0.0681453768038482,0,0.2
9257,2025-01-01,2025,Operations,Procurement Specialist,0,0.35294117647058826,1,0.2
9259,2025-01-01,2025,Operations,Operations Executive,0,0.12382739212007504,0,0.2
9260,2025-01-01,2025,Operations,Operations Executive,0,0.13793103448275862,0,0.2
9266,2025-01-01,2025,Sales,Sales Supervisor,1,0.21639344262295082,1,0.2
9267,2025-01-01,2025,Marketing,Content Specialist,0,0.21639344262295082,1,0.2
9269,2025-01-01,2025,Human Resources,Recruiter,1,0.3035143769968051,1,0.2
9273,2025-01-01,2025,Human Resources,Recruiter,1,0.42701525054466233,1,0.2
9277,2025-01-01,2025,Finance,Internal Auditor,0,0.35294117647058826,1,0.2
9281,2025-01-01,2025,Marketing,Marketing Executive,0,0.15187376725838264,0,0.2
9283,2025-01-01,2025,Sales,Account Manager,0,0.0935672514619883,0,0.2
9285,2025-01-01,2025,Marketing,Marketing Executive,0,0.1179245283018868,0,0.2
9290,2025-01-01,2025,Human Resources,HR Manager,0,0.15187376725838264,0,0.2
9291,2025-01-01,2025,Marketing,Marketing Manager,1,0.22927879440258342,1,0.2
9292,2025-01-01,2025,Sales,Account Manager,0,0.40318302387267907,1,0.2
9293,2025-01-01,2025,Human Resources,HR Executive,0,0.05102040816326531,0,0.2
9302,2025-01-01,2025,Sales,Sales Executive,1,0.2777777777777778,1,0.2
9303,2025-01-01,2025,Information Technology,IT Support,0,0.12382739212007504,0,0.2
9307,2025-01-01,2025,Finance,Finance Manager,0,0.29411764705882354,1,0.2
9311,2025-01-01,2025,Marketing,Digital Marketing Specialist,0,0.2288135593220339,1,0.2
9315,2025-01-01,2025,Marketing,Content Specialist,0,0.03574033552151714,0,0.2
9316,2025-01-01,2025,Operations,Procurement Specialist,0,0.0681453768038482,0,0.2
9322,2025-01-01,2025,Operations,Procurement Specialist,0,0.0681453768038482,0,0.2
9323,2025-01-01,2025,Marketing,Digital Marketing Specialist,0,0.06978233034571063,0,0.2
9324,2025-01-01,2025,Information Technology,System Administrator,0,0.13513513513513514,0,0.2
9325,2025-01-01,2025,Marketing,Marketing Executive,0,0.03574033552151714,0,0.2
9326,2025-01-01,2025,Human Resources,Recruiter,0,0.07101167315175097,0,0.2
9327,2025-01-01,2025,Operations,Procurement Specialist,0,0.1956521739130435,0,0.2
9328,2025-01-01,2025,Sales,Sales Supervisor,1,0.2242152466367713,1,0.2
9329,2025-01-01,2025,Operations,Procurement Specialist,1,0.2163265306122449,1,0.2
9331,2025-01-01,2025,Information Technology,IT Support,0,0.05102040816326531,0,0.2
9333,2025-01-01,2025,Information Technology,QA Engineer,0,0.0681453768038482,0,0.2
9338,2025-01-01,2025,Operations,Procurement Specialist,0,0.0935672514619883,0,0.2
9340,2025-01-01,2025,Human Resources,HR Manager,0,0.0681453768038482,0,0.2
9341,2025-01-01,2025,Operations,Operations Executive,0,0.0681453768038482,0,0.2
9342,2025-01-01,2025,Information Technology,Software Engineer,0,0.05102040816326531,0,0.2
9346,2025-01-01,2025,Marketing,Marketing Executive,0,0.03574033552151714,0,0.2
9347,2025-01-01,2025,Finance,Accountant,0,0.0681453768038482,0,0.2
9350,2025-01-01,2025,Finance,Internal Auditor,0,0.0935672514619883,0,0.2
9352,2025-01-01,2025,Sales,Sales Executive,1,0.2163265306122449,1,0.2
9355,2025-01-01,2025,Sales,Account Manager,0,0.07101167315175097,0,0.2
9356,2025-01-01,2025,Information Technology,Data Analyst,0,0.05102040816326531,0,0.2
9357,2025-01-01,2025,Information Technology,Software Engineer,0,0.05102040816326531,0,0.2
9359,2025-01-01,2025,Marketing,Marketing Executive,0,0.03574033552151714,0,0.2
9360,2025-01-01,2025,Operations,Operations Executive,0,0.21639344262295082,1,0.2
9361,2025-01-01,2025,Operations,Warehouse Supervisor,0,0.0681453768038482,0,0.2
9363,2025-01-01,2025,Information Technology,Software Engineer,0,0.40318302387267907,1,0.2
9364,2025-01-01,2025,Finance,Financial Analyst,0,0.03816793893129771,0,0.2
9366,2025-01-01,2025,Human Resources,HR Manager,1,0.1956521739130435,0,0.2
9367,2025-01-01,2025,Operations,Procurement Specialist,0,0.13513513513513514,0,0.2
9368,2025-01-01,2025,Information Technology,System Administrator,0,0.11397627643115008,0,0.2
9369,2025-01-01,2025,Finance,Accountant,0,0.12827225130890052,0,0.2
9373,2025-01-01,2025,Marketing,Marketing Executive,0,0.11397627643115008,0,0.2
9381,2025-01-01,2025,Marketing,Digital Marketing Specialist,0,0.2163265306122449,1,0.2
9383,2025-01-01,2025,Human Resources,Recruiter,0,0.13513513513513514,0,0.2
9387,2025-01-01,2025,Marketing,Marketing Manager,0,0.03574033552151714,0,0.2
9389,2025-01-01,2025,Operations,Warehouse Supervisor,0,0.05102040816326531,0,0.2
9391,2025-01-01,2025,Information Technology,QA Engineer,0,0.11397627643115008,0,0.2
9394,2025-01-01,2025,Finance,Financial Analyst,0,0.2163265306122449,1,0.2
9395,2025-01-01,2025,Operations,Warehouse Supervisor,1,0.32432432432432434,1,0.2
9396,2025-01-01,2025,Information Technology,Data Analyst,0,0.0681453768038482,0,0.2
9398,2025-01-01,2025,Operations,Operations Manager,0,0.1956521739130435,0,0.2
9400,2025-01-01,2025,Marketing,Marketing Executive,0,0.07101167315175097,0,0.2
9403,2025-01-01,2025,Marketing,Marketing Executive,1,0.5116959064327485,1,0.2
9404,2025-01-01,2025,Human Resources,HR Manager,0,0.16176470588235295,0,0.2
9406,2025-01-01,2025,Human Resources,Recruiter,1,0.07101167315175097,0,0.2
9408,2025-01-01,2025,Sales,Sales Executive,0,0.12382739212007504,0,0.2
9409,2025-01-01,2025,Information Technology,Data Analyst,0,0.1610337972166998,0,0.2
9412,2025-01-01,2025,Information Technology,Data Analyst,1,0.12382739212007504,0,0.2
9413,2025-01-01,2025,Human Resources,HR Executive,0,0.3035143769968051,1,0.2
9414,2025-01-01,2025,Marketing,Content Specialist,0,0.11397627643115008,0,0.2
9415,2025-01-01,2025,Finance,Internal Auditor,1,0.29411764705882354,1,0.2
9416,2025-01-01,2025,Marketing,Content Specialist,1,0.5116959064327485,1,0.2
9418,2025-01-01,2025,Finance,Finance Manager,0,0.42701525054466233,1,0.2
9422,2025-01-01,2025,Information Technology,IT Support,1,0.5116959064327485,1,0.2
9423,2025-01-01,2025,Human Resources,HR Manager,0,0.22927879440258342,1,0.2
9424,2025-01-01,2025,Marketing,Marketing Manager,0,0.2242152466367713,1,0.2
9425,2025-01-01,2025,Operations,Operations Executive,0,0.0681453768038482,0,0.2
9426,2025-01-01,2025,Sales,Sales Representative,0,0.11397627643115008,0,0.2
9428,2025-01-01,2025,Human Resources,Recruiter,0,0.0681453768038482,0,0.2
9430,2025-01-01,2025,Operations,Procurement Specialist,0,0.05102040816326531,0,0.2
9431,2025-01-01,2025,Operations,Operations Manager,0,0.1179245283018868,0,0.2
9432,2025-01-01,2025,Information Technology,QA Engineer,0,0.0681453768038482,0,0.2
9434,2025-01-01,2025,Sales,Sales Supervisor,0,0.1986970684039088,0,0.2
9437,2025-01-01,2025,Marketing,Marketing Executive,0,0.03574033552151714,0,0.2
9441,2025-01-01,2025,Finance,Financial Analyst,0,0.1179245283018868,0,0.2
9442,2025-01-01,2025,Sales,Account Manager,0,0.13513513513513514,0,0.2
9443,2025-01-01,2025,Information Technology,Data Analyst,0,0.32432432432432434,1,0.2
9445,2025-01-01,2025,Sales,Sales Executive,0,0.05102040816326531,0,0.2
9446,2025-01-01,2025,Information Technology,Data Analyst,0,0.05102040816326531,0,0.2
9449,2025-01-01,2025,Information Technology,QA Engineer,0,0.15979381443298968,0,0.2
9450,2025-01-01,2025,Marketing,Digital Marketing Specialist,0,0.0935672514619883,0,0.2
9452,2025-01-01,2025,Sales,Sales Representative,0,0.07101167315175097,0,0.2
9453,2025-01-01,2025,Operations,Operations Manager,0,0.22927879440258342,1,0.2
9455,2025-01-01,2025,Finance,Internal Auditor,0,0.0935672514619883,0,0.2
9456,2025-01-01,2025,Sales,Account Manager,1,0.3035143769968051,1,0.2
9463,2025-01-01,2025,Sales,Sales Representative,0,0.1610337972166998,0,0.2
9464,2025-01-01,2025,Operations,Procurement Specialist,0,0.12382739212007504,0,0.2
9465,2025-01-01,2025,Operations,Warehouse Supervisor,0,0.0681453768038482,0,0.2
9466,2025-01-01,2025,Sales,Account Manager,0,0.12382739212007504,0,0.2
9468,2025-01-01,2025,Sales,Account Manager,0,0.33969465648854963,1,0.2
9469,2025-01-01,2025,Marketing,Content Specialist,0,0.21052631578947367,1,0.2
9470,2025-01-01,2025,Finance,Internal Auditor,0,0.1956521739130435,0,0.2
9471,2025-01-01,2025,Operations,Operations Manager,0,0.11397627643115008,0,0.2
9472,2025-01-01,2025,Human Resources,Recruiter,0,0.05102040816326531,0,0.2
9473,2025-01-01,2025,Human Resources,C&B Specialist,1,0.1179245283018868,0,0.2
9474,2025-01-01,2025,Human Resources,HR Executive,0,0.03816793893129771,0,0.2
9477,2025-01-01,2025,Information Technology,Data Analyst,0,0.0681453768038482,0,0.2
9478,2025-01-01,2025,Marketing,Content Specialist,1,0.40318302387267907,1,0.2
9480,2025-01-01,2025,Operations,Operations Manager,0,0.07101167315175097,0,0.2
9481,2025-01-01,2025,Information Technology,Data Analyst,0,0.12382739212007504,0,0.2
9482,2025-01-01,2025,Sales,Account Manager,0,0.5116959064327485,1,0.2
9483,2025-01-01,2025,Operations,Operations Manager,0,0.0681453768038482,0,0.2
9484,2025-01-01,2025,Operations,Operations Manager,0,0.0681453768038482,0,0.2
9485,2025-01-01,2025,Human Resources,HR Manager,1,0.13513513513513514,0,0.2
9493,2025-01-01,2025,Sales,Sales Representative,1,0.11397627643115008,0,0.2
9496,2025-01-01,2025,Sales,Sales Representative,0,0.1610337972166998,0,0.2
9497,2025-01-01,2025,Finance,Finance Manager,0,0.11397627643115008,0,0.2
9498,2025-01-01,2025,Information Technology,System Administrator,0,0.5116959064327485,1,0.2
9501,2025-01-01,2025,Information Technology,QA Engineer,0,0.0935672514619883,0,0.2
9502,2025-01-01,2025,Finance,Internal Auditor,0,0.15187376725838264,0,0.2
9503,2025-01-01,2025,Information Technology,Data Analyst,0,0.21639344262295082,1,0.2
9504,2025-01-01,2025,Information Technology,QA Engineer,0,0.2288135593220339,1,0.2
9505,2025-01-01,2025,Human Resources,HR Manager,0,0.06978233034571063,0,0.2
9507,2025-01-01,2025,Operations,Operations Executive,0,0.05102040816326531,0,0.2
9510,2025-01-01,2025,Marketing,Marketing Manager,0,0.03574033552151714,0,0.2
9512,2025-01-01,2025,Sales,Sales Representative,0,0.06978233034571063,0,0.2
9513,2025-01-01,2025,Human Resources,Recruiter,0,0.0935672514619883,0,0.2
9515,2025-01-01,2025,Sales,Sales Executive,0,0.13513513513513514,0,0.2
9516,2025-01-01,2025,Sales,Account Manager,0,0.1986970684039088,0,0.2
9519,2025-01-01,2025,Marketing,Content Specialist,0,0.03574033552151714,0,0.2
9521,2025-01-01,2025,Finance,Finance Manager,0,0.1179245283018868,0,0.2
9522,2025-01-01,2025,Operations,Operations Executive,0,0.05102040816326531,0,0.2
9523,2025-01-01,2025,Human Resources,C&B Specialist,0,0.05102040816326531,0,0.2
9524,2025-01-01,2025,Marketing,Marketing Manager,1,0.6548672566371682,1,0.2
9527,2025-01-01,2025,Operations,Operations Manager,0,0.22927879440258342,1,0.2
9530,2025-01-01,2025,Marketing,Content Specialist,0,0.06978233034571063,0,0.2
9532,2025-01-01,2025,Marketing,Marketing Manager,0,0.15979381443298968,0,0.2
9534,2025-01-01,2025,Sales,Sales Supervisor,0,0.5116959064327485,1,0.2
9536,2025-01-01,2025,Operations,Procurement Specialist,0,0.33969465648854963,1,0.2
9539,2025-01-01,2025,Finance,Finance Manager,0,0.1956521739130435,0,0.2
9542,2025-01-01,2025,Information Technology,IT Support,0,0.13513513513513514,0,0.2
9543,2025-01-01,2025,Finance,Accountant,1,0.5116959064327485,1,0.2
9546,2025-01-01,2025,Sales,Sales Representative,1,0.1956521739130435,0,0.2
9547,2025-01-01,2025,Finance,Finance Manager,0,0.05102040816326531,0,0.2
9549,2025-01-01,2025,Finance,Accountant,0,0.13513513513513514,0,0.2
9552,2025-01-01,2025,Human Resources,HR Executive,0,0.2163265306122449,1,0.2
9554,2025-01-01,2025,Operations,Warehouse Supervisor,0,0.0681453768038482,0,0.2
9556,2025-01-01,2025,Finance,Internal Auditor,0,0.06978233034571063,0,0.2
9560,2025-01-01,2025,Finance,Financial Analyst,0,0.21639344262295082,1,0.2
9561,2025-01-01,2025,Sales,Sales Representative,0,0.12382739212007504,0,0.2
9565,2025-01-01,2025,Human Resources,HR Executive,0,0.1179245283018868,0,0.2
9567,2025-01-01,2025,Sales,Account Manager,1,0.5116959064327485,1,0.2
9568,2025-01-01,2025,Operations,Warehouse Supervisor,0,0.0681453768038482,0,0.2
9569,2025-01-01,2025,Sales,Sales Supervisor,0,0.16176470588235295,0,0.2
9570,2025-01-01,2025,Sales,Sales Representative,0,0.06978233034571063,0,0.2
9573,2025-01-01,2025,Finance,Financial Analyst,0,0.2608695652173913,1,0.2
9575,2025-01-01,2025,Information Technology,System Administrator,1,0.15187376725838264,0,0.2
9576,2025-01-01,2025,Finance,Internal Auditor,1,0.15187376725838264,0,0.2
9579,2025-01-01,2025,Marketing,Marketing Manager,0,0.5116959064327485,1,0.2
9581,2025-01-01,2025,Information Technology,Data Analyst,0,0.25663716814159293,1,0.2
9582,2025-01-01,2025,Sales,Sales Executive,0,0.05102040816326531,0,0.2
9584,2025-01-01,2025,Information Technology,IT Support,0,0.0681453768038482,0,0.2
9588,2025-01-01,2025,Finance,Accountant,0,0.06978233034571063,0,0.2
9589,2025-01-01,2025,Marketing,Content Specialist,0,0.1610337972166998,0,0.2
9590,2025-01-01,2025,Marketing,Marketing Executive,0,0.13513513513513514,0,0.2
9592,2025-01-01,2025,Human Resources,HR Manager,0,0.29411764705882354,1,0.2
9595,2025-01-01,2025,Operations,Operations Executive,0,0.2242152466367713,1,0.2
9596,2025-01-01,2025,Sales,Sales Supervisor,0,0.1610337972166998,0,0.2
9597,2025-01-01,2025,Sales,Sales Executive,0,0.0681453768038482,0,0.2
9601,2025-01-01,2025,Marketing,Digital Marketing Specialist,0,0.21052631578947367,1,0.2
9604,2025-01-01,2025,Sales,Sales Representative,0,0.0681453768038482,0,0.2
9605,2025-01-01,2025,Finance,Internal Auditor,0,0.15979381443298968,0,0.2
9607,2025-01-01,2025,Finance,Accountant,0,0.05102040816326531,0,0.2
9608,2025-01-01,2025,Finance,Financial Analyst,1,0.22927879440258342,1,0.2
9610,2025-01-01,2025,Human Resources,HR Manager,0,0.05102040816326531,0,0.2
9615,2025-01-01,2025,Sales,Sales Supervisor,1,0.22927879440258342,1,0.2
9617,2025-01-01,2025,Finance,Financial Analyst,0,0.0681453768038482,0,0.2
9623,2025-01-01,2025,Sales,Sales Supervisor,0,0.0681453768038482,0,0.2
9625,2025-01-01,2025,Finance,Internal Auditor,0,0.32432432432432434,1,0.2
9626,2025-01-01,2025,Information Technology,IT Support,0,0.15187376725838264,0,0.2
9627,2025-01-01,2025,Marketing,Digital Marketing Specialist,1,0.13513513513513514,0,0.2
9628,2025-01-01,2025,Sales,Sales Supervisor,0,0.05102040816326531,0,0.2
9629,2025-01-01,2025,Marketing,Digital Marketing Specialist,0,0.1610337972166998,0,0.2
9632,2025-01-01,2025,Finance,Internal Auditor,1,0.19791666666666666,0,0.2
9636,2025-01-01,2025,Finance,Finance Manager,0,0.06978233034571063,0,0.2
9637,2025-01-01,2025,Sales,Account Manager,0,0.06978233034571063,0,0.2
9639,2025-01-01,2025,Human Resources,Recruiter,0,0.13513513513513514,0,0.2
9643,2025-01-01,2025,Human Resources,HR Manager,0,0.1610337972166998,0,0.2
9644,2025-01-01,2025,Sales,Sales Executive,0,0.05102040816326531,0,0.2
9648,2025-01-01,2025,Information Technology,Data Analyst,0,0.07101167315175097,0,0.2
9652,2025-01-01,2025,Marketing,Content Specialist,0,0.03574033552151714,0,0.2
9655,2025-01-01,2025,Finance,Finance Manager,1,0.42701525054466233,1,0.2
9658,2025-01-01,2025,Operations,Operations Executive,0,0.0681453768038482,0,0.2
9661,2025-01-01,2025,Operations,Operations Executive,1,0.32432432432432434,1,0.2
9663,2025-01-01,2025,Operations,Warehouse Supervisor,0,0.11397627643115008,0,0.2
9665,2025-01-01,2025,Marketing,Marketing Manager,1,0.29411764705882354,1,0.2
9669,2025-01-01,2025,Marketing,Content Specialist,0,0.0,0,0.2
9670,2025-01-01,2025,Human Resources,C&B Specialist,0,0.07101167315175097,0,0.2
9672,2025-01-01,2025,Finance,Finance Manager,0,0.2163265306122449,1,0.2
9673,2025-01-01,2025,Sales,Sales Executive,1,0.3035143769968051,1,0.2
9674,2025-01-01,2025,Information Technology,IT Support,0,0.22927879440258342,1,0.2
9678,2025-01-01,2025,Human Resources,HR Executive,0,0.0681453768038482,0,0.2
9683,2025-01-01,2025,Finance,Internal Auditor,0,0.0681453768038482,0,0.2
9684,2025-01-01,2025,Human Resources,HR Manager,0,0.0681453768038482,0,0.2
9685,2025-01-01,2025,Sales,Sales Representative,0,0.0681453768038482,0,0.2
9687,2025-01-01,2025,Sales,Sales Executive,1,0.12382739212007504,0,0.2
9688,2025-01-01,2025,Information Technology,Data Analyst,1,0.16176470588235295,0,0.2
9689,2025-01-01,2025,Marketing,Content Specialist,0,0.1956521739130435,0,0.2
9690,2025-01-01,2025,Human Resources,Recruiter,1,0.5116959064327485,1,0.2
9693,2025-01-01,2025,Operations,Operations Manager,0,0.07101167315175097,0,0.2
9694,2025-01-01,2025,Marketing,Content Specialist,0,0.13513513513513514,0,0.2
9696,2025-01-01,2025,Marketing,Digital Marketing Specialist,0,0.22927879440258342,1,0.2
9697,2025-01-01,2025,Human Resources,C&B Specialist,0,0.42701525054466233,1,0.2
9703,2025-01-01,2025,Human Resources,HR Executive,1,0.06978233034571063,0,0.2
9705,2025-01-01,2025,Finance,Internal Auditor,0,0.06978233034571063,0,0.2
9706,2025-01-01,2025,Marketing,Digital Marketing Specialist,0,0.1956521739130435,0,0.2
9710,2025-01-01,2025,Information Technology,IT Support,0,0.11397627643115008,0,0.2
9712,2025-01-01,2025,Operations,Operations Executive,1,0.11397627643115008,0,0.2
9714,2025-01-01,2025,Information Technology,IT Support,0,0.1610337972166998,0,0.2
9716,2025-01-01,2025,Human Resources,HR Manager,0,0.13793103448275862,0,0.2
9719,2025-01-01,2025,Marketing,Marketing Executive,0,0.06978233034571063,0,0.2
9724,2025-01-01,2025,Sales,Account Manager,1,0.05263157894736842,0,0.2
9726,2025-01-01,2025,Human Resources,C&B Specialist,0,0.06978233034571063,0,0.2
9729,2025-01-01,2025,Marketing,Content Specialist,0,0.03574033552151714,0,0.2
9730,2025-01-01,2025,Marketing,Content Specialist,0,0.22927879440258342,1,0.2
9732,2025-01-01,2025,Operations,Operations Manager,1,0.0935672514619883,0,0.2
9733,2025-01-01,2025,Marketing,Marketing Manager,0,0.03574033552151714,0,0.2
9737,2025-01-01,2025,Finance,Accountant,0,0.0681453768038482,0,0.2
9739,2025-01-01,2025,Finance,Internal Auditor,1,0.35294117647058826,1,0.2
9741,2025-01-01,2025,Operations,Procurement Specialist,1,0.48148148148148145,1,0.2
9742,2025-01-01,2025,Human Resources,HR Manager,0,0.1179245283018868,0,0.2
9743,2025-01-01,2025,Information Technology,QA Engineer,0,0.5416666666666666,1,0.2
9746,2025-01-01,2025,Human Resources,HR Executive,0,0.0681453768038482,0,0.2
9747,2025-01-01,2025,Finance,Finance Manager,0,0.2163265306122449,1,0.2
9750,2025-01-01,2025,Information Technology,IT Support,0,0.2163265306122449,1,0.2
9757,2025-01-01,2025,Information Technology,IT Support,0,0.05102040816326531,0,0.2
9760,2025-01-01,2025,Marketing,Marketing Executive,0,0.07101167315175097,0,0.2
9762,2025-01-01,2025,Information Technology,Software Engineer,0,0.22927879440258342,1,0.2
9765,2025-01-01,2025,Finance,Financial Analyst,1,0.2242152466367713,1,0.2
9766,2025-01-01,2025,Human Resources,C&B Specialist,0,0.2242152466367713,1,0.2
9769,2025-01-01,2025,Marketing,Marketing Executive,0,0.22927879440258342,1,0.2
9771,2025-01-01,2025,Sales,Account Manager,0,0.35294117647058826,1,0.2
9772,2025-01-01,2025,Human Resources,C&B Specialist,0,0.2242152466367713,1,0.2
9774,2025-01-01,2025,Operations,Warehouse Supervisor,0,0.0935672514619883,0,0.2
9775,2025-01-01,2025,Sales,Sales Executive,0,0.29411764705882354,1,0.2
9779,2025-01-01,2025,Finance,Internal Auditor,0,0.05102040816326531,0,0.2
9786,2025-01-01,2025,Finance,Accountant,0,0.05102040816326531,0,0.2
9791,2025-01-01,2025,Operations,Procurement Specialist,0,0.12382739212007504,0,0.2
9792,2025-01-01,2025,Human Resources,C&B Specialist,0,0.32432432432432434,1,0.2
9794,2025-01-01,2025,Information Technology,System Administrator,0,0.05102040816326531,0,0.2
9795,2025-01-01,2025,Finance,Internal Auditor,0,0.2163265306122449,1,0.2
9797,2025-01-01,2025,Marketing,Marketing Executive,0,0.36619718309859156,1,0.2
9799,2025-01-01,2025,Marketing,Marketing Executive,0,0.03574033552151714,0,0.2
9801,2025-01-01,2025,Operations,Operations Manager,1,0.573170731707317,1,0.2
9804,2025-01-01,2025,Human Resources,HR Executive,0,0.22927879440258342,1,0.2
9805,2025-01-01,2025,Marketing,Marketing Manager,0,0.1956521739130435,0,0.2
9809,2025-01-01,2025,Sales,Sales Representative,0,0.21639344262295082,1,0.2
9811,2025-01-01,2025,Finance,Financial Analyst,0,0.05102040816326531,0,0.2
9817,2025-01-01,2025,Marketing,Marketing Executive,1,0.21639344262295082,1,0.2
9818,2025-01-01,2025,Human Resources,C&B Specialist,0,0.06978233034571063,0,0.2
9819,2025-01-01,2025,Operations,Procurement Specialist,1,0.35294117647058826,1,0.2
9821,2025-01-01,2025,Information Technology,IT Support,1,0.22927879440258342,1,0.2
9822,2025-01-01,2025,Marketing,Digital Marketing Specialist,1,0.12827225130890052,0,0.2
9828,2025-01-01,2025,Information Technology,Software Engineer,0,0.03816793893129771,0,0.2
9833,2025-01-01,2025,Finance,Accountant,0,0.1610337972166998,0,0.2
9836,2025-01-01,2025,Marketing,Marketing Manager,0,0.03574033552151714,0,0.2
9843,2025-01-01,2025,Finance,Accountant,0,0.1956521739130435,0,0.2
9847,2025-01-01,2025,Information Technology,QA Engineer,0,0.1610337972166998,0,0.2
9849,2025-01-01,2025,Operations,Operations Executive,0,0.0681453768038482,0,0.2
9850,2025-01-01,2025,Marketing,Content Specialist,0,0.03574033552151714,0,0.2
9853,2025-01-01,2025,Information Technology,IT Support,0,0.1956521739130435,0,0.2
9854,2025-01-01,2025,Human Resources,Recruiter,0,0.0935672514619883,0,0.2
9857,2025-01-01,2025,Marketing,Digital Marketing Specialist,0,0.07101167315175097,0,0.2
9860,2025-01-01,2025,Sales,Sales Supervisor,0,0.1610337972166998,0,0.2
9862,2025-01-01,2025,Information Technology,IT Support,0,0.0681453768038482,0,0.2
9870,2025-01-01,2025,Marketing,Marketing Executive,0,0.03574033552151714,0,0.2
9871,2025-01-01,2025,Human Resources,HR Manager,0,0.21639344262295082,1,0.2
9872,2025-01-01,2025,Information Technology,IT Support,0,0.13513513513513514,0,0.2
9873,2025-01-01,2025,Finance,Finance Manager,0,0.0681453768038482,0,0.2
9874,2025-01-01,2025,Information Technology,System Administrator,0,0.0681453768038482,0,0.2
9875,2025-01-01,2025,Human Resources,Recruiter,0,0.1956521739130435,0,0.2
9877,2025-01-01,2025,Human Resources,HR Manager,0,0.15187376725838264,0,0.2
9879,2025-01-01,2025,Marketing,Marketing Executive,0,0.03574033552151714,0,0.2
9880,2025-01-01,2025,Finance,Internal Auditor,0,0.0935672514619883,0,0.2
9882,2025-01-01,2025,Finance,Internal Auditor,0,0.1610337972166998,0,0.2
9884,2025-01-01,2025,Operations,Procurement Specialist,0,0.05102040816326531,0,0.2
9886,2025-01-01,2025,Human Resources,C&B Specialist,0,0.11397627643115008,0,0.2
9887,2025-01-01,2025,Sales,Account Manager,0,0.0681453768038482,0,0.2
9892,2025-01-01,2025,Sales,Sales Executive,0,0.42701525054466233,1,0.2
9894,2025-01-01,2025,Human Resources,HR Manager,0,0.11397627643115008,0,0.2
9895,2025-01-01,2025,Finance,Financial Analyst,0,0.05102040816326531,0,0.2
9896,2025-01-01,2025,Marketing,Marketing Manager,0,0.03574033552151714,0,0.2
9897,2025-01-01,2025,Information Technology,Data Analyst,0,0.15187376725838264,0,0.2
9902,2025-01-01,2025,Information Technology,IT Support,0,0.07101167315175097,0,0.2
9903,2025-01-01,2025,Sales,Sales Supervisor,0,0.0681453768038482,0,0.2
9906,2025-01-01,2025,Marketing,Content Specialist,0,0.03574033552151714,0,0.2
9907,2025-01-01,2025,Operations,Operations Manager,1,0.1610337972166998,0,0.2
9908,2025-01-01,2025,Marketing,Marketing Executive,0,0.03574033552151714,0,0.2
9909,2025-01-01,2025,Information Technology,Data Analyst,1,0.25663716814159293,1,0.2
9910,2025-01-01,2025,Operations,Procurement Specialist,0,0.12827225130890052,0,0.2
9912,2025-01-01,2025,Marketing,Marketing Executive,0,0.1610337972166998,0,0.2
9913,2025-01-01,2025,Marketing,Marketing Manager,0,0.03574033552151714,0,0.2
9914,2025-01-01,2025,Sales,Sales Supervisor,0,0.35294117647058826,1,0.2
9915,2025-01-01,2025,Human Resources,C&B Specialist,0,0.0935672514619883,0,0.2
9916,2025-01-01,2025,Human Resources,HR Executive,0,0.0681453768038482,0,0.2
9917,2025-01-01,2025,Marketing,Digital Marketing Specialist,0,0.15979381443298968,0,0.2
9924,2025-01-01,2025,Information Technology,IT Support,1,0.42701525054466233,1,0.2
9926,2025-01-01,2025,Human Resources,C&B Specialist,0,0.11397627643115008,0,0.2
9927,2025-01-01,2025,Information Technology,System Administrator,0,0.29411764705882354,1,0.2
9929,2025-01-01,2025,Information Technology,Data Analyst,1,0.29411764705882354,1,0.2
9932,2025-01-01,2025,Marketing,Marketing Manager,0,0.1986970684039088,0,0.2
9933,2025-01-01,2025,Human Resources,HR Manager,0,0.03816793893129771,0,0.2
9939,2025-01-01,2025,Sales,Account Manager,0,0.13513513513513514,0,0.2
9940,2025-01-01,2025,Human Resources,C&B Specialist,0,0.15187376725838264,0,0.2
9944,2025-01-01,2025,Operations,Operations Manager,0,0.0681453768038482,0,0.2
9945,2025-01-01,2025,Finance,Financial Analyst,0,0.13513513513513514,0,0.2
9946,2025-01-01,2025,Finance,Finance Manager,0,0.05102040816326531,0,0.2
9948,2025-01-01,2025,Human Resources,HR Executive,1,0.1956521739130435,0,0.2
9949,2025-01-01,2025,Information Technology,System Administrator,0,0.2163265306122449,1,0.2
9950,2025-01-01,2025,Human Resources,HR Manager,0,0.25663716814159293,1,0.2
9951,2025-01-01,2025,Sales,Sales Representative,0,0.07101167315175097,0,0.2
9953,2025-01-01,2025,Finance,Financial Analyst,0,0.05102040816326531,0,0.2
9956,2025-01-01,2025,Information Technology,Data Analyst,0,0.05102040816326531,0,0.2
9961,2025-01-01,2025,Marketing,Marketing Manager,1,0.0935672514619883,0,0.2
9966,2025-01-01,2025,Information Technology,IT Support,0,0.21639344262295082,1,0.2
9968,2025-01-01,2025,Sales,Sales Executive,0,0.0681453768038482,0,0.2
9969,2025-01-01,2025,Operations,Operations Executive,1,0.32432432432432434,1,0.2
9970,2025-01-01,2025,Information Technology,System Administrator,1,0.0681453768038482,0,0.2
9971,2025-01-01,2025,Marketing,Content Specialist,0,0.03574033552151714,0,0.2
9972,2025-01-01,2025,Finance,Accountant,0,0.1179245283018868,0,0.2
9976,2025-01-01,2025,Sales,Sales Representative,0,0.11397627643115008,0,0.2
9980,2025-01-01,2025,Finance,Finance Manager,0,0.15979381443298968,0,0.2
9981,2025-01-01,2025,Sales,Sales Supervisor,0,0.15979381443298968,0,0.2
9982,2025-01-01,2025,Information Technology,Software Engineer,0,0.0935672514619883,0,0.2
9984,2025-01-01,2025,Finance,Accountant,0,0.15979381443298968,0,0.2
9985,2025-01-01,2025,Information Technology,Data Analyst,0,0.12382739212007504,0,0.2
9987,2025-01-01,2025,Finance,Finance Manager,1,0.22927879440258342,1,0.2
9990,2025-01-01,2025,Finance,Accountant,0,0.0681453768038482,0,0.2
9996,2025-01-01,2025,Finance,Finance Manager,0,0.06978233034571063,0,0.2
9997,2025-01-01,2025,Finance,Accountant,0,0.22927879440258342,1,0.2
9998,2025-01-01,2025,Information Technology,System Administrator,0,0.11397627643115008,0,0.2
