MaNV,NgayThang,PhongBan,ChucDanh,Cluster,TargetNghiViec
1,2025-01-01,Sales,Sales Representative,1,0
3,2025-01-01,Finance,Finance Manager,1,0
4,2025-01-01,Human Resources,Recruiter,1,0
5,2025-01-01,Information Technology,IT Support,0,0
10,2025-01-01,Human Resources,C&B Specialist,0,1
13,2025-01-01,Sales,Sales Executive,3,1
21,2025-01-01,Human Resources,Recruiter,0,0
24,2025-01-01,Sales,Sales Representative,2,1
28,2025-01-01,Human Resources,C&B Specialist,2,1
29,2025-01-01,Human Resources,Recruiter,2,1
30,2025-01-01,Operations,Procurement Specialist,1,0
31,2025-01-01,Sales,Sales Supervisor,1,0
32,2025-01-01,Finance,Finance Manager,1,0
37,2025-01-01,Information Technology,QA Engineer,0,1
38,2025-01-01,Human Resources,HR Executive,1,0
39,2025-01-01,Human Resources,C&B Specialist,2,0
41,2025-01-01,Sales,Account Manager,2,1
43,2025-01-01,Marketing,Digital Marketing Specialist,1,0
44,2025-01-01,Marketing,Digital Marketing Specialist,1,0
48,2025-01-01,Information Technology,QA Engineer,1,0
54,2025-01-01,Marketing,Marketing Executive,2,0
60,2025-01-01,Finance,Internal Auditor,1,0
62,2025-01-01,Finance,Financial Analyst,1,0
63,2025-01-01,Information Technology,Data Analyst,1,0
64,2025-01-01,Marketing,Marketing Executive,2,0
65,2025-01-01,Finance,Internal Auditor,0,0
66,2025-01-01,Information Technology,IT Support,1,0
70,2025-01-01,Operations,Operations Executive,0,0
71,2025-01-01,Operations,Warehouse Supervisor,1,0
72,2025-01-01,Information Technology,IT Support,0,0
73,2025-01-01,Sales,Sales Representative,1,1
74,2025-01-01,Human Resources,Recruiter,1,1
76,2025-01-01,Sales,Sales Representative,2,0
78,2025-01-01,Human Resources,C&B Specialist,1,0
79,2025-01-01,Marketing,Digital Marketing Specialist,2,0
80,2025-01-01,Information Technology,Data Analyst,1,0
82,2025-01-01,Operations,Warehouse Supervisor,2,0
83,2025-01-01,Operations,Operations Executive,0,1
85,2025-01-01,Finance,Financial Analyst,1,0
88,2025-01-01,Operations,Warehouse Supervisor,0,0
91,2025-01-01,Sales,Sales Executive,2,1
92,2025-01-01,Operations,Operations Executive,2,1
95,2025-01-01,Finance,Financial Analyst,1,0
98,2025-01-01,Information Technology,IT Support,0,0
102,2025-01-01,Marketing,Digital Marketing Specialist,1,0
103,2025-01-01,Finance,Internal Auditor,1,0
104,2025-01-01,Human Resources,HR Manager,3,0
109,2025-01-01,Information Technology,Software Engineer,1,0
110,2025-01-01,Marketing,Content Specialist,1,0
115,2025-01-01,Human Resources,C&B Specialist,0,0
118,2025-01-01,Information Technology,Software Engineer,2,0
120,2025-01-01,Operations,Warehouse Supervisor,1,0
121,2025-01-01,Human Resources,HR Manager,1,1
125,2025-01-01,Finance,Internal Auditor,0,0
126,2025-01-01,Marketing,Marketing Executive,0,0
127,2025-01-01,Finance,Finance Manager,1,0
128,2025-01-01,Finance,Accountant,2,0
129,2025-01-01,Sales,Account Manager,0,0
130,2025-01-01,Marketing,Digital Marketing Specialist,1,0
131,2025-01-01,Sales,Sales Executive,0,0
136,2025-01-01,Sales,Sales Executive,1,0
138,2025-01-01,Sales,Sales Executive,1,0
139,2025-01-01,Sales,Sales Representative,1,0
140,2025-01-01,Human Resources,HR Executive,1,0
143,2025-01-01,Operations,Procurement Specialist,2,0
146,2025-01-01,Finance,Internal Auditor,2,0
149,2025-01-01,Human Resources,Recruiter,1,0
151,2025-01-01,Information Technology,Software Engineer,0,0
152,2025-01-01,Human Resources,HR Manager,1,0
153,2025-01-01,Marketing,Digital Marketing Specialist,1,0
158,2025-01-01,Information Technology,Data Analyst,1,0
161,2025-01-01,Sales,Sales Representative,0,1
162,2025-01-01,Marketing,Content Specialist,1,0
166,2025-01-01,Information Technology,QA Engineer,0,0
167,2025-01-01,Marketing,Digital Marketing Specialist,1,1
170,2025-01-01,Operations,Procurement Specialist,0,0
171,2025-01-01,Sales,Sales Representative,2,0
175,2025-01-01,Information Technology,Data Analyst,1,0
176,2025-01-01,Information Technology,Software Engineer,1,0
178,2025-01-01,Sales,Sales Supervisor,1,0
180,2025-01-01,Marketing,Marketing Manager,1,0
181,2025-01-01,Information Technology,IT Support,1,0
182,2025-01-01,Sales,Sales Supervisor,3,0
184,2025-01-01,Marketing,Content Specialist,2,0
185,2025-01-01,Marketing,Content Specialist,0,0
187,2025-01-01,Finance,Accountant,1,0
189,2025-01-01,Finance,Financial Analyst,1,0
190,2025-01-01,Sales,Sales Representative,1,0
192,2025-01-01,Operations,Procurement Specialist,1,0
193,2025-01-01,Information Technology,Data Analyst,1,0
194,2025-01-01,Finance,Financial Analyst,0,0
195,2025-01-01,Information Technology,QA Engineer,1,0
198,2025-01-01,Finance,Finance Manager,0,0
199,2025-01-01,Information Technology,IT Support,0,0
200,2025-01-01,Operations,Warehouse Supervisor,1,0
201,2025-01-01,Information Technology,IT Support,0,0
205,2025-01-01,Operations,Operations Manager,1,0
206,2025-01-01,Information Technology,QA Engineer,1,0
210,2025-01-01,Sales,Sales Executive,1,0
211,2025-01-01,Finance,Financial Analyst,2,0
213,2025-01-01,Sales,Sales Supervisor,1,0
216,2025-01-01,Operations,Operations Executive,3,0
218,2025-01-01,Information Technology,IT Support,1,0
219,2025-01-01,Finance,Internal Auditor,0,0
222,2025-01-01,Sales,Sales Executive,3,0
223,2025-01-01,Marketing,Digital Marketing Specialist,2,0
224,2025-01-01,Operations,Warehouse Supervisor,2,0
228,2025-01-01,Information Technology,Data Analyst,0,0
229,2025-01-01,Human Resources,C&B Specialist,3,0
233,2025-01-01,Sales,Account Manager,0,0
234,2025-01-01,Finance,Accountant,0,0
236,2025-01-01,Marketing,Content Specialist,0,0
237,2025-01-01,Operations,Operations Manager,3,1
238,2025-01-01,Human Resources,HR Manager,2,0
241,2025-01-01,Finance,Internal Auditor,1,0
244,2025-01-01,Marketing,Marketing Executive,0,1
245,2025-01-01,Finance,Finance Manager,0,0
249,2025-01-01,Marketing,Marketing Executive,1,0
250,2025-01-01,Marketing,Marketing Executive,1,1
252,2025-01-01,Information Technology,Data Analyst,1,0
253,2025-01-01,Sales,Sales Representative,2,0
255,2025-01-01,Sales,Sales Executive,2,1
257,2025-01-01,Sales,Sales Executive,1,0
259,2025-01-01,Sales,Sales Representative,1,0
262,2025-01-01,Operations,Operations Manager,3,1
268,2025-01-01,Information Technology,QA Engineer,3,0
272,2025-01-01,Sales,Account Manager,2,0
273,2025-01-01,Human Resources,Recruiter,1,0
275,2025-01-01,Information Technology,IT Support,1,0
277,2025-01-01,Operations,Operations Manager,0,0
278,2025-01-01,Marketing,Marketing Manager,2,0
282,2025-01-01,Marketing,Marketing Manager,1,0
284,2025-01-01,Finance,Finance Manager,2,0
285,2025-01-01,Finance,Financial Analyst,0,0
286,2025-01-01,Sales,Account Manager,2,0
288,2025-01-01,Sales,Sales Executive,1,0
289,2025-01-01,Human Resources,Recruiter,1,0
290,2025-01-01,Information Technology,QA Engineer,1,1
296,2025-01-01,Finance,Financial Analyst,1,0
298,2025-01-01,Human Resources,HR Manager,1,0
299,2025-01-01,Marketing,Marketing Manager,1,0
302,2025-01-01,Operations,Operations Manager,1,1
304,2025-01-01,Information Technology,Data Analyst,2,0
309,2025-01-01,Operations,Operations Executive,1,1
310,2025-01-01,Marketing,Content Specialist,1,0
311,2025-01-01,Marketing,Marketing Manager,2,0
314,2025-01-01,Human Resources,Recruiter,0,0
321,2025-01-01,Information Technology,System Administrator,1,0
323,2025-01-01,Operations,Warehouse Supervisor,1,0
330,2025-01-01,Information Technology,System Administrator,1,0
331,2025-01-01,Marketing,Marketing Executive,0,0
332,2025-01-01,Operations,Operations Manager,3,0
335,2025-01-01,Information Technology,Data Analyst,1,0
338,2025-01-01,Marketing,Marketing Manager,1,0
339,2025-01-01,Finance,Finance Manager,1,0
341,2025-01-01,Information Technology,Data Analyst,2,0
346,2025-01-01,Sales,Sales Supervisor,0,0
347,2025-01-01,Marketing,Digital Marketing Specialist,1,0
351,2025-01-01,Finance,Financial Analyst,1,0
353,2025-01-01,Sales,Sales Executive,1,0
354,2025-01-01,Sales,Sales Representative,0,0
356,2025-01-01,Information Technology,Data Analyst,1,0
365,2025-01-01,Information Technology,Software Engineer,1,0
366,2025-01-01,Operations,Operations Executive,1,0
367,2025-01-01,Marketing,Content Specialist,1,0
368,2025-01-01,Operations,Warehouse Supervisor,1,0
371,2025-01-01,Marketing,Content Specialist,2,0
372,2025-01-01,Finance,Financial Analyst,0,0
374,2025-01-01,Sales,Sales Representative,1,0
378,2025-01-01,Human Resources,HR Executive,0,0
379,2025-01-01,Finance,Internal Auditor,1,0
380,2025-01-01,Finance,Financial Analyst,1,0
384,2025-01-01,Human Resources,Recruiter,1,0
385,2025-01-01,Operations,Warehouse Supervisor,2,0
387,2025-01-01,Operations,Warehouse Supervisor,1,0
388,2025-01-01,Human Resources,HR Manager,1,0
389,2025-01-01,Marketing,Content Specialist,2,0
391,2025-01-01,Information Technology,IT Support,3,0
394,2025-01-01,Finance,Financial Analyst,0,0
395,2025-01-01,Human Resources,Recruiter,2,1
402,2025-01-01,Sales,Sales Representative,0,0
405,2025-01-01,Information Technology,Software Engineer,0,0
406,2025-01-01,Human Resources,C&B Specialist,1,0
408,2025-01-01,Operations,Operations Manager,1,0
411,2025-01-01,Human Resources,HR Manager,0,0
413,2025-01-01,Human Resources,HR Manager,1,0
414,2025-01-01,Sales,Sales Executive,2,0
418,2025-01-01,Information Technology,Software Engineer,1,0
419,2025-01-01,Finance,Internal Auditor,1,0
423,2025-01-01,Finance,Internal Auditor,1,0
424,2025-01-01,Marketing,Marketing Executive,1,0
431,2025-01-01,Finance,Financial Analyst,1,0
433,2025-01-01,Sales,Sales Supervisor,1,0
434,2025-01-01,Human Resources,Recruiter,0,0
435,2025-01-01,Finance,Internal Auditor,0,0
436,2025-01-01,Sales,Account Manager,1,0
437,2025-01-01,Finance,Accountant,3,0
438,2025-01-01,Marketing,Digital Marketing Specialist,2,0
444,2025-01-01,Human Resources,C&B Specialist,1,0
447,2025-01-01,Marketing,Marketing Manager,2,0
448,2025-01-01,Marketing,Digital Marketing Specialist,1,0
450,2025-01-01,Marketing,Content Specialist,3,0
451,2025-01-01,Marketing,Content Specialist,0,1
454,2025-01-01,Information Technology,QA Engineer,1,0
459,2025-01-01,Information Technology,IT Support,1,0
460,2025-01-01,Marketing,Digital Marketing Specialist,2,0
464,2025-01-01,Information Technology,Software Engineer,0,0
467,2025-01-01,Finance,Financial Analyst,2,0
469,2025-01-01,Sales,Sales Supervisor,2,0
477,2025-01-01,Sales,Sales Representative,1,0
479,2025-01-01,Information Technology,QA Engineer,2,0
480,2025-01-01,Information Technology,QA Engineer,1,0
481,2025-01-01,Human Resources,HR Executive,1,0
482,2025-01-01,Human Resources,Recruiter,2,1
483,2025-01-01,Information Technology,Software Engineer,2,0
488,2025-01-01,Operations,Operations Executive,0,0
489,2025-01-01,Information Technology,Software Engineer,3,0
490,2025-01-01,Finance,Internal Auditor,0,0
491,2025-01-01,Human Resources,HR Manager,1,0
492,2025-01-01,Human Resources,Recruiter,1,1
494,2025-01-01,Operations,Operations Manager,1,0
495,2025-01-01,Operations,Warehouse Supervisor,3,0
497,2025-01-01,Sales,Sales Representative,1,0
499,2025-01-01,Information Technology,Data Analyst,2,0
501,2025-01-01,Sales,Sales Representative,0,0
505,2025-01-01,Finance,Accountant,1,0
508,2025-01-01,Operations,Procurement Specialist,3,0
515,2025-01-01,Operations,Operations Executive,1,1
518,2025-01-01,Information Technology,Data Analyst,1,0
527,2025-01-01,Human Resources,HR Manager,0,0
529,2025-01-01,Human Resources,HR Manager,0,1
530,2025-01-01,Operations,Operations Executive,1,0
532,2025-01-01,Human Resources,C&B Specialist,2,0
533,2025-01-01,Marketing,Digital Marketing Specialist,1,0
542,2025-01-01,Human Resources,Recruiter,0,0
543,2025-01-01,Marketing,Digital Marketing Specialist,0,0
547,2025-01-01,Operations,Procurement Specialist,0,0
549,2025-01-01,Human Resources,HR Manager,0,0
550,2025-01-01,Human Resources,HR Manager,0,0
552,2025-01-01,Sales,Sales Supervisor,0,0
553,2025-01-01,Marketing,Content Specialist,2,1
555,2025-01-01,Marketing,Marketing Executive,1,0
561,2025-01-01,Operations,Procurement Specialist,1,0
562,2025-01-01,Marketing,Marketing Executive,1,1
563,2025-01-01,Marketing,Digital Marketing Specialist,1,0
564,2025-01-01,Operations,Operations Executive,1,0
565,2025-01-01,Operations,Warehouse Supervisor,0,0
567,2025-01-01,Human Resources,C&B Specialist,1,0
568,2025-01-01,Operations,Procurement Specialist,0,0
575,2025-01-01,Human Resources,Recruiter,1,0
583,2025-01-01,Human Resources,Recruiter,0,0
584,2025-01-01,Finance,Accountant,1,0
585,2025-01-01,Finance,Internal Auditor,1,0
586,2025-01-01,Human Resources,HR Manager,1,1
589,2025-01-01,Human Resources,Recruiter,1,0
590,2025-01-01,Information Technology,Data Analyst,0,0
591,2025-01-01,Finance,Finance Manager,1,0
593,2025-01-01,Marketing,Content Specialist,0,0
595,2025-01-01,Human Resources,HR Manager,0,0
598,2025-01-01,Information Technology,Data Analyst,2,0
599,2025-01-01,Operations,Operations Manager,3,0
600,2025-01-01,Finance,Internal Auditor,1,0
602,2025-01-01,Human Resources,HR Manager,1,0
607,2025-01-01,Sales,Sales Executive,0,0
608,2025-01-01,Human Resources,HR Executive,1,0
610,2025-01-01,Sales,Account Manager,1,0
611,2025-01-01,Information Technology,QA Engineer,3,0
612,2025-01-01,Operations,Operations Executive,1,0
613,2025-01-01,Sales,Account Manager,0,0
614,2025-01-01,Operations,Operations Executive,1,0
615,2025-01-01,Information Technology,IT Support,1,1
616,2025-01-01,Marketing,Content Specialist,2,0
618,2025-01-01,Human Resources,HR Manager,1,0
619,2025-01-01,Marketing,Content Specialist,0,0
622,2025-01-01,Information Technology,IT Support,1,0
624,2025-01-01,Operations,Warehouse Supervisor,1,0
626,2025-01-01,Finance,Accountant,0,0
631,2025-01-01,Finance,Finance Manager,1,0
632,2025-01-01,Information Technology,Data Analyst,1,0
633,2025-01-01,Finance,Accountant,0,0
636,2025-01-01,Sales,Account Manager,1,0
637,2025-01-01,Information Technology,IT Support,0,0
638,2025-01-01,Finance,Accountant,1,0
639,2025-01-01,Human Resources,Recruiter,1,0
641,2025-01-01,Operations,Operations Manager,2,0
642,2025-01-01,Information Technology,Software Engineer,1,0
644,2025-01-01,Finance,Accountant,0,0
646,2025-01-01,Finance,Financial Analyst,1,0
647,2025-01-01,Marketing,Marketing Manager,3,0
648,2025-01-01,Operations,Warehouse Supervisor,1,1
649,2025-01-01,Sales,Sales Representative,1,1
650,2025-01-01,Finance,Financial Analyst,1,0
651,2025-01-01,Operations,Procurement Specialist,3,1
652,2025-01-01,Sales,Sales Supervisor,1,0
653,2025-01-01,Sales,Sales Representative,1,0
659,2025-01-01,Sales,Sales Executive,2,0
661,2025-01-01,Human Resources,HR Manager,0,0
663,2025-01-01,Human Resources,C&B Specialist,1,0
664,2025-01-01,Information Technology,Data Analyst,1,1
666,2025-01-01,Information Technology,Data Analyst,1,0
670,2025-01-01,Marketing,Digital Marketing Specialist,1,0
671,2025-01-01,Human Resources,HR Manager,1,0
673,2025-01-01,Operations,Warehouse Supervisor,2,0
675,2025-01-01,Operations,Warehouse Supervisor,1,0
676,2025-01-01,Finance,Finance Manager,2,0
680,2025-01-01,Human Resources,C&B Specialist,2,0
683,2025-01-01,Human Resources,HR Executive,2,0
684,2025-01-01,Sales,Sales Supervisor,1,0
685,2025-01-01,Operations,Procurement Specialist,1,0
691,2025-01-01,Marketing,Marketing Executive,1,0
692,2025-01-01,Human Resources,C&B Specialist,2,0
693,2025-01-01,Sales,Sales Supervisor,1,0
694,2025-01-01,Marketing,Marketing Manager,0,0
696,2025-01-01,Finance,Finance Manager,2,0
701,2025-01-01,Finance,Financial Analyst,2,0
703,2025-01-01,Finance,Financial Analyst,1,0
705,2025-01-01,Human Resources,C&B Specialist,2,0
709,2025-01-01,Marketing,Digital Marketing Specialist,3,0
710,2025-01-01,Information Technology,Data Analyst,1,0
715,2025-01-01,Information Technology,IT Support,1,0
720,2025-01-01,Sales,Sales Representative,0,1
721,2025-01-01,Marketing,Digital Marketing Specialist,2,0
731,2025-01-01,Sales,Sales Representative,2,0
734,2025-01-01,Finance,Internal Auditor,1,0
735,2025-01-01,Information Technology,Data Analyst,1,0
736,2025-01-01,Operations,Operations Manager,1,0
738,2025-01-01,Operations,Operations Manager,1,0
744,2025-01-01,Information Technology,Software Engineer,1,0
745,2025-01-01,Operations,Procurement Specialist,0,0
748,2025-01-01,Information Technology,Data Analyst,1,0
750,2025-01-01,Finance,Financial Analyst,0,0
752,2025-01-01,Sales,Sales Executive,1,0
753,2025-01-01,Marketing,Marketing Executive,0,0
758,2025-01-01,Operations,Procurement Specialist,3,0
759,2025-01-01,Sales,Sales Executive,3,0
764,2025-01-01,Human Resources,HR Executive,1,0
766,2025-01-01,Finance,Internal Auditor,1,0
768,2025-01-01,Sales,Sales Supervisor,1,0
770,2025-01-01,Information Technology,System Administrator,1,0
771,2025-01-01,Finance,Internal Auditor,0,0
773,2025-01-01,Operations,Warehouse Supervisor,1,0
775,2025-01-01,Finance,Accountant,2,0
776,2025-01-01,Marketing,Marketing Executive,2,0
777,2025-01-01,Operations,Warehouse Supervisor,3,0
779,2025-01-01,Finance,Finance Manager,3,1
784,2025-01-01,Sales,Sales Executive,3,0
786,2025-01-01,Operations,Warehouse Supervisor,1,0
787,2025-01-01,Finance,Financial Analyst,2,0
789,2025-01-01,Sales,Sales Representative,1,0
790,2025-01-01,Marketing,Content Specialist,1,0
791,2025-01-01,Sales,Sales Supervisor,3,0
792,2025-01-01,Information Technology,Data Analyst,1,0
796,2025-01-01,Information Technology,Software Engineer,1,0
798,2025-01-01,Finance,Finance Manager,1,0
799,2025-01-01,Operations,Warehouse Supervisor,1,0
800,2025-01-01,Marketing,Marketing Manager,1,0
802,2025-01-01,Marketing,Marketing Executive,2,0
803,2025-01-01,Finance,Financial Analyst,1,0
804,2025-01-01,Information Technology,QA Engineer,1,0
805,2025-01-01,Information Technology,Software Engineer,1,0
811,2025-01-01,Operations,Procurement Specialist,1,0
813,2025-01-01,Sales,Account Manager,1,0
815,2025-01-01,Sales,Sales Supervisor,0,0
816,2025-01-01,Marketing,Digital Marketing Specialist,0,0
818,2025-01-01,Finance,Financial Analyst,0,0
819,2025-01-01,Sales,Sales Executive,1,0
820,2025-01-01,Information Technology,QA Engineer,1,0
821,2025-01-01,Human Resources,HR Executive,1,0
824,2025-01-01,Marketing,Digital Marketing Specialist,0,0
825,2025-01-01,Human Resources,HR Manager,0,0
826,2025-01-01,Operations,Operations Executive,1,1
832,2025-01-01,Human Resources,C&B Specialist,0,0
835,2025-01-01,Human Resources,Recruiter,3,0
836,2025-01-01,Human Resources,Recruiter,1,0
837,2025-01-01,Finance,Finance Manager,0,0
842,2025-01-01,Human Resources,C&B Specialist,2,1
845,2025-01-01,Sales,Account Manager,2,0
846,2025-01-01,Sales,Account Manager,1,0
849,2025-01-01,Sales,Sales Supervisor,3,0
852,2025-01-01,Finance,Finance Manager,1,0
854,2025-01-01,Human Resources,HR Executive,1,0
856,2025-01-01,Finance,Internal Auditor,2,0
857,2025-01-01,Operations,Operations Manager,1,0
858,2025-01-01,Finance,Accountant,3,1
860,2025-01-01,Sales,Sales Supervisor,1,0
862,2025-01-01,Marketing,Digital Marketing Specialist,1,0
863,2025-01-01,Marketing,Marketing Executive,2,0
866,2025-01-01,Marketing,Content Specialist,2,0
869,2025-01-01,Sales,Sales Supervisor,1,0
870,2025-01-01,Finance,Accountant,3,0
874,2025-01-01,Marketing,Digital Marketing Specialist,1,0
881,2025-01-01,Human Resources,C&B Specialist,1,0
882,2025-01-01,Human Resources,Recruiter,2,0
883,2025-01-01,Marketing,Digital Marketing Specialist,1,0
888,2025-01-01,Operations,Operations Manager,3,0
889,2025-01-01,Finance,Internal Auditor,2,0
890,2025-01-01,Operations,Operations Executive,2,0
891,2025-01-01,Marketing,Digital Marketing Specialist,2,0
892,2025-01-01,Marketing,Marketing Executive,1,0
895,2025-01-01,Finance,Finance Manager,1,0
896,2025-01-01,Human Resources,Recruiter,1,0
898,2025-01-01,Sales,Sales Executive,0,0
899,2025-01-01,Information Technology,System Administrator,1,0
900,2025-01-01,Information Technology,IT Support,2,0
904,2025-01-01,Human Resources,HR Manager,1,0
905,2025-01-01,Finance,Accountant,1,0
913,2025-01-01,Sales,Account Manager,2,0
914,2025-01-01,Marketing,Content Specialist,1,0
919,2025-01-01,Human Resources,C&B Specialist,1,0
924,2025-01-01,Human Resources,HR Manager,1,0
928,2025-01-01,Finance,Financial Analyst,1,0
933,2025-01-01,Finance,Finance Manager,1,0
934,2025-01-01,Finance,Accountant,3,0
936,2025-01-01,Human Resources,HR Manager,1,1
941,2025-01-01,Operations,Procurement Specialist,2,0
942,2025-01-01,Finance,Internal Auditor,2,1
947,2025-01-01,Operations,Operations Executive,1,0
949,2025-01-01,Finance,Financial Analyst,1,0
951,2025-01-01,Information Technology,IT Support,1,1
953,2025-01-01,Human Resources,C&B Specialist,1,1
954,2025-01-01,Information Technology,Data Analyst,3,0
957,2025-01-01,Human Resources,Recruiter,2,0
958,2025-01-01,Finance,Financial Analyst,1,0
964,2025-01-01,Finance,Finance Manager,1,0
967,2025-01-01,Information Technology,QA Engineer,1,0
968,2025-01-01,Marketing,Marketing Executive,0,0
970,2025-01-01,Information Technology,System Administrator,1,0
974,2025-01-01,Sales,Sales Supervisor,2,1
976,2025-01-01,Sales,Sales Executive,1,0
977,2025-01-01,Human Resources,HR Manager,0,0
978,2025-01-01,Information Technology,Software Engineer,1,0
985,2025-01-01,Finance,Finance Manager,2,0
987,2025-01-01,Information Technology,QA Engineer,2,1
990,2025-01-01,Operations,Warehouse Supervisor,1,0
993,2025-01-01,Marketing,Content Specialist,1,0
995,2025-01-01,Operations,Operations Manager,0,0
998,2025-01-01,Operations,Procurement Specialist,0,0
1001,2025-01-01,Marketing,Content Specialist,1,0
1002,2025-01-01,Operations,Operations Executive,1,0
1003,2025-01-01,Marketing,Digital Marketing Specialist,0,0
1007,2025-01-01,Operations,Operations Manager,2,0
1010,2025-01-01,Operations,Procurement Specialist,1,0
1012,2025-01-01,Marketing,Content Specialist,1,0
1016,2025-01-01,Finance,Finance Manager,0,0
1017,2025-01-01,Human Resources,C&B Specialist,0,0
1020,2025-01-01,Information Technology,Data Analyst,0,0
1021,2025-01-01,Finance,Financial Analyst,2,0
1022,2025-01-01,Marketing,Marketing Executive,2,0
1025,2025-01-01,Finance,Internal Auditor,0,0
1029,2025-01-01,Human Resources,HR Executive,1,0
1032,2025-01-01,Finance,Financial Analyst,1,0
1036,2025-01-01,Information Technology,QA Engineer,2,0
1040,2025-01-01,Operations,Procurement Specialist,2,0
1041,2025-01-01,Operations,Warehouse Supervisor,0,0
1042,2025-01-01,Information Technology,System Administrator,0,0
1043,2025-01-01,Finance,Accountant,2,1
1044,2025-01-01,Sales,Account Manager,1,0
1045,2025-01-01,Information Technology,QA Engineer,1,0
1051,2025-01-01,Operations,Operations Manager,3,0
1053,2025-01-01,Information Technology,IT Support,1,0
1055,2025-01-01,Finance,Finance Manager,0,0
1059,2025-01-01,Finance,Finance Manager,1,0
1064,2025-01-01,Sales,Sales Representative,1,0
1074,2025-01-01,Sales,Sales Supervisor,1,0
1075,2025-01-01,Human Resources,C&B Specialist,0,1
1076,2025-01-01,Finance,Accountant,1,0
1078,2025-01-01,Information Technology,Data Analyst,3,0
1082,2025-01-01,Information Technology,Data Analyst,0,0
1083,2025-01-01,Finance,Accountant,1,1
1085,2025-01-01,Human Resources,Recruiter,2,0
1086,2025-01-01,Human Resources,HR Executive,1,0
1088,2025-01-01,Information Technology,Data Analyst,3,0
1091,2025-01-01,Human Resources,HR Executive,1,0
1093,2025-01-01,Sales,Account Manager,1,0
1096,2025-01-01,Human Resources,C&B Specialist,1,0
1100,2025-01-01,Finance,Finance Manager,1,0
1109,2025-01-01,Information Technology,Software Engineer,2,0
1118,2025-01-01,Marketing,Digital Marketing Specialist,1,0
1119,2025-01-01,Information Technology,QA Engineer,1,0
1121,2025-01-01,Marketing,Marketing Executive,2,0
1125,2025-01-01,Human Resources,HR Executive,2,0
1129,2025-01-01,Finance,Accountant,2,0
1132,2025-01-01,Operations,Operations Executive,2,0
1139,2025-01-01,Finance,Financial Analyst,2,0
1140,2025-01-01,Operations,Warehouse Supervisor,1,0
1141,2025-01-01,Operations,Operations Executive,1,0
1142,2025-01-01,Operations,Procurement Specialist,0,0
1144,2025-01-01,Marketing,Marketing Executive,1,0
1146,2025-01-01,Operations,Warehouse Supervisor,1,0
1147,2025-01-01,Human Resources,HR Executive,1,0
1154,2025-01-01,Information Technology,Data Analyst,1,0
1155,2025-01-01,Marketing,Content Specialist,1,1
1157,2025-01-01,Marketing,Digital Marketing Specialist,1,0
1160,2025-01-01,Sales,Sales Supervisor,1,0
1162,2025-01-01,Sales,Sales Supervisor,1,0
1163,2025-01-01,Sales,Sales Supervisor,2,0
1164,2025-01-01,Operations,Procurement Specialist,1,0
1165,2025-01-01,Finance,Financial Analyst,1,0
1172,2025-01-01,Marketing,Marketing Executive,1,0
1174,2025-01-01,Human Resources,C&B Specialist,0,1
1176,2025-01-01,Human Resources,C&B Specialist,1,0
1178,2025-01-01,Human Resources,HR Executive,1,1
1180,2025-01-01,Sales,Sales Supervisor,0,1
1182,2025-01-01,Sales,Sales Supervisor,1,0
1184,2025-01-01,Human Resources,Recruiter,1,0
1190,2025-01-01,Human Resources,Recruiter,2,0
1193,2025-01-01,Human Resources,C&B Specialist,0,0
1195,2025-01-01,Human Resources,C&B Specialist,3,0
1201,2025-01-01,Marketing,Marketing Manager,1,0
1202,2025-01-01,Sales,Sales Executive,2,0
1203,2025-01-01,Operations,Operations Executive,1,1
1204,2025-01-01,Finance,Accountant,1,0
1205,2025-01-01,Finance,Internal Auditor,1,0
1207,2025-01-01,Operations,Operations Manager,0,1
1208,2025-01-01,Marketing,Marketing Manager,1,1
1209,2025-01-01,Marketing,Digital Marketing Specialist,1,0
1213,2025-01-01,Information Technology,System Administrator,1,0
1215,2025-01-01,Information Technology,IT Support,0,0
1216,2025-01-01,Human Resources,Recruiter,0,0
1222,2025-01-01,Marketing,Digital Marketing Specialist,1,0
1227,2025-01-01,Information Technology,System Administrator,1,0
1229,2025-01-01,Sales,Sales Representative,2,0
1235,2025-01-01,Human Resources,Recruiter,0,0
1238,2025-01-01,Operations,Warehouse Supervisor,0,0
1239,2025-01-01,Sales,Account Manager,0,1
1242,2025-01-01,Finance,Accountant,0,0
1243,2025-01-01,Human Resources,HR Executive,2,0
1245,2025-01-01,Information Technology,Software Engineer,1,0
1248,2025-01-01,Marketing,Marketing Executive,1,0
1250,2025-01-01,Operations,Operations Executive,1,1
1251,2025-01-01,Information Technology,System Administrator,1,0
1253,2025-01-01,Finance,Accountant,3,0
1255,2025-01-01,Finance,Finance Manager,2,0
1256,2025-01-01,Marketing,Marketing Executive,1,0
1261,2025-01-01,Marketing,Marketing Manager,3,0
1264,2025-01-01,Finance,Financial Analyst,0,0
1267,2025-01-01,Operations,Procurement Specialist,1,0
1268,2025-01-01,Operations,Operations Executive,1,0
1269,2025-01-01,Human Resources,HR Executive,2,0
1271,2025-01-01,Finance,Internal Auditor,1,0
1272,2025-01-01,Sales,Account Manager,1,0
1276,2025-01-01,Marketing,Content Specialist,0,0
1281,2025-01-01,Human Resources,HR Executive,1,0
1283,2025-01-01,Human Resources,Recruiter,0,1
1284,2025-01-01,Marketing,Content Specialist,2,0
1291,2025-01-01,Operations,Operations Executive,1,1
1294,2025-01-01,Information Technology,Software Engineer,2,0
1295,2025-01-01,Operations,Operations Executive,0,0
1299,2025-01-01,Information Technology,QA Engineer,2,1
1300,2025-01-01,Human Resources,Recruiter,0,0
1301,2025-01-01,Human Resources,HR Manager,1,0
1305,2025-01-01,Marketing,Content Specialist,1,0
1306,2025-01-01,Finance,Financial Analyst,1,1
1307,2025-01-01,Sales,Sales Supervisor,0,0
1308,2025-01-01,Human Resources,HR Executive,1,0
1310,2025-01-01,Marketing,Content Specialist,2,0
1314,2025-01-01,Sales,Sales Executive,2,0
1316,2025-01-01,Finance,Finance Manager,2,0
1317,2025-01-01,Human Resources,HR Executive,0,1
1319,2025-01-01,Human Resources,C&B Specialist,2,0
1320,2025-01-01,Finance,Accountant,3,0
1325,2025-01-01,Information Technology,IT Support,1,0
1327,2025-01-01,Information Technology,Software Engineer,1,0
1329,2025-01-01,Operations,Warehouse Supervisor,1,0
1332,2025-01-01,Information Technology,IT Support,0,0
1337,2025-01-01,Information Technology,IT Support,0,0
1341,2025-01-01,Information Technology,Data Analyst,1,0
1343,2025-01-01,Sales,Sales Representative,2,1
1347,2025-01-01,Operations,Procurement Specialist,0,0
1348,2025-01-01,Finance,Finance Manager,1,1
1349,2025-01-01,Information Technology,Software Engineer,1,0
1352,2025-01-01,Marketing,Marketing Manager,2,0
1356,2025-01-01,Information Technology,System Administrator,1,0
1360,2025-01-01,Marketing,Marketing Executive,1,0
1361,2025-01-01,Finance,Finance Manager,1,0
1362,2025-01-01,Finance,Financial Analyst,1,0
1365,2025-01-01,Finance,Financial Analyst,2,0
1366,2025-01-01,Operations,Warehouse Supervisor,0,0
1372,2025-01-01,Marketing,Content Specialist,3,0
1375,2025-01-01,Finance,Finance Manager,1,0
1376,2025-01-01,Sales,Sales Representative,0,0
1380,2025-01-01,Marketing,Digital Marketing Specialist,2,0
1383,2025-01-01,Sales,Sales Supervisor,1,0
1386,2025-01-01,Marketing,Digital Marketing Specialist,1,1
1388,2025-01-01,Marketing,Digital Marketing Specialist,3,0
1392,2025-01-01,Finance,Financial Analyst,0,0
1393,2025-01-01,Sales,Sales Supervisor,0,0
1394,2025-01-01,Marketing,Content Specialist,1,0
1395,2025-01-01,Human Resources,HR Manager,1,0
1397,2025-01-01,Finance,Accountant,1,0
1398,2025-01-01,Operations,Warehouse Supervisor,1,0
1399,2025-01-01,Finance,Finance Manager,3,0
1402,2025-01-01,Marketing,Digital Marketing Specialist,1,0
1404,2025-01-01,Finance,Finance Manager,2,0
1406,2025-01-01,Sales,Sales Supervisor,1,0
1407,2025-01-01,Operations,Operations Manager,1,0
1410,2025-01-01,Information Technology,IT Support,2,0
1412,2025-01-01,Sales,Account Manager,1,0
1413,2025-01-01,Human Resources,HR Manager,2,0
1415,2025-01-01,Sales,Sales Executive,2,0
1418,2025-01-01,Marketing,Marketing Executive,1,0
1421,2025-01-01,Marketing,Content Specialist,2,1
1425,2025-01-01,Human Resources,HR Executive,2,0
1428,2025-01-01,Sales,Sales Supervisor,0,1
1429,2025-01-01,Information Technology,IT Support,0,0
1430,2025-01-01,Operations,Warehouse Supervisor,1,0
1431,2025-01-01,Finance,Internal Auditor,1,0
1432,2025-01-01,Sales,Sales Supervisor,1,0
1433,2025-01-01,Finance,Internal Auditor,0,0
1434,2025-01-01,Marketing,Content Specialist,1,1
1437,2025-01-01,Marketing,Content Specialist,1,0
1438,2025-01-01,Information Technology,QA Engineer,1,0
1439,2025-01-01,Information Technology,Software Engineer,1,1
1443,2025-01-01,Finance,Internal Auditor,1,0
1446,2025-01-01,Operations,Operations Executive,0,0
1448,2025-01-01,Human Resources,HR Executive,1,0
1450,2025-01-01,Operations,Warehouse Supervisor,0,0
1453,2025-01-01,Finance,Internal Auditor,1,0
1456,2025-01-01,Sales,Sales Representative,2,0
1457,2025-01-01,Human Resources,Recruiter,2,0
1460,2025-01-01,Human Resources,Recruiter,1,0
1461,2025-01-01,Human Resources,HR Manager,0,1
1462,2025-01-01,Operations,Operations Manager,0,1
1464,2025-01-01,Information Technology,System Administrator,1,0
1465,2025-01-01,Information Technology,QA Engineer,2,1
1466,2025-01-01,Information Technology,IT Support,0,0
1470,2025-01-01,Marketing,Marketing Executive,0,0
1474,2025-01-01,Marketing,Marketing Executive,2,0
1475,2025-01-01,Finance,Accountant,1,0
1478,2025-01-01,Marketing,Content Specialist,0,0
1479,2025-01-01,Sales,Sales Supervisor,1,0
1480,2025-01-01,Human Resources,C&B Specialist,2,0
1481,2025-01-01,Information Technology,System Administrator,1,0
1482,2025-01-01,Human Resources,HR Manager,1,0
1484,2025-01-01,Information Technology,System Administrator,1,0
1486,2025-01-01,Operations,Operations Executive,0,0
1490,2025-01-01,Finance,Accountant,1,0
1491,2025-01-01,Sales,Sales Supervisor,1,0
1493,2025-01-01,Human Resources,C&B Specialist,1,0
1496,2025-01-01,Human Resources,HR Manager,3,0
1498,2025-01-01,Finance,Finance Manager,1,0
1499,2025-01-01,Marketing,Marketing Executive,0,0
1500,2025-01-01,Finance,Financial Analyst,2,0
1506,2025-01-01,Marketing,Marketing Manager,1,0
1508,2025-01-01,Marketing,Digital Marketing Specialist,2,0
1509,2025-01-01,Operations,Operations Executive,1,0
1511,2025-01-01,Operations,Procurement Specialist,1,0
1512,2025-01-01,Human Resources,HR Manager,0,0
1513,2025-01-01,Marketing,Marketing Manager,1,0
1516,2025-01-01,Information Technology,System Administrator,2,0
1517,2025-01-01,Operations,Procurement Specialist,1,0
1519,2025-01-01,Finance,Accountant,0,1
1523,2025-01-01,Sales,Sales Supervisor,1,0
1525,2025-01-01,Operations,Procurement Specialist,1,0
1526,2025-01-01,Information Technology,Software Engineer,1,0
1528,2025-01-01,Marketing,Digital Marketing Specialist,3,0
1529,2025-01-01,Human Resources,C&B Specialist,3,0
1530,2025-01-01,Marketing,Marketing Executive,1,0
1532,2025-01-01,Human Resources,Recruiter,1,0
1535,2025-01-01,Sales,Account Manager,0,0
1536,2025-01-01,Sales,Sales Executive,2,1
1537,2025-01-01,Marketing,Digital Marketing Specialist,0,0
1540,2025-01-01,Information Technology,System Administrator,3,0
1542,2025-01-01,Human Resources,HR Executive,2,1
1543,2025-01-01,Sales,Sales Executive,0,0
1546,2025-01-01,Marketing,Digital Marketing Specialist,2,1
1547,2025-01-01,Operations,Warehouse Supervisor,1,0
1548,2025-01-01,Finance,Finance Manager,2,0
1550,2025-01-01,Marketing,Content Specialist,1,0
1557,2025-01-01,Finance,Internal Auditor,0,0
1559,2025-01-01,Operations,Operations Manager,1,0
1560,2025-01-01,Finance,Internal Auditor,3,1
1562,2025-01-01,Human Resources,C&B Specialist,1,1
1564,2025-01-01,Sales,Account Manager,1,0
1565,2025-01-01,Marketing,Content Specialist,1,0
1568,2025-01-01,Finance,Internal Auditor,2,1
1570,2025-01-01,Information Technology,Software Engineer,1,0
1571,2025-01-01,Finance,Financial Analyst,0,0
1576,2025-01-01,Operations,Warehouse Supervisor,0,0
1579,2025-01-01,Operations,Operations Executive,1,0
1581,2025-01-01,Information Technology,System Administrator,2,0
1584,2025-01-01,Finance,Financial Analyst,1,0
1585,2025-01-01,Sales,Sales Representative,2,0
1586,2025-01-01,Marketing,Digital Marketing Specialist,2,0
1589,2025-01-01,Information Technology,IT Support,0,0
1590,2025-01-01,Finance,Internal Auditor,3,1
1591,2025-01-01,Finance,Finance Manager,1,1
1592,2025-01-01,Marketing,Marketing Manager,1,1
1593,2025-01-01,Sales,Sales Executive,2,1
1598,2025-01-01,Marketing,Digital Marketing Specialist,0,0
1600,2025-01-01,Human Resources,HR Manager,1,1
1603,2025-01-01,Information Technology,Data Analyst,1,1
1604,2025-01-01,Human Resources,HR Manager,2,0
1605,2025-01-01,Information Technology,System Administrator,3,0
1611,2025-01-01,Finance,Financial Analyst,0,0
1612,2025-01-01,Information Technology,Data Analyst,1,0
1618,2025-01-01,Information Technology,System Administrator,2,0
1620,2025-01-01,Sales,Sales Executive,1,0
1621,2025-01-01,Information Technology,Software Engineer,0,0
1623,2025-01-01,Human Resources,HR Manager,2,0
1624,2025-01-01,Sales,Sales Representative,1,0
1629,2025-01-01,Human Resources,Recruiter,1,0
1630,2025-01-01,Information Technology,Software Engineer,0,0
1631,2025-01-01,Finance,Financial Analyst,1,0
1636,2025-01-01,Marketing,Marketing Manager,0,0
1639,2025-01-01,Operations,Procurement Specialist,1,0
1640,2025-01-01,Marketing,Marketing Executive,2,0
1642,2025-01-01,Marketing,Marketing Manager,1,0
1643,2025-01-01,Finance,Financial Analyst,1,0
1645,2025-01-01,Marketing,Marketing Manager,1,0
1646,2025-01-01,Human Resources,C&B Specialist,1,0
1647,2025-01-01,Human Resources,HR Executive,1,0
1648,2025-01-01,Information Technology,QA Engineer,1,0
1649,2025-01-01,Finance,Finance Manager,2,0
1651,2025-01-01,Human Resources,HR Manager,1,0
1655,2025-01-01,Operations,Warehouse Supervisor,1,0
1657,2025-01-01,Information Technology,Software Engineer,1,0
1659,2025-01-01,Operations,Operations Manager,3,0
1663,2025-01-01,Operations,Operations Executive,1,0
1665,2025-01-01,Information Technology,IT Support,1,0
1670,2025-01-01,Human Resources,C&B Specialist,3,1
1673,2025-01-01,Human Resources,Recruiter,2,1
1676,2025-01-01,Sales,Account Manager,0,0
1678,2025-01-01,Operations,Operations Executive,1,0
1679,2025-01-01,Information Technology,System Administrator,1,0
1680,2025-01-01,Information Technology,Data Analyst,1,1
1684,2025-01-01,Human Resources,HR Manager,1,0
1686,2025-01-01,Marketing,Content Specialist,0,0
1687,2025-01-01,Marketing,Marketing Manager,2,0
1688,2025-01-01,Operations,Operations Executive,0,0
1692,2025-01-01,Human Resources,HR Executive,1,0
1694,2025-01-01,Sales,Sales Supervisor,0,0
1698,2025-01-01,Finance,Accountant,1,0
1699,2025-01-01,Finance,Internal Auditor,2,0
1701,2025-01-01,Sales,Sales Representative,1,0
1703,2025-01-01,Operations,Procurement Specialist,1,0
1705,2025-01-01,Information Technology,Data Analyst,0,0
1708,2025-01-01,Information Technology,Software Engineer,1,0
1709,2025-01-01,Marketing,Marketing Manager,1,1
1711,2025-01-01,Information Technology,IT Support,1,0
1717,2025-01-01,Sales,Sales Representative,1,1
1718,2025-01-01,Sales,Account Manager,0,0
1727,2025-01-01,Sales,Sales Representative,2,0
1728,2025-01-01,Sales,Account Manager,0,1
1729,2025-01-01,Information Technology,Data Analyst,2,0
1730,2025-01-01,Sales,Sales Representative,1,0
1731,2025-01-01,Human Resources,Recruiter,3,0
1733,2025-01-01,Sales,Sales Representative,0,0
1734,2025-01-01,Sales,Sales Supervisor,1,0
1743,2025-01-01,Marketing,Marketing Manager,2,0
1745,2025-01-01,Finance,Accountant,2,0
1747,2025-01-01,Marketing,Marketing Executive,0,0
1749,2025-01-01,Marketing,Digital Marketing Specialist,0,0
1751,2025-01-01,Human Resources,HR Executive,3,0
1752,2025-01-01,Marketing,Marketing Manager,1,0
1760,2025-01-01,Human Resources,C&B Specialist,0,0
1761,2025-01-01,Marketing,Marketing Manager,1,0
1762,2025-01-01,Operations,Operations Manager,3,0
1764,2025-01-01,Human Resources,HR Manager,1,0
1765,2025-01-01,Sales,Sales Executive,1,0
1767,2025-01-01,Marketing,Marketing Executive,1,0
1768,2025-01-01,Operations,Warehouse Supervisor,1,1
1771,2025-01-01,Marketing,Marketing Executive,1,1
1773,2025-01-01,Human Resources,HR Manager,2,0
1774,2025-01-01,Marketing,Content Specialist,1,0
1775,2025-01-01,Sales,Account Manager,3,0
1778,2025-01-01,Information Technology,Data Analyst,1,0
1781,2025-01-01,Operations,Warehouse Supervisor,0,0
1787,2025-01-01,Information Technology,IT Support,0,1
1790,2025-01-01,Information Technology,Software Engineer,1,1
1792,2025-01-01,Information Technology,Software Engineer,2,0
1796,2025-01-01,Operations,Operations Manager,1,0
1798,2025-01-01,Sales,Sales Executive,2,0
1799,2025-01-01,Finance,Finance Manager,1,0
1802,2025-01-01,Marketing,Marketing Executive,0,1
1805,2025-01-01,Human Resources,Recruiter,1,1
1808,2025-01-01,Marketing,Content Specialist,1,0
1815,2025-01-01,Marketing,Marketing Executive,1,0
1818,2025-01-01,Information Technology,Software Engineer,1,0
1820,2025-01-01,Information Technology,QA Engineer,1,0
1824,2025-01-01,Finance,Internal Auditor,0,0
1829,2025-01-01,Information Technology,IT Support,0,0
1833,2025-01-01,Finance,Finance Manager,1,0
1837,2025-01-01,Marketing,Content Specialist,0,1
1838,2025-01-01,Information Technology,IT Support,2,0
1839,2025-01-01,Human Resources,HR Executive,1,0
1843,2025-01-01,Marketing,Marketing Executive,0,0
1847,2025-01-01,Sales,Sales Supervisor,0,0
1848,2025-01-01,Finance,Finance Manager,3,1
1850,2025-01-01,Sales,Sales Supervisor,0,1
1851,2025-01-01,Information Technology,Software Engineer,1,1
1852,2025-01-01,Sales,Sales Representative,1,0
1854,2025-01-01,Information Technology,QA Engineer,3,0
1857,2025-01-01,Sales,Sales Representative,2,0
1859,2025-01-01,Information Technology,Data Analyst,1,0
1861,2025-01-01,Information Technology,Software Engineer,1,0
1865,2025-01-01,Marketing,Marketing Executive,3,1
1872,2025-01-01,Sales,Sales Representative,2,0
1875,2025-01-01,Sales,Sales Executive,1,1
1878,2025-01-01,Information Technology,System Administrator,1,0
1883,2025-01-01,Finance,Accountant,0,0
1884,2025-01-01,Sales,Account Manager,1,0
1886,2025-01-01,Information Technology,System Administrator,0,0
1887,2025-01-01,Marketing,Marketing Executive,1,0
1889,2025-01-01,Information Technology,QA Engineer,0,0
1891,2025-01-01,Finance,Internal Auditor,1,0
1892,2025-01-01,Sales,Sales Executive,0,0
1894,2025-01-01,Finance,Financial Analyst,1,0
1895,2025-01-01,Information Technology,Data Analyst,0,0
1900,2025-01-01,Information Technology,System Administrator,2,0
1901,2025-01-01,Finance,Internal Auditor,1,0
1903,2025-01-01,Finance,Financial Analyst,1,0
1905,2025-01-01,Finance,Financial Analyst,2,1
1906,2025-01-01,Information Technology,Software Engineer,1,0
1909,2025-01-01,Marketing,Marketing Executive,1,0
1910,2025-01-01,Information Technology,IT Support,1,0
1912,2025-01-01,Operations,Operations Manager,1,1
1914,2025-01-01,Marketing,Marketing Executive,1,0
1916,2025-01-01,Information Technology,QA Engineer,2,0
1917,2025-01-01,Human Resources,HR Executive,2,0
1919,2025-01-01,Human Resources,Recruiter,0,0
1921,2025-01-01,Sales,Sales Executive,2,0
1922,2025-01-01,Marketing,Marketing Manager,0,0
1923,2025-01-01,Sales,Account Manager,0,0
1924,2025-01-01,Marketing,Content Specialist,1,0
1926,2025-01-01,Human Resources,HR Manager,1,0
1927,2025-01-01,Marketing,Content Specialist,1,1
1930,2025-01-01,Sales,Account Manager,0,0
1931,2025-01-01,Information Technology,IT Support,1,0
1934,2025-01-01,Human Resources,HR Executive,2,0
1935,2025-01-01,Finance,Accountant,3,1
1937,2025-01-01,Finance,Finance Manager,1,0
1938,2025-01-01,Sales,Account Manager,0,0
1939,2025-01-01,Human Resources,HR Executive,1,1
1940,2025-01-01,Operations,Operations Executive,0,1
1942,2025-01-01,Information Technology,IT Support,2,0
1943,2025-01-01,Sales,Account Manager,1,0
1946,2025-01-01,Operations,Operations Manager,1,0
1949,2025-01-01,Finance,Finance Manager,0,1
1950,2025-01-01,Sales,Sales Supervisor,1,0
1951,2025-01-01,Operations,Warehouse Supervisor,2,0
1954,2025-01-01,Operations,Operations Manager,3,0
1955,2025-01-01,Finance,Internal Auditor,0,0
1956,2025-01-01,Human Resources,HR Executive,1,0
1958,2025-01-01,Sales,Sales Representative,3,0
1962,2025-01-01,Operations,Operations Manager,1,1
1964,2025-01-01,Sales,Sales Supervisor,1,1
1965,2025-01-01,Marketing,Marketing Manager,1,0
1966,2025-01-01,Finance,Financial Analyst,0,0
1967,2025-01-01,Information Technology,IT Support,0,0
1968,2025-01-01,Human Resources,HR Executive,0,0
1969,2025-01-01,Human Resources,Recruiter,2,0
1970,2025-01-01,Sales,Sales Representative,1,0
1971,2025-01-01,Marketing,Digital Marketing Specialist,2,0
1973,2025-01-01,Marketing,Digital Marketing Specialist,1,0
1974,2025-01-01,Human Resources,HR Manager,1,0
1975,2025-01-01,Operations,Warehouse Supervisor,1,1
1976,2025-01-01,Human Resources,Recruiter,0,0
1977,2025-01-01,Operations,Procurement Specialist,1,0
1979,2025-01-01,Human Resources,HR Manager,1,0
1980,2025-01-01,Sales,Sales Representative,2,1
1983,2025-01-01,Finance,Internal Auditor,1,0
1984,2025-01-01,Human Resources,HR Manager,3,0
1986,2025-01-01,Marketing,Marketing Executive,0,0
1987,2025-01-01,Sales,Sales Executive,1,0
1990,2025-01-01,Operations,Operations Executive,2,0
1992,2025-01-01,Information Technology,IT Support,2,0
1993,2025-01-01,Human Resources,Recruiter,1,0
1994,2025-01-01,Sales,Sales Representative,1,0
1997,2025-01-01,Sales,Sales Representative,0,0
2000,2025-01-01,Information Technology,Data Analyst,3,0
2001,2025-01-01,Human Resources,C&B Specialist,3,0
2003,2025-01-01,Finance,Finance Manager,1,0
2005,2025-01-01,Marketing,Marketing Manager,0,0
2007,2025-01-01,Sales,Sales Supervisor,0,0
2008,2025-01-01,Human Resources,Recruiter,0,0
2009,2025-01-01,Sales,Sales Executive,2,0
2011,2025-01-01,Marketing,Marketing Manager,1,0
2013,2025-01-01,Marketing,Marketing Manager,1,0
2019,2025-01-01,Human Resources,C&B Specialist,0,0
2024,2025-01-01,Human Resources,HR Executive,3,0
2025,2025-01-01,Information Technology,System Administrator,1,0
2027,2025-01-01,Finance,Finance Manager,1,0
2029,2025-01-01,Information Technology,System Administrator,3,0
2030,2025-01-01,Finance,Finance Manager,1,0
2031,2025-01-01,Human Resources,HR Executive,1,0
2033,2025-01-01,Information Technology,Data Analyst,1,0
2037,2025-01-01,Information Technology,Software Engineer,1,0
2041,2025-01-01,Information Technology,IT Support,1,0
2043,2025-01-01,Marketing,Content Specialist,2,1
2049,2025-01-01,Operations,Warehouse Supervisor,1,0
2050,2025-01-01,Finance,Financial Analyst,1,0
2052,2025-01-01,Marketing,Content Specialist,2,0
2053,2025-01-01,Finance,Accountant,1,0
2055,2025-01-01,Marketing,Marketing Executive,0,0
2056,2025-01-01,Marketing,Marketing Manager,0,0
2057,2025-01-01,Operations,Procurement Specialist,1,0
2059,2025-01-01,Sales,Sales Executive,1,0
2064,2025-01-01,Operations,Operations Executive,1,0
2065,2025-01-01,Finance,Financial Analyst,1,0
2067,2025-01-01,Human Resources,HR Executive,3,0
2069,2025-01-01,Finance,Finance Manager,2,0
2071,2025-01-01,Information Technology,System Administrator,1,0
2073,2025-01-01,Sales,Sales Executive,1,0
2078,2025-01-01,Operations,Operations Executive,0,1
2080,2025-01-01,Operations,Warehouse Supervisor,1,0
2083,2025-01-01,Information Technology,Software Engineer,2,0
2084,2025-01-01,Operations,Warehouse Supervisor,1,0
2089,2025-01-01,Sales,Sales Representative,1,0
2096,2025-01-01,Operations,Operations Executive,3,1
2098,2025-01-01,Marketing,Marketing Executive,0,0
2099,2025-01-01,Operations,Warehouse Supervisor,3,0
2101,2025-01-01,Sales,Account Manager,3,0
2102,2025-01-01,Sales,Sales Representative,2,0
2103,2025-01-01,Sales,Account Manager,0,0
2106,2025-01-01,Information Technology,Data Analyst,3,0
2107,2025-01-01,Human Resources,Recruiter,1,0
2109,2025-01-01,Information Technology,Software Engineer,1,0
2112,2025-01-01,Operations,Procurement Specialist,1,0
2114,2025-01-01,Marketing,Digital Marketing Specialist,0,0
2117,2025-01-01,Sales,Account Manager,1,0
2118,2025-01-01,Information Technology,Software Engineer,0,0
2120,2025-01-01,Operations,Warehouse Supervisor,2,0
2121,2025-01-01,Marketing,Digital Marketing Specialist,2,0
2124,2025-01-01,Finance,Finance Manager,1,0
2125,2025-01-01,Operations,Procurement Specialist,1,1
2127,2025-01-01,Sales,Sales Representative,1,0
2130,2025-01-01,Operations,Operations Manager,3,0
2135,2025-01-01,Marketing,Content Specialist,1,0
2136,2025-01-01,Human Resources,HR Executive,1,0
2137,2025-01-01,Finance,Internal Auditor,1,0
2139,2025-01-01,Information Technology,QA Engineer,1,0
2140,2025-01-01,Operations,Operations Executive,0,0
2141,2025-01-01,Information Technology,System Administrator,1,0
2144,2025-01-01,Finance,Accountant,1,0
2145,2025-01-01,Information Technology,Software Engineer,0,0
2151,2025-01-01,Sales,Sales Supervisor,2,0
2154,2025-01-01,Sales,Sales Executive,0,0
2156,2025-01-01,Information Technology,Software Engineer,1,0
2158,2025-01-01,Human Resources,Recruiter,1,0
2159,2025-01-01,Human Resources,C&B Specialist,1,0
2161,2025-01-01,Sales,Sales Supervisor,1,0
2166,2025-01-01,Operations,Procurement Specialist,2,0
2171,2025-01-01,Information Technology,Data Analyst,0,1
2172,2025-01-01,Information Technology,IT Support,1,0
2175,2025-01-01,Human Resources,HR Manager,2,1
2176,2025-01-01,Sales,Sales Supervisor,0,0
2177,2025-01-01,Marketing,Content Specialist,0,0
2178,2025-01-01,Marketing,Content Specialist,1,0
2180,2025-01-01,Marketing,Marketing Manager,3,0
2182,2025-01-01,Operations,Operations Executive,1,0
2183,2025-01-01,Human Resources,HR Executive,1,0
2184,2025-01-01,Operations,Operations Manager,3,0
2188,2025-01-01,Sales,Sales Supervisor,1,0
2195,2025-01-01,Marketing,Digital Marketing Specialist,3,0
2196,2025-01-01,Marketing,Digital Marketing Specialist,1,1
2197,2025-01-01,Sales,Account Manager,3,0
2201,2025-01-01,Marketing,Marketing Executive,1,0
2203,2025-01-01,Finance,Accountant,2,0
2207,2025-01-01,Operations,Warehouse Supervisor,1,0
2210,2025-01-01,Marketing,Content Specialist,2,1
2211,2025-01-01,Human Resources,HR Manager,1,0
2212,2025-01-01,Human Resources,HR Manager,1,0
2214,2025-01-01,Marketing,Marketing Manager,0,0
2215,2025-01-01,Human Resources,HR Executive,1,0
2216,2025-01-01,Operations,Operations Executive,0,0
2218,2025-01-01,Information Technology,QA Engineer,1,0
2221,2025-01-01,Finance,Accountant,3,1
2222,2025-01-01,Human Resources,Recruiter,1,0
2223,2025-01-01,Information Technology,Software Engineer,1,0
2228,2025-01-01,Human Resources,HR Executive,2,0
2231,2025-01-01,Information Technology,Data Analyst,1,0
2233,2025-01-01,Human Resources,HR Manager,1,0
2234,2025-01-01,Operations,Warehouse Supervisor,0,0
2239,2025-01-01,Operations,Operations Manager,0,0
2243,2025-01-01,Marketing,Marketing Executive,1,0
2244,2025-01-01,Operations,Procurement Specialist,1,0
2248,2025-01-01,Finance,Finance Manager,1,0
2250,2025-01-01,Marketing,Marketing Executive,1,0
2254,2025-01-01,Sales,Sales Supervisor,1,0
2256,2025-01-01,Operations,Operations Manager,1,0
2259,2025-01-01,Human Resources,Recruiter,1,0
2268,2025-01-01,Operations,Operations Manager,1,1
2270,2025-01-01,Finance,Finance Manager,0,0
2271,2025-01-01,Information Technology,IT Support,2,0
2275,2025-01-01,Finance,Finance Manager,3,0
2279,2025-01-01,Marketing,Marketing Manager,3,0
2283,2025-01-01,Human Resources,HR Executive,1,0
2287,2025-01-01,Information Technology,IT Support,1,0
2291,2025-01-01,Finance,Internal Auditor,1,0
2295,2025-01-01,Information Technology,QA Engineer,1,0
2297,2025-01-01,Information Technology,IT Support,2,1
2299,2025-01-01,Information Technology,IT Support,1,0
2302,2025-01-01,Operations,Operations Executive,1,0
2304,2025-01-01,Sales,Account Manager,0,1
2307,2025-01-01,Operations,Warehouse Supervisor,1,0
2311,2025-01-01,Sales,Sales Executive,0,1
2313,2025-01-01,Sales,Sales Executive,0,0
2314,2025-01-01,Marketing,Content Specialist,1,0
2316,2025-01-01,Sales,Sales Executive,1,0
2317,2025-01-01,Marketing,Marketing Executive,1,0
2318,2025-01-01,Operations,Procurement Specialist,1,0
2320,2025-01-01,Finance,Accountant,3,0
2321,2025-01-01,Information Technology,IT Support,1,0
2323,2025-01-01,Operations,Warehouse Supervisor,3,0
2324,2025-01-01,Information Technology,Data Analyst,1,0
2326,2025-01-01,Human Resources,Recruiter,1,0
2327,2025-01-01,Marketing,Marketing Manager,1,0
2328,2025-01-01,Sales,Account Manager,1,0
2329,2025-01-01,Information Technology,Software Engineer,2,0
2330,2025-01-01,Sales,Sales Supervisor,1,0
2331,2025-01-01,Human Resources,C&B Specialist,1,1
2334,2025-01-01,Sales,Sales Executive,2,1
2336,2025-01-01,Sales,Sales Representative,2,0
2337,2025-01-01,Finance,Financial Analyst,0,0
2340,2025-01-01,Sales,Sales Representative,3,0
2344,2025-01-01,Operations,Procurement Specialist,1,0
2345,2025-01-01,Sales,Sales Executive,1,0
2346,2025-01-01,Operations,Procurement Specialist,2,0
2347,2025-01-01,Finance,Financial Analyst,2,0
2348,2025-01-01,Information Technology,Software Engineer,1,1
2349,2025-01-01,Sales,Sales Supervisor,2,0
2354,2025-01-01,Sales,Sales Executive,1,0
2355,2025-01-01,Operations,Operations Manager,2,0
2364,2025-01-01,Marketing,Content Specialist,1,0
2366,2025-01-01,Marketing,Marketing Executive,2,1
2370,2025-01-01,Operations,Procurement Specialist,0,0
2373,2025-01-01,Operations,Operations Manager,0,0
2375,2025-01-01,Operations,Warehouse Supervisor,0,1
2381,2025-01-01,Human Resources,HR Executive,3,0
2382,2025-01-01,Human Resources,HR Manager,1,0
2386,2025-01-01,Operations,Operations Executive,1,0
2387,2025-01-01,Information Technology,QA Engineer,3,0
2388,2025-01-01,Finance,Internal Auditor,0,0
2392,2025-01-01,Operations,Procurement Specialist,1,0
2394,2025-01-01,Sales,Sales Supervisor,0,0
2395,2025-01-01,Sales,Sales Executive,2,1
2399,2025-01-01,Human Resources,HR Manager,1,0
2400,2025-01-01,Information Technology,Data Analyst,2,0
2401,2025-01-01,Marketing,Marketing Executive,2,0
2403,2025-01-01,Human Resources,HR Executive,1,0
2406,2025-01-01,Marketing,Marketing Executive,0,0
2411,2025-01-01,Information Technology,Software Engineer,0,0
2412,2025-01-01,Marketing,Content Specialist,2,0
2413,2025-01-01,Sales,Account Manager,1,0
2414,2025-01-01,Operations,Procurement Specialist,1,1
2415,2025-01-01,Information Technology,Software Engineer,1,0
2417,2025-01-01,Human Resources,Recruiter,0,0
2419,2025-01-01,Information Technology,Data Analyst,0,0
2420,2025-01-01,Marketing,Marketing Manager,0,0
2422,2025-01-01,Marketing,Marketing Manager,0,0
2423,2025-01-01,Marketing,Marketing Executive,1,1
2428,2025-01-01,Sales,Sales Executive,1,0
2429,2025-01-01,Human Resources,HR Manager,3,0
2430,2025-01-01,Information Technology,Data Analyst,1,0
2431,2025-01-01,Marketing,Content Specialist,0,0
2432,2025-01-01,Information Technology,Software Engineer,1,0
2434,2025-01-01,Operations,Warehouse Supervisor,0,0
2436,2025-01-01,Marketing,Marketing Executive,0,0
2439,2025-01-01,Finance,Accountant,2,0
2441,2025-01-01,Marketing,Marketing Manager,2,0
2442,2025-01-01,Finance,Accountant,1,0
2447,2025-01-01,Sales,Sales Executive,1,0
2449,2025-01-01,Marketing,Digital Marketing Specialist,1,0
2451,2025-01-01,Information Technology,Software Engineer,1,0
2452,2025-01-01,Human Resources,Recruiter,1,0
2455,2025-01-01,Information Technology,IT Support,1,0
2457,2025-01-01,Operations,Procurement Specialist,2,0
2458,2025-01-01,Finance,Accountant,1,0
2459,2025-01-01,Operations,Warehouse Supervisor,2,0
2461,2025-01-01,Finance,Internal Auditor,0,0
2469,2025-01-01,Information Technology,IT Support,3,0
2470,2025-01-01,Information Technology,Data Analyst,1,0
2471,2025-01-01,Finance,Financial Analyst,2,0
2473,2025-01-01,Marketing,Marketing Manager,0,0
2474,2025-01-01,Human Resources,Recruiter,2,1
2477,2025-01-01,Information Technology,System Administrator,1,0
2479,2025-01-01,Sales,Sales Representative,3,0
2482,2025-01-01,Information Technology,Software Engineer,2,1
2483,2025-01-01,Finance,Financial Analyst,1,0
2485,2025-01-01,Marketing,Content Specialist,2,0
2493,2025-01-01,Operations,Procurement Specialist,0,0
2494,2025-01-01,Information Technology,Software Engineer,1,0
2496,2025-01-01,Human Resources,HR Executive,1,0
2499,2025-01-01,Finance,Finance Manager,1,0
2501,2025-01-01,Operations,Warehouse Supervisor,2,0
2502,2025-01-01,Sales,Sales Executive,1,0
2503,2025-01-01,Sales,Sales Executive,1,0
2504,2025-01-01,Information Technology,Data Analyst,2,0
2508,2025-01-01,Operations,Operations Manager,2,1
2511,2025-01-01,Finance,Accountant,1,0
2512,2025-01-01,Information Technology,Software Engineer,1,0
2515,2025-01-01,Information Technology,QA Engineer,3,0
2516,2025-01-01,Finance,Finance Manager,1,0
2520,2025-01-01,Finance,Accountant,0,0
2522,2025-01-01,Operations,Procurement Specialist,1,0
2524,2025-01-01,Finance,Internal Auditor,1,0
2525,2025-01-01,Human Resources,HR Manager,1,0
2526,2025-01-01,Marketing,Content Specialist,2,0
2527,2025-01-01,Finance,Finance Manager,1,0
2530,2025-01-01,Information Technology,System Administrator,1,0
2531,2025-01-01,Human Resources,Recruiter,0,0
2533,2025-01-01,Operations,Warehouse Supervisor,2,0
2537,2025-01-01,Operations,Procurement Specialist,2,0
2539,2025-01-01,Marketing,Content Specialist,2,1
2542,2025-01-01,Operations,Warehouse Supervisor,0,0
2547,2025-01-01,Finance,Finance Manager,0,0
2549,2025-01-01,Information Technology,Data Analyst,1,0
2550,2025-01-01,Marketing,Digital Marketing Specialist,0,0
2551,2025-01-01,Information Technology,IT Support,1,0
2554,2025-01-01,Marketing,Marketing Manager,1,0
2557,2025-01-01,Marketing,Marketing Executive,2,0
2558,2025-01-01,Marketing,Content Specialist,3,0
2560,2025-01-01,Sales,Sales Executive,1,0
2561,2025-01-01,Marketing,Digital Marketing Specialist,1,0
2563,2025-01-01,Operations,Operations Manager,1,0
2564,2025-01-01,Marketing,Marketing Manager,3,0
2566,2025-01-01,Marketing,Marketing Executive,0,0
2568,2025-01-01,Finance,Finance Manager,1,0
2569,2025-01-01,Information Technology,QA Engineer,3,1
2571,2025-01-01,Information Technology,System Administrator,0,0
2572,2025-01-01,Finance,Accountant,2,0
2573,2025-01-01,Sales,Sales Executive,1,1
2574,2025-01-01,Information Technology,QA Engineer,0,0
2576,2025-01-01,Human Resources,Recruiter,0,1
2577,2025-01-01,Marketing,Content Specialist,1,0
2579,2025-01-01,Operations,Procurement Specialist,1,0
2581,2025-01-01,Marketing,Digital Marketing Specialist,2,0
2584,2025-01-01,Sales,Sales Supervisor,1,0
2585,2025-01-01,Sales,Account Manager,1,0
2587,2025-01-01,Marketing,Digital Marketing Specialist,2,0
2588,2025-01-01,Marketing,Marketing Manager,2,0
2593,2025-01-01,Finance,Accountant,0,0
2596,2025-01-01,Marketing,Content Specialist,3,0
2597,2025-01-01,Finance,Accountant,3,0
2599,2025-01-01,Sales,Account Manager,1,0
2602,2025-01-01,Operations,Warehouse Supervisor,2,1
2605,2025-01-01,Human Resources,Recruiter,3,1
2607,2025-01-01,Operations,Warehouse Supervisor,1,1
2609,2025-01-01,Operations,Operations Manager,1,1
2614,2025-01-01,Information Technology,Data Analyst,1,0
2615,2025-01-01,Information Technology,System Administrator,2,0
2616,2025-01-01,Human Resources,HR Manager,1,0
2618,2025-01-01,Human Resources,HR Manager,1,0
2623,2025-01-01,Operations,Warehouse Supervisor,0,0
2624,2025-01-01,Operations,Warehouse Supervisor,2,0
2626,2025-01-01,Marketing,Marketing Executive,2,0
2629,2025-01-01,Human Resources,C&B Specialist,1,0
2630,2025-01-01,Operations,Procurement Specialist,2,1
2635,2025-01-01,Finance,Accountant,1,0
2637,2025-01-01,Human Resources,C&B Specialist,1,0
2639,2025-01-01,Finance,Internal Auditor,1,0
2640,2025-01-01,Human Resources,C&B Specialist,1,0
2642,2025-01-01,Operations,Warehouse Supervisor,1,0
2643,2025-01-01,Marketing,Content Specialist,1,0
2644,2025-01-01,Information Technology,IT Support,1,0
2645,2025-01-01,Marketing,Digital Marketing Specialist,0,0
2646,2025-01-01,Sales,Sales Supervisor,2,0
2647,2025-01-01,Human Resources,HR Manager,0,0
2650,2025-01-01,Operations,Operations Manager,1,0
2653,2025-01-01,Marketing,Marketing Manager,1,1
2654,2025-01-01,Operations,Warehouse Supervisor,1,1
2655,2025-01-01,Human Resources,HR Manager,2,0
2656,2025-01-01,Sales,Sales Supervisor,1,0
2659,2025-01-01,Information Technology,Data Analyst,1,0
2661,2025-01-01,Sales,Sales Executive,3,0
2664,2025-01-01,Sales,Sales Executive,2,0
2668,2025-01-01,Finance,Financial Analyst,0,0
2669,2025-01-01,Finance,Accountant,1,0
2670,2025-01-01,Sales,Account Manager,0,0
2671,2025-01-01,Sales,Sales Representative,3,0
2673,2025-01-01,Information Technology,QA Engineer,2,0
2675,2025-01-01,Human Resources,Recruiter,0,0
2677,2025-01-01,Sales,Account Manager,1,0
2679,2025-01-01,Operations,Warehouse Supervisor,1,1
2680,2025-01-01,Marketing,Digital Marketing Specialist,1,0
2681,2025-01-01,Information Technology,Data Analyst,1,1
2682,2025-01-01,Marketing,Content Specialist,1,0
2688,2025-01-01,Marketing,Content Specialist,1,0
2689,2025-01-01,Human Resources,HR Manager,3,0
2692,2025-01-01,Finance,Accountant,1,0
2694,2025-01-01,Operations,Operations Executive,1,0
2695,2025-01-01,Information Technology,Software Engineer,2,0
2697,2025-01-01,Human Resources,HR Manager,1,0
2702,2025-01-01,Human Resources,C&B Specialist,1,0
2705,2025-01-01,Operations,Operations Manager,1,0
2707,2025-01-01,Finance,Accountant,3,0
2709,2025-01-01,Finance,Finance Manager,2,1
2710,2025-01-01,Finance,Accountant,0,1
2711,2025-01-01,Operations,Operations Executive,0,0
2712,2025-01-01,Marketing,Content Specialist,2,1
2713,2025-01-01,Human Resources,C&B Specialist,1,0
2716,2025-01-01,Marketing,Marketing Executive,0,0
2719,2025-01-01,Marketing,Content Specialist,0,0
2721,2025-01-01,Marketing,Marketing Manager,1,1
2724,2025-01-01,Marketing,Marketing Executive,1,0
2726,2025-01-01,Human Resources,C&B Specialist,1,0
2727,2025-01-01,Marketing,Content Specialist,1,0
2729,2025-01-01,Marketing,Marketing Manager,2,0
2730,2025-01-01,Sales,Account Manager,0,0
2734,2025-01-01,Sales,Sales Supervisor,1,0
2735,2025-01-01,Finance,Accountant,0,1
2738,2025-01-01,Finance,Accountant,0,0
2740,2025-01-01,Operations,Warehouse Supervisor,0,1
2741,2025-01-01,Operations,Procurement Specialist,2,0
2743,2025-01-01,Sales,Sales Executive,1,0
2744,2025-01-01,Marketing,Digital Marketing Specialist,0,0
2745,2025-01-01,Marketing,Marketing Executive,1,0
2746,2025-01-01,Sales,Sales Executive,2,0
2747,2025-01-01,Operations,Warehouse Supervisor,2,0
2753,2025-01-01,Information Technology,QA Engineer,1,0
2754,2025-01-01,Operations,Operations Manager,2,1
2756,2025-01-01,Information Technology,Software Engineer,3,0
2758,2025-01-01,Finance,Accountant,1,0
2760,2025-01-01,Human Resources,C&B Specialist,2,0
2764,2025-01-01,Information Technology,QA Engineer,3,0
2765,2025-01-01,Operations,Procurement Specialist,1,0
2767,2025-01-01,Human Resources,Recruiter,2,0
2770,2025-01-01,Human Resources,Recruiter,1,0
2771,2025-01-01,Sales,Sales Representative,3,0
2774,2025-01-01,Human Resources,HR Manager,1,0
2775,2025-01-01,Human Resources,HR Manager,1,0
2778,2025-01-01,Marketing,Digital Marketing Specialist,3,0
2780,2025-01-01,Finance,Internal Auditor,1,0
2781,2025-01-01,Sales,Sales Representative,1,0
2784,2025-01-01,Marketing,Marketing Executive,1,0
2785,2025-01-01,Marketing,Marketing Manager,0,0
2786,2025-01-01,Human Resources,HR Manager,1,0
2787,2025-01-01,Finance,Accountant,0,0
2790,2025-01-01,Information Technology,System Administrator,1,0
2795,2025-01-01,Human Resources,HR Manager,1,0
2799,2025-01-01,Marketing,Content Specialist,1,0
2803,2025-01-01,Sales,Account Manager,1,0
2804,2025-01-01,Human Resources,Recruiter,0,0
2806,2025-01-01,Human Resources,HR Executive,1,0
2810,2025-01-01,Operations,Procurement Specialist,1,0
2811,2025-01-01,Information Technology,Data Analyst,0,1
2814,2025-01-01,Marketing,Marketing Executive,1,0
2815,2025-01-01,Marketing,Marketing Manager,2,0
2816,2025-01-01,Sales,Sales Representative,0,1
2819,2025-01-01,Human Resources,Recruiter,1,0
2820,2025-01-01,Human Resources,Recruiter,1,0
2821,2025-01-01,Finance,Financial Analyst,3,0
2822,2025-01-01,Information Technology,Data Analyst,1,0
2823,2025-01-01,Operations,Operations Manager,2,0
2824,2025-01-01,Information Technology,QA Engineer,1,0
2826,2025-01-01,Operations,Procurement Specialist,1,1
2829,2025-01-01,Operations,Operations Executive,0,0
2832,2025-01-01,Finance,Finance Manager,3,0
2834,2025-01-01,Marketing,Marketing Manager,2,0
2837,2025-01-01,Sales,Account Manager,1,1
2838,2025-01-01,Marketing,Marketing Manager,1,1
2840,2025-01-01,Information Technology,QA Engineer,1,1
2845,2025-01-01,Sales,Sales Executive,1,0
2846,2025-01-01,Operations,Procurement Specialist,1,0
2855,2025-01-01,Operations,Operations Manager,1,0
2860,2025-01-01,Marketing,Marketing Manager,1,0
2862,2025-01-01,Human Resources,HR Manager,2,0
2863,2025-01-01,Marketing,Marketing Executive,2,0
2864,2025-01-01,Operations,Operations Executive,2,0
2877,2025-01-01,Finance,Accountant,1,0
2878,2025-01-01,Sales,Sales Representative,1,0
2881,2025-01-01,Information Technology,Data Analyst,1,0
2884,2025-01-01,Operations,Warehouse Supervisor,0,0
2885,2025-01-01,Information Technology,Data Analyst,0,0
2886,2025-01-01,Marketing,Marketing Manager,2,1
2887,2025-01-01,Human Resources,HR Executive,1,0
2893,2025-01-01,Human Resources,C&B Specialist,3,0
2894,2025-01-01,Marketing,Marketing Manager,2,0
2898,2025-01-01,Human Resources,Recruiter,1,0
2901,2025-01-01,Information Technology,QA Engineer,2,1
2902,2025-01-01,Marketing,Digital Marketing Specialist,3,0
2909,2025-01-01,Finance,Financial Analyst,1,0
2913,2025-01-01,Finance,Accountant,2,0
2919,2025-01-01,Sales,Account Manager,1,0
2920,2025-01-01,Sales,Sales Executive,1,0
2921,2025-01-01,Information Technology,IT Support,1,0
2922,2025-01-01,Human Resources,C&B Specialist,2,1
2924,2025-01-01,Operations,Operations Manager,2,0
2926,2025-01-01,Information Technology,Software Engineer,3,1
2928,2025-01-01,Information Technology,Data Analyst,3,0
2929,2025-01-01,Finance,Internal Auditor,1,0
2934,2025-01-01,Operations,Operations Executive,1,0
2936,2025-01-01,Marketing,Content Specialist,0,0
2937,2025-01-01,Information Technology,IT Support,0,0
2942,2025-01-01,Marketing,Marketing Executive,0,0
2944,2025-01-01,Information Technology,IT Support,1,0
2945,2025-01-01,Marketing,Marketing Manager,1,0
2946,2025-01-01,Information Technology,QA Engineer,0,0
2949,2025-01-01,Marketing,Digital Marketing Specialist,1,1
2950,2025-01-01,Finance,Accountant,1,0
2954,2025-01-01,Marketing,Content Specialist,2,0
2955,2025-01-01,Information Technology,Data Analyst,1,0
2957,2025-01-01,Finance,Accountant,1,0
2960,2025-01-01,Operations,Operations Executive,2,0
2961,2025-01-01,Information Technology,Software Engineer,3,1
2963,2025-01-01,Marketing,Marketing Executive,1,0
2964,2025-01-01,Operations,Operations Executive,0,0
2967,2025-01-01,Finance,Financial Analyst,1,0
2968,2025-01-01,Human Resources,C&B Specialist,1,0
2969,2025-01-01,Sales,Sales Representative,1,0
2972,2025-01-01,Marketing,Content Specialist,1,0
2975,2025-01-01,Human Resources,HR Executive,3,0
2978,2025-01-01,Finance,Finance Manager,1,0
2985,2025-01-01,Sales,Sales Representative,1,0
2986,2025-01-01,Sales,Account Manager,1,0
2990,2025-01-01,Human Resources,HR Manager,2,0
2991,2025-01-01,Information Technology,Data Analyst,1,0
2994,2025-01-01,Information Technology,Software Engineer,0,0
2995,2025-01-01,Marketing,Content Specialist,0,0
2996,2025-01-01,Information Technology,IT Support,0,0
2997,2025-01-01,Sales,Sales Supervisor,1,0
2998,2025-01-01,Operations,Operations Manager,1,1
3000,2025-01-01,Finance,Internal Auditor,1,0
3004,2025-01-01,Marketing,Marketing Manager,3,1
3005,2025-01-01,Marketing,Marketing Manager,1,0
3006,2025-01-01,Information Technology,System Administrator,1,0
3011,2025-01-01,Sales,Sales Executive,2,1
3014,2025-01-01,Marketing,Marketing Manager,2,0
3016,2025-01-01,Information Technology,Data Analyst,2,0
3017,2025-01-01,Human Resources,HR Executive,1,1
3018,2025-01-01,Information Technology,Data Analyst,2,1
3027,2025-01-01,Marketing,Marketing Executive,1,0
3031,2025-01-01,Operations,Warehouse Supervisor,0,0
3032,2025-01-01,Human Resources,C&B Specialist,1,0
3034,2025-01-01,Operations,Warehouse Supervisor,1,0
3035,2025-01-01,Human Resources,HR Manager,0,0
3038,2025-01-01,Marketing,Digital Marketing Specialist,1,0
3041,2025-01-01,Human Resources,HR Executive,1,0
3044,2025-01-01,Human Resources,C&B Specialist,1,0
3045,2025-01-01,Operations,Operations Executive,1,0
3047,2025-01-01,Human Resources,C&B Specialist,2,0
3049,2025-01-01,Finance,Finance Manager,2,0
3050,2025-01-01,Human Resources,C&B Specialist,1,0
3051,2025-01-01,Information Technology,System Administrator,2,0
3052,2025-01-01,Human Resources,Recruiter,3,0
3054,2025-01-01,Marketing,Marketing Manager,2,0
3056,2025-01-01,Operations,Operations Manager,0,0
3057,2025-01-01,Finance,Finance Manager,0,0
3059,2025-01-01,Human Resources,C&B Specialist,1,0
3061,2025-01-01,Marketing,Digital Marketing Specialist,1,0
3062,2025-01-01,Operations,Operations Manager,2,0
3064,2025-01-01,Finance,Accountant,2,0
3066,2025-01-01,Human Resources,HR Manager,1,0
3068,2025-01-01,Human Resources,HR Executive,3,0
3070,2025-01-01,Marketing,Marketing Manager,1,0
3072,2025-01-01,Sales,Sales Representative,1,0
3073,2025-01-01,Finance,Finance Manager,1,1
3074,2025-01-01,Marketing,Marketing Manager,2,0
3075,2025-01-01,Finance,Accountant,1,1
3084,2025-01-01,Operations,Procurement Specialist,0,0
3086,2025-01-01,Operations,Operations Manager,1,0
3088,2025-01-01,Information Technology,QA Engineer,2,0
3092,2025-01-01,Marketing,Marketing Manager,1,0
3093,2025-01-01,Marketing,Marketing Manager,0,1
3098,2025-01-01,Operations,Operations Executive,1,0
3099,2025-01-01,Information Technology,IT Support,2,0
3101,2025-01-01,Human Resources,HR Manager,1,0
3102,2025-01-01,Human Resources,C&B Specialist,2,0
3105,2025-01-01,Finance,Finance Manager,0,0
3106,2025-01-01,Finance,Finance Manager,0,0
3107,2025-01-01,Sales,Sales Representative,1,0
3110,2025-01-01,Finance,Finance Manager,1,0
3111,2025-01-01,Sales,Account Manager,1,1
3112,2025-01-01,Information Technology,Data Analyst,1,1
3113,2025-01-01,Finance,Internal Auditor,0,0
3115,2025-01-01,Marketing,Marketing Manager,1,0
3117,2025-01-01,Finance,Financial Analyst,0,1
3118,2025-01-01,Sales,Sales Supervisor,1,0
3122,2025-01-01,Marketing,Content Specialist,0,0
3123,2025-01-01,Sales,Account Manager,2,0
3125,2025-01-01,Information Technology,Software Engineer,3,1
3126,2025-01-01,Information Technology,QA Engineer,1,0
3129,2025-01-01,Marketing,Digital Marketing Specialist,1,0
3131,2025-01-01,Marketing,Marketing Executive,1,0
3134,2025-01-01,Operations,Operations Manager,1,0
3135,2025-01-01,Human Resources,Recruiter,3,0
3136,2025-01-01,Human Resources,Recruiter,1,1
3137,2025-01-01,Marketing,Marketing Executive,2,0
3138,2025-01-01,Sales,Sales Executive,1,0
3144,2025-01-01,Sales,Sales Supervisor,2,0
3145,2025-01-01,Information Technology,System Administrator,1,0
3146,2025-01-01,Information Technology,QA Engineer,1,0
3150,2025-01-01,Human Resources,Recruiter,1,0
3154,2025-01-01,Finance,Finance Manager,3,0
3157,2025-01-01,Marketing,Marketing Executive,1,0
3163,2025-01-01,Finance,Financial Analyst,2,0
3165,2025-01-01,Marketing,Marketing Manager,1,0
3167,2025-01-01,Information Technology,System Administrator,2,0
3168,2025-01-01,Human Resources,HR Manager,1,0
3170,2025-01-01,Marketing,Digital Marketing Specialist,2,0
3171,2025-01-01,Human Resources,HR Manager,3,0
3172,2025-01-01,Sales,Sales Executive,1,1
3174,2025-01-01,Finance,Finance Manager,2,0
3176,2025-01-01,Human Resources,HR Executive,0,0
3178,2025-01-01,Marketing,Content Specialist,0,0
3180,2025-01-01,Information Technology,System Administrator,1,0
3181,2025-01-01,Finance,Finance Manager,1,0
3182,2025-01-01,Sales,Sales Executive,1,0
3184,2025-01-01,Human Resources,HR Executive,1,0
3185,2025-01-01,Information Technology,Data Analyst,1,1
3186,2025-01-01,Human Resources,HR Executive,1,0
3189,2025-01-01,Sales,Sales Executive,0,1
3190,2025-01-01,Marketing,Marketing Manager,0,1
3191,2025-01-01,Human Resources,C&B Specialist,1,0
3192,2025-01-01,Information Technology,Software Engineer,1,0
3195,2025-01-01,Information Technology,QA Engineer,1,0
3196,2025-01-01,Operations,Warehouse Supervisor,0,0
3199,2025-01-01,Human Resources,C&B Specialist,1,0
3200,2025-01-01,Human Resources,HR Executive,1,0
3201,2025-01-01,Marketing,Content Specialist,1,1
3202,2025-01-01,Operations,Operations Manager,0,0
3205,2025-01-01,Human Resources,Recruiter,2,0
3206,2025-01-01,Marketing,Marketing Executive,2,0
3207,2025-01-01,Marketing,Content Specialist,2,0
3208,2025-01-01,Finance,Accountant,3,0
3210,2025-01-01,Operations,Operations Executive,1,0
3212,2025-01-01,Marketing,Marketing Manager,1,0
3215,2025-01-01,Sales,Sales Supervisor,0,0
3216,2025-01-01,Information Technology,IT Support,0,0
3217,2025-01-01,Information Technology,Data Analyst,2,0
3224,2025-01-01,Operations,Warehouse Supervisor,1,0
3228,2025-01-01,Human Resources,HR Manager,0,0
3233,2025-01-01,Human Resources,HR Manager,3,0
3238,2025-01-01,Sales,Sales Supervisor,2,1
3240,2025-01-01,Operations,Operations Executive,1,0
3242,2025-01-01,Information Technology,Software Engineer,1,0
3246,2025-01-01,Sales,Account Manager,0,0
3247,2025-01-01,Human Resources,Recruiter,3,0
3248,2025-01-01,Operations,Procurement Specialist,2,0
3255,2025-01-01,Human Resources,Recruiter,2,0
3256,2025-01-01,Operations,Operations Manager,1,0
3257,2025-01-01,Marketing,Marketing Executive,0,0
3262,2025-01-01,Information Technology,Software Engineer,1,0
3263,2025-01-01,Operations,Warehouse Supervisor,0,0
3264,2025-01-01,Operations,Operations Executive,1,0
3265,2025-01-01,Operations,Operations Executive,1,0
3266,2025-01-01,Marketing,Marketing Executive,1,0
3267,2025-01-01,Marketing,Marketing Manager,1,0
3269,2025-01-01,Human Resources,C&B Specialist,1,0
3270,2025-01-01,Marketing,Marketing Manager,0,0
3273,2025-01-01,Sales,Sales Representative,0,0
3274,2025-01-01,Marketing,Marketing Executive,0,0
3275,2025-01-01,Sales,Sales Executive,1,0
3276,2025-01-01,Sales,Sales Representative,0,0
3280,2025-01-01,Marketing,Content Specialist,2,0
3283,2025-01-01,Marketing,Content Specialist,1,0
3285,2025-01-01,Human Resources,HR Executive,2,0
3287,2025-01-01,Human Resources,HR Executive,2,0
3292,2025-01-01,Information Technology,Data Analyst,1,0
3295,2025-01-01,Finance,Financial Analyst,2,0
3297,2025-01-01,Human Resources,HR Manager,2,0
3298,2025-01-01,Marketing,Digital Marketing Specialist,0,0
3299,2025-01-01,Finance,Finance Manager,2,1
3300,2025-01-01,Sales,Sales Representative,2,0
3302,2025-01-01,Human Resources,C&B Specialist,2,0
3303,2025-01-01,Information Technology,Data Analyst,0,0
3305,2025-01-01,Operations,Procurement Specialist,1,0
3306,2025-01-01,Finance,Finance Manager,1,0
3313,2025-01-01,Information Technology,IT Support,2,0
3316,2025-01-01,Finance,Finance Manager,0,0
3317,2025-01-01,Sales,Sales Executive,2,1
3319,2025-01-01,Finance,Accountant,1,0
3320,2025-01-01,Finance,Internal Auditor,2,0
3322,2025-01-01,Human Resources,HR Manager,1,0
3327,2025-01-01,Operations,Procurement Specialist,1,0
3329,2025-01-01,Sales,Sales Supervisor,0,0
3330,2025-01-01,Sales,Sales Supervisor,1,0
3337,2025-01-01,Information Technology,Data Analyst,0,0
3342,2025-01-01,Sales,Sales Supervisor,1,1
3345,2025-01-01,Information Technology,System Administrator,2,1
3348,2025-01-01,Marketing,Content Specialist,1,1
3349,2025-01-01,Human Resources,HR Manager,1,0
3357,2025-01-01,Marketing,Marketing Manager,1,0
3358,2025-01-01,Operations,Operations Manager,0,0
3359,2025-01-01,Finance,Finance Manager,2,1
3362,2025-01-01,Marketing,Digital Marketing Specialist,1,0
3363,2025-01-01,Operations,Operations Manager,1,0
3364,2025-01-01,Information Technology,IT Support,0,0
3365,2025-01-01,Sales,Sales Executive,0,0
3368,2025-01-01,Operations,Operations Executive,1,0
3369,2025-01-01,Marketing,Digital Marketing Specialist,2,0
3370,2025-01-01,Human Resources,C&B Specialist,0,0
3371,2025-01-01,Human Resources,Recruiter,2,0
3375,2025-01-01,Sales,Sales Supervisor,0,0
3379,2025-01-01,Marketing,Digital Marketing Specialist,3,0
3381,2025-01-01,Human Resources,HR Executive,3,0
3383,2025-01-01,Finance,Accountant,2,0
3384,2025-01-01,Finance,Finance Manager,0,1
3385,2025-01-01,Sales,Sales Representative,1,0
3392,2025-01-01,Operations,Warehouse Supervisor,0,0
3393,2025-01-01,Sales,Sales Supervisor,1,0
3394,2025-01-01,Sales,Sales Representative,1,0
3396,2025-01-01,Sales,Account Manager,1,0
3397,2025-01-01,Human Resources,C&B Specialist,1,0
3398,2025-01-01,Marketing,Marketing Manager,0,0
3400,2025-01-01,Finance,Finance Manager,1,0
3401,2025-01-01,Operations,Operations Executive,1,0
3403,2025-01-01,Human Resources,Recruiter,2,0
3405,2025-01-01,Information Technology,IT Support,1,0
3406,2025-01-01,Information Technology,IT Support,3,0
3408,2025-01-01,Human Resources,C&B Specialist,1,0
3411,2025-01-01,Sales,Sales Executive,0,1
3412,2025-01-01,Finance,Accountant,3,0
3413,2025-01-01,Finance,Finance Manager,2,1
3414,2025-01-01,Sales,Sales Executive,3,0
3416,2025-01-01,Finance,Financial Analyst,0,0
3424,2025-01-01,Information Technology,QA Engineer,1,0
3426,2025-01-01,Operations,Operations Executive,1,0
3430,2025-01-01,Information Technology,Data Analyst,1,0
3432,2025-01-01,Sales,Sales Supervisor,1,0
3435,2025-01-01,Information Technology,Data Analyst,1,0
3436,2025-01-01,Finance,Accountant,1,0
3437,2025-01-01,Sales,Account Manager,0,1
3438,2025-01-01,Finance,Accountant,1,0
3439,2025-01-01,Human Resources,Recruiter,1,0
3440,2025-01-01,Marketing,Content Specialist,2,1
3443,2025-01-01,Sales,Account Manager,0,0
3445,2025-01-01,Information Technology,System Administrator,1,0
3446,2025-01-01,Sales,Account Manager,2,0
3449,2025-01-01,Marketing,Marketing Executive,1,0
3455,2025-01-01,Operations,Procurement Specialist,3,0
3458,2025-01-01,Marketing,Marketing Manager,0,0
3459,2025-01-01,Information Technology,QA Engineer,2,0
3460,2025-01-01,Sales,Account Manager,0,0
3463,2025-01-01,Finance,Financial Analyst,1,0
3464,2025-01-01,Human Resources,HR Executive,3,1
3468,2025-01-01,Information Technology,Data Analyst,1,0
3469,2025-01-01,Information Technology,Data Analyst,1,0
3471,2025-01-01,Operations,Procurement Specialist,0,1
3472,2025-01-01,Human Resources,Recruiter,1,0
3475,2025-01-01,Human Resources,HR Manager,2,0
3483,2025-01-01,Finance,Accountant,1,0
3486,2025-01-01,Marketing,Marketing Manager,3,0
3488,2025-01-01,Marketing,Marketing Manager,0,1
3491,2025-01-01,Sales,Account Manager,1,1
3492,2025-01-01,Operations,Procurement Specialist,0,1
3495,2025-01-01,Sales,Sales Executive,3,0
3498,2025-01-01,Human Resources,C&B Specialist,3,0
3499,2025-01-01,Operations,Operations Manager,1,0
3500,2025-01-01,Information Technology,Software Engineer,1,0
3508,2025-01-01,Information Technology,Data Analyst,1,0
3514,2025-01-01,Finance,Finance Manager,2,0
3516,2025-01-01,Marketing,Marketing Executive,0,0
3517,2025-01-01,Marketing,Digital Marketing Specialist,1,0
3518,2025-01-01,Marketing,Marketing Manager,1,0
3520,2025-01-01,Operations,Operations Executive,0,0
3521,2025-01-01,Finance,Finance Manager,0,0
3522,2025-01-01,Finance,Internal Auditor,1,0
3523,2025-01-01,Sales,Sales Executive,1,0
3524,2025-01-01,Operations,Warehouse Supervisor,1,0
3526,2025-01-01,Information Technology,Software Engineer,2,0
3529,2025-01-01,Marketing,Marketing Executive,0,0
3530,2025-01-01,Sales,Sales Executive,1,0
3533,2025-01-01,Marketing,Digital Marketing Specialist,1,0
3536,2025-01-01,Marketing,Content Specialist,1,0
3537,2025-01-01,Sales,Account Manager,1,0
3538,2025-01-01,Sales,Account Manager,1,0
3539,2025-01-01,Information Technology,IT Support,1,0
3543,2025-01-01,Finance,Accountant,0,0
3545,2025-01-01,Marketing,Content Specialist,1,0
3546,2025-01-01,Sales,Account Manager,0,0
3547,2025-01-01,Information Technology,QA Engineer,2,0
3548,2025-01-01,Marketing,Content Specialist,2,0
3549,2025-01-01,Marketing,Marketing Manager,1,0
3553,2025-01-01,Human Resources,HR Executive,0,0
3555,2025-01-01,Human Resources,C&B Specialist,2,0
3556,2025-01-01,Human Resources,C&B Specialist,1,0
3557,2025-01-01,Marketing,Digital Marketing Specialist,1,0
3559,2025-01-01,Operations,Operations Manager,1,1
3561,2025-01-01,Information Technology,IT Support,0,0
3563,2025-01-01,Information Technology,Data Analyst,1,0
3564,2025-01-01,Sales,Sales Executive,1,0
3566,2025-01-01,Marketing,Content Specialist,1,1
3568,2025-01-01,Marketing,Marketing Manager,1,1
3574,2025-01-01,Operations,Warehouse Supervisor,1,0
3576,2025-01-01,Information Technology,IT Support,1,0
3579,2025-01-01,Marketing,Marketing Manager,1,0
3580,2025-01-01,Operations,Warehouse Supervisor,1,1
3588,2025-01-01,Sales,Sales Executive,0,0
3593,2025-01-01,Operations,Operations Executive,1,0
3598,2025-01-01,Marketing,Marketing Executive,2,0
3600,2025-01-01,Finance,Financial Analyst,0,0
3601,2025-01-01,Finance,Financial Analyst,1,0
3602,2025-01-01,Finance,Finance Manager,1,0
3603,2025-01-01,Information Technology,System Administrator,1,1
3604,2025-01-01,Information Technology,QA Engineer,2,0
3608,2025-01-01,Human Resources,C&B Specialist,0,0
3609,2025-01-01,Marketing,Marketing Manager,0,1
3610,2025-01-01,Sales,Sales Executive,0,0
3611,2025-01-01,Sales,Account Manager,2,0
3612,2025-01-01,Operations,Warehouse Supervisor,2,0
3613,2025-01-01,Marketing,Marketing Manager,1,0
3617,2025-01-01,Finance,Financial Analyst,1,0
3618,2025-01-01,Information Technology,System Administrator,1,0
3619,2025-01-01,Operations,Operations Executive,3,0
3622,2025-01-01,Marketing,Content Specialist,0,0
3623,2025-01-01,Finance,Accountant,2,0
3629,2025-01-01,Marketing,Marketing Executive,1,0
3636,2025-01-01,Marketing,Digital Marketing Specialist,1,0
3638,2025-01-01,Finance,Internal Auditor,1,0
3641,2025-01-01,Finance,Internal Auditor,1,0
3643,2025-01-01,Information Technology,Data Analyst,2,0
3645,2025-01-01,Finance,Internal Auditor,1,0
3647,2025-01-01,Sales,Sales Executive,1,0
3650,2025-01-01,Finance,Finance Manager,1,0
3655,2025-01-01,Information Technology,System Administrator,0,0
3656,2025-01-01,Finance,Finance Manager,2,0
3660,2025-01-01,Sales,Sales Supervisor,1,0
3662,2025-01-01,Human Resources,HR Executive,1,1
3664,2025-01-01,Operations,Operations Executive,1,0
3666,2025-01-01,Information Technology,IT Support,0,0
3667,2025-01-01,Finance,Internal Auditor,2,0
3668,2025-01-01,Finance,Financial Analyst,3,1
3672,2025-01-01,Information Technology,QA Engineer,1,0
3675,2025-01-01,Human Resources,C&B Specialist,0,0
3676,2025-01-01,Information Technology,System Administrator,0,0
3678,2025-01-01,Sales,Account Manager,0,0
3679,2025-01-01,Information Technology,System Administrator,3,0
3682,2025-01-01,Operations,Warehouse Supervisor,0,0
3685,2025-01-01,Sales,Sales Representative,2,0
3686,2025-01-01,Human Resources,C&B Specialist,1,0
3688,2025-01-01,Operations,Operations Executive,1,0
3691,2025-01-01,Finance,Finance Manager,2,0
3695,2025-01-01,Human Resources,C&B Specialist,1,0
3698,2025-01-01,Information Technology,Data Analyst,0,0
3699,2025-01-01,Information Technology,IT Support,2,0
3701,2025-01-01,Operations,Warehouse Supervisor,0,0
3702,2025-01-01,Sales,Sales Executive,3,0
3705,2025-01-01,Human Resources,HR Manager,1,1
3706,2025-01-01,Information Technology,QA Engineer,2,1
3707,2025-01-01,Sales,Sales Supervisor,1,0
3708,2025-01-01,Information Technology,System Administrator,0,0
3709,2025-01-01,Operations,Warehouse Supervisor,1,0
3711,2025-01-01,Information Technology,System Administrator,0,0
3712,2025-01-01,Marketing,Marketing Manager,1,0
3714,2025-01-01,Marketing,Content Specialist,0,0
3721,2025-01-01,Finance,Financial Analyst,1,0
3724,2025-01-01,Information Technology,Data Analyst,2,0
3725,2025-01-01,Finance,Financial Analyst,3,0
3726,2025-01-01,Finance,Internal Auditor,3,0
3727,2025-01-01,Marketing,Marketing Executive,0,0
3728,2025-01-01,Human Resources,HR Executive,0,0
3732,2025-01-01,Operations,Operations Manager,2,1
3737,2025-01-01,Marketing,Marketing Executive,1,0
3740,2025-01-01,Human Resources,HR Manager,2,0
3741,2025-01-01,Sales,Sales Executive,3,0
3742,2025-01-01,Operations,Operations Executive,2,0
3746,2025-01-01,Human Resources,C&B Specialist,1,0
3749,2025-01-01,Finance,Accountant,2,0
3753,2025-01-01,Operations,Warehouse Supervisor,2,0
3754,2025-01-01,Finance,Accountant,0,0
3755,2025-01-01,Operations,Operations Executive,0,0
3758,2025-01-01,Human Resources,C&B Specialist,1,0
3760,2025-01-01,Operations,Operations Manager,0,0
3761,2025-01-01,Human Resources,HR Executive,1,1
3762,2025-01-01,Finance,Internal Auditor,0,0
3763,2025-01-01,Marketing,Marketing Executive,1,0
3765,2025-01-01,Sales,Sales Executive,3,0
3769,2025-01-01,Sales,Sales Executive,2,1
3770,2025-01-01,Sales,Sales Representative,1,0
3771,2025-01-01,Sales,Sales Supervisor,2,0
3774,2025-01-01,Human Resources,C&B Specialist,3,1
3775,2025-01-01,Marketing,Marketing Manager,1,0
3777,2025-01-01,Finance,Accountant,1,0
3781,2025-01-01,Finance,Finance Manager,1,0
3784,2025-01-01,Human Resources,Recruiter,0,0
3786,2025-01-01,Marketing,Digital Marketing Specialist,1,0
3788,2025-01-01,Human Resources,C&B Specialist,0,1
3790,2025-01-01,Finance,Accountant,1,1
3794,2025-01-01,Information Technology,QA Engineer,1,0
3798,2025-01-01,Operations,Procurement Specialist,0,0
3799,2025-01-01,Human Resources,C&B Specialist,0,0
3800,2025-01-01,Marketing,Content Specialist,3,0
3801,2025-01-01,Finance,Financial Analyst,1,0
3802,2025-01-01,Finance,Accountant,1,0
3805,2025-01-01,Operations,Procurement Specialist,0,0
3806,2025-01-01,Operations,Operations Executive,0,0
3808,2025-01-01,Marketing,Content Specialist,1,0
3810,2025-01-01,Information Technology,Data Analyst,1,0
3811,2025-01-01,Finance,Internal Auditor,0,1
3813,2025-01-01,Marketing,Digital Marketing Specialist,0,0
3815,2025-01-01,Marketing,Content Specialist,0,0
3816,2025-01-01,Sales,Sales Executive,0,0
3818,2025-01-01,Sales,Sales Representative,3,0
3820,2025-01-01,Human Resources,HR Manager,1,0
3822,2025-01-01,Marketing,Digital Marketing Specialist,0,0
3826,2025-01-01,Sales,Sales Supervisor,1,0
3827,2025-01-01,Information Technology,QA Engineer,1,0
3828,2025-01-01,Information Technology,Data Analyst,0,0
3835,2025-01-01,Human Resources,Recruiter,1,1
3838,2025-01-01,Marketing,Marketing Manager,0,0
3840,2025-01-01,Marketing,Marketing Executive,0,0
3843,2025-01-01,Marketing,Marketing Manager,2,1
3845,2025-01-01,Marketing,Content Specialist,1,0
3846,2025-01-01,Operations,Warehouse Supervisor,1,0
3851,2025-01-01,Finance,Internal Auditor,1,0
3854,2025-01-01,Sales,Sales Executive,1,0
3858,2025-01-01,Information Technology,IT Support,1,0
3862,2025-01-01,Finance,Financial Analyst,3,1
3867,2025-01-01,Human Resources,HR Manager,1,0
3868,2025-01-01,Sales,Sales Representative,1,0
3869,2025-01-01,Operations,Procurement Specialist,1,0
3871,2025-01-01,Information Technology,QA Engineer,1,0
3884,2025-01-01,Finance,Financial Analyst,1,0
3887,2025-01-01,Finance,Internal Auditor,1,0
3890,2025-01-01,Marketing,Content Specialist,3,1
3891,2025-01-01,Sales,Sales Representative,2,1
3893,2025-01-01,Operations,Operations Executive,2,0
3895,2025-01-01,Operations,Operations Manager,2,0
3897,2025-01-01,Operations,Procurement Specialist,1,1
3901,2025-01-01,Finance,Financial Analyst,2,0
3902,2025-01-01,Finance,Financial Analyst,1,0
3904,2025-01-01,Finance,Finance Manager,2,1
3905,2025-01-01,Information Technology,QA Engineer,2,0
3910,2025-01-01,Information Technology,QA Engineer,3,0
3911,2025-01-01,Information Technology,QA Engineer,1,0
3912,2025-01-01,Sales,Sales Supervisor,1,0
3915,2025-01-01,Finance,Internal Auditor,0,0
3916,2025-01-01,Marketing,Marketing Executive,1,0
3919,2025-01-01,Marketing,Marketing Manager,2,0
3921,2025-01-01,Human Resources,HR Executive,0,0
3922,2025-01-01,Marketing,Content Specialist,2,0
3929,2025-01-01,Operations,Warehouse Supervisor,1,1
3930,2025-01-01,Operations,Warehouse Supervisor,2,1
3932,2025-01-01,Sales,Sales Representative,1,0
3933,2025-01-01,Operations,Procurement Specialist,0,0
3937,2025-01-01,Marketing,Marketing Manager,0,0
3939,2025-01-01,Finance,Finance Manager,1,0
3940,2025-01-01,Sales,Sales Supervisor,1,0
3941,2025-01-01,Operations,Operations Manager,1,1
3943,2025-01-01,Human Resources,Recruiter,1,1
3950,2025-01-01,Information Technology,QA Engineer,1,0
3952,2025-01-01,Operations,Warehouse Supervisor,1,0
3954,2025-01-01,Human Resources,HR Manager,2,0
3955,2025-01-01,Finance,Financial Analyst,3,0
3956,2025-01-01,Operations,Warehouse Supervisor,0,1
3962,2025-01-01,Operations,Operations Manager,0,0
3963,2025-01-01,Sales,Sales Supervisor,0,0
3964,2025-01-01,Human Resources,Recruiter,1,0
3965,2025-01-01,Marketing,Marketing Manager,1,0
3966,2025-01-01,Operations,Operations Manager,0,0
3967,2025-01-01,Operations,Operations Executive,1,0
3968,2025-01-01,Information Technology,IT Support,2,0
3971,2025-01-01,Operations,Operations Executive,3,0
3979,2025-01-01,Operations,Operations Executive,1,1
3984,2025-01-01,Information Technology,Software Engineer,1,0
3985,2025-01-01,Sales,Account Manager,1,0
3986,2025-01-01,Marketing,Marketing Executive,3,0
3990,2025-01-01,Finance,Finance Manager,1,1
3995,2025-01-01,Sales,Sales Representative,1,0
3997,2025-01-01,Human Resources,C&B Specialist,2,0
3998,2025-01-01,Marketing,Content Specialist,1,0
3999,2025-01-01,Operations,Procurement Specialist,1,0
4000,2025-01-01,Information Technology,System Administrator,0,0
4009,2025-01-01,Sales,Account Manager,1,0
4011,2025-01-01,Operations,Operations Executive,2,0
4013,2025-01-01,Information Technology,System Administrator,3,0
4016,2025-01-01,Information Technology,Data Analyst,1,0
4019,2025-01-01,Operations,Warehouse Supervisor,0,0
4022,2025-01-01,Marketing,Marketing Executive,1,1
4024,2025-01-01,Marketing,Marketing Manager,1,0
4026,2025-01-01,Human Resources,C&B Specialist,1,0
4030,2025-01-01,Marketing,Digital Marketing Specialist,0,0
4037,2025-01-01,Sales,Sales Supervisor,0,0
4042,2025-01-01,Operations,Warehouse Supervisor,1,0
4045,2025-01-01,Human Resources,C&B Specialist,2,0
4046,2025-01-01,Sales,Sales Representative,2,0
4048,2025-01-01,Finance,Accountant,1,0
4054,2025-01-01,Information Technology,Software Engineer,1,1
4058,2025-01-01,Finance,Financial Analyst,2,0
4061,2025-01-01,Finance,Internal Auditor,0,0
4062,2025-01-01,Marketing,Marketing Executive,1,0
4063,2025-01-01,Information Technology,Data Analyst,1,0
4065,2025-01-01,Human Resources,C&B Specialist,1,0
4067,2025-01-01,Human Resources,Recruiter,0,0
4068,2025-01-01,Human Resources,C&B Specialist,2,0
4070,2025-01-01,Human Resources,HR Executive,1,1
4071,2025-01-01,Finance,Financial Analyst,1,0
4072,2025-01-01,Information Technology,Data Analyst,3,0
4074,2025-01-01,Operations,Operations Manager,1,0
4075,2025-01-01,Marketing,Content Specialist,1,0
4077,2025-01-01,Marketing,Marketing Manager,1,0
4078,2025-01-01,Human Resources,HR Manager,1,0
4079,2025-01-01,Information Technology,IT Support,1,0
4080,2025-01-01,Operations,Procurement Specialist,1,0
4081,2025-01-01,Sales,Sales Representative,1,1
4082,2025-01-01,Human Resources,Recruiter,2,0
4083,2025-01-01,Sales,Sales Supervisor,1,0
4084,2025-01-01,Marketing,Content Specialist,2,0
4086,2025-01-01,Finance,Finance Manager,2,0
4088,2025-01-01,Human Resources,Recruiter,1,1
4090,2025-01-01,Human Resources,C&B Specialist,2,0
4094,2025-01-01,Marketing,Marketing Manager,1,0
4095,2025-01-01,Sales,Account Manager,0,0
4097,2025-01-01,Information Technology,Data Analyst,0,0
4098,2025-01-01,Sales,Sales Representative,0,0
4099,2025-01-01,Sales,Sales Supervisor,3,0
4101,2025-01-01,Sales,Sales Representative,1,0
4102,2025-01-01,Finance,Accountant,2,0
4103,2025-01-01,Marketing,Digital Marketing Specialist,1,0
4104,2025-01-01,Marketing,Marketing Executive,1,0
4106,2025-01-01,Information Technology,QA Engineer,3,0
4107,2025-01-01,Sales,Sales Supervisor,0,0
4108,2025-01-01,Information Technology,Software Engineer,1,0
4113,2025-01-01,Human Resources,HR Executive,1,0
4120,2025-01-01,Operations,Procurement Specialist,1,1
4121,2025-01-01,Marketing,Marketing Executive,1,1
4126,2025-01-01,Human Resources,C&B Specialist,1,0
4128,2025-01-01,Marketing,Content Specialist,1,0
4130,2025-01-01,Operations,Procurement Specialist,0,1
4131,2025-01-01,Human Resources,HR Manager,1,0
4132,2025-01-01,Human Resources,HR Executive,3,0
4134,2025-01-01,Finance,Financial Analyst,2,0
4138,2025-01-01,Finance,Accountant,0,0
4142,2025-01-01,Operations,Operations Manager,2,1
4147,2025-01-01,Marketing,Digital Marketing Specialist,0,0
4153,2025-01-01,Human Resources,HR Executive,1,0
4154,2025-01-01,Marketing,Marketing Executive,1,0
4156,2025-01-01,Marketing,Marketing Manager,1,0
4157,2025-01-01,Information Technology,IT Support,2,1
4158,2025-01-01,Finance,Accountant,1,0
4163,2025-01-01,Information Technology,System Administrator,0,1
4165,2025-01-01,Marketing,Digital Marketing Specialist,1,0
4166,2025-01-01,Finance,Internal Auditor,1,0
4167,2025-01-01,Operations,Warehouse Supervisor,1,0
4170,2025-01-01,Information Technology,Data Analyst,1,0
4171,2025-01-01,Operations,Procurement Specialist,2,1
4176,2025-01-01,Sales,Sales Representative,1,0
4177,2025-01-01,Operations,Operations Executive,1,0
4180,2025-01-01,Sales,Sales Executive,0,0
4181,2025-01-01,Sales,Account Manager,2,0
4183,2025-01-01,Information Technology,IT Support,0,0
4185,2025-01-01,Operations,Operations Manager,0,0
4186,2025-01-01,Human Resources,HR Manager,1,0
4189,2025-01-01,Marketing,Marketing Manager,1,1
4191,2025-01-01,Marketing,Marketing Manager,1,1
4192,2025-01-01,Marketing,Content Specialist,2,0
4194,2025-01-01,Marketing,Marketing Executive,2,1
4197,2025-01-01,Human Resources,Recruiter,0,0
4198,2025-01-01,Operations,Procurement Specialist,0,1
4199,2025-01-01,Marketing,Marketing Manager,1,0
4200,2025-01-01,Finance,Financial Analyst,1,0
4201,2025-01-01,Operations,Operations Manager,1,0
4207,2025-01-01,Information Technology,Software Engineer,1,0
4208,2025-01-01,Human Resources,C&B Specialist,3,0
4209,2025-01-01,Sales,Sales Representative,1,0
4211,2025-01-01,Human Resources,Recruiter,3,0
4215,2025-01-01,Information Technology,System Administrator,1,0
4219,2025-01-01,Human Resources,HR Manager,3,1
4220,2025-01-01,Information Technology,Software Engineer,1,0
4223,2025-01-01,Sales,Sales Executive,0,1
4225,2025-01-01,Information Technology,Data Analyst,1,0
4226,2025-01-01,Marketing,Digital Marketing Specialist,2,0
4227,2025-01-01,Human Resources,Recruiter,2,0
4230,2025-01-01,Finance,Financial Analyst,2,0
4231,2025-01-01,Operations,Procurement Specialist,0,0
4234,2025-01-01,Information Technology,Data Analyst,1,0
4235,2025-01-01,Sales,Sales Representative,1,0
4236,2025-01-01,Marketing,Content Specialist,0,0
4239,2025-01-01,Operations,Warehouse Supervisor,0,0
4240,2025-01-01,Operations,Operations Manager,2,0
4243,2025-01-01,Sales,Sales Representative,0,0
4245,2025-01-01,Information Technology,System Administrator,1,0
4247,2025-01-01,Human Resources,HR Executive,2,0
4249,2025-01-01,Human Resources,Recruiter,2,0
4250,2025-01-01,Human Resources,Recruiter,1,0
4252,2025-01-01,Marketing,Marketing Executive,0,0
4253,2025-01-01,Human Resources,Recruiter,3,0
4256,2025-01-01,Marketing,Digital Marketing Specialist,1,1
4257,2025-01-01,Marketing,Digital Marketing Specialist,1,0
4258,2025-01-01,Finance,Finance Manager,2,0
4265,2025-01-01,Sales,Sales Supervisor,1,0
4268,2025-01-01,Information Technology,Data Analyst,0,1
4271,2025-01-01,Information Technology,IT Support,0,0
4273,2025-01-01,Human Resources,Recruiter,1,1
4274,2025-01-01,Human Resources,HR Manager,0,0
4280,2025-01-01,Information Technology,QA Engineer,1,0
4283,2025-01-01,Sales,Sales Supervisor,1,0
4284,2025-01-01,Operations,Operations Executive,1,1
4285,2025-01-01,Marketing,Content Specialist,0,0
4286,2025-01-01,Information Technology,Software Engineer,1,0
4289,2025-01-01,Operations,Operations Manager,1,0
4291,2025-01-01,Marketing,Marketing Manager,0,0
4292,2025-01-01,Finance,Financial Analyst,3,0
4293,2025-01-01,Finance,Finance Manager,0,0
4294,2025-01-01,Operations,Warehouse Supervisor,1,0
4295,2025-01-01,Sales,Account Manager,1,0
4296,2025-01-01,Information Technology,Data Analyst,1,0
4298,2025-01-01,Sales,Sales Supervisor,2,0
4299,2025-01-01,Finance,Finance Manager,1,0
4300,2025-01-01,Marketing,Digital Marketing Specialist,1,0
4309,2025-01-01,Finance,Finance Manager,0,0
4310,2025-01-01,Human Resources,HR Manager,0,0
4311,2025-01-01,Human Resources,HR Manager,0,0
4313,2025-01-01,Human Resources,HR Manager,3,0
4315,2025-01-01,Marketing,Marketing Manager,3,0
4319,2025-01-01,Marketing,Marketing Manager,1,0
4320,2025-01-01,Information Technology,QA Engineer,1,0
4321,2025-01-01,Sales,Sales Representative,1,0
4323,2025-01-01,Marketing,Content Specialist,1,0
4325,2025-01-01,Finance,Finance Manager,0,0
4329,2025-01-01,Information Technology,System Administrator,0,0
4330,2025-01-01,Human Resources,HR Manager,1,0
4335,2025-01-01,Sales,Sales Supervisor,1,1
4339,2025-01-01,Human Resources,Recruiter,2,1
4341,2025-01-01,Sales,Sales Supervisor,0,0
4342,2025-01-01,Operations,Operations Executive,1,0
4344,2025-01-01,Operations,Procurement Specialist,0,0
4345,2025-01-01,Human Resources,HR Executive,2,1
4346,2025-01-01,Sales,Account Manager,1,0
4354,2025-01-01,Finance,Accountant,2,0
4355,2025-01-01,Human Resources,Recruiter,0,0
4358,2025-01-01,Marketing,Content Specialist,1,0
4360,2025-01-01,Finance,Accountant,2,0
4368,2025-01-01,Marketing,Content Specialist,1,0
4369,2025-01-01,Marketing,Marketing Executive,0,0
4372,2025-01-01,Operations,Operations Manager,0,0
4373,2025-01-01,Marketing,Digital Marketing Specialist,1,0
4375,2025-01-01,Marketing,Marketing Executive,0,0
4381,2025-01-01,Marketing,Digital Marketing Specialist,1,0
4382,2025-01-01,Marketing,Digital Marketing Specialist,0,0
4384,2025-01-01,Human Resources,HR Executive,1,0
4389,2025-01-01,Finance,Finance Manager,0,0
4391,2025-01-01,Marketing,Digital Marketing Specialist,2,0
4393,2025-01-01,Finance,Accountant,1,0
4396,2025-01-01,Sales,Sales Supervisor,3,0
4398,2025-01-01,Human Resources,HR Executive,1,0
4403,2025-01-01,Marketing,Marketing Executive,0,0
4404,2025-01-01,Marketing,Marketing Manager,1,0
4406,2025-01-01,Finance,Finance Manager,1,0
4410,2025-01-01,Sales,Sales Supervisor,1,1
4411,2025-01-01,Marketing,Marketing Executive,1,0
4412,2025-01-01,Finance,Internal Auditor,3,0
4417,2025-01-01,Marketing,Marketing Executive,1,0
4419,2025-01-01,Human Resources,Recruiter,1,0
4421,2025-01-01,Human Resources,HR Executive,1,0
4422,2025-01-01,Finance,Financial Analyst,1,0
4423,2025-01-01,Information Technology,Data Analyst,1,0
4424,2025-01-01,Human Resources,C&B Specialist,0,0
4426,2025-01-01,Operations,Operations Executive,2,1
4427,2025-01-01,Sales,Account Manager,1,0
4428,2025-01-01,Information Technology,Data Analyst,0,0
4429,2025-01-01,Finance,Finance Manager,2,0
4431,2025-01-01,Information Technology,Software Engineer,0,0
4432,2025-01-01,Human Resources,Recruiter,0,0
4433,2025-01-01,Information Technology,Data Analyst,1,0
4434,2025-01-01,Finance,Finance Manager,1,0
4435,2025-01-01,Finance,Financial Analyst,1,0
4436,2025-01-01,Marketing,Marketing Executive,1,0
4437,2025-01-01,Information Technology,Data Analyst,3,0
4438,2025-01-01,Sales,Account Manager,1,0
4440,2025-01-01,Sales,Sales Executive,1,0
4442,2025-01-01,Marketing,Content Specialist,0,0
4443,2025-01-01,Marketing,Marketing Executive,2,0
4446,2025-01-01,Operations,Operations Manager,1,0
4448,2025-01-01,Information Technology,System Administrator,0,0
4449,2025-01-01,Finance,Accountant,1,0
4450,2025-01-01,Human Resources,HR Executive,0,0
4451,2025-01-01,Sales,Account Manager,0,0
4453,2025-01-01,Operations,Operations Manager,0,0
4454,2025-01-01,Human Resources,HR Executive,0,0
4459,2025-01-01,Sales,Account Manager,0,0
4461,2025-01-01,Sales,Sales Representative,1,1
4465,2025-01-01,Information Technology,IT Support,0,1
4466,2025-01-01,Human Resources,HR Manager,2,0
4467,2025-01-01,Human Resources,Recruiter,3,0
4468,2025-01-01,Operations,Operations Manager,1,0
4472,2025-01-01,Sales,Sales Representative,0,0
4474,2025-01-01,Operations,Procurement Specialist,1,1
4475,2025-01-01,Finance,Accountant,2,0
4476,2025-01-01,Sales,Sales Representative,2,1
4479,2025-01-01,Information Technology,QA Engineer,1,1
4480,2025-01-01,Sales,Account Manager,1,0
4482,2025-01-01,Operations,Operations Manager,3,1
4483,2025-01-01,Finance,Finance Manager,2,0
4485,2025-01-01,Sales,Sales Supervisor,1,0
4492,2025-01-01,Human Resources,HR Manager,2,0
4495,2025-01-01,Operations,Procurement Specialist,1,0
4496,2025-01-01,Sales,Sales Executive,0,0
4498,2025-01-01,Human Resources,HR Executive,3,0
4499,2025-01-01,Human Resources,HR Executive,1,0
4500,2025-01-01,Human Resources,Recruiter,2,1
4503,2025-01-01,Finance,Financial Analyst,3,0
4504,2025-01-01,Finance,Accountant,2,0
4510,2025-01-01,Sales,Sales Executive,2,0
4515,2025-01-01,Human Resources,C&B Specialist,0,0
4517,2025-01-01,Information Technology,IT Support,1,0
4519,2025-01-01,Sales,Sales Executive,1,0
4521,2025-01-01,Information Technology,QA Engineer,3,1
4522,2025-01-01,Information Technology,System Administrator,1,0
4523,2025-01-01,Operations,Operations Executive,0,0
4526,2025-01-01,Sales,Sales Representative,0,0
4528,2025-01-01,Marketing,Content Specialist,0,0
4532,2025-01-01,Finance,Accountant,2,0
4533,2025-01-01,Sales,Sales Executive,2,1
4535,2025-01-01,Information Technology,QA Engineer,1,1
4536,2025-01-01,Marketing,Marketing Executive,2,0
4537,2025-01-01,Sales,Sales Representative,1,0
4541,2025-01-01,Sales,Sales Executive,1,1
4543,2025-01-01,Human Resources,Recruiter,1,0
4544,2025-01-01,Operations,Procurement Specialist,1,1
4546,2025-01-01,Marketing,Marketing Manager,0,0
4550,2025-01-01,Sales,Account Manager,1,0
4556,2025-01-01,Marketing,Marketing Executive,1,1
4557,2025-01-01,Information Technology,IT Support,0,1
4558,2025-01-01,Information Technology,Data Analyst,1,1
4560,2025-01-01,Operations,Warehouse Supervisor,1,0
4561,2025-01-01,Marketing,Marketing Manager,3,0
4562,2025-01-01,Human Resources,Recruiter,1,0
4564,2025-01-01,Finance,Accountant,1,0
4568,2025-01-01,Finance,Finance Manager,1,0
4569,2025-01-01,Operations,Procurement Specialist,1,0
4571,2025-01-01,Information Technology,QA Engineer,1,0
4573,2025-01-01,Operations,Operations Manager,0,0
4574,2025-01-01,Operations,Operations Executive,1,0
4577,2025-01-01,Information Technology,Data Analyst,1,0
4578,2025-01-01,Operations,Operations Manager,0,0
4580,2025-01-01,Human Resources,Recruiter,2,1
4584,2025-01-01,Information Technology,Data Analyst,2,0
4585,2025-01-01,Sales,Sales Representative,1,0
4586,2025-01-01,Human Resources,C&B Specialist,1,0
4587,2025-01-01,Finance,Internal Auditor,1,0
4592,2025-01-01,Operations,Procurement Specialist,0,0
4594,2025-01-01,Sales,Sales Supervisor,1,0
4595,2025-01-01,Operations,Warehouse Supervisor,1,0
4596,2025-01-01,Operations,Operations Executive,2,0
4598,2025-01-01,Sales,Sales Executive,1,0
4600,2025-01-01,Information Technology,System Administrator,3,0
4602,2025-01-01,Marketing,Content Specialist,0,0
4603,2025-01-01,Sales,Sales Representative,1,0
4606,2025-01-01,Sales,Sales Executive,1,0
4607,2025-01-01,Sales,Sales Representative,2,0
4608,2025-01-01,Sales,Sales Supervisor,1,0
4609,2025-01-01,Marketing,Marketing Manager,0,0
4610,2025-01-01,Finance,Internal Auditor,2,0
4612,2025-01-01,Marketing,Marketing Executive,3,0
4614,2025-01-01,Human Resources,HR Executive,1,0
4615,2025-01-01,Marketing,Marketing Manager,0,0
4616,2025-01-01,Marketing,Content Specialist,2,0
4617,2025-01-01,Information Technology,System Administrator,3,0
4621,2025-01-01,Information Technology,IT Support,1,0
4622,2025-01-01,Marketing,Content Specialist,1,0
4625,2025-01-01,Marketing,Marketing Executive,0,0
4626,2025-01-01,Operations,Operations Manager,3,0
4628,2025-01-01,Information Technology,System Administrator,2,0
4630,2025-01-01,Operations,Operations Manager,0,0
4633,2025-01-01,Finance,Accountant,1,1
4638,2025-01-01,Marketing,Digital Marketing Specialist,1,1
4639,2025-01-01,Information Technology,System Administrator,1,0
4640,2025-01-01,Finance,Finance Manager,1,0
4641,2025-01-01,Finance,Financial Analyst,1,0
4642,2025-01-01,Operations,Warehouse Supervisor,2,0
4644,2025-01-01,Operations,Procurement Specialist,0,0
4650,2025-01-01,Human Resources,HR Executive,1,0
4651,2025-01-01,Finance,Accountant,1,0
4652,2025-01-01,Finance,Accountant,1,0
4653,2025-01-01,Marketing,Marketing Manager,2,0
4659,2025-01-01,Human Resources,C&B Specialist,1,0
4661,2025-01-01,Information Technology,Software Engineer,1,0
4662,2025-01-01,Information Technology,QA Engineer,0,1
4663,2025-01-01,Finance,Financial Analyst,2,0
4664,2025-01-01,Operations,Operations Manager,2,0
4667,2025-01-01,Sales,Sales Representative,1,0
4669,2025-01-01,Marketing,Marketing Executive,1,0
4671,2025-01-01,Information Technology,System Administrator,3,1
4676,2025-01-01,Human Resources,HR Executive,0,0
4677,2025-01-01,Human Resources,HR Manager,1,0
4679,2025-01-01,Sales,Account Manager,1,0
4681,2025-01-01,Operations,Operations Manager,1,0
4682,2025-01-01,Human Resources,HR Executive,1,1
4684,2025-01-01,Operations,Operations Executive,0,0
4685,2025-01-01,Marketing,Marketing Manager,0,1
4686,2025-01-01,Sales,Sales Executive,0,0
4687,2025-01-01,Marketing,Content Specialist,2,0
4690,2025-01-01,Marketing,Marketing Manager,1,0
4693,2025-01-01,Operations,Procurement Specialist,2,0
4694,2025-01-01,Marketing,Content Specialist,0,0
4696,2025-01-01,Human Resources,C&B Specialist,2,0
4704,2025-01-01,Finance,Internal Auditor,2,0
4705,2025-01-01,Information Technology,System Administrator,0,0
4706,2025-01-01,Human Resources,HR Executive,1,1
4707,2025-01-01,Information Technology,Software Engineer,1,0
4709,2025-01-01,Sales,Sales Supervisor,0,0
4710,2025-01-01,Finance,Financial Analyst,1,0
4711,2025-01-01,Operations,Operations Manager,2,0
4712,2025-01-01,Finance,Financial Analyst,1,0
4713,2025-01-01,Marketing,Content Specialist,1,0
4716,2025-01-01,Human Resources,HR Executive,1,0
4717,2025-01-01,Sales,Sales Supervisor,1,1
4719,2025-01-01,Marketing,Digital Marketing Specialist,3,0
4722,2025-01-01,Operations,Warehouse Supervisor,1,0
4725,2025-01-01,Sales,Sales Executive,0,0
4727,2025-01-01,Human Resources,C&B Specialist,2,0
4728,2025-01-01,Sales,Sales Supervisor,1,0
4729,2025-01-01,Finance,Internal Auditor,1,0
4730,2025-01-01,Information Technology,Software Engineer,0,1
4735,2025-01-01,Information Technology,QA Engineer,3,0
4736,2025-01-01,Information Technology,System Administrator,0,0
4739,2025-01-01,Human Resources,HR Manager,1,1
4740,2025-01-01,Human Resources,HR Executive,0,0
4741,2025-01-01,Marketing,Marketing Manager,1,0
4746,2025-01-01,Information Technology,IT Support,2,0
4747,2025-01-01,Operations,Operations Executive,1,0
4748,2025-01-01,Operations,Warehouse Supervisor,3,0
4750,2025-01-01,Finance,Accountant,0,0
4751,2025-01-01,Information Technology,System Administrator,1,0
4752,2025-01-01,Marketing,Content Specialist,0,0
4754,2025-01-01,Finance,Accountant,1,0
4756,2025-01-01,Sales,Sales Representative,3,0
4757,2025-01-01,Sales,Sales Representative,1,0
4759,2025-01-01,Marketing,Marketing Executive,1,1
4764,2025-01-01,Information Technology,System Administrator,1,0
4767,2025-01-01,Marketing,Digital Marketing Specialist,1,1
4769,2025-01-01,Information Technology,Software Engineer,3,1
4774,2025-01-01,Sales,Sales Supervisor,2,0
4775,2025-01-01,Operations,Procurement Specialist,1,0
4776,2025-01-01,Sales,Account Manager,2,0
4778,2025-01-01,Information Technology,Software Engineer,1,1
4783,2025-01-01,Human Resources,HR Executive,3,0
4784,2025-01-01,Operations,Operations Manager,1,0
4785,2025-01-01,Information Technology,IT Support,0,0
4786,2025-01-01,Human Resources,HR Manager,0,0
4787,2025-01-01,Sales,Sales Representative,1,0
4788,2025-01-01,Information Technology,QA Engineer,3,0
4789,2025-01-01,Sales,Sales Executive,2,0
4792,2025-01-01,Human Resources,HR Executive,1,0
4800,2025-01-01,Sales,Account Manager,2,1
4802,2025-01-01,Operations,Operations Executive,1,0
4804,2025-01-01,Marketing,Marketing Executive,2,0
4811,2025-01-01,Sales,Sales Representative,1,0
4813,2025-01-01,Sales,Account Manager,1,0
4815,2025-01-01,Sales,Account Manager,1,0
4816,2025-01-01,Information Technology,System Administrator,1,0
4821,2025-01-01,Sales,Account Manager,1,0
4823,2025-01-01,Operations,Operations Manager,2,1
4824,2025-01-01,Marketing,Digital Marketing Specialist,2,0
4828,2025-01-01,Information Technology,Data Analyst,0,0
4835,2025-01-01,Human Resources,HR Manager,2,0
4841,2025-01-01,Information Technology,Software Engineer,0,0
4845,2025-01-01,Finance,Accountant,1,0
4850,2025-01-01,Finance,Finance Manager,1,0
4852,2025-01-01,Marketing,Marketing Manager,1,0
4855,2025-01-01,Operations,Warehouse Supervisor,1,0
4858,2025-01-01,Marketing,Content Specialist,1,0
4860,2025-01-01,Sales,Sales Supervisor,1,1
4863,2025-01-01,Human Resources,Recruiter,1,0
4866,2025-01-01,Operations,Procurement Specialist,3,0
4867,2025-01-01,Operations,Procurement Specialist,0,1
4868,2025-01-01,Finance,Accountant,1,0
4869,2025-01-01,Information Technology,System Administrator,0,0
4870,2025-01-01,Finance,Financial Analyst,0,0
4875,2025-01-01,Information Technology,System Administrator,0,0
4879,2025-01-01,Human Resources,C&B Specialist,1,0
4882,2025-01-01,Sales,Sales Executive,1,0
4883,2025-01-01,Marketing,Marketing Manager,2,1
4884,2025-01-01,Sales,Sales Executive,1,0
4885,2025-01-01,Marketing,Digital Marketing Specialist,1,0
4887,2025-01-01,Operations,Operations Executive,3,0
4890,2025-01-01,Sales,Sales Representative,3,0
4891,2025-01-01,Sales,Sales Executive,1,0
4893,2025-01-01,Operations,Operations Executive,1,1
4894,2025-01-01,Human Resources,C&B Specialist,1,0
4899,2025-01-01,Finance,Financial Analyst,0,0
4900,2025-01-01,Operations,Operations Manager,1,0
4901,2025-01-01,Operations,Operations Executive,1,0
4902,2025-01-01,Human Resources,HR Executive,1,0
4904,2025-01-01,Human Resources,HR Manager,0,0
4905,2025-01-01,Information Technology,IT Support,1,0
4907,2025-01-01,Human Resources,HR Executive,2,0
4910,2025-01-01,Finance,Financial Analyst,2,0
4912,2025-01-01,Marketing,Content Specialist,1,0
4914,2025-01-01,Finance,Accountant,1,0
4915,2025-01-01,Sales,Sales Supervisor,1,1
4917,2025-01-01,Operations,Operations Executive,2,0
4918,2025-01-01,Finance,Internal Auditor,1,0
4920,2025-01-01,Information Technology,Data Analyst,1,0
4923,2025-01-01,Information Technology,IT Support,1,0
4926,2025-01-01,Human Resources,Recruiter,2,0
4927,2025-01-01,Human Resources,HR Executive,2,0
4928,2025-01-01,Human Resources,HR Manager,0,0
4929,2025-01-01,Marketing,Marketing Manager,1,1
4930,2025-01-01,Information Technology,Data Analyst,0,1
4931,2025-01-01,Sales,Sales Supervisor,1,0
4935,2025-01-01,Operations,Procurement Specialist,0,0
4936,2025-01-01,Operations,Operations Manager,1,1
4937,2025-01-01,Marketing,Marketing Manager,1,0
4939,2025-01-01,Finance,Financial Analyst,1,0
4940,2025-01-01,Marketing,Marketing Executive,0,0
4942,2025-01-01,Human Resources,Recruiter,2,0
4943,2025-01-01,Marketing,Digital Marketing Specialist,2,1
4951,2025-01-01,Finance,Financial Analyst,0,0
4953,2025-01-01,Finance,Accountant,3,0
4956,2025-01-01,Sales,Account Manager,3,0
4962,2025-01-01,Marketing,Marketing Manager,0,0
4964,2025-01-01,Marketing,Marketing Executive,2,0
4966,2025-01-01,Operations,Warehouse Supervisor,1,0
4969,2025-01-01,Information Technology,System Administrator,1,0
4970,2025-01-01,Marketing,Marketing Executive,1,0
4971,2025-01-01,Sales,Sales Executive,1,0
4975,2025-01-01,Sales,Sales Executive,3,0
4976,2025-01-01,Sales,Account Manager,0,0
4985,2025-01-01,Information Technology,IT Support,1,0
4989,2025-01-01,Sales,Account Manager,3,0
4991,2025-01-01,Operations,Operations Executive,0,0
4994,2025-01-01,Marketing,Digital Marketing Specialist,3,0
5002,2025-01-01,Finance,Financial Analyst,1,0
5003,2025-01-01,Human Resources,Recruiter,1,0
5004,2025-01-01,Information Technology,IT Support,3,0
5005,2025-01-01,Operations,Procurement Specialist,2,0
5007,2025-01-01,Operations,Warehouse Supervisor,1,0
5008,2025-01-01,Finance,Internal Auditor,1,0
5009,2025-01-01,Human Resources,Recruiter,1,0
5012,2025-01-01,Marketing,Marketing Manager,1,0
5013,2025-01-01,Sales,Sales Executive,1,0
5014,2025-01-01,Human Resources,C&B Specialist,1,0
5021,2025-01-01,Marketing,Marketing Executive,1,0
5022,2025-01-01,Sales,Sales Executive,0,0
5025,2025-01-01,Marketing,Content Specialist,2,0
5026,2025-01-01,Information Technology,QA Engineer,2,0
5029,2025-01-01,Human Resources,HR Manager,1,0
5031,2025-01-01,Sales,Sales Representative,1,0
5033,2025-01-01,Finance,Internal Auditor,0,0
5035,2025-01-01,Marketing,Marketing Executive,2,0
5036,2025-01-01,Finance,Finance Manager,1,0
5037,2025-01-01,Sales,Sales Executive,2,0
5038,2025-01-01,Information Technology,System Administrator,0,1
5039,2025-01-01,Finance,Accountant,3,0
5042,2025-01-01,Operations,Procurement Specialist,1,0
5045,2025-01-01,Information Technology,System Administrator,1,0
5046,2025-01-01,Human Resources,Recruiter,1,1
5048,2025-01-01,Operations,Procurement Specialist,0,1
5049,2025-01-01,Marketing,Marketing Manager,0,0
5052,2025-01-01,Human Resources,HR Executive,1,0
5053,2025-01-01,Finance,Internal Auditor,1,0
5054,2025-01-01,Information Technology,QA Engineer,1,0
5056,2025-01-01,Human Resources,C&B Specialist,3,0
5058,2025-01-01,Information Technology,Data Analyst,1,0
5059,2025-01-01,Operations,Warehouse Supervisor,0,1
5064,2025-01-01,Marketing,Content Specialist,1,0
5068,2025-01-01,Information Technology,Software Engineer,1,0
5069,2025-01-01,Operations,Procurement Specialist,1,0
5075,2025-01-01,Operations,Warehouse Supervisor,1,0
5077,2025-01-01,Finance,Financial Analyst,0,1
5079,2025-01-01,Finance,Financial Analyst,0,0
5082,2025-01-01,Information Technology,IT Support,1,0
5084,2025-01-01,Human Resources,HR Manager,0,0
5086,2025-01-01,Finance,Financial Analyst,0,0
5087,2025-01-01,Information Technology,QA Engineer,1,1
5088,2025-01-01,Information Technology,IT Support,1,0
5093,2025-01-01,Information Technology,Data Analyst,2,1
5094,2025-01-01,Marketing,Marketing Manager,2,0
5098,2025-01-01,Sales,Account Manager,1,0
5099,2025-01-01,Sales,Sales Representative,1,0
5101,2025-01-01,Operations,Procurement Specialist,1,0
5103,2025-01-01,Marketing,Digital Marketing Specialist,0,0
5106,2025-01-01,Sales,Sales Supervisor,1,0
5107,2025-01-01,Human Resources,Recruiter,1,0
5109,2025-01-01,Human Resources,HR Manager,0,0
5115,2025-01-01,Marketing,Marketing Executive,2,0
5117,2025-01-01,Information Technology,Software Engineer,1,0
5118,2025-01-01,Information Technology,Software Engineer,2,0
5119,2025-01-01,Sales,Sales Executive,1,0
5120,2025-01-01,Information Technology,IT Support,0,0
5121,2025-01-01,Operations,Operations Executive,1,0
5126,2025-01-01,Finance,Accountant,0,0
5127,2025-01-01,Sales,Sales Representative,1,0
5128,2025-01-01,Finance,Internal Auditor,0,1
5129,2025-01-01,Operations,Procurement Specialist,1,0
5131,2025-01-01,Human Resources,HR Manager,1,0
5132,2025-01-01,Marketing,Content Specialist,0,0
5135,2025-01-01,Operations,Operations Manager,3,0
5138,2025-01-01,Marketing,Digital Marketing Specialist,2,1
5139,2025-01-01,Marketing,Digital Marketing Specialist,1,0
5140,2025-01-01,Information Technology,Software Engineer,1,0
5141,2025-01-01,Finance,Accountant,1,1
5143,2025-01-01,Marketing,Digital Marketing Specialist,1,0
5144,2025-01-01,Sales,Sales Representative,1,0
5148,2025-01-01,Marketing,Marketing Executive,1,0
5149,2025-01-01,Marketing,Content Specialist,1,0
5151,2025-01-01,Operations,Warehouse Supervisor,0,1
5152,2025-01-01,Operations,Operations Manager,1,0
5155,2025-01-01,Sales,Sales Supervisor,0,0
5156,2025-01-01,Human Resources,HR Executive,2,0
5157,2025-01-01,Marketing,Marketing Executive,0,0
5158,2025-01-01,Operations,Warehouse Supervisor,3,0
5159,2025-01-01,Marketing,Digital Marketing Specialist,0,0
5161,2025-01-01,Finance,Internal Auditor,0,0
5164,2025-01-01,Information Technology,Software Engineer,0,0
5165,2025-01-01,Marketing,Digital Marketing Specialist,1,0
5168,2025-01-01,Sales,Sales Executive,1,0
5174,2025-01-01,Information Technology,QA Engineer,2,1
5175,2025-01-01,Marketing,Marketing Executive,1,0
5176,2025-01-01,Marketing,Content Specialist,1,0
5178,2025-01-01,Operations,Warehouse Supervisor,0,0
5179,2025-01-01,Sales,Sales Representative,1,1
5181,2025-01-01,Information Technology,IT Support,3,0
5182,2025-01-01,Marketing,Content Specialist,2,0
5185,2025-01-01,Sales,Account Manager,1,0
5190,2025-01-01,Finance,Finance Manager,2,0
5193,2025-01-01,Sales,Sales Supervisor,1,0
5204,2025-01-01,Human Resources,Recruiter,1,1
5205,2025-01-01,Finance,Accountant,2,0
5209,2025-01-01,Operations,Operations Manager,1,1
5213,2025-01-01,Operations,Operations Executive,2,0
5214,2025-01-01,Information Technology,System Administrator,1,0
5215,2025-01-01,Finance,Internal Auditor,1,0
5216,2025-01-01,Marketing,Digital Marketing Specialist,1,0
5218,2025-01-01,Finance,Finance Manager,1,0
5222,2025-01-01,Finance,Financial Analyst,2,0
5223,2025-01-01,Information Technology,IT Support,3,0
5226,2025-01-01,Finance,Financial Analyst,3,0
5227,2025-01-01,Information Technology,System Administrator,3,0
5229,2025-01-01,Finance,Financial Analyst,0,0
5230,2025-01-01,Human Resources,Recruiter,2,1
5231,2025-01-01,Information Technology,IT Support,2,0
5232,2025-01-01,Finance,Finance Manager,1,0
5233,2025-01-01,Information Technology,IT Support,1,1
5234,2025-01-01,Information Technology,System Administrator,1,0
5237,2025-01-01,Sales,Sales Executive,3,1
5240,2025-01-01,Sales,Sales Executive,2,0
5242,2025-01-01,Human Resources,Recruiter,3,0
5243,2025-01-01,Finance,Finance Manager,3,0
5244,2025-01-01,Human Resources,Recruiter,0,1
5245,2025-01-01,Information Technology,System Administrator,2,0
5246,2025-01-01,Finance,Accountant,1,0
5247,2025-01-01,Operations,Operations Executive,0,0
5248,2025-01-01,Operations,Warehouse Supervisor,0,0
5249,2025-01-01,Sales,Account Manager,2,0
5250,2025-01-01,Finance,Internal Auditor,1,0
5251,2025-01-01,Finance,Finance Manager,1,0
5252,2025-01-01,Operations,Procurement Specialist,1,0
5253,2025-01-01,Information Technology,IT Support,0,0
5255,2025-01-01,Information Technology,QA Engineer,3,0
5256,2025-01-01,Information Technology,Software Engineer,1,1
5257,2025-01-01,Marketing,Marketing Manager,1,0
5261,2025-01-01,Human Resources,Recruiter,0,1
5265,2025-01-01,Sales,Account Manager,1,0
5266,2025-01-01,Marketing,Marketing Manager,1,0
5268,2025-01-01,Finance,Finance Manager,0,0
5282,2025-01-01,Human Resources,HR Manager,1,0
5284,2025-01-01,Operations,Operations Manager,0,0
5291,2025-01-01,Sales,Sales Representative,2,1
5292,2025-01-01,Sales,Sales Executive,1,0
5293,2025-01-01,Information Technology,Data Analyst,1,0
5294,2025-01-01,Human Resources,HR Executive,0,0
5295,2025-01-01,Marketing,Content Specialist,0,1
5306,2025-01-01,Sales,Account Manager,1,1
5308,2025-01-01,Operations,Operations Executive,3,0
5310,2025-01-01,Sales,Sales Representative,2,0
5314,2025-01-01,Marketing,Content Specialist,3,1
5320,2025-01-01,Operations,Warehouse Supervisor,1,0
5321,2025-01-01,Finance,Finance Manager,1,0
5323,2025-01-01,Information Technology,IT Support,1,0
5324,2025-01-01,Human Resources,Recruiter,2,0
5325,2025-01-01,Sales,Sales Supervisor,2,0
5326,2025-01-01,Marketing,Marketing Executive,2,0
5331,2025-01-01,Finance,Accountant,1,0
5333,2025-01-01,Marketing,Marketing Executive,1,0
5335,2025-01-01,Sales,Sales Representative,1,0
5336,2025-01-01,Human Resources,C&B Specialist,1,1
5337,2025-01-01,Information Technology,Data Analyst,1,1
5338,2025-01-01,Finance,Finance Manager,1,0
5339,2025-01-01,Information Technology,IT Support,0,0
5340,2025-01-01,Operations,Procurement Specialist,1,1
5343,2025-01-01,Marketing,Content Specialist,1,1
5344,2025-01-01,Information Technology,IT Support,1,0
5346,2025-01-01,Operations,Procurement Specialist,1,0
5348,2025-01-01,Marketing,Marketing Manager,1,0
5349,2025-01-01,Sales,Sales Executive,1,1
5352,2025-01-01,Finance,Accountant,0,0
5354,2025-01-01,Marketing,Content Specialist,1,0
5356,2025-01-01,Marketing,Marketing Manager,0,0
5357,2025-01-01,Human Resources,HR Executive,2,0
5359,2025-01-01,Sales,Sales Executive,1,1
5364,2025-01-01,Operations,Procurement Specialist,0,0
5365,2025-01-01,Operations,Operations Executive,3,0
5367,2025-01-01,Human Resources,C&B Specialist,1,0
5368,2025-01-01,Operations,Procurement Specialist,3,0
5370,2025-01-01,Finance,Accountant,1,0
5371,2025-01-01,Information Technology,Software Engineer,1,0
5373,2025-01-01,Information Technology,IT Support,1,1
5376,2025-01-01,Marketing,Marketing Executive,1,0
5377,2025-01-01,Human Resources,Recruiter,3,0
5381,2025-01-01,Information Technology,Data Analyst,1,0
5382,2025-01-01,Operations,Procurement Specialist,0,1
5383,2025-01-01,Operations,Operations Manager,1,0
5384,2025-01-01,Marketing,Marketing Executive,0,0
5385,2025-01-01,Operations,Operations Manager,3,0
5387,2025-01-01,Finance,Internal Auditor,1,0
5388,2025-01-01,Human Resources,HR Executive,1,1
5392,2025-01-01,Human Resources,HR Executive,1,0
5394,2025-01-01,Finance,Financial Analyst,1,1
5395,2025-01-01,Information Technology,QA Engineer,1,0
5397,2025-01-01,Human Resources,HR Manager,1,0
5399,2025-01-01,Sales,Account Manager,1,0
5400,2025-01-01,Sales,Sales Representative,1,0
5402,2025-01-01,Sales,Sales Executive,1,0
5404,2025-01-01,Sales,Sales Executive,0,0
5406,2025-01-01,Marketing,Marketing Executive,1,0
5407,2025-01-01,Human Resources,HR Manager,2,0
5419,2025-01-01,Information Technology,Data Analyst,1,0
5423,2025-01-01,Human Resources,C&B Specialist,1,0
5427,2025-01-01,Information Technology,IT Support,0,0
5430,2025-01-01,Sales,Sales Representative,3,0
5433,2025-01-01,Information Technology,Software Engineer,1,0
5438,2025-01-01,Information Technology,System Administrator,1,0
5439,2025-01-01,Finance,Accountant,1,0
5440,2025-01-01,Sales,Sales Representative,0,0
5441,2025-01-01,Finance,Internal Auditor,0,0
5442,2025-01-01,Information Technology,QA Engineer,1,1
5444,2025-01-01,Finance,Finance Manager,1,0
5447,2025-01-01,Marketing,Marketing Manager,2,0
5449,2025-01-01,Operations,Warehouse Supervisor,1,0
5452,2025-01-01,Sales,Account Manager,0,0
5453,2025-01-01,Marketing,Digital Marketing Specialist,3,0
5454,2025-01-01,Finance,Accountant,3,0
5455,2025-01-01,Sales,Sales Executive,1,1
5456,2025-01-01,Marketing,Content Specialist,1,0
5459,2025-01-01,Finance,Accountant,2,0
5461,2025-01-01,Human Resources,HR Executive,3,0
5463,2025-01-01,Human Resources,Recruiter,1,0
5464,2025-01-01,Operations,Warehouse Supervisor,2,1
5465,2025-01-01,Operations,Procurement Specialist,0,0
5466,2025-01-01,Information Technology,Software Engineer,1,1
5467,2025-01-01,Information Technology,Software Engineer,0,0
5469,2025-01-01,Human Resources,C&B Specialist,1,1
5470,2025-01-01,Information Technology,IT Support,1,0
5473,2025-01-01,Sales,Sales Executive,1,0
5485,2025-01-01,Finance,Internal Auditor,1,1
5487,2025-01-01,Sales,Sales Executive,2,0
5491,2025-01-01,Information Technology,System Administrator,1,0
5492,2025-01-01,Marketing,Digital Marketing Specialist,1,1
5494,2025-01-01,Sales,Sales Representative,2,0
5498,2025-01-01,Human Resources,C&B Specialist,1,1
5507,2025-01-01,Operations,Operations Executive,2,0
5508,2025-01-01,Information Technology,System Administrator,1,0
5511,2025-01-01,Information Technology,System Administrator,0,0
5512,2025-01-01,Marketing,Marketing Executive,0,0
5516,2025-01-01,Operations,Operations Manager,0,1
5519,2025-01-01,Operations,Warehouse Supervisor,2,0
5522,2025-01-01,Operations,Operations Manager,1,0
5523,2025-01-01,Information Technology,QA Engineer,3,0
5526,2025-01-01,Human Resources,Recruiter,3,0
5530,2025-01-01,Finance,Financial Analyst,1,0
5531,2025-01-01,Finance,Financial Analyst,1,0
5532,2025-01-01,Marketing,Digital Marketing Specialist,0,0
5533,2025-01-01,Human Resources,HR Executive,0,1
5534,2025-01-01,Marketing,Digital Marketing Specialist,0,0
5536,2025-01-01,Sales,Sales Representative,1,0
5538,2025-01-01,Finance,Financial Analyst,2,0
5539,2025-01-01,Information Technology,System Administrator,3,0
5540,2025-01-01,Marketing,Digital Marketing Specialist,1,0
5541,2025-01-01,Finance,Accountant,1,0
5544,2025-01-01,Operations,Procurement Specialist,0,0
5545,2025-01-01,Finance,Finance Manager,3,1
5546,2025-01-01,Human Resources,C&B Specialist,1,0
5550,2025-01-01,Finance,Financial Analyst,0,0
5553,2025-01-01,Information Technology,IT Support,0,0
5555,2025-01-01,Human Resources,HR Manager,1,0
5557,2025-01-01,Sales,Sales Supervisor,1,0
5560,2025-01-01,Finance,Finance Manager,1,0
5561,2025-01-01,Operations,Operations Manager,1,0
5562,2025-01-01,Operations,Procurement Specialist,1,0
5563,2025-01-01,Operations,Operations Executive,0,0
5564,2025-01-01,Information Technology,IT Support,0,0
5566,2025-01-01,Human Resources,HR Executive,1,0
5567,2025-01-01,Human Resources,HR Manager,1,0
5571,2025-01-01,Human Resources,HR Executive,1,0
5573,2025-01-01,Marketing,Digital Marketing Specialist,0,0
5574,2025-01-01,Marketing,Marketing Executive,0,0
5581,2025-01-01,Human Resources,C&B Specialist,1,0
5582,2025-01-01,Finance,Finance Manager,1,0
5584,2025-01-01,Sales,Sales Supervisor,3,0
5585,2025-01-01,Information Technology,Software Engineer,1,0
5586,2025-01-01,Sales,Sales Executive,1,0
5587,2025-01-01,Human Resources,Recruiter,1,1
5594,2025-01-01,Sales,Sales Supervisor,0,0
5596,2025-01-01,Information Technology,QA Engineer,1,0
5598,2025-01-01,Information Technology,System Administrator,1,0
5603,2025-01-01,Sales,Sales Supervisor,1,1
5605,2025-01-01,Marketing,Content Specialist,1,0
5606,2025-01-01,Operations,Operations Executive,1,1
5608,2025-01-01,Human Resources,HR Executive,1,0
5609,2025-01-01,Human Resources,Recruiter,1,0
5614,2025-01-01,Operations,Operations Executive,3,0
5616,2025-01-01,Finance,Financial Analyst,1,0
5619,2025-01-01,Human Resources,C&B Specialist,1,0
5620,2025-01-01,Operations,Procurement Specialist,0,0
5621,2025-01-01,Operations,Operations Manager,2,0
5622,2025-01-01,Human Resources,Recruiter,3,0
5623,2025-01-01,Information Technology,Data Analyst,0,0
5624,2025-01-01,Sales,Sales Representative,1,0
5626,2025-01-01,Finance,Finance Manager,3,1
5627,2025-01-01,Marketing,Marketing Executive,1,0
5633,2025-01-01,Operations,Procurement Specialist,1,1
5640,2025-01-01,Finance,Accountant,1,0
5648,2025-01-01,Operations,Operations Manager,1,0
5649,2025-01-01,Information Technology,System Administrator,1,0
5650,2025-01-01,Operations,Operations Manager,1,0
5652,2025-01-01,Human Resources,HR Executive,0,0
5653,2025-01-01,Information Technology,Software Engineer,0,0
5654,2025-01-01,Finance,Financial Analyst,2,1
5655,2025-01-01,Marketing,Marketing Manager,1,0
5661,2025-01-01,Information Technology,Software Engineer,0,0
5663,2025-01-01,Operations,Operations Manager,3,0
5664,2025-01-01,Operations,Operations Manager,0,0
5667,2025-01-01,Marketing,Digital Marketing Specialist,1,0
5670,2025-01-01,Human Resources,Recruiter,1,0
5671,2025-01-01,Human Resources,HR Executive,0,0
5672,2025-01-01,Information Technology,Software Engineer,1,0
5674,2025-01-01,Marketing,Digital Marketing Specialist,2,0
5676,2025-01-01,Finance,Finance Manager,3,0
5678,2025-01-01,Marketing,Marketing Manager,2,1
5680,2025-01-01,Marketing,Marketing Manager,0,0
5681,2025-01-01,Information Technology,IT Support,2,0
5684,2025-01-01,Information Technology,IT Support,0,0
5687,2025-01-01,Operations,Operations Executive,1,0
5689,2025-01-01,Sales,Sales Executive,1,0
5690,2025-01-01,Operations,Operations Executive,1,1
5692,2025-01-01,Sales,Sales Representative,0,0
5696,2025-01-01,Operations,Procurement Specialist,1,0
5698,2025-01-01,Marketing,Marketing Executive,3,0
5702,2025-01-01,Human Resources,HR Manager,0,0
5703,2025-01-01,Human Resources,HR Executive,3,0
5704,2025-01-01,Marketing,Digital Marketing Specialist,2,0
5706,2025-01-01,Operations,Operations Manager,1,1
5707,2025-01-01,Marketing,Content Specialist,1,0
5710,2025-01-01,Information Technology,QA Engineer,0,0
5714,2025-01-01,Information Technology,QA Engineer,1,1
5716,2025-01-01,Marketing,Digital Marketing Specialist,1,0
5717,2025-01-01,Sales,Sales Representative,1,0
5719,2025-01-01,Human Resources,Recruiter,2,0
5721,2025-01-01,Information Technology,Software Engineer,1,0
5727,2025-01-01,Marketing,Marketing Executive,0,0
5729,2025-01-01,Human Resources,C&B Specialist,0,0
5730,2025-01-01,Marketing,Content Specialist,1,1
5731,2025-01-01,Sales,Sales Executive,0,0
5732,2025-01-01,Human Resources,C&B Specialist,1,0
5733,2025-01-01,Information Technology,QA Engineer,1,1
5736,2025-01-01,Human Resources,C&B Specialist,1,0
5738,2025-01-01,Sales,Sales Representative,1,0
5743,2025-01-01,Operations,Procurement Specialist,0,0
5746,2025-01-01,Information Technology,System Administrator,2,0
5748,2025-01-01,Operations,Procurement Specialist,1,0
5749,2025-01-01,Sales,Account Manager,1,0
5751,2025-01-01,Marketing,Marketing Executive,0,0
5753,2025-01-01,Human Resources,HR Manager,1,1
5755,2025-01-01,Operations,Operations Executive,1,0
5759,2025-01-01,Information Technology,Data Analyst,2,0
5763,2025-01-01,Information Technology,Software Engineer,3,1
5764,2025-01-01,Information Technology,Data Analyst,1,1
5765,2025-01-01,Sales,Sales Executive,0,0
5766,2025-01-01,Human Resources,HR Executive,3,0
5767,2025-01-01,Human Resources,HR Executive,1,0
5768,2025-01-01,Information Technology,System Administrator,1,0
5770,2025-01-01,Operations,Operations Executive,0,0
5771,2025-01-01,Sales,Account Manager,1,0
5772,2025-01-01,Sales,Sales Supervisor,1,0
5774,2025-01-01,Sales,Account Manager,1,0
5775,2025-01-01,Information Technology,Software Engineer,1,0
5779,2025-01-01,Finance,Financial Analyst,1,0
5784,2025-01-01,Marketing,Marketing Executive,1,0
5786,2025-01-01,Finance,Internal Auditor,1,0
5787,2025-01-01,Sales,Sales Supervisor,0,0
5788,2025-01-01,Information Technology,QA Engineer,2,0
5789,2025-01-01,Operations,Procurement Specialist,0,0
5790,2025-01-01,Sales,Sales Executive,1,0
5791,2025-01-01,Sales,Sales Supervisor,1,1
5792,2025-01-01,Information Technology,IT Support,1,0
5794,2025-01-01,Marketing,Digital Marketing Specialist,1,0
5795,2025-01-01,Finance,Accountant,0,0
5797,2025-01-01,Finance,Accountant,1,0
5798,2025-01-01,Marketing,Marketing Manager,3,0
5801,2025-01-01,Sales,Sales Representative,0,0
5804,2025-01-01,Marketing,Digital Marketing Specialist,0,1
5806,2025-01-01,Finance,Finance Manager,2,0
5807,2025-01-01,Finance,Accountant,0,0
5809,2025-01-01,Finance,Accountant,1,0
5810,2025-01-01,Information Technology,Data Analyst,1,1
5811,2025-01-01,Sales,Sales Supervisor,1,0
5813,2025-01-01,Marketing,Marketing Executive,0,0
5814,2025-01-01,Sales,Sales Representative,1,0
5815,2025-01-01,Marketing,Marketing Executive,0,1
5817,2025-01-01,Marketing,Marketing Executive,2,0
5820,2025-01-01,Finance,Finance Manager,0,0
5823,2025-01-01,Sales,Sales Executive,3,0
5827,2025-01-01,Marketing,Marketing Executive,1,0
5829,2025-01-01,Operations,Operations Manager,2,0
5831,2025-01-01,Finance,Internal Auditor,1,0
5835,2025-01-01,Finance,Internal Auditor,1,0
5836,2025-01-01,Operations,Operations Manager,1,1
5839,2025-01-01,Operations,Operations Manager,1,0
5840,2025-01-01,Marketing,Marketing Manager,0,0
5842,2025-01-01,Human Resources,HR Manager,2,0
5844,2025-01-01,Finance,Accountant,0,1
5845,2025-01-01,Sales,Account Manager,1,1
5849,2025-01-01,Sales,Sales Executive,1,0
5851,2025-01-01,Finance,Finance Manager,1,0
5853,2025-01-01,Sales,Sales Representative,1,1
5855,2025-01-01,Sales,Account Manager,1,0
5856,2025-01-01,Operations,Operations Manager,3,0
5857,2025-01-01,Operations,Operations Manager,1,0
5858,2025-01-01,Human Resources,HR Manager,0,0
5860,2025-01-01,Human Resources,HR Manager,0,0
5861,2025-01-01,Operations,Procurement Specialist,2,1
5862,2025-01-01,Sales,Sales Executive,3,0
5863,2025-01-01,Human Resources,C&B Specialist,1,0
5864,2025-01-01,Sales,Account Manager,3,0
5865,2025-01-01,Human Resources,HR Manager,0,0
5866,2025-01-01,Human Resources,Recruiter,2,0
5867,2025-01-01,Operations,Procurement Specialist,1,0
5873,2025-01-01,Information Technology,System Administrator,2,0
5875,2025-01-01,Operations,Operations Manager,2,1
5876,2025-01-01,Finance,Financial Analyst,3,0
5880,2025-01-01,Sales,Sales Executive,1,0
5882,2025-01-01,Operations,Operations Executive,1,1
5883,2025-01-01,Operations,Operations Manager,1,0
5885,2025-01-01,Marketing,Marketing Executive,3,0
5886,2025-01-01,Human Resources,HR Manager,0,1
5891,2025-01-01,Operations,Operations Executive,1,0
5893,2025-01-01,Sales,Account Manager,0,0
5894,2025-01-01,Information Technology,QA Engineer,3,0
5895,2025-01-01,Human Resources,Recruiter,1,1
5896,2025-01-01,Operations,Warehouse Supervisor,3,0
5898,2025-01-01,Finance,Accountant,0,0
5901,2025-01-01,Finance,Accountant,3,0
5902,2025-01-01,Marketing,Marketing Executive,1,0
5903,2025-01-01,Operations,Procurement Specialist,0,0
5906,2025-01-01,Finance,Finance Manager,3,0
5907,2025-01-01,Finance,Accountant,1,0
5912,2025-01-01,Human Resources,Recruiter,0,0
5913,2025-01-01,Marketing,Marketing Executive,1,0
5915,2025-01-01,Sales,Sales Executive,1,1
5918,2025-01-01,Finance,Accountant,0,0
5922,2025-01-01,Information Technology,Software Engineer,3,0
5923,2025-01-01,Finance,Accountant,0,1
5925,2025-01-01,Information Technology,IT Support,0,0
5926,2025-01-01,Marketing,Marketing Executive,1,0
5928,2025-01-01,Information Technology,IT Support,2,0
5930,2025-01-01,Finance,Accountant,0,0
5931,2025-01-01,Human Resources,HR Executive,2,0
5932,2025-01-01,Sales,Account Manager,1,0
5935,2025-01-01,Sales,Sales Supervisor,0,0
5938,2025-01-01,Human Resources,C&B Specialist,0,0
5941,2025-01-01,Finance,Internal Auditor,1,1
5943,2025-01-01,Human Resources,HR Executive,1,0
5946,2025-01-01,Finance,Accountant,1,0
5949,2025-01-01,Finance,Financial Analyst,1,0
5954,2025-01-01,Human Resources,HR Manager,1,0
5958,2025-01-01,Human Resources,Recruiter,3,0
5960,2025-01-01,Marketing,Marketing Executive,1,0
5965,2025-01-01,Sales,Sales Representative,1,0
5968,2025-01-01,Human Resources,HR Executive,1,1
5971,2025-01-01,Marketing,Digital Marketing Specialist,1,0
5976,2025-01-01,Operations,Warehouse Supervisor,1,0
5977,2025-01-01,Human Resources,Recruiter,0,1
5978,2025-01-01,Marketing,Marketing Executive,1,0
5980,2025-01-01,Finance,Internal Auditor,1,0
5981,2025-01-01,Marketing,Marketing Executive,0,0
5982,2025-01-01,Sales,Sales Executive,2,0
5983,2025-01-01,Marketing,Marketing Manager,2,0
5984,2025-01-01,Sales,Account Manager,1,0
5987,2025-01-01,Finance,Accountant,0,0
5990,2025-01-01,Sales,Sales Representative,2,1
5992,2025-01-01,Information Technology,Data Analyst,1,0
5993,2025-01-01,Marketing,Marketing Executive,2,0
5994,2025-01-01,Human Resources,Recruiter,1,0
5996,2025-01-01,Operations,Operations Executive,1,0
5997,2025-01-01,Sales,Account Manager,1,0
6001,2025-01-01,Sales,Sales Executive,2,0
6002,2025-01-01,Information Technology,QA Engineer,1,0
6005,2025-01-01,Information Technology,System Administrator,2,0
6010,2025-01-01,Sales,Sales Executive,2,1
6015,2025-01-01,Sales,Sales Supervisor,3,0
6016,2025-01-01,Marketing,Marketing Manager,1,0
6017,2025-01-01,Human Resources,Recruiter,2,0
6019,2025-01-01,Sales,Account Manager,2,0
6020,2025-01-01,Sales,Sales Executive,2,0
6021,2025-01-01,Finance,Finance Manager,2,0
6022,2025-01-01,Information Technology,Data Analyst,3,0
6023,2025-01-01,Human Resources,Recruiter,0,1
6024,2025-01-01,Sales,Sales Representative,0,0
6026,2025-01-01,Operations,Operations Manager,1,1
6027,2025-01-01,Human Resources,Recruiter,0,0
6029,2025-01-01,Human Resources,Recruiter,0,1
6030,2025-01-01,Information Technology,Software Engineer,1,0
6035,2025-01-01,Finance,Internal Auditor,1,0
6038,2025-01-01,Information Technology,System Administrator,1,0
6040,2025-01-01,Operations,Warehouse Supervisor,1,0
6041,2025-01-01,Sales,Sales Representative,0,0
6042,2025-01-01,Marketing,Content Specialist,0,0
6043,2025-01-01,Information Technology,QA Engineer,0,0
6045,2025-01-01,Sales,Sales Representative,1,1
6046,2025-01-01,Information Technology,Software Engineer,0,0
6048,2025-01-01,Finance,Accountant,1,0
6052,2025-01-01,Sales,Sales Supervisor,2,0
6053,2025-01-01,Operations,Procurement Specialist,1,0
6061,2025-01-01,Marketing,Content Specialist,1,0
6062,2025-01-01,Operations,Operations Executive,1,0
6063,2025-01-01,Operations,Operations Executive,0,0
6064,2025-01-01,Information Technology,QA Engineer,1,0
6067,2025-01-01,Sales,Account Manager,1,0
6069,2025-01-01,Operations,Warehouse Supervisor,2,0
6072,2025-01-01,Marketing,Marketing Manager,2,1
6073,2025-01-01,Marketing,Content Specialist,1,0
6074,2025-01-01,Information Technology,QA Engineer,1,0
6079,2025-01-01,Sales,Sales Executive,2,1
6083,2025-01-01,Marketing,Marketing Executive,1,0
6085,2025-01-01,Finance,Finance Manager,1,0
6086,2025-01-01,Sales,Sales Supervisor,1,0
6087,2025-01-01,Finance,Internal Auditor,1,0
6088,2025-01-01,Marketing,Marketing Manager,0,0
6089,2025-01-01,Operations,Operations Executive,1,0
6090,2025-01-01,Human Resources,HR Manager,1,0
6092,2025-01-01,Marketing,Digital Marketing Specialist,0,0
6093,2025-01-01,Marketing,Digital Marketing Specialist,1,0
6095,2025-01-01,Finance,Accountant,2,1
6099,2025-01-01,Sales,Account Manager,1,0
6103,2025-01-01,Information Technology,Data Analyst,1,0
6108,2025-01-01,Sales,Account Manager,0,0
6110,2025-01-01,Marketing,Digital Marketing Specialist,2,0
6116,2025-01-01,Marketing,Digital Marketing Specialist,1,0
6118,2025-01-01,Information Technology,Software Engineer,2,0
6119,2025-01-01,Information Technology,Data Analyst,0,0
6121,2025-01-01,Information Technology,Software Engineer,2,0
6124,2025-01-01,Marketing,Digital Marketing Specialist,3,0
6126,2025-01-01,Sales,Sales Supervisor,1,0
6128,2025-01-01,Finance,Accountant,0,0
6131,2025-01-01,Sales,Sales Executive,1,0
6137,2025-01-01,Human Resources,HR Manager,1,0
6140,2025-01-01,Marketing,Digital Marketing Specialist,1,0
6145,2025-01-01,Finance,Financial Analyst,1,0
6148,2025-01-01,Marketing,Marketing Manager,1,0
6150,2025-01-01,Information Technology,System Administrator,0,0
6152,2025-01-01,Information Technology,QA Engineer,2,1
6153,2025-01-01,Operations,Warehouse Supervisor,2,1
6155,2025-01-01,Marketing,Marketing Manager,0,0
6156,2025-01-01,Human Resources,C&B Specialist,1,1
6157,2025-01-01,Human Resources,C&B Specialist,2,0
6160,2025-01-01,Information Technology,Data Analyst,1,1
6163,2025-01-01,Operations,Operations Manager,2,0
6168,2025-01-01,Operations,Procurement Specialist,3,0
6176,2025-01-01,Information Technology,IT Support,1,0
6178,2025-01-01,Sales,Sales Representative,3,0
6179,2025-01-01,Human Resources,HR Executive,0,0
6182,2025-01-01,Finance,Finance Manager,1,0
6185,2025-01-01,Marketing,Marketing Executive,1,0
6187,2025-01-01,Finance,Financial Analyst,3,0
6188,2025-01-01,Human Resources,C&B Specialist,0,0
6190,2025-01-01,Human Resources,C&B Specialist,1,0
6193,2025-01-01,Sales,Account Manager,1,0
6197,2025-01-01,Human Resources,HR Executive,0,0
6198,2025-01-01,Marketing,Content Specialist,1,1
6200,2025-01-01,Operations,Procurement Specialist,3,0
6207,2025-01-01,Sales,Account Manager,0,0
6209,2025-01-01,Operations,Operations Executive,1,0
6213,2025-01-01,Sales,Account Manager,1,0
6216,2025-01-01,Marketing,Content Specialist,2,0
6217,2025-01-01,Information Technology,QA Engineer,1,1
6219,2025-01-01,Finance,Accountant,1,0
6221,2025-01-01,Operations,Warehouse Supervisor,0,0
6222,2025-01-01,Human Resources,Recruiter,1,0
6224,2025-01-01,Operations,Operations Executive,1,0
6231,2025-01-01,Marketing,Marketing Executive,1,0
6232,2025-01-01,Finance,Internal Auditor,2,1
6233,2025-01-01,Human Resources,HR Executive,0,0
6234,2025-01-01,Sales,Account Manager,0,1
6236,2025-01-01,Information Technology,System Administrator,1,0
6237,2025-01-01,Sales,Sales Representative,1,0
6239,2025-01-01,Marketing,Marketing Executive,1,0
6240,2025-01-01,Finance,Internal Auditor,1,0
6241,2025-01-01,Information Technology,Software Engineer,1,0
6242,2025-01-01,Operations,Procurement Specialist,2,0
6248,2025-01-01,Information Technology,IT Support,1,0
6249,2025-01-01,Marketing,Marketing Manager,3,0
6250,2025-01-01,Human Resources,HR Executive,2,0
6251,2025-01-01,Finance,Accountant,1,0
6253,2025-01-01,Finance,Internal Auditor,2,0
6255,2025-01-01,Sales,Sales Executive,2,1
6258,2025-01-01,Information Technology,Data Analyst,1,1
6259,2025-01-01,Human Resources,HR Manager,2,0
6260,2025-01-01,Marketing,Marketing Executive,1,0
6264,2025-01-01,Sales,Sales Executive,3,0
6266,2025-01-01,Information Technology,Data Analyst,1,0
6267,2025-01-01,Operations,Operations Executive,2,0
6268,2025-01-01,Marketing,Content Specialist,1,1
6271,2025-01-01,Finance,Financial Analyst,2,0
6272,2025-01-01,Finance,Finance Manager,1,0
6273,2025-01-01,Human Resources,Recruiter,1,0
6274,2025-01-01,Finance,Finance Manager,1,0
6276,2025-01-01,Information Technology,System Administrator,1,0
6279,2025-01-01,Marketing,Digital Marketing Specialist,1,0
6280,2025-01-01,Finance,Internal Auditor,2,0
6281,2025-01-01,Finance,Internal Auditor,1,0
6283,2025-01-01,Information Technology,System Administrator,2,0
6284,2025-01-01,Human Resources,C&B Specialist,1,0
6294,2025-01-01,Finance,Accountant,1,0
6295,2025-01-01,Operations,Warehouse Supervisor,1,1
6297,2025-01-01,Human Resources,HR Manager,1,0
6299,2025-01-01,Operations,Operations Manager,0,0
6305,2025-01-01,Human Resources,Recruiter,1,1
6307,2025-01-01,Information Technology,System Administrator,2,0
6308,2025-01-01,Operations,Warehouse Supervisor,2,1
6312,2025-01-01,Marketing,Marketing Executive,0,1
6313,2025-01-01,Sales,Sales Supervisor,1,0
6314,2025-01-01,Finance,Finance Manager,2,1
6316,2025-01-01,Sales,Account Manager,1,1
6317,2025-01-01,Finance,Finance Manager,1,0
6322,2025-01-01,Human Resources,HR Executive,1,0
6323,2025-01-01,Marketing,Marketing Manager,1,1
6324,2025-01-01,Information Technology,Software Engineer,1,0
6329,2025-01-01,Human Resources,HR Manager,2,0
6331,2025-01-01,Finance,Financial Analyst,3,0
6332,2025-01-01,Sales,Sales Supervisor,1,0
6333,2025-01-01,Sales,Sales Executive,2,0
6340,2025-01-01,Finance,Internal Auditor,0,0
6342,2025-01-01,Information Technology,IT Support,1,0
6343,2025-01-01,Marketing,Digital Marketing Specialist,2,0
6344,2025-01-01,Human Resources,HR Manager,1,0
6346,2025-01-01,Finance,Accountant,1,1
6347,2025-01-01,Information Technology,IT Support,1,0
6350,2025-01-01,Operations,Operations Executive,2,0
6351,2025-01-01,Information Technology,Software Engineer,1,0
6352,2025-01-01,Information Technology,Software Engineer,3,0
6355,2025-01-01,Sales,Account Manager,1,0
6361,2025-01-01,Information Technology,Software Engineer,0,1
6362,2025-01-01,Sales,Sales Executive,0,1
6366,2025-01-01,Marketing,Digital Marketing Specialist,3,0
6367,2025-01-01,Marketing,Content Specialist,1,0
6369,2025-01-01,Finance,Internal Auditor,1,0
6370,2025-01-01,Finance,Internal Auditor,1,0
6371,2025-01-01,Operations,Warehouse Supervisor,1,0
6376,2025-01-01,Operations,Warehouse Supervisor,2,1
6377,2025-01-01,Operations,Procurement Specialist,0,0
6378,2025-01-01,Finance,Finance Manager,1,0
6379,2025-01-01,Operations,Warehouse Supervisor,1,0
6381,2025-01-01,Human Resources,C&B Specialist,1,0
6382,2025-01-01,Marketing,Marketing Manager,1,0
6385,2025-01-01,Operations,Warehouse Supervisor,3,0
6386,2025-01-01,Operations,Procurement Specialist,1,0
6388,2025-01-01,Marketing,Digital Marketing Specialist,1,0
6389,2025-01-01,Marketing,Marketing Executive,2,1
6391,2025-01-01,Operations,Operations Executive,1,0
6396,2025-01-01,Human Resources,HR Manager,1,0
6398,2025-01-01,Sales,Sales Supervisor,0,0
6400,2025-01-01,Operations,Operations Manager,1,0
6401,2025-01-01,Operations,Operations Executive,1,0
6402,2025-01-01,Information Technology,IT Support,2,1
6405,2025-01-01,Finance,Finance Manager,0,0
6407,2025-01-01,Human Resources,Recruiter,0,0
6410,2025-01-01,Sales,Account Manager,1,0
6414,2025-01-01,Operations,Procurement Specialist,1,0
6420,2025-01-01,Finance,Finance Manager,1,0
6427,2025-01-01,Operations,Operations Manager,3,0
6430,2025-01-01,Human Resources,Recruiter,2,0
6431,2025-01-01,Information Technology,System Administrator,1,1
6432,2025-01-01,Sales,Account Manager,1,1
6433,2025-01-01,Human Resources,HR Manager,1,0
6435,2025-01-01,Sales,Account Manager,0,0
6440,2025-01-01,Finance,Internal Auditor,1,0
6442,2025-01-01,Marketing,Marketing Executive,2,0
6445,2025-01-01,Operations,Warehouse Supervisor,1,0
6446,2025-01-01,Finance,Financial Analyst,1,0
6447,2025-01-01,Human Resources,Recruiter,0,0
6449,2025-01-01,Finance,Finance Manager,1,0
6450,2025-01-01,Operations,Operations Manager,3,0
6452,2025-01-01,Human Resources,HR Manager,0,0
6453,2025-01-01,Sales,Sales Supervisor,3,0
6454,2025-01-01,Finance,Internal Auditor,1,1
6455,2025-01-01,Human Resources,HR Executive,1,0
6456,2025-01-01,Operations,Procurement Specialist,1,0
6458,2025-01-01,Operations,Operations Executive,1,0
6464,2025-01-01,Human Resources,C&B Specialist,0,0
6465,2025-01-01,Information Technology,IT Support,1,0
6467,2025-01-01,Information Technology,System Administrator,0,0
6471,2025-01-01,Operations,Operations Executive,1,0
6472,2025-01-01,Information Technology,System Administrator,2,0
6473,2025-01-01,Human Resources,C&B Specialist,1,0
6474,2025-01-01,Human Resources,Recruiter,2,0
6476,2025-01-01,Finance,Financial Analyst,3,0
6479,2025-01-01,Finance,Internal Auditor,1,0
6480,2025-01-01,Human Resources,Recruiter,0,0
6483,2025-01-01,Sales,Sales Supervisor,0,0
6484,2025-01-01,Operations,Operations Executive,0,0
6486,2025-01-01,Operations,Procurement Specialist,1,0
6491,2025-01-01,Operations,Procurement Specialist,0,0
6493,2025-01-01,Sales,Sales Representative,3,0
6494,2025-01-01,Operations,Operations Manager,1,0
6498,2025-01-01,Sales,Account Manager,1,0
6499,2025-01-01,Sales,Sales Executive,0,0
6501,2025-01-01,Operations,Procurement Specialist,3,0
6502,2025-01-01,Sales,Account Manager,0,0
6503,2025-01-01,Finance,Financial Analyst,3,0
6504,2025-01-01,Sales,Sales Executive,1,0
6507,2025-01-01,Finance,Accountant,0,0
6509,2025-01-01,Information Technology,IT Support,2,0
6511,2025-01-01,Operations,Operations Manager,2,0
6512,2025-01-01,Information Technology,IT Support,0,0
6514,2025-01-01,Sales,Account Manager,0,0
6515,2025-01-01,Marketing,Content Specialist,1,0
6516,2025-01-01,Human Resources,HR Executive,2,0
6518,2025-01-01,Information Technology,QA Engineer,2,0
6519,2025-01-01,Sales,Sales Representative,1,0
6522,2025-01-01,Sales,Sales Executive,2,0
6523,2025-01-01,Human Resources,C&B Specialist,2,1
6525,2025-01-01,Information Technology,QA Engineer,1,0
6526,2025-01-01,Information Technology,IT Support,3,0
6527,2025-01-01,Marketing,Content Specialist,1,0
6530,2025-01-01,Human Resources,HR Manager,0,0
6531,2025-01-01,Finance,Finance Manager,1,0
6534,2025-01-01,Information Technology,Software Engineer,2,1
6539,2025-01-01,Marketing,Marketing Manager,1,0
6541,2025-01-01,Marketing,Digital Marketing Specialist,0,0
6543,2025-01-01,Human Resources,C&B Specialist,0,0
6544,2025-01-01,Information Technology,System Administrator,0,0
6545,2025-01-01,Marketing,Digital Marketing Specialist,0,0
6546,2025-01-01,Information Technology,IT Support,1,0
6547,2025-01-01,Finance,Accountant,1,0
6548,2025-01-01,Finance,Accountant,1,0
6551,2025-01-01,Information Technology,IT Support,1,1
6553,2025-01-01,Human Resources,C&B Specialist,1,0
6555,2025-01-01,Marketing,Content Specialist,0,0
6556,2025-01-01,Sales,Account Manager,2,0
6557,2025-01-01,Marketing,Content Specialist,2,1
6558,2025-01-01,Sales,Sales Supervisor,1,0
6560,2025-01-01,Human Resources,HR Executive,0,0
6561,2025-01-01,Operations,Operations Manager,2,0
6562,2025-01-01,Sales,Sales Representative,1,0
6563,2025-01-01,Marketing,Digital Marketing Specialist,2,1
6565,2025-01-01,Finance,Finance Manager,2,1
6567,2025-01-01,Operations,Operations Executive,0,0
6569,2025-01-01,Operations,Operations Manager,0,1
6570,2025-01-01,Marketing,Digital Marketing Specialist,2,0
6572,2025-01-01,Information Technology,IT Support,1,0
6573,2025-01-01,Sales,Sales Executive,2,0
6575,2025-01-01,Operations,Warehouse Supervisor,1,0
6577,2025-01-01,Human Resources,C&B Specialist,0,0
6578,2025-01-01,Marketing,Marketing Manager,3,0
6583,2025-01-01,Sales,Sales Representative,0,1
6586,2025-01-01,Human Resources,HR Executive,1,0
6588,2025-01-01,Operations,Procurement Specialist,1,0
6590,2025-01-01,Sales,Sales Representative,1,0
6591,2025-01-01,Human Resources,HR Manager,2,0
6592,2025-01-01,Finance,Finance Manager,1,0
6593,2025-01-01,Operations,Operations Executive,1,0
6595,2025-01-01,Information Technology,Data Analyst,0,0
6600,2025-01-01,Finance,Financial Analyst,2,1
6604,2025-01-01,Marketing,Digital Marketing Specialist,2,0
6605,2025-01-01,Sales,Account Manager,2,0
6606,2025-01-01,Finance,Financial Analyst,2,0
6607,2025-01-01,Finance,Accountant,3,0
6609,2025-01-01,Sales,Sales Supervisor,0,0
6611,2025-01-01,Sales,Sales Representative,0,0
6612,2025-01-01,Human Resources,HR Executive,0,0
6613,2025-01-01,Human Resources,HR Executive,0,0
6614,2025-01-01,Human Resources,HR Manager,2,1
6616,2025-01-01,Information Technology,Software Engineer,1,0
6617,2025-01-01,Finance,Financial Analyst,1,0
6621,2025-01-01,Operations,Operations Executive,1,1
6622,2025-01-01,Operations,Operations Executive,2,0
6624,2025-01-01,Marketing,Marketing Executive,1,0
6626,2025-01-01,Finance,Accountant,1,0
6627,2025-01-01,Operations,Warehouse Supervisor,2,1
6629,2025-01-01,Information Technology,Data Analyst,1,0
6631,2025-01-01,Sales,Sales Executive,0,1
6632,2025-01-01,Operations,Procurement Specialist,1,0
6634,2025-01-01,Finance,Financial Analyst,2,0
6638,2025-01-01,Marketing,Marketing Manager,1,0
6641,2025-01-01,Marketing,Content Specialist,0,0
6644,2025-01-01,Marketing,Content Specialist,1,0
6646,2025-01-01,Finance,Accountant,0,0
6647,2025-01-01,Marketing,Marketing Executive,0,0
6652,2025-01-01,Operations,Procurement Specialist,3,1
6655,2025-01-01,Operations,Operations Manager,1,0
6656,2025-01-01,Finance,Finance Manager,1,0
6657,2025-01-01,Sales,Sales Representative,1,0
6658,2025-01-01,Marketing,Digital Marketing Specialist,2,0
6659,2025-01-01,Information Technology,QA Engineer,0,0
6660,2025-01-01,Finance,Financial Analyst,1,0
6663,2025-01-01,Information Technology,IT Support,0,0
6669,2025-01-01,Information Technology,System Administrator,2,0
6671,2025-01-01,Sales,Account Manager,1,0
6672,2025-01-01,Marketing,Marketing Executive,1,0
6673,2025-01-01,Operations,Procurement Specialist,1,0
6675,2025-01-01,Information Technology,IT Support,2,0
6676,2025-01-01,Human Resources,Recruiter,0,0
6679,2025-01-01,Finance,Internal Auditor,2,0
6682,2025-01-01,Sales,Account Manager,1,0
6683,2025-01-01,Marketing,Digital Marketing Specialist,1,0
6684,2025-01-01,Sales,Sales Representative,0,0
6686,2025-01-01,Marketing,Digital Marketing Specialist,2,0
6688,2025-01-01,Operations,Operations Manager,1,0
6689,2025-01-01,Information Technology,Data Analyst,3,0
6690,2025-01-01,Information Technology,IT Support,1,1
6692,2025-01-01,Marketing,Marketing Manager,1,0
6695,2025-01-01,Operations,Procurement Specialist,2,1
6696,2025-01-01,Operations,Operations Executive,0,0
6697,2025-01-01,Operations,Operations Manager,0,0
6699,2025-01-01,Sales,Sales Representative,3,1
6700,2025-01-01,Finance,Accountant,1,0
6705,2025-01-01,Information Technology,Software Engineer,1,1
6706,2025-01-01,Marketing,Marketing Manager,1,0
6707,2025-01-01,Information Technology,IT Support,1,0
6708,2025-01-01,Human Resources,HR Executive,1,0
6710,2025-01-01,Sales,Sales Representative,1,0
6711,2025-01-01,Human Resources,HR Manager,0,0
6712,2025-01-01,Human Resources,Recruiter,1,0
6713,2025-01-01,Operations,Warehouse Supervisor,3,1
6718,2025-01-01,Information Technology,Software Engineer,1,1
6721,2025-01-01,Operations,Operations Manager,2,0
6722,2025-01-01,Marketing,Content Specialist,0,0
6723,2025-01-01,Sales,Sales Supervisor,0,0
6728,2025-01-01,Operations,Procurement Specialist,0,0
6730,2025-01-01,Human Resources,C&B Specialist,0,0
6732,2025-01-01,Sales,Sales Executive,0,1
6734,2025-01-01,Marketing,Marketing Manager,1,0
6735,2025-01-01,Marketing,Digital Marketing Specialist,3,0
6736,2025-01-01,Marketing,Content Specialist,1,0
6738,2025-01-01,Operations,Operations Executive,1,0
6739,2025-01-01,Finance,Accountant,1,0
6745,2025-01-01,Information Technology,Data Analyst,0,0
6747,2025-01-01,Marketing,Digital Marketing Specialist,0,0
6749,2025-01-01,Information Technology,System Administrator,1,0
6756,2025-01-01,Finance,Accountant,1,0
6757,2025-01-01,Operations,Procurement Specialist,0,0
6759,2025-01-01,Information Technology,Software Engineer,1,0
6768,2025-01-01,Marketing,Content Specialist,0,1
6771,2025-01-01,Sales,Sales Representative,0,0
6775,2025-01-01,Operations,Operations Manager,0,0
6784,2025-01-01,Marketing,Marketing Manager,1,0
6786,2025-01-01,Marketing,Marketing Executive,2,0
6789,2025-01-01,Marketing,Digital Marketing Specialist,1,0
6793,2025-01-01,Sales,Sales Representative,2,0
6795,2025-01-01,Operations,Procurement Specialist,0,1
6796,2025-01-01,Human Resources,HR Manager,0,1
6800,2025-01-01,Human Resources,C&B Specialist,1,0
6803,2025-01-01,Marketing,Digital Marketing Specialist,1,0
6804,2025-01-01,Sales,Sales Supervisor,0,0
6805,2025-01-01,Human Resources,C&B Specialist,1,0
6810,2025-01-01,Sales,Sales Executive,1,0
6811,2025-01-01,Finance,Internal Auditor,3,0
6815,2025-01-01,Human Resources,Recruiter,0,0
6816,2025-01-01,Sales,Sales Supervisor,0,1
6819,2025-01-01,Information Technology,System Administrator,0,0
6820,2025-01-01,Finance,Internal Auditor,0,0
6823,2025-01-01,Operations,Warehouse Supervisor,0,1
6824,2025-01-01,Human Resources,HR Executive,2,0
6826,2025-01-01,Information Technology,System Administrator,0,0
6830,2025-01-01,Operations,Procurement Specialist,2,0
6834,2025-01-01,Human Resources,HR Manager,2,1
6835,2025-01-01,Human Resources,Recruiter,1,0
6836,2025-01-01,Marketing,Content Specialist,1,0
6843,2025-01-01,Sales,Sales Representative,1,0
6844,2025-01-01,Information Technology,IT Support,2,0
6851,2025-01-01,Information Technology,System Administrator,1,0
6856,2025-01-01,Information Technology,IT Support,2,1
6858,2025-01-01,Marketing,Content Specialist,3,1
6865,2025-01-01,Sales,Sales Representative,1,1
6866,2025-01-01,Sales,Account Manager,1,0
6868,2025-01-01,Sales,Sales Representative,2,0
6869,2025-01-01,Information Technology,Software Engineer,2,1
6870,2025-01-01,Sales,Sales Executive,2,1
6872,2025-01-01,Sales,Sales Supervisor,2,1
6874,2025-01-01,Finance,Financial Analyst,1,0
6875,2025-01-01,Finance,Finance Manager,1,1
6876,2025-01-01,Finance,Financial Analyst,1,0
6878,2025-01-01,Sales,Account Manager,1,0
6879,2025-01-01,Marketing,Content Specialist,0,0
6881,2025-01-01,Operations,Operations Executive,1,1
6882,2025-01-01,Marketing,Marketing Executive,1,0
6888,2025-01-01,Human Resources,HR Manager,2,0
6890,2025-01-01,Operations,Warehouse Supervisor,1,0
6891,2025-01-01,Sales,Sales Representative,1,0
6893,2025-01-01,Operations,Procurement Specialist,3,0
6897,2025-01-01,Marketing,Marketing Executive,2,0
6898,2025-01-01,Marketing,Digital Marketing Specialist,1,0
6899,2025-01-01,Information Technology,IT Support,0,0
6900,2025-01-01,Sales,Account Manager,1,1
6901,2025-01-01,Information Technology,System Administrator,2,0
6903,2025-01-01,Sales,Sales Executive,3,0
6906,2025-01-01,Marketing,Marketing Executive,0,0
6907,2025-01-01,Information Technology,System Administrator,0,1
6911,2025-01-01,Information Technology,Software Engineer,1,0
6912,2025-01-01,Sales,Sales Supervisor,0,0
6913,2025-01-01,Information Technology,QA Engineer,1,0
6915,2025-01-01,Marketing,Marketing Manager,1,1
6917,2025-01-01,Finance,Internal Auditor,0,0
6918,2025-01-01,Information Technology,IT Support,1,0
6922,2025-01-01,Information Technology,IT Support,0,0
6923,2025-01-01,Human Resources,Recruiter,0,0
6925,2025-01-01,Human Resources,HR Executive,0,0
6926,2025-01-01,Information Technology,Data Analyst,2,0
6927,2025-01-01,Marketing,Content Specialist,2,1
6931,2025-01-01,Sales,Sales Representative,0,0
6933,2025-01-01,Information Technology,QA Engineer,1,0
6934,2025-01-01,Marketing,Marketing Manager,0,1
6935,2025-01-01,Operations,Procurement Specialist,0,0
6937,2025-01-01,Marketing,Marketing Executive,2,0
6940,2025-01-01,Human Resources,HR Manager,2,0
6943,2025-01-01,Marketing,Digital Marketing Specialist,1,0
6944,2025-01-01,Finance,Finance Manager,0,0
6945,2025-01-01,Operations,Operations Manager,0,1
6951,2025-01-01,Operations,Operations Manager,0,1
6952,2025-01-01,Human Resources,C&B Specialist,1,0
6955,2025-01-01,Information Technology,QA Engineer,1,0
6956,2025-01-01,Information Technology,System Administrator,0,1
6958,2025-01-01,Sales,Sales Representative,1,0
6959,2025-01-01,Human Resources,HR Manager,0,0
6960,2025-01-01,Marketing,Digital Marketing Specialist,1,0
6962,2025-01-01,Finance,Accountant,2,0
6968,2025-01-01,Operations,Operations Executive,1,0
6969,2025-01-01,Marketing,Content Specialist,2,0
6970,2025-01-01,Sales,Sales Representative,1,0
6971,2025-01-01,Human Resources,HR Manager,1,0
6972,2025-01-01,Sales,Account Manager,2,0
6973,2025-01-01,Human Resources,Recruiter,2,0
6974,2025-01-01,Finance,Financial Analyst,1,0
6975,2025-01-01,Sales,Sales Executive,2,0
6977,2025-01-01,Sales,Sales Executive,0,0
6978,2025-01-01,Finance,Financial Analyst,1,0
6980,2025-01-01,Information Technology,QA Engineer,1,0
6981,2025-01-01,Information Technology,IT Support,1,0
6982,2025-01-01,Finance,Financial Analyst,2,1
6984,2025-01-01,Information Technology,IT Support,0,0
6988,2025-01-01,Information Technology,System Administrator,2,0
6993,2025-01-01,Finance,Financial Analyst,1,0
6997,2025-01-01,Human Resources,HR Executive,2,0
6999,2025-01-01,Sales,Sales Executive,2,0
7002,2025-01-01,Operations,Procurement Specialist,2,0
7007,2025-01-01,Finance,Accountant,0,0
7008,2025-01-01,Finance,Financial Analyst,1,0
7009,2025-01-01,Human Resources,HR Executive,2,0
7010,2025-01-01,Marketing,Marketing Executive,1,0
7015,2025-01-01,Human Resources,C&B Specialist,1,0
7016,2025-01-01,Sales,Sales Supervisor,1,0
7017,2025-01-01,Information Technology,Data Analyst,1,0
7018,2025-01-01,Finance,Internal Auditor,1,0
7021,2025-01-01,Human Resources,C&B Specialist,1,0
7025,2025-01-01,Sales,Sales Supervisor,1,0
7026,2025-01-01,Information Technology,QA Engineer,2,0
7033,2025-01-01,Information Technology,IT Support,1,0
7034,2025-01-01,Finance,Finance Manager,1,0
7036,2025-01-01,Marketing,Content Specialist,1,0
7039,2025-01-01,Sales,Sales Executive,0,1
7044,2025-01-01,Sales,Sales Executive,2,0
7046,2025-01-01,Marketing,Digital Marketing Specialist,3,0
7048,2025-01-01,Operations,Operations Executive,1,1
7054,2025-01-01,Operations,Warehouse Supervisor,2,0
7056,2025-01-01,Marketing,Content Specialist,1,0
7057,2025-01-01,Operations,Warehouse Supervisor,0,0
7061,2025-01-01,Marketing,Digital Marketing Specialist,1,1
7063,2025-01-01,Operations,Operations Manager,1,0
7064,2025-01-01,Sales,Sales Representative,3,0
7072,2025-01-01,Human Resources,HR Manager,1,1
7073,2025-01-01,Operations,Operations Executive,2,0
7074,2025-01-01,Information Technology,Data Analyst,0,0
7078,2025-01-01,Information Technology,Data Analyst,2,0
7080,2025-01-01,Human Resources,HR Manager,3,0
7084,2025-01-01,Sales,Sales Executive,2,1
7087,2025-01-01,Information Technology,QA Engineer,1,0
7088,2025-01-01,Human Resources,Recruiter,2,1
7089,2025-01-01,Finance,Internal Auditor,1,0
7093,2025-01-01,Sales,Sales Supervisor,1,1
7099,2025-01-01,Sales,Sales Executive,1,1
7104,2025-01-01,Marketing,Marketing Executive,1,0
7105,2025-01-01,Sales,Sales Executive,1,0
7106,2025-01-01,Marketing,Marketing Manager,1,0
7110,2025-01-01,Marketing,Marketing Manager,0,0
7113,2025-01-01,Sales,Sales Executive,1,0
7114,2025-01-01,Information Technology,QA Engineer,1,0
7120,2025-01-01,Operations,Operations Manager,0,0
7121,2025-01-01,Operations,Procurement Specialist,2,0
7124,2025-01-01,Finance,Financial Analyst,0,0
7125,2025-01-01,Human Resources,HR Manager,1,1
7128,2025-01-01,Finance,Accountant,1,0
7129,2025-01-01,Marketing,Digital Marketing Specialist,2,0
7130,2025-01-01,Sales,Sales Executive,3,1
7131,2025-01-01,Sales,Sales Representative,3,0
7134,2025-01-01,Information Technology,IT Support,2,0
7137,2025-01-01,Marketing,Content Specialist,0,0
7138,2025-01-01,Information Technology,System Administrator,0,1
7140,2025-01-01,Information Technology,Software Engineer,2,1
7142,2025-01-01,Information Technology,Data Analyst,1,0
7143,2025-01-01,Information Technology,System Administrator,1,0
7146,2025-01-01,Marketing,Digital Marketing Specialist,3,0
7147,2025-01-01,Marketing,Marketing Executive,1,0
7149,2025-01-01,Finance,Financial Analyst,3,1
7151,2025-01-01,Operations,Procurement Specialist,1,0
7152,2025-01-01,Finance,Internal Auditor,1,1
7153,2025-01-01,Information Technology,System Administrator,1,0
7155,2025-01-01,Marketing,Content Specialist,2,0
7158,2025-01-01,Marketing,Marketing Executive,1,0
7165,2025-01-01,Finance,Finance Manager,3,0
7168,2025-01-01,Information Technology,Data Analyst,3,0
7170,2025-01-01,Information Technology,IT Support,1,0
7172,2025-01-01,Human Resources,Recruiter,2,0
7173,2025-01-01,Information Technology,QA Engineer,0,0
7178,2025-01-01,Marketing,Digital Marketing Specialist,1,0
7179,2025-01-01,Human Resources,HR Manager,2,0
7181,2025-01-01,Marketing,Digital Marketing Specialist,2,0
7182,2025-01-01,Information Technology,IT Support,1,0
7183,2025-01-01,Finance,Finance Manager,2,1
7184,2025-01-01,Information Technology,IT Support,1,0
7186,2025-01-01,Marketing,Marketing Manager,0,0
7188,2025-01-01,Sales,Account Manager,1,0
7189,2025-01-01,Operations,Operations Executive,1,0
7190,2025-01-01,Finance,Accountant,1,0
7191,2025-01-01,Operations,Warehouse Supervisor,0,0
7193,2025-01-01,Finance,Accountant,0,0
7194,2025-01-01,Information Technology,Software Engineer,1,1
7196,2025-01-01,Finance,Finance Manager,1,1
7197,2025-01-01,Operations,Procurement Specialist,1,0
7199,2025-01-01,Sales,Sales Representative,1,1
7202,2025-01-01,Marketing,Content Specialist,1,0
7210,2025-01-01,Finance,Accountant,0,0
7211,2025-01-01,Sales,Sales Executive,0,0
7212,2025-01-01,Marketing,Content Specialist,1,0
7218,2025-01-01,Operations,Operations Manager,1,0
7220,2025-01-01,Information Technology,Software Engineer,2,1
7222,2025-01-01,Information Technology,Software Engineer,2,0
7223,2025-01-01,Operations,Procurement Specialist,1,0
7224,2025-01-01,Marketing,Marketing Manager,1,0
7228,2025-01-01,Marketing,Marketing Executive,1,0
7235,2025-01-01,Information Technology,Data Analyst,1,0
7236,2025-01-01,Sales,Sales Executive,3,0
7239,2025-01-01,Operations,Warehouse Supervisor,1,0
7242,2025-01-01,Human Resources,HR Executive,0,0
7244,2025-01-01,Marketing,Marketing Executive,1,0
7247,2025-01-01,Human Resources,HR Manager,0,0
7248,2025-01-01,Marketing,Marketing Manager,1,0
7252,2025-01-01,Information Technology,System Administrator,1,0
7258,2025-01-01,Human Resources,HR Executive,0,0
7259,2025-01-01,Human Resources,Recruiter,2,0
7263,2025-01-01,Sales,Sales Executive,0,0
7264,2025-01-01,Marketing,Digital Marketing Specialist,0,0
7265,2025-01-01,Human Resources,Recruiter,3,0
7268,2025-01-01,Marketing,Marketing Manager,0,0
7271,2025-01-01,Information Technology,System Administrator,1,0
7274,2025-01-01,Human Resources,Recruiter,2,1
7277,2025-01-01,Sales,Account Manager,0,1
7278,2025-01-01,Information Technology,Software Engineer,0,0
7279,2025-01-01,Human Resources,HR Manager,2,0
7283,2025-01-01,Human Resources,HR Manager,0,0
7286,2025-01-01,Information Technology,Software Engineer,0,0
7288,2025-01-01,Marketing,Content Specialist,2,0
7292,2025-01-01,Operations,Procurement Specialist,1,1
7293,2025-01-01,Marketing,Content Specialist,0,1
7294,2025-01-01,Finance,Accountant,1,0
7295,2025-01-01,Information Technology,QA Engineer,1,1
7300,2025-01-01,Sales,Sales Representative,2,0
7302,2025-01-01,Information Technology,System Administrator,3,0
7304,2025-01-01,Human Resources,C&B Specialist,3,0
7305,2025-01-01,Finance,Internal Auditor,1,1
7306,2025-01-01,Human Resources,HR Executive,1,0
7312,2025-01-01,Finance,Financial Analyst,1,0
7313,2025-01-01,Marketing,Marketing Executive,2,0
7314,2025-01-01,Marketing,Content Specialist,1,0
7315,2025-01-01,Operations,Warehouse Supervisor,0,0
7317,2025-01-01,Information Technology,Data Analyst,0,0
7320,2025-01-01,Operations,Operations Manager,2,0
7322,2025-01-01,Sales,Sales Supervisor,0,0
7323,2025-01-01,Marketing,Digital Marketing Specialist,2,0
7325,2025-01-01,Marketing,Marketing Manager,1,0
7327,2025-01-01,Marketing,Marketing Executive,1,0
7329,2025-01-01,Sales,Sales Supervisor,1,0
7332,2025-01-01,Human Resources,HR Executive,2,0
7336,2025-01-01,Operations,Operations Manager,1,0
7339,2025-01-01,Sales,Sales Supervisor,0,0
7343,2025-01-01,Marketing,Marketing Manager,1,0
7344,2025-01-01,Sales,Sales Representative,1,0
7350,2025-01-01,Human Resources,Recruiter,0,0
7354,2025-01-01,Sales,Account Manager,1,0
7355,2025-01-01,Human Resources,HR Manager,1,0
7357,2025-01-01,Finance,Internal Auditor,3,0
7358,2025-01-01,Finance,Financial Analyst,1,0
7359,2025-01-01,Finance,Internal Auditor,1,0
7360,2025-01-01,Marketing,Marketing Manager,0,0
7365,2025-01-01,Finance,Internal Auditor,1,0
7368,2025-01-01,Finance,Internal Auditor,1,0
7370,2025-01-01,Finance,Accountant,1,1
7371,2025-01-01,Operations,Operations Executive,0,0
7373,2025-01-01,Sales,Sales Supervisor,0,0
7374,2025-01-01,Information Technology,IT Support,2,1
7380,2025-01-01,Operations,Procurement Specialist,2,0
7382,2025-01-01,Human Resources,C&B Specialist,2,0
7384,2025-01-01,Operations,Warehouse Supervisor,2,1
7385,2025-01-01,Information Technology,QA Engineer,2,0
7389,2025-01-01,Sales,Sales Supervisor,2,0
7397,2025-01-01,Sales,Sales Representative,0,1
7400,2025-01-01,Information Technology,QA Engineer,2,0
7402,2025-01-01,Operations,Procurement Specialist,2,0
7405,2025-01-01,Human Resources,Recruiter,3,0
7409,2025-01-01,Human Resources,HR Executive,1,0
7414,2025-01-01,Finance,Internal Auditor,1,0
7420,2025-01-01,Operations,Procurement Specialist,1,0
7421,2025-01-01,Finance,Financial Analyst,1,0
7423,2025-01-01,Sales,Sales Executive,1,0
7425,2025-01-01,Finance,Finance Manager,2,0
7426,2025-01-01,Finance,Accountant,1,0
7427,2025-01-01,Finance,Internal Auditor,2,0
7428,2025-01-01,Human Resources,HR Manager,0,0
7430,2025-01-01,Information Technology,System Administrator,2,0
7431,2025-01-01,Human Resources,C&B Specialist,1,0
7434,2025-01-01,Human Resources,HR Executive,1,1
7437,2025-01-01,Human Resources,HR Executive,1,1
7446,2025-01-01,Finance,Finance Manager,1,0
7448,2025-01-01,Sales,Sales Executive,2,0
7449,2025-01-01,Human Resources,Recruiter,1,1
7451,2025-01-01,Sales,Sales Supervisor,2,1
7452,2025-01-01,Sales,Sales Representative,1,0
7454,2025-01-01,Finance,Financial Analyst,1,0
7456,2025-01-01,Sales,Sales Representative,0,0
7458,2025-01-01,Finance,Accountant,1,0
7459,2025-01-01,Finance,Finance Manager,1,0
7463,2025-01-01,Finance,Finance Manager,1,0
7464,2025-01-01,Marketing,Digital Marketing Specialist,3,0
7467,2025-01-01,Operations,Procurement Specialist,1,0
7468,2025-01-01,Marketing,Marketing Manager,1,0
7469,2025-01-01,Operations,Procurement Specialist,1,0
7470,2025-01-01,Operations,Warehouse Supervisor,2,0
7471,2025-01-01,Operations,Procurement Specialist,1,0
7473,2025-01-01,Human Resources,Recruiter,1,1
7475,2025-01-01,Sales,Sales Executive,1,0
7477,2025-01-01,Sales,Sales Representative,1,0
7479,2025-01-01,Information Technology,IT Support,1,0
7481,2025-01-01,Human Resources,HR Manager,1,0
7485,2025-01-01,Human Resources,C&B Specialist,2,0
7487,2025-01-01,Information Technology,QA Engineer,0,0
7488,2025-01-01,Marketing,Marketing Manager,1,0
7491,2025-01-01,Sales,Sales Supervisor,2,1
7493,2025-01-01,Marketing,Digital Marketing Specialist,1,0
7494,2025-01-01,Human Resources,C&B Specialist,1,0
7497,2025-01-01,Finance,Accountant,1,0
7498,2025-01-01,Marketing,Digital Marketing Specialist,2,0
7499,2025-01-01,Operations,Operations Executive,1,0
7500,2025-01-01,Sales,Account Manager,2,0
7502,2025-01-01,Marketing,Marketing Executive,0,0
7504,2025-01-01,Sales,Sales Representative,1,0
7505,2025-01-01,Sales,Sales Executive,0,0
7508,2025-01-01,Sales,Sales Representative,3,0
7509,2025-01-01,Human Resources,Recruiter,2,0
7514,2025-01-01,Finance,Accountant,1,0
7517,2025-01-01,Human Resources,HR Executive,3,0
7519,2025-01-01,Operations,Procurement Specialist,1,0
7521,2025-01-01,Human Resources,Recruiter,2,0
7525,2025-01-01,Human Resources,HR Executive,1,0
7526,2025-01-01,Finance,Finance Manager,1,1
7528,2025-01-01,Information Technology,Software Engineer,1,0
7532,2025-01-01,Information Technology,System Administrator,2,0
7533,2025-01-01,Finance,Internal Auditor,2,0
7535,2025-01-01,Marketing,Marketing Executive,1,1
7539,2025-01-01,Operations,Warehouse Supervisor,1,1
7540,2025-01-01,Finance,Accountant,2,0
7541,2025-01-01,Marketing,Marketing Executive,3,1
7543,2025-01-01,Information Technology,QA Engineer,0,0
7548,2025-01-01,Marketing,Marketing Executive,3,0
7549,2025-01-01,Finance,Internal Auditor,2,0
7553,2025-01-01,Marketing,Digital Marketing Specialist,1,0
7555,2025-01-01,Human Resources,HR Executive,1,0
7557,2025-01-01,Finance,Finance Manager,0,0
7559,2025-01-01,Information Technology,Software Engineer,3,0
7560,2025-01-01,Operations,Operations Manager,0,0
7562,2025-01-01,Information Technology,System Administrator,0,0
7567,2025-01-01,Operations,Warehouse Supervisor,1,0
7569,2025-01-01,Human Resources,C&B Specialist,3,1
7570,2025-01-01,Sales,Sales Representative,2,1
7571,2025-01-01,Operations,Operations Executive,0,0
7572,2025-01-01,Finance,Internal Auditor,1,0
7573,2025-01-01,Operations,Operations Executive,1,0
7574,2025-01-01,Operations,Operations Executive,1,0
7575,2025-01-01,Finance,Finance Manager,1,1
7578,2025-01-01,Human Resources,C&B Specialist,2,0
7580,2025-01-01,Marketing,Marketing Manager,1,0
7582,2025-01-01,Human Resources,HR Manager,2,1
7583,2025-01-01,Human Resources,Recruiter,0,1
7584,2025-01-01,Information Technology,IT Support,2,0
7585,2025-01-01,Operations,Operations Manager,0,1
7586,2025-01-01,Operations,Operations Executive,2,0
7587,2025-01-01,Information Technology,QA Engineer,1,1
7588,2025-01-01,Information Technology,System Administrator,1,0
7592,2025-01-01,Human Resources,HR Executive,1,0
7595,2025-01-01,Human Resources,C&B Specialist,3,0
7600,2025-01-01,Operations,Warehouse Supervisor,0,0
7601,2025-01-01,Marketing,Content Specialist,1,0
7605,2025-01-01,Finance,Internal Auditor,1,0
7606,2025-01-01,Finance,Internal Auditor,0,0
7607,2025-01-01,Information Technology,IT Support,3,0
7608,2025-01-01,Marketing,Marketing Executive,1,0
7609,2025-01-01,Finance,Accountant,1,0
7611,2025-01-01,Finance,Financial Analyst,0,0
7613,2025-01-01,Operations,Operations Executive,2,0
7614,2025-01-01,Operations,Warehouse Supervisor,2,0
7617,2025-01-01,Operations,Warehouse Supervisor,3,1
7618,2025-01-01,Finance,Accountant,1,0
7619,2025-01-01,Sales,Sales Executive,2,0
7620,2025-01-01,Human Resources,HR Manager,1,0
7622,2025-01-01,Human Resources,Recruiter,1,1
7623,2025-01-01,Human Resources,C&B Specialist,2,0
7624,2025-01-01,Information Technology,Data Analyst,0,1
7627,2025-01-01,Marketing,Content Specialist,1,0
7629,2025-01-01,Human Resources,HR Executive,0,0
7631,2025-01-01,Finance,Internal Auditor,0,1
7632,2025-01-01,Finance,Finance Manager,1,0
7634,2025-01-01,Marketing,Content Specialist,1,0
7635,2025-01-01,Information Technology,System Administrator,2,0
7636,2025-01-01,Finance,Internal Auditor,1,0
7641,2025-01-01,Operations,Operations Executive,2,1
7643,2025-01-01,Marketing,Content Specialist,3,1
7644,2025-01-01,Information Technology,System Administrator,2,1
7645,2025-01-01,Information Technology,Data Analyst,1,0
7654,2025-01-01,Human Resources,Recruiter,1,0
7655,2025-01-01,Human Resources,HR Executive,0,0
7659,2025-01-01,Information Technology,Data Analyst,1,0
7663,2025-01-01,Finance,Financial Analyst,1,0
7665,2025-01-01,Information Technology,Data Analyst,1,0
7667,2025-01-01,Information Technology,IT Support,0,0
7668,2025-01-01,Sales,Sales Supervisor,1,0
7671,2025-01-01,Finance,Financial Analyst,2,0
7672,2025-01-01,Human Resources,C&B Specialist,3,0
7673,2025-01-01,Operations,Operations Manager,1,1
7674,2025-01-01,Sales,Sales Representative,1,0
7675,2025-01-01,Marketing,Content Specialist,1,0
7684,2025-01-01,Human Resources,C&B Specialist,1,0
7685,2025-01-01,Sales,Account Manager,1,0
7688,2025-01-01,Human Resources,C&B Specialist,1,1
7690,2025-01-01,Finance,Financial Analyst,3,0
7695,2025-01-01,Finance,Accountant,3,0
7696,2025-01-01,Marketing,Marketing Manager,2,0
7697,2025-01-01,Operations,Warehouse Supervisor,1,0
7700,2025-01-01,Human Resources,C&B Specialist,1,0
7704,2025-01-01,Information Technology,QA Engineer,1,0
7708,2025-01-01,Human Resources,Recruiter,1,0
7709,2025-01-01,Information Technology,Software Engineer,0,0
7710,2025-01-01,Information Technology,Software Engineer,3,0
7711,2025-01-01,Information Technology,IT Support,1,0
7712,2025-01-01,Human Resources,C&B Specialist,1,0
7715,2025-01-01,Finance,Internal Auditor,1,0
7716,2025-01-01,Marketing,Marketing Executive,1,0
7730,2025-01-01,Finance,Internal Auditor,1,0
7731,2025-01-01,Human Resources,C&B Specialist,0,0
7733,2025-01-01,Sales,Sales Executive,1,0
7735,2025-01-01,Finance,Finance Manager,0,0
7737,2025-01-01,Sales,Account Manager,2,0
7738,2025-01-01,Human Resources,Recruiter,3,0
7739,2025-01-01,Marketing,Marketing Manager,0,0
7741,2025-01-01,Human Resources,Recruiter,1,0
7742,2025-01-01,Human Resources,HR Manager,1,0
7743,2025-01-01,Human Resources,HR Executive,0,0
7745,2025-01-01,Information Technology,Software Engineer,1,0
7746,2025-01-01,Information Technology,QA Engineer,0,1
7748,2025-01-01,Human Resources,Recruiter,0,1
7749,2025-01-01,Marketing,Content Specialist,0,1
7750,2025-01-01,Sales,Sales Supervisor,1,0
7752,2025-01-01,Sales,Account Manager,2,0
7754,2025-01-01,Information Technology,Data Analyst,2,0
7755,2025-01-01,Marketing,Content Specialist,1,0
7757,2025-01-01,Sales,Sales Supervisor,0,0
7767,2025-01-01,Marketing,Marketing Manager,1,0
7772,2025-01-01,Sales,Account Manager,1,0
7775,2025-01-01,Sales,Sales Representative,0,0
7776,2025-01-01,Finance,Accountant,1,0
7777,2025-01-01,Information Technology,Data Analyst,1,0
7780,2025-01-01,Information Technology,IT Support,1,0
7783,2025-01-01,Information Technology,Software Engineer,1,0
7785,2025-01-01,Finance,Financial Analyst,3,1
7787,2025-01-01,Information Technology,QA Engineer,2,0
7791,2025-01-01,Operations,Procurement Specialist,1,0
7792,2025-01-01,Information Technology,Data Analyst,2,0
7793,2025-01-01,Sales,Sales Executive,1,0
7796,2025-01-01,Information Technology,Data Analyst,1,0
7797,2025-01-01,Marketing,Content Specialist,1,0
7798,2025-01-01,Finance,Financial Analyst,1,0
7804,2025-01-01,Finance,Finance Manager,1,0
7805,2025-01-01,Information Technology,QA Engineer,3,1
7809,2025-01-01,Operations,Operations Executive,1,0
7813,2025-01-01,Information Technology,System Administrator,1,1
7816,2025-01-01,Information Technology,QA Engineer,1,0
7817,2025-01-01,Marketing,Marketing Executive,1,0
7824,2025-01-01,Finance,Accountant,1,0
7828,2025-01-01,Finance,Internal Auditor,2,0
7831,2025-01-01,Human Resources,C&B Specialist,3,0
7834,2025-01-01,Operations,Operations Manager,0,1
7836,2025-01-01,Information Technology,QA Engineer,1,0
7837,2025-01-01,Finance,Accountant,0,0
7840,2025-01-01,Marketing,Content Specialist,0,0
7842,2025-01-01,Finance,Internal Auditor,1,0
7845,2025-01-01,Marketing,Content Specialist,2,0
7847,2025-01-01,Sales,Sales Executive,0,1
7850,2025-01-01,Human Resources,Recruiter,1,0
7852,2025-01-01,Human Resources,HR Executive,1,0
7854,2025-01-01,Marketing,Content Specialist,1,0
7856,2025-01-01,Operations,Procurement Specialist,3,0
7857,2025-01-01,Sales,Sales Executive,0,1
7858,2025-01-01,Finance,Financial Analyst,1,0
7861,2025-01-01,Human Resources,HR Executive,0,1
7862,2025-01-01,Finance,Accountant,0,0
7867,2025-01-01,Operations,Warehouse Supervisor,2,0
7868,2025-01-01,Finance,Internal Auditor,1,1
7869,2025-01-01,Information Technology,System Administrator,0,1
7871,2025-01-01,Information Technology,Software Engineer,0,0
7872,2025-01-01,Sales,Sales Representative,1,0
7873,2025-01-01,Finance,Accountant,0,0
7874,2025-01-01,Human Resources,HR Executive,2,0
7876,2025-01-01,Human Resources,C&B Specialist,1,0
7878,2025-01-01,Operations,Operations Executive,3,1
7879,2025-01-01,Finance,Financial Analyst,0,0
7882,2025-01-01,Sales,Sales Supervisor,1,0
7885,2025-01-01,Sales,Account Manager,0,0
7886,2025-01-01,Operations,Operations Executive,1,0
7890,2025-01-01,Sales,Sales Supervisor,1,1
7898,2025-01-01,Human Resources,C&B Specialist,1,0
7899,2025-01-01,Information Technology,QA Engineer,0,1
7900,2025-01-01,Human Resources,C&B Specialist,2,0
7901,2025-01-01,Marketing,Marketing Executive,2,0
7907,2025-01-01,Marketing,Marketing Manager,1,0
7908,2025-01-01,Sales,Sales Representative,1,1
7912,2025-01-01,Sales,Sales Representative,1,0
7913,2025-01-01,Information Technology,Data Analyst,1,0
7914,2025-01-01,Sales,Sales Representative,1,0
7915,2025-01-01,Finance,Financial Analyst,1,0
7916,2025-01-01,Sales,Sales Representative,1,0
7918,2025-01-01,Information Technology,QA Engineer,1,0
7919,2025-01-01,Operations,Warehouse Supervisor,1,0
7920,2025-01-01,Operations,Warehouse Supervisor,1,0
7923,2025-01-01,Information Technology,IT Support,1,0
7924,2025-01-01,Finance,Accountant,3,1
7925,2025-01-01,Sales,Sales Supervisor,2,0
7927,2025-01-01,Operations,Operations Manager,1,0
7929,2025-01-01,Sales,Sales Representative,0,0
7931,2025-01-01,Finance,Finance Manager,1,0
7933,2025-01-01,Information Technology,Software Engineer,1,0
7939,2025-01-01,Marketing,Marketing Manager,1,0
7944,2025-01-01,Human Resources,C&B Specialist,2,1
7945,2025-01-01,Human Resources,C&B Specialist,1,0
7947,2025-01-01,Marketing,Content Specialist,2,0
7948,2025-01-01,Marketing,Marketing Executive,0,0
7953,2025-01-01,Human Resources,Recruiter,1,0
7954,2025-01-01,Human Resources,HR Executive,1,0
7956,2025-01-01,Finance,Internal Auditor,1,0
7958,2025-01-01,Finance,Finance Manager,0,0
7960,2025-01-01,Operations,Warehouse Supervisor,2,0
7961,2025-01-01,Human Resources,Recruiter,1,0
7963,2025-01-01,Finance,Accountant,3,0
7964,2025-01-01,Operations,Warehouse Supervisor,1,1
7967,2025-01-01,Information Technology,Data Analyst,1,1
7969,2025-01-01,Operations,Warehouse Supervisor,0,1
7970,2025-01-01,Human Resources,HR Manager,1,1
7974,2025-01-01,Finance,Accountant,0,0
7975,2025-01-01,Human Resources,HR Manager,1,0
7977,2025-01-01,Operations,Operations Manager,1,1
7978,2025-01-01,Information Technology,Data Analyst,0,0
7980,2025-01-01,Information Technology,QA Engineer,1,0
7984,2025-01-01,Human Resources,C&B Specialist,1,1
7988,2025-01-01,Sales,Account Manager,2,0
7990,2025-01-01,Operations,Procurement Specialist,2,0
7991,2025-01-01,Information Technology,IT Support,2,1
7994,2025-01-01,Human Resources,HR Manager,1,0
7995,2025-01-01,Finance,Accountant,0,0
7997,2025-01-01,Marketing,Content Specialist,0,0
7999,2025-01-01,Sales,Sales Executive,2,0
8000,2025-01-01,Finance,Finance Manager,1,0
8004,2025-01-01,Operations,Procurement Specialist,3,0
8007,2025-01-01,Sales,Sales Executive,2,0
8008,2025-01-01,Sales,Sales Executive,2,0
8009,2025-01-01,Sales,Sales Executive,1,1
8011,2025-01-01,Sales,Sales Representative,0,0
8013,2025-01-01,Sales,Sales Executive,3,0
8015,2025-01-01,Human Resources,Recruiter,1,0
8017,2025-01-01,Sales,Sales Executive,1,0
8019,2025-01-01,Operations,Operations Manager,1,1
8020,2025-01-01,Operations,Warehouse Supervisor,1,0
8026,2025-01-01,Sales,Sales Executive,2,0
8028,2025-01-01,Human Resources,Recruiter,3,0
8029,2025-01-01,Information Technology,IT Support,1,0
8032,2025-01-01,Sales,Sales Supervisor,3,0
8033,2025-01-01,Information Technology,System Administrator,1,1
8037,2025-01-01,Human Resources,HR Executive,2,0
8038,2025-01-01,Information Technology,QA Engineer,2,0
8047,2025-01-01,Marketing,Marketing Manager,2,0
8048,2025-01-01,Finance,Finance Manager,0,0
8052,2025-01-01,Operations,Procurement Specialist,2,0
8059,2025-01-01,Sales,Sales Executive,1,0
8060,2025-01-01,Human Resources,Recruiter,1,0
8062,2025-01-01,Operations,Operations Executive,1,0
8065,2025-01-01,Operations,Operations Manager,1,0
8067,2025-01-01,Human Resources,HR Executive,2,0
8069,2025-01-01,Sales,Sales Executive,1,0
8073,2025-01-01,Human Resources,C&B Specialist,1,0
8074,2025-01-01,Operations,Warehouse Supervisor,0,1
8077,2025-01-01,Operations,Warehouse Supervisor,1,0
8079,2025-01-01,Sales,Account Manager,0,0
8081,2025-01-01,Sales,Account Manager,1,0
8082,2025-01-01,Information Technology,Data Analyst,1,0
8089,2025-01-01,Finance,Internal Auditor,2,0
8093,2025-01-01,Human Resources,Recruiter,0,0
8094,2025-01-01,Information Technology,QA Engineer,1,0
8096,2025-01-01,Operations,Operations Manager,2,0
8098,2025-01-01,Information Technology,IT Support,0,0
8101,2025-01-01,Information Technology,Software Engineer,2,0
8104,2025-01-01,Operations,Operations Executive,1,0
8105,2025-01-01,Finance,Accountant,1,0
8107,2025-01-01,Marketing,Marketing Manager,1,0
8109,2025-01-01,Information Technology,Data Analyst,1,0
8110,2025-01-01,Operations,Operations Executive,1,1
8113,2025-01-01,Information Technology,System Administrator,1,1
8116,2025-01-01,Human Resources,HR Manager,1,0
8117,2025-01-01,Operations,Operations Manager,0,0
8119,2025-01-01,Marketing,Content Specialist,0,0
8121,2025-01-01,Finance,Accountant,1,0
8123,2025-01-01,Finance,Internal Auditor,1,0
8125,2025-01-01,Human Resources,HR Manager,1,0
8126,2025-01-01,Information Technology,Data Analyst,0,0
8129,2025-01-01,Marketing,Marketing Manager,2,0
8130,2025-01-01,Human Resources,HR Executive,1,0
8131,2025-01-01,Sales,Sales Supervisor,1,0
8136,2025-01-01,Sales,Sales Supervisor,0,0
8138,2025-01-01,Marketing,Marketing Executive,0,0
8139,2025-01-01,Operations,Warehouse Supervisor,1,0
8141,2025-01-01,Finance,Accountant,1,0
8147,2025-01-01,Human Resources,Recruiter,0,1
8149,2025-01-01,Marketing,Marketing Manager,1,1
8151,2025-01-01,Information Technology,Software Engineer,1,0
8155,2025-01-01,Human Resources,C&B Specialist,0,0
8158,2025-01-01,Finance,Financial Analyst,0,0
8159,2025-01-01,Information Technology,Software Engineer,0,0
8160,2025-01-01,Information Technology,System Administrator,1,1
8163,2025-01-01,Finance,Financial Analyst,2,1
8165,2025-01-01,Sales,Sales Supervisor,2,0
8167,2025-01-01,Marketing,Digital Marketing Specialist,1,0
8170,2025-01-01,Human Resources,HR Executive,1,0
8171,2025-01-01,Information Technology,Software Engineer,1,0
8172,2025-01-01,Human Resources,C&B Specialist,0,0
8173,2025-01-01,Sales,Sales Executive,1,0
8178,2025-01-01,Operations,Operations Executive,1,0
8179,2025-01-01,Sales,Sales Executive,1,1
8180,2025-01-01,Information Technology,IT Support,2,0
8181,2025-01-01,Information Technology,QA Engineer,1,1
8183,2025-01-01,Sales,Sales Supervisor,1,1
8185,2025-01-01,Sales,Sales Representative,2,0
8187,2025-01-01,Marketing,Content Specialist,1,0
8188,2025-01-01,Sales,Sales Executive,1,1
8189,2025-01-01,Human Resources,C&B Specialist,1,0
8191,2025-01-01,Sales,Sales Executive,3,0
8192,2025-01-01,Finance,Finance Manager,0,0
8194,2025-01-01,Sales,Sales Supervisor,0,0
8198,2025-01-01,Information Technology,Software Engineer,2,0
8199,2025-01-01,Information Technology,Data Analyst,2,0
8206,2025-01-01,Sales,Sales Executive,0,0
8207,2025-01-01,Human Resources,HR Executive,2,0
8209,2025-01-01,Human Resources,C&B Specialist,3,0
8211,2025-01-01,Sales,Sales Representative,2,0
8214,2025-01-01,Finance,Accountant,1,0
8220,2025-01-01,Human Resources,C&B Specialist,1,0
8224,2025-01-01,Information Technology,Data Analyst,0,0
8228,2025-01-01,Finance,Financial Analyst,2,0
8235,2025-01-01,Sales,Sales Executive,0,0
8237,2025-01-01,Sales,Sales Representative,1,0
8239,2025-01-01,Sales,Sales Executive,1,0
8240,2025-01-01,Marketing,Marketing Manager,1,0
8241,2025-01-01,Marketing,Content Specialist,1,0
8242,2025-01-01,Information Technology,Software Engineer,1,0
8243,2025-01-01,Information Technology,IT Support,2,0
8249,2025-01-01,Sales,Sales Representative,2,0
8250,2025-01-01,Operations,Operations Manager,0,0
8259,2025-01-01,Information Technology,QA Engineer,1,0
8263,2025-01-01,Sales,Sales Executive,3,0
8264,2025-01-01,Sales,Account Manager,1,0
8268,2025-01-01,Human Resources,C&B Specialist,0,0
8271,2025-01-01,Human Resources,Recruiter,0,0
8272,2025-01-01,Sales,Account Manager,0,0
8273,2025-01-01,Marketing,Marketing Executive,1,0
8280,2025-01-01,Finance,Financial Analyst,1,0
8281,2025-01-01,Marketing,Digital Marketing Specialist,1,0
8282,2025-01-01,Information Technology,Software Engineer,1,0
8284,2025-01-01,Human Resources,HR Manager,1,0
8285,2025-01-01,Information Technology,IT Support,3,0
8286,2025-01-01,Finance,Finance Manager,0,0
8287,2025-01-01,Finance,Accountant,0,0
8288,2025-01-01,Operations,Procurement Specialist,3,0
8290,2025-01-01,Finance,Finance Manager,1,0
8292,2025-01-01,Human Resources,HR Executive,1,0
8295,2025-01-01,Human Resources,C&B Specialist,0,1
8300,2025-01-01,Marketing,Digital Marketing Specialist,1,0
8308,2025-01-01,Information Technology,System Administrator,1,0
8310,2025-01-01,Finance,Finance Manager,3,0
8314,2025-01-01,Sales,Sales Representative,3,1
8319,2025-01-01,Information Technology,Software Engineer,3,0
8321,2025-01-01,Sales,Sales Representative,1,0
8323,2025-01-01,Human Resources,HR Manager,1,0
8324,2025-01-01,Sales,Sales Supervisor,2,1
8328,2025-01-01,Marketing,Marketing Manager,1,0
8331,2025-01-01,Sales,Sales Representative,0,0
8333,2025-01-01,Operations,Procurement Specialist,1,0
8334,2025-01-01,Operations,Procurement Specialist,1,1
8335,2025-01-01,Information Technology,Data Analyst,3,0
8338,2025-01-01,Operations,Operations Executive,1,0
8346,2025-01-01,Information Technology,Software Engineer,2,0
8347,2025-01-01,Operations,Operations Manager,1,0
8348,2025-01-01,Sales,Sales Supervisor,1,0
8352,2025-01-01,Marketing,Digital Marketing Specialist,1,0
8354,2025-01-01,Information Technology,Software Engineer,1,0
8355,2025-01-01,Marketing,Marketing Manager,1,0
8358,2025-01-01,Operations,Operations Manager,2,1
8360,2025-01-01,Sales,Sales Representative,0,0
8361,2025-01-01,Marketing,Content Specialist,1,0
8363,2025-01-01,Human Resources,HR Manager,1,0
8365,2025-01-01,Finance,Finance Manager,2,0
8367,2025-01-01,Sales,Sales Executive,1,0
8368,2025-01-01,Operations,Procurement Specialist,1,0
8370,2025-01-01,Marketing,Digital Marketing Specialist,1,0
8372,2025-01-01,Sales,Sales Supervisor,2,0
8373,2025-01-01,Human Resources,Recruiter,0,0
8385,2025-01-01,Marketing,Marketing Manager,1,0
8387,2025-01-01,Human Resources,HR Executive,3,0
8388,2025-01-01,Finance,Finance Manager,0,0
8389,2025-01-01,Sales,Sales Supervisor,2,1
8391,2025-01-01,Finance,Internal Auditor,2,0
8392,2025-01-01,Operations,Operations Manager,1,0
8393,2025-01-01,Human Resources,C&B Specialist,1,0
8396,2025-01-01,Marketing,Marketing Executive,1,0
8397,2025-01-01,Operations,Operations Executive,1,0
8399,2025-01-01,Human Resources,HR Executive,1,0
8407,2025-01-01,Marketing,Content Specialist,1,0
8408,2025-01-01,Marketing,Marketing Executive,1,1
8413,2025-01-01,Marketing,Digital Marketing Specialist,1,0
8414,2025-01-01,Sales,Sales Executive,2,1
8415,2025-01-01,Information Technology,System Administrator,1,0
8416,2025-01-01,Marketing,Marketing Manager,2,0
8418,2025-01-01,Finance,Accountant,3,0
8419,2025-01-01,Finance,Internal Auditor,0,0
8420,2025-01-01,Operations,Warehouse Supervisor,2,0
8423,2025-01-01,Information Technology,IT Support,1,1
8426,2025-01-01,Human Resources,Recruiter,1,0
8427,2025-01-01,Operations,Warehouse Supervisor,2,0
8429,2025-01-01,Marketing,Marketing Executive,0,0
8430,2025-01-01,Marketing,Content Specialist,1,0
8431,2025-01-01,Marketing,Marketing Manager,1,0
8436,2025-01-01,Human Resources,Recruiter,1,0
8438,2025-01-01,Sales,Sales Executive,2,0
8442,2025-01-01,Sales,Sales Executive,1,0
8443,2025-01-01,Information Technology,IT Support,0,0
8444,2025-01-01,Marketing,Marketing Executive,0,0
8446,2025-01-01,Human Resources,HR Executive,1,0
8447,2025-01-01,Marketing,Digital Marketing Specialist,1,1
8450,2025-01-01,Marketing,Content Specialist,1,0
8457,2025-01-01,Marketing,Marketing Executive,1,1
8460,2025-01-01,Sales,Sales Supervisor,0,0
8461,2025-01-01,Marketing,Marketing Executive,1,0
8463,2025-01-01,Information Technology,Software Engineer,1,0
8466,2025-01-01,Operations,Operations Manager,1,0
8467,2025-01-01,Operations,Operations Manager,2,0
8470,2025-01-01,Human Resources,Recruiter,1,0
8472,2025-01-01,Marketing,Marketing Executive,2,0
8473,2025-01-01,Marketing,Content Specialist,1,0
8474,2025-01-01,Operations,Operations Executive,2,0
8480,2025-01-01,Operations,Procurement Specialist,0,0
8481,2025-01-01,Sales,Sales Executive,1,0
8483,2025-01-01,Human Resources,C&B Specialist,1,0
8488,2025-01-01,Marketing,Marketing Manager,2,1
8490,2025-01-01,Operations,Procurement Specialist,1,1
8494,2025-01-01,Operations,Procurement Specialist,2,0
8495,2025-01-01,Marketing,Content Specialist,0,0
8498,2025-01-01,Finance,Accountant,2,0
8499,2025-01-01,Marketing,Marketing Manager,1,0
8500,2025-01-01,Operations,Operations Manager,1,0
8501,2025-01-01,Human Resources,Recruiter,1,0
8506,2025-01-01,Operations,Operations Executive,1,0
8508,2025-01-01,Marketing,Content Specialist,1,1
8509,2025-01-01,Human Resources,HR Manager,1,0
8511,2025-01-01,Information Technology,Software Engineer,1,0
8512,2025-01-01,Information Technology,QA Engineer,2,1
8514,2025-01-01,Operations,Procurement Specialist,1,0
8515,2025-01-01,Sales,Sales Executive,0,0
8516,2025-01-01,Human Resources,HR Executive,0,0
8517,2025-01-01,Operations,Operations Manager,1,1
8518,2025-01-01,Human Resources,HR Executive,1,0
8519,2025-01-01,Finance,Financial Analyst,1,0
8520,2025-01-01,Operations,Operations Manager,0,1
8523,2025-01-01,Sales,Sales Representative,2,0
8524,2025-01-01,Marketing,Marketing Manager,1,0
8526,2025-01-01,Marketing,Marketing Manager,0,0
8528,2025-01-01,Sales,Sales Supervisor,0,0
8533,2025-01-01,Finance,Financial Analyst,1,0
8535,2025-01-01,Sales,Account Manager,1,0
8541,2025-01-01,Operations,Operations Manager,1,1
8543,2025-01-01,Sales,Sales Representative,0,0
8546,2025-01-01,Finance,Internal Auditor,1,0
8547,2025-01-01,Sales,Sales Representative,0,0
8551,2025-01-01,Operations,Operations Executive,2,0
8553,2025-01-01,Finance,Finance Manager,1,0
8554,2025-01-01,Finance,Accountant,1,0
8555,2025-01-01,Operations,Warehouse Supervisor,1,0
8556,2025-01-01,Finance,Accountant,1,0
8557,2025-01-01,Marketing,Content Specialist,1,1
8558,2025-01-01,Sales,Sales Supervisor,0,0
8561,2025-01-01,Information Technology,QA Engineer,0,0
8562,2025-01-01,Human Resources,C&B Specialist,0,0
8563,2025-01-01,Finance,Finance Manager,0,0
8567,2025-01-01,Information Technology,QA Engineer,1,0
8568,2025-01-01,Sales,Account Manager,1,0
8573,2025-01-01,Operations,Warehouse Supervisor,0,0
8579,2025-01-01,Sales,Sales Executive,0,1
8583,2025-01-01,Human Resources,HR Executive,0,0
8584,2025-01-01,Marketing,Digital Marketing Specialist,0,0
8587,2025-01-01,Finance,Internal Auditor,1,0
8592,2025-01-01,Human Resources,Recruiter,2,0
8593,2025-01-01,Human Resources,Recruiter,0,0
8600,2025-01-01,Finance,Internal Auditor,3,0
8603,2025-01-01,Information Technology,System Administrator,1,0
8609,2025-01-01,Finance,Finance Manager,1,0
8613,2025-01-01,Finance,Accountant,0,0
8614,2025-01-01,Operations,Operations Executive,1,0
8620,2025-01-01,Finance,Internal Auditor,1,0
8625,2025-01-01,Marketing,Content Specialist,1,0
8626,2025-01-01,Marketing,Content Specialist,0,0
8627,2025-01-01,Marketing,Content Specialist,2,0
8631,2025-01-01,Human Resources,Recruiter,1,0
8633,2025-01-01,Marketing,Digital Marketing Specialist,1,0
8634,2025-01-01,Information Technology,IT Support,1,0
8635,2025-01-01,Marketing,Marketing Executive,1,0
8636,2025-01-01,Marketing,Digital Marketing Specialist,1,0
8637,2025-01-01,Sales,Account Manager,3,0
8638,2025-01-01,Operations,Operations Executive,2,0
8639,2025-01-01,Marketing,Content Specialist,3,0
8645,2025-01-01,Sales,Sales Supervisor,1,0
8647,2025-01-01,Marketing,Marketing Executive,0,0
8648,2025-01-01,Human Resources,C&B Specialist,1,0
8650,2025-01-01,Information Technology,Data Analyst,1,0
8651,2025-01-01,Marketing,Marketing Executive,0,0
8657,2025-01-01,Sales,Sales Representative,1,0
8658,2025-01-01,Sales,Sales Supervisor,1,0
8659,2025-01-01,Finance,Financial Analyst,1,0
8660,2025-01-01,Operations,Procurement Specialist,3,0
8662,2025-01-01,Sales,Sales Supervisor,2,0
8665,2025-01-01,Finance,Internal Auditor,1,0
8667,2025-01-01,Human Resources,HR Manager,2,1
8671,2025-01-01,Sales,Sales Representative,1,0
8672,2025-01-01,Sales,Sales Executive,3,0
8678,2025-01-01,Finance,Financial Analyst,3,0
8684,2025-01-01,Finance,Internal Auditor,1,0
8685,2025-01-01,Marketing,Marketing Manager,1,0
8686,2025-01-01,Information Technology,IT Support,1,0
8688,2025-01-01,Operations,Operations Executive,1,1
8693,2025-01-01,Information Technology,Data Analyst,1,1
8695,2025-01-01,Finance,Internal Auditor,0,1
8696,2025-01-01,Finance,Finance Manager,3,0
8697,2025-01-01,Sales,Account Manager,1,0
8698,2025-01-01,Marketing,Marketing Manager,0,0
8699,2025-01-01,Information Technology,IT Support,3,0
8700,2025-01-01,Sales,Account Manager,2,1
8703,2025-01-01,Operations,Operations Manager,2,0
8705,2025-01-01,Information Technology,Software Engineer,0,0
8706,2025-01-01,Finance,Financial Analyst,1,0
8708,2025-01-01,Information Technology,Data Analyst,1,0
8709,2025-01-01,Marketing,Digital Marketing Specialist,2,0
8717,2025-01-01,Information Technology,System Administrator,1,1
8718,2025-01-01,Operations,Warehouse Supervisor,2,0
8719,2025-01-01,Sales,Sales Representative,0,0
8720,2025-01-01,Information Technology,QA Engineer,1,1
8721,2025-01-01,Sales,Sales Executive,3,1
8725,2025-01-01,Finance,Financial Analyst,2,0
8731,2025-01-01,Human Resources,HR Executive,0,0
8734,2025-01-01,Marketing,Content Specialist,1,0
8739,2025-01-01,Operations,Operations Manager,1,0
8741,2025-01-01,Sales,Account Manager,0,0
8743,2025-01-01,Information Technology,System Administrator,1,0
8754,2025-01-01,Finance,Accountant,1,0
8758,2025-01-01,Human Resources,Recruiter,1,0
8759,2025-01-01,Operations,Operations Executive,1,0
8760,2025-01-01,Human Resources,Recruiter,1,0
8763,2025-01-01,Marketing,Marketing Manager,1,0
8766,2025-01-01,Human Resources,C&B Specialist,3,0
8768,2025-01-01,Human Resources,HR Manager,1,0
8769,2025-01-01,Operations,Operations Manager,1,0
8771,2025-01-01,Sales,Sales Representative,1,0
8774,2025-01-01,Sales,Sales Supervisor,1,0
8775,2025-01-01,Operations,Warehouse Supervisor,1,0
8776,2025-01-01,Marketing,Marketing Executive,2,0
8777,2025-01-01,Information Technology,Data Analyst,2,1
8778,2025-01-01,Sales,Sales Supervisor,1,1
8779,2025-01-01,Human Resources,HR Executive,2,0
8780,2025-01-01,Information Technology,QA Engineer,1,0
8781,2025-01-01,Human Resources,C&B Specialist,1,0
8782,2025-01-01,Human Resources,HR Executive,1,0
8783,2025-01-01,Sales,Sales Representative,0,0
8784,2025-01-01,Operations,Procurement Specialist,0,0
8786,2025-01-01,Marketing,Digital Marketing Specialist,0,0
8787,2025-01-01,Human Resources,HR Manager,1,0
8789,2025-01-01,Finance,Accountant,1,0
8790,2025-01-01,Finance,Financial Analyst,1,0
8792,2025-01-01,Information Technology,Software Engineer,1,0
8796,2025-01-01,Human Resources,C&B Specialist,2,0
8798,2025-01-01,Marketing,Marketing Executive,1,0
8801,2025-01-01,Information Technology,QA Engineer,1,1
8803,2025-01-01,Sales,Account Manager,0,0
8811,2025-01-01,Information Technology,System Administrator,2,0
8813,2025-01-01,Human Resources,C&B Specialist,1,0
8818,2025-01-01,Information Technology,QA Engineer,1,0
8820,2025-01-01,Operations,Warehouse Supervisor,0,0
8821,2025-01-01,Operations,Operations Executive,2,0
8822,2025-01-01,Finance,Internal Auditor,1,0
8823,2025-01-01,Information Technology,Data Analyst,1,0
8824,2025-01-01,Operations,Warehouse Supervisor,0,0
8825,2025-01-01,Information Technology,Software Engineer,1,0
8827,2025-01-01,Sales,Sales Supervisor,2,0
8828,2025-01-01,Operations,Procurement Specialist,1,1
8829,2025-01-01,Information Technology,System Administrator,0,0
8831,2025-01-01,Finance,Finance Manager,1,0
8838,2025-01-01,Human Resources,Recruiter,1,0
8841,2025-01-01,Information Technology,System Administrator,1,0
8843,2025-01-01,Sales,Sales Supervisor,0,0
8845,2025-01-01,Operations,Operations Manager,0,0
8848,2025-01-01,Information Technology,QA Engineer,2,0
8850,2025-01-01,Sales,Sales Executive,1,0
8854,2025-01-01,Sales,Sales Executive,1,0
8856,2025-01-01,Human Resources,HR Manager,1,0
8857,2025-01-01,Finance,Financial Analyst,2,0
8858,2025-01-01,Sales,Sales Supervisor,1,0
8860,2025-01-01,Sales,Account Manager,1,0
8864,2025-01-01,Marketing,Digital Marketing Specialist,3,0
8866,2025-01-01,Information Technology,Data Analyst,2,0
8868,2025-01-01,Information Technology,Software Engineer,1,0
8873,2025-01-01,Operations,Warehouse Supervisor,1,0
8874,2025-01-01,Information Technology,Data Analyst,2,0
8875,2025-01-01,Marketing,Marketing Manager,2,0
8877,2025-01-01,Information Technology,System Administrator,3,0
8878,2025-01-01,Information Technology,Data Analyst,1,0
8882,2025-01-01,Human Resources,Recruiter,1,0
8883,2025-01-01,Finance,Finance Manager,3,1
8887,2025-01-01,Sales,Sales Supervisor,1,0
8890,2025-01-01,Information Technology,Software Engineer,1,0
8893,2025-01-01,Finance,Finance Manager,1,0
8899,2025-01-01,Marketing,Digital Marketing Specialist,2,0
8900,2025-01-01,Human Resources,HR Executive,3,0
8907,2025-01-01,Operations,Warehouse Supervisor,2,0
8910,2025-01-01,Finance,Internal Auditor,1,0
8911,2025-01-01,Operations,Operations Executive,1,0
8912,2025-01-01,Operations,Operations Manager,1,0
8914,2025-01-01,Sales,Sales Representative,2,0
8915,2025-01-01,Sales,Account Manager,1,0
8916,2025-01-01,Finance,Financial Analyst,1,0
8917,2025-01-01,Sales,Sales Executive,1,0
8920,2025-01-01,Marketing,Content Specialist,1,0
8922,2025-01-01,Marketing,Content Specialist,1,0
8923,2025-01-01,Human Resources,Recruiter,0,0
8927,2025-01-01,Finance,Internal Auditor,1,0
8928,2025-01-01,Sales,Account Manager,1,0
8929,2025-01-01,Human Resources,HR Executive,3,0
8934,2025-01-01,Marketing,Content Specialist,3,0
8938,2025-01-01,Marketing,Content Specialist,1,0
8939,2025-01-01,Human Resources,HR Executive,2,0
8944,2025-01-01,Marketing,Content Specialist,1,0
8945,2025-01-01,Human Resources,HR Manager,0,0
8947,2025-01-01,Operations,Warehouse Supervisor,1,0
8948,2025-01-01,Information Technology,Software Engineer,1,1
8949,2025-01-01,Marketing,Content Specialist,1,0
8952,2025-01-01,Human Resources,HR Manager,2,0
8953,2025-01-01,Operations,Operations Manager,1,0
8954,2025-01-01,Sales,Sales Supervisor,1,0
8957,2025-01-01,Information Technology,Software Engineer,1,0
8959,2025-01-01,Human Resources,C&B Specialist,0,0
8960,2025-01-01,Information Technology,Data Analyst,1,0
8962,2025-01-01,Sales,Sales Supervisor,3,1
8964,2025-01-01,Sales,Account Manager,1,0
8965,2025-01-01,Sales,Account Manager,0,0
8967,2025-01-01,Sales,Sales Representative,1,0
8975,2025-01-01,Human Resources,HR Executive,1,0
8978,2025-01-01,Operations,Operations Manager,1,0
8980,2025-01-01,Marketing,Marketing Executive,0,0
8981,2025-01-01,Human Resources,HR Manager,0,0
8982,2025-01-01,Information Technology,System Administrator,1,0
8983,2025-01-01,Finance,Internal Auditor,1,0
8984,2025-01-01,Operations,Operations Executive,1,0
8985,2025-01-01,Operations,Operations Executive,1,0
8986,2025-01-01,Human Resources,HR Manager,1,1
8990,2025-01-01,Marketing,Marketing Executive,0,0
8991,2025-01-01,Marketing,Marketing Manager,1,0
8992,2025-01-01,Marketing,Content Specialist,2,0
8993,2025-01-01,Marketing,Content Specialist,0,0
8995,2025-01-01,Finance,Financial Analyst,1,0
8997,2025-01-01,Marketing,Marketing Executive,0,0
8998,2025-01-01,Sales,Account Manager,1,0
9001,2025-01-01,Sales,Sales Supervisor,1,0
9004,2025-01-01,Finance,Accountant,0,0
9005,2025-01-01,Information Technology,Software Engineer,1,0
9007,2025-01-01,Finance,Financial Analyst,2,0
9009,2025-01-01,Information Technology,Data Analyst,3,0
9016,2025-01-01,Sales,Account Manager,0,0
9017,2025-01-01,Information Technology,Software Engineer,1,0
9018,2025-01-01,Sales,Account Manager,3,0
9020,2025-01-01,Operations,Operations Executive,0,0
9023,2025-01-01,Sales,Sales Supervisor,2,0
9025,2025-01-01,Operations,Operations Executive,3,0
9026,2025-01-01,Finance,Finance Manager,0,0
9032,2025-01-01,Information Technology,QA Engineer,1,1
9033,2025-01-01,Finance,Internal Auditor,2,0
9034,2025-01-01,Human Resources,HR Executive,3,0
9036,2025-01-01,Information Technology,IT Support,1,0
9037,2025-01-01,Finance,Finance Manager,1,0
9040,2025-01-01,Finance,Financial Analyst,1,0
9043,2025-01-01,Marketing,Content Specialist,1,0
9045,2025-01-01,Finance,Financial Analyst,0,0
9047,2025-01-01,Marketing,Digital Marketing Specialist,1,0
9050,2025-01-01,Human Resources,HR Manager,0,1
9053,2025-01-01,Finance,Finance Manager,2,0
9054,2025-01-01,Human Resources,C&B Specialist,1,0
9055,2025-01-01,Marketing,Content Specialist,2,1
9059,2025-01-01,Marketing,Marketing Manager,1,0
9060,2025-01-01,Operations,Procurement Specialist,2,0
9062,2025-01-01,Marketing,Marketing Manager,1,0
9065,2025-01-01,Information Technology,Data Analyst,3,0
9072,2025-01-01,Information Technology,Software Engineer,1,0
9076,2025-01-01,Marketing,Content Specialist,1,0
9077,2025-01-01,Operations,Procurement Specialist,1,0
9080,2025-01-01,Information Technology,System Administrator,2,0
9082,2025-01-01,Operations,Operations Manager,1,0
9084,2025-01-01,Operations,Procurement Specialist,2,1
9094,2025-01-01,Human Resources,C&B Specialist,2,0
9095,2025-01-01,Finance,Financial Analyst,2,1
9100,2025-01-01,Sales,Sales Executive,1,0
9103,2025-01-01,Information Technology,Software Engineer,1,0
9105,2025-01-01,Human Resources,HR Manager,2,0
9107,2025-01-01,Marketing,Digital Marketing Specialist,2,0
9111,2025-01-01,Information Technology,IT Support,1,0
9113,2025-01-01,Marketing,Digital Marketing Specialist,0,0
9114,2025-01-01,Information Technology,Software Engineer,2,0
9115,2025-01-01,Sales,Account Manager,1,0
9116,2025-01-01,Sales,Account Manager,1,0
9117,2025-01-01,Sales,Sales Supervisor,1,0
9128,2025-01-01,Operations,Warehouse Supervisor,1,0
9132,2025-01-01,Finance,Accountant,0,0
9133,2025-01-01,Finance,Finance Manager,0,1
9134,2025-01-01,Sales,Sales Executive,1,0
9135,2025-01-01,Operations,Procurement Specialist,2,0
9139,2025-01-01,Information Technology,Software Engineer,1,0
9143,2025-01-01,Sales,Account Manager,2,0
9144,2025-01-01,Sales,Sales Supervisor,3,1
9146,2025-01-01,Finance,Accountant,1,0
9148,2025-01-01,Operations,Operations Manager,1,0
9149,2025-01-01,Operations,Operations Executive,2,0
9150,2025-01-01,Finance,Internal Auditor,0,0
9152,2025-01-01,Information Technology,Data Analyst,1,0
9153,2025-01-01,Finance,Accountant,2,0
9155,2025-01-01,Finance,Accountant,1,0
9156,2025-01-01,Operations,Operations Manager,2,0
9158,2025-01-01,Sales,Sales Supervisor,1,0
9165,2025-01-01,Information Technology,Software Engineer,1,0
9170,2025-01-01,Information Technology,Data Analyst,1,0
9171,2025-01-01,Information Technology,System Administrator,1,0
9172,2025-01-01,Operations,Operations Executive,1,0
9173,2025-01-01,Human Resources,HR Manager,3,0
9174,2025-01-01,Marketing,Content Specialist,0,0
9176,2025-01-01,Operations,Procurement Specialist,3,0
9177,2025-01-01,Operations,Operations Executive,1,0
9179,2025-01-01,Marketing,Digital Marketing Specialist,1,0
9180,2025-01-01,Human Resources,Recruiter,1,0
9184,2025-01-01,Information Technology,IT Support,2,0
9185,2025-01-01,Information Technology,System Administrator,2,0
9191,2025-01-01,Finance,Internal Auditor,1,0
9193,2025-01-01,Marketing,Marketing Executive,2,0
9194,2025-01-01,Information Technology,System Administrator,1,1
9201,2025-01-01,Sales,Sales Supervisor,1,0
9205,2025-01-01,Human Resources,C&B Specialist,1,1
9206,2025-01-01,Information Technology,QA Engineer,1,0
9208,2025-01-01,Human Resources,HR Executive,0,0
9209,2025-01-01,Finance,Financial Analyst,0,0
9210,2025-01-01,Marketing,Marketing Executive,1,0
9215,2025-01-01,Sales,Sales Representative,1,0
9217,2025-01-01,Marketing,Marketing Manager,2,0
9218,2025-01-01,Finance,Financial Analyst,0,0
9219,2025-01-01,Information Technology,Data Analyst,2,0
9221,2025-01-01,Information Technology,Data Analyst,3,0
9223,2025-01-01,Human Resources,HR Manager,3,0
9227,2025-01-01,Sales,Sales Supervisor,2,0
9228,2025-01-01,Operations,Warehouse Supervisor,3,0
9229,2025-01-01,Finance,Finance Manager,2,0
9231,2025-01-01,Human Resources,C&B Specialist,2,0
9233,2025-01-01,Sales,Sales Executive,1,0
9234,2025-01-01,Marketing,Marketing Manager,1,0
9236,2025-01-01,Operations,Warehouse Supervisor,2,0
9237,2025-01-01,Sales,Sales Representative,1,0
9239,2025-01-01,Human Resources,C&B Specialist,1,0
9240,2025-01-01,Sales,Sales Supervisor,1,0
9241,2025-01-01,Marketing,Digital Marketing Specialist,3,0
9244,2025-01-01,Finance,Finance Manager,0,0
9249,2025-01-01,Marketing,Content Specialist,1,0
9250,2025-01-01,Finance,Financial Analyst,0,0
9254,2025-01-01,Operations,Operations Manager,1,0
9255,2025-01-01,Operations,Warehouse Supervisor,0,0
9257,2025-01-01,Operations,Procurement Specialist,1,0
9259,2025-01-01,Operations,Operations Executive,3,0
9260,2025-01-01,Operations,Operations Executive,1,0
9266,2025-01-01,Sales,Sales Supervisor,0,1
9267,2025-01-01,Marketing,Content Specialist,1,0
9269,2025-01-01,Human Resources,Recruiter,3,1
9273,2025-01-01,Human Resources,Recruiter,2,1
9277,2025-01-01,Finance,Internal Auditor,1,0
9281,2025-01-01,Marketing,Marketing Executive,0,0
9283,2025-01-01,Sales,Account Manager,0,0
9285,2025-01-01,Marketing,Marketing Executive,1,0
9290,2025-01-01,Human Resources,HR Manager,1,0
9291,2025-01-01,Marketing,Marketing Manager,1,1
9292,2025-01-01,Sales,Account Manager,0,0
9293,2025-01-01,Human Resources,HR Executive,2,0
9302,2025-01-01,Sales,Sales Executive,0,1
9303,2025-01-01,Information Technology,IT Support,1,0
9307,2025-01-01,Finance,Finance Manager,3,0
9311,2025-01-01,Marketing,Digital Marketing Specialist,1,0
9315,2025-01-01,Marketing,Content Specialist,2,0
9316,2025-01-01,Operations,Procurement Specialist,2,0
9322,2025-01-01,Operations,Procurement Specialist,1,0
9323,2025-01-01,Marketing,Digital Marketing Specialist,1,0
9324,2025-01-01,Information Technology,System Administrator,1,0
9325,2025-01-01,Marketing,Marketing Executive,0,0
9326,2025-01-01,Human Resources,Recruiter,1,0
9327,2025-01-01,Operations,Procurement Specialist,3,0
9328,2025-01-01,Sales,Sales Supervisor,1,1
9329,2025-01-01,Operations,Procurement Specialist,2,1
9331,2025-01-01,Information Technology,IT Support,0,0
9333,2025-01-01,Information Technology,QA Engineer,2,0
9338,2025-01-01,Operations,Procurement Specialist,0,0
9340,2025-01-01,Human Resources,HR Manager,1,0
9341,2025-01-01,Operations,Operations Executive,2,0
9342,2025-01-01,Information Technology,Software Engineer,0,0
9346,2025-01-01,Marketing,Marketing Executive,0,0
9347,2025-01-01,Finance,Accountant,1,0
9350,2025-01-01,Finance,Internal Auditor,1,0
9352,2025-01-01,Sales,Sales Executive,2,1
9355,2025-01-01,Sales,Account Manager,1,0
9356,2025-01-01,Information Technology,Data Analyst,1,0
9357,2025-01-01,Information Technology,Software Engineer,1,0
9359,2025-01-01,Marketing,Marketing Executive,1,0
9360,2025-01-01,Operations,Operations Executive,2,0
9361,2025-01-01,Operations,Warehouse Supervisor,2,0
9363,2025-01-01,Information Technology,Software Engineer,2,0
9364,2025-01-01,Finance,Financial Analyst,1,0
9366,2025-01-01,Human Resources,HR Manager,0,1
9367,2025-01-01,Operations,Procurement Specialist,2,0
9368,2025-01-01,Information Technology,System Administrator,2,0
9369,2025-01-01,Finance,Accountant,1,0
9373,2025-01-01,Marketing,Marketing Executive,1,0
9381,2025-01-01,Marketing,Digital Marketing Specialist,2,0
9383,2025-01-01,Human Resources,Recruiter,1,0
9387,2025-01-01,Marketing,Marketing Manager,0,0
9389,2025-01-01,Operations,Warehouse Supervisor,2,0
9391,2025-01-01,Information Technology,QA Engineer,2,0
9394,2025-01-01,Finance,Financial Analyst,1,0
9395,2025-01-01,Operations,Warehouse Supervisor,1,1
9396,2025-01-01,Information Technology,Data Analyst,1,0
9398,2025-01-01,Operations,Operations Manager,1,0
9400,2025-01-01,Marketing,Marketing Executive,1,0
9403,2025-01-01,Marketing,Marketing Executive,2,1
9404,2025-01-01,Human Resources,HR Manager,3,0
9406,2025-01-01,Human Resources,Recruiter,1,1
9408,2025-01-01,Sales,Sales Executive,3,0
9409,2025-01-01,Information Technology,Data Analyst,1,0
9412,2025-01-01,Information Technology,Data Analyst,1,1
9413,2025-01-01,Human Resources,HR Executive,0,0
9414,2025-01-01,Marketing,Content Specialist,0,0
9415,2025-01-01,Finance,Internal Auditor,0,1
9416,2025-01-01,Marketing,Content Specialist,0,1
9418,2025-01-01,Finance,Finance Manager,0,0
9422,2025-01-01,Information Technology,IT Support,1,1
9423,2025-01-01,Human Resources,HR Manager,2,0
9424,2025-01-01,Marketing,Marketing Manager,3,0
9425,2025-01-01,Operations,Operations Executive,1,0
9426,2025-01-01,Sales,Sales Representative,1,0
9428,2025-01-01,Human Resources,Recruiter,2,0
9430,2025-01-01,Operations,Procurement Specialist,0,0
9431,2025-01-01,Operations,Operations Manager,1,0
9432,2025-01-01,Information Technology,QA Engineer,1,0
9434,2025-01-01,Sales,Sales Supervisor,2,0
9437,2025-01-01,Marketing,Marketing Executive,1,0
9441,2025-01-01,Finance,Financial Analyst,1,0
9442,2025-01-01,Sales,Account Manager,2,0
9443,2025-01-01,Information Technology,Data Analyst,0,0
9445,2025-01-01,Sales,Sales Executive,2,0
9446,2025-01-01,Information Technology,Data Analyst,1,0
9449,2025-01-01,Information Technology,QA Engineer,0,0
9450,2025-01-01,Marketing,Digital Marketing Specialist,1,0
9452,2025-01-01,Sales,Sales Representative,0,0
9453,2025-01-01,Operations,Operations Manager,1,0
9455,2025-01-01,Finance,Internal Auditor,0,0
9456,2025-01-01,Sales,Account Manager,0,1
9463,2025-01-01,Sales,Sales Representative,1,0
9464,2025-01-01,Operations,Procurement Specialist,1,0
9465,2025-01-01,Operations,Warehouse Supervisor,1,0
9466,2025-01-01,Sales,Account Manager,1,0
9468,2025-01-01,Sales,Account Manager,0,0
9469,2025-01-01,Marketing,Content Specialist,2,0
9470,2025-01-01,Finance,Internal Auditor,0,0
9471,2025-01-01,Operations,Operations Manager,0,0
9472,2025-01-01,Human Resources,Recruiter,1,0
9473,2025-01-01,Human Resources,C&B Specialist,1,1
9474,2025-01-01,Human Resources,HR Executive,2,0
9477,2025-01-01,Information Technology,Data Analyst,2,0
9478,2025-01-01,Marketing,Content Specialist,1,1
9480,2025-01-01,Operations,Operations Manager,1,0
9481,2025-01-01,Information Technology,Data Analyst,3,0
9482,2025-01-01,Sales,Account Manager,3,0
9483,2025-01-01,Operations,Operations Manager,1,0
9484,2025-01-01,Operations,Operations Manager,1,0
9485,2025-01-01,Human Resources,HR Manager,2,1
9493,2025-01-01,Sales,Sales Representative,2,1
9496,2025-01-01,Sales,Sales Representative,1,0
9497,2025-01-01,Finance,Finance Manager,0,0
9498,2025-01-01,Information Technology,System Administrator,1,0
9501,2025-01-01,Information Technology,QA Engineer,2,0
9502,2025-01-01,Finance,Internal Auditor,0,0
9503,2025-01-01,Information Technology,Data Analyst,1,0
9504,2025-01-01,Information Technology,QA Engineer,1,0
9505,2025-01-01,Human Resources,HR Manager,1,0
9507,2025-01-01,Operations,Operations Executive,1,0
9510,2025-01-01,Marketing,Marketing Manager,2,0
9512,2025-01-01,Sales,Sales Representative,1,0
9513,2025-01-01,Human Resources,Recruiter,1,0
9515,2025-01-01,Sales,Sales Executive,1,0
9516,2025-01-01,Sales,Account Manager,1,0
9519,2025-01-01,Marketing,Content Specialist,1,0
9521,2025-01-01,Finance,Finance Manager,1,0
9522,2025-01-01,Operations,Operations Executive,1,0
9523,2025-01-01,Human Resources,C&B Specialist,1,0
9524,2025-01-01,Marketing,Marketing Manager,1,1
9527,2025-01-01,Operations,Operations Manager,1,0
9530,2025-01-01,Marketing,Content Specialist,1,0
9532,2025-01-01,Marketing,Marketing Manager,0,0
9534,2025-01-01,Sales,Sales Supervisor,1,0
9536,2025-01-01,Operations,Procurement Specialist,0,0
9539,2025-01-01,Finance,Finance Manager,1,0
9542,2025-01-01,Information Technology,IT Support,2,0
9543,2025-01-01,Finance,Accountant,0,1
9546,2025-01-01,Sales,Sales Representative,2,1
9547,2025-01-01,Finance,Finance Manager,1,0
9549,2025-01-01,Finance,Accountant,0,0
9552,2025-01-01,Human Resources,HR Executive,1,0
9554,2025-01-01,Operations,Warehouse Supervisor,2,0
9556,2025-01-01,Finance,Internal Auditor,0,0
9560,2025-01-01,Finance,Financial Analyst,1,0
9561,2025-01-01,Sales,Sales Representative,1,0
9565,2025-01-01,Human Resources,HR Executive,3,0
9567,2025-01-01,Sales,Account Manager,0,1
9568,2025-01-01,Operations,Warehouse Supervisor,1,0
9569,2025-01-01,Sales,Sales Supervisor,1,0
9570,2025-01-01,Sales,Sales Representative,0,0
9573,2025-01-01,Finance,Financial Analyst,3,0
9575,2025-01-01,Information Technology,System Administrator,2,1
9576,2025-01-01,Finance,Internal Auditor,1,1
9579,2025-01-01,Marketing,Marketing Manager,2,0
9581,2025-01-01,Information Technology,Data Analyst,1,0
9582,2025-01-01,Sales,Sales Executive,1,0
9584,2025-01-01,Information Technology,IT Support,1,0
9588,2025-01-01,Finance,Accountant,0,0
9589,2025-01-01,Marketing,Content Specialist,1,0
9590,2025-01-01,Marketing,Marketing Executive,0,0
9592,2025-01-01,Human Resources,HR Manager,1,0
9595,2025-01-01,Operations,Operations Executive,1,0
9596,2025-01-01,Sales,Sales Supervisor,1,0
9597,2025-01-01,Sales,Sales Executive,0,0
9601,2025-01-01,Marketing,Digital Marketing Specialist,0,0
9604,2025-01-01,Sales,Sales Representative,0,0
9605,2025-01-01,Finance,Internal Auditor,1,0
9607,2025-01-01,Finance,Accountant,2,0
9608,2025-01-01,Finance,Financial Analyst,1,1
9610,2025-01-01,Human Resources,HR Manager,0,0
9615,2025-01-01,Sales,Sales Supervisor,0,1
9617,2025-01-01,Finance,Financial Analyst,2,0
9623,2025-01-01,Sales,Sales Supervisor,1,0
9625,2025-01-01,Finance,Internal Auditor,0,0
9626,2025-01-01,Information Technology,IT Support,2,0
9627,2025-01-01,Marketing,Digital Marketing Specialist,2,1
9628,2025-01-01,Sales,Sales Supervisor,0,0
9629,2025-01-01,Marketing,Digital Marketing Specialist,2,0
9632,2025-01-01,Finance,Internal Auditor,2,1
9636,2025-01-01,Finance,Finance Manager,1,0
9637,2025-01-01,Sales,Account Manager,1,0
9639,2025-01-01,Human Resources,Recruiter,0,0
9643,2025-01-01,Human Resources,HR Manager,0,0
9644,2025-01-01,Sales,Sales Executive,1,0
9648,2025-01-01,Information Technology,Data Analyst,1,0
9652,2025-01-01,Marketing,Content Specialist,1,0
9655,2025-01-01,Finance,Finance Manager,1,1
9658,2025-01-01,Operations,Operations Executive,3,0
9661,2025-01-01,Operations,Operations Executive,0,1
9663,2025-01-01,Operations,Warehouse Supervisor,0,0
9665,2025-01-01,Marketing,Marketing Manager,1,1
9669,2025-01-01,Marketing,Content Specialist,1,0
9670,2025-01-01,Human Resources,C&B Specialist,1,0
9672,2025-01-01,Finance,Finance Manager,1,0
9673,2025-01-01,Sales,Sales Executive,1,1
9674,2025-01-01,Information Technology,IT Support,1,0
9678,2025-01-01,Human Resources,HR Executive,3,0
9683,2025-01-01,Finance,Internal Auditor,1,0
9684,2025-01-01,Human Resources,HR Manager,0,0
9685,2025-01-01,Sales,Sales Representative,0,0
9687,2025-01-01,Sales,Sales Executive,1,1
9688,2025-01-01,Information Technology,Data Analyst,1,1
9689,2025-01-01,Marketing,Content Specialist,1,0
9690,2025-01-01,Human Resources,Recruiter,1,1
9693,2025-01-01,Operations,Operations Manager,0,0
9694,2025-01-01,Marketing,Content Specialist,1,0
9696,2025-01-01,Marketing,Digital Marketing Specialist,1,0
9697,2025-01-01,Human Resources,C&B Specialist,1,0
9703,2025-01-01,Human Resources,HR Executive,3,1
9705,2025-01-01,Finance,Internal Auditor,0,0
9706,2025-01-01,Marketing,Digital Marketing Specialist,3,0
9710,2025-01-01,Information Technology,IT Support,1,0
9712,2025-01-01,Operations,Operations Executive,1,1
9714,2025-01-01,Information Technology,IT Support,1,0
9716,2025-01-01,Human Resources,HR Manager,0,0
9719,2025-01-01,Marketing,Marketing Executive,0,0
9724,2025-01-01,Sales,Account Manager,3,1
9726,2025-01-01,Human Resources,C&B Specialist,0,0
9729,2025-01-01,Marketing,Content Specialist,3,0
9730,2025-01-01,Marketing,Content Specialist,0,0
9732,2025-01-01,Operations,Operations Manager,2,1
9733,2025-01-01,Marketing,Marketing Manager,1,0
9737,2025-01-01,Finance,Accountant,1,0
9739,2025-01-01,Finance,Internal Auditor,3,1
9741,2025-01-01,Operations,Procurement Specialist,1,1
9742,2025-01-01,Human Resources,HR Manager,1,0
9743,2025-01-01,Information Technology,QA Engineer,3,0
9746,2025-01-01,Human Resources,HR Executive,3,0
9747,2025-01-01,Finance,Finance Manager,1,0
9750,2025-01-01,Information Technology,IT Support,0,0
9757,2025-01-01,Information Technology,IT Support,1,0
9760,2025-01-01,Marketing,Marketing Executive,1,0
9762,2025-01-01,Information Technology,Software Engineer,0,0
9765,2025-01-01,Finance,Financial Analyst,1,1
9766,2025-01-01,Human Resources,C&B Specialist,3,0
9769,2025-01-01,Marketing,Marketing Executive,0,0
9771,2025-01-01,Sales,Account Manager,1,0
9772,2025-01-01,Human Resources,C&B Specialist,1,0
9774,2025-01-01,Operations,Warehouse Supervisor,1,0
9775,2025-01-01,Sales,Sales Executive,1,0
9779,2025-01-01,Finance,Internal Auditor,1,0
9786,2025-01-01,Finance,Accountant,1,0
9791,2025-01-01,Operations,Procurement Specialist,1,0
9792,2025-01-01,Human Resources,C&B Specialist,1,0
9794,2025-01-01,Information Technology,System Administrator,1,0
9795,2025-01-01,Finance,Internal Auditor,0,0
9797,2025-01-01,Marketing,Marketing Executive,0,0
9799,2025-01-01,Marketing,Marketing Executive,1,0
9801,2025-01-01,Operations,Operations Manager,2,1
9804,2025-01-01,Human Resources,HR Executive,1,0
9805,2025-01-01,Marketing,Marketing Manager,3,0
9809,2025-01-01,Sales,Sales Representative,1,0
9811,2025-01-01,Finance,Financial Analyst,1,0
9817,2025-01-01,Marketing,Marketing Executive,2,1
9818,2025-01-01,Human Resources,C&B Specialist,1,0
9819,2025-01-01,Operations,Procurement Specialist,2,1
9821,2025-01-01,Information Technology,IT Support,3,1
9822,2025-01-01,Marketing,Digital Marketing Specialist,1,1
9828,2025-01-01,Information Technology,Software Engineer,0,0
9833,2025-01-01,Finance,Accountant,1,0
9836,2025-01-01,Marketing,Marketing Manager,2,0
9843,2025-01-01,Finance,Accountant,0,0
9847,2025-01-01,Information Technology,QA Engineer,3,0
9849,2025-01-01,Operations,Operations Executive,1,0
9850,2025-01-01,Marketing,Content Specialist,2,0
9853,2025-01-01,Information Technology,IT Support,1,0
9854,2025-01-01,Human Resources,Recruiter,1,0
9857,2025-01-01,Marketing,Digital Marketing Specialist,0,0
9860,2025-01-01,Sales,Sales Supervisor,1,0
9862,2025-01-01,Information Technology,IT Support,1,0
9870,2025-01-01,Marketing,Marketing Executive,0,0
9871,2025-01-01,Human Resources,HR Manager,0,0
9872,2025-01-01,Information Technology,IT Support,1,0
9873,2025-01-01,Finance,Finance Manager,1,0
9874,2025-01-01,Information Technology,System Administrator,1,0
9875,2025-01-01,Human Resources,Recruiter,1,0
9877,2025-01-01,Human Resources,HR Manager,0,0
9879,2025-01-01,Marketing,Marketing Executive,2,0
9880,2025-01-01,Finance,Internal Auditor,0,0
9882,2025-01-01,Finance,Internal Auditor,1,0
9884,2025-01-01,Operations,Procurement Specialist,1,0
9886,2025-01-01,Human Resources,C&B Specialist,2,0
9887,2025-01-01,Sales,Account Manager,2,0
9892,2025-01-01,Sales,Sales Executive,0,0
9894,2025-01-01,Human Resources,HR Manager,1,0
9895,2025-01-01,Finance,Financial Analyst,3,0
9896,2025-01-01,Marketing,Marketing Manager,1,0
9897,2025-01-01,Information Technology,Data Analyst,2,0
9902,2025-01-01,Information Technology,IT Support,1,0
9903,2025-01-01,Sales,Sales Supervisor,2,0
9906,2025-01-01,Marketing,Content Specialist,1,0
9907,2025-01-01,Operations,Operations Manager,3,1
9908,2025-01-01,Marketing,Marketing Executive,0,0
9909,2025-01-01,Information Technology,Data Analyst,1,1
9910,2025-01-01,Operations,Procurement Specialist,1,0
9912,2025-01-01,Marketing,Marketing Executive,1,0
9913,2025-01-01,Marketing,Marketing Manager,2,0
9914,2025-01-01,Sales,Sales Supervisor,3,0
9915,2025-01-01,Human Resources,C&B Specialist,2,0
9916,2025-01-01,Human Resources,HR Executive,1,0
9917,2025-01-01,Marketing,Digital Marketing Specialist,2,0
9924,2025-01-01,Information Technology,IT Support,0,1
9926,2025-01-01,Human Resources,C&B Specialist,2,0
9927,2025-01-01,Information Technology,System Administrator,1,0
9929,2025-01-01,Information Technology,Data Analyst,1,1
9932,2025-01-01,Marketing,Marketing Manager,1,0
9933,2025-01-01,Human Resources,HR Manager,2,0
9939,2025-01-01,Sales,Account Manager,2,0
9940,2025-01-01,Human Resources,C&B Specialist,2,0
9944,2025-01-01,Operations,Operations Manager,3,0
9945,2025-01-01,Finance,Financial Analyst,1,0
9946,2025-01-01,Finance,Finance Manager,0,0
9948,2025-01-01,Human Resources,HR Executive,1,1
9949,2025-01-01,Information Technology,System Administrator,0,0
9950,2025-01-01,Human Resources,HR Manager,2,0
9951,2025-01-01,Sales,Sales Representative,0,0
9953,2025-01-01,Finance,Financial Analyst,0,0
9956,2025-01-01,Information Technology,Data Analyst,1,0
9961,2025-01-01,Marketing,Marketing Manager,1,1
9966,2025-01-01,Information Technology,IT Support,2,0
9968,2025-01-01,Sales,Sales Executive,3,0
9969,2025-01-01,Operations,Operations Executive,0,1
9970,2025-01-01,Information Technology,System Administrator,1,1
9971,2025-01-01,Marketing,Content Specialist,3,0
9972,2025-01-01,Finance,Accountant,1,0
9976,2025-01-01,Sales,Sales Representative,0,0
9980,2025-01-01,Finance,Finance Manager,1,0
9981,2025-01-01,Sales,Sales Supervisor,1,0
9982,2025-01-01,Information Technology,Software Engineer,1,0
9984,2025-01-01,Finance,Accountant,2,0
9985,2025-01-01,Information Technology,Data Analyst,1,0
9987,2025-01-01,Finance,Finance Manager,1,1
9990,2025-01-01,Finance,Accountant,0,0
9996,2025-01-01,Finance,Finance Manager,1,0
9997,2025-01-01,Finance,Accountant,0,0
9998,2025-01-01,Information Technology,System Administrator,0,0
