MaNV,NgayThang,PhongBan,ChucDanh,ThucTeNghiViec,DuBaoNghiViec,XacSuatNghiViec,XacSuatNghiViecPct,MucRuiRo,Cluster,TenCum
1,2025-01-01,Sales,Sales Representative,0,0,0.078944169722152,7.89,Thap,2,It tham nien - Khoi luong cong viec thap
3,2025-01-01,Finance,Finance Manager,0,0,0.13295193407657052,13.3,Thap,1,Khoi luong cong viec cao - uu tien giu chan
4,2025-01-01,Human Resources,Recruiter,0,0,0.10730889259739661,10.73,Thap,1,Khoi luong cong viec cao - uu tien giu chan
5,2025-01-01,Information Technology,IT Support,0,0,0.07113176247092935,7.11,Thap,3,Cap bac cao - thu nhap cao
10,2025-01-01,Human Resources,C&B Specialist,1,0,0.11789295525884798,11.79,Thap,3,Cap bac cao - thu nhap cao
13,2025-01-01,Sales,Sales Executive,1,1,0.20790854187707253,20.79,Trung binh,1,Khoi luong cong viec cao - uu tien giu chan
21,2025-01-01,Human Resources,Recruiter,0,1,0.23349143451185023,23.35,Trung binh,3,Cap bac cao - thu nhap cao
24,2025-01-01,Sales,Sales Representative,1,1,0.16120763509970187,16.12,Trung binh,0,Lau nam - thang tien cham
28,2025-01-01,Human Resources,C&B Specialist,1,0,0.10544619414615172,10.54,Thap,2,It tham nien - Khoi luong cong viec thap
29,2025-01-01,Human Resources,Recruiter,1,0,0.09666258869277175,9.67,Thap,0,Lau nam - thang tien cham
30,2025-01-01,Operations,Procurement Specialist,0,1,0.17437559754954746,17.44,Trung binh,1,Khoi luong cong viec cao - uu tien giu chan
31,2025-01-01,Sales,Sales Supervisor,0,1,0.20211009879140912,20.21,Trung binh,1,Khoi luong cong viec cao - uu tien giu chan
32,2025-01-01,Finance,Finance Manager,0,0,0.08629535414092493,8.63,Thap,2,It tham nien - Khoi luong cong viec thap
37,2025-01-01,Information Technology,QA Engineer,1,0,0.15983409256924683,15.98,Thap,3,Cap bac cao - thu nhap cao
38,2025-01-01,Human Resources,HR Executive,0,0,0.12450486291672959,12.45,Thap,2,It tham nien - Khoi luong cong viec thap
39,2025-01-01,Human Resources,C&B Specialist,0,0,0.01818516390309092,1.82,Thap,0,Lau nam - thang tien cham
41,2025-01-01,Sales,Account Manager,1,0,0.13852256874780822,13.85,Thap,0,Lau nam - thang tien cham
43,2025-01-01,Marketing,Digital Marketing Specialist,0,1,0.1784387330389939,17.84,Trung binh,1,Khoi luong cong viec cao - uu tien giu chan
44,2025-01-01,Marketing,Digital Marketing Specialist,0,0,0.03561801367379572,3.56,Thap,2,It tham nien - Khoi luong cong viec thap
48,2025-01-01,Information Technology,QA Engineer,0,1,0.19311395534935413,19.31,Trung binh,2,It tham nien - Khoi luong cong viec thap
54,2025-01-01,Marketing,Marketing Executive,0,0,0.03646282565954529,3.65,Thap,0,Lau nam - thang tien cham
60,2025-01-01,Finance,Internal Auditor,0,0,0.08326513027832705,8.33,Thap,2,It tham nien - Khoi luong cong viec thap
62,2025-01-01,Finance,Financial Analyst,0,0,0.15510429198534623,15.51,Thap,1,Khoi luong cong viec cao - uu tien giu chan
63,2025-01-01,Information Technology,Data Analyst,0,0,0.033766859715915566,3.38,Thap,2,It tham nien - Khoi luong cong viec thap
64,2025-01-01,Marketing,Marketing Executive,0,1,0.18312181889712983,18.31,Trung binh,0,Lau nam - thang tien cham
65,2025-01-01,Finance,Internal Auditor,0,1,0.17576653279772425,17.58,Trung binh,3,Cap bac cao - thu nhap cao
66,2025-01-01,Information Technology,IT Support,0,0,0.07254242108736701,7.25,Thap,2,It tham nien - Khoi luong cong viec thap
70,2025-01-01,Operations,Operations Executive,0,0,0.05601328525134115,5.6,Thap,3,Cap bac cao - thu nhap cao
71,2025-01-01,Operations,Warehouse Supervisor,0,1,0.21703780931684832,21.7,Trung binh,2,It tham nien - Khoi luong cong viec thap
72,2025-01-01,Information Technology,IT Support,0,0,0.14081011063752571,14.08,Thap,3,Cap bac cao - thu nhap cao
73,2025-01-01,Sales,Sales Representative,1,1,0.2352690535762544,23.53,Trung binh,1,Khoi luong cong viec cao - uu tien giu chan
74,2025-01-01,Human Resources,Recruiter,1,0,0.04113647570071675,4.11,Thap,2,It tham nien - Khoi luong cong viec thap
76,2025-01-01,Sales,Sales Representative,0,0,0.05788538087321943,5.79,Thap,0,Lau nam - thang tien cham
78,2025-01-01,Human Resources,C&B Specialist,0,0,0.15082782777250298,15.08,Thap,1,Khoi luong cong viec cao - uu tien giu chan
79,2025-01-01,Marketing,Digital Marketing Specialist,0,1,0.2474234990061932,24.74,Trung binh,0,Lau nam - thang tien cham
80,2025-01-01,Information Technology,Data Analyst,0,0,0.03769173573179124,3.77,Thap,2,It tham nien - Khoi luong cong viec thap
82,2025-01-01,Operations,Warehouse Supervisor,0,1,0.1771804881829587,17.72,Trung binh,0,Lau nam - thang tien cham
83,2025-01-01,Operations,Operations Executive,1,1,0.22291230482563668,22.29,Trung binh,3,Cap bac cao - thu nhap cao
85,2025-01-01,Finance,Financial Analyst,0,1,0.2520019003559353,25.2,Trung binh,1,Khoi luong cong viec cao - uu tien giu chan
88,2025-01-01,Operations,Warehouse Supervisor,0,1,0.19285123279701966,19.29,Trung binh,3,Cap bac cao - thu nhap cao
91,2025-01-01,Sales,Sales Executive,1,0,0.06464678226221844,6.46,Thap,0,Lau nam - thang tien cham
92,2025-01-01,Operations,Operations Executive,1,1,0.35613221565167597,35.61,Cao,0,Lau nam - thang tien cham
95,2025-01-01,Finance,Financial Analyst,0,0,0.07785909832246665,7.79,Thap,2,It tham nien - Khoi luong cong viec thap
98,2025-01-01,Information Technology,IT Support,0,0,0.0380047840856588,3.8,Thap,3,Cap bac cao - thu nhap cao
102,2025-01-01,Marketing,Digital Marketing Specialist,0,1,0.21070364693012675,21.07,Trung binh,1,Khoi luong cong viec cao - uu tien giu chan
103,2025-01-01,Finance,Internal Auditor,0,0,0.09768278200388093,9.77,Thap,2,It tham nien - Khoi luong cong viec thap
104,2025-01-01,Human Resources,HR Manager,0,0,0.10895344601858908,10.9,Thap,3,Cap bac cao - thu nhap cao
109,2025-01-01,Information Technology,Software Engineer,0,0,0.1125406563183295,11.25,Thap,1,Khoi luong cong viec cao - uu tien giu chan
110,2025-01-01,Marketing,Content Specialist,0,1,0.16635406649576387,16.64,Trung binh,1,Khoi luong cong viec cao - uu tien giu chan
115,2025-01-01,Human Resources,C&B Specialist,0,0,0.08775338482686097,8.78,Thap,3,Cap bac cao - thu nhap cao
118,2025-01-01,Information Technology,Software Engineer,0,1,0.305534287539931,30.55,Cao,1,Khoi luong cong viec cao - uu tien giu chan
120,2025-01-01,Operations,Warehouse Supervisor,0,0,0.07135780687066388,7.14,Thap,2,It tham nien - Khoi luong cong viec thap
121,2025-01-01,Human Resources,HR Manager,1,0,0.07041239518111678,7.04,Thap,2,It tham nien - Khoi luong cong viec thap
125,2025-01-01,Finance,Internal Auditor,0,1,0.2924023600595752,29.24,Trung binh,1,Khoi luong cong viec cao - uu tien giu chan
126,2025-01-01,Marketing,Marketing Executive,0,0,0.09419986958166769,9.42,Thap,3,Cap bac cao - thu nhap cao
127,2025-01-01,Finance,Finance Manager,0,0,0.12231197691720735,12.23,Thap,2,It tham nien - Khoi luong cong viec thap
128,2025-01-01,Finance,Accountant,0,0,0.13493342134705202,13.49,Thap,0,Lau nam - thang tien cham
129,2025-01-01,Sales,Account Manager,0,0,0.06906609070243903,6.91,Thap,3,Cap bac cao - thu nhap cao
130,2025-01-01,Marketing,Digital Marketing Specialist,0,0,0.1346160204426717,13.46,Thap,1,Khoi luong cong viec cao - uu tien giu chan
131,2025-01-01,Sales,Sales Executive,0,0,0.12273412635313354,12.27,Thap,3,Cap bac cao - thu nhap cao
136,2025-01-01,Sales,Sales Executive,0,0,0.05899520083172404,5.9,Thap,2,It tham nien - Khoi luong cong viec thap
138,2025-01-01,Sales,Sales Executive,0,0,0.04008248848126606,4.01,Thap,2,It tham nien - Khoi luong cong viec thap
139,2025-01-01,Sales,Sales Representative,0,0,0.12760473643276818,12.76,Thap,1,Khoi luong cong viec cao - uu tien giu chan
140,2025-01-01,Human Resources,HR Executive,0,0,0.1094119160116807,10.94,Thap,2,It tham nien - Khoi luong cong viec thap
143,2025-01-01,Operations,Procurement Specialist,0,0,0.07240980605039764,7.24,Thap,2,It tham nien - Khoi luong cong viec thap
146,2025-01-01,Finance,Internal Auditor,0,1,0.23241628502976058,23.24,Trung binh,1,Khoi luong cong viec cao - uu tien giu chan
149,2025-01-01,Human Resources,Recruiter,0,0,0.05082843011327977,5.08,Thap,2,It tham nien - Khoi luong cong viec thap
151,2025-01-01,Information Technology,Software Engineer,0,0,0.05249972397297072,5.25,Thap,3,Cap bac cao - thu nhap cao
152,2025-01-01,Human Resources,HR Manager,0,0,0.057446223569632617,5.74,Thap,2,It tham nien - Khoi luong cong viec thap
153,2025-01-01,Marketing,Digital Marketing Specialist,0,1,0.16645706236985588,16.65,Trung binh,1,Khoi luong cong viec cao - uu tien giu chan
158,2025-01-01,Information Technology,Data Analyst,0,0,0.0847153408645087,8.47,Thap,2,It tham nien - Khoi luong cong viec thap
161,2025-01-01,Sales,Sales Representative,1,0,0.13693631289421526,13.69,Thap,3,Cap bac cao - thu nhap cao
162,2025-01-01,Marketing,Content Specialist,0,0,0.14762394306016943,14.76,Thap,2,It tham nien - Khoi luong cong viec thap
166,2025-01-01,Information Technology,QA Engineer,0,1,0.1929534301632733,19.3,Trung binh,3,Cap bac cao - thu nhap cao
167,2025-01-01,Marketing,Digital Marketing Specialist,1,1,0.17972451752433208,17.97,Trung binh,2,It tham nien - Khoi luong cong viec thap
170,2025-01-01,Operations,Procurement Specialist,0,0,0.06681360411202791,6.68,Thap,3,Cap bac cao - thu nhap cao
171,2025-01-01,Sales,Sales Representative,0,1,0.22086560977589215,22.09,Trung binh,0,Lau nam - thang tien cham
175,2025-01-01,Information Technology,Data Analyst,0,0,0.06149691500592711,6.15,Thap,2,It tham nien - Khoi luong cong viec thap
176,2025-01-01,Information Technology,Software Engineer,0,0,0.09676211335384986,9.68,Thap,2,It tham nien - Khoi luong cong viec thap
178,2025-01-01,Sales,Sales Supervisor,0,0,0.09516506261614871,9.52,Thap,2,It tham nien - Khoi luong cong viec thap
180,2025-01-01,Marketing,Marketing Manager,0,0,0.035848293839260637,3.58,Thap,2,It tham nien - Khoi luong cong viec thap
181,2025-01-01,Information Technology,IT Support,0,0,0.09306741633416667,9.31,Thap,2,It tham nien - Khoi luong cong viec thap
182,2025-01-01,Sales,Sales Supervisor,0,0,0.13515311539172226,13.52,Thap,3,Cap bac cao - thu nhap cao
184,2025-01-01,Marketing,Content Specialist,0,0,0.10944055281512374,10.94,Thap,2,It tham nien - Khoi luong cong viec thap
185,2025-01-01,Marketing,Content Specialist,0,1,0.19335491792614562,19.34,Trung binh,3,Cap bac cao - thu nhap cao
187,2025-01-01,Finance,Accountant,0,0,0.05415455980748676,5.42,Thap,2,It tham nien - Khoi luong cong viec thap
189,2025-01-01,Finance,Financial Analyst,0,0,0.10485261954962802,10.49,Thap,2,It tham nien - Khoi luong cong viec thap
190,2025-01-01,Sales,Sales Representative,0,1,0.1901169023356983,19.01,Trung binh,1,Khoi luong cong viec cao - uu tien giu chan
192,2025-01-01,Operations,Procurement Specialist,0,1,0.27128439787928016,27.13,Trung binh,1,Khoi luong cong viec cao - uu tien giu chan
193,2025-01-01,Information Technology,Data Analyst,0,0,0.06876019075313808,6.88,Thap,2,It tham nien - Khoi luong cong viec thap
194,2025-01-01,Finance,Financial Analyst,0,0,0.14206368782551634,14.21,Thap,2,It tham nien - Khoi luong cong viec thap
195,2025-01-01,Information Technology,QA Engineer,0,0,0.03825342618141777,3.83,Thap,2,It tham nien - Khoi luong cong viec thap
198,2025-01-01,Finance,Finance Manager,0,0,0.11700744966628038,11.7,Thap,3,Cap bac cao - thu nhap cao
199,2025-01-01,Information Technology,IT Support,0,0,0.05395565060147304,5.4,Thap,3,Cap bac cao - thu nhap cao
200,2025-01-01,Operations,Warehouse Supervisor,0,1,0.2049851915179134,20.5,Trung binh,2,It tham nien - Khoi luong cong viec thap
201,2025-01-01,Information Technology,IT Support,0,0,0.14007236988865518,14.01,Thap,2,It tham nien - Khoi luong cong viec thap
205,2025-01-01,Operations,Operations Manager,0,0,0.056366823510630853,5.64,Thap,2,It tham nien - Khoi luong cong viec thap
206,2025-01-01,Information Technology,QA Engineer,0,0,0.04499204823998633,4.5,Thap,2,It tham nien - Khoi luong cong viec thap
210,2025-01-01,Sales,Sales Executive,0,0,0.08582684789722768,8.58,Thap,2,It tham nien - Khoi luong cong viec thap
211,2025-01-01,Finance,Financial Analyst,0,0,0.04941245981222934,4.94,Thap,0,Lau nam - thang tien cham
213,2025-01-01,Sales,Sales Supervisor,0,1,0.1816376742400392,18.16,Trung binh,2,It tham nien - Khoi luong cong viec thap
216,2025-01-01,Operations,Operations Executive,0,1,0.25558103598492715,25.56,Trung binh,1,Khoi luong cong viec cao - uu tien giu chan
218,2025-01-01,Information Technology,IT Support,0,1,0.18934225148717096,18.93,Trung binh,1,Khoi luong cong viec cao - uu tien giu chan
219,2025-01-01,Finance,Internal Auditor,0,1,0.3541288214513698,35.41,Cao,3,Cap bac cao - thu nhap cao
222,2025-01-01,Sales,Sales Executive,0,0,0.1318592638385296,13.19,Thap,1,Khoi luong cong viec cao - uu tien giu chan
223,2025-01-01,Marketing,Digital Marketing Specialist,0,1,0.21756821428256157,21.76,Trung binh,0,Lau nam - thang tien cham
224,2025-01-01,Operations,Warehouse Supervisor,0,1,0.22697449105766157,22.7,Trung binh,0,Lau nam - thang tien cham
228,2025-01-01,Information Technology,Data Analyst,0,0,0.1128954341840087,11.29,Thap,3,Cap bac cao - thu nhap cao
229,2025-01-01,Human Resources,C&B Specialist,0,0,0.15063683986227722,15.06,Thap,1,Khoi luong cong viec cao - uu tien giu chan
233,2025-01-01,Sales,Account Manager,0,1,0.1709543009613141,17.1,Trung binh,3,Cap bac cao - thu nhap cao
234,2025-01-01,Finance,Accountant,0,1,0.22234923887632108,22.23,Trung binh,3,Cap bac cao - thu nhap cao
236,2025-01-01,Marketing,Content Specialist,0,0,0.09375901430717226,9.38,Thap,3,Cap bac cao - thu nhap cao
237,2025-01-01,Operations,Operations Manager,1,1,0.3604754846273914,36.05,Cao,1,Khoi luong cong viec cao - uu tien giu chan
238,2025-01-01,Human Resources,HR Manager,0,0,0.14600265662759856,14.6,Thap,0,Lau nam - thang tien cham
241,2025-01-01,Finance,Internal Auditor,0,1,0.16980165409877238,16.98,Trung binh,1,Khoi luong cong viec cao - uu tien giu chan
244,2025-01-01,Marketing,Marketing Executive,1,1,0.2637640147664073,26.38,Trung binh,3,Cap bac cao - thu nhap cao
245,2025-01-01,Finance,Finance Manager,0,0,0.08012472758270227,8.01,Thap,3,Cap bac cao - thu nhap cao
249,2025-01-01,Marketing,Marketing Executive,0,0,0.03732691639589357,3.73,Thap,2,It tham nien - Khoi luong cong viec thap
250,2025-01-01,Marketing,Marketing Executive,1,1,0.19604341606042736,19.6,Trung binh,1,Khoi luong cong viec cao - uu tien giu chan
252,2025-01-01,Information Technology,Data Analyst,0,0,0.10137103614146205,10.14,Thap,2,It tham nien - Khoi luong cong viec thap
253,2025-01-01,Sales,Sales Representative,0,0,0.09268307198189844,9.27,Thap,0,Lau nam - thang tien cham
255,2025-01-01,Sales,Sales Executive,1,0,0.11394959477774581,11.39,Thap,1,Khoi luong cong viec cao - uu tien giu chan
257,2025-01-01,Sales,Sales Executive,0,0,0.0725568528183739,7.26,Thap,2,It tham nien - Khoi luong cong viec thap
259,2025-01-01,Sales,Sales Representative,0,0,0.12617293838398072,12.62,Thap,1,Khoi luong cong viec cao - uu tien giu chan
262,2025-01-01,Operations,Operations Manager,1,0,0.10862472921902612,10.86,Thap,2,It tham nien - Khoi luong cong viec thap
268,2025-01-01,Information Technology,QA Engineer,0,0,0.09669194366822582,9.67,Thap,2,It tham nien - Khoi luong cong viec thap
272,2025-01-01,Sales,Account Manager,0,1,0.20444892388301483,20.44,Trung binh,0,Lau nam - thang tien cham
273,2025-01-01,Human Resources,Recruiter,0,0,0.040010232864141265,4.0,Thap,2,It tham nien - Khoi luong cong viec thap
275,2025-01-01,Information Technology,IT Support,0,0,0.07156363227293737,7.16,Thap,2,It tham nien - Khoi luong cong viec thap
277,2025-01-01,Operations,Operations Manager,0,0,0.10386117536366342,10.39,Thap,3,Cap bac cao - thu nhap cao
278,2025-01-01,Marketing,Marketing Manager,0,0,0.11365474491953007,11.37,Thap,0,Lau nam - thang tien cham
282,2025-01-01,Marketing,Marketing Manager,0,0,0.1572365757979444,15.72,Thap,2,It tham nien - Khoi luong cong viec thap
284,2025-01-01,Finance,Finance Manager,0,0,0.1567743840744178,15.68,Thap,0,Lau nam - thang tien cham
285,2025-01-01,Finance,Financial Analyst,0,1,0.27024738057853936,27.02,Trung binh,3,Cap bac cao - thu nhap cao
286,2025-01-01,Sales,Account Manager,0,0,0.042830292591635635,4.28,Thap,0,Lau nam - thang tien cham
288,2025-01-01,Sales,Sales Executive,0,0,0.0727878339976421,7.28,Thap,2,It tham nien - Khoi luong cong viec thap
289,2025-01-01,Human Resources,Recruiter,0,0,0.0,0.0,Thap,2,It tham nien - Khoi luong cong viec thap
290,2025-01-01,Information Technology,QA Engineer,1,1,0.21222290555919493,21.22,Trung binh,1,Khoi luong cong viec cao - uu tien giu chan
296,2025-01-01,Finance,Financial Analyst,0,0,0.040589094149594385,4.06,Thap,2,It tham nien - Khoi luong cong viec thap
298,2025-01-01,Human Resources,HR Manager,0,1,0.17734784783680027,17.73,Trung binh,2,It tham nien - Khoi luong cong viec thap
299,2025-01-01,Marketing,Marketing Manager,0,0,0.09194650160685022,9.19,Thap,2,It tham nien - Khoi luong cong viec thap
302,2025-01-01,Operations,Operations Manager,1,1,0.3015301082820809,30.15,Cao,1,Khoi luong cong viec cao - uu tien giu chan
304,2025-01-01,Information Technology,Data Analyst,0,0,0.1386385221245847,13.86,Thap,0,Lau nam - thang tien cham
309,2025-01-01,Operations,Operations Executive,1,1,0.2943731705577607,29.44,Trung binh,1,Khoi luong cong viec cao - uu tien giu chan
310,2025-01-01,Marketing,Content Specialist,0,1,0.17954956683393325,17.95,Trung binh,1,Khoi luong cong viec cao - uu tien giu chan
311,2025-01-01,Marketing,Marketing Manager,0,1,0.2511957530636399,25.12,Trung binh,0,Lau nam - thang tien cham
314,2025-01-01,Human Resources,Recruiter,0,0,0.12851454944073246,12.85,Thap,3,Cap bac cao - thu nhap cao
321,2025-01-01,Information Technology,System Administrator,0,0,0.07316032626182385,7.32,Thap,2,It tham nien - Khoi luong cong viec thap
323,2025-01-01,Operations,Warehouse Supervisor,0,1,0.2143708945840694,21.44,Trung binh,2,It tham nien - Khoi luong cong viec thap
330,2025-01-01,Information Technology,System Administrator,0,0,0.032133388201654255,3.21,Thap,1,Khoi luong cong viec cao - uu tien giu chan
331,2025-01-01,Marketing,Marketing Executive,0,1,0.287870775045776,28.79,Trung binh,1,Khoi luong cong viec cao - uu tien giu chan
332,2025-01-01,Operations,Operations Manager,0,0,0.10978808042842561,10.98,Thap,3,Cap bac cao - thu nhap cao
335,2025-01-01,Information Technology,Data Analyst,0,1,0.17507410082889535,17.51,Trung binh,2,It tham nien - Khoi luong cong viec thap
338,2025-01-01,Marketing,Marketing Manager,0,0,0.07791831667951542,7.79,Thap,1,Khoi luong cong viec cao - uu tien giu chan
339,2025-01-01,Finance,Finance Manager,0,1,0.16990764155495178,16.99,Trung binh,2,It tham nien - Khoi luong cong viec thap
341,2025-01-01,Information Technology,Data Analyst,0,0,0.0968783478831182,9.69,Thap,2,It tham nien - Khoi luong cong viec thap
346,2025-01-01,Sales,Sales Supervisor,0,1,0.23626435932390555,23.63,Trung binh,1,Khoi luong cong viec cao - uu tien giu chan
347,2025-01-01,Marketing,Digital Marketing Specialist,0,0,0.03599860018636762,3.6,Thap,2,It tham nien - Khoi luong cong viec thap
351,2025-01-01,Finance,Financial Analyst,0,1,0.3385641743501896,33.86,Cao,1,Khoi luong cong viec cao - uu tien giu chan
353,2025-01-01,Sales,Sales Executive,0,0,0.021567266687900148,2.16,Thap,2,It tham nien - Khoi luong cong viec thap
354,2025-01-01,Sales,Sales Representative,0,0,0.06934350986019061,6.93,Thap,1,Khoi luong cong viec cao - uu tien giu chan
356,2025-01-01,Information Technology,Data Analyst,0,0,0.10386628235243989,10.39,Thap,2,It tham nien - Khoi luong cong viec thap
365,2025-01-01,Information Technology,Software Engineer,0,0,0.0769776929775834,7.7,Thap,2,It tham nien - Khoi luong cong viec thap
366,2025-01-01,Operations,Operations Executive,0,1,0.24317200885999962,24.32,Trung binh,2,It tham nien - Khoi luong cong viec thap
367,2025-01-01,Marketing,Content Specialist,0,1,0.1850879591244757,18.51,Trung binh,1,Khoi luong cong viec cao - uu tien giu chan
368,2025-01-01,Operations,Warehouse Supervisor,0,1,0.1716004106387546,17.16,Trung binh,2,It tham nien - Khoi luong cong viec thap
371,2025-01-01,Marketing,Content Specialist,0,0,0.02008226941185759,2.01,Thap,0,Lau nam - thang tien cham
372,2025-01-01,Finance,Financial Analyst,0,1,0.19220193682217085,19.22,Trung binh,3,Cap bac cao - thu nhap cao
374,2025-01-01,Sales,Sales Representative,0,0,0.1126670644180409,11.27,Thap,2,It tham nien - Khoi luong cong viec thap
378,2025-01-01,Human Resources,HR Executive,0,0,0.053982283766992864,5.4,Thap,3,Cap bac cao - thu nhap cao
379,2025-01-01,Finance,Internal Auditor,0,0,0.1353905756457976,13.54,Thap,2,It tham nien - Khoi luong cong viec thap
380,2025-01-01,Finance,Financial Analyst,0,0,0.15245820048961092,15.25,Thap,2,It tham nien - Khoi luong cong viec thap
384,2025-01-01,Human Resources,Recruiter,0,0,0.11859479151658893,11.86,Thap,1,Khoi luong cong viec cao - uu tien giu chan
385,2025-01-01,Operations,Warehouse Supervisor,0,0,0.09161273360475354,9.16,Thap,0,Lau nam - thang tien cham
387,2025-01-01,Operations,Warehouse Supervisor,0,0,0.1582955473537033,15.83,Thap,2,It tham nien - Khoi luong cong viec thap
388,2025-01-01,Human Resources,HR Manager,0,0,0.128001927259835,12.8,Thap,2,It tham nien - Khoi luong cong viec thap
389,2025-01-01,Marketing,Content Specialist,0,0,0.1542972602676029,15.43,Thap,1,Khoi luong cong viec cao - uu tien giu chan
391,2025-01-01,Information Technology,IT Support,0,1,0.16535925744225685,16.54,Trung binh,3,Cap bac cao - thu nhap cao
394,2025-01-01,Finance,Financial Analyst,0,0,0.12392806352253881,12.39,Thap,1,Khoi luong cong viec cao - uu tien giu chan
395,2025-01-01,Human Resources,Recruiter,1,1,0.16581338144256444,16.58,Trung binh,0,Lau nam - thang tien cham
402,2025-01-01,Sales,Sales Representative,0,0,0.03877645407701865,3.88,Thap,3,Cap bac cao - thu nhap cao
405,2025-01-01,Information Technology,Software Engineer,0,0,0.09190863741397115,9.19,Thap,3,Cap bac cao - thu nhap cao
406,2025-01-01,Human Resources,C&B Specialist,0,0,0.1022816230408323,10.23,Thap,2,It tham nien - Khoi luong cong viec thap
408,2025-01-01,Operations,Operations Manager,0,1,0.18043317593019798,18.04,Trung binh,2,It tham nien - Khoi luong cong viec thap
411,2025-01-01,Human Resources,HR Manager,0,0,0.10528444779242545,10.53,Thap,3,Cap bac cao - thu nhap cao
413,2025-01-01,Human Resources,HR Manager,0,0,0.06493532328441023,6.49,Thap,2,It tham nien - Khoi luong cong viec thap
414,2025-01-01,Sales,Sales Executive,0,0,0.15145817289821772,15.15,Thap,0,Lau nam - thang tien cham
418,2025-01-01,Information Technology,Software Engineer,0,0,0.07709562857099794,7.71,Thap,2,It tham nien - Khoi luong cong viec thap
419,2025-01-01,Finance,Internal Auditor,0,0,0.15575554990100873,15.58,Thap,2,It tham nien - Khoi luong cong viec thap
423,2025-01-01,Finance,Internal Auditor,0,0,0.10187477243389229,10.19,Thap,2,It tham nien - Khoi luong cong viec thap
424,2025-01-01,Marketing,Marketing Executive,0,0,0.07169850329831237,7.17,Thap,2,It tham nien - Khoi luong cong viec thap
431,2025-01-01,Finance,Financial Analyst,0,0,0.1421020311103157,14.21,Thap,2,It tham nien - Khoi luong cong viec thap
433,2025-01-01,Sales,Sales Supervisor,0,0,0.14232717774961906,14.23,Thap,2,It tham nien - Khoi luong cong viec thap
434,2025-01-01,Human Resources,Recruiter,0,1,0.20704158846550705,20.7,Trung binh,1,Khoi luong cong viec cao - uu tien giu chan
435,2025-01-01,Finance,Internal Auditor,0,0,0.11850231462310787,11.85,Thap,2,It tham nien - Khoi luong cong viec thap
436,2025-01-01,Sales,Account Manager,0,1,0.31964985873127916,31.96,Cao,1,Khoi luong cong viec cao - uu tien giu chan
437,2025-01-01,Finance,Accountant,0,1,0.18844360381114542,18.84,Trung binh,3,Cap bac cao - thu nhap cao
438,2025-01-01,Marketing,Digital Marketing Specialist,0,0,0.07893979293423242,7.89,Thap,0,Lau nam - thang tien cham
444,2025-01-01,Human Resources,C&B Specialist,0,1,0.21623839643455572,21.62,Trung binh,1,Khoi luong cong viec cao - uu tien giu chan
447,2025-01-01,Marketing,Marketing Manager,0,0,0.14620525169402884,14.62,Thap,0,Lau nam - thang tien cham
448,2025-01-01,Marketing,Digital Marketing Specialist,0,1,0.22195586082700497,22.2,Trung binh,1,Khoi luong cong viec cao - uu tien giu chan
450,2025-01-01,Marketing,Content Specialist,0,0,0.1289193138681628,12.89,Thap,3,Cap bac cao - thu nhap cao
451,2025-01-01,Marketing,Content Specialist,1,1,0.19320531149910428,19.32,Trung binh,3,Cap bac cao - thu nhap cao
454,2025-01-01,Information Technology,QA Engineer,0,1,0.16282331607630882,16.28,Trung binh,1,Khoi luong cong viec cao - uu tien giu chan
459,2025-01-01,Information Technology,IT Support,0,1,0.19312123176083773,19.31,Trung binh,2,It tham nien - Khoi luong cong viec thap
460,2025-01-01,Marketing,Digital Marketing Specialist,0,1,0.16645495264397173,16.65,Trung binh,0,Lau nam - thang tien cham
464,2025-01-01,Information Technology,Software Engineer,0,0,0.15014184244709192,15.01,Thap,3,Cap bac cao - thu nhap cao
467,2025-01-01,Finance,Financial Analyst,0,0,0.15389173188333824,15.39,Thap,0,Lau nam - thang tien cham
469,2025-01-01,Sales,Sales Supervisor,0,1,0.1978367585870876,19.78,Trung binh,0,Lau nam - thang tien cham
477,2025-01-01,Sales,Sales Representative,0,0,0.03313375429521395,3.31,Thap,2,It tham nien - Khoi luong cong viec thap
479,2025-01-01,Information Technology,QA Engineer,0,0,0.10806521910860696,10.81,Thap,2,It tham nien - Khoi luong cong viec thap
480,2025-01-01,Information Technology,QA Engineer,0,0,0.052536888512901316,5.25,Thap,2,It tham nien - Khoi luong cong viec thap
481,2025-01-01,Human Resources,HR Executive,0,1,0.188285372441967,18.83,Trung binh,1,Khoi luong cong viec cao - uu tien giu chan
482,2025-01-01,Human Resources,Recruiter,1,1,0.24797270640661775,24.8,Trung binh,1,Khoi luong cong viec cao - uu tien giu chan
483,2025-01-01,Information Technology,Software Engineer,0,1,0.302142191073457,30.21,Cao,1,Khoi luong cong viec cao - uu tien giu chan
488,2025-01-01,Operations,Operations Executive,0,1,0.19162835017570504,19.16,Trung binh,2,It tham nien - Khoi luong cong viec thap
489,2025-01-01,Information Technology,Software Engineer,0,0,0.08000150277415159,8.0,Thap,2,It tham nien - Khoi luong cong viec thap
490,2025-01-01,Finance,Internal Auditor,0,0,0.15735564865183102,15.74,Thap,2,It tham nien - Khoi luong cong viec thap
491,2025-01-01,Human Resources,HR Manager,0,0,0.12451511363166456,12.45,Thap,2,It tham nien - Khoi luong cong viec thap
492,2025-01-01,Human Resources,Recruiter,1,1,0.28110505571413025,28.11,Trung binh,1,Khoi luong cong viec cao - uu tien giu chan
494,2025-01-01,Operations,Operations Manager,0,0,0.15178943550099394,15.18,Thap,1,Khoi luong cong viec cao - uu tien giu chan
495,2025-01-01,Operations,Warehouse Supervisor,0,1,0.182339589054754,18.23,Trung binh,1,Khoi luong cong viec cao - uu tien giu chan
497,2025-01-01,Sales,Sales Representative,0,1,0.20613716592070508,20.61,Trung binh,1,Khoi luong cong viec cao - uu tien giu chan
499,2025-01-01,Information Technology,Data Analyst,0,1,0.23119378059080112,23.12,Trung binh,0,Lau nam - thang tien cham
501,2025-01-01,Sales,Sales Representative,0,0,0.15158123125225878,15.16,Thap,1,Khoi luong cong viec cao - uu tien giu chan
505,2025-01-01,Finance,Accountant,0,0,0.0826174710500889,8.26,Thap,1,Khoi luong cong viec cao - uu tien giu chan
508,2025-01-01,Operations,Procurement Specialist,0,0,0.13221247429728966,13.22,Thap,3,Cap bac cao - thu nhap cao
515,2025-01-01,Operations,Operations Executive,1,1,0.20322386489767857,20.32,Trung binh,2,It tham nien - Khoi luong cong viec thap
518,2025-01-01,Information Technology,Data Analyst,0,0,0.094814638096762,9.48,Thap,2,It tham nien - Khoi luong cong viec thap
527,2025-01-01,Human Resources,HR Manager,0,1,0.1711012389411591,17.11,Trung binh,3,Cap bac cao - thu nhap cao
529,2025-01-01,Human Resources,HR Manager,1,0,0.14278274422240683,14.28,Thap,3,Cap bac cao - thu nhap cao
530,2025-01-01,Operations,Operations Executive,0,1,0.18391587748528251,18.39,Trung binh,1,Khoi luong cong viec cao - uu tien giu chan
532,2025-01-01,Human Resources,C&B Specialist,0,0,0.08505864711212906,8.51,Thap,0,Lau nam - thang tien cham
533,2025-01-01,Marketing,Digital Marketing Specialist,0,0,0.12840502175162835,12.84,Thap,2,It tham nien - Khoi luong cong viec thap
542,2025-01-01,Human Resources,Recruiter,0,0,0.03923171375614228,3.92,Thap,2,It tham nien - Khoi luong cong viec thap
543,2025-01-01,Marketing,Digital Marketing Specialist,0,0,0.13184764713573893,13.18,Thap,3,Cap bac cao - thu nhap cao
547,2025-01-01,Operations,Procurement Specialist,0,0,0.07334958805810018,7.33,Thap,2,It tham nien - Khoi luong cong viec thap
549,2025-01-01,Human Resources,HR Manager,0,1,0.18339305873426945,18.34,Trung binh,1,Khoi luong cong viec cao - uu tien giu chan
550,2025-01-01,Human Resources,HR Manager,0,0,0.07700694869221489,7.7,Thap,3,Cap bac cao - thu nhap cao
552,2025-01-01,Sales,Sales Supervisor,0,1,0.20540668836565731,20.54,Trung binh,3,Cap bac cao - thu nhap cao
553,2025-01-01,Marketing,Content Specialist,1,1,0.2114979403803952,21.15,Trung binh,1,Khoi luong cong viec cao - uu tien giu chan
555,2025-01-01,Marketing,Marketing Executive,0,0,0.12842151700507579,12.84,Thap,1,Khoi luong cong viec cao - uu tien giu chan
561,2025-01-01,Operations,Procurement Specialist,0,0,0.1300725354998115,13.01,Thap,2,It tham nien - Khoi luong cong viec thap
562,2025-01-01,Marketing,Marketing Executive,1,1,0.2720062492882254,27.2,Trung binh,1,Khoi luong cong viec cao - uu tien giu chan
563,2025-01-01,Marketing,Digital Marketing Specialist,0,1,0.17000092705085612,17.0,Trung binh,1,Khoi luong cong viec cao - uu tien giu chan
564,2025-01-01,Operations,Operations Executive,0,0,0.13952189718947033,13.95,Thap,2,It tham nien - Khoi luong cong viec thap
565,2025-01-01,Operations,Warehouse Supervisor,0,0,0.11440267648315779,11.44,Thap,3,Cap bac cao - thu nhap cao
567,2025-01-01,Human Resources,C&B Specialist,0,0,0.0962523253598561,9.63,Thap,2,It tham nien - Khoi luong cong viec thap
568,2025-01-01,Operations,Procurement Specialist,0,0,0.1220915753702417,12.21,Thap,3,Cap bac cao - thu nhap cao
575,2025-01-01,Human Resources,Recruiter,0,1,0.38659762172141093,38.66,Cao,1,Khoi luong cong viec cao - uu tien giu chan
583,2025-01-01,Human Resources,Recruiter,0,1,0.16264315201980467,16.26,Trung binh,3,Cap bac cao - thu nhap cao
584,2025-01-01,Finance,Accountant,0,0,0.1482931112709631,14.83,Thap,2,It tham nien - Khoi luong cong viec thap
585,2025-01-01,Finance,Internal Auditor,0,0,0.10027035255683747,10.03,Thap,2,It tham nien - Khoi luong cong viec thap
586,2025-01-01,Human Resources,HR Manager,1,0,0.15192618194915486,15.19,Thap,1,Khoi luong cong viec cao - uu tien giu chan
589,2025-01-01,Human Resources,Recruiter,0,0,0.14867071252583638,14.87,Thap,1,Khoi luong cong viec cao - uu tien giu chan
590,2025-01-01,Information Technology,Data Analyst,0,0,0.055163286747273964,5.52,Thap,2,It tham nien - Khoi luong cong viec thap
591,2025-01-01,Finance,Finance Manager,0,0,0.04172546716135804,4.17,Thap,2,It tham nien - Khoi luong cong viec thap
593,2025-01-01,Marketing,Content Specialist,0,1,0.23325415206543343,23.33,Trung binh,1,Khoi luong cong viec cao - uu tien giu chan
595,2025-01-01,Human Resources,HR Manager,0,0,0.1392340847060492,13.92,Thap,1,Khoi luong cong viec cao - uu tien giu chan
598,2025-01-01,Information Technology,Data Analyst,0,0,0.1115922436252821,11.16,Thap,0,Lau nam - thang tien cham
599,2025-01-01,Operations,Operations Manager,0,0,0.05646009517748616,5.65,Thap,2,It tham nien - Khoi luong cong viec thap
600,2025-01-01,Finance,Internal Auditor,0,1,0.3324790260855752,33.25,Cao,1,Khoi luong cong viec cao - uu tien giu chan
602,2025-01-01,Human Resources,HR Manager,0,0,0.10631294882395848,10.63,Thap,2,It tham nien - Khoi luong cong viec thap
607,2025-01-01,Sales,Sales Executive,0,1,0.2422120825231721,24.22,Trung binh,1,Khoi luong cong viec cao - uu tien giu chan
608,2025-01-01,Human Resources,HR Executive,0,0,0.04070408617489256,4.07,Thap,2,It tham nien - Khoi luong cong viec thap
610,2025-01-01,Sales,Account Manager,0,0,0.11392032870098166,11.39,Thap,2,It tham nien - Khoi luong cong viec thap
611,2025-01-01,Information Technology,QA Engineer,0,0,0.07718592535010568,7.72,Thap,3,Cap bac cao - thu nhap cao
612,2025-01-01,Operations,Operations Executive,0,1,0.1900641954611697,19.01,Trung binh,2,It tham nien - Khoi luong cong viec thap
613,2025-01-01,Sales,Account Manager,0,0,0.07840404745172395,7.84,Thap,3,Cap bac cao - thu nhap cao
614,2025-01-01,Operations,Operations Executive,0,0,0.11264773300719959,11.26,Thap,1,Khoi luong cong viec cao - uu tien giu chan
615,2025-01-01,Information Technology,IT Support,1,1,0.27329996523774824,27.33,Trung binh,1,Khoi luong cong viec cao - uu tien giu chan
616,2025-01-01,Marketing,Content Specialist,0,1,0.27038081786425694,27.04,Trung binh,0,Lau nam - thang tien cham
618,2025-01-01,Human Resources,HR Manager,0,0,0.07260971892378079,7.26,Thap,2,It tham nien - Khoi luong cong viec thap
619,2025-01-01,Marketing,Content Specialist,0,0,0.09095822634259135,9.1,Thap,3,Cap bac cao - thu nhap cao
622,2025-01-01,Information Technology,IT Support,0,0,0.07982260579013085,7.98,Thap,1,Khoi luong cong viec cao - uu tien giu chan
624,2025-01-01,Operations,Warehouse Supervisor,0,0,0.01833697506070196,1.83,Thap,2,It tham nien - Khoi luong cong viec thap
626,2025-01-01,Finance,Accountant,0,0,0.10406990208104445,10.41,Thap,3,Cap bac cao - thu nhap cao
631,2025-01-01,Finance,Finance Manager,0,0,0.08809022133723203,8.81,Thap,2,It tham nien - Khoi luong cong viec thap
632,2025-01-01,Information Technology,Data Analyst,0,0,0.039343793909467226,3.93,Thap,2,It tham nien - Khoi luong cong viec thap
633,2025-01-01,Finance,Accountant,0,1,0.1851703424774605,18.52,Trung binh,1,Khoi luong cong viec cao - uu tien giu chan
636,2025-01-01,Sales,Account Manager,0,1,0.17013941523912363,17.01,Trung binh,2,It tham nien - Khoi luong cong viec thap
637,2025-01-01,Information Technology,IT Support,0,0,0.05093175272025586,5.09,Thap,2,It tham nien - Khoi luong cong viec thap
638,2025-01-01,Finance,Accountant,0,0,0.0545461265647432,5.45,Thap,2,It tham nien - Khoi luong cong viec thap
639,2025-01-01,Human Resources,Recruiter,0,0,0.12904346485164192,12.9,Thap,1,Khoi luong cong viec cao - uu tien giu chan
641,2025-01-01,Operations,Operations Manager,0,1,0.17102537941264895,17.1,Trung binh,0,Lau nam - thang tien cham
642,2025-01-01,Information Technology,Software Engineer,0,0,0.07365317988849103,7.37,Thap,1,Khoi luong cong viec cao - uu tien giu chan
644,2025-01-01,Finance,Accountant,0,0,0.0823684175314783,8.24,Thap,1,Khoi luong cong viec cao - uu tien giu chan
646,2025-01-01,Finance,Financial Analyst,0,1,0.27402131760062065,27.4,Trung binh,1,Khoi luong cong viec cao - uu tien giu chan
647,2025-01-01,Marketing,Marketing Manager,0,0,0.03668236394118731,3.67,Thap,2,It tham nien - Khoi luong cong viec thap
648,2025-01-01,Operations,Warehouse Supervisor,1,0,0.14830718706634974,14.83,Thap,1,Khoi luong cong viec cao - uu tien giu chan
649,2025-01-01,Sales,Sales Representative,1,0,0.13016056231315618,13.02,Thap,2,It tham nien - Khoi luong cong viec thap
650,2025-01-01,Finance,Financial Analyst,0,1,0.1662713761755997,16.63,Trung binh,1,Khoi luong cong viec cao - uu tien giu chan
651,2025-01-01,Operations,Procurement Specialist,1,0,0.05404495010089701,5.4,Thap,2,It tham nien - Khoi luong cong viec thap
652,2025-01-01,Sales,Sales Supervisor,0,1,0.3976264799841229,39.76,Cao,1,Khoi luong cong viec cao - uu tien giu chan
653,2025-01-01,Sales,Sales Representative,0,0,0.1119648741030508,11.2,Thap,2,It tham nien - Khoi luong cong viec thap
659,2025-01-01,Sales,Sales Executive,0,1,0.20822801740333907,20.82,Trung binh,0,Lau nam - thang tien cham
661,2025-01-01,Human Resources,HR Manager,0,1,0.19184151435907892,19.18,Trung binh,3,Cap bac cao - thu nhap cao
663,2025-01-01,Human Resources,C&B Specialist,0,0,0.07340149074049158,7.34,Thap,2,It tham nien - Khoi luong cong viec thap
664,2025-01-01,Information Technology,Data Analyst,1,0,0.0954557399897449,9.55,Thap,1,Khoi luong cong viec cao - uu tien giu chan
666,2025-01-01,Information Technology,Data Analyst,0,0,0.08387480487431459,8.39,Thap,2,It tham nien - Khoi luong cong viec thap
670,2025-01-01,Marketing,Digital Marketing Specialist,0,1,0.17952448179445704,17.95,Trung binh,2,It tham nien - Khoi luong cong viec thap
671,2025-01-01,Human Resources,HR Manager,0,0,0.09751830936926922,9.75,Thap,2,It tham nien - Khoi luong cong viec thap
673,2025-01-01,Operations,Warehouse Supervisor,0,0,0.06794368745290962,6.79,Thap,0,Lau nam - thang tien cham
675,2025-01-01,Operations,Warehouse Supervisor,0,0,0.10856567447747244,10.86,Thap,2,It tham nien - Khoi luong cong viec thap
676,2025-01-01,Finance,Finance Manager,0,0,0.1307223894921402,13.07,Thap,0,Lau nam - thang tien cham
680,2025-01-01,Human Resources,C&B Specialist,0,0,0.15067222473601,15.07,Thap,0,Lau nam - thang tien cham
683,2025-01-01,Human Resources,HR Executive,0,0,0.052573799378131676,5.26,Thap,0,Lau nam - thang tien cham
684,2025-01-01,Sales,Sales Supervisor,0,1,0.1819384998744709,18.19,Trung binh,1,Khoi luong cong viec cao - uu tien giu chan
685,2025-01-01,Operations,Procurement Specialist,0,1,0.18171415722129353,18.17,Trung binh,2,It tham nien - Khoi luong cong viec thap
691,2025-01-01,Marketing,Marketing Executive,0,0,0.11071209682946836,11.07,Thap,1,Khoi luong cong viec cao - uu tien giu chan
692,2025-01-01,Human Resources,C&B Specialist,0,0,0.12991492835861806,12.99,Thap,0,Lau nam - thang tien cham
693,2025-01-01,Sales,Sales Supervisor,0,0,0.10949236517587874,10.95,Thap,2,It tham nien - Khoi luong cong viec thap
694,2025-01-01,Marketing,Marketing Manager,0,1,0.23678487764810122,23.68,Trung binh,0,Lau nam - thang tien cham
696,2025-01-01,Finance,Finance Manager,0,0,0.06336646198615094,6.34,Thap,0,Lau nam - thang tien cham
701,2025-01-01,Finance,Financial Analyst,0,0,0.04972838270756885,4.97,Thap,0,Lau nam - thang tien cham
703,2025-01-01,Finance,Financial Analyst,0,0,0.0869397930442423,8.69,Thap,2,It tham nien - Khoi luong cong viec thap
705,2025-01-01,Human Resources,C&B Specialist,0,0,0.14719672881936482,14.72,Thap,0,Lau nam - thang tien cham
709,2025-01-01,Marketing,Digital Marketing Specialist,0,1,0.23837593863890724,23.84,Trung binh,1,Khoi luong cong viec cao - uu tien giu chan
710,2025-01-01,Information Technology,Data Analyst,0,0,0.03857531965056894,3.86,Thap,2,It tham nien - Khoi luong cong viec thap
715,2025-01-01,Information Technology,IT Support,0,0,0.14817102462680815,14.82,Thap,2,It tham nien - Khoi luong cong viec thap
720,2025-01-01,Sales,Sales Representative,1,1,0.21429640996654672,21.43,Trung binh,2,It tham nien - Khoi luong cong viec thap
721,2025-01-01,Marketing,Digital Marketing Specialist,0,1,0.17208422199468285,17.21,Trung binh,0,Lau nam - thang tien cham
731,2025-01-01,Sales,Sales Representative,0,0,0.11721750176404343,11.72,Thap,1,Khoi luong cong viec cao - uu tien giu chan
734,2025-01-01,Finance,Internal Auditor,0,0,0.07258790543280973,7.26,Thap,2,It tham nien - Khoi luong cong viec thap
735,2025-01-01,Information Technology,Data Analyst,0,0,0.04132275511698246,4.13,Thap,2,It tham nien - Khoi luong cong viec thap
736,2025-01-01,Operations,Operations Manager,0,1,0.4382540148014774,43.83,Cao,1,Khoi luong cong viec cao - uu tien giu chan
738,2025-01-01,Operations,Operations Manager,0,0,0.1109466895085741,11.09,Thap,2,It tham nien - Khoi luong cong viec thap
744,2025-01-01,Information Technology,Software Engineer,0,1,0.17994833753631057,17.99,Trung binh,1,Khoi luong cong viec cao - uu tien giu chan
745,2025-01-01,Operations,Procurement Specialist,0,0,0.11429103853873403,11.43,Thap,3,Cap bac cao - thu nhap cao
748,2025-01-01,Information Technology,Data Analyst,0,0,0.09217254837946334,9.22,Thap,2,It tham nien - Khoi luong cong viec thap
750,2025-01-01,Finance,Financial Analyst,0,0,0.14645214503219778,14.65,Thap,1,Khoi luong cong viec cao - uu tien giu chan
752,2025-01-01,Sales,Sales Executive,0,0,0.08740721613068256,8.74,Thap,2,It tham nien - Khoi luong cong viec thap
753,2025-01-01,Marketing,Marketing Executive,0,1,0.2183283643968313,21.83,Trung binh,1,Khoi luong cong viec cao - uu tien giu chan
758,2025-01-01,Operations,Procurement Specialist,0,0,0.1101213417570466,11.01,Thap,3,Cap bac cao - thu nhap cao
759,2025-01-01,Sales,Sales Executive,0,0,0.13555956370878436,13.56,Thap,2,It tham nien - Khoi luong cong viec thap
764,2025-01-01,Human Resources,HR Executive,0,0,0.12653483295091203,12.65,Thap,2,It tham nien - Khoi luong cong viec thap
766,2025-01-01,Finance,Internal Auditor,0,0,0.11526738713539603,11.53,Thap,2,It tham nien - Khoi luong cong viec thap
768,2025-01-01,Sales,Sales Supervisor,0,0,0.05915880339110088,5.92,Thap,2,It tham nien - Khoi luong cong viec thap
770,2025-01-01,Information Technology,System Administrator,0,0,0.07573931008145132,7.57,Thap,2,It tham nien - Khoi luong cong viec thap
771,2025-01-01,Finance,Internal Auditor,0,0,0.13825644154644132,13.83,Thap,1,Khoi luong cong viec cao - uu tien giu chan
773,2025-01-01,Operations,Warehouse Supervisor,0,1,0.23810701743416177,23.81,Trung binh,1,Khoi luong cong viec cao - uu tien giu chan
775,2025-01-01,Finance,Accountant,0,0,0.10690713558781381,10.69,Thap,0,Lau nam - thang tien cham
776,2025-01-01,Marketing,Marketing Executive,0,0,0.10506802831096387,10.51,Thap,0,Lau nam - thang tien cham
777,2025-01-01,Operations,Warehouse Supervisor,0,0,0.07196348653556137,7.2,Thap,2,It tham nien - Khoi luong cong viec thap
779,2025-01-01,Finance,Finance Manager,1,1,0.166309732355743,16.63,Trung binh,1,Khoi luong cong viec cao - uu tien giu chan
784,2025-01-01,Sales,Sales Executive,0,0,0.05556255017175771,5.56,Thap,3,Cap bac cao - thu nhap cao
786,2025-01-01,Operations,Warehouse Supervisor,0,1,0.2552406105517121,25.52,Trung binh,1,Khoi luong cong viec cao - uu tien giu chan
787,2025-01-01,Finance,Financial Analyst,0,0,0.0752882775148228,7.53,Thap,0,Lau nam - thang tien cham
789,2025-01-01,Sales,Sales Representative,0,0,0.09768789387054681,9.77,Thap,2,It tham nien - Khoi luong cong viec thap
790,2025-01-01,Marketing,Content Specialist,0,0,0.09480332590803574,9.48,Thap,2,It tham nien - Khoi luong cong viec thap
791,2025-01-01,Sales,Sales Supervisor,0,0,0.09983301582308608,9.98,Thap,2,It tham nien - Khoi luong cong viec thap
792,2025-01-01,Information Technology,Data Analyst,0,1,0.19594746840624386,19.59,Trung binh,1,Khoi luong cong viec cao - uu tien giu chan
796,2025-01-01,Information Technology,Software Engineer,0,0,0.10610252317551934,10.61,Thap,1,Khoi luong cong viec cao - uu tien giu chan
798,2025-01-01,Finance,Finance Manager,0,0,0.07836099233814642,7.84,Thap,2,It tham nien - Khoi luong cong viec thap
799,2025-01-01,Operations,Warehouse Supervisor,0,0,0.1433393983880053,14.33,Thap,1,Khoi luong cong viec cao - uu tien giu chan
800,2025-01-01,Marketing,Marketing Manager,0,0,0.09992351013973082,9.99,Thap,2,It tham nien - Khoi luong cong viec thap
802,2025-01-01,Marketing,Marketing Executive,0,1,0.2412957786106507,24.13,Trung binh,0,Lau nam - thang tien cham
803,2025-01-01,Finance,Financial Analyst,0,1,0.18231248576440254,18.23,Trung binh,1,Khoi luong cong viec cao - uu tien giu chan
804,2025-01-01,Information Technology,QA Engineer,0,0,0.08718580730936522,8.72,Thap,2,It tham nien - Khoi luong cong viec thap
805,2025-01-01,Information Technology,Software Engineer,0,0,0.09175209312762846,9.18,Thap,2,It tham nien - Khoi luong cong viec thap
811,2025-01-01,Operations,Procurement Specialist,0,1,0.2360074050894781,23.6,Trung binh,2,It tham nien - Khoi luong cong viec thap
813,2025-01-01,Sales,Account Manager,0,0,0.13126141668051297,13.13,Thap,2,It tham nien - Khoi luong cong viec thap
815,2025-01-01,Sales,Sales Supervisor,0,0,0.08816490758712735,8.82,Thap,3,Cap bac cao - thu nhap cao
816,2025-01-01,Marketing,Digital Marketing Specialist,0,1,0.16313784907654993,16.31,Trung binh,0,Lau nam - thang tien cham
818,2025-01-01,Finance,Financial Analyst,0,0,0.13555480039828868,13.56,Thap,3,Cap bac cao - thu nhap cao
819,2025-01-01,Sales,Sales Executive,0,0,0.08968569078633162,8.97,Thap,2,It tham nien - Khoi luong cong viec thap
820,2025-01-01,Information Technology,QA Engineer,0,0,0.12944825726396514,12.94,Thap,2,It tham nien - Khoi luong cong viec thap
821,2025-01-01,Human Resources,HR Executive,0,0,0.10621637450364817,10.62,Thap,2,It tham nien - Khoi luong cong viec thap
824,2025-01-01,Marketing,Digital Marketing Specialist,0,0,0.04548543673967349,4.55,Thap,3,Cap bac cao - thu nhap cao
825,2025-01-01,Human Resources,HR Manager,0,0,0.11639255288842305,11.64,Thap,3,Cap bac cao - thu nhap cao
826,2025-01-01,Operations,Operations Executive,1,0,0.11349834467035887,11.35,Thap,1,Khoi luong cong viec cao - uu tien giu chan
832,2025-01-01,Human Resources,C&B Specialist,0,0,0.12270501173273864,12.27,Thap,1,Khoi luong cong viec cao - uu tien giu chan
835,2025-01-01,Human Resources,Recruiter,0,0,0.11329537584699159,11.33,Thap,1,Khoi luong cong viec cao - uu tien giu chan
836,2025-01-01,Human Resources,Recruiter,0,0,0.020619160571551623,2.06,Thap,2,It tham nien - Khoi luong cong viec thap
837,2025-01-01,Finance,Finance Manager,0,1,0.31438462688510965,31.44,Cao,3,Cap bac cao - thu nhap cao
842,2025-01-01,Human Resources,C&B Specialist,1,1,0.176683491109013,17.67,Trung binh,1,Khoi luong cong viec cao - uu tien giu chan
845,2025-01-01,Sales,Account Manager,0,1,0.19336793641329214,19.34,Trung binh,0,Lau nam - thang tien cham
846,2025-01-01,Sales,Account Manager,0,0,0.07613406860560437,7.61,Thap,2,It tham nien - Khoi luong cong viec thap
849,2025-01-01,Sales,Sales Supervisor,0,0,0.13006626690959697,13.01,Thap,2,It tham nien - Khoi luong cong viec thap
852,2025-01-01,Finance,Finance Manager,0,0,0.10104862287569238,10.1,Thap,2,It tham nien - Khoi luong cong viec thap
854,2025-01-01,Human Resources,HR Executive,0,1,0.19754324398422357,19.75,Trung binh,1,Khoi luong cong viec cao - uu tien giu chan
856,2025-01-01,Finance,Internal Auditor,0,0,0.07063695389273449,7.06,Thap,0,Lau nam - thang tien cham
857,2025-01-01,Operations,Operations Manager,0,1,0.18897510866351885,18.9,Trung binh,2,It tham nien - Khoi luong cong viec thap
858,2025-01-01,Finance,Accountant,1,1,0.33654948095054776,33.65,Cao,1,Khoi luong cong viec cao - uu tien giu chan
860,2025-01-01,Sales,Sales Supervisor,0,1,0.26877886357018865,26.88,Trung binh,1,Khoi luong cong viec cao - uu tien giu chan
862,2025-01-01,Marketing,Digital Marketing Specialist,0,0,0.05966686261290995,5.97,Thap,2,It tham nien - Khoi luong cong viec thap
863,2025-01-01,Marketing,Marketing Executive,0,0,0.07792909279631578,7.79,Thap,0,Lau nam - thang tien cham
866,2025-01-01,Marketing,Content Specialist,0,0,0.13206963404426234,13.21,Thap,0,Lau nam - thang tien cham
869,2025-01-01,Sales,Sales Supervisor,0,1,0.4149416080250713,41.49,Cao,1,Khoi luong cong viec cao - uu tien giu chan
870,2025-01-01,Finance,Accountant,0,0,0.046323062092440914,4.63,Thap,2,It tham nien - Khoi luong cong viec thap
874,2025-01-01,Marketing,Digital Marketing Specialist,0,0,0.11500923214322015,11.5,Thap,1,Khoi luong cong viec cao - uu tien giu chan
881,2025-01-01,Human Resources,C&B Specialist,0,0,0.05895718788802514,5.9,Thap,2,It tham nien - Khoi luong cong viec thap
882,2025-01-01,Human Resources,Recruiter,0,0,0.1542212922054559,15.42,Thap,0,Lau nam - thang tien cham
883,2025-01-01,Marketing,Digital Marketing Specialist,0,0,0.10961535114760541,10.96,Thap,2,It tham nien - Khoi luong cong viec thap
888,2025-01-01,Operations,Operations Manager,0,1,0.16993673086082903,16.99,Trung binh,3,Cap bac cao - thu nhap cao
889,2025-01-01,Finance,Internal Auditor,0,1,0.2198947440007167,21.99,Trung binh,0,Lau nam - thang tien cham
890,2025-01-01,Operations,Operations Executive,0,1,0.1659052501573976,16.59,Trung binh,0,Lau nam - thang tien cham
891,2025-01-01,Marketing,Digital Marketing Specialist,0,0,0.13607500379440185,13.61,Thap,0,Lau nam - thang tien cham
892,2025-01-01,Marketing,Marketing Executive,0,0,0.1330557468249145,13.31,Thap,2,It tham nien - Khoi luong cong viec thap
895,2025-01-01,Finance,Finance Manager,0,0,0.06126102909415103,6.13,Thap,2,It tham nien - Khoi luong cong viec thap
896,2025-01-01,Human Resources,Recruiter,0,0,0.12452016593787128,12.45,Thap,1,Khoi luong cong viec cao - uu tien giu chan
898,2025-01-01,Sales,Sales Executive,0,0,0.07694516328368771,7.69,Thap,3,Cap bac cao - thu nhap cao
899,2025-01-01,Information Technology,System Administrator,0,1,0.1785610214830973,17.86,Trung binh,2,It tham nien - Khoi luong cong viec thap
900,2025-01-01,Information Technology,IT Support,0,1,0.1848256886930179,18.48,Trung binh,1,Khoi luong cong viec cao - uu tien giu chan
904,2025-01-01,Human Resources,HR Manager,0,0,0.1269322374734141,12.69,Thap,1,Khoi luong cong viec cao - uu tien giu chan
905,2025-01-01,Finance,Accountant,0,1,0.20195110734784422,20.2,Trung binh,1,Khoi luong cong viec cao - uu tien giu chan
913,2025-01-01,Sales,Account Manager,0,1,0.1682959395492584,16.83,Trung binh,0,Lau nam - thang tien cham
914,2025-01-01,Marketing,Content Specialist,0,0,0.03942906481423342,3.94,Thap,2,It tham nien - Khoi luong cong viec thap
919,2025-01-01,Human Resources,C&B Specialist,0,1,0.23025087397359648,23.03,Trung binh,1,Khoi luong cong viec cao - uu tien giu chan
924,2025-01-01,Human Resources,HR Manager,0,1,0.17455630727526997,17.46,Trung binh,1,Khoi luong cong viec cao - uu tien giu chan
928,2025-01-01,Finance,Financial Analyst,0,1,0.22996480742163394,23.0,Trung binh,1,Khoi luong cong viec cao - uu tien giu chan
933,2025-01-01,Finance,Finance Manager,0,1,0.22210183175690482,22.21,Trung binh,1,Khoi luong cong viec cao - uu tien giu chan
934,2025-01-01,Finance,Accountant,0,0,0.1088415772293721,10.88,Thap,3,Cap bac cao - thu nhap cao
936,2025-01-01,Human Resources,HR Manager,1,1,0.18832365833302606,18.83,Trung binh,1,Khoi luong cong viec cao - uu tien giu chan
941,2025-01-01,Operations,Procurement Specialist,0,0,0.11708945026655047,11.71,Thap,0,Lau nam - thang tien cham
942,2025-01-01,Finance,Internal Auditor,1,1,0.1696373548727627,16.96,Trung binh,1,Khoi luong cong viec cao - uu tien giu chan
947,2025-01-01,Operations,Operations Executive,0,1,0.19669080143643555,19.67,Trung binh,1,Khoi luong cong viec cao - uu tien giu chan
949,2025-01-01,Finance,Financial Analyst,0,0,0.09075906617428578,9.08,Thap,2,It tham nien - Khoi luong cong viec thap
951,2025-01-01,Information Technology,IT Support,1,0,0.038976129824597486,3.9,Thap,2,It tham nien - Khoi luong cong viec thap
953,2025-01-01,Human Resources,C&B Specialist,1,0,0.11405318353506277,11.41,Thap,2,It tham nien - Khoi luong cong viec thap
954,2025-01-01,Information Technology,Data Analyst,0,1,0.19016340222766365,19.02,Trung binh,1,Khoi luong cong viec cao - uu tien giu chan
957,2025-01-01,Human Resources,Recruiter,0,0,0.07276277148675311,7.28,Thap,0,Lau nam - thang tien cham
958,2025-01-01,Finance,Financial Analyst,0,0,0.15135062932925059,15.14,Thap,2,It tham nien - Khoi luong cong viec thap
964,2025-01-01,Finance,Finance Manager,0,0,0.06275316497827643,6.28,Thap,2,It tham nien - Khoi luong cong viec thap
967,2025-01-01,Information Technology,QA Engineer,0,0,0.08908756837355468,8.91,Thap,2,It tham nien - Khoi luong cong viec thap
968,2025-01-01,Marketing,Marketing Executive,0,0,0.05268758649948938,5.27,Thap,3,Cap bac cao - thu nhap cao
970,2025-01-01,Information Technology,System Administrator,0,1,0.1654350388035339,16.54,Trung binh,2,It tham nien - Khoi luong cong viec thap
974,2025-01-01,Sales,Sales Supervisor,1,0,0.13537921312794438,13.54,Thap,0,Lau nam - thang tien cham
976,2025-01-01,Sales,Sales Executive,0,1,0.1643251957168389,16.43,Trung binh,1,Khoi luong cong viec cao - uu tien giu chan
977,2025-01-01,Human Resources,HR Manager,0,1,0.20787317449153145,20.79,Trung binh,3,Cap bac cao - thu nhap cao
978,2025-01-01,Information Technology,Software Engineer,0,0,0.14723222259909546,14.72,Thap,1,Khoi luong cong viec cao - uu tien giu chan
985,2025-01-01,Finance,Finance Manager,0,0,0.0,0.0,Thap,0,Lau nam - thang tien cham
987,2025-01-01,Information Technology,QA Engineer,1,1,0.1892081944743327,18.92,Trung binh,0,Lau nam - thang tien cham
990,2025-01-01,Operations,Warehouse Supervisor,0,0,0.15933997193016414,15.93,Thap,2,It tham nien - Khoi luong cong viec thap
993,2025-01-01,Marketing,Content Specialist,0,1,0.17746601104790144,17.75,Trung binh,1,Khoi luong cong viec cao - uu tien giu chan
995,2025-01-01,Operations,Operations Manager,0,0,0.07803508658929285,7.8,Thap,3,Cap bac cao - thu nhap cao
998,2025-01-01,Operations,Procurement Specialist,0,0,0.1274837031970228,12.75,Thap,3,Cap bac cao - thu nhap cao
1001,2025-01-01,Marketing,Content Specialist,0,0,0.09739498355527533,9.74,Thap,2,It tham nien - Khoi luong cong viec thap
1002,2025-01-01,Operations,Operations Executive,0,0,0.13636450469961167,13.64,Thap,2,It tham nien - Khoi luong cong viec thap
1003,2025-01-01,Marketing,Digital Marketing Specialist,0,0,0.15381022990144622,15.38,Thap,3,Cap bac cao - thu nhap cao
1007,2025-01-01,Operations,Operations Manager,0,0,0.13945887067907606,13.95,Thap,0,Lau nam - thang tien cham
1010,2025-01-01,Operations,Procurement Specialist,0,1,0.23797581349579255,23.8,Trung binh,1,Khoi luong cong viec cao - uu tien giu chan
1012,2025-01-01,Marketing,Content Specialist,0,1,0.2113065644770014,21.13,Trung binh,1,Khoi luong cong viec cao - uu tien giu chan
1016,2025-01-01,Finance,Finance Manager,0,1,0.17942280902164962,17.94,Trung binh,3,Cap bac cao - thu nhap cao
1017,2025-01-01,Human Resources,C&B Specialist,0,0,0.09802367104249628,9.8,Thap,3,Cap bac cao - thu nhap cao
1020,2025-01-01,Information Technology,Data Analyst,0,1,0.205692239122015,20.57,Trung binh,3,Cap bac cao - thu nhap cao
1021,2025-01-01,Finance,Financial Analyst,0,1,0.16266736721438219,16.27,Trung binh,0,Lau nam - thang tien cham
1022,2025-01-01,Marketing,Marketing Executive,0,0,0.14096399520162525,14.1,Thap,2,It tham nien - Khoi luong cong viec thap
1025,2025-01-01,Finance,Internal Auditor,0,0,0.1218820304508454,12.19,Thap,3,Cap bac cao - thu nhap cao
1029,2025-01-01,Human Resources,HR Executive,0,0,0.13587516089073093,13.59,Thap,2,It tham nien - Khoi luong cong viec thap
1032,2025-01-01,Finance,Financial Analyst,0,0,0.10693957531354607,10.69,Thap,2,It tham nien - Khoi luong cong viec thap
1036,2025-01-01,Information Technology,QA Engineer,0,0,0.09768033817618303,9.77,Thap,2,It tham nien - Khoi luong cong viec thap
1040,2025-01-01,Operations,Procurement Specialist,0,1,0.1650434548582486,16.5,Trung binh,0,Lau nam - thang tien cham
1041,2025-01-01,Operations,Warehouse Supervisor,0,1,0.16004144734849193,16.0,Trung binh,1,Khoi luong cong viec cao - uu tien giu chan
1042,2025-01-01,Information Technology,System Administrator,0,0,0.06481547019877028,6.48,Thap,3,Cap bac cao - thu nhap cao
1043,2025-01-01,Finance,Accountant,1,1,0.17678082995099983,17.68,Trung binh,0,Lau nam - thang tien cham
1044,2025-01-01,Sales,Account Manager,0,0,0.14025354760960368,14.03,Thap,2,It tham nien - Khoi luong cong viec thap
1045,2025-01-01,Information Technology,QA Engineer,0,1,0.16737220029756397,16.74,Trung binh,2,It tham nien - Khoi luong cong viec thap
1051,2025-01-01,Operations,Operations Manager,0,0,0.055026244847578745,5.5,Thap,2,It tham nien - Khoi luong cong viec thap
1053,2025-01-01,Information Technology,IT Support,0,0,0.04039602955421241,4.04,Thap,2,It tham nien - Khoi luong cong viec thap
1055,2025-01-01,Finance,Finance Manager,0,0,0.143446909428531,14.34,Thap,2,It tham nien - Khoi luong cong viec thap
1059,2025-01-01,Finance,Finance Manager,0,0,0.10413810266045567,10.41,Thap,2,It tham nien - Khoi luong cong viec thap
1064,2025-01-01,Sales,Sales Representative,0,0,0.08029244843778241,8.03,Thap,2,It tham nien - Khoi luong cong viec thap
1074,2025-01-01,Sales,Sales Supervisor,0,1,0.23539036018087386,23.54,Trung binh,2,It tham nien - Khoi luong cong viec thap
1075,2025-01-01,Human Resources,C&B Specialist,1,0,0.0,0.0,Thap,2,It tham nien - Khoi luong cong viec thap
1076,2025-01-01,Finance,Accountant,0,1,0.223325722787467,22.33,Trung binh,1,Khoi luong cong viec cao - uu tien giu chan
1078,2025-01-01,Information Technology,Data Analyst,0,0,0.13936509463565,13.94,Thap,2,It tham nien - Khoi luong cong viec thap
1082,2025-01-01,Information Technology,Data Analyst,0,0,0.1582823051995554,15.83,Thap,1,Khoi luong cong viec cao - uu tien giu chan
1083,2025-01-01,Finance,Accountant,1,0,0.15174166285048257,15.17,Thap,1,Khoi luong cong viec cao - uu tien giu chan
1085,2025-01-01,Human Resources,Recruiter,0,0,0.125591908057399,12.56,Thap,0,Lau nam - thang tien cham
1086,2025-01-01,Human Resources,HR Executive,0,0,0.10768169516732318,10.77,Thap,2,It tham nien - Khoi luong cong viec thap
1088,2025-01-01,Information Technology,Data Analyst,0,0,0.07871648857447755,7.87,Thap,3,Cap bac cao - thu nhap cao
1091,2025-01-01,Human Resources,HR Executive,0,0,0.06514352141863283,6.51,Thap,2,It tham nien - Khoi luong cong viec thap
1093,2025-01-01,Sales,Account Manager,0,0,0.15966148398920654,15.97,Thap,2,It tham nien - Khoi luong cong viec thap
1096,2025-01-01,Human Resources,C&B Specialist,0,0,0.018591344118510513,1.86,Thap,2,It tham nien - Khoi luong cong viec thap
1100,2025-01-01,Finance,Finance Manager,0,0,0.03696047752771698,3.7,Thap,2,It tham nien - Khoi luong cong viec thap
1109,2025-01-01,Information Technology,Software Engineer,0,1,0.24273591106783213,24.27,Trung binh,1,Khoi luong cong viec cao - uu tien giu chan
1118,2025-01-01,Marketing,Digital Marketing Specialist,0,0,0.07337845780476474,7.34,Thap,2,It tham nien - Khoi luong cong viec thap
1119,2025-01-01,Information Technology,QA Engineer,0,1,0.2151623546697437,21.52,Trung binh,1,Khoi luong cong viec cao - uu tien giu chan
1121,2025-01-01,Marketing,Marketing Executive,0,1,0.24700008371510207,24.7,Trung binh,1,Khoi luong cong viec cao - uu tien giu chan
1125,2025-01-01,Human Resources,HR Executive,0,0,0.08628781240239133,8.63,Thap,0,Lau nam - thang tien cham
1129,2025-01-01,Finance,Accountant,0,0,0.042157889079463946,4.22,Thap,0,Lau nam - thang tien cham
1132,2025-01-01,Operations,Operations Executive,0,0,0.12390147243929969,12.39,Thap,0,Lau nam - thang tien cham
1139,2025-01-01,Finance,Financial Analyst,0,0,0.1251232307763424,12.51,Thap,0,Lau nam - thang tien cham
1140,2025-01-01,Operations,Warehouse Supervisor,0,0,0.15331698780365036,15.33,Thap,2,It tham nien - Khoi luong cong viec thap
1141,2025-01-01,Operations,Operations Executive,0,1,0.18828993749705314,18.83,Trung binh,1,Khoi luong cong viec cao - uu tien giu chan
1142,2025-01-01,Operations,Procurement Specialist,0,0,0.1375121585367472,13.75,Thap,2,It tham nien - Khoi luong cong viec thap
1144,2025-01-01,Marketing,Marketing Executive,0,1,0.21308822387134102,21.31,Trung binh,1,Khoi luong cong viec cao - uu tien giu chan
1146,2025-01-01,Operations,Warehouse Supervisor,0,1,0.26641868985401973,26.64,Trung binh,2,It tham nien - Khoi luong cong viec thap
1147,2025-01-01,Human Resources,HR Executive,0,0,0.155182035021221,15.52,Thap,1,Khoi luong cong viec cao - uu tien giu chan
1154,2025-01-01,Information Technology,Data Analyst,0,0,0.07291089870674099,7.29,Thap,2,It tham nien - Khoi luong cong viec thap
1155,2025-01-01,Marketing,Content Specialist,1,1,0.2050365018039845,20.5,Trung binh,1,Khoi luong cong viec cao - uu tien giu chan
1157,2025-01-01,Marketing,Digital Marketing Specialist,0,0,0.016631725662411157,1.66,Thap,2,It tham nien - Khoi luong cong viec thap
1160,2025-01-01,Sales,Sales Supervisor,0,1,0.2704286025362284,27.04,Trung binh,2,It tham nien - Khoi luong cong viec thap
1162,2025-01-01,Sales,Sales Supervisor,0,0,0.12466203839813099,12.47,Thap,2,It tham nien - Khoi luong cong viec thap
1163,2025-01-01,Sales,Sales Supervisor,0,1,0.23454510338511875,23.45,Trung binh,1,Khoi luong cong viec cao - uu tien giu chan
1164,2025-01-01,Operations,Procurement Specialist,0,1,0.1909587949934751,19.1,Trung binh,1,Khoi luong cong viec cao - uu tien giu chan
1165,2025-01-01,Finance,Financial Analyst,0,0,0.14546100494323805,14.55,Thap,2,It tham nien - Khoi luong cong viec thap
1172,2025-01-01,Marketing,Marketing Executive,0,0,0.09722010678809152,9.72,Thap,2,It tham nien - Khoi luong cong viec thap
1174,2025-01-01,Human Resources,C&B Specialist,1,0,0.024959094100524253,2.5,Thap,3,Cap bac cao - thu nhap cao
1176,2025-01-01,Human Resources,C&B Specialist,0,0,0.11102075993972273,11.1,Thap,1,Khoi luong cong viec cao - uu tien giu chan
1178,2025-01-01,Human Resources,HR Executive,1,0,0.1011511612024811,10.12,Thap,1,Khoi luong cong viec cao - uu tien giu chan
1180,2025-01-01,Sales,Sales Supervisor,1,1,0.21240946375712283,21.24,Trung binh,1,Khoi luong cong viec cao - uu tien giu chan
1182,2025-01-01,Sales,Sales Supervisor,0,0,0.03737011267423147,3.74,Thap,2,It tham nien - Khoi luong cong viec thap
1184,2025-01-01,Human Resources,Recruiter,0,0,0.09031976388575719,9.03,Thap,2,It tham nien - Khoi luong cong viec thap
1190,2025-01-01,Human Resources,Recruiter,0,0,0.0667882835281194,6.68,Thap,0,Lau nam - thang tien cham
1193,2025-01-01,Human Resources,C&B Specialist,0,0,0.05840274011229916,5.84,Thap,2,It tham nien - Khoi luong cong viec thap
1195,2025-01-01,Human Resources,C&B Specialist,0,0,0.0885235109330001,8.85,Thap,2,It tham nien - Khoi luong cong viec thap
1201,2025-01-01,Marketing,Marketing Manager,0,0,0.14874377870518093,14.87,Thap,1,Khoi luong cong viec cao - uu tien giu chan
1202,2025-01-01,Sales,Sales Executive,0,0,0.1325887867349074,13.26,Thap,0,Lau nam - thang tien cham
1203,2025-01-01,Operations,Operations Executive,1,1,0.20918314556951076,20.92,Trung binh,1,Khoi luong cong viec cao - uu tien giu chan
1204,2025-01-01,Finance,Accountant,0,0,0.11701476081538115,11.7,Thap,2,It tham nien - Khoi luong cong viec thap
1205,2025-01-01,Finance,Internal Auditor,0,0,0.14514762385276944,14.51,Thap,2,It tham nien - Khoi luong cong viec thap
1207,2025-01-01,Operations,Operations Manager,1,1,0.19938050273796593,19.94,Trung binh,1,Khoi luong cong viec cao - uu tien giu chan
1208,2025-01-01,Marketing,Marketing Manager,1,1,0.20377328310889287,20.38,Trung binh,1,Khoi luong cong viec cao - uu tien giu chan
1209,2025-01-01,Marketing,Digital Marketing Specialist,0,1,0.2318470229405359,23.18,Trung binh,1,Khoi luong cong viec cao - uu tien giu chan
1213,2025-01-01,Information Technology,System Administrator,0,0,0.14932298329345117,14.93,Thap,1,Khoi luong cong viec cao - uu tien giu chan
1215,2025-01-01,Information Technology,IT Support,0,1,0.16571940053290404,16.57,Trung binh,3,Cap bac cao - thu nhap cao
1216,2025-01-01,Human Resources,Recruiter,0,0,0.13855108936922406,13.86,Thap,1,Khoi luong cong viec cao - uu tien giu chan
1222,2025-01-01,Marketing,Digital Marketing Specialist,0,0,0.11856562952450535,11.86,Thap,2,It tham nien - Khoi luong cong viec thap
1227,2025-01-01,Information Technology,System Administrator,0,0,0.07932957016309078,7.93,Thap,2,It tham nien - Khoi luong cong viec thap
1229,2025-01-01,Sales,Sales Representative,0,0,0.1371131517921206,13.71,Thap,1,Khoi luong cong viec cao - uu tien giu chan
1235,2025-01-01,Human Resources,Recruiter,0,0,0.05336538017983934,5.34,Thap,2,It tham nien - Khoi luong cong viec thap
1238,2025-01-01,Operations,Warehouse Supervisor,0,0,0.12003859385141422,12.0,Thap,3,Cap bac cao - thu nhap cao
1239,2025-01-01,Sales,Account Manager,1,1,0.2041086498072775,20.41,Trung binh,3,Cap bac cao - thu nhap cao
1242,2025-01-01,Finance,Accountant,0,0,0.10158495686535106,10.16,Thap,3,Cap bac cao - thu nhap cao
1243,2025-01-01,Human Resources,HR Executive,0,0,0.13728163266212384,13.73,Thap,0,Lau nam - thang tien cham
1245,2025-01-01,Information Technology,Software Engineer,0,0,0.12096379102945375,12.1,Thap,2,It tham nien - Khoi luong cong viec thap
1248,2025-01-01,Marketing,Marketing Executive,0,0,0.12524799984345522,12.52,Thap,2,It tham nien - Khoi luong cong viec thap
1250,2025-01-01,Operations,Operations Executive,1,1,0.19559405107317118,19.56,Trung binh,2,It tham nien - Khoi luong cong viec thap
1251,2025-01-01,Information Technology,System Administrator,0,0,0.05081663510511914,5.08,Thap,2,It tham nien - Khoi luong cong viec thap
1253,2025-01-01,Finance,Accountant,0,1,0.1628547003668688,16.29,Trung binh,3,Cap bac cao - thu nhap cao
1255,2025-01-01,Finance,Finance Manager,0,1,0.1763048595145288,17.63,Trung binh,0,Lau nam - thang tien cham
1256,2025-01-01,Marketing,Marketing Executive,0,0,0.05326070424154851,5.33,Thap,2,It tham nien - Khoi luong cong viec thap
1261,2025-01-01,Marketing,Marketing Manager,0,0,0.09981877402022196,9.98,Thap,2,It tham nien - Khoi luong cong viec thap
1264,2025-01-01,Finance,Financial Analyst,0,0,0.1049774054865546,10.5,Thap,3,Cap bac cao - thu nhap cao
1267,2025-01-01,Operations,Procurement Specialist,0,1,0.23784992370763258,23.78,Trung binh,2,It tham nien - Khoi luong cong viec thap
1268,2025-01-01,Operations,Operations Executive,0,1,0.22386141400820642,22.39,Trung binh,2,It tham nien - Khoi luong cong viec thap
1269,2025-01-01,Human Resources,HR Executive,0,0,0.09305012012408923,9.31,Thap,0,Lau nam - thang tien cham
1271,2025-01-01,Finance,Internal Auditor,0,1,0.17278590302712116,17.28,Trung binh,2,It tham nien - Khoi luong cong viec thap
1272,2025-01-01,Sales,Account Manager,0,0,0.15186565674231983,15.19,Thap,2,It tham nien - Khoi luong cong viec thap
1276,2025-01-01,Marketing,Content Specialist,0,1,0.261857573613913,26.19,Trung binh,1,Khoi luong cong viec cao - uu tien giu chan
1281,2025-01-01,Human Resources,HR Executive,0,0,0.0799911587262191,8.0,Thap,1,Khoi luong cong viec cao - uu tien giu chan
1283,2025-01-01,Human Resources,Recruiter,1,0,0.11770568191711729,11.77,Thap,3,Cap bac cao - thu nhap cao
1284,2025-01-01,Marketing,Content Specialist,0,0,0.12952245111570898,12.95,Thap,0,Lau nam - thang tien cham
1291,2025-01-01,Operations,Operations Executive,1,1,0.19116181201540147,19.12,Trung binh,2,It tham nien - Khoi luong cong viec thap
1294,2025-01-01,Information Technology,Software Engineer,0,0,0.1022507256628494,10.23,Thap,0,Lau nam - thang tien cham
1295,2025-01-01,Operations,Operations Executive,0,1,0.21253604908401422,21.25,Trung binh,0,Lau nam - thang tien cham
1299,2025-01-01,Information Technology,QA Engineer,1,1,0.34409565300469436,34.41,Cao,0,Lau nam - thang tien cham
1300,2025-01-01,Human Resources,Recruiter,0,0,0.05657262069076904,5.66,Thap,2,It tham nien - Khoi luong cong viec thap
1301,2025-01-01,Human Resources,HR Manager,0,0,0.044530056045659676,4.45,Thap,2,It tham nien - Khoi luong cong viec thap
1305,2025-01-01,Marketing,Content Specialist,0,1,0.16849822198401054,16.85,Trung binh,1,Khoi luong cong viec cao - uu tien giu chan
1306,2025-01-01,Finance,Financial Analyst,1,0,0.09478950423692478,9.48,Thap,1,Khoi luong cong viec cao - uu tien giu chan
1307,2025-01-01,Sales,Sales Supervisor,0,0,0.023121344388789617,2.31,Thap,3,Cap bac cao - thu nhap cao
1308,2025-01-01,Human Resources,HR Executive,0,0,0.10003895275987312,10.0,Thap,2,It tham nien - Khoi luong cong viec thap
1310,2025-01-01,Marketing,Content Specialist,0,0,0.13167241016196965,13.17,Thap,0,Lau nam - thang tien cham
1314,2025-01-01,Sales,Sales Executive,0,0,0.13408916450423927,13.41,Thap,1,Khoi luong cong viec cao - uu tien giu chan
1316,2025-01-01,Finance,Finance Manager,0,1,0.25603899386334805,25.6,Trung binh,0,Lau nam - thang tien cham
1317,2025-01-01,Human Resources,HR Executive,1,0,0.09224294392684151,9.22,Thap,3,Cap bac cao - thu nhap cao
1319,2025-01-01,Human Resources,C&B Specialist,0,1,0.1630643518435378,16.31,Trung binh,0,Lau nam - thang tien cham
1320,2025-01-01,Finance,Accountant,0,1,0.17238437748521224,17.24,Trung binh,1,Khoi luong cong viec cao - uu tien giu chan
1325,2025-01-01,Information Technology,IT Support,0,0,0.05617892707060786,5.62,Thap,2,It tham nien - Khoi luong cong viec thap
1327,2025-01-01,Information Technology,Software Engineer,0,0,0.05609878625771113,5.61,Thap,2,It tham nien - Khoi luong cong viec thap
1329,2025-01-01,Operations,Warehouse Supervisor,0,0,0.12698400315692188,12.7,Thap,2,It tham nien - Khoi luong cong viec thap
1332,2025-01-01,Information Technology,IT Support,0,0,0.05434421970242198,5.43,Thap,3,Cap bac cao - thu nhap cao
1337,2025-01-01,Information Technology,IT Support,0,0,0.03881602027254629,3.88,Thap,3,Cap bac cao - thu nhap cao
1341,2025-01-01,Information Technology,Data Analyst,0,0,0.11621365955661117,11.62,Thap,2,It tham nien - Khoi luong cong viec thap
1343,2025-01-01,Sales,Sales Representative,1,1,0.3066942787749166,30.67,Cao,1,Khoi luong cong viec cao - uu tien giu chan
1347,2025-01-01,Operations,Procurement Specialist,0,0,0.11442101871178446,11.44,Thap,3,Cap bac cao - thu nhap cao
1348,2025-01-01,Finance,Finance Manager,1,0,0.017200981826819756,1.72,Thap,2,It tham nien - Khoi luong cong viec thap
1349,2025-01-01,Information Technology,Software Engineer,0,0,0.14176062399661682,14.18,Thap,1,Khoi luong cong viec cao - uu tien giu chan
1352,2025-01-01,Marketing,Marketing Manager,0,0,0.08408336837195772,8.41,Thap,0,Lau nam - thang tien cham
1356,2025-01-01,Information Technology,System Administrator,0,1,0.18475892241935,18.48,Trung binh,1,Khoi luong cong viec cao - uu tien giu chan
1360,2025-01-01,Marketing,Marketing Executive,0,1,0.17768010978216767,17.77,Trung binh,1,Khoi luong cong viec cao - uu tien giu chan
1361,2025-01-01,Finance,Finance Manager,0,1,0.2011870307424476,20.12,Trung binh,2,It tham nien - Khoi luong cong viec thap
1362,2025-01-01,Finance,Financial Analyst,0,1,0.18735240087295787,18.74,Trung binh,1,Khoi luong cong viec cao - uu tien giu chan
1365,2025-01-01,Finance,Financial Analyst,0,1,0.20242341312128437,20.24,Trung binh,0,Lau nam - thang tien cham
1366,2025-01-01,Operations,Warehouse Supervisor,0,0,0.06212070193273882,6.21,Thap,3,Cap bac cao - thu nhap cao
1372,2025-01-01,Marketing,Content Specialist,0,0,0.11621199362453352,11.62,Thap,2,It tham nien - Khoi luong cong viec thap
1375,2025-01-01,Finance,Finance Manager,0,0,0.07422427840956568,7.42,Thap,2,It tham nien - Khoi luong cong viec thap
1376,2025-01-01,Sales,Sales Representative,0,0,0.07721565849178641,7.72,Thap,3,Cap bac cao - thu nhap cao
1380,2025-01-01,Marketing,Digital Marketing Specialist,0,1,0.16408323160601151,16.41,Trung binh,1,Khoi luong cong viec cao - uu tien giu chan
1383,2025-01-01,Sales,Sales Supervisor,0,0,0.13925708715028107,13.93,Thap,2,It tham nien - Khoi luong cong viec thap
1386,2025-01-01,Marketing,Digital Marketing Specialist,1,1,0.27035729816866255,27.04,Trung binh,1,Khoi luong cong viec cao - uu tien giu chan
1388,2025-01-01,Marketing,Digital Marketing Specialist,0,0,0.13866612333014786,13.87,Thap,2,It tham nien - Khoi luong cong viec thap
1392,2025-01-01,Finance,Financial Analyst,0,1,0.18409308884037,18.41,Trung binh,3,Cap bac cao - thu nhap cao
1393,2025-01-01,Sales,Sales Supervisor,0,0,0.074806268862199,7.48,Thap,3,Cap bac cao - thu nhap cao
1394,2025-01-01,Marketing,Content Specialist,0,0,0.06927139047873859,6.93,Thap,2,It tham nien - Khoi luong cong viec thap
1395,2025-01-01,Human Resources,HR Manager,0,0,0.07385263071338084,7.39,Thap,2,It tham nien - Khoi luong cong viec thap
1397,2025-01-01,Finance,Accountant,0,0,0.07271458372245951,7.27,Thap,2,It tham nien - Khoi luong cong viec thap
1398,2025-01-01,Operations,Warehouse Supervisor,0,1,0.18853861937971264,18.85,Trung binh,2,It tham nien - Khoi luong cong viec thap
1399,2025-01-01,Finance,Finance Manager,0,0,0.05979072798577522,5.98,Thap,2,It tham nien - Khoi luong cong viec thap
1402,2025-01-01,Marketing,Digital Marketing Specialist,0,0,0.052876848757526185,5.29,Thap,2,It tham nien - Khoi luong cong viec thap
1404,2025-01-01,Finance,Finance Manager,0,0,0.15199572383846266,15.2,Thap,0,Lau nam - thang tien cham
1406,2025-01-01,Sales,Sales Supervisor,0,1,0.17119626526780637,17.12,Trung binh,1,Khoi luong cong viec cao - uu tien giu chan
1407,2025-01-01,Operations,Operations Manager,0,0,0.09262164042586755,9.26,Thap,2,It tham nien - Khoi luong cong viec thap
1410,2025-01-01,Information Technology,IT Support,0,1,0.16722396168107903,16.72,Trung binh,1,Khoi luong cong viec cao - uu tien giu chan
1412,2025-01-01,Sales,Account Manager,0,0,0.13104075280260546,13.1,Thap,2,It tham nien - Khoi luong cong viec thap
1413,2025-01-01,Human Resources,HR Manager,0,1,0.26672722360401935,26.67,Trung binh,0,Lau nam - thang tien cham
1415,2025-01-01,Sales,Sales Executive,0,1,0.1637838578013808,16.38,Trung binh,0,Lau nam - thang tien cham
1418,2025-01-01,Marketing,Marketing Executive,0,1,0.19496127530942853,19.5,Trung binh,1,Khoi luong cong viec cao - uu tien giu chan
1421,2025-01-01,Marketing,Content Specialist,1,0,0.14617842410141915,14.62,Thap,0,Lau nam - thang tien cham
1425,2025-01-01,Human Resources,HR Executive,0,0,0.11936445582981982,11.94,Thap,0,Lau nam - thang tien cham
1428,2025-01-01,Sales,Sales Supervisor,1,0,0.13419421031974588,13.42,Thap,3,Cap bac cao - thu nhap cao
1429,2025-01-01,Information Technology,IT Support,0,0,0.140881837942642,14.09,Thap,3,Cap bac cao - thu nhap cao
1430,2025-01-01,Operations,Warehouse Supervisor,0,1,0.22870259046411778,22.87,Trung binh,2,It tham nien - Khoi luong cong viec thap
1431,2025-01-01,Finance,Internal Auditor,0,1,0.31163860089115836,31.16,Cao,1,Khoi luong cong viec cao - uu tien giu chan
1432,2025-01-01,Sales,Sales Supervisor,0,0,0.1566171324541045,15.66,Thap,2,It tham nien - Khoi luong cong viec thap
1433,2025-01-01,Finance,Internal Auditor,0,1,0.24667404953648542,24.67,Trung binh,1,Khoi luong cong viec cao - uu tien giu chan
1434,2025-01-01,Marketing,Content Specialist,1,1,0.17231618574963667,17.23,Trung binh,1,Khoi luong cong viec cao - uu tien giu chan
1437,2025-01-01,Marketing,Content Specialist,0,0,0.14440163414386306,14.44,Thap,1,Khoi luong cong viec cao - uu tien giu chan
1438,2025-01-01,Information Technology,QA Engineer,0,1,0.22620615341843334,22.62,Trung binh,1,Khoi luong cong viec cao - uu tien giu chan
1439,2025-01-01,Information Technology,Software Engineer,1,1,0.3566611264881356,35.67,Cao,1,Khoi luong cong viec cao - uu tien giu chan
1443,2025-01-01,Finance,Internal Auditor,0,1,0.2063145067110915,20.63,Trung binh,1,Khoi luong cong viec cao - uu tien giu chan
1446,2025-01-01,Operations,Operations Executive,0,1,0.1846190111345686,18.46,Trung binh,3,Cap bac cao - thu nhap cao
1448,2025-01-01,Human Resources,HR Executive,0,0,0.03665446253830373,3.67,Thap,2,It tham nien - Khoi luong cong viec thap
1450,2025-01-01,Operations,Warehouse Supervisor,0,0,0.09652095786531997,9.65,Thap,3,Cap bac cao - thu nhap cao
1453,2025-01-01,Finance,Internal Auditor,0,0,0.06931418080277431,6.93,Thap,2,It tham nien - Khoi luong cong viec thap
1456,2025-01-01,Sales,Sales Representative,0,1,0.18338960139384977,18.34,Trung binh,0,Lau nam - thang tien cham
1457,2025-01-01,Human Resources,Recruiter,0,1,0.20323224742802354,20.32,Trung binh,0,Lau nam - thang tien cham
1460,2025-01-01,Human Resources,Recruiter,0,0,0.09231176366889637,9.23,Thap,2,It tham nien - Khoi luong cong viec thap
1461,2025-01-01,Human Resources,HR Manager,1,1,0.186397812524736,18.64,Trung binh,1,Khoi luong cong viec cao - uu tien giu chan
1462,2025-01-01,Operations,Operations Manager,1,0,0.10298024943568602,10.3,Thap,2,It tham nien - Khoi luong cong viec thap
1464,2025-01-01,Information Technology,System Administrator,0,0,0.15060774147764153,15.06,Thap,2,It tham nien - Khoi luong cong viec thap
1465,2025-01-01,Information Technology,QA Engineer,1,1,0.3104313592862963,31.04,Cao,0,Lau nam - thang tien cham
1466,2025-01-01,Information Technology,IT Support,0,1,0.24931689008367433,24.93,Trung binh,3,Cap bac cao - thu nhap cao
1470,2025-01-01,Marketing,Marketing Executive,0,0,0.03751460129737868,3.75,Thap,3,Cap bac cao - thu nhap cao
1474,2025-01-01,Marketing,Marketing Executive,0,0,0.017422100951553415,1.74,Thap,0,Lau nam - thang tien cham
1475,2025-01-01,Finance,Accountant,0,0,0.07945379885628771,7.95,Thap,2,It tham nien - Khoi luong cong viec thap
1478,2025-01-01,Marketing,Content Specialist,0,0,0.15075477515414956,15.08,Thap,0,Lau nam - thang tien cham
1479,2025-01-01,Sales,Sales Supervisor,0,0,0.0524386266955361,5.24,Thap,2,It tham nien - Khoi luong cong viec thap
1480,2025-01-01,Human Resources,C&B Specialist,0,0,0.13090078893500487,13.09,Thap,0,Lau nam - thang tien cham
1481,2025-01-01,Information Technology,System Administrator,0,0,0.10603189752110272,10.6,Thap,2,It tham nien - Khoi luong cong viec thap
1482,2025-01-01,Human Resources,HR Manager,0,0,0.13432138335694044,13.43,Thap,1,Khoi luong cong viec cao - uu tien giu chan
1484,2025-01-01,Information Technology,System Administrator,0,0,0.10911998657310405,10.91,Thap,2,It tham nien - Khoi luong cong viec thap
1486,2025-01-01,Operations,Operations Executive,0,1,0.16282088107890677,16.28,Trung binh,2,It tham nien - Khoi luong cong viec thap
1490,2025-01-01,Finance,Accountant,0,0,0.05873983667443193,5.87,Thap,2,It tham nien - Khoi luong cong viec thap
1491,2025-01-01,Sales,Sales Supervisor,0,0,0.05838318818820711,5.84,Thap,2,It tham nien - Khoi luong cong viec thap
1493,2025-01-01,Human Resources,C&B Specialist,0,0,0.0849495659905258,8.49,Thap,1,Khoi luong cong viec cao - uu tien giu chan
1496,2025-01-01,Human Resources,HR Manager,0,0,0.05683708915102836,5.68,Thap,2,It tham nien - Khoi luong cong viec thap
1498,2025-01-01,Finance,Finance Manager,0,0,0.073683557386757,7.37,Thap,2,It tham nien - Khoi luong cong viec thap
1499,2025-01-01,Marketing,Marketing Executive,0,0,0.1100747763310754,11.01,Thap,3,Cap bac cao - thu nhap cao
1500,2025-01-01,Finance,Financial Analyst,0,0,0.05609470653913366,5.61,Thap,0,Lau nam - thang tien cham
1506,2025-01-01,Marketing,Marketing Manager,0,0,0.09486436435743563,9.49,Thap,2,It tham nien - Khoi luong cong viec thap
1508,2025-01-01,Marketing,Digital Marketing Specialist,0,0,0.11284309201708333,11.28,Thap,0,Lau nam - thang tien cham
1509,2025-01-01,Operations,Operations Executive,0,1,0.25033256310281304,25.03,Trung binh,2,It tham nien - Khoi luong cong viec thap
1511,2025-01-01,Operations,Procurement Specialist,0,1,0.16984090546895422,16.98,Trung binh,1,Khoi luong cong viec cao - uu tien giu chan
1512,2025-01-01,Human Resources,HR Manager,0,0,0.10740337558231301,10.74,Thap,3,Cap bac cao - thu nhap cao
1513,2025-01-01,Marketing,Marketing Manager,0,0,0.09998997428630042,10.0,Thap,2,It tham nien - Khoi luong cong viec thap
1516,2025-01-01,Information Technology,System Administrator,0,0,0.09024544502228603,9.02,Thap,0,Lau nam - thang tien cham
1517,2025-01-01,Operations,Procurement Specialist,0,1,0.17444384289938536,17.44,Trung binh,2,It tham nien - Khoi luong cong viec thap
1519,2025-01-01,Finance,Accountant,1,1,0.18071778380218367,18.07,Trung binh,3,Cap bac cao - thu nhap cao
1523,2025-01-01,Sales,Sales Supervisor,0,1,0.20686480854983838,20.69,Trung binh,2,It tham nien - Khoi luong cong viec thap
1525,2025-01-01,Operations,Procurement Specialist,0,1,0.2894879764106127,28.95,Trung binh,2,It tham nien - Khoi luong cong viec thap
1526,2025-01-01,Information Technology,Software Engineer,0,0,0.0717747748964131,7.18,Thap,2,It tham nien - Khoi luong cong viec thap
1528,2025-01-01,Marketing,Digital Marketing Specialist,0,0,0.01869926603103381,1.87,Thap,3,Cap bac cao - thu nhap cao
1529,2025-01-01,Human Resources,C&B Specialist,0,0,0.020243301305778803,2.02,Thap,2,It tham nien - Khoi luong cong viec thap
1530,2025-01-01,Marketing,Marketing Executive,0,0,0.15415729106659576,15.42,Thap,2,It tham nien - Khoi luong cong viec thap
1532,2025-01-01,Human Resources,Recruiter,0,0,0.07546332560561098,7.55,Thap,2,It tham nien - Khoi luong cong viec thap
1535,2025-01-01,Sales,Account Manager,0,0,0.07022874347527894,7.02,Thap,3,Cap bac cao - thu nhap cao
1536,2025-01-01,Sales,Sales Executive,1,0,0.1063009801246477,10.63,Thap,0,Lau nam - thang tien cham
1537,2025-01-01,Marketing,Digital Marketing Specialist,0,0,0.07747718103854782,7.75,Thap,3,Cap bac cao - thu nhap cao
1540,2025-01-01,Information Technology,System Administrator,0,0,0.05805518641298364,5.81,Thap,2,It tham nien - Khoi luong cong viec thap
1542,2025-01-01,Human Resources,HR Executive,1,0,0.14790341107599597,14.79,Thap,1,Khoi luong cong viec cao - uu tien giu chan
1543,2025-01-01,Sales,Sales Executive,0,0,0.03514195320945274,3.51,Thap,3,Cap bac cao - thu nhap cao
1546,2025-01-01,Marketing,Digital Marketing Specialist,1,1,0.26785963757525794,26.79,Trung binh,1,Khoi luong cong viec cao - uu tien giu chan
1547,2025-01-01,Operations,Warehouse Supervisor,0,1,0.2836740784137209,28.37,Trung binh,1,Khoi luong cong viec cao - uu tien giu chan
1548,2025-01-01,Finance,Finance Manager,0,0,0.09350500106662768,9.35,Thap,0,Lau nam - thang tien cham
1550,2025-01-01,Marketing,Content Specialist,0,1,0.16072030450081606,16.07,Trung binh,1,Khoi luong cong viec cao - uu tien giu chan
1557,2025-01-01,Finance,Internal Auditor,0,0,0.13146771588229664,13.15,Thap,3,Cap bac cao - thu nhap cao
1559,2025-01-01,Operations,Operations Manager,0,0,0.07380669810527678,7.38,Thap,2,It tham nien - Khoi luong cong viec thap
1560,2025-01-01,Finance,Internal Auditor,1,1,0.2401217746511529,24.01,Trung binh,1,Khoi luong cong viec cao - uu tien giu chan
1562,2025-01-01,Human Resources,C&B Specialist,1,0,0.1273252869637366,12.73,Thap,1,Khoi luong cong viec cao - uu tien giu chan
1564,2025-01-01,Sales,Account Manager,0,0,0.12538580341713293,12.54,Thap,2,It tham nien - Khoi luong cong viec thap
1565,2025-01-01,Marketing,Content Specialist,0,0,0.11637255702452229,11.64,Thap,1,Khoi luong cong viec cao - uu tien giu chan
1568,2025-01-01,Finance,Internal Auditor,1,0,0.13331128651304178,13.33,Thap,0,Lau nam - thang tien cham
1570,2025-01-01,Information Technology,Software Engineer,0,0,0.11178801597069615,11.18,Thap,1,Khoi luong cong viec cao - uu tien giu chan
1571,2025-01-01,Finance,Financial Analyst,0,1,0.18245788911452265,18.25,Trung binh,3,Cap bac cao - thu nhap cao
1576,2025-01-01,Operations,Warehouse Supervisor,0,0,0.07198002288900023,7.2,Thap,3,Cap bac cao - thu nhap cao
1579,2025-01-01,Operations,Operations Executive,0,1,0.20799124163188698,20.8,Trung binh,1,Khoi luong cong viec cao - uu tien giu chan
1581,2025-01-01,Information Technology,System Administrator,0,1,0.1823111713299316,18.23,Trung binh,1,Khoi luong cong viec cao - uu tien giu chan
1584,2025-01-01,Finance,Financial Analyst,0,0,0.09442656920177657,9.44,Thap,2,It tham nien - Khoi luong cong viec thap
1585,2025-01-01,Sales,Sales Representative,0,1,0.19677873784684788,19.68,Trung binh,0,Lau nam - thang tien cham
1586,2025-01-01,Marketing,Digital Marketing Specialist,0,0,0.12971373544986176,12.97,Thap,0,Lau nam - thang tien cham
1589,2025-01-01,Information Technology,IT Support,0,0,0.15024526209598651,15.02,Thap,1,Khoi luong cong viec cao - uu tien giu chan
1590,2025-01-01,Finance,Internal Auditor,1,1,0.2405596344322399,24.06,Trung binh,2,It tham nien - Khoi luong cong viec thap
1591,2025-01-01,Finance,Finance Manager,1,0,0.08131986091749611,8.13,Thap,2,It tham nien - Khoi luong cong viec thap
1592,2025-01-01,Marketing,Marketing Manager,1,0,0.10977250866824302,10.98,Thap,2,It tham nien - Khoi luong cong viec thap
1593,2025-01-01,Sales,Sales Executive,1,0,0.08280863228941543,8.28,Thap,0,Lau nam - thang tien cham
1598,2025-01-01,Marketing,Digital Marketing Specialist,0,0,0.09799624526359381,9.8,Thap,3,Cap bac cao - thu nhap cao
1600,2025-01-01,Human Resources,HR Manager,1,0,0.14170368284717172,14.17,Thap,1,Khoi luong cong viec cao - uu tien giu chan
1603,2025-01-01,Information Technology,Data Analyst,1,1,0.2078392928099753,20.78,Trung binh,1,Khoi luong cong viec cao - uu tien giu chan
1604,2025-01-01,Human Resources,HR Manager,0,0,0.05819633163299,5.82,Thap,0,Lau nam - thang tien cham
1605,2025-01-01,Information Technology,System Administrator,0,1,0.2935016089534966,29.35,Trung binh,1,Khoi luong cong viec cao - uu tien giu chan
1611,2025-01-01,Finance,Financial Analyst,0,1,0.20600033785010516,20.6,Trung binh,3,Cap bac cao - thu nhap cao
1612,2025-01-01,Information Technology,Data Analyst,0,0,0.09672478576255959,9.67,Thap,2,It tham nien - Khoi luong cong viec thap
1618,2025-01-01,Information Technology,System Administrator,0,1,0.16047537610418952,16.05,Trung binh,0,Lau nam - thang tien cham
1620,2025-01-01,Sales,Sales Executive,0,0,0.039162350611310834,3.92,Thap,2,It tham nien - Khoi luong cong viec thap
1621,2025-01-01,Information Technology,Software Engineer,0,0,0.07829730333446179,7.83,Thap,3,Cap bac cao - thu nhap cao
1623,2025-01-01,Human Resources,HR Manager,0,1,0.37095558691077746,37.1,Cao,0,Lau nam - thang tien cham
1624,2025-01-01,Sales,Sales Representative,0,0,0.09488122554025553,9.49,Thap,2,It tham nien - Khoi luong cong viec thap
1629,2025-01-01,Human Resources,Recruiter,0,0,0.06980348487645381,6.98,Thap,2,It tham nien - Khoi luong cong viec thap
1630,2025-01-01,Information Technology,Software Engineer,0,0,0.1005950575128069,10.06,Thap,3,Cap bac cao - thu nhap cao
1631,2025-01-01,Finance,Financial Analyst,0,0,0.06906806766838339,6.91,Thap,1,Khoi luong cong viec cao - uu tien giu chan
1636,2025-01-01,Marketing,Marketing Manager,0,0,0.10125449650724301,10.13,Thap,3,Cap bac cao - thu nhap cao
1639,2025-01-01,Operations,Procurement Specialist,0,0,0.036769954139891446,3.68,Thap,2,It tham nien - Khoi luong cong viec thap
1640,2025-01-01,Marketing,Marketing Executive,0,0,0.0364280735560277,3.64,Thap,0,Lau nam - thang tien cham
1642,2025-01-01,Marketing,Marketing Manager,0,0,0.035748054838997234,3.57,Thap,2,It tham nien - Khoi luong cong viec thap
1643,2025-01-01,Finance,Financial Analyst,0,0,0.05231437306579856,5.23,Thap,2,It tham nien - Khoi luong cong viec thap
1645,2025-01-01,Marketing,Marketing Manager,0,0,0.09354757608483823,9.35,Thap,2,It tham nien - Khoi luong cong viec thap
1646,2025-01-01,Human Resources,C&B Specialist,0,1,0.1861498084227785,18.61,Trung binh,1,Khoi luong cong viec cao - uu tien giu chan
1647,2025-01-01,Human Resources,HR Executive,0,0,0.13786242512240954,13.79,Thap,1,Khoi luong cong viec cao - uu tien giu chan
1648,2025-01-01,Information Technology,QA Engineer,0,1,0.18909747333746293,18.91,Trung binh,2,It tham nien - Khoi luong cong viec thap
1649,2025-01-01,Finance,Finance Manager,0,1,0.20859227833800462,20.86,Trung binh,0,Lau nam - thang tien cham
1651,2025-01-01,Human Resources,HR Manager,0,0,0.07257080797713758,7.26,Thap,2,It tham nien - Khoi luong cong viec thap
1655,2025-01-01,Operations,Warehouse Supervisor,0,1,0.18917532763178105,18.92,Trung binh,2,It tham nien - Khoi luong cong viec thap
1657,2025-01-01,Information Technology,Software Engineer,0,0,0.03866653426298096,3.87,Thap,2,It tham nien - Khoi luong cong viec thap
1659,2025-01-01,Operations,Operations Manager,0,1,0.1982257099891159,19.82,Trung binh,2,It tham nien - Khoi luong cong viec thap
1663,2025-01-01,Operations,Operations Executive,0,0,0.12188436001026699,12.19,Thap,2,It tham nien - Khoi luong cong viec thap
1665,2025-01-01,Information Technology,IT Support,0,0,0.07399850658786603,7.4,Thap,2,It tham nien - Khoi luong cong viec thap
1670,2025-01-01,Human Resources,C&B Specialist,1,0,0.019664172518513212,1.97,Thap,2,It tham nien - Khoi luong cong viec thap
1673,2025-01-01,Human Resources,Recruiter,1,0,0.13629452153749883,13.63,Thap,0,Lau nam - thang tien cham
1676,2025-01-01,Sales,Account Manager,0,1,0.17024534984674108,17.02,Trung binh,3,Cap bac cao - thu nhap cao
1678,2025-01-01,Operations,Operations Executive,0,0,0.15516075426523576,15.52,Thap,1,Khoi luong cong viec cao - uu tien giu chan
1679,2025-01-01,Information Technology,System Administrator,0,1,0.18663667904671294,18.66,Trung binh,1,Khoi luong cong viec cao - uu tien giu chan
1680,2025-01-01,Information Technology,Data Analyst,1,1,0.17166789543802718,17.17,Trung binh,1,Khoi luong cong viec cao - uu tien giu chan
1684,2025-01-01,Human Resources,HR Manager,0,1,0.1705580706139044,17.06,Trung binh,2,It tham nien - Khoi luong cong viec thap
1686,2025-01-01,Marketing,Content Specialist,0,0,0.03285840199847,3.29,Thap,2,It tham nien - Khoi luong cong viec thap
1687,2025-01-01,Marketing,Marketing Manager,0,0,0.13984387185247205,13.98,Thap,0,Lau nam - thang tien cham
1688,2025-01-01,Operations,Operations Executive,0,0,0.09068765090730167,9.07,Thap,3,Cap bac cao - thu nhap cao
1692,2025-01-01,Human Resources,HR Executive,0,0,0.0744428297964348,7.44,Thap,2,It tham nien - Khoi luong cong viec thap
1694,2025-01-01,Sales,Sales Supervisor,0,0,0.016496206533593027,1.65,Thap,2,It tham nien - Khoi luong cong viec thap
1698,2025-01-01,Finance,Accountant,0,0,0.09197040673862274,9.2,Thap,2,It tham nien - Khoi luong cong viec thap
1699,2025-01-01,Finance,Internal Auditor,0,0,0.12659521208957383,12.66,Thap,1,Khoi luong cong viec cao - uu tien giu chan
1701,2025-01-01,Sales,Sales Representative,0,1,0.2146416224552364,21.46,Trung binh,1,Khoi luong cong viec cao - uu tien giu chan
1703,2025-01-01,Operations,Procurement Specialist,0,1,0.18852836590838584,18.85,Trung binh,2,It tham nien - Khoi luong cong viec thap
1705,2025-01-01,Information Technology,Data Analyst,0,0,0.07047169933905847,7.05,Thap,3,Cap bac cao - thu nhap cao
1708,2025-01-01,Information Technology,Software Engineer,0,0,0.09664516853149208,9.66,Thap,2,It tham nien - Khoi luong cong viec thap
1709,2025-01-01,Marketing,Marketing Manager,1,0,0.1399593046768283,14.0,Thap,2,It tham nien - Khoi luong cong viec thap
1711,2025-01-01,Information Technology,IT Support,0,0,0.09098620676801814,9.1,Thap,2,It tham nien - Khoi luong cong viec thap
1717,2025-01-01,Sales,Sales Representative,1,0,0.13033801600622566,13.03,Thap,1,Khoi luong cong viec cao - uu tien giu chan
1718,2025-01-01,Sales,Account Manager,0,0,0.1158669130073238,11.59,Thap,1,Khoi luong cong viec cao - uu tien giu chan
1727,2025-01-01,Sales,Sales Representative,0,0,0.15831741168746374,15.83,Thap,0,Lau nam - thang tien cham
1728,2025-01-01,Sales,Account Manager,1,0,0.13632482027204987,13.63,Thap,1,Khoi luong cong viec cao - uu tien giu chan
1729,2025-01-01,Information Technology,Data Analyst,0,1,0.28850767890184215,28.85,Trung binh,1,Khoi luong cong viec cao - uu tien giu chan
1730,2025-01-01,Sales,Sales Representative,0,0,0.14517242625701302,14.52,Thap,2,It tham nien - Khoi luong cong viec thap
1731,2025-01-01,Human Resources,Recruiter,0,0,0.11461841636389276,11.46,Thap,2,It tham nien - Khoi luong cong viec thap
1733,2025-01-01,Sales,Sales Representative,0,1,0.17273948932611002,17.27,Trung binh,3,Cap bac cao - thu nhap cao
1734,2025-01-01,Sales,Sales Supervisor,0,0,0.1524562051299219,15.25,Thap,2,It tham nien - Khoi luong cong viec thap
1743,2025-01-01,Marketing,Marketing Manager,0,0,0.07268706668807805,7.27,Thap,0,Lau nam - thang tien cham
1745,2025-01-01,Finance,Accountant,0,0,0.04246712949929536,4.25,Thap,0,Lau nam - thang tien cham
1747,2025-01-01,Marketing,Marketing Executive,0,0,0.07115324857593254,7.12,Thap,3,Cap bac cao - thu nhap cao
1749,2025-01-01,Marketing,Digital Marketing Specialist,0,0,0.07479547884767428,7.48,Thap,3,Cap bac cao - thu nhap cao
1751,2025-01-01,Human Resources,HR Executive,0,0,0.13574643977778098,13.57,Thap,3,Cap bac cao - thu nhap cao
1752,2025-01-01,Marketing,Marketing Manager,0,0,0.14967498187907277,14.97,Thap,2,It tham nien - Khoi luong cong viec thap
1760,2025-01-01,Human Resources,C&B Specialist,0,1,0.22249744006633912,22.25,Trung binh,3,Cap bac cao - thu nhap cao
1761,2025-01-01,Marketing,Marketing Manager,0,1,0.1842324994252913,18.42,Trung binh,2,It tham nien - Khoi luong cong viec thap
1762,2025-01-01,Operations,Operations Manager,0,0,0.10825201871818488,10.83,Thap,3,Cap bac cao - thu nhap cao
1764,2025-01-01,Human Resources,HR Manager,0,0,0.14038567334466226,14.04,Thap,2,It tham nien - Khoi luong cong viec thap
1765,2025-01-01,Sales,Sales Executive,0,0,0.11693140371874797,11.69,Thap,1,Khoi luong cong viec cao - uu tien giu chan
1767,2025-01-01,Marketing,Marketing Executive,0,1,0.16392812511194435,16.39,Trung binh,1,Khoi luong cong viec cao - uu tien giu chan
1768,2025-01-01,Operations,Warehouse Supervisor,1,1,0.2033793139412297,20.34,Trung binh,2,It tham nien - Khoi luong cong viec thap
1771,2025-01-01,Marketing,Marketing Executive,1,1,0.18128402379428407,18.13,Trung binh,2,It tham nien - Khoi luong cong viec thap
1773,2025-01-01,Human Resources,HR Manager,0,0,0.03560097429520506,3.56,Thap,0,Lau nam - thang tien cham
1774,2025-01-01,Marketing,Content Specialist,0,0,0.11061670710015366,11.06,Thap,1,Khoi luong cong viec cao - uu tien giu chan
1775,2025-01-01,Sales,Account Manager,0,0,0.11433374654138377,11.43,Thap,2,It tham nien - Khoi luong cong viec thap
1778,2025-01-01,Information Technology,Data Analyst,0,1,0.24098893164593183,24.1,Trung binh,1,Khoi luong cong viec cao - uu tien giu chan
1781,2025-01-01,Operations,Warehouse Supervisor,0,0,0.08028033861343448,8.03,Thap,3,Cap bac cao - thu nhap cao
1787,2025-01-01,Information Technology,IT Support,1,0,0.11408031605837665,11.41,Thap,1,Khoi luong cong viec cao - uu tien giu chan
1790,2025-01-01,Information Technology,Software Engineer,1,0,0.055136984214463405,5.51,Thap,2,It tham nien - Khoi luong cong viec thap
1792,2025-01-01,Information Technology,Software Engineer,0,0,0.08213632779799039,8.21,Thap,0,Lau nam - thang tien cham
1796,2025-01-01,Operations,Operations Manager,0,0,0.13544458125362435,13.54,Thap,2,It tham nien - Khoi luong cong viec thap
1798,2025-01-01,Sales,Sales Executive,0,1,0.16495126000761837,16.5,Trung binh,1,Khoi luong cong viec cao - uu tien giu chan
1799,2025-01-01,Finance,Finance Manager,0,0,0.07364934491827788,7.36,Thap,2,It tham nien - Khoi luong cong viec thap
1802,2025-01-01,Marketing,Marketing Executive,1,0,0.13162347763407672,13.16,Thap,3,Cap bac cao - thu nhap cao
1805,2025-01-01,Human Resources,Recruiter,1,1,0.2854737223984085,28.55,Trung binh,1,Khoi luong cong viec cao - uu tien giu chan
1808,2025-01-01,Marketing,Content Specialist,0,0,0.10274342940928925,10.27,Thap,2,It tham nien - Khoi luong cong viec thap
1815,2025-01-01,Marketing,Marketing Executive,0,1,0.16580908759543778,16.58,Trung binh,2,It tham nien - Khoi luong cong viec thap
1818,2025-01-01,Information Technology,Software Engineer,0,0,0.09920101482093104,9.92,Thap,2,It tham nien - Khoi luong cong viec thap
1820,2025-01-01,Information Technology,QA Engineer,0,1,0.21448889766865414,21.45,Trung binh,1,Khoi luong cong viec cao - uu tien giu chan
1824,2025-01-01,Finance,Internal Auditor,0,0,0.12075893939821274,12.08,Thap,3,Cap bac cao - thu nhap cao
1829,2025-01-01,Information Technology,IT Support,0,1,0.17606065232754378,17.61,Trung binh,3,Cap bac cao - thu nhap cao
1833,2025-01-01,Finance,Finance Manager,0,1,0.1621788173144903,16.22,Trung binh,2,It tham nien - Khoi luong cong viec thap
1837,2025-01-01,Marketing,Content Specialist,1,1,0.20090662779873514,20.09,Trung binh,3,Cap bac cao - thu nhap cao
1838,2025-01-01,Information Technology,IT Support,0,0,0.1073829228700274,10.74,Thap,0,Lau nam - thang tien cham
1839,2025-01-01,Human Resources,HR Executive,0,0,0.061483700113814856,6.15,Thap,2,It tham nien - Khoi luong cong viec thap
1843,2025-01-01,Marketing,Marketing Executive,0,1,0.2307968658652649,23.08,Trung binh,3,Cap bac cao - thu nhap cao
1847,2025-01-01,Sales,Sales Supervisor,0,0,0.11426388827191615,11.43,Thap,3,Cap bac cao - thu nhap cao
1848,2025-01-01,Finance,Finance Manager,1,0,0.0,0.0,Thap,2,It tham nien - Khoi luong cong viec thap
1850,2025-01-01,Sales,Sales Supervisor,1,1,0.19989561823784782,19.99,Trung binh,3,Cap bac cao - thu nhap cao
1851,2025-01-01,Information Technology,Software Engineer,1,0,0.09509326979635217,9.51,Thap,1,Khoi luong cong viec cao - uu tien giu chan
1852,2025-01-01,Sales,Sales Representative,0,0,0.0734503499705457,7.35,Thap,2,It tham nien - Khoi luong cong viec thap
1854,2025-01-01,Information Technology,QA Engineer,0,0,0.09423521504756117,9.42,Thap,3,Cap bac cao - thu nhap cao
1857,2025-01-01,Sales,Sales Representative,0,0,0.10022964661000598,10.02,Thap,0,Lau nam - thang tien cham
1859,2025-01-01,Information Technology,Data Analyst,0,0,0.11443381421028581,11.44,Thap,2,It tham nien - Khoi luong cong viec thap
1861,2025-01-01,Information Technology,Software Engineer,0,1,0.19010107893466616,19.01,Trung binh,1,Khoi luong cong viec cao - uu tien giu chan
1865,2025-01-01,Marketing,Marketing Executive,1,1,0.20793026374022092,20.79,Trung binh,3,Cap bac cao - thu nhap cao
1872,2025-01-01,Sales,Sales Representative,0,0,0.10846821471719109,10.85,Thap,0,Lau nam - thang tien cham
1875,2025-01-01,Sales,Sales Executive,1,1,0.17148979822731783,17.15,Trung binh,1,Khoi luong cong viec cao - uu tien giu chan
1878,2025-01-01,Information Technology,System Administrator,0,0,0.05670083477313912,5.67,Thap,2,It tham nien - Khoi luong cong viec thap
1883,2025-01-01,Finance,Accountant,0,1,0.3119173703675425,31.19,Cao,1,Khoi luong cong viec cao - uu tien giu chan
1884,2025-01-01,Sales,Account Manager,0,0,0.058715590371447884,5.87,Thap,2,It tham nien - Khoi luong cong viec thap
1886,2025-01-01,Information Technology,System Administrator,0,0,0.15174370821489203,15.17,Thap,3,Cap bac cao - thu nhap cao
1887,2025-01-01,Marketing,Marketing Executive,0,0,0.08124928771319583,8.12,Thap,2,It tham nien - Khoi luong cong viec thap
1889,2025-01-01,Information Technology,QA Engineer,0,0,0.1359887569245873,13.6,Thap,3,Cap bac cao - thu nhap cao
1891,2025-01-01,Finance,Internal Auditor,0,0,0.15550186567641122,15.55,Thap,2,It tham nien - Khoi luong cong viec thap
1892,2025-01-01,Sales,Sales Executive,0,0,0.13935111452383192,13.94,Thap,3,Cap bac cao - thu nhap cao
1894,2025-01-01,Finance,Financial Analyst,0,0,0.09090843294984699,9.09,Thap,2,It tham nien - Khoi luong cong viec thap
1895,2025-01-01,Information Technology,Data Analyst,0,0,0.07698624433124486,7.7,Thap,3,Cap bac cao - thu nhap cao
1900,2025-01-01,Information Technology,System Administrator,0,1,0.1906977901161571,19.07,Trung binh,0,Lau nam - thang tien cham
1901,2025-01-01,Finance,Internal Auditor,0,0,0.0538957895855373,5.39,Thap,2,It tham nien - Khoi luong cong viec thap
1903,2025-01-01,Finance,Financial Analyst,0,1,0.2216642193731035,22.17,Trung binh,1,Khoi luong cong viec cao - uu tien giu chan
1905,2025-01-01,Finance,Financial Analyst,1,0,0.15854011321386713,15.85,Thap,0,Lau nam - thang tien cham
1906,2025-01-01,Information Technology,Software Engineer,0,0,0.07815559571787949,7.82,Thap,2,It tham nien - Khoi luong cong viec thap
1909,2025-01-01,Marketing,Marketing Executive,0,0,0.05702802686135307,5.7,Thap,2,It tham nien - Khoi luong cong viec thap
1910,2025-01-01,Information Technology,IT Support,0,0,0.10466983039310397,10.47,Thap,2,It tham nien - Khoi luong cong viec thap
1912,2025-01-01,Operations,Operations Manager,1,1,0.16279828504906949,16.28,Trung binh,1,Khoi luong cong viec cao - uu tien giu chan
1914,2025-01-01,Marketing,Marketing Executive,0,0,0.07253600335177819,7.25,Thap,2,It tham nien - Khoi luong cong viec thap
1916,2025-01-01,Information Technology,QA Engineer,0,0,0.12066966274076338,12.07,Thap,0,Lau nam - thang tien cham
1917,2025-01-01,Human Resources,HR Executive,0,0,0.0806643069613386,8.07,Thap,0,Lau nam - thang tien cham
1919,2025-01-01,Human Resources,Recruiter,0,0,0.14379783905990579,14.38,Thap,3,Cap bac cao - thu nhap cao
1921,2025-01-01,Sales,Sales Executive,0,0,0.11447599150428822,11.45,Thap,0,Lau nam - thang tien cham
1922,2025-01-01,Marketing,Marketing Manager,0,1,0.17433843310989544,17.43,Trung binh,2,It tham nien - Khoi luong cong viec thap
1923,2025-01-01,Sales,Account Manager,0,0,0.06772337858195203,6.77,Thap,2,It tham nien - Khoi luong cong viec thap
1924,2025-01-01,Marketing,Content Specialist,0,1,0.21889498385720588,21.89,Trung binh,1,Khoi luong cong viec cao - uu tien giu chan
1926,2025-01-01,Human Resources,HR Manager,0,0,0.07840248416653632,7.84,Thap,2,It tham nien - Khoi luong cong viec thap
1927,2025-01-01,Marketing,Content Specialist,1,1,0.17060861534232924,17.06,Trung binh,2,It tham nien - Khoi luong cong viec thap
1930,2025-01-01,Sales,Account Manager,0,0,0.12133686087152705,12.13,Thap,3,Cap bac cao - thu nhap cao
1931,2025-01-01,Information Technology,IT Support,0,0,0.06771128750987787,6.77,Thap,2,It tham nien - Khoi luong cong viec thap
1934,2025-01-01,Human Resources,HR Executive,0,1,0.2711517403505007,27.12,Trung binh,0,Lau nam - thang tien cham
1935,2025-01-01,Finance,Accountant,1,1,0.2533736803413007,25.34,Trung binh,3,Cap bac cao - thu nhap cao
1937,2025-01-01,Finance,Finance Manager,0,0,0.11922966231655849,11.92,Thap,2,It tham nien - Khoi luong cong viec thap
1938,2025-01-01,Sales,Account Manager,0,0,0.05879581140357972,5.88,Thap,2,It tham nien - Khoi luong cong viec thap
1939,2025-01-01,Human Resources,HR Executive,1,0,0.1300960143263046,13.01,Thap,1,Khoi luong cong viec cao - uu tien giu chan
1940,2025-01-01,Operations,Operations Executive,1,1,0.17612957477663613,17.61,Trung binh,3,Cap bac cao - thu nhap cao
1942,2025-01-01,Information Technology,IT Support,0,0,0.03963925299205926,3.96,Thap,2,It tham nien - Khoi luong cong viec thap
1943,2025-01-01,Sales,Account Manager,0,1,0.19863951237662414,19.86,Trung binh,2,It tham nien - Khoi luong cong viec thap
1946,2025-01-01,Operations,Operations Manager,0,1,0.28941894108695304,28.94,Trung binh,2,It tham nien - Khoi luong cong viec thap
1949,2025-01-01,Finance,Finance Manager,1,0,0.1455955616910277,14.56,Thap,3,Cap bac cao - thu nhap cao
1950,2025-01-01,Sales,Sales Supervisor,0,1,0.16396558430946384,16.4,Trung binh,2,It tham nien - Khoi luong cong viec thap
1951,2025-01-01,Operations,Warehouse Supervisor,0,1,0.2063227319318318,20.63,Trung binh,0,Lau nam - thang tien cham
1954,2025-01-01,Operations,Operations Manager,0,1,0.20734495912340312,20.73,Trung binh,1,Khoi luong cong viec cao - uu tien giu chan
1955,2025-01-01,Finance,Internal Auditor,0,1,0.21660005577001074,21.66,Trung binh,3,Cap bac cao - thu nhap cao
1956,2025-01-01,Human Resources,HR Executive,0,1,0.16414219207848035,16.41,Trung binh,1,Khoi luong cong viec cao - uu tien giu chan
1958,2025-01-01,Sales,Sales Representative,0,0,0.13686401652346275,13.69,Thap,1,Khoi luong cong viec cao - uu tien giu chan
1962,2025-01-01,Operations,Operations Manager,1,1,0.37914914631052404,37.91,Cao,1,Khoi luong cong viec cao - uu tien giu chan
1964,2025-01-01,Sales,Sales Supervisor,1,1,0.4319042681961295,43.19,Cao,1,Khoi luong cong viec cao - uu tien giu chan
1965,2025-01-01,Marketing,Marketing Manager,0,0,0.09657971766482298,9.66,Thap,2,It tham nien - Khoi luong cong viec thap
1966,2025-01-01,Finance,Financial Analyst,0,0,0.11740230176774089,11.74,Thap,3,Cap bac cao - thu nhap cao
1967,2025-01-01,Information Technology,IT Support,0,0,0.08083090008116947,8.08,Thap,3,Cap bac cao - thu nhap cao
1968,2025-01-01,Human Resources,HR Executive,0,0,0.0885685213831417,8.86,Thap,2,It tham nien - Khoi luong cong viec thap
1969,2025-01-01,Human Resources,Recruiter,0,1,0.18415421652592384,18.42,Trung binh,0,Lau nam - thang tien cham
1970,2025-01-01,Sales,Sales Representative,0,0,0.08082663747136047,8.08,Thap,2,It tham nien - Khoi luong cong viec thap
1971,2025-01-01,Marketing,Digital Marketing Specialist,0,0,0.07667024885886244,7.67,Thap,0,Lau nam - thang tien cham
1973,2025-01-01,Marketing,Digital Marketing Specialist,0,0,0.10155964689230887,10.16,Thap,2,It tham nien - Khoi luong cong viec thap
1974,2025-01-01,Human Resources,HR Manager,0,0,0.13418153309401662,13.42,Thap,1,Khoi luong cong viec cao - uu tien giu chan
1975,2025-01-01,Operations,Warehouse Supervisor,1,1,0.4191393560061854,41.91,Cao,1,Khoi luong cong viec cao - uu tien giu chan
1976,2025-01-01,Human Resources,Recruiter,0,1,0.2136786813849676,21.37,Trung binh,3,Cap bac cao - thu nhap cao
1977,2025-01-01,Operations,Procurement Specialist,0,1,0.2665513230449113,26.66,Trung binh,1,Khoi luong cong viec cao - uu tien giu chan
1979,2025-01-01,Human Resources,HR Manager,0,1,0.18484030878406527,18.48,Trung binh,2,It tham nien - Khoi luong cong viec thap
1980,2025-01-01,Sales,Sales Representative,1,0,0.11637496442896747,11.64,Thap,0,Lau nam - thang tien cham
1983,2025-01-01,Finance,Internal Auditor,0,0,0.11018039233325573,11.02,Thap,2,It tham nien - Khoi luong cong viec thap
1984,2025-01-01,Human Resources,HR Manager,0,0,0.10000381834209995,10.0,Thap,1,Khoi luong cong viec cao - uu tien giu chan
1986,2025-01-01,Marketing,Marketing Executive,0,0,0.05521138674038168,5.52,Thap,3,Cap bac cao - thu nhap cao
1987,2025-01-01,Sales,Sales Executive,0,0,0.10370807259354603,10.37,Thap,2,It tham nien - Khoi luong cong viec thap
1990,2025-01-01,Operations,Operations Executive,0,0,0.06033736641615099,6.03,Thap,0,Lau nam - thang tien cham
1992,2025-01-01,Information Technology,IT Support,0,0,0.08671044049318477,8.67,Thap,0,Lau nam - thang tien cham
1993,2025-01-01,Human Resources,Recruiter,0,0,0.11530505407093065,11.53,Thap,2,It tham nien - Khoi luong cong viec thap
1994,2025-01-01,Sales,Sales Representative,0,1,0.1681553349939345,16.82,Trung binh,2,It tham nien - Khoi luong cong viec thap
1997,2025-01-01,Sales,Sales Representative,0,1,0.33882529115293736,33.88,Cao,1,Khoi luong cong viec cao - uu tien giu chan
2000,2025-01-01,Information Technology,Data Analyst,0,0,0.07482729426424302,7.48,Thap,3,Cap bac cao - thu nhap cao
2001,2025-01-01,Human Resources,C&B Specialist,0,0,0.03693547387200033,3.69,Thap,3,Cap bac cao - thu nhap cao
2003,2025-01-01,Finance,Finance Manager,0,0,0.07807855601284118,7.81,Thap,2,It tham nien - Khoi luong cong viec thap
2005,2025-01-01,Marketing,Marketing Manager,0,1,0.19783133176087184,19.78,Trung binh,1,Khoi luong cong viec cao - uu tien giu chan
2007,2025-01-01,Sales,Sales Supervisor,0,1,0.19877459291561245,19.88,Trung binh,0,Lau nam - thang tien cham
2008,2025-01-01,Human Resources,Recruiter,0,0,0.09280464103572869,9.28,Thap,3,Cap bac cao - thu nhap cao
2009,2025-01-01,Sales,Sales Executive,0,0,0.11212615965873671,11.21,Thap,0,Lau nam - thang tien cham
2011,2025-01-01,Marketing,Marketing Manager,0,0,0.0759078169294845,7.59,Thap,2,It tham nien - Khoi luong cong viec thap
2013,2025-01-01,Marketing,Marketing Manager,0,0,0.05695727776122415,5.7,Thap,2,It tham nien - Khoi luong cong viec thap
2019,2025-01-01,Human Resources,C&B Specialist,0,0,0.09012868528449389,9.01,Thap,3,Cap bac cao - thu nhap cao
2024,2025-01-01,Human Resources,HR Executive,0,0,0.12977336830041666,12.98,Thap,2,It tham nien - Khoi luong cong viec thap
2025,2025-01-01,Information Technology,System Administrator,0,0,0.11144383829493747,11.14,Thap,1,Khoi luong cong viec cao - uu tien giu chan
2027,2025-01-01,Finance,Finance Manager,0,0,0.06351352419155273,6.35,Thap,2,It tham nien - Khoi luong cong viec thap
2029,2025-01-01,Information Technology,System Administrator,0,0,0.09347826128314048,9.35,Thap,2,It tham nien - Khoi luong cong viec thap
2030,2025-01-01,Finance,Finance Manager,0,0,0.11236489646371847,11.24,Thap,2,It tham nien - Khoi luong cong viec thap
2031,2025-01-01,Human Resources,HR Executive,0,0,0.10932919803072508,10.93,Thap,2,It tham nien - Khoi luong cong viec thap
2033,2025-01-01,Information Technology,Data Analyst,0,0,0.016825387224915715,1.68,Thap,2,It tham nien - Khoi luong cong viec thap
2037,2025-01-01,Information Technology,Software Engineer,0,0,0.14321220623613387,14.32,Thap,1,Khoi luong cong viec cao - uu tien giu chan
2041,2025-01-01,Information Technology,IT Support,0,0,0.09259754298252898,9.26,Thap,2,It tham nien - Khoi luong cong viec thap
2043,2025-01-01,Marketing,Content Specialist,1,0,0.13042239264944194,13.04,Thap,1,Khoi luong cong viec cao - uu tien giu chan
2049,2025-01-01,Operations,Warehouse Supervisor,0,0,0.07917283498467659,7.92,Thap,2,It tham nien - Khoi luong cong viec thap
2050,2025-01-01,Finance,Financial Analyst,0,0,0.153778472430273,15.38,Thap,2,It tham nien - Khoi luong cong viec thap
2052,2025-01-01,Marketing,Content Specialist,0,0,0.0752436285013623,7.52,Thap,2,It tham nien - Khoi luong cong viec thap
2053,2025-01-01,Finance,Accountant,0,0,0.08683659213918454,8.68,Thap,2,It tham nien - Khoi luong cong viec thap
2055,2025-01-01,Marketing,Marketing Executive,0,0,0.037837296566838985,3.78,Thap,2,It tham nien - Khoi luong cong viec thap
2056,2025-01-01,Marketing,Marketing Manager,0,0,0.09775732225296745,9.78,Thap,3,Cap bac cao - thu nhap cao
2057,2025-01-01,Operations,Procurement Specialist,0,0,0.03953670709539811,3.95,Thap,2,It tham nien - Khoi luong cong viec thap
2059,2025-01-01,Sales,Sales Executive,0,0,0.10920201784477629,10.92,Thap,1,Khoi luong cong viec cao - uu tien giu chan
2064,2025-01-01,Operations,Operations Executive,0,0,0.1306316344829384,13.06,Thap,1,Khoi luong cong viec cao - uu tien giu chan
2065,2025-01-01,Finance,Financial Analyst,0,0,0.15159538027177605,15.16,Thap,2,It tham nien - Khoi luong cong viec thap
2067,2025-01-01,Human Resources,HR Executive,0,0,0.1539369582776684,15.39,Thap,1,Khoi luong cong viec cao - uu tien giu chan
2069,2025-01-01,Finance,Finance Manager,0,0,0.0721029653364028,7.21,Thap,1,Khoi luong cong viec cao - uu tien giu chan
2071,2025-01-01,Information Technology,System Administrator,0,1,0.21345416022526917,21.35,Trung binh,1,Khoi luong cong viec cao - uu tien giu chan
2073,2025-01-01,Sales,Sales Executive,0,0,0.07325879019574845,7.33,Thap,2,It tham nien - Khoi luong cong viec thap
2078,2025-01-01,Operations,Operations Executive,1,1,0.19116607840102684,19.12,Trung binh,1,Khoi luong cong viec cao - uu tien giu chan
2080,2025-01-01,Operations,Warehouse Supervisor,0,1,0.25165173412442654,25.17,Trung binh,2,It tham nien - Khoi luong cong viec thap
2083,2025-01-01,Information Technology,Software Engineer,0,0,0.13054006426073786,13.05,Thap,0,Lau nam - thang tien cham
2084,2025-01-01,Operations,Warehouse Supervisor,0,1,0.24936362411327972,24.94,Trung binh,1,Khoi luong cong viec cao - uu tien giu chan
2089,2025-01-01,Sales,Sales Representative,0,0,0.06724503880014841,6.72,Thap,2,It tham nien - Khoi luong cong viec thap
2096,2025-01-01,Operations,Operations Executive,1,1,0.22055475248537912,22.06,Trung binh,2,It tham nien - Khoi luong cong viec thap
2098,2025-01-01,Marketing,Marketing Executive,0,0,0.05363813858209513,5.36,Thap,2,It tham nien - Khoi luong cong viec thap
2099,2025-01-01,Operations,Warehouse Supervisor,0,0,0.13164701981409752,13.16,Thap,2,It tham nien - Khoi luong cong viec thap
2101,2025-01-01,Sales,Account Manager,0,0,0.11602209040776001,11.6,Thap,1,Khoi luong cong viec cao - uu tien giu chan
2102,2025-01-01,Sales,Sales Representative,0,0,0.1290438569942211,12.9,Thap,0,Lau nam - thang tien cham
2103,2025-01-01,Sales,Account Manager,0,0,0.1169859278945514,11.7,Thap,2,It tham nien - Khoi luong cong viec thap
2106,2025-01-01,Information Technology,Data Analyst,0,0,0.08365112010719504,8.37,Thap,1,Khoi luong cong viec cao - uu tien giu chan
2107,2025-01-01,Human Resources,Recruiter,0,0,0.11872247045021074,11.87,Thap,1,Khoi luong cong viec cao - uu tien giu chan
2109,2025-01-01,Information Technology,Software Engineer,0,0,0.055764000969046865,5.58,Thap,2,It tham nien - Khoi luong cong viec thap
2112,2025-01-01,Operations,Procurement Specialist,0,1,0.20697960415769587,20.7,Trung binh,1,Khoi luong cong viec cao - uu tien giu chan
2114,2025-01-01,Marketing,Digital Marketing Specialist,0,1,0.1881067294203745,18.81,Trung binh,1,Khoi luong cong viec cao - uu tien giu chan
2117,2025-01-01,Sales,Account Manager,0,1,0.22013870044140255,22.01,Trung binh,2,It tham nien - Khoi luong cong viec thap
2118,2025-01-01,Information Technology,Software Engineer,0,0,0.0724315646962403,7.24,Thap,0,Lau nam - thang tien cham
2120,2025-01-01,Operations,Warehouse Supervisor,0,1,0.1932807780834916,19.33,Trung binh,1,Khoi luong cong viec cao - uu tien giu chan
2121,2025-01-01,Marketing,Digital Marketing Specialist,0,1,0.23209737735664152,23.21,Trung binh,0,Lau nam - thang tien cham
2124,2025-01-01,Finance,Finance Manager,0,0,0.05819300159319241,5.82,Thap,2,It tham nien - Khoi luong cong viec thap
2125,2025-01-01,Operations,Procurement Specialist,1,1,0.25465232223804063,25.47,Trung binh,1,Khoi luong cong viec cao - uu tien giu chan
2127,2025-01-01,Sales,Sales Representative,0,0,0.10487832837708772,10.49,Thap,2,It tham nien - Khoi luong cong viec thap
2130,2025-01-01,Operations,Operations Manager,0,0,0.09171721937272548,9.17,Thap,3,Cap bac cao - thu nhap cao
2135,2025-01-01,Marketing,Content Specialist,0,0,0.11068114291108719,11.07,Thap,2,It tham nien - Khoi luong cong viec thap
2136,2025-01-01,Human Resources,HR Executive,0,0,0.06214830522476435,6.21,Thap,2,It tham nien - Khoi luong cong viec thap
2137,2025-01-01,Finance,Internal Auditor,0,1,0.20161544671606593,20.16,Trung binh,1,Khoi luong cong viec cao - uu tien giu chan
2139,2025-01-01,Information Technology,QA Engineer,0,0,0.06666494702277095,6.67,Thap,2,It tham nien - Khoi luong cong viec thap
2140,2025-01-01,Operations,Operations Executive,0,0,0.05713881679342677,5.71,Thap,3,Cap bac cao - thu nhap cao
2141,2025-01-01,Information Technology,System Administrator,0,1,0.19212665599159778,19.21,Trung binh,2,It tham nien - Khoi luong cong viec thap
2144,2025-01-01,Finance,Accountant,0,0,0.03948351736636275,3.95,Thap,2,It tham nien - Khoi luong cong viec thap
2145,2025-01-01,Information Technology,Software Engineer,0,1,0.22775403428312735,22.78,Trung binh,3,Cap bac cao - thu nhap cao
2151,2025-01-01,Sales,Sales Supervisor,0,1,0.23663510375932037,23.66,Trung binh,0,Lau nam - thang tien cham
2154,2025-01-01,Sales,Sales Executive,0,0,0.07719489431789114,7.72,Thap,2,It tham nien - Khoi luong cong viec thap
2156,2025-01-01,Information Technology,Software Engineer,0,0,0.08400924621708623,8.4,Thap,2,It tham nien - Khoi luong cong viec thap
2158,2025-01-01,Human Resources,Recruiter,0,0,0.12770684626571963,12.77,Thap,2,It tham nien - Khoi luong cong viec thap
2159,2025-01-01,Human Resources,C&B Specialist,0,0,0.06691969484699456,6.69,Thap,2,It tham nien - Khoi luong cong viec thap
2161,2025-01-01,Sales,Sales Supervisor,0,1,0.1630018758478075,16.3,Trung binh,2,It tham nien - Khoi luong cong viec thap
2166,2025-01-01,Operations,Procurement Specialist,0,0,0.036316370816604465,3.63,Thap,0,Lau nam - thang tien cham
2171,2025-01-01,Information Technology,Data Analyst,1,0,0.1484056535942178,14.84,Thap,3,Cap bac cao - thu nhap cao
2172,2025-01-01,Information Technology,IT Support,0,0,0.11566779600773285,11.57,Thap,2,It tham nien - Khoi luong cong viec thap
2175,2025-01-01,Human Resources,HR Manager,1,1,0.19404280772377408,19.4,Trung binh,0,Lau nam - thang tien cham
2176,2025-01-01,Sales,Sales Supervisor,0,0,0.1391977994924659,13.92,Thap,3,Cap bac cao - thu nhap cao
2177,2025-01-01,Marketing,Content Specialist,0,0,0.04675338676658674,4.68,Thap,3,Cap bac cao - thu nhap cao
2178,2025-01-01,Marketing,Content Specialist,0,0,0.14515796883283102,14.52,Thap,2,It tham nien - Khoi luong cong viec thap
2180,2025-01-01,Marketing,Marketing Manager,0,0,0.03702307356289342,3.7,Thap,3,Cap bac cao - thu nhap cao
2182,2025-01-01,Operations,Operations Executive,0,0,0.054851695505970695,5.49,Thap,2,It tham nien - Khoi luong cong viec thap
2183,2025-01-01,Human Resources,HR Executive,0,0,0.10278054556440057,10.28,Thap,1,Khoi luong cong viec cao - uu tien giu chan
2184,2025-01-01,Operations,Operations Manager,0,1,0.16948853713582565,16.95,Trung binh,2,It tham nien - Khoi luong cong viec thap
2188,2025-01-01,Sales,Sales Supervisor,0,1,0.3406585274783832,34.07,Cao,1,Khoi luong cong viec cao - uu tien giu chan
2195,2025-01-01,Marketing,Digital Marketing Specialist,0,0,0.09768647303876866,9.77,Thap,2,It tham nien - Khoi luong cong viec thap
2196,2025-01-01,Marketing,Digital Marketing Specialist,1,0,0.1536745644418129,15.37,Thap,2,It tham nien - Khoi luong cong viec thap
2197,2025-01-01,Sales,Account Manager,0,0,0.14957317586767754,14.96,Thap,2,It tham nien - Khoi luong cong viec thap
2201,2025-01-01,Marketing,Marketing Executive,0,1,0.2788540369800822,27.89,Trung binh,1,Khoi luong cong viec cao - uu tien giu chan
2203,2025-01-01,Finance,Accountant,0,0,0.15617054148027112,15.62,Thap,0,Lau nam - thang tien cham
2207,2025-01-01,Operations,Warehouse Supervisor,0,1,0.25725334110825465,25.73,Trung binh,1,Khoi luong cong viec cao - uu tien giu chan
2210,2025-01-01,Marketing,Content Specialist,1,1,0.2880426312484551,28.8,Trung binh,0,Lau nam - thang tien cham
2211,2025-01-01,Human Resources,HR Manager,0,0,0.08096361880936774,8.1,Thap,2,It tham nien - Khoi luong cong viec thap
2212,2025-01-01,Human Resources,HR Manager,0,0,0.0915661540519792,9.16,Thap,2,It tham nien - Khoi luong cong viec thap
2214,2025-01-01,Marketing,Marketing Manager,0,0,0.10241895489732604,10.24,Thap,1,Khoi luong cong viec cao - uu tien giu chan
2215,2025-01-01,Human Resources,HR Executive,0,0,0.1016154117344701,10.16,Thap,2,It tham nien - Khoi luong cong viec thap
2216,2025-01-01,Operations,Operations Executive,0,0,0.06412696958084425,6.41,Thap,3,Cap bac cao - thu nhap cao
2218,2025-01-01,Information Technology,QA Engineer,0,1,0.16470301060901754,16.47,Trung binh,2,It tham nien - Khoi luong cong viec thap
2221,2025-01-01,Finance,Accountant,1,0,0.054342389785470575,5.43,Thap,2,It tham nien - Khoi luong cong viec thap
2222,2025-01-01,Human Resources,Recruiter,0,0,0.07065134528903237,7.07,Thap,2,It tham nien - Khoi luong cong viec thap
2223,2025-01-01,Information Technology,Software Engineer,0,0,0.0180603784309115,1.81,Thap,2,It tham nien - Khoi luong cong viec thap
2228,2025-01-01,Human Resources,HR Executive,0,0,0.15810417640946575,15.81,Thap,0,Lau nam - thang tien cham
2231,2025-01-01,Information Technology,Data Analyst,0,0,0.0781462887948498,7.81,Thap,2,It tham nien - Khoi luong cong viec thap
2233,2025-01-01,Human Resources,HR Manager,0,0,0.150299727479838,15.03,Thap,1,Khoi luong cong viec cao - uu tien giu chan
2234,2025-01-01,Operations,Warehouse Supervisor,0,0,0.11488808795562427,11.49,Thap,3,Cap bac cao - thu nhap cao
2239,2025-01-01,Operations,Operations Manager,0,1,0.21618276947837745,21.62,Trung binh,3,Cap bac cao - thu nhap cao
2243,2025-01-01,Marketing,Marketing Executive,0,1,0.19798086494401773,19.8,Trung binh,1,Khoi luong cong viec cao - uu tien giu chan
2244,2025-01-01,Operations,Procurement Specialist,0,1,0.38987856313412517,38.99,Cao,1,Khoi luong cong viec cao - uu tien giu chan
2248,2025-01-01,Finance,Finance Manager,0,0,0.05284271697136487,5.28,Thap,2,It tham nien - Khoi luong cong viec thap
2250,2025-01-01,Marketing,Marketing Executive,0,0,0.044890172419881864,4.49,Thap,2,It tham nien - Khoi luong cong viec thap
2254,2025-01-01,Sales,Sales Supervisor,0,0,0.060385444056065406,6.04,Thap,2,It tham nien - Khoi luong cong viec thap
2256,2025-01-01,Operations,Operations Manager,0,0,0.1587500556556087,15.88,Thap,2,It tham nien - Khoi luong cong viec thap
2259,2025-01-01,Human Resources,Recruiter,0,0,0.07542136016885236,7.54,Thap,2,It tham nien - Khoi luong cong viec thap
2268,2025-01-01,Operations,Operations Manager,1,1,0.17394205885272046,17.39,Trung binh,2,It tham nien - Khoi luong cong viec thap
2270,2025-01-01,Finance,Finance Manager,0,1,0.24991165411260569,24.99,Trung binh,1,Khoi luong cong viec cao - uu tien giu chan
2271,2025-01-01,Information Technology,IT Support,0,1,0.18875318975288488,18.88,Trung binh,0,Lau nam - thang tien cham
2275,2025-01-01,Finance,Finance Manager,0,0,0.11603257294730035,11.6,Thap,2,It tham nien - Khoi luong cong viec thap
2279,2025-01-01,Marketing,Marketing Manager,0,0,0.09276985979603677,9.28,Thap,3,Cap bac cao - thu nhap cao
2283,2025-01-01,Human Resources,HR Executive,0,0,0.0789396935011112,7.89,Thap,2,It tham nien - Khoi luong cong viec thap
2287,2025-01-01,Information Technology,IT Support,0,1,0.16067343728831646,16.07,Trung binh,1,Khoi luong cong viec cao - uu tien giu chan
2291,2025-01-01,Finance,Internal Auditor,0,0,0.06932975326712347,6.93,Thap,2,It tham nien - Khoi luong cong viec thap
2295,2025-01-01,Information Technology,QA Engineer,0,0,0.03501923829126004,3.5,Thap,2,It tham nien - Khoi luong cong viec thap
2297,2025-01-01,Information Technology,IT Support,1,0,0.08888497654053779,8.89,Thap,2,It tham nien - Khoi luong cong viec thap
2299,2025-01-01,Information Technology,IT Support,0,1,0.3589007320887508,35.89,Cao,1,Khoi luong cong viec cao - uu tien giu chan
2302,2025-01-01,Operations,Operations Executive,0,1,0.3090614568811366,30.91,Cao,1,Khoi luong cong viec cao - uu tien giu chan
2304,2025-01-01,Sales,Account Manager,1,0,0.1296186782374443,12.96,Thap,3,Cap bac cao - thu nhap cao
2307,2025-01-01,Operations,Warehouse Supervisor,0,0,0.13008642254546515,13.01,Thap,2,It tham nien - Khoi luong cong viec thap
2311,2025-01-01,Sales,Sales Executive,1,1,0.2768974670411456,27.69,Trung binh,3,Cap bac cao - thu nhap cao
2313,2025-01-01,Sales,Sales Executive,0,0,0.15116644668983054,15.12,Thap,1,Khoi luong cong viec cao - uu tien giu chan
2314,2025-01-01,Marketing,Content Specialist,0,1,0.20710348028198292,20.71,Trung binh,1,Khoi luong cong viec cao - uu tien giu chan
2316,2025-01-01,Sales,Sales Executive,0,0,0.1019695746595187,10.2,Thap,2,It tham nien - Khoi luong cong viec thap
2317,2025-01-01,Marketing,Marketing Executive,0,0,0.15628777120705628,15.63,Thap,2,It tham nien - Khoi luong cong viec thap
2318,2025-01-01,Operations,Procurement Specialist,0,1,0.28104719231753256,28.1,Trung binh,1,Khoi luong cong viec cao - uu tien giu chan
2320,2025-01-01,Finance,Accountant,0,0,0.12627215116662555,12.63,Thap,2,It tham nien - Khoi luong cong viec thap
2321,2025-01-01,Information Technology,IT Support,0,0,0.14514805992712945,14.51,Thap,1,Khoi luong cong viec cao - uu tien giu chan
2323,2025-01-01,Operations,Warehouse Supervisor,0,0,0.1525016980541445,15.25,Thap,3,Cap bac cao - thu nhap cao
2324,2025-01-01,Information Technology,Data Analyst,0,0,0.09696879632139095,9.7,Thap,2,It tham nien - Khoi luong cong viec thap
2326,2025-01-01,Human Resources,Recruiter,0,0,0.037783802190025695,3.78,Thap,2,It tham nien - Khoi luong cong viec thap
2327,2025-01-01,Marketing,Marketing Manager,0,0,0.11092306539855462,11.09,Thap,1,Khoi luong cong viec cao - uu tien giu chan
2328,2025-01-01,Sales,Account Manager,0,1,0.2013490997354599,20.13,Trung binh,1,Khoi luong cong viec cao - uu tien giu chan
2329,2025-01-01,Information Technology,Software Engineer,0,0,0.07220149534716591,7.22,Thap,0,Lau nam - thang tien cham
2330,2025-01-01,Sales,Sales Supervisor,0,0,0.11626792404096152,11.63,Thap,2,It tham nien - Khoi luong cong viec thap
2331,2025-01-01,Human Resources,C&B Specialist,1,0,0.14002921374698585,14.0,Thap,1,Khoi luong cong viec cao - uu tien giu chan
2334,2025-01-01,Sales,Sales Executive,1,0,0.11220952673191066,11.22,Thap,0,Lau nam - thang tien cham
2336,2025-01-01,Sales,Sales Representative,0,0,0.10149788906399637,10.15,Thap,0,Lau nam - thang tien cham
2337,2025-01-01,Finance,Financial Analyst,0,0,0.11189644003805288,11.19,Thap,3,Cap bac cao - thu nhap cao
2340,2025-01-01,Sales,Sales Representative,0,0,0.10907575357184236,10.91,Thap,2,It tham nien - Khoi luong cong viec thap
2344,2025-01-01,Operations,Procurement Specialist,0,0,0.13456133682303092,13.46,Thap,2,It tham nien - Khoi luong cong viec thap
2345,2025-01-01,Sales,Sales Executive,0,0,0.08408097937017542,8.41,Thap,2,It tham nien - Khoi luong cong viec thap
2346,2025-01-01,Operations,Procurement Specialist,0,0,0.05251215207644233,5.25,Thap,0,Lau nam - thang tien cham
2347,2025-01-01,Finance,Financial Analyst,0,1,0.19687857466051362,19.69,Trung binh,0,Lau nam - thang tien cham
2348,2025-01-01,Information Technology,Software Engineer,1,0,0.15093861567707095,15.09,Thap,1,Khoi luong cong viec cao - uu tien giu chan
2349,2025-01-01,Sales,Sales Supervisor,0,0,0.08149562677918598,8.15,Thap,0,Lau nam - thang tien cham
2354,2025-01-01,Sales,Sales Executive,0,1,0.26670139301258255,26.67,Trung binh,1,Khoi luong cong viec cao - uu tien giu chan
2355,2025-01-01,Operations,Operations Manager,0,1,0.16704463083548365,16.7,Trung binh,0,Lau nam - thang tien cham
2364,2025-01-01,Marketing,Content Specialist,0,0,0.11962105247432869,11.96,Thap,2,It tham nien - Khoi luong cong viec thap
2366,2025-01-01,Marketing,Marketing Executive,1,1,0.24468306183008628,24.47,Trung binh,0,Lau nam - thang tien cham
2370,2025-01-01,Operations,Procurement Specialist,0,1,0.1686824742854773,16.87,Trung binh,3,Cap bac cao - thu nhap cao
2373,2025-01-01,Operations,Operations Manager,0,1,0.17098289093971264,17.1,Trung binh,3,Cap bac cao - thu nhap cao
2375,2025-01-01,Operations,Warehouse Supervisor,1,1,0.24806188161909046,24.81,Trung binh,3,Cap bac cao - thu nhap cao
2381,2025-01-01,Human Resources,HR Executive,0,1,0.19038473503561004,19.04,Trung binh,1,Khoi luong cong viec cao - uu tien giu chan
2382,2025-01-01,Human Resources,HR Manager,0,0,0.12795696451026703,12.8,Thap,2,It tham nien - Khoi luong cong viec thap
2386,2025-01-01,Operations,Operations Executive,0,0,0.053349714331960146,5.33,Thap,2,It tham nien - Khoi luong cong viec thap
2387,2025-01-01,Information Technology,QA Engineer,0,1,0.3357660883577041,33.58,Cao,1,Khoi luong cong viec cao - uu tien giu chan
2388,2025-01-01,Finance,Internal Auditor,0,0,0.0713510696689263,7.14,Thap,3,Cap bac cao - thu nhap cao
2392,2025-01-01,Operations,Procurement Specialist,0,0,0.15391185596484544,15.39,Thap,2,It tham nien - Khoi luong cong viec thap
2394,2025-01-01,Sales,Sales Supervisor,0,0,0.09364321150827476,9.36,Thap,2,It tham nien - Khoi luong cong viec thap
2395,2025-01-01,Sales,Sales Executive,1,0,0.10342029488197271,10.34,Thap,1,Khoi luong cong viec cao - uu tien giu chan
2399,2025-01-01,Human Resources,HR Manager,0,0,0.07556141972501682,7.56,Thap,2,It tham nien - Khoi luong cong viec thap
2400,2025-01-01,Information Technology,Data Analyst,0,0,0.11925738886659187,11.93,Thap,0,Lau nam - thang tien cham
2401,2025-01-01,Marketing,Marketing Executive,0,0,0.1148112483722542,11.48,Thap,0,Lau nam - thang tien cham
2403,2025-01-01,Human Resources,HR Executive,0,0,0.143738271246673,14.37,Thap,1,Khoi luong cong viec cao - uu tien giu chan
2406,2025-01-01,Marketing,Marketing Executive,0,0,0.0693769033911865,6.94,Thap,3,Cap bac cao - thu nhap cao
2411,2025-01-01,Information Technology,Software Engineer,0,1,0.2679061316801044,26.79,Trung binh,3,Cap bac cao - thu nhap cao
2412,2025-01-01,Marketing,Content Specialist,0,1,0.2833623930753012,28.34,Trung binh,0,Lau nam - thang tien cham
2413,2025-01-01,Sales,Account Manager,0,1,0.20663749043710722,20.66,Trung binh,1,Khoi luong cong viec cao - uu tien giu chan
2414,2025-01-01,Operations,Procurement Specialist,1,1,0.2351861881988874,23.52,Trung binh,1,Khoi luong cong viec cao - uu tien giu chan
2415,2025-01-01,Information Technology,Software Engineer,0,0,0.11665691239480866,11.67,Thap,2,It tham nien - Khoi luong cong viec thap
2417,2025-01-01,Human Resources,Recruiter,0,1,0.16878366222446012,16.88,Trung binh,3,Cap bac cao - thu nhap cao
2419,2025-01-01,Information Technology,Data Analyst,0,1,0.20006642016128237,20.01,Trung binh,3,Cap bac cao - thu nhap cao
2420,2025-01-01,Marketing,Marketing Manager,0,0,0.08341474690402276,8.34,Thap,3,Cap bac cao - thu nhap cao
2422,2025-01-01,Marketing,Marketing Manager,0,0,0.05735908069093226,5.74,Thap,3,Cap bac cao - thu nhap cao
2423,2025-01-01,Marketing,Marketing Executive,1,0,0.11259319604517222,11.26,Thap,2,It tham nien - Khoi luong cong viec thap
2428,2025-01-01,Sales,Sales Executive,0,0,0.09002744943809714,9.0,Thap,1,Khoi luong cong viec cao - uu tien giu chan
2429,2025-01-01,Human Resources,HR Manager,0,0,0.11629718086427186,11.63,Thap,3,Cap bac cao - thu nhap cao
2430,2025-01-01,Information Technology,Data Analyst,0,0,0.11949165039990706,11.95,Thap,2,It tham nien - Khoi luong cong viec thap
2431,2025-01-01,Marketing,Content Specialist,0,0,0.10946865594621306,10.95,Thap,3,Cap bac cao - thu nhap cao
2432,2025-01-01,Information Technology,Software Engineer,0,0,0.054878759884543236,5.49,Thap,2,It tham nien - Khoi luong cong viec thap
2434,2025-01-01,Operations,Warehouse Supervisor,0,0,0.0771294567593202,7.71,Thap,3,Cap bac cao - thu nhap cao
2436,2025-01-01,Marketing,Marketing Executive,0,0,0.07700281848211475,7.7,Thap,3,Cap bac cao - thu nhap cao
2439,2025-01-01,Finance,Accountant,0,1,0.25967860973544665,25.97,Trung binh,0,Lau nam - thang tien cham
2441,2025-01-01,Marketing,Marketing Manager,0,0,0.05909481854012728,5.91,Thap,0,Lau nam - thang tien cham
2442,2025-01-01,Finance,Accountant,0,0,0.055614756976439236,5.56,Thap,2,It tham nien - Khoi luong cong viec thap
2447,2025-01-01,Sales,Sales Executive,0,0,0.07771049038929523,7.77,Thap,2,It tham nien - Khoi luong cong viec thap
2449,2025-01-01,Marketing,Digital Marketing Specialist,0,0,0.12709575485167418,12.71,Thap,2,It tham nien - Khoi luong cong viec thap
2451,2025-01-01,Information Technology,Software Engineer,0,0,0.07494586149094691,7.49,Thap,2,It tham nien - Khoi luong cong viec thap
2452,2025-01-01,Human Resources,Recruiter,0,1,0.16975785080050887,16.98,Trung binh,2,It tham nien - Khoi luong cong viec thap
2455,2025-01-01,Information Technology,IT Support,0,0,0.12158314593416732,12.16,Thap,1,Khoi luong cong viec cao - uu tien giu chan
2457,2025-01-01,Operations,Procurement Specialist,0,1,0.1862161686383133,18.62,Trung binh,0,Lau nam - thang tien cham
2458,2025-01-01,Finance,Accountant,0,0,0.0996763483386469,9.97,Thap,2,It tham nien - Khoi luong cong viec thap
2459,2025-01-01,Operations,Warehouse Supervisor,0,1,0.3463339395950198,34.63,Cao,0,Lau nam - thang tien cham
2461,2025-01-01,Finance,Internal Auditor,0,1,0.16084700528975707,16.08,Trung binh,2,It tham nien - Khoi luong cong viec thap
2469,2025-01-01,Information Technology,IT Support,0,1,0.22823859186387113,22.82,Trung binh,1,Khoi luong cong viec cao - uu tien giu chan
2470,2025-01-01,Information Technology,Data Analyst,0,0,0.044220049819576085,4.42,Thap,2,It tham nien - Khoi luong cong viec thap
2471,2025-01-01,Finance,Financial Analyst,0,0,0.07546541589381464,7.55,Thap,0,Lau nam - thang tien cham
2473,2025-01-01,Marketing,Marketing Manager,0,0,0.06210668001480263,6.21,Thap,2,It tham nien - Khoi luong cong viec thap
2474,2025-01-01,Human Resources,Recruiter,1,0,0.1390389866852904,13.9,Thap,0,Lau nam - thang tien cham
2477,2025-01-01,Information Technology,System Administrator,0,0,0.09989050549314674,9.99,Thap,2,It tham nien - Khoi luong cong viec thap
2479,2025-01-01,Sales,Sales Representative,0,0,0.061887301504161135,6.19,Thap,2,It tham nien - Khoi luong cong viec thap
2482,2025-01-01,Information Technology,Software Engineer,1,1,0.28832609685733046,28.83,Trung binh,0,Lau nam - thang tien cham
2483,2025-01-01,Finance,Financial Analyst,0,0,0.05159173876979449,5.16,Thap,2,It tham nien - Khoi luong cong viec thap
2485,2025-01-01,Marketing,Content Specialist,0,1,0.19061386346720163,19.06,Trung binh,0,Lau nam - thang tien cham
2493,2025-01-01,Operations,Procurement Specialist,0,1,0.2077838712350555,20.78,Trung binh,3,Cap bac cao - thu nhap cao
2494,2025-01-01,Information Technology,Software Engineer,0,0,0.05914660703474139,5.91,Thap,2,It tham nien - Khoi luong cong viec thap
2496,2025-01-01,Human Resources,HR Executive,0,0,0.05007011586476699,5.01,Thap,2,It tham nien - Khoi luong cong viec thap
2499,2025-01-01,Finance,Finance Manager,0,0,0.05303245978264298,5.3,Thap,2,It tham nien - Khoi luong cong viec thap
2501,2025-01-01,Operations,Warehouse Supervisor,0,0,0.09770660673513758,9.77,Thap,0,Lau nam - thang tien cham
2502,2025-01-01,Sales,Sales Executive,0,0,0.15880154292029738,15.88,Thap,1,Khoi luong cong viec cao - uu tien giu chan
2503,2025-01-01,Sales,Sales Executive,0,0,0.07226431082037854,7.23,Thap,2,It tham nien - Khoi luong cong viec thap
2504,2025-01-01,Information Technology,Data Analyst,0,1,0.16760599676779914,16.76,Trung binh,0,Lau nam - thang tien cham
2508,2025-01-01,Operations,Operations Manager,1,0,0.14846211161599285,14.85,Thap,1,Khoi luong cong viec cao - uu tien giu chan
2511,2025-01-01,Finance,Accountant,0,1,0.23685866220687002,23.69,Trung binh,1,Khoi luong cong viec cao - uu tien giu chan
2512,2025-01-01,Information Technology,Software Engineer,0,0,0.08302798278803908,8.3,Thap,2,It tham nien - Khoi luong cong viec thap
2515,2025-01-01,Information Technology,QA Engineer,0,0,0.06160987482340117,6.16,Thap,2,It tham nien - Khoi luong cong viec thap
2516,2025-01-01,Finance,Finance Manager,0,1,0.3467105614779174,34.67,Cao,1,Khoi luong cong viec cao - uu tien giu chan
2520,2025-01-01,Finance,Accountant,0,0,0.0711212396886258,7.11,Thap,2,It tham nien - Khoi luong cong viec thap
2522,2025-01-01,Operations,Procurement Specialist,0,0,0.09222096068689263,9.22,Thap,2,It tham nien - Khoi luong cong viec thap
2524,2025-01-01,Finance,Internal Auditor,0,0,0.06997998885591614,7.0,Thap,2,It tham nien - Khoi luong cong viec thap
2525,2025-01-01,Human Resources,HR Manager,0,1,0.17200319145477377,17.2,Trung binh,1,Khoi luong cong viec cao - uu tien giu chan
2526,2025-01-01,Marketing,Content Specialist,0,1,0.22512726017222384,22.51,Trung binh,1,Khoi luong cong viec cao - uu tien giu chan
2527,2025-01-01,Finance,Finance Manager,0,0,0.04913561467829855,4.91,Thap,2,It tham nien - Khoi luong cong viec thap
2530,2025-01-01,Information Technology,System Administrator,0,0,0.12727744627576332,12.73,Thap,2,It tham nien - Khoi luong cong viec thap
2531,2025-01-01,Human Resources,Recruiter,0,0,0.07242741312651446,7.24,Thap,3,Cap bac cao - thu nhap cao
2533,2025-01-01,Operations,Warehouse Supervisor,0,1,0.24088199780185826,24.09,Trung binh,0,Lau nam - thang tien cham
2537,2025-01-01,Operations,Procurement Specialist,0,0,0.0697831605267382,6.98,Thap,0,Lau nam - thang tien cham
2539,2025-01-01,Marketing,Content Specialist,1,0,0.039306206747489164,3.93,Thap,2,It tham nien - Khoi luong cong viec thap
2542,2025-01-01,Operations,Warehouse Supervisor,0,0,0.07532465717924773,7.53,Thap,3,Cap bac cao - thu nhap cao
2547,2025-01-01,Finance,Finance Manager,0,0,0.14558288993704882,14.56,Thap,3,Cap bac cao - thu nhap cao
2549,2025-01-01,Information Technology,Data Analyst,0,0,0.05032169214394816,5.03,Thap,2,It tham nien - Khoi luong cong viec thap
2550,2025-01-01,Marketing,Digital Marketing Specialist,0,1,0.1730935586586548,17.31,Trung binh,1,Khoi luong cong viec cao - uu tien giu chan
2551,2025-01-01,Information Technology,IT Support,0,1,0.2026817328051402,20.27,Trung binh,1,Khoi luong cong viec cao - uu tien giu chan
2554,2025-01-01,Marketing,Marketing Manager,0,1,0.17859233978131872,17.86,Trung binh,1,Khoi luong cong viec cao - uu tien giu chan
2557,2025-01-01,Marketing,Marketing Executive,0,1,0.18336883035002963,18.34,Trung binh,1,Khoi luong cong viec cao - uu tien giu chan
2558,2025-01-01,Marketing,Content Specialist,0,0,0.14182488523815207,14.18,Thap,2,It tham nien - Khoi luong cong viec thap
2560,2025-01-01,Sales,Sales Executive,0,0,0.08238345878639482,8.24,Thap,2,It tham nien - Khoi luong cong viec thap
2561,2025-01-01,Marketing,Digital Marketing Specialist,0,0,0.1289631201927305,12.9,Thap,2,It tham nien - Khoi luong cong viec thap
2563,2025-01-01,Operations,Operations Manager,0,1,0.19970657878749182,19.97,Trung binh,1,Khoi luong cong viec cao - uu tien giu chan
2564,2025-01-01,Marketing,Marketing Manager,0,0,0.1311584184510951,13.12,Thap,1,Khoi luong cong viec cao - uu tien giu chan
2566,2025-01-01,Marketing,Marketing Executive,0,0,0.05238252908580262,5.24,Thap,3,Cap bac cao - thu nhap cao
2568,2025-01-01,Finance,Finance Manager,0,1,0.35210509033347903,35.21,Cao,1,Khoi luong cong viec cao - uu tien giu chan
2569,2025-01-01,Information Technology,QA Engineer,1,1,0.21197341802850506,21.2,Trung binh,3,Cap bac cao - thu nhap cao
2571,2025-01-01,Information Technology,System Administrator,0,0,0.11776116835834162,11.78,Thap,3,Cap bac cao - thu nhap cao
2572,2025-01-01,Finance,Accountant,0,0,0.07908881013995411,7.91,Thap,0,Lau nam - thang tien cham
2573,2025-01-01,Sales,Sales Executive,1,0,0.05596531100767273,5.6,Thap,2,It tham nien - Khoi luong cong viec thap
2574,2025-01-01,Information Technology,QA Engineer,0,0,0.13530031157141398,13.53,Thap,3,Cap bac cao - thu nhap cao
2576,2025-01-01,Human Resources,Recruiter,1,1,0.250434036739646,25.04,Trung binh,3,Cap bac cao - thu nhap cao
2577,2025-01-01,Marketing,Content Specialist,0,0,0.1434139555208807,14.34,Thap,2,It tham nien - Khoi luong cong viec thap
2579,2025-01-01,Operations,Procurement Specialist,0,1,0.24732676878104987,24.73,Trung binh,2,It tham nien - Khoi luong cong viec thap
2581,2025-01-01,Marketing,Digital Marketing Specialist,0,0,0.03807910894610189,3.81,Thap,2,It tham nien - Khoi luong cong viec thap
2584,2025-01-01,Sales,Sales Supervisor,0,0,0.03699139711026136,3.7,Thap,2,It tham nien - Khoi luong cong viec thap
2585,2025-01-01,Sales,Account Manager,0,0,0.1512673469259184,15.13,Thap,2,It tham nien - Khoi luong cong viec thap
2587,2025-01-01,Marketing,Digital Marketing Specialist,0,0,0.07527425565742987,7.53,Thap,0,Lau nam - thang tien cham
2588,2025-01-01,Marketing,Marketing Manager,0,0,0.07168750389110151,7.17,Thap,0,Lau nam - thang tien cham
2593,2025-01-01,Finance,Accountant,0,1,0.2083969388113886,20.84,Trung binh,1,Khoi luong cong viec cao - uu tien giu chan
2596,2025-01-01,Marketing,Content Specialist,0,1,0.19847591646700166,19.85,Trung binh,3,Cap bac cao - thu nhap cao
2597,2025-01-01,Finance,Accountant,0,1,0.2120846551283969,21.21,Trung binh,1,Khoi luong cong viec cao - uu tien giu chan
2599,2025-01-01,Sales,Account Manager,0,0,0.06996083471150844,7.0,Thap,2,It tham nien - Khoi luong cong viec thap
2602,2025-01-01,Operations,Warehouse Supervisor,1,1,0.3208976962489911,32.09,Cao,1,Khoi luong cong viec cao - uu tien giu chan
2605,2025-01-01,Human Resources,Recruiter,1,1,0.17765487583501258,17.77,Trung binh,1,Khoi luong cong viec cao - uu tien giu chan
2607,2025-01-01,Operations,Warehouse Supervisor,1,0,0.14478029187518215,14.48,Thap,1,Khoi luong cong viec cao - uu tien giu chan
2609,2025-01-01,Operations,Operations Manager,1,0,0.06127083032333541,6.13,Thap,2,It tham nien - Khoi luong cong viec thap
2614,2025-01-01,Information Technology,Data Analyst,0,0,0.01637431671852664,1.64,Thap,2,It tham nien - Khoi luong cong viec thap
2615,2025-01-01,Information Technology,System Administrator,0,0,0.1332401066221327,13.32,Thap,0,Lau nam - thang tien cham
2616,2025-01-01,Human Resources,HR Manager,0,1,0.16581069460460754,16.58,Trung binh,2,It tham nien - Khoi luong cong viec thap
2618,2025-01-01,Human Resources,HR Manager,0,1,0.2607847634553457,26.08,Trung binh,1,Khoi luong cong viec cao - uu tien giu chan
2623,2025-01-01,Operations,Warehouse Supervisor,0,0,0.08936448920934024,8.94,Thap,3,Cap bac cao - thu nhap cao
2624,2025-01-01,Operations,Warehouse Supervisor,0,0,0.08664181318488122,8.66,Thap,2,It tham nien - Khoi luong cong viec thap
2626,2025-01-01,Marketing,Marketing Executive,0,0,0.1487239428518202,14.87,Thap,0,Lau nam - thang tien cham
2629,2025-01-01,Human Resources,C&B Specialist,0,0,0.05745551387294505,5.75,Thap,2,It tham nien - Khoi luong cong viec thap
2630,2025-01-01,Operations,Procurement Specialist,1,1,0.16916918864859024,16.92,Trung binh,0,Lau nam - thang tien cham
2635,2025-01-01,Finance,Accountant,0,0,0.13515658342116468,13.52,Thap,2,It tham nien - Khoi luong cong viec thap
2637,2025-01-01,Human Resources,C&B Specialist,0,0,0.020120192533681604,2.01,Thap,2,It tham nien - Khoi luong cong viec thap
2639,2025-01-01,Finance,Internal Auditor,0,1,0.286467544509405,28.65,Trung binh,2,It tham nien - Khoi luong cong viec thap
2640,2025-01-01,Human Resources,C&B Specialist,0,0,0.05799059038831264,5.8,Thap,2,It tham nien - Khoi luong cong viec thap
2642,2025-01-01,Operations,Warehouse Supervisor,0,1,0.23290243459796656,23.29,Trung binh,1,Khoi luong cong viec cao - uu tien giu chan
2643,2025-01-01,Marketing,Content Specialist,0,1,0.19220135173442507,19.22,Trung binh,2,It tham nien - Khoi luong cong viec thap
2644,2025-01-01,Information Technology,IT Support,0,1,0.2981891574030895,29.82,Trung binh,1,Khoi luong cong viec cao - uu tien giu chan
2645,2025-01-01,Marketing,Digital Marketing Specialist,0,1,0.2025770463226664,20.26,Trung binh,3,Cap bac cao - thu nhap cao
2646,2025-01-01,Sales,Sales Supervisor,0,0,0.09117371676563696,9.12,Thap,0,Lau nam - thang tien cham
2647,2025-01-01,Human Resources,HR Manager,0,0,0.12735309915565152,12.74,Thap,3,Cap bac cao - thu nhap cao
2650,2025-01-01,Operations,Operations Manager,0,0,0.10336669881407955,10.34,Thap,2,It tham nien - Khoi luong cong viec thap
2653,2025-01-01,Marketing,Marketing Manager,1,0,0.07329769959822934,7.33,Thap,1,Khoi luong cong viec cao - uu tien giu chan
2654,2025-01-01,Operations,Warehouse Supervisor,1,1,0.3264233370660914,32.64,Cao,1,Khoi luong cong viec cao - uu tien giu chan
2655,2025-01-01,Human Resources,HR Manager,0,1,0.2251236594739394,22.51,Trung binh,0,Lau nam - thang tien cham
2656,2025-01-01,Sales,Sales Supervisor,0,0,0.1036623691456489,10.37,Thap,2,It tham nien - Khoi luong cong viec thap
2659,2025-01-01,Information Technology,Data Analyst,0,0,0.05469658553645591,5.47,Thap,1,Khoi luong cong viec cao - uu tien giu chan
2661,2025-01-01,Sales,Sales Executive,0,0,0.1114603074457028,11.15,Thap,3,Cap bac cao - thu nhap cao
2664,2025-01-01,Sales,Sales Executive,0,1,0.23868637930266817,23.87,Trung binh,0,Lau nam - thang tien cham
2668,2025-01-01,Finance,Financial Analyst,0,1,0.16939449360770584,16.94,Trung binh,1,Khoi luong cong viec cao - uu tien giu chan
2669,2025-01-01,Finance,Accountant,0,1,0.22175787988126583,22.18,Trung binh,1,Khoi luong cong viec cao - uu tien giu chan
2670,2025-01-01,Sales,Account Manager,0,1,0.16616114946340857,16.62,Trung binh,1,Khoi luong cong viec cao - uu tien giu chan
2671,2025-01-01,Sales,Sales Representative,0,0,0.10031462936074768,10.03,Thap,2,It tham nien - Khoi luong cong viec thap
2673,2025-01-01,Information Technology,QA Engineer,0,1,0.2390380577623076,23.9,Trung binh,1,Khoi luong cong viec cao - uu tien giu chan
2675,2025-01-01,Human Resources,Recruiter,0,0,0.042669993294218694,4.27,Thap,3,Cap bac cao - thu nhap cao
2677,2025-01-01,Sales,Account Manager,0,0,0.15353089893915944,15.35,Thap,1,Khoi luong cong viec cao - uu tien giu chan
2679,2025-01-01,Operations,Warehouse Supervisor,1,0,0.13018073992301135,13.02,Thap,1,Khoi luong cong viec cao - uu tien giu chan
2680,2025-01-01,Marketing,Digital Marketing Specialist,0,0,0.07438481187653351,7.44,Thap,2,It tham nien - Khoi luong cong viec thap
2681,2025-01-01,Information Technology,Data Analyst,1,0,0.0816622383460359,8.17,Thap,2,It tham nien - Khoi luong cong viec thap
2682,2025-01-01,Marketing,Content Specialist,0,1,0.18901031126234435,18.9,Trung binh,1,Khoi luong cong viec cao - uu tien giu chan
2688,2025-01-01,Marketing,Content Specialist,0,1,0.202033637599613,20.2,Trung binh,1,Khoi luong cong viec cao - uu tien giu chan
2689,2025-01-01,Human Resources,HR Manager,0,0,0.06323092992382115,6.32,Thap,3,Cap bac cao - thu nhap cao
2692,2025-01-01,Finance,Accountant,0,0,0.0,0.0,Thap,2,It tham nien - Khoi luong cong viec thap
2694,2025-01-01,Operations,Operations Executive,0,1,0.18780964230347963,18.78,Trung binh,2,It tham nien - Khoi luong cong viec thap
2695,2025-01-01,Information Technology,Software Engineer,0,1,0.21394343011290168,21.39,Trung binh,1,Khoi luong cong viec cao - uu tien giu chan
2697,2025-01-01,Human Resources,HR Manager,0,0,0.04309647677954994,4.31,Thap,2,It tham nien - Khoi luong cong viec thap
2702,2025-01-01,Human Resources,C&B Specialist,0,0,0.0,0.0,Thap,2,It tham nien - Khoi luong cong viec thap
2705,2025-01-01,Operations,Operations Manager,0,0,0.13406846811839346,13.41,Thap,2,It tham nien - Khoi luong cong viec thap
2707,2025-01-01,Finance,Accountant,0,0,0.12565914758453228,12.57,Thap,2,It tham nien - Khoi luong cong viec thap
2709,2025-01-01,Finance,Finance Manager,1,0,0.13691691957775898,13.69,Thap,1,Khoi luong cong viec cao - uu tien giu chan
2710,2025-01-01,Finance,Accountant,1,1,0.18464518721352371,18.46,Trung binh,2,It tham nien - Khoi luong cong viec thap
2711,2025-01-01,Operations,Operations Executive,0,0,0.1376508495282903,13.77,Thap,1,Khoi luong cong viec cao - uu tien giu chan
2712,2025-01-01,Marketing,Content Specialist,1,1,0.17406407055916923,17.41,Trung binh,1,Khoi luong cong viec cao - uu tien giu chan
2713,2025-01-01,Human Resources,C&B Specialist,0,1,0.20385855169810627,20.39,Trung binh,1,Khoi luong cong viec cao - uu tien giu chan
2716,2025-01-01,Marketing,Marketing Executive,0,0,0.09295578200628886,9.3,Thap,3,Cap bac cao - thu nhap cao
2719,2025-01-01,Marketing,Content Specialist,0,0,0.09229045477126405,9.23,Thap,3,Cap bac cao - thu nhap cao
2721,2025-01-01,Marketing,Marketing Manager,1,0,0.12982030684233092,12.98,Thap,1,Khoi luong cong viec cao - uu tien giu chan
2724,2025-01-01,Marketing,Marketing Executive,0,1,0.19488460828957105,19.49,Trung binh,2,It tham nien - Khoi luong cong viec thap
2726,2025-01-01,Human Resources,C&B Specialist,0,0,0.11273343463020864,11.27,Thap,2,It tham nien - Khoi luong cong viec thap
2727,2025-01-01,Marketing,Content Specialist,0,0,0.0717557909679716,7.18,Thap,2,It tham nien - Khoi luong cong viec thap
2729,2025-01-01,Marketing,Marketing Manager,0,0,0.09915049974842588,9.92,Thap,0,Lau nam - thang tien cham
2730,2025-01-01,Sales,Account Manager,0,0,0.08496495922161008,8.5,Thap,2,It tham nien - Khoi luong cong viec thap
2734,2025-01-01,Sales,Sales Supervisor,0,1,0.22949294228445935,22.95,Trung binh,2,It tham nien - Khoi luong cong viec thap
2735,2025-01-01,Finance,Accountant,1,1,0.22253602260398475,22.25,Trung binh,3,Cap bac cao - thu nhap cao
2738,2025-01-01,Finance,Accountant,0,0,0.09601649245230129,9.6,Thap,2,It tham nien - Khoi luong cong viec thap
2740,2025-01-01,Operations,Warehouse Supervisor,1,1,0.2556323760178682,25.56,Trung binh,3,Cap bac cao - thu nhap cao
2741,2025-01-01,Operations,Procurement Specialist,0,0,0.053392038430166905,5.34,Thap,0,Lau nam - thang tien cham
2743,2025-01-01,Sales,Sales Executive,0,0,0.10743108166312294,10.74,Thap,2,It tham nien - Khoi luong cong viec thap
2744,2025-01-01,Marketing,Digital Marketing Specialist,0,0,0.03533652578045144,3.53,Thap,3,Cap bac cao - thu nhap cao
2745,2025-01-01,Marketing,Marketing Executive,0,0,0.09571468589886317,9.57,Thap,2,It tham nien - Khoi luong cong viec thap
2746,2025-01-01,Sales,Sales Executive,0,1,0.19033694972585347,19.03,Trung binh,1,Khoi luong cong viec cao - uu tien giu chan
2747,2025-01-01,Operations,Warehouse Supervisor,0,1,0.2478571719651752,24.79,Trung binh,0,Lau nam - thang tien cham
2753,2025-01-01,Information Technology,QA Engineer,0,0,0.09407579704482294,9.41,Thap,2,It tham nien - Khoi luong cong viec thap
2754,2025-01-01,Operations,Operations Manager,1,1,0.46338552579173703,46.34,Cao,0,Lau nam - thang tien cham
2756,2025-01-01,Information Technology,Software Engineer,0,1,0.1959447300920177,19.59,Trung binh,3,Cap bac cao - thu nhap cao
2758,2025-01-01,Finance,Accountant,0,0,0.06788473689546741,6.79,Thap,2,It tham nien - Khoi luong cong viec thap
2760,2025-01-01,Human Resources,C&B Specialist,0,0,0.07868293273662705,7.87,Thap,0,Lau nam - thang tien cham
2764,2025-01-01,Information Technology,QA Engineer,0,1,0.1901451465832303,19.01,Trung binh,1,Khoi luong cong viec cao - uu tien giu chan
2765,2025-01-01,Operations,Procurement Specialist,0,1,0.22230059863718238,22.23,Trung binh,2,It tham nien - Khoi luong cong viec thap
2767,2025-01-01,Human Resources,Recruiter,0,0,0.15300943507770767,15.3,Thap,0,Lau nam - thang tien cham
2770,2025-01-01,Human Resources,Recruiter,0,0,0.05755879930586167,5.76,Thap,2,It tham nien - Khoi luong cong viec thap
2771,2025-01-01,Sales,Sales Representative,0,0,0.145449168152792,14.54,Thap,2,It tham nien - Khoi luong cong viec thap
2774,2025-01-01,Human Resources,HR Manager,0,1,0.17882656120259624,17.88,Trung binh,2,It tham nien - Khoi luong cong viec thap
2775,2025-01-01,Human Resources,HR Manager,0,0,0.12811564106320988,12.81,Thap,1,Khoi luong cong viec cao - uu tien giu chan
2778,2025-01-01,Marketing,Digital Marketing Specialist,0,0,0.10831185305255861,10.83,Thap,1,Khoi luong cong viec cao - uu tien giu chan
2780,2025-01-01,Finance,Internal Auditor,0,0,0.0940654405664657,9.41,Thap,1,Khoi luong cong viec cao - uu tien giu chan
2781,2025-01-01,Sales,Sales Representative,0,0,0.05510287188685671,5.51,Thap,2,It tham nien - Khoi luong cong viec thap
2784,2025-01-01,Marketing,Marketing Executive,0,0,0.04231960333050164,4.23,Thap,2,It tham nien - Khoi luong cong viec thap
2785,2025-01-01,Marketing,Marketing Manager,0,1,0.1927191746394802,19.27,Trung binh,3,Cap bac cao - thu nhap cao
2786,2025-01-01,Human Resources,HR Manager,0,0,0.13329844168779756,13.33,Thap,1,Khoi luong cong viec cao - uu tien giu chan
2787,2025-01-01,Finance,Accountant,0,0,0.15355996566595898,15.36,Thap,3,Cap bac cao - thu nhap cao
2790,2025-01-01,Information Technology,System Administrator,0,0,0.03389043664979294,3.39,Thap,2,It tham nien - Khoi luong cong viec thap
2795,2025-01-01,Human Resources,HR Manager,0,0,0.12430255891594746,12.43,Thap,2,It tham nien - Khoi luong cong viec thap
2799,2025-01-01,Marketing,Content Specialist,0,0,0.11573213146540247,11.57,Thap,2,It tham nien - Khoi luong cong viec thap
2803,2025-01-01,Sales,Account Manager,0,0,0.09715348307578354,9.72,Thap,2,It tham nien - Khoi luong cong viec thap
2804,2025-01-01,Human Resources,Recruiter,0,0,0.08914225015431108,8.91,Thap,3,Cap bac cao - thu nhap cao
2806,2025-01-01,Human Resources,HR Executive,0,0,0.13042624520255086,13.04,Thap,2,It tham nien - Khoi luong cong viec thap
2810,2025-01-01,Operations,Procurement Specialist,0,0,0.11942863805155857,11.94,Thap,2,It tham nien - Khoi luong cong viec thap
2811,2025-01-01,Information Technology,Data Analyst,1,1,0.217859566046435,21.79,Trung binh,1,Khoi luong cong viec cao - uu tien giu chan
2814,2025-01-01,Marketing,Marketing Executive,0,0,0.03458876788140968,3.46,Thap,2,It tham nien - Khoi luong cong viec thap
2815,2025-01-01,Marketing,Marketing Manager,0,0,0.11470855305173362,11.47,Thap,0,Lau nam - thang tien cham
2816,2025-01-01,Sales,Sales Representative,1,0,0.08981611255510764,8.98,Thap,1,Khoi luong cong viec cao - uu tien giu chan
2819,2025-01-01,Human Resources,Recruiter,0,0,0.13291827885856353,13.29,Thap,1,Khoi luong cong viec cao - uu tien giu chan
2820,2025-01-01,Human Resources,Recruiter,0,0,0.04065137255615072,4.07,Thap,2,It tham nien - Khoi luong cong viec thap
2821,2025-01-01,Finance,Financial Analyst,0,1,0.2572836952180292,25.73,Trung binh,3,Cap bac cao - thu nhap cao
2822,2025-01-01,Information Technology,Data Analyst,0,0,0.09289986295404624,9.29,Thap,2,It tham nien - Khoi luong cong viec thap
2823,2025-01-01,Operations,Operations Manager,0,0,0.14147125172999286,14.15,Thap,2,It tham nien - Khoi luong cong viec thap
2824,2025-01-01,Information Technology,QA Engineer,0,0,0.0627225766456989,6.27,Thap,2,It tham nien - Khoi luong cong viec thap
2826,2025-01-01,Operations,Procurement Specialist,1,1,0.22644959389960462,22.64,Trung binh,1,Khoi luong cong viec cao - uu tien giu chan
2829,2025-01-01,Operations,Operations Executive,0,1,0.22186672120329007,22.19,Trung binh,3,Cap bac cao - thu nhap cao
2832,2025-01-01,Finance,Finance Manager,0,0,0.15605677886916758,15.61,Thap,3,Cap bac cao - thu nhap cao
2834,2025-01-01,Marketing,Marketing Manager,0,0,0.11382903356685885,11.38,Thap,0,Lau nam - thang tien cham
2837,2025-01-01,Sales,Account Manager,1,0,0.1146391671345944,11.46,Thap,2,It tham nien - Khoi luong cong viec thap
2838,2025-01-01,Marketing,Marketing Manager,1,1,0.174180212026728,17.42,Trung binh,2,It tham nien - Khoi luong cong viec thap
2840,2025-01-01,Information Technology,QA Engineer,1,0,0.1550482098146395,15.5,Thap,2,It tham nien - Khoi luong cong viec thap
2845,2025-01-01,Sales,Sales Executive,0,0,0.0919408050882426,9.19,Thap,2,It tham nien - Khoi luong cong viec thap
2846,2025-01-01,Operations,Procurement Specialist,0,1,0.2027299366590183,20.27,Trung binh,1,Khoi luong cong viec cao - uu tien giu chan
2855,2025-01-01,Operations,Operations Manager,0,1,0.17350407064310922,17.35,Trung binh,1,Khoi luong cong viec cao - uu tien giu chan
2860,2025-01-01,Marketing,Marketing Manager,0,0,0.07025642431526699,7.03,Thap,2,It tham nien - Khoi luong cong viec thap
2862,2025-01-01,Human Resources,HR Manager,0,0,0.14487414425274747,14.49,Thap,0,Lau nam - thang tien cham
2863,2025-01-01,Marketing,Marketing Executive,0,1,0.18014979620375765,18.01,Trung binh,0,Lau nam - thang tien cham
2864,2025-01-01,Operations,Operations Executive,0,0,0.1160260006545702,11.6,Thap,0,Lau nam - thang tien cham
2877,2025-01-01,Finance,Accountant,0,0,0.12670494504256324,12.67,Thap,1,Khoi luong cong viec cao - uu tien giu chan
2878,2025-01-01,Sales,Sales Representative,0,0,0.0927576857518245,9.28,Thap,1,Khoi luong cong viec cao - uu tien giu chan
2881,2025-01-01,Information Technology,Data Analyst,0,1,0.18732242054342182,18.73,Trung binh,1,Khoi luong cong viec cao - uu tien giu chan
2884,2025-01-01,Operations,Warehouse Supervisor,0,0,0.11255193021929889,11.26,Thap,3,Cap bac cao - thu nhap cao
2885,2025-01-01,Information Technology,Data Analyst,0,0,0.12085166508369896,12.09,Thap,3,Cap bac cao - thu nhap cao
2886,2025-01-01,Marketing,Marketing Manager,1,0,0.09252471143915997,9.25,Thap,0,Lau nam - thang tien cham
2887,2025-01-01,Human Resources,HR Executive,0,0,0.09388011467653633,9.39,Thap,2,It tham nien - Khoi luong cong viec thap
2893,2025-01-01,Human Resources,C&B Specialist,0,0,0.018085111580100635,1.81,Thap,2,It tham nien - Khoi luong cong viec thap
2894,2025-01-01,Marketing,Marketing Manager,0,1,0.21481890681708668,21.48,Trung binh,0,Lau nam - thang tien cham
2898,2025-01-01,Human Resources,Recruiter,0,0,0.05731033481222259,5.73,Thap,2,It tham nien - Khoi luong cong viec thap
2901,2025-01-01,Information Technology,QA Engineer,1,1,0.24495755166158495,24.5,Trung binh,0,Lau nam - thang tien cham
2902,2025-01-01,Marketing,Digital Marketing Specialist,0,0,0.035595209410864075,3.56,Thap,2,It tham nien - Khoi luong cong viec thap
2909,2025-01-01,Finance,Financial Analyst,0,1,0.2643148681799221,26.43,Trung binh,1,Khoi luong cong viec cao - uu tien giu chan
2913,2025-01-01,Finance,Accountant,0,0,0.13669155744018066,13.67,Thap,0,Lau nam - thang tien cham
2919,2025-01-01,Sales,Account Manager,0,1,0.16870802746287517,16.87,Trung binh,1,Khoi luong cong viec cao - uu tien giu chan
2920,2025-01-01,Sales,Sales Executive,0,0,0.12699625164528455,12.7,Thap,1,Khoi luong cong viec cao - uu tien giu chan
2921,2025-01-01,Information Technology,IT Support,0,0,0.09390290318012755,9.39,Thap,2,It tham nien - Khoi luong cong viec thap
2922,2025-01-01,Human Resources,C&B Specialist,1,1,0.1864242456238785,18.64,Trung binh,0,Lau nam - thang tien cham
2924,2025-01-01,Operations,Operations Manager,0,1,0.18898279926269768,18.9,Trung binh,0,Lau nam - thang tien cham
2926,2025-01-01,Information Technology,Software Engineer,1,1,0.22730582382771206,22.73,Trung binh,1,Khoi luong cong viec cao - uu tien giu chan
2928,2025-01-01,Information Technology,Data Analyst,0,0,0.058216947693566674,5.82,Thap,2,It tham nien - Khoi luong cong viec thap
2929,2025-01-01,Finance,Internal Auditor,0,1,0.1867695961910487,18.68,Trung binh,1,Khoi luong cong viec cao - uu tien giu chan
2934,2025-01-01,Operations,Operations Executive,0,1,0.23881994306978901,23.88,Trung binh,2,It tham nien - Khoi luong cong viec thap
2936,2025-01-01,Marketing,Content Specialist,0,1,0.26606245504770965,26.61,Trung binh,3,Cap bac cao - thu nhap cao
2937,2025-01-01,Information Technology,IT Support,0,0,0.08055425436285826,8.06,Thap,1,Khoi luong cong viec cao - uu tien giu chan
2942,2025-01-01,Marketing,Marketing Executive,0,0,0.09734681830095074,9.73,Thap,3,Cap bac cao - thu nhap cao
2944,2025-01-01,Information Technology,IT Support,0,0,0.11753134138710586,11.75,Thap,2,It tham nien - Khoi luong cong viec thap
2945,2025-01-01,Marketing,Marketing Manager,0,1,0.19027118563102285,19.03,Trung binh,1,Khoi luong cong viec cao - uu tien giu chan
2946,2025-01-01,Information Technology,QA Engineer,0,0,0.14529523109628356,14.53,Thap,3,Cap bac cao - thu nhap cao
2949,2025-01-01,Marketing,Digital Marketing Specialist,1,0,0.10956038256183831,10.96,Thap,2,It tham nien - Khoi luong cong viec thap
2950,2025-01-01,Finance,Accountant,0,0,0.1541127278329182,15.41,Thap,2,It tham nien - Khoi luong cong viec thap
2954,2025-01-01,Marketing,Content Specialist,0,1,0.2434989095868407,24.35,Trung binh,0,Lau nam - thang tien cham
2955,2025-01-01,Information Technology,Data Analyst,0,0,0.09766870496296788,9.77,Thap,2,It tham nien - Khoi luong cong viec thap
2957,2025-01-01,Finance,Accountant,0,0,0.15313930552868688,15.31,Thap,1,Khoi luong cong viec cao - uu tien giu chan
2960,2025-01-01,Operations,Operations Executive,0,1,0.32632911880735826,32.63,Cao,0,Lau nam - thang tien cham
2961,2025-01-01,Information Technology,Software Engineer,1,1,0.20165437329645008,20.17,Trung binh,1,Khoi luong cong viec cao - uu tien giu chan
2963,2025-01-01,Marketing,Marketing Executive,0,0,0.08020455756446974,8.02,Thap,2,It tham nien - Khoi luong cong viec thap
2964,2025-01-01,Operations,Operations Executive,0,1,0.17303471565212547,17.3,Trung binh,3,Cap bac cao - thu nhap cao
2967,2025-01-01,Finance,Financial Analyst,0,0,0.09591632191995834,9.59,Thap,2,It tham nien - Khoi luong cong viec thap
2968,2025-01-01,Human Resources,C&B Specialist,0,0,0.051370844680446545,5.14,Thap,2,It tham nien - Khoi luong cong viec thap
2969,2025-01-01,Sales,Sales Representative,0,0,0.0782778409647453,7.83,Thap,2,It tham nien - Khoi luong cong viec thap
2972,2025-01-01,Marketing,Content Specialist,0,0,0.1307924282812002,13.08,Thap,2,It tham nien - Khoi luong cong viec thap
2975,2025-01-01,Human Resources,HR Executive,0,1,0.3078869516617537,30.79,Cao,1,Khoi luong cong viec cao - uu tien giu chan
2978,2025-01-01,Finance,Finance Manager,0,0,0.08642315006180919,8.64,Thap,2,It tham nien - Khoi luong cong viec thap
2985,2025-01-01,Sales,Sales Representative,0,0,0.14614166357675124,14.61,Thap,1,Khoi luong cong viec cao - uu tien giu chan
2986,2025-01-01,Sales,Account Manager,0,1,0.23810729625954896,23.81,Trung binh,1,Khoi luong cong viec cao - uu tien giu chan
2990,2025-01-01,Human Resources,HR Manager,0,1,0.2278295383621097,22.78,Trung binh,0,Lau nam - thang tien cham
2991,2025-01-01,Information Technology,Data Analyst,0,0,0.14642036384514961,14.64,Thap,2,It tham nien - Khoi luong cong viec thap
2994,2025-01-01,Information Technology,Software Engineer,0,0,0.04306606724138203,4.31,Thap,3,Cap bac cao - thu nhap cao
2995,2025-01-01,Marketing,Content Specialist,0,1,0.2702041122437186,27.02,Trung binh,3,Cap bac cao - thu nhap cao
2996,2025-01-01,Information Technology,IT Support,0,1,0.25231232744403337,25.23,Trung binh,3,Cap bac cao - thu nhap cao
2997,2025-01-01,Sales,Sales Supervisor,0,0,0.1183424311187641,11.83,Thap,2,It tham nien - Khoi luong cong viec thap
2998,2025-01-01,Operations,Operations Manager,1,0,0.15629589286893264,15.63,Thap,2,It tham nien - Khoi luong cong viec thap
3000,2025-01-01,Finance,Internal Auditor,0,0,0.1470503202887745,14.71,Thap,2,It tham nien - Khoi luong cong viec thap
3004,2025-01-01,Marketing,Marketing Manager,1,0,0.0733955590553536,7.34,Thap,2,It tham nien - Khoi luong cong viec thap
3005,2025-01-01,Marketing,Marketing Manager,0,0,0.018519292462413767,1.85,Thap,2,It tham nien - Khoi luong cong viec thap
3006,2025-01-01,Information Technology,System Administrator,0,0,0.06328892995784811,6.33,Thap,2,It tham nien - Khoi luong cong viec thap
3011,2025-01-01,Sales,Sales Executive,1,0,0.019748861779556523,1.97,Thap,2,It tham nien - Khoi luong cong viec thap
3014,2025-01-01,Marketing,Marketing Manager,0,1,0.16482176582981464,16.48,Trung binh,0,Lau nam - thang tien cham
3016,2025-01-01,Information Technology,Data Analyst,0,1,0.2839975799118813,28.4,Trung binh,1,Khoi luong cong viec cao - uu tien giu chan
3017,2025-01-01,Human Resources,HR Executive,1,1,0.17932523177851717,17.93,Trung binh,1,Khoi luong cong viec cao - uu tien giu chan
3018,2025-01-01,Information Technology,Data Analyst,1,0,0.13230329961564208,13.23,Thap,0,Lau nam - thang tien cham
3027,2025-01-01,Marketing,Marketing Executive,0,0,0.09166946377930299,9.17,Thap,2,It tham nien - Khoi luong cong viec thap
3031,2025-01-01,Operations,Warehouse Supervisor,0,0,0.1574599018237562,15.75,Thap,3,Cap bac cao - thu nhap cao
3032,2025-01-01,Human Resources,C&B Specialist,0,0,0.052116427379960376,5.21,Thap,2,It tham nien - Khoi luong cong viec thap
3034,2025-01-01,Operations,Warehouse Supervisor,0,0,0.07207715645973918,7.21,Thap,2,It tham nien - Khoi luong cong viec thap
3035,2025-01-01,Human Resources,HR Manager,0,0,0.09837962869105676,9.84,Thap,2,It tham nien - Khoi luong cong viec thap
3038,2025-01-01,Marketing,Digital Marketing Specialist,0,0,0.12177826961612306,12.18,Thap,2,It tham nien - Khoi luong cong viec thap
3041,2025-01-01,Human Resources,HR Executive,0,0,0.10131312959110442,10.13,Thap,2,It tham nien - Khoi luong cong viec thap
3044,2025-01-01,Human Resources,C&B Specialist,0,0,0.03830056567890009,3.83,Thap,2,It tham nien - Khoi luong cong viec thap
3045,2025-01-01,Operations,Operations Executive,0,1,0.22295828432356263,22.3,Trung binh,2,It tham nien - Khoi luong cong viec thap
3047,2025-01-01,Human Resources,C&B Specialist,0,1,0.18041363677720204,18.04,Trung binh,1,Khoi luong cong viec cao - uu tien giu chan
3049,2025-01-01,Finance,Finance Manager,0,0,0.11743007433590222,11.74,Thap,0,Lau nam - thang tien cham
3050,2025-01-01,Human Resources,C&B Specialist,0,1,0.17260857458309473,17.26,Trung binh,1,Khoi luong cong viec cao - uu tien giu chan
3051,2025-01-01,Information Technology,System Administrator,0,1,0.2852274126274153,28.52,Trung binh,0,Lau nam - thang tien cham
3052,2025-01-01,Human Resources,Recruiter,0,0,0.05411183973563368,5.41,Thap,2,It tham nien - Khoi luong cong viec thap
3054,2025-01-01,Marketing,Marketing Manager,0,0,0.13024757709440812,13.02,Thap,0,Lau nam - thang tien cham
3056,2025-01-01,Operations,Operations Manager,0,0,0.09096889974749253,9.1,Thap,3,Cap bac cao - thu nhap cao
3057,2025-01-01,Finance,Finance Manager,0,1,0.18973192075045406,18.97,Trung binh,2,It tham nien - Khoi luong cong viec thap
3059,2025-01-01,Human Resources,C&B Specialist,0,0,0.016525682129271906,1.65,Thap,2,It tham nien - Khoi luong cong viec thap
3061,2025-01-01,Marketing,Digital Marketing Specialist,0,0,0.14534100841469527,14.53,Thap,2,It tham nien - Khoi luong cong viec thap
3062,2025-01-01,Operations,Operations Manager,0,1,0.39247276582897483,39.25,Cao,0,Lau nam - thang tien cham
3064,2025-01-01,Finance,Accountant,0,1,0.18512940409104064,18.51,Trung binh,0,Lau nam - thang tien cham
3066,2025-01-01,Human Resources,HR Manager,0,0,0.07401616479526463,7.4,Thap,2,It tham nien - Khoi luong cong viec thap
3068,2025-01-01,Human Resources,HR Executive,0,1,0.23446611199104092,23.45,Trung binh,3,Cap bac cao - thu nhap cao
3070,2025-01-01,Marketing,Marketing Manager,0,0,0.0646046017651002,6.46,Thap,2,It tham nien - Khoi luong cong viec thap
3072,2025-01-01,Sales,Sales Representative,0,0,0.1047850920733606,10.48,Thap,2,It tham nien - Khoi luong cong viec thap
3073,2025-01-01,Finance,Finance Manager,1,0,0.07129408722619499,7.13,Thap,2,It tham nien - Khoi luong cong viec thap
3074,2025-01-01,Marketing,Marketing Manager,0,0,0.07880732015141638,7.88,Thap,0,Lau nam - thang tien cham
3075,2025-01-01,Finance,Accountant,1,1,0.16332723486646597,16.33,Trung binh,2,It tham nien - Khoi luong cong viec thap
3084,2025-01-01,Operations,Procurement Specialist,0,0,0.12812288236726196,12.81,Thap,0,Lau nam - thang tien cham
3086,2025-01-01,Operations,Operations Manager,0,1,0.18472132264760674,18.47,Trung binh,2,It tham nien - Khoi luong cong viec thap
3088,2025-01-01,Information Technology,QA Engineer,0,0,0.15931047811523097,15.93,Thap,0,Lau nam - thang tien cham
3092,2025-01-01,Marketing,Marketing Manager,0,0,0.07751941003791775,7.75,Thap,2,It tham nien - Khoi luong cong viec thap
3093,2025-01-01,Marketing,Marketing Manager,1,0,0.15169403695591918,15.17,Thap,3,Cap bac cao - thu nhap cao
3098,2025-01-01,Operations,Operations Executive,0,0,0.112911588019453,11.29,Thap,2,It tham nien - Khoi luong cong viec thap
3099,2025-01-01,Information Technology,IT Support,0,0,0.14197323489758412,14.2,Thap,1,Khoi luong cong viec cao - uu tien giu chan
3101,2025-01-01,Human Resources,HR Manager,0,1,0.1968664920668018,19.69,Trung binh,1,Khoi luong cong viec cao - uu tien giu chan
3102,2025-01-01,Human Resources,C&B Specialist,0,0,0.13615135708970907,13.62,Thap,0,Lau nam - thang tien cham
3105,2025-01-01,Finance,Finance Manager,0,1,0.1840590813926472,18.41,Trung binh,3,Cap bac cao - thu nhap cao
3106,2025-01-01,Finance,Finance Manager,0,0,0.1380172343290178,13.8,Thap,3,Cap bac cao - thu nhap cao
3107,2025-01-01,Sales,Sales Representative,0,0,0.15562680006454832,15.56,Thap,2,It tham nien - Khoi luong cong viec thap
3110,2025-01-01,Finance,Finance Manager,0,0,0.07922099330287503,7.92,Thap,2,It tham nien - Khoi luong cong viec thap
3111,2025-01-01,Sales,Account Manager,1,0,0.1114348703718645,11.14,Thap,1,Khoi luong cong viec cao - uu tien giu chan
3112,2025-01-01,Information Technology,Data Analyst,1,0,0.038878473205688845,3.89,Thap,2,It tham nien - Khoi luong cong viec thap
3113,2025-01-01,Finance,Internal Auditor,0,0,0.09226863560665195,9.23,Thap,2,It tham nien - Khoi luong cong viec thap
3115,2025-01-01,Marketing,Marketing Manager,0,0,0.13412224058470862,13.41,Thap,1,Khoi luong cong viec cao - uu tien giu chan
3117,2025-01-01,Finance,Financial Analyst,1,1,0.1914127933654304,19.14,Trung binh,3,Cap bac cao - thu nhap cao
3118,2025-01-01,Sales,Sales Supervisor,0,0,0.04896421065953723,4.9,Thap,2,It tham nien - Khoi luong cong viec thap
3122,2025-01-01,Marketing,Content Specialist,0,0,0.1081354687322908,10.81,Thap,3,Cap bac cao - thu nhap cao
3123,2025-01-01,Sales,Account Manager,0,0,0.09307580706684157,9.31,Thap,0,Lau nam - thang tien cham
3125,2025-01-01,Information Technology,Software Engineer,1,1,0.2623520513563613,26.24,Trung binh,1,Khoi luong cong viec cao - uu tien giu chan
3126,2025-01-01,Information Technology,QA Engineer,0,0,0.07507595920832656,7.51,Thap,1,Khoi luong cong viec cao - uu tien giu chan
3129,2025-01-01,Marketing,Digital Marketing Specialist,0,0,0.0363019852804452,3.63,Thap,2,It tham nien - Khoi luong cong viec thap
3131,2025-01-01,Marketing,Marketing Executive,0,0,0.09748895241454276,9.75,Thap,2,It tham nien - Khoi luong cong viec thap
3134,2025-01-01,Operations,Operations Manager,0,1,0.21092005846488376,21.09,Trung binh,1,Khoi luong cong viec cao - uu tien giu chan
3135,2025-01-01,Human Resources,Recruiter,0,0,0.07692725819000427,7.69,Thap,2,It tham nien - Khoi luong cong viec thap
3136,2025-01-01,Human Resources,Recruiter,1,1,0.23281827362275073,23.28,Trung binh,1,Khoi luong cong viec cao - uu tien giu chan
3137,2025-01-01,Marketing,Marketing Executive,0,0,0.03431780931159437,3.43,Thap,0,Lau nam - thang tien cham
3138,2025-01-01,Sales,Sales Executive,0,0,0.10786818567498803,10.79,Thap,2,It tham nien - Khoi luong cong viec thap
3144,2025-01-01,Sales,Sales Supervisor,0,1,0.26828511604735994,26.83,Trung binh,1,Khoi luong cong viec cao - uu tien giu chan
3145,2025-01-01,Information Technology,System Administrator,0,1,0.31385892969258766,31.39,Cao,1,Khoi luong cong viec cao - uu tien giu chan
3146,2025-01-01,Information Technology,QA Engineer,0,0,0.10389971623784218,10.39,Thap,2,It tham nien - Khoi luong cong viec thap
3150,2025-01-01,Human Resources,Recruiter,0,0,0.11458905689566272,11.46,Thap,2,It tham nien - Khoi luong cong viec thap
3154,2025-01-01,Finance,Finance Manager,0,0,0.056698596264765,5.67,Thap,2,It tham nien - Khoi luong cong viec thap
3157,2025-01-01,Marketing,Marketing Executive,0,0,0.0826033289692114,8.26,Thap,2,It tham nien - Khoi luong cong viec thap
3163,2025-01-01,Finance,Financial Analyst,0,0,0.13502884470193993,13.5,Thap,1,Khoi luong cong viec cao - uu tien giu chan
3165,2025-01-01,Marketing,Marketing Manager,0,0,0.07403406145369561,7.4,Thap,2,It tham nien - Khoi luong cong viec thap
3167,2025-01-01,Information Technology,System Administrator,0,1,0.19059708822480012,19.06,Trung binh,0,Lau nam - thang tien cham
3168,2025-01-01,Human Resources,HR Manager,0,0,0.1424279856344925,14.24,Thap,2,It tham nien - Khoi luong cong viec thap
3170,2025-01-01,Marketing,Digital Marketing Specialist,0,1,0.17516538120510097,17.52,Trung binh,0,Lau nam - thang tien cham
3171,2025-01-01,Human Resources,HR Manager,0,1,0.24460684584341089,24.46,Trung binh,1,Khoi luong cong viec cao - uu tien giu chan
3172,2025-01-01,Sales,Sales Executive,1,0,0.10735421201548787,10.74,Thap,1,Khoi luong cong viec cao - uu tien giu chan
3174,2025-01-01,Finance,Finance Manager,0,1,0.2524709423732811,25.25,Trung binh,0,Lau nam - thang tien cham
3176,2025-01-01,Human Resources,HR Executive,0,1,0.2607156116264459,26.07,Trung binh,1,Khoi luong cong viec cao - uu tien giu chan
3178,2025-01-01,Marketing,Content Specialist,0,0,0.0645631863129642,6.46,Thap,3,Cap bac cao - thu nhap cao
3180,2025-01-01,Information Technology,System Administrator,0,0,0.1589827073507935,15.9,Thap,1,Khoi luong cong viec cao - uu tien giu chan
3181,2025-01-01,Finance,Finance Manager,0,0,0.02600778009495872,2.6,Thap,2,It tham nien - Khoi luong cong viec thap
3182,2025-01-01,Sales,Sales Executive,0,0,0.09295120189614922,9.3,Thap,2,It tham nien - Khoi luong cong viec thap
3184,2025-01-01,Human Resources,HR Executive,0,0,0.08734991876032526,8.73,Thap,2,It tham nien - Khoi luong cong viec thap
3185,2025-01-01,Information Technology,Data Analyst,1,1,0.17928662167582768,17.93,Trung binh,1,Khoi luong cong viec cao - uu tien giu chan
3186,2025-01-01,Human Resources,HR Executive,0,0,0.15620729263605185,15.62,Thap,1,Khoi luong cong viec cao - uu tien giu chan
3189,2025-01-01,Sales,Sales Executive,1,1,0.1721784899698718,17.22,Trung binh,3,Cap bac cao - thu nhap cao
3190,2025-01-01,Marketing,Marketing Manager,1,1,0.2708483121866022,27.08,Trung binh,3,Cap bac cao - thu nhap cao
3191,2025-01-01,Human Resources,C&B Specialist,0,0,0.038206727759364116,3.82,Thap,2,It tham nien - Khoi luong cong viec thap
3192,2025-01-01,Information Technology,Software Engineer,0,0,0.06708758731221255,6.71,Thap,2,It tham nien - Khoi luong cong viec thap
3195,2025-01-01,Information Technology,QA Engineer,0,0,0.12298059902079171,12.3,Thap,2,It tham nien - Khoi luong cong viec thap
3196,2025-01-01,Operations,Warehouse Supervisor,0,1,0.16780304615700098,16.78,Trung binh,0,Lau nam - thang tien cham
3199,2025-01-01,Human Resources,C&B Specialist,0,1,0.26736965112682,26.74,Trung binh,1,Khoi luong cong viec cao - uu tien giu chan
3200,2025-01-01,Human Resources,HR Executive,0,0,0.148082792100703,14.81,Thap,2,It tham nien - Khoi luong cong viec thap
3201,2025-01-01,Marketing,Content Specialist,1,0,0.12897792968411903,12.9,Thap,1,Khoi luong cong viec cao - uu tien giu chan
3202,2025-01-01,Operations,Operations Manager,0,1,0.24688867497703412,24.69,Trung binh,3,Cap bac cao - thu nhap cao
3205,2025-01-01,Human Resources,Recruiter,0,0,0.10045282268307885,10.05,Thap,0,Lau nam - thang tien cham
3206,2025-01-01,Marketing,Marketing Executive,0,0,0.13834189621876106,13.83,Thap,0,Lau nam - thang tien cham
3207,2025-01-01,Marketing,Content Specialist,0,0,0.13083013248426192,13.08,Thap,0,Lau nam - thang tien cham
3208,2025-01-01,Finance,Accountant,0,0,0.08444713931516262,8.44,Thap,3,Cap bac cao - thu nhap cao
3210,2025-01-01,Operations,Operations Executive,0,0,0.0743392461624164,7.43,Thap,2,It tham nien - Khoi luong cong viec thap
3212,2025-01-01,Marketing,Marketing Manager,0,0,0.044244254983110534,4.42,Thap,2,It tham nien - Khoi luong cong viec thap
3215,2025-01-01,Sales,Sales Supervisor,0,0,0.01636859298697784,1.64,Thap,3,Cap bac cao - thu nhap cao
3216,2025-01-01,Information Technology,IT Support,0,0,0.018919016493233114,1.89,Thap,3,Cap bac cao - thu nhap cao
3217,2025-01-01,Information Technology,Data Analyst,0,0,0.13339495492526576,13.34,Thap,0,Lau nam - thang tien cham
3224,2025-01-01,Operations,Warehouse Supervisor,0,0,0.14614432859717366,14.61,Thap,2,It tham nien - Khoi luong cong viec thap
3228,2025-01-01,Human Resources,HR Manager,0,0,0.09193020589069856,9.19,Thap,2,It tham nien - Khoi luong cong viec thap
3233,2025-01-01,Human Resources,HR Manager,0,1,0.20718735005049174,20.72,Trung binh,1,Khoi luong cong viec cao - uu tien giu chan
3238,2025-01-01,Sales,Sales Supervisor,1,1,0.331189753562552,33.12,Cao,0,Lau nam - thang tien cham
3240,2025-01-01,Operations,Operations Executive,0,0,0.12247596232300356,12.25,Thap,2,It tham nien - Khoi luong cong viec thap
3242,2025-01-01,Information Technology,Software Engineer,0,0,0.0721369620407774,7.21,Thap,2,It tham nien - Khoi luong cong viec thap
3246,2025-01-01,Sales,Account Manager,0,0,0.07949457674508707,7.95,Thap,3,Cap bac cao - thu nhap cao
3247,2025-01-01,Human Resources,Recruiter,0,0,0.137873276974234,13.79,Thap,1,Khoi luong cong viec cao - uu tien giu chan
3248,2025-01-01,Operations,Procurement Specialist,0,0,0.13782311818640824,13.78,Thap,0,Lau nam - thang tien cham
3255,2025-01-01,Human Resources,Recruiter,0,1,0.24800224958041744,24.8,Trung binh,0,Lau nam - thang tien cham
3256,2025-01-01,Operations,Operations Manager,0,0,0.11255557646484017,11.26,Thap,2,It tham nien - Khoi luong cong viec thap
3257,2025-01-01,Marketing,Marketing Executive,0,0,0.1117503506160571,11.18,Thap,3,Cap bac cao - thu nhap cao
3262,2025-01-01,Information Technology,Software Engineer,0,0,0.038026673255264674,3.8,Thap,2,It tham nien - Khoi luong cong viec thap
3263,2025-01-01,Operations,Warehouse Supervisor,0,0,0.13422116454174984,13.42,Thap,2,It tham nien - Khoi luong cong viec thap
3264,2025-01-01,Operations,Operations Executive,0,1,0.3022224202586606,30.22,Cao,1,Khoi luong cong viec cao - uu tien giu chan
3265,2025-01-01,Operations,Operations Executive,0,1,0.2927519542451727,29.28,Trung binh,1,Khoi luong cong viec cao - uu tien giu chan
3266,2025-01-01,Marketing,Marketing Executive,0,0,0.12664040204356763,12.66,Thap,1,Khoi luong cong viec cao - uu tien giu chan
3267,2025-01-01,Marketing,Marketing Manager,0,0,0.14641461994164554,14.64,Thap,1,Khoi luong cong viec cao - uu tien giu chan
3269,2025-01-01,Human Resources,C&B Specialist,0,1,0.198838706921139,19.88,Trung binh,1,Khoi luong cong viec cao - uu tien giu chan
3270,2025-01-01,Marketing,Marketing Manager,0,1,0.21830958206071238,21.83,Trung binh,3,Cap bac cao - thu nhap cao
3273,2025-01-01,Sales,Sales Representative,0,0,0.11142577148760582,11.14,Thap,2,It tham nien - Khoi luong cong viec thap
3274,2025-01-01,Marketing,Marketing Executive,0,1,0.16812425425151684,16.81,Trung binh,3,Cap bac cao - thu nhap cao
3275,2025-01-01,Sales,Sales Executive,0,0,0.07811643613034502,7.81,Thap,2,It tham nien - Khoi luong cong viec thap
3276,2025-01-01,Sales,Sales Representative,0,0,0.07162235884047344,7.16,Thap,3,Cap bac cao - thu nhap cao
3280,2025-01-01,Marketing,Content Specialist,0,0,0.15187498445627504,15.19,Thap,0,Lau nam - thang tien cham
3283,2025-01-01,Marketing,Content Specialist,0,0,0.09844051227243251,9.84,Thap,2,It tham nien - Khoi luong cong viec thap
3285,2025-01-01,Human Resources,HR Executive,0,0,0.11203899838143976,11.2,Thap,0,Lau nam - thang tien cham
3287,2025-01-01,Human Resources,HR Executive,0,1,0.17966040852813991,17.97,Trung binh,0,Lau nam - thang tien cham
3292,2025-01-01,Information Technology,Data Analyst,0,0,0.05049387988304548,5.05,Thap,2,It tham nien - Khoi luong cong viec thap
3295,2025-01-01,Finance,Financial Analyst,0,0,0.08084166228983236,8.08,Thap,1,Khoi luong cong viec cao - uu tien giu chan
3297,2025-01-01,Human Resources,HR Manager,0,1,0.1785770583120107,17.86,Trung binh,0,Lau nam - thang tien cham
3298,2025-01-01,Marketing,Digital Marketing Specialist,0,0,0.09085382130698591,9.09,Thap,3,Cap bac cao - thu nhap cao
3299,2025-01-01,Finance,Finance Manager,1,1,0.21325854690833426,21.33,Trung binh,1,Khoi luong cong viec cao - uu tien giu chan
3300,2025-01-01,Sales,Sales Representative,0,1,0.21817825687560372,21.82,Trung binh,1,Khoi luong cong viec cao - uu tien giu chan
3302,2025-01-01,Human Resources,C&B Specialist,0,0,0.11336592832804364,11.34,Thap,0,Lau nam - thang tien cham
3303,2025-01-01,Information Technology,Data Analyst,0,0,0.021396330596888266,2.14,Thap,3,Cap bac cao - thu nhap cao
3305,2025-01-01,Operations,Procurement Specialist,0,1,0.20384901197947233,20.38,Trung binh,2,It tham nien - Khoi luong cong viec thap
3306,2025-01-01,Finance,Finance Manager,0,0,0.07413710138011696,7.41,Thap,2,It tham nien - Khoi luong cong viec thap
3313,2025-01-01,Information Technology,IT Support,0,1,0.30892545822909423,30.89,Cao,0,Lau nam - thang tien cham
3316,2025-01-01,Finance,Finance Manager,0,1,0.2560869718863842,25.61,Trung binh,3,Cap bac cao - thu nhap cao
3317,2025-01-01,Sales,Sales Executive,1,0,0.15644706166517988,15.64,Thap,0,Lau nam - thang tien cham
3319,2025-01-01,Finance,Accountant,0,0,0.08086764350737262,8.09,Thap,2,It tham nien - Khoi luong cong viec thap
3320,2025-01-01,Finance,Internal Auditor,0,0,0.15765333245239715,15.77,Thap,0,Lau nam - thang tien cham
3322,2025-01-01,Human Resources,HR Manager,0,0,0.07468869244700489,7.47,Thap,1,Khoi luong cong viec cao - uu tien giu chan
3327,2025-01-01,Operations,Procurement Specialist,0,0,0.08915404246525417,8.92,Thap,2,It tham nien - Khoi luong cong viec thap
3329,2025-01-01,Sales,Sales Supervisor,0,0,0.15000645913325994,15.0,Thap,3,Cap bac cao - thu nhap cao
3330,2025-01-01,Sales,Sales Supervisor,0,0,0.12284562384183352,12.28,Thap,2,It tham nien - Khoi luong cong viec thap
3337,2025-01-01,Information Technology,Data Analyst,0,1,0.18285977243249377,18.29,Trung binh,3,Cap bac cao - thu nhap cao
3342,2025-01-01,Sales,Sales Supervisor,1,0,0.09144957195887976,9.14,Thap,2,It tham nien - Khoi luong cong viec thap
3345,2025-01-01,Information Technology,System Administrator,1,0,0.1597311016208906,15.97,Thap,1,Khoi luong cong viec cao - uu tien giu chan
3348,2025-01-01,Marketing,Content Specialist,1,0,0.15694198461888995,15.69,Thap,1,Khoi luong cong viec cao - uu tien giu chan
3349,2025-01-01,Human Resources,HR Manager,0,0,0.05877874480851792,5.88,Thap,2,It tham nien - Khoi luong cong viec thap
3357,2025-01-01,Marketing,Marketing Manager,0,0,0.07459132275290628,7.46,Thap,2,It tham nien - Khoi luong cong viec thap
3358,2025-01-01,Operations,Operations Manager,0,0,0.11728478677749474,11.73,Thap,3,Cap bac cao - thu nhap cao
3359,2025-01-01,Finance,Finance Manager,1,0,0.0909651475981685,9.1,Thap,0,Lau nam - thang tien cham
3362,2025-01-01,Marketing,Digital Marketing Specialist,0,0,0.03800921061698553,3.8,Thap,2,It tham nien - Khoi luong cong viec thap
3363,2025-01-01,Operations,Operations Manager,0,0,0.09680444998221982,9.68,Thap,2,It tham nien - Khoi luong cong viec thap
3364,2025-01-01,Information Technology,IT Support,0,0,0.09697817348794563,9.7,Thap,3,Cap bac cao - thu nhap cao
3365,2025-01-01,Sales,Sales Executive,0,0,0.016973160410041755,1.7,Thap,2,It tham nien - Khoi luong cong viec thap
3368,2025-01-01,Operations,Operations Executive,0,1,0.1722938320563065,17.23,Trung binh,2,It tham nien - Khoi luong cong viec thap
3369,2025-01-01,Marketing,Digital Marketing Specialist,0,0,0.0837114634994891,8.37,Thap,0,Lau nam - thang tien cham
3370,2025-01-01,Human Resources,C&B Specialist,0,0,0.07724119999987884,7.72,Thap,3,Cap bac cao - thu nhap cao
3371,2025-01-01,Human Resources,Recruiter,0,1,0.1692394015577839,16.92,Trung binh,0,Lau nam - thang tien cham
3375,2025-01-01,Sales,Sales Supervisor,0,0,0.11920975919919946,11.92,Thap,3,Cap bac cao - thu nhap cao
3379,2025-01-01,Marketing,Digital Marketing Specialist,0,0,0.03634931297960765,3.63,Thap,3,Cap bac cao - thu nhap cao
3381,2025-01-01,Human Resources,HR Executive,0,1,0.16699151959265987,16.7,Trung binh,3,Cap bac cao - thu nhap cao
3383,2025-01-01,Finance,Accountant,0,0,0.0390407083976081,3.9,Thap,0,Lau nam - thang tien cham
3384,2025-01-01,Finance,Finance Manager,1,1,0.22645217802938347,22.65,Trung binh,1,Khoi luong cong viec cao - uu tien giu chan
3385,2025-01-01,Sales,Sales Representative,0,0,0.034742891556370295,3.47,Thap,2,It tham nien - Khoi luong cong viec thap
3392,2025-01-01,Operations,Warehouse Supervisor,0,0,0.055323503309600695,5.53,Thap,3,Cap bac cao - thu nhap cao
3393,2025-01-01,Sales,Sales Supervisor,0,0,0.13877963035450305,13.88,Thap,2,It tham nien - Khoi luong cong viec thap
3394,2025-01-01,Sales,Sales Representative,0,0,0.05161041543794348,5.16,Thap,2,It tham nien - Khoi luong cong viec thap
3396,2025-01-01,Sales,Account Manager,0,1,0.16149651458125738,16.15,Trung binh,2,It tham nien - Khoi luong cong viec thap
3397,2025-01-01,Human Resources,C&B Specialist,0,0,0.1364870259540341,13.65,Thap,1,Khoi luong cong viec cao - uu tien giu chan
3398,2025-01-01,Marketing,Marketing Manager,0,0,0.05706312623609067,5.71,Thap,3,Cap bac cao - thu nhap cao
3400,2025-01-01,Finance,Finance Manager,0,0,0.045070984841958886,4.51,Thap,2,It tham nien - Khoi luong cong viec thap
3401,2025-01-01,Operations,Operations Executive,0,0,0.08880831646710328,8.88,Thap,1,Khoi luong cong viec cao - uu tien giu chan
3403,2025-01-01,Human Resources,Recruiter,0,0,0.05855441101434891,5.86,Thap,0,Lau nam - thang tien cham
3405,2025-01-01,Information Technology,IT Support,0,0,0.09351693077236764,9.35,Thap,2,It tham nien - Khoi luong cong viec thap
3406,2025-01-01,Information Technology,IT Support,0,0,0.1329772215693131,13.3,Thap,3,Cap bac cao - thu nhap cao
3408,2025-01-01,Human Resources,C&B Specialist,0,0,0.1367983687619347,13.68,Thap,2,It tham nien - Khoi luong cong viec thap
3411,2025-01-01,Sales,Sales Executive,1,0,0.13041862345642113,13.04,Thap,1,Khoi luong cong viec cao - uu tien giu chan
3412,2025-01-01,Finance,Accountant,0,0,0.07273506421958385,7.27,Thap,2,It tham nien - Khoi luong cong viec thap
3413,2025-01-01,Finance,Finance Manager,1,0,0.1159876666729406,11.6,Thap,0,Lau nam - thang tien cham
3414,2025-01-01,Sales,Sales Executive,0,0,0.06937026927414135,6.94,Thap,3,Cap bac cao - thu nhap cao
3416,2025-01-01,Finance,Financial Analyst,0,0,0.14510088391274883,14.51,Thap,3,Cap bac cao - thu nhap cao
3424,2025-01-01,Information Technology,QA Engineer,0,0,0.07841130318969547,7.84,Thap,2,It tham nien - Khoi luong cong viec thap
3426,2025-01-01,Operations,Operations Executive,0,1,0.33111754199492127,33.11,Cao,2,It tham nien - Khoi luong cong viec thap
3430,2025-01-01,Information Technology,Data Analyst,0,0,0.016903140584989367,1.69,Thap,2,It tham nien - Khoi luong cong viec thap
3432,2025-01-01,Sales,Sales Supervisor,0,0,0.15408736767940348,15.41,Thap,2,It tham nien - Khoi luong cong viec thap
3435,2025-01-01,Information Technology,Data Analyst,0,1,0.17605035216315829,17.61,Trung binh,2,It tham nien - Khoi luong cong viec thap
3436,2025-01-01,Finance,Accountant,0,0,0.05750076158768602,5.75,Thap,2,It tham nien - Khoi luong cong viec thap
3437,2025-01-01,Sales,Account Manager,1,1,0.2324989562431215,23.25,Trung binh,3,Cap bac cao - thu nhap cao
3438,2025-01-01,Finance,Accountant,0,1,0.16925914163760744,16.93,Trung binh,2,It tham nien - Khoi luong cong viec thap
3439,2025-01-01,Human Resources,Recruiter,0,0,0.10572492823885077,10.57,Thap,2,It tham nien - Khoi luong cong viec thap
3440,2025-01-01,Marketing,Content Specialist,1,0,0.11320513703476069,11.32,Thap,2,It tham nien - Khoi luong cong viec thap
3443,2025-01-01,Sales,Account Manager,0,1,0.2485927095374441,24.86,Trung binh,1,Khoi luong cong viec cao - uu tien giu chan
3445,2025-01-01,Information Technology,System Administrator,0,1,0.22242226341708876,22.24,Trung binh,1,Khoi luong cong viec cao - uu tien giu chan
3446,2025-01-01,Sales,Account Manager,0,1,0.24670368545846608,24.67,Trung binh,0,Lau nam - thang tien cham
3449,2025-01-01,Marketing,Marketing Executive,0,0,0.12980236509960763,12.98,Thap,2,It tham nien - Khoi luong cong viec thap
3455,2025-01-01,Operations,Procurement Specialist,0,0,0.11244092667313844,11.24,Thap,2,It tham nien - Khoi luong cong viec thap
3458,2025-01-01,Marketing,Marketing Manager,0,0,0.04022309374623598,4.02,Thap,2,It tham nien - Khoi luong cong viec thap
3459,2025-01-01,Information Technology,QA Engineer,0,0,0.11862716177750185,11.86,Thap,0,Lau nam - thang tien cham
3460,2025-01-01,Sales,Account Manager,0,1,0.20766120125338258,20.77,Trung binh,2,It tham nien - Khoi luong cong viec thap
3463,2025-01-01,Finance,Financial Analyst,0,1,0.1836935840113144,18.37,Trung binh,1,Khoi luong cong viec cao - uu tien giu chan
3464,2025-01-01,Human Resources,HR Executive,1,0,0.11017775309727283,11.02,Thap,2,It tham nien - Khoi luong cong viec thap
3468,2025-01-01,Information Technology,Data Analyst,0,0,0.10567098289125733,10.57,Thap,2,It tham nien - Khoi luong cong viec thap
3469,2025-01-01,Information Technology,Data Analyst,0,0,0.13254620869861317,13.25,Thap,2,It tham nien - Khoi luong cong viec thap
3471,2025-01-01,Operations,Procurement Specialist,1,1,0.24650997383076675,24.65,Trung binh,1,Khoi luong cong viec cao - uu tien giu chan
3472,2025-01-01,Human Resources,Recruiter,0,0,0.0594593989322097,5.95,Thap,2,It tham nien - Khoi luong cong viec thap
3475,2025-01-01,Human Resources,HR Manager,0,1,0.2212357547177854,22.12,Trung binh,0,Lau nam - thang tien cham
3483,2025-01-01,Finance,Accountant,0,0,0.11230257913846177,11.23,Thap,2,It tham nien - Khoi luong cong viec thap
3486,2025-01-01,Marketing,Marketing Manager,0,0,0.13399013914702845,13.4,Thap,1,Khoi luong cong viec cao - uu tien giu chan
3488,2025-01-01,Marketing,Marketing Manager,1,1,0.25171725557860525,25.17,Trung binh,3,Cap bac cao - thu nhap cao
3491,2025-01-01,Sales,Account Manager,1,0,0.11151777720046084,11.15,Thap,1,Khoi luong cong viec cao - uu tien giu chan
3492,2025-01-01,Operations,Procurement Specialist,1,1,0.25386317598707303,25.39,Trung binh,3,Cap bac cao - thu nhap cao
3495,2025-01-01,Sales,Sales Executive,0,0,0.07228158920014996,7.23,Thap,1,Khoi luong cong viec cao - uu tien giu chan
3498,2025-01-01,Human Resources,C&B Specialist,0,0,0.03659428800301605,3.66,Thap,2,It tham nien - Khoi luong cong viec thap
3499,2025-01-01,Operations,Operations Manager,0,1,0.18968904960128405,18.97,Trung binh,1,Khoi luong cong viec cao - uu tien giu chan
3500,2025-01-01,Information Technology,Software Engineer,0,0,0.10851101712365153,10.85,Thap,2,It tham nien - Khoi luong cong viec thap
3508,2025-01-01,Information Technology,Data Analyst,0,0,0.06144583888614109,6.14,Thap,1,Khoi luong cong viec cao - uu tien giu chan
3514,2025-01-01,Finance,Finance Manager,0,0,0.07139508549526126,7.14,Thap,0,Lau nam - thang tien cham
3516,2025-01-01,Marketing,Marketing Executive,0,0,0.07183845595301024,7.18,Thap,3,Cap bac cao - thu nhap cao
3517,2025-01-01,Marketing,Digital Marketing Specialist,0,0,0.11054595287372837,11.05,Thap,2,It tham nien - Khoi luong cong viec thap
3518,2025-01-01,Marketing,Marketing Manager,0,1,0.2001214299801515,20.01,Trung binh,1,Khoi luong cong viec cao - uu tien giu chan
3520,2025-01-01,Operations,Operations Executive,0,1,0.16851367693139432,16.85,Trung binh,1,Khoi luong cong viec cao - uu tien giu chan
3521,2025-01-01,Finance,Finance Manager,0,0,0.09202824820526755,9.2,Thap,3,Cap bac cao - thu nhap cao
3522,2025-01-01,Finance,Internal Auditor,0,0,0.15205623007122773,15.21,Thap,1,Khoi luong cong viec cao - uu tien giu chan
3523,2025-01-01,Sales,Sales Executive,0,0,0.07293508464093042,7.29,Thap,2,It tham nien - Khoi luong cong viec thap
3524,2025-01-01,Operations,Warehouse Supervisor,0,1,0.2894442166054957,28.94,Trung binh,2,It tham nien - Khoi luong cong viec thap
3526,2025-01-01,Information Technology,Software Engineer,0,0,0.08317600521199801,8.32,Thap,0,Lau nam - thang tien cham
3529,2025-01-01,Marketing,Marketing Executive,0,1,0.27878002992679596,27.88,Trung binh,3,Cap bac cao - thu nhap cao
3530,2025-01-01,Sales,Sales Executive,0,0,0.09489084531332957,9.49,Thap,1,Khoi luong cong viec cao - uu tien giu chan
3533,2025-01-01,Marketing,Digital Marketing Specialist,0,0,0.0597358054990797,5.97,Thap,2,It tham nien - Khoi luong cong viec thap
3536,2025-01-01,Marketing,Content Specialist,0,1,0.22934272439222744,22.93,Trung binh,1,Khoi luong cong viec cao - uu tien giu chan
3537,2025-01-01,Sales,Account Manager,0,1,0.16715415761080518,16.72,Trung binh,1,Khoi luong cong viec cao - uu tien giu chan
3538,2025-01-01,Sales,Account Manager,0,1,0.1656825467070313,16.57,Trung binh,1,Khoi luong cong viec cao - uu tien giu chan
3539,2025-01-01,Information Technology,IT Support,0,0,0.09252298599451249,9.25,Thap,2,It tham nien - Khoi luong cong viec thap
3543,2025-01-01,Finance,Accountant,0,0,0.10595094447811969,10.6,Thap,3,Cap bac cao - thu nhap cao
3545,2025-01-01,Marketing,Content Specialist,0,0,0.1274812397724291,12.75,Thap,1,Khoi luong cong viec cao - uu tien giu chan
3546,2025-01-01,Sales,Account Manager,0,0,0.11059824699095779,11.06,Thap,3,Cap bac cao - thu nhap cao
3547,2025-01-01,Information Technology,QA Engineer,0,1,0.2785965913142414,27.86,Trung binh,1,Khoi luong cong viec cao - uu tien giu chan
3548,2025-01-01,Marketing,Content Specialist,0,1,0.19062083378287178,19.06,Trung binh,0,Lau nam - thang tien cham
3549,2025-01-01,Marketing,Marketing Manager,0,0,0.06093463800750813,6.09,Thap,2,It tham nien - Khoi luong cong viec thap
3553,2025-01-01,Human Resources,HR Executive,0,1,0.24745276326452698,24.75,Trung binh,1,Khoi luong cong viec cao - uu tien giu chan
3555,2025-01-01,Human Resources,C&B Specialist,0,0,0.12042699078524752,12.04,Thap,1,Khoi luong cong viec cao - uu tien giu chan
3556,2025-01-01,Human Resources,C&B Specialist,0,0,0.05561345541708451,5.56,Thap,2,It tham nien - Khoi luong cong viec thap
3557,2025-01-01,Marketing,Digital Marketing Specialist,0,1,0.1674736728552286,16.75,Trung binh,1,Khoi luong cong viec cao - uu tien giu chan
3559,2025-01-01,Operations,Operations Manager,1,0,0.1523016298903844,15.23,Thap,2,It tham nien - Khoi luong cong viec thap
3561,2025-01-01,Information Technology,IT Support,0,0,0.06371890129578711,6.37,Thap,3,Cap bac cao - thu nhap cao
3563,2025-01-01,Information Technology,Data Analyst,0,0,0.10170563902405147,10.17,Thap,2,It tham nien - Khoi luong cong viec thap
3564,2025-01-01,Sales,Sales Executive,0,0,0.09393169977883377,9.39,Thap,2,It tham nien - Khoi luong cong viec thap
3566,2025-01-01,Marketing,Content Specialist,1,0,0.0724438601045505,7.24,Thap,2,It tham nien - Khoi luong cong viec thap
3568,2025-01-01,Marketing,Marketing Manager,1,0,0.05764615262375037,5.76,Thap,2,It tham nien - Khoi luong cong viec thap
3574,2025-01-01,Operations,Warehouse Supervisor,0,1,0.18125144445193744,18.13,Trung binh,1,Khoi luong cong viec cao - uu tien giu chan
3576,2025-01-01,Information Technology,IT Support,0,0,0.08786525716750446,8.79,Thap,2,It tham nien - Khoi luong cong viec thap
3579,2025-01-01,Marketing,Marketing Manager,0,0,0.13585285837375718,13.59,Thap,1,Khoi luong cong viec cao - uu tien giu chan
3580,2025-01-01,Operations,Warehouse Supervisor,1,0,0.10957347743630354,10.96,Thap,2,It tham nien - Khoi luong cong viec thap
3588,2025-01-01,Sales,Sales Executive,0,0,0.13829639485127496,13.83,Thap,3,Cap bac cao - thu nhap cao
3593,2025-01-01,Operations,Operations Executive,0,1,0.16669239878194714,16.67,Trung binh,1,Khoi luong cong viec cao - uu tien giu chan
3598,2025-01-01,Marketing,Marketing Executive,0,0,0.03626802889356754,3.63,Thap,0,Lau nam - thang tien cham
3600,2025-01-01,Finance,Financial Analyst,0,0,0.13657166018687153,13.66,Thap,3,Cap bac cao - thu nhap cao
3601,2025-01-01,Finance,Financial Analyst,0,0,0.13411860923006821,13.41,Thap,1,Khoi luong cong viec cao - uu tien giu chan
3602,2025-01-01,Finance,Finance Manager,0,0,0.03295846730731404,3.3,Thap,2,It tham nien - Khoi luong cong viec thap
3603,2025-01-01,Information Technology,System Administrator,1,1,0.2906223019178725,29.06,Trung binh,1,Khoi luong cong viec cao - uu tien giu chan
3604,2025-01-01,Information Technology,QA Engineer,0,1,0.24070658834369976,24.07,Trung binh,0,Lau nam - thang tien cham
3608,2025-01-01,Human Resources,C&B Specialist,0,0,0.129505447192389,12.95,Thap,3,Cap bac cao - thu nhap cao
3609,2025-01-01,Marketing,Marketing Manager,1,1,0.2651157236280717,26.51,Trung binh,1,Khoi luong cong viec cao - uu tien giu chan
3610,2025-01-01,Sales,Sales Executive,0,1,0.25309930589430163,25.31,Trung binh,1,Khoi luong cong viec cao - uu tien giu chan
3611,2025-01-01,Sales,Account Manager,0,1,0.16993411410339887,16.99,Trung binh,0,Lau nam - thang tien cham
3612,2025-01-01,Operations,Warehouse Supervisor,0,1,0.20329536940467424,20.33,Trung binh,0,Lau nam - thang tien cham
3613,2025-01-01,Marketing,Marketing Manager,0,0,0.06896127989222554,6.9,Thap,1,Khoi luong cong viec cao - uu tien giu chan
3617,2025-01-01,Finance,Financial Analyst,0,0,0.08631735535986117,8.63,Thap,2,It tham nien - Khoi luong cong viec thap
3618,2025-01-01,Information Technology,System Administrator,0,0,0.09069732609892325,9.07,Thap,2,It tham nien - Khoi luong cong viec thap
3619,2025-01-01,Operations,Operations Executive,0,1,0.2904581024899514,29.05,Trung binh,1,Khoi luong cong viec cao - uu tien giu chan
3622,2025-01-01,Marketing,Content Specialist,0,0,0.09599781881422413,9.6,Thap,3,Cap bac cao - thu nhap cao
3623,2025-01-01,Finance,Accountant,0,0,0.13369609333613466,13.37,Thap,0,Lau nam - thang tien cham
3629,2025-01-01,Marketing,Marketing Executive,0,0,0.15256329301203195,15.26,Thap,1,Khoi luong cong viec cao - uu tien giu chan
3636,2025-01-01,Marketing,Digital Marketing Specialist,0,0,0.12029192889095087,12.03,Thap,2,It tham nien - Khoi luong cong viec thap
3638,2025-01-01,Finance,Internal Auditor,0,0,0.11215977320137895,11.22,Thap,2,It tham nien - Khoi luong cong viec thap
3641,2025-01-01,Finance,Internal Auditor,0,1,0.1840641249778448,18.41,Trung binh,1,Khoi luong cong viec cao - uu tien giu chan
3643,2025-01-01,Information Technology,Data Analyst,0,0,0.09577278715709318,9.58,Thap,0,Lau nam - thang tien cham
3645,2025-01-01,Finance,Internal Auditor,0,0,0.11219603757393709,11.22,Thap,2,It tham nien - Khoi luong cong viec thap
3647,2025-01-01,Sales,Sales Executive,0,0,0.03511886640484199,3.51,Thap,2,It tham nien - Khoi luong cong viec thap
3650,2025-01-01,Finance,Finance Manager,0,1,0.38691002456102075,38.69,Cao,1,Khoi luong cong viec cao - uu tien giu chan
3655,2025-01-01,Information Technology,System Administrator,0,0,0.04398716660225617,4.4,Thap,3,Cap bac cao - thu nhap cao
3656,2025-01-01,Finance,Finance Manager,0,0,0.13729844376561126,13.73,Thap,0,Lau nam - thang tien cham
3660,2025-01-01,Sales,Sales Supervisor,0,0,0.05713524569881344,5.71,Thap,2,It tham nien - Khoi luong cong viec thap
3662,2025-01-01,Human Resources,HR Executive,1,0,0.11795139165150828,11.8,Thap,1,Khoi luong cong viec cao - uu tien giu chan
3664,2025-01-01,Operations,Operations Executive,0,1,0.1677567546030395,16.78,Trung binh,1,Khoi luong cong viec cao - uu tien giu chan
3666,2025-01-01,Information Technology,IT Support,0,0,0.07836316042577039,7.84,Thap,3,Cap bac cao - thu nhap cao
3667,2025-01-01,Finance,Internal Auditor,0,0,0.08035183178797575,8.04,Thap,0,Lau nam - thang tien cham
3668,2025-01-01,Finance,Financial Analyst,1,1,0.2101195481944389,21.01,Trung binh,1,Khoi luong cong viec cao - uu tien giu chan
3672,2025-01-01,Information Technology,QA Engineer,0,0,0.1168934994376073,11.69,Thap,2,It tham nien - Khoi luong cong viec thap
3675,2025-01-01,Human Resources,C&B Specialist,0,0,0.1147864037407337,11.48,Thap,3,Cap bac cao - thu nhap cao
3676,2025-01-01,Information Technology,System Administrator,0,0,0.15307686847048374,15.31,Thap,2,It tham nien - Khoi luong cong viec thap
3678,2025-01-01,Sales,Account Manager,0,1,0.2825199510410638,28.25,Trung binh,3,Cap bac cao - thu nhap cao
3679,2025-01-01,Information Technology,System Administrator,0,0,0.09826350986522689,9.83,Thap,3,Cap bac cao - thu nhap cao
3682,2025-01-01,Operations,Warehouse Supervisor,0,0,0.09678380447440059,9.68,Thap,3,Cap bac cao - thu nhap cao
3685,2025-01-01,Sales,Sales Representative,0,1,0.16399977466128457,16.4,Trung binh,0,Lau nam - thang tien cham
3686,2025-01-01,Human Resources,C&B Specialist,0,0,0.07042447870853262,7.04,Thap,2,It tham nien - Khoi luong cong viec thap
3688,2025-01-01,Operations,Operations Executive,0,0,0.11804125433117046,11.8,Thap,2,It tham nien - Khoi luong cong viec thap
3691,2025-01-01,Finance,Finance Manager,0,0,0.11970479562118636,11.97,Thap,0,Lau nam - thang tien cham
3695,2025-01-01,Human Resources,C&B Specialist,0,0,0.15492549394419272,15.49,Thap,1,Khoi luong cong viec cao - uu tien giu chan
3698,2025-01-01,Information Technology,Data Analyst,0,0,0.09493117018341503,9.49,Thap,2,It tham nien - Khoi luong cong viec thap
3699,2025-01-01,Information Technology,IT Support,0,0,0.0757959417655874,7.58,Thap,0,Lau nam - thang tien cham
3701,2025-01-01,Operations,Warehouse Supervisor,0,1,0.20154445946930113,20.15,Trung binh,3,Cap bac cao - thu nhap cao
3702,2025-01-01,Sales,Sales Executive,0,0,0.12441775539584195,12.44,Thap,2,It tham nien - Khoi luong cong viec thap
3705,2025-01-01,Human Resources,HR Manager,1,0,0.08664050635360035,8.66,Thap,2,It tham nien - Khoi luong cong viec thap
3706,2025-01-01,Information Technology,QA Engineer,1,1,0.20604723210932333,20.6,Trung binh,0,Lau nam - thang tien cham
3707,2025-01-01,Sales,Sales Supervisor,0,1,0.3368062904847355,33.68,Cao,1,Khoi luong cong viec cao - uu tien giu chan
3708,2025-01-01,Information Technology,System Administrator,0,0,0.03665147054571038,3.67,Thap,3,Cap bac cao - thu nhap cao
3709,2025-01-01,Operations,Warehouse Supervisor,0,0,0.07212549926126126,7.21,Thap,2,It tham nien - Khoi luong cong viec thap
3711,2025-01-01,Information Technology,System Administrator,0,0,0.0811702351389832,8.12,Thap,2,It tham nien - Khoi luong cong viec thap
3712,2025-01-01,Marketing,Marketing Manager,0,0,0.12635561272177917,12.64,Thap,1,Khoi luong cong viec cao - uu tien giu chan
3714,2025-01-01,Marketing,Content Specialist,0,0,0.12743299419465293,12.74,Thap,3,Cap bac cao - thu nhap cao
3721,2025-01-01,Finance,Financial Analyst,0,0,0.08966502454249617,8.97,Thap,2,It tham nien - Khoi luong cong viec thap
3724,2025-01-01,Information Technology,Data Analyst,0,0,0.056364763491404436,5.64,Thap,0,Lau nam - thang tien cham
3725,2025-01-01,Finance,Financial Analyst,0,0,0.10102443618444021,10.1,Thap,3,Cap bac cao - thu nhap cao
3726,2025-01-01,Finance,Internal Auditor,0,1,0.2211219224710964,22.11,Trung binh,2,It tham nien - Khoi luong cong viec thap
3727,2025-01-01,Marketing,Marketing Executive,0,0,0.09765003949022956,9.77,Thap,3,Cap bac cao - thu nhap cao
3728,2025-01-01,Human Resources,HR Executive,0,0,0.02214930831574417,2.21,Thap,2,It tham nien - Khoi luong cong viec thap
3732,2025-01-01,Operations,Operations Manager,1,1,0.24250136586842075,24.25,Trung binh,0,Lau nam - thang tien cham
3737,2025-01-01,Marketing,Marketing Executive,0,1,0.22147867346249656,22.15,Trung binh,1,Khoi luong cong viec cao - uu tien giu chan
3740,2025-01-01,Human Resources,HR Manager,0,0,0.1431315791187178,14.31,Thap,0,Lau nam - thang tien cham
3741,2025-01-01,Sales,Sales Executive,0,1,0.1755022786742627,17.55,Trung binh,2,It tham nien - Khoi luong cong viec thap
3742,2025-01-01,Operations,Operations Executive,0,1,0.18892146585098055,18.89,Trung binh,0,Lau nam - thang tien cham
3746,2025-01-01,Human Resources,C&B Specialist,0,0,0.12260639481731081,12.26,Thap,1,Khoi luong cong viec cao - uu tien giu chan
3749,2025-01-01,Finance,Accountant,0,0,0.07645332992623452,7.65,Thap,0,Lau nam - thang tien cham
3753,2025-01-01,Operations,Warehouse Supervisor,0,1,0.2513954000446142,25.14,Trung binh,1,Khoi luong cong viec cao - uu tien giu chan
3754,2025-01-01,Finance,Accountant,0,1,0.2552846641796568,25.53,Trung binh,3,Cap bac cao - thu nhap cao
3755,2025-01-01,Operations,Operations Executive,0,0,0.035876584293424434,3.59,Thap,3,Cap bac cao - thu nhap cao
3758,2025-01-01,Human Resources,C&B Specialist,0,0,0.14979730703750574,14.98,Thap,1,Khoi luong cong viec cao - uu tien giu chan
3760,2025-01-01,Operations,Operations Manager,0,1,0.21096104158642826,21.1,Trung binh,1,Khoi luong cong viec cao - uu tien giu chan
3761,2025-01-01,Human Resources,HR Executive,1,1,0.21657397542105605,21.66,Trung binh,1,Khoi luong cong viec cao - uu tien giu chan
3762,2025-01-01,Finance,Internal Auditor,0,0,0.10519713192198846,10.52,Thap,2,It tham nien - Khoi luong cong viec thap
3763,2025-01-01,Marketing,Marketing Executive,0,1,0.17925149576587435,17.93,Trung binh,1,Khoi luong cong viec cao - uu tien giu chan
3765,2025-01-01,Sales,Sales Executive,0,0,0.06438317068778822,6.44,Thap,1,Khoi luong cong viec cao - uu tien giu chan
3769,2025-01-01,Sales,Sales Executive,1,1,0.1983003782325286,19.83,Trung binh,0,Lau nam - thang tien cham
3770,2025-01-01,Sales,Sales Representative,0,0,0.11245535984022377,11.25,Thap,2,It tham nien - Khoi luong cong viec thap
3771,2025-01-01,Sales,Sales Supervisor,0,0,0.15573139918911885,15.57,Thap,0,Lau nam - thang tien cham
3774,2025-01-01,Human Resources,C&B Specialist,1,1,0.2673449275876285,26.73,Trung binh,1,Khoi luong cong viec cao - uu tien giu chan
3775,2025-01-01,Marketing,Marketing Manager,0,0,0.1460639296931669,14.61,Thap,1,Khoi luong cong viec cao - uu tien giu chan
3777,2025-01-01,Finance,Accountant,0,0,0.10062735690353497,10.06,Thap,2,It tham nien - Khoi luong cong viec thap
3781,2025-01-01,Finance,Finance Manager,0,0,0.0733915430746585,7.34,Thap,2,It tham nien - Khoi luong cong viec thap
3784,2025-01-01,Human Resources,Recruiter,0,0,0.05533430626865873,5.53,Thap,3,Cap bac cao - thu nhap cao
3786,2025-01-01,Marketing,Digital Marketing Specialist,0,0,0.08147994574730917,8.15,Thap,2,It tham nien - Khoi luong cong viec thap
3788,2025-01-01,Human Resources,C&B Specialist,1,0,0.07220064593349053,7.22,Thap,3,Cap bac cao - thu nhap cao
3790,2025-01-01,Finance,Accountant,1,0,0.05309075203204283,5.31,Thap,2,It tham nien - Khoi luong cong viec thap
3794,2025-01-01,Information Technology,QA Engineer,0,0,0.11986954842359009,11.99,Thap,2,It tham nien - Khoi luong cong viec thap
3798,2025-01-01,Operations,Procurement Specialist,0,0,0.1502829846526785,15.03,Thap,3,Cap bac cao - thu nhap cao
3799,2025-01-01,Human Resources,C&B Specialist,0,1,0.20428604961599886,20.43,Trung binh,1,Khoi luong cong viec cao - uu tien giu chan
3800,2025-01-01,Marketing,Content Specialist,0,0,0.11700786997370721,11.7,Thap,2,It tham nien - Khoi luong cong viec thap
3801,2025-01-01,Finance,Financial Analyst,0,0,0.11153584996596726,11.15,Thap,1,Khoi luong cong viec cao - uu tien giu chan
3802,2025-01-01,Finance,Accountant,0,0,0.054681315753173955,5.47,Thap,2,It tham nien - Khoi luong cong viec thap
3805,2025-01-01,Operations,Procurement Specialist,0,0,0.13311451921586864,13.31,Thap,2,It tham nien - Khoi luong cong viec thap
3806,2025-01-01,Operations,Operations Executive,0,1,0.2130524338428327,21.31,Trung binh,2,It tham nien - Khoi luong cong viec thap
3808,2025-01-01,Marketing,Content Specialist,0,0,0.1331935838217124,13.32,Thap,1,Khoi luong cong viec cao - uu tien giu chan
3810,2025-01-01,Information Technology,Data Analyst,0,0,0.14850454952097303,14.85,Thap,2,It tham nien - Khoi luong cong viec thap
3811,2025-01-01,Finance,Internal Auditor,1,1,0.23664832570148187,23.66,Trung binh,1,Khoi luong cong viec cao - uu tien giu chan
3813,2025-01-01,Marketing,Digital Marketing Specialist,0,0,0.01853068049344545,1.85,Thap,3,Cap bac cao - thu nhap cao
3815,2025-01-01,Marketing,Content Specialist,0,0,0.15239874873999376,15.24,Thap,2,It tham nien - Khoi luong cong viec thap
3816,2025-01-01,Sales,Sales Executive,0,0,0.09859917107844215,9.86,Thap,3,Cap bac cao - thu nhap cao
3818,2025-01-01,Sales,Sales Representative,0,0,0.1326935498705001,13.27,Thap,2,It tham nien - Khoi luong cong viec thap
3820,2025-01-01,Human Resources,HR Manager,0,0,0.09417500672341592,9.42,Thap,2,It tham nien - Khoi luong cong viec thap
3822,2025-01-01,Marketing,Digital Marketing Specialist,0,0,0.07747276828324962,7.75,Thap,2,It tham nien - Khoi luong cong viec thap
3826,2025-01-01,Sales,Sales Supervisor,0,1,0.27155367879586206,27.16,Trung binh,1,Khoi luong cong viec cao - uu tien giu chan
3827,2025-01-01,Information Technology,QA Engineer,0,1,0.3828365947289386,38.28,Cao,1,Khoi luong cong viec cao - uu tien giu chan
3828,2025-01-01,Information Technology,Data Analyst,0,0,0.1231397972566275,12.31,Thap,3,Cap bac cao - thu nhap cao
3835,2025-01-01,Human Resources,Recruiter,1,0,0.05465659749236854,5.47,Thap,2,It tham nien - Khoi luong cong viec thap
3838,2025-01-01,Marketing,Marketing Manager,0,0,0.05582426383845256,5.58,Thap,2,It tham nien - Khoi luong cong viec thap
3840,2025-01-01,Marketing,Marketing Executive,0,0,0.12423801072867188,12.42,Thap,3,Cap bac cao - thu nhap cao
3843,2025-01-01,Marketing,Marketing Manager,1,1,0.19154653016235326,19.15,Trung binh,0,Lau nam - thang tien cham
3845,2025-01-01,Marketing,Content Specialist,0,0,0.05618284000860118,5.62,Thap,2,It tham nien - Khoi luong cong viec thap
3846,2025-01-01,Operations,Warehouse Supervisor,0,0,0.08325539652683095,8.33,Thap,2,It tham nien - Khoi luong cong viec thap
3851,2025-01-01,Finance,Internal Auditor,0,1,0.1748567918894365,17.49,Trung binh,1,Khoi luong cong viec cao - uu tien giu chan
3854,2025-01-01,Sales,Sales Executive,0,0,0.12802540658650435,12.8,Thap,1,Khoi luong cong viec cao - uu tien giu chan
3858,2025-01-01,Information Technology,IT Support,0,0,0.1239825177679623,12.4,Thap,2,It tham nien - Khoi luong cong viec thap
3862,2025-01-01,Finance,Financial Analyst,1,1,0.22736334206252934,22.74,Trung binh,1,Khoi luong cong viec cao - uu tien giu chan
3867,2025-01-01,Human Resources,HR Manager,0,0,0.14992029476696098,14.99,Thap,1,Khoi luong cong viec cao - uu tien giu chan
3868,2025-01-01,Sales,Sales Representative,0,0,0.07368559499566056,7.37,Thap,2,It tham nien - Khoi luong cong viec thap
3869,2025-01-01,Operations,Procurement Specialist,0,0,0.0991273156120787,9.91,Thap,2,It tham nien - Khoi luong cong viec thap
3871,2025-01-01,Information Technology,QA Engineer,0,1,0.2121654519448404,21.22,Trung binh,1,Khoi luong cong viec cao - uu tien giu chan
3884,2025-01-01,Finance,Financial Analyst,0,1,0.1889261298229076,18.89,Trung binh,1,Khoi luong cong viec cao - uu tien giu chan
3887,2025-01-01,Finance,Internal Auditor,0,0,0.021900413575062328,2.19,Thap,2,It tham nien - Khoi luong cong viec thap
3890,2025-01-01,Marketing,Content Specialist,1,0,0.1307573831741936,13.08,Thap,1,Khoi luong cong viec cao - uu tien giu chan
3891,2025-01-01,Sales,Sales Representative,1,1,0.3634385580354039,36.34,Cao,0,Lau nam - thang tien cham
3893,2025-01-01,Operations,Operations Executive,0,1,0.2997820728016488,29.98,Trung binh,1,Khoi luong cong viec cao - uu tien giu chan
3895,2025-01-01,Operations,Operations Manager,0,1,0.27417755543940653,27.42,Trung binh,0,Lau nam - thang tien cham
3897,2025-01-01,Operations,Procurement Specialist,1,1,0.4226832874694009,42.27,Cao,1,Khoi luong cong viec cao - uu tien giu chan
3901,2025-01-01,Finance,Financial Analyst,0,0,0.08870765832122672,8.87,Thap,2,It tham nien - Khoi luong cong viec thap
3902,2025-01-01,Finance,Financial Analyst,0,1,0.26577303392783047,26.58,Trung binh,2,It tham nien - Khoi luong cong viec thap
3904,2025-01-01,Finance,Finance Manager,1,1,0.2048494179718496,20.48,Trung binh,0,Lau nam - thang tien cham
3905,2025-01-01,Information Technology,QA Engineer,0,0,0.05938377727927051,5.94,Thap,0,Lau nam - thang tien cham
3910,2025-01-01,Information Technology,QA Engineer,0,0,0.067315017725347,6.73,Thap,3,Cap bac cao - thu nhap cao
3911,2025-01-01,Information Technology,QA Engineer,0,0,0.10916641902024021,10.92,Thap,2,It tham nien - Khoi luong cong viec thap
3912,2025-01-01,Sales,Sales Supervisor,0,1,0.2409198682650153,24.09,Trung binh,1,Khoi luong cong viec cao - uu tien giu chan
3915,2025-01-01,Finance,Internal Auditor,0,1,0.34808462786634053,34.81,Cao,3,Cap bac cao - thu nhap cao
3916,2025-01-01,Marketing,Marketing Executive,0,1,0.2588057607327308,25.88,Trung binh,1,Khoi luong cong viec cao - uu tien giu chan
3919,2025-01-01,Marketing,Marketing Manager,0,0,0.10541377322729097,10.54,Thap,0,Lau nam - thang tien cham
3921,2025-01-01,Human Resources,HR Executive,0,1,0.24950657320170289,24.95,Trung binh,3,Cap bac cao - thu nhap cao
3922,2025-01-01,Marketing,Content Specialist,0,0,0.12707366327080968,12.71,Thap,0,Lau nam - thang tien cham
3929,2025-01-01,Operations,Warehouse Supervisor,1,1,0.2993860972546293,29.94,Trung binh,1,Khoi luong cong viec cao - uu tien giu chan
3930,2025-01-01,Operations,Warehouse Supervisor,1,1,0.3271076516491418,32.71,Cao,0,Lau nam - thang tien cham
3932,2025-01-01,Sales,Sales Representative,0,0,0.07526726363904955,7.53,Thap,1,Khoi luong cong viec cao - uu tien giu chan
3933,2025-01-01,Operations,Procurement Specialist,0,0,0.10213829938676047,10.21,Thap,3,Cap bac cao - thu nhap cao
3937,2025-01-01,Marketing,Marketing Manager,0,0,0.08537653626793604,8.54,Thap,2,It tham nien - Khoi luong cong viec thap
3939,2025-01-01,Finance,Finance Manager,0,0,0.1561303155459116,15.61,Thap,1,Khoi luong cong viec cao - uu tien giu chan
3940,2025-01-01,Sales,Sales Supervisor,0,1,0.17498302185735215,17.5,Trung binh,2,It tham nien - Khoi luong cong viec thap
3941,2025-01-01,Operations,Operations Manager,1,1,0.24319859495060098,24.32,Trung binh,1,Khoi luong cong viec cao - uu tien giu chan
3943,2025-01-01,Human Resources,Recruiter,1,0,0.09559901167200346,9.56,Thap,2,It tham nien - Khoi luong cong viec thap
3950,2025-01-01,Information Technology,QA Engineer,0,0,0.12866502959350057,12.87,Thap,2,It tham nien - Khoi luong cong viec thap
3952,2025-01-01,Operations,Warehouse Supervisor,0,0,0.12907304540320114,12.91,Thap,2,It tham nien - Khoi luong cong viec thap
3954,2025-01-01,Human Resources,HR Manager,0,1,0.23582671716418696,23.58,Trung binh,0,Lau nam - thang tien cham
3955,2025-01-01,Finance,Financial Analyst,0,1,0.18641975556134602,18.64,Trung binh,3,Cap bac cao - thu nhap cao
3956,2025-01-01,Operations,Warehouse Supervisor,1,1,0.2933532836186098,29.34,Trung binh,3,Cap bac cao - thu nhap cao
3962,2025-01-01,Operations,Operations Manager,0,0,0.1449715515974998,14.5,Thap,1,Khoi luong cong viec cao - uu tien giu chan
3963,2025-01-01,Sales,Sales Supervisor,0,0,0.057373628932754384,5.74,Thap,3,Cap bac cao - thu nhap cao
3964,2025-01-01,Human Resources,Recruiter,0,1,0.24831790265210305,24.83,Trung binh,1,Khoi luong cong viec cao - uu tien giu chan
3965,2025-01-01,Marketing,Marketing Manager,0,0,0.037952961686333615,3.8,Thap,2,It tham nien - Khoi luong cong viec thap
3966,2025-01-01,Operations,Operations Manager,0,0,0.12133976706164375,12.13,Thap,3,Cap bac cao - thu nhap cao
3967,2025-01-01,Operations,Operations Executive,0,1,0.26897157560202434,26.9,Trung binh,1,Khoi luong cong viec cao - uu tien giu chan
3968,2025-01-01,Information Technology,IT Support,0,1,0.2383610269781204,23.84,Trung binh,0,Lau nam - thang tien cham
3971,2025-01-01,Operations,Operations Executive,0,0,0.13975871530120904,13.98,Thap,3,Cap bac cao - thu nhap cao
3979,2025-01-01,Operations,Operations Executive,1,0,0.10288060372437356,10.29,Thap,2,It tham nien - Khoi luong cong viec thap
3984,2025-01-01,Information Technology,Software Engineer,0,0,0.05441280314752334,5.44,Thap,2,It tham nien - Khoi luong cong viec thap
3985,2025-01-01,Sales,Account Manager,0,1,0.19025365810627085,19.03,Trung binh,1,Khoi luong cong viec cao - uu tien giu chan
3986,2025-01-01,Marketing,Marketing Executive,0,0,0.07456275978515937,7.46,Thap,3,Cap bac cao - thu nhap cao
3990,2025-01-01,Finance,Finance Manager,1,0,0.09071212767753956,9.07,Thap,2,It tham nien - Khoi luong cong viec thap
3995,2025-01-01,Sales,Sales Representative,0,0,0.11914707973391447,11.91,Thap,2,It tham nien - Khoi luong cong viec thap
3997,2025-01-01,Human Resources,C&B Specialist,0,0,0.07285706734914663,7.29,Thap,0,Lau nam - thang tien cham
3998,2025-01-01,Marketing,Content Specialist,0,0,0.06271037931434185,6.27,Thap,2,It tham nien - Khoi luong cong viec thap
3999,2025-01-01,Operations,Procurement Specialist,0,1,0.18011308857922892,18.01,Trung binh,2,It tham nien - Khoi luong cong viec thap
4000,2025-01-01,Information Technology,System Administrator,0,0,0.06149358139255359,6.15,Thap,2,It tham nien - Khoi luong cong viec thap
4009,2025-01-01,Sales,Account Manager,0,0,0.13495743264385932,13.5,Thap,1,Khoi luong cong viec cao - uu tien giu chan
4011,2025-01-01,Operations,Operations Executive,0,0,0.12901370095115156,12.9,Thap,0,Lau nam - thang tien cham
4013,2025-01-01,Information Technology,System Administrator,0,0,0.061186250332800535,6.12,Thap,2,It tham nien - Khoi luong cong viec thap
4016,2025-01-01,Information Technology,Data Analyst,0,0,0.0731075702839485,7.31,Thap,2,It tham nien - Khoi luong cong viec thap
4019,2025-01-01,Operations,Warehouse Supervisor,0,0,0.12125775383185239,12.13,Thap,1,Khoi luong cong viec cao - uu tien giu chan
4022,2025-01-01,Marketing,Marketing Executive,1,1,0.1668213342209444,16.68,Trung binh,2,It tham nien - Khoi luong cong viec thap
4024,2025-01-01,Marketing,Marketing Manager,0,0,0.06313427869800971,6.31,Thap,2,It tham nien - Khoi luong cong viec thap
4026,2025-01-01,Human Resources,C&B Specialist,0,0,0.07303761753394777,7.3,Thap,2,It tham nien - Khoi luong cong viec thap
4030,2025-01-01,Marketing,Digital Marketing Specialist,0,0,0.03543653085305185,3.54,Thap,3,Cap bac cao - thu nhap cao
4037,2025-01-01,Sales,Sales Supervisor,0,0,0.05273879594852016,5.27,Thap,2,It tham nien - Khoi luong cong viec thap
4042,2025-01-01,Operations,Warehouse Supervisor,0,0,0.11673386002478857,11.67,Thap,2,It tham nien - Khoi luong cong viec thap
4045,2025-01-01,Human Resources,C&B Specialist,0,1,0.21849136510519102,21.85,Trung binh,1,Khoi luong cong viec cao - uu tien giu chan
4046,2025-01-01,Sales,Sales Representative,0,0,0.05894275295272965,5.89,Thap,0,Lau nam - thang tien cham
4048,2025-01-01,Finance,Accountant,0,1,0.20706689251269536,20.71,Trung binh,1,Khoi luong cong viec cao - uu tien giu chan
4054,2025-01-01,Information Technology,Software Engineer,1,1,0.1711810151544496,17.12,Trung binh,1,Khoi luong cong viec cao - uu tien giu chan
4058,2025-01-01,Finance,Financial Analyst,0,1,0.19612190839680374,19.61,Trung binh,0,Lau nam - thang tien cham
4061,2025-01-01,Finance,Internal Auditor,0,1,0.20926538619675386,20.93,Trung binh,3,Cap bac cao - thu nhap cao
4062,2025-01-01,Marketing,Marketing Executive,0,0,0.10141335158640487,10.14,Thap,2,It tham nien - Khoi luong cong viec thap
4063,2025-01-01,Information Technology,Data Analyst,0,1,0.1644792334840701,16.45,Trung binh,2,It tham nien - Khoi luong cong viec thap
4065,2025-01-01,Human Resources,C&B Specialist,0,0,0.07411878538389041,7.41,Thap,2,It tham nien - Khoi luong cong viec thap
4067,2025-01-01,Human Resources,Recruiter,0,0,0.07398245384820079,7.4,Thap,3,Cap bac cao - thu nhap cao
4068,2025-01-01,Human Resources,C&B Specialist,0,1,0.2114677043422003,21.15,Trung binh,0,Lau nam - thang tien cham
4070,2025-01-01,Human Resources,HR Executive,1,0,0.07033533405154266,7.03,Thap,2,It tham nien - Khoi luong cong viec thap
4071,2025-01-01,Finance,Financial Analyst,0,0,0.10041578062815476,10.04,Thap,2,It tham nien - Khoi luong cong viec thap
4072,2025-01-01,Information Technology,Data Analyst,0,0,0.03582842615808722,3.58,Thap,2,It tham nien - Khoi luong cong viec thap
4074,2025-01-01,Operations,Operations Manager,0,0,0.09428284141936034,9.43,Thap,2,It tham nien - Khoi luong cong viec thap
4075,2025-01-01,Marketing,Content Specialist,0,0,0.12329042364677242,12.33,Thap,2,It tham nien - Khoi luong cong viec thap
4077,2025-01-01,Marketing,Marketing Manager,0,0,0.1502122637388378,15.02,Thap,1,Khoi luong cong viec cao - uu tien giu chan
4078,2025-01-01,Human Resources,HR Manager,0,0,0.07748905206885671,7.75,Thap,2,It tham nien - Khoi luong cong viec thap
4079,2025-01-01,Information Technology,IT Support,0,0,0.1164097735353403,11.64,Thap,2,It tham nien - Khoi luong cong viec thap
4080,2025-01-01,Operations,Procurement Specialist,0,1,0.20584202107613547,20.58,Trung binh,2,It tham nien - Khoi luong cong viec thap
4081,2025-01-01,Sales,Sales Representative,1,1,0.21397927221585702,21.4,Trung binh,1,Khoi luong cong viec cao - uu tien giu chan
4082,2025-01-01,Human Resources,Recruiter,0,0,0.15669177465253814,15.67,Thap,0,Lau nam - thang tien cham
4083,2025-01-01,Sales,Sales Supervisor,0,0,0.15353511755789254,15.35,Thap,2,It tham nien - Khoi luong cong viec thap
4084,2025-01-01,Marketing,Content Specialist,0,0,0.1532285416609087,15.32,Thap,0,Lau nam - thang tien cham
4086,2025-01-01,Finance,Finance Manager,0,0,0.1476230219328726,14.76,Thap,2,It tham nien - Khoi luong cong viec thap
4088,2025-01-01,Human Resources,Recruiter,1,1,0.18995036570021795,19.0,Trung binh,2,It tham nien - Khoi luong cong viec thap
4090,2025-01-01,Human Resources,C&B Specialist,0,1,0.2014499416072454,20.14,Trung binh,1,Khoi luong cong viec cao - uu tien giu chan
4094,2025-01-01,Marketing,Marketing Manager,0,0,0.01691347205931158,1.69,Thap,2,It tham nien - Khoi luong cong viec thap
4095,2025-01-01,Sales,Account Manager,0,0,0.13988733566317318,13.99,Thap,1,Khoi luong cong viec cao - uu tien giu chan
4097,2025-01-01,Information Technology,Data Analyst,0,0,0.12623892199637302,12.62,Thap,2,It tham nien - Khoi luong cong viec thap
4098,2025-01-01,Sales,Sales Representative,0,0,0.1286642235158235,12.87,Thap,0,Lau nam - thang tien cham
4099,2025-01-01,Sales,Sales Supervisor,0,0,0.11885613019372525,11.89,Thap,3,Cap bac cao - thu nhap cao
4101,2025-01-01,Sales,Sales Representative,0,1,0.16369014483202884,16.37,Trung binh,1,Khoi luong cong viec cao - uu tien giu chan
4102,2025-01-01,Finance,Accountant,0,0,0.10000801420841049,10.0,Thap,0,Lau nam - thang tien cham
4103,2025-01-01,Marketing,Digital Marketing Specialist,0,1,0.23623005386706447,23.62,Trung binh,1,Khoi luong cong viec cao - uu tien giu chan
4104,2025-01-01,Marketing,Marketing Executive,0,0,0.11569719207419703,11.57,Thap,1,Khoi luong cong viec cao - uu tien giu chan
4106,2025-01-01,Information Technology,QA Engineer,0,0,0.07707859132407911,7.71,Thap,2,It tham nien - Khoi luong cong viec thap
4107,2025-01-01,Sales,Sales Supervisor,0,0,0.0798293114235368,7.98,Thap,2,It tham nien - Khoi luong cong viec thap
4108,2025-01-01,Information Technology,Software Engineer,0,0,0.06053276755416917,6.05,Thap,2,It tham nien - Khoi luong cong viec thap
4113,2025-01-01,Human Resources,HR Executive,0,1,0.2311881162556292,23.12,Trung binh,1,Khoi luong cong viec cao - uu tien giu chan
4120,2025-01-01,Operations,Procurement Specialist,1,1,0.2488596658426115,24.89,Trung binh,1,Khoi luong cong viec cao - uu tien giu chan
4121,2025-01-01,Marketing,Marketing Executive,1,1,0.17308760871682935,17.31,Trung binh,2,It tham nien - Khoi luong cong viec thap
4126,2025-01-01,Human Resources,C&B Specialist,0,0,0.017976363580206354,1.8,Thap,2,It tham nien - Khoi luong cong viec thap
4128,2025-01-01,Marketing,Content Specialist,0,0,0.13648935476098392,13.65,Thap,2,It tham nien - Khoi luong cong viec thap
4130,2025-01-01,Operations,Procurement Specialist,1,0,0.11547552753525259,11.55,Thap,1,Khoi luong cong viec cao - uu tien giu chan
4131,2025-01-01,Human Resources,HR Manager,0,0,0.12326629142709519,12.33,Thap,1,Khoi luong cong viec cao - uu tien giu chan
4132,2025-01-01,Human Resources,HR Executive,0,0,0.1553623511206892,15.54,Thap,1,Khoi luong cong viec cao - uu tien giu chan
4134,2025-01-01,Finance,Financial Analyst,0,1,0.16757187725707687,16.76,Trung binh,0,Lau nam - thang tien cham
4138,2025-01-01,Finance,Accountant,0,1,0.22824330115486208,22.82,Trung binh,3,Cap bac cao - thu nhap cao
4142,2025-01-01,Operations,Operations Manager,1,1,0.21095143179847226,21.1,Trung binh,0,Lau nam - thang tien cham
4147,2025-01-01,Marketing,Digital Marketing Specialist,0,0,0.0747920118366396,7.48,Thap,3,Cap bac cao - thu nhap cao
4153,2025-01-01,Human Resources,HR Executive,0,0,0.06300846643005667,6.3,Thap,2,It tham nien - Khoi luong cong viec thap
4154,2025-01-01,Marketing,Marketing Executive,0,0,0.021166346262349558,2.12,Thap,2,It tham nien - Khoi luong cong viec thap
4156,2025-01-01,Marketing,Marketing Manager,0,0,0.15158221085493828,15.16,Thap,1,Khoi luong cong viec cao - uu tien giu chan
4157,2025-01-01,Information Technology,IT Support,1,1,0.19181321484076838,19.18,Trung binh,0,Lau nam - thang tien cham
4158,2025-01-01,Finance,Accountant,0,0,0.149581242810735,14.96,Thap,1,Khoi luong cong viec cao - uu tien giu chan
4163,2025-01-01,Information Technology,System Administrator,1,1,0.233463754110485,23.35,Trung binh,1,Khoi luong cong viec cao - uu tien giu chan
4165,2025-01-01,Marketing,Digital Marketing Specialist,0,0,0.1201186052555319,12.01,Thap,2,It tham nien - Khoi luong cong viec thap
4166,2025-01-01,Finance,Internal Auditor,0,1,0.19924743668474032,19.92,Trung binh,2,It tham nien - Khoi luong cong viec thap
4167,2025-01-01,Operations,Warehouse Supervisor,0,1,0.25492858136712765,25.49,Trung binh,1,Khoi luong cong viec cao - uu tien giu chan
4170,2025-01-01,Information Technology,Data Analyst,0,0,0.15143227431531076,15.14,Thap,2,It tham nien - Khoi luong cong viec thap
4171,2025-01-01,Operations,Procurement Specialist,1,1,0.23667098787109123,23.67,Trung binh,1,Khoi luong cong viec cao - uu tien giu chan
4176,2025-01-01,Sales,Sales Representative,0,0,0.10765337683520809,10.77,Thap,1,Khoi luong cong viec cao - uu tien giu chan
4177,2025-01-01,Operations,Operations Executive,0,1,0.1786083743726839,17.86,Trung binh,1,Khoi luong cong viec cao - uu tien giu chan
4180,2025-01-01,Sales,Sales Executive,0,0,0.122970687092853,12.3,Thap,0,Lau nam - thang tien cham
4181,2025-01-01,Sales,Account Manager,0,0,0.13852763430534556,13.85,Thap,1,Khoi luong cong viec cao - uu tien giu chan
4183,2025-01-01,Information Technology,IT Support,0,0,0.06978762868110487,6.98,Thap,3,Cap bac cao - thu nhap cao
4185,2025-01-01,Operations,Operations Manager,0,0,0.07201221015293949,7.2,Thap,2,It tham nien - Khoi luong cong viec thap
4186,2025-01-01,Human Resources,HR Manager,0,0,0.12066090886729004,12.07,Thap,2,It tham nien - Khoi luong cong viec thap
4189,2025-01-01,Marketing,Marketing Manager,1,1,0.16378598770952643,16.38,Trung binh,1,Khoi luong cong viec cao - uu tien giu chan
4191,2025-01-01,Marketing,Marketing Manager,1,1,0.24550069472346603,24.55,Trung binh,1,Khoi luong cong viec cao - uu tien giu chan
4192,2025-01-01,Marketing,Content Specialist,0,0,0.058652829210231835,5.87,Thap,0,Lau nam - thang tien cham
4194,2025-01-01,Marketing,Marketing Executive,1,0,0.07675475576869517,7.68,Thap,0,Lau nam - thang tien cham
4197,2025-01-01,Human Resources,Recruiter,0,0,0.11498102140633053,11.5,Thap,1,Khoi luong cong viec cao - uu tien giu chan
4198,2025-01-01,Operations,Procurement Specialist,1,1,0.31205040779180415,31.21,Cao,3,Cap bac cao - thu nhap cao
4199,2025-01-01,Marketing,Marketing Manager,0,0,0.09759703829524526,9.76,Thap,2,It tham nien - Khoi luong cong viec thap
4200,2025-01-01,Finance,Financial Analyst,0,0,0.07096010098526455,7.1,Thap,2,It tham nien - Khoi luong cong viec thap
4201,2025-01-01,Operations,Operations Manager,0,0,0.08211327256948722,8.21,Thap,2,It tham nien - Khoi luong cong viec thap
4207,2025-01-01,Information Technology,Software Engineer,0,0,0.09911289764271984,9.91,Thap,1,Khoi luong cong viec cao - uu tien giu chan
4208,2025-01-01,Human Resources,C&B Specialist,0,1,0.21717443395871483,21.72,Trung binh,1,Khoi luong cong viec cao - uu tien giu chan
4209,2025-01-01,Sales,Sales Representative,0,0,0.07454581387254292,7.45,Thap,2,It tham nien - Khoi luong cong viec thap
4211,2025-01-01,Human Resources,Recruiter,0,0,0.06063716001847237,6.06,Thap,2,It tham nien - Khoi luong cong viec thap
4215,2025-01-01,Information Technology,System Administrator,0,0,0.03875924471268382,3.88,Thap,2,It tham nien - Khoi luong cong viec thap
4219,2025-01-01,Human Resources,HR Manager,1,1,0.20076293638576387,20.08,Trung binh,1,Khoi luong cong viec cao - uu tien giu chan
4220,2025-01-01,Information Technology,Software Engineer,0,0,0.05593732779165802,5.59,Thap,2,It tham nien - Khoi luong cong viec thap
4223,2025-01-01,Sales,Sales Executive,1,1,0.2055957902344713,20.56,Trung binh,3,Cap bac cao - thu nhap cao
4225,2025-01-01,Information Technology,Data Analyst,0,0,0.06142370369075606,6.14,Thap,2,It tham nien - Khoi luong cong viec thap
4226,2025-01-01,Marketing,Digital Marketing Specialist,0,0,0.11300653747422193,11.3,Thap,2,It tham nien - Khoi luong cong viec thap
4227,2025-01-01,Human Resources,Recruiter,0,1,0.1707105885290482,17.07,Trung binh,0,Lau nam - thang tien cham
4230,2025-01-01,Finance,Financial Analyst,0,0,0.10981133202807636,10.98,Thap,0,Lau nam - thang tien cham
4231,2025-01-01,Operations,Procurement Specialist,0,0,0.049636544905053544,4.96,Thap,3,Cap bac cao - thu nhap cao
4234,2025-01-01,Information Technology,Data Analyst,0,0,0.11072975331132952,11.07,Thap,2,It tham nien - Khoi luong cong viec thap
4235,2025-01-01,Sales,Sales Representative,0,1,0.17199855085759314,17.2,Trung binh,2,It tham nien - Khoi luong cong viec thap
4236,2025-01-01,Marketing,Content Specialist,0,0,0.1379961581520913,13.8,Thap,3,Cap bac cao - thu nhap cao
4239,2025-01-01,Operations,Warehouse Supervisor,0,0,0.14057895878843818,14.06,Thap,3,Cap bac cao - thu nhap cao
4240,2025-01-01,Operations,Operations Manager,0,0,0.1355920223350517,13.56,Thap,0,Lau nam - thang tien cham
4243,2025-01-01,Sales,Sales Representative,0,0,0.11118471901699971,11.12,Thap,2,It tham nien - Khoi luong cong viec thap
4245,2025-01-01,Information Technology,System Administrator,0,0,0.07656935313743782,7.66,Thap,2,It tham nien - Khoi luong cong viec thap
4247,2025-01-01,Human Resources,HR Executive,0,0,0.11605872156845332,11.61,Thap,0,Lau nam - thang tien cham
4249,2025-01-01,Human Resources,Recruiter,0,1,0.26136949409401505,26.14,Trung binh,1,Khoi luong cong viec cao - uu tien giu chan
4250,2025-01-01,Human Resources,Recruiter,0,0,0.11747508095429027,11.75,Thap,2,It tham nien - Khoi luong cong viec thap
4252,2025-01-01,Marketing,Marketing Executive,0,1,0.29015556764509287,29.02,Trung binh,1,Khoi luong cong viec cao - uu tien giu chan
4253,2025-01-01,Human Resources,Recruiter,0,0,0.11922784658244272,11.92,Thap,2,It tham nien - Khoi luong cong viec thap
4256,2025-01-01,Marketing,Digital Marketing Specialist,1,0,0.15259217464617408,15.26,Thap,2,It tham nien - Khoi luong cong viec thap
4257,2025-01-01,Marketing,Digital Marketing Specialist,0,0,0.14156809386762348,14.16,Thap,2,It tham nien - Khoi luong cong viec thap
4258,2025-01-01,Finance,Finance Manager,0,0,0.11454254001108129,11.45,Thap,0,Lau nam - thang tien cham
4265,2025-01-01,Sales,Sales Supervisor,0,0,0.1144065959535396,11.44,Thap,2,It tham nien - Khoi luong cong viec thap
4268,2025-01-01,Information Technology,Data Analyst,1,1,0.23212780225900373,23.21,Trung binh,1,Khoi luong cong viec cao - uu tien giu chan
4271,2025-01-01,Information Technology,IT Support,0,0,0.05555160774462993,5.56,Thap,2,It tham nien - Khoi luong cong viec thap
4273,2025-01-01,Human Resources,Recruiter,1,1,0.18628356232687956,18.63,Trung binh,1,Khoi luong cong viec cao - uu tien giu chan
4274,2025-01-01,Human Resources,HR Manager,0,0,0.07205238819369504,7.21,Thap,2,It tham nien - Khoi luong cong viec thap
4280,2025-01-01,Information Technology,QA Engineer,0,0,0.054209086042670815,5.42,Thap,2,It tham nien - Khoi luong cong viec thap
4283,2025-01-01,Sales,Sales Supervisor,0,1,0.2069913291036787,20.7,Trung binh,1,Khoi luong cong viec cao - uu tien giu chan
4284,2025-01-01,Operations,Operations Executive,1,1,0.18315542394050274,18.32,Trung binh,2,It tham nien - Khoi luong cong viec thap
4285,2025-01-01,Marketing,Content Specialist,0,0,0.12284976369827888,12.28,Thap,3,Cap bac cao - thu nhap cao
4286,2025-01-01,Information Technology,Software Engineer,0,0,0.03753732179936082,3.75,Thap,2,It tham nien - Khoi luong cong viec thap
4289,2025-01-01,Operations,Operations Manager,0,1,0.2814770069079425,28.15,Trung binh,1,Khoi luong cong viec cao - uu tien giu chan
4291,2025-01-01,Marketing,Marketing Manager,0,0,0.03478998506424799,3.48,Thap,2,It tham nien - Khoi luong cong viec thap
4292,2025-01-01,Finance,Financial Analyst,0,1,0.22052869034837266,22.05,Trung binh,1,Khoi luong cong viec cao - uu tien giu chan
4293,2025-01-01,Finance,Finance Manager,0,1,0.22846901076792123,22.85,Trung binh,3,Cap bac cao - thu nhap cao
4294,2025-01-01,Operations,Warehouse Supervisor,0,1,0.2183753488057741,21.84,Trung binh,2,It tham nien - Khoi luong cong viec thap
4295,2025-01-01,Sales,Account Manager,0,0,0.1431063499677212,14.31,Thap,1,Khoi luong cong viec cao - uu tien giu chan
4296,2025-01-01,Information Technology,Data Analyst,0,1,0.23409105014840703,23.41,Trung binh,1,Khoi luong cong viec cao - uu tien giu chan
4298,2025-01-01,Sales,Sales Supervisor,0,0,0.036754980488515845,3.68,Thap,0,Lau nam - thang tien cham
4299,2025-01-01,Finance,Finance Manager,0,0,0.056930854557420134,5.69,Thap,2,It tham nien - Khoi luong cong viec thap
4300,2025-01-01,Marketing,Digital Marketing Specialist,0,0,0.081772462641403,8.18,Thap,2,It tham nien - Khoi luong cong viec thap
4309,2025-01-01,Finance,Finance Manager,0,0,0.05741659834063421,5.74,Thap,2,It tham nien - Khoi luong cong viec thap
4310,2025-01-01,Human Resources,HR Manager,0,1,0.21352230508654793,21.35,Trung binh,1,Khoi luong cong viec cao - uu tien giu chan
4311,2025-01-01,Human Resources,HR Manager,0,0,0.018155748673609286,1.82,Thap,3,Cap bac cao - thu nhap cao
4313,2025-01-01,Human Resources,HR Manager,0,1,0.21190768036353583,21.19,Trung binh,3,Cap bac cao - thu nhap cao
4315,2025-01-01,Marketing,Marketing Manager,0,1,0.2361135813727345,23.61,Trung binh,1,Khoi luong cong viec cao - uu tien giu chan
4319,2025-01-01,Marketing,Marketing Manager,0,0,0.11455068206344712,11.46,Thap,2,It tham nien - Khoi luong cong viec thap
4320,2025-01-01,Information Technology,QA Engineer,0,0,0.13176825300053452,13.18,Thap,2,It tham nien - Khoi luong cong viec thap
4321,2025-01-01,Sales,Sales Representative,0,0,0.12729435312589057,12.73,Thap,1,Khoi luong cong viec cao - uu tien giu chan
4323,2025-01-01,Marketing,Content Specialist,0,0,0.1508965711938632,15.09,Thap,2,It tham nien - Khoi luong cong viec thap
4325,2025-01-01,Finance,Finance Manager,0,0,0.13178820780929487,13.18,Thap,2,It tham nien - Khoi luong cong viec thap
4329,2025-01-01,Information Technology,System Administrator,0,1,0.1804052430036576,18.04,Trung binh,3,Cap bac cao - thu nhap cao
4330,2025-01-01,Human Resources,HR Manager,0,0,0.11419916251934985,11.42,Thap,2,It tham nien - Khoi luong cong viec thap
4335,2025-01-01,Sales,Sales Supervisor,1,1,0.20397234872999673,20.4,Trung binh,1,Khoi luong cong viec cao - uu tien giu chan
4339,2025-01-01,Human Resources,Recruiter,1,1,0.21493015560463832,21.49,Trung binh,1,Khoi luong cong viec cao - uu tien giu chan
4341,2025-01-01,Sales,Sales Supervisor,0,0,0.01703268973121464,1.7,Thap,3,Cap bac cao - thu nhap cao
4342,2025-01-01,Operations,Operations Executive,0,1,0.1942286487128706,19.42,Trung binh,2,It tham nien - Khoi luong cong viec thap
4344,2025-01-01,Operations,Procurement Specialist,0,1,0.25112592897388597,25.11,Trung binh,3,Cap bac cao - thu nhap cao
4345,2025-01-01,Human Resources,HR Executive,1,1,0.23010763551611288,23.01,Trung binh,1,Khoi luong cong viec cao - uu tien giu chan
4346,2025-01-01,Sales,Account Manager,0,0,0.12916220305127646,12.92,Thap,2,It tham nien - Khoi luong cong viec thap
4354,2025-01-01,Finance,Accountant,0,1,0.16401593615239576,16.4,Trung binh,0,Lau nam - thang tien cham
4355,2025-01-01,Human Resources,Recruiter,0,0,0.0922166553140516,9.22,Thap,3,Cap bac cao - thu nhap cao
4358,2025-01-01,Marketing,Content Specialist,0,0,0.12940102502596623,12.94,Thap,2,It tham nien - Khoi luong cong viec thap
4360,2025-01-01,Finance,Accountant,0,1,0.21122660645271646,21.12,Trung binh,1,Khoi luong cong viec cao - uu tien giu chan
4368,2025-01-01,Marketing,Content Specialist,0,0,0.05683214111995002,5.68,Thap,2,It tham nien - Khoi luong cong viec thap
4369,2025-01-01,Marketing,Marketing Executive,0,0,0.12471950033836676,12.47,Thap,3,Cap bac cao - thu nhap cao
4372,2025-01-01,Operations,Operations Manager,0,0,0.15726113311106782,15.73,Thap,3,Cap bac cao - thu nhap cao
4373,2025-01-01,Marketing,Digital Marketing Specialist,0,0,0.14226342935339126,14.23,Thap,2,It tham nien - Khoi luong cong viec thap
4375,2025-01-01,Marketing,Marketing Executive,0,0,0.11038261562127126,11.04,Thap,3,Cap bac cao - thu nhap cao
4381,2025-01-01,Marketing,Digital Marketing Specialist,0,0,0.05389159625965825,5.39,Thap,2,It tham nien - Khoi luong cong viec thap
4382,2025-01-01,Marketing,Digital Marketing Specialist,0,1,0.1683554632274012,16.84,Trung binh,1,Khoi luong cong viec cao - uu tien giu chan
4384,2025-01-01,Human Resources,HR Executive,0,0,0.07534819392748815,7.53,Thap,2,It tham nien - Khoi luong cong viec thap
4389,2025-01-01,Finance,Finance Manager,0,1,0.16573739497062354,16.57,Trung binh,3,Cap bac cao - thu nhap cao
4391,2025-01-01,Marketing,Digital Marketing Specialist,0,1,0.16043935612465507,16.04,Trung binh,0,Lau nam - thang tien cham
4393,2025-01-01,Finance,Accountant,0,0,0.11149241730345678,11.15,Thap,1,Khoi luong cong viec cao - uu tien giu chan
4396,2025-01-01,Sales,Sales Supervisor,0,0,0.04060500480743071,4.06,Thap,2,It tham nien - Khoi luong cong viec thap
4398,2025-01-01,Human Resources,HR Executive,0,0,0.08822420770718517,8.82,Thap,2,It tham nien - Khoi luong cong viec thap
4403,2025-01-01,Marketing,Marketing Executive,0,0,0.14554832800489448,14.55,Thap,3,Cap bac cao - thu nhap cao
4404,2025-01-01,Marketing,Marketing Manager,0,0,0.0172332922343529,1.72,Thap,2,It tham nien - Khoi luong cong viec thap
4406,2025-01-01,Finance,Finance Manager,0,0,0.03837203689219418,3.84,Thap,2,It tham nien - Khoi luong cong viec thap
4410,2025-01-01,Sales,Sales Supervisor,1,1,0.21417906465775424,21.42,Trung binh,1,Khoi luong cong viec cao - uu tien giu chan
4411,2025-01-01,Marketing,Marketing Executive,0,1,0.2315340061000989,23.15,Trung binh,1,Khoi luong cong viec cao - uu tien giu chan
4412,2025-01-01,Finance,Internal Auditor,0,0,0.13078943429037862,13.08,Thap,3,Cap bac cao - thu nhap cao
4417,2025-01-01,Marketing,Marketing Executive,0,0,0.036272186132031585,3.63,Thap,2,It tham nien - Khoi luong cong viec thap
4419,2025-01-01,Human Resources,Recruiter,0,0,0.04807065341335608,4.81,Thap,2,It tham nien - Khoi luong cong viec thap
4421,2025-01-01,Human Resources,HR Executive,0,0,0.0580924003703196,5.81,Thap,2,It tham nien - Khoi luong cong viec thap
4422,2025-01-01,Finance,Financial Analyst,0,0,0.11771047237322939,11.77,Thap,2,It tham nien - Khoi luong cong viec thap
4423,2025-01-01,Information Technology,Data Analyst,0,0,0.09471333299076985,9.47,Thap,2,It tham nien - Khoi luong cong viec thap
4424,2025-01-01,Human Resources,C&B Specialist,0,1,0.18787102509323178,18.79,Trung binh,1,Khoi luong cong viec cao - uu tien giu chan
4426,2025-01-01,Operations,Operations Executive,1,0,0.1072711708468144,10.73,Thap,0,Lau nam - thang tien cham
4427,2025-01-01,Sales,Account Manager,0,0,0.0352958750708507,3.53,Thap,2,It tham nien - Khoi luong cong viec thap
4428,2025-01-01,Information Technology,Data Analyst,0,0,0.13885425469164459,13.89,Thap,3,Cap bac cao - thu nhap cao
4429,2025-01-01,Finance,Finance Manager,0,0,0.07641403342207016,7.64,Thap,0,Lau nam - thang tien cham
4431,2025-01-01,Information Technology,Software Engineer,0,0,0.0818138049987358,8.18,Thap,3,Cap bac cao - thu nhap cao
4432,2025-01-01,Human Resources,Recruiter,0,1,0.16486864949163904,16.49,Trung binh,3,Cap bac cao - thu nhap cao
4433,2025-01-01,Information Technology,Data Analyst,0,0,0.060678567910153025,6.07,Thap,2,It tham nien - Khoi luong cong viec thap
4434,2025-01-01,Finance,Finance Manager,0,0,0.09695104266651958,9.7,Thap,2,It tham nien - Khoi luong cong viec thap
4435,2025-01-01,Finance,Financial Analyst,0,0,0.09781832376260023,9.78,Thap,2,It tham nien - Khoi luong cong viec thap
4436,2025-01-01,Marketing,Marketing Executive,0,0,0.10767509686756971,10.77,Thap,2,It tham nien - Khoi luong cong viec thap
4437,2025-01-01,Information Technology,Data Analyst,0,1,0.19520823285068678,19.52,Trung binh,2,It tham nien - Khoi luong cong viec thap
4438,2025-01-01,Sales,Account Manager,0,0,0.15294054325981848,15.29,Thap,2,It tham nien - Khoi luong cong viec thap
4440,2025-01-01,Sales,Sales Executive,0,0,0.07317380620399114,7.32,Thap,1,Khoi luong cong viec cao - uu tien giu chan
4442,2025-01-01,Marketing,Content Specialist,0,0,0.09873867807141741,9.87,Thap,3,Cap bac cao - thu nhap cao
4443,2025-01-01,Marketing,Marketing Executive,0,1,0.1985913568181855,19.86,Trung binh,0,Lau nam - thang tien cham
4446,2025-01-01,Operations,Operations Manager,0,1,0.1857177370404588,18.57,Trung binh,1,Khoi luong cong viec cao - uu tien giu chan
4448,2025-01-01,Information Technology,System Administrator,0,0,0.12774275203412008,12.77,Thap,3,Cap bac cao - thu nhap cao
4449,2025-01-01,Finance,Accountant,0,1,0.16175083143681515,16.18,Trung binh,2,It tham nien - Khoi luong cong viec thap
4450,2025-01-01,Human Resources,HR Executive,0,1,0.17260090053150245,17.26,Trung binh,3,Cap bac cao - thu nhap cao
4451,2025-01-01,Sales,Account Manager,0,0,0.07202516696126439,7.2,Thap,3,Cap bac cao - thu nhap cao
4453,2025-01-01,Operations,Operations Manager,0,1,0.16941759264974887,16.94,Trung binh,3,Cap bac cao - thu nhap cao
4454,2025-01-01,Human Resources,HR Executive,0,0,0.1317119345836208,13.17,Thap,3,Cap bac cao - thu nhap cao
4459,2025-01-01,Sales,Account Manager,0,1,0.2005982947302397,20.06,Trung binh,3,Cap bac cao - thu nhap cao
4461,2025-01-01,Sales,Sales Representative,1,0,0.14811359077908756,14.81,Thap,1,Khoi luong cong viec cao - uu tien giu chan
4465,2025-01-01,Information Technology,IT Support,1,1,0.22259692627148714,22.26,Trung binh,1,Khoi luong cong viec cao - uu tien giu chan
4466,2025-01-01,Human Resources,HR Manager,0,1,0.21434469025875827,21.43,Trung binh,0,Lau nam - thang tien cham
4467,2025-01-01,Human Resources,Recruiter,0,1,0.18598931389160372,18.6,Trung binh,2,It tham nien - Khoi luong cong viec thap
4468,2025-01-01,Operations,Operations Manager,0,0,0.13126792161863984,13.13,Thap,1,Khoi luong cong viec cao - uu tien giu chan
4472,2025-01-01,Sales,Sales Representative,0,0,0.13679131870073286,13.68,Thap,3,Cap bac cao - thu nhap cao
4474,2025-01-01,Operations,Procurement Specialist,1,0,0.05401261988332282,5.4,Thap,2,It tham nien - Khoi luong cong viec thap
4475,2025-01-01,Finance,Accountant,0,1,0.31524954796651594,31.52,Cao,0,Lau nam - thang tien cham
4476,2025-01-01,Sales,Sales Representative,1,0,0.12982689042410012,12.98,Thap,0,Lau nam - thang tien cham
4479,2025-01-01,Information Technology,QA Engineer,1,0,0.07946981877731421,7.95,Thap,2,It tham nien - Khoi luong cong viec thap
4480,2025-01-01,Sales,Account Manager,0,1,0.24963411437949745,24.96,Trung binh,1,Khoi luong cong viec cao - uu tien giu chan
4482,2025-01-01,Operations,Operations Manager,1,0,0.13828924845426402,13.83,Thap,1,Khoi luong cong viec cao - uu tien giu chan
4483,2025-01-01,Finance,Finance Manager,0,1,0.18219909885434687,18.22,Trung binh,1,Khoi luong cong viec cao - uu tien giu chan
4485,2025-01-01,Sales,Sales Supervisor,0,1,0.16199703656203404,16.2,Trung binh,2,It tham nien - Khoi luong cong viec thap
4492,2025-01-01,Human Resources,HR Manager,0,1,0.22900445708312706,22.9,Trung binh,0,Lau nam - thang tien cham
4495,2025-01-01,Operations,Procurement Specialist,0,0,0.12474150523564544,12.47,Thap,2,It tham nien - Khoi luong cong viec thap
4496,2025-01-01,Sales,Sales Executive,0,0,0.08674852717684754,8.67,Thap,1,Khoi luong cong viec cao - uu tien giu chan
4498,2025-01-01,Human Resources,HR Executive,0,0,0.11524901707210038,11.52,Thap,2,It tham nien - Khoi luong cong viec thap
4499,2025-01-01,Human Resources,HR Executive,0,0,0.09896713834632913,9.9,Thap,1,Khoi luong cong viec cao - uu tien giu chan
4500,2025-01-01,Human Resources,Recruiter,1,0,0.09851170815111336,9.85,Thap,0,Lau nam - thang tien cham
4503,2025-01-01,Finance,Financial Analyst,0,0,0.11876732396710767,11.88,Thap,2,It tham nien - Khoi luong cong viec thap
4504,2025-01-01,Finance,Accountant,0,0,0.04364260975070732,4.36,Thap,0,Lau nam - thang tien cham
4510,2025-01-01,Sales,Sales Executive,0,0,0.09138186366971644,9.14,Thap,0,Lau nam - thang tien cham
4515,2025-01-01,Human Resources,C&B Specialist,0,0,0.08413029687388295,8.41,Thap,0,Lau nam - thang tien cham
4517,2025-01-01,Information Technology,IT Support,0,0,0.1242571932462476,12.43,Thap,2,It tham nien - Khoi luong cong viec thap
4519,2025-01-01,Sales,Sales Executive,0,1,0.17785888920731763,17.79,Trung binh,1,Khoi luong cong viec cao - uu tien giu chan
4521,2025-01-01,Information Technology,QA Engineer,1,1,0.19797367369043098,19.8,Trung binh,1,Khoi luong cong viec cao - uu tien giu chan
4522,2025-01-01,Information Technology,System Administrator,0,0,0.0984938274791586,9.85,Thap,1,Khoi luong cong viec cao - uu tien giu chan
4523,2025-01-01,Operations,Operations Executive,0,1,0.2752883001225197,27.53,Trung binh,3,Cap bac cao - thu nhap cao
4526,2025-01-01,Sales,Sales Representative,0,0,0.053473389359450174,5.35,Thap,2,It tham nien - Khoi luong cong viec thap
4528,2025-01-01,Marketing,Content Specialist,0,1,0.21060126912499932,21.06,Trung binh,1,Khoi luong cong viec cao - uu tien giu chan
4532,2025-01-01,Finance,Accountant,0,0,0.0988275360917291,9.88,Thap,0,Lau nam - thang tien cham
4533,2025-01-01,Sales,Sales Executive,1,1,0.25180008069856236,25.18,Trung binh,0,Lau nam - thang tien cham
4535,2025-01-01,Information Technology,QA Engineer,1,1,0.19688150877451724,19.69,Trung binh,1,Khoi luong cong viec cao - uu tien giu chan
4536,2025-01-01,Marketing,Marketing Executive,0,0,0.14299699470231045,14.3,Thap,0,Lau nam - thang tien cham
4537,2025-01-01,Sales,Sales Representative,0,0,0.0704951633448647,7.05,Thap,2,It tham nien - Khoi luong cong viec thap
4541,2025-01-01,Sales,Sales Executive,1,0,0.15385464912252006,15.39,Thap,1,Khoi luong cong viec cao - uu tien giu chan
4543,2025-01-01,Human Resources,Recruiter,0,0,0.12302226171521762,12.3,Thap,2,It tham nien - Khoi luong cong viec thap
4544,2025-01-01,Operations,Procurement Specialist,1,1,0.31549714315529176,31.55,Cao,1,Khoi luong cong viec cao - uu tien giu chan
4546,2025-01-01,Marketing,Marketing Manager,0,0,0.08756090611853161,8.76,Thap,2,It tham nien - Khoi luong cong viec thap
4550,2025-01-01,Sales,Account Manager,0,1,0.3182096309710904,31.82,Cao,1,Khoi luong cong viec cao - uu tien giu chan
4556,2025-01-01,Marketing,Marketing Executive,1,0,0.09648381656039082,9.65,Thap,2,It tham nien - Khoi luong cong viec thap
4557,2025-01-01,Information Technology,IT Support,1,0,0.09975652481879543,9.98,Thap,3,Cap bac cao - thu nhap cao
4558,2025-01-01,Information Technology,Data Analyst,1,1,0.2335195139390984,23.35,Trung binh,1,Khoi luong cong viec cao - uu tien giu chan
4560,2025-01-01,Operations,Warehouse Supervisor,0,0,0.12974382309338067,12.97,Thap,2,It tham nien - Khoi luong cong viec thap
4561,2025-01-01,Marketing,Marketing Manager,0,0,0.06940828697668747,6.94,Thap,2,It tham nien - Khoi luong cong viec thap
4562,2025-01-01,Human Resources,Recruiter,0,0,0.15623301833712303,15.62,Thap,2,It tham nien - Khoi luong cong viec thap
4564,2025-01-01,Finance,Accountant,0,0,0.0604197699517326,6.04,Thap,2,It tham nien - Khoi luong cong viec thap
4568,2025-01-01,Finance,Finance Manager,0,0,0.09031175919450542,9.03,Thap,2,It tham nien - Khoi luong cong viec thap
4569,2025-01-01,Operations,Procurement Specialist,0,0,0.06648863058320204,6.65,Thap,2,It tham nien - Khoi luong cong viec thap
4571,2025-01-01,Information Technology,QA Engineer,0,0,0.15061483372440382,15.06,Thap,1,Khoi luong cong viec cao - uu tien giu chan
4573,2025-01-01,Operations,Operations Manager,0,0,0.11527060321105065,11.53,Thap,3,Cap bac cao - thu nhap cao
4574,2025-01-01,Operations,Operations Executive,0,1,0.17845815780466717,17.85,Trung binh,2,It tham nien - Khoi luong cong viec thap
4577,2025-01-01,Information Technology,Data Analyst,0,1,0.18582033294002248,18.58,Trung binh,1,Khoi luong cong viec cao - uu tien giu chan
4578,2025-01-01,Operations,Operations Manager,0,0,0.13434189846321598,13.43,Thap,3,Cap bac cao - thu nhap cao
4580,2025-01-01,Human Resources,Recruiter,1,0,0.11777421398805786,11.78,Thap,0,Lau nam - thang tien cham
4584,2025-01-01,Information Technology,Data Analyst,0,0,0.15403492356592471,15.4,Thap,1,Khoi luong cong viec cao - uu tien giu chan
4585,2025-01-01,Sales,Sales Representative,0,0,0.08190840250588582,8.19,Thap,2,It tham nien - Khoi luong cong viec thap
4586,2025-01-01,Human Resources,C&B Specialist,0,0,0.03484713334583984,3.48,Thap,2,It tham nien - Khoi luong cong viec thap
4587,2025-01-01,Finance,Internal Auditor,0,0,0.04190838555478593,4.19,Thap,2,It tham nien - Khoi luong cong viec thap
4592,2025-01-01,Operations,Procurement Specialist,0,0,0.055559060583066214,5.56,Thap,3,Cap bac cao - thu nhap cao
4594,2025-01-01,Sales,Sales Supervisor,0,0,0.13775103850104892,13.78,Thap,2,It tham nien - Khoi luong cong viec thap
4595,2025-01-01,Operations,Warehouse Supervisor,0,1,0.2486127697716554,24.86,Trung binh,2,It tham nien - Khoi luong cong viec thap
4596,2025-01-01,Operations,Operations Executive,0,1,0.21653427029582786,21.65,Trung binh,0,Lau nam - thang tien cham
4598,2025-01-01,Sales,Sales Executive,0,0,0.11288697049956714,11.29,Thap,2,It tham nien - Khoi luong cong viec thap
4600,2025-01-01,Information Technology,System Administrator,0,0,0.036949848020755384,3.69,Thap,3,Cap bac cao - thu nhap cao
4602,2025-01-01,Marketing,Content Specialist,0,0,0.07487511901158903,7.49,Thap,1,Khoi luong cong viec cao - uu tien giu chan
4603,2025-01-01,Sales,Sales Representative,0,0,0.021800666946289095,2.18,Thap,2,It tham nien - Khoi luong cong viec thap
4606,2025-01-01,Sales,Sales Executive,0,0,0.05160394903650573,5.16,Thap,2,It tham nien - Khoi luong cong viec thap
4607,2025-01-01,Sales,Sales Representative,0,0,0.10787098282367547,10.79,Thap,0,Lau nam - thang tien cham
4608,2025-01-01,Sales,Sales Supervisor,0,1,0.3610135790593765,36.1,Cao,1,Khoi luong cong viec cao - uu tien giu chan
4609,2025-01-01,Marketing,Marketing Manager,0,1,0.27125706908287905,27.13,Trung binh,3,Cap bac cao - thu nhap cao
4610,2025-01-01,Finance,Internal Auditor,0,1,0.1690556639997736,16.91,Trung binh,0,Lau nam - thang tien cham
4612,2025-01-01,Marketing,Marketing Executive,0,0,0.14384469098076846,14.38,Thap,2,It tham nien - Khoi luong cong viec thap
4614,2025-01-01,Human Resources,HR Executive,0,0,0.06625368627578553,6.63,Thap,2,It tham nien - Khoi luong cong viec thap
4615,2025-01-01,Marketing,Marketing Manager,0,0,0.07759649077513092,7.76,Thap,3,Cap bac cao - thu nhap cao
4616,2025-01-01,Marketing,Content Specialist,0,0,0.12156918863378369,12.16,Thap,0,Lau nam - thang tien cham
4617,2025-01-01,Information Technology,System Administrator,0,1,0.19580583895086195,19.58,Trung binh,2,It tham nien - Khoi luong cong viec thap
4621,2025-01-01,Information Technology,IT Support,0,0,0.1407105344022338,14.07,Thap,2,It tham nien - Khoi luong cong viec thap
4622,2025-01-01,Marketing,Content Specialist,0,1,0.21904155529120733,21.9,Trung binh,2,It tham nien - Khoi luong cong viec thap
4625,2025-01-01,Marketing,Marketing Executive,0,1,0.27709117381777676,27.71,Trung binh,1,Khoi luong cong viec cao - uu tien giu chan
4626,2025-01-01,Operations,Operations Manager,0,1,0.24598555793047952,24.6,Trung binh,2,It tham nien - Khoi luong cong viec thap
4628,2025-01-01,Information Technology,System Administrator,0,0,0.13113508803492618,13.11,Thap,0,Lau nam - thang tien cham
4630,2025-01-01,Operations,Operations Manager,0,0,0.11316299544389885,11.32,Thap,3,Cap bac cao - thu nhap cao
4633,2025-01-01,Finance,Accountant,1,0,0.13834810672496334,13.83,Thap,1,Khoi luong cong viec cao - uu tien giu chan
4638,2025-01-01,Marketing,Digital Marketing Specialist,1,1,0.23791888744820658,23.79,Trung binh,1,Khoi luong cong viec cao - uu tien giu chan
4639,2025-01-01,Information Technology,System Administrator,0,0,0.05495363106218033,5.5,Thap,1,Khoi luong cong viec cao - uu tien giu chan
4640,2025-01-01,Finance,Finance Manager,0,0,0.06965162164219874,6.97,Thap,2,It tham nien - Khoi luong cong viec thap
4641,2025-01-01,Finance,Financial Analyst,0,0,0.09798768113762812,9.8,Thap,2,It tham nien - Khoi luong cong viec thap
4642,2025-01-01,Operations,Warehouse Supervisor,0,1,0.28226131315415814,28.23,Trung binh,0,Lau nam - thang tien cham
4644,2025-01-01,Operations,Procurement Specialist,0,1,0.19465579017251167,19.47,Trung binh,3,Cap bac cao - thu nhap cao
4650,2025-01-01,Human Resources,HR Executive,0,0,0.10272754048649149,10.27,Thap,1,Khoi luong cong viec cao - uu tien giu chan
4651,2025-01-01,Finance,Accountant,0,1,0.24693391812364787,24.69,Trung binh,1,Khoi luong cong viec cao - uu tien giu chan
4652,2025-01-01,Finance,Accountant,0,0,0.13430398585887998,13.43,Thap,2,It tham nien - Khoi luong cong viec thap
4653,2025-01-01,Marketing,Marketing Manager,0,1,0.27727476483367874,27.73,Trung binh,1,Khoi luong cong viec cao - uu tien giu chan
4659,2025-01-01,Human Resources,C&B Specialist,0,0,0.05768764863433453,5.77,Thap,2,It tham nien - Khoi luong cong viec thap
4661,2025-01-01,Information Technology,Software Engineer,0,0,0.0900524079968421,9.01,Thap,2,It tham nien - Khoi luong cong viec thap
4662,2025-01-01,Information Technology,QA Engineer,1,0,0.13101550147170662,13.1,Thap,2,It tham nien - Khoi luong cong viec thap
4663,2025-01-01,Finance,Financial Analyst,0,0,0.10973354755891061,10.97,Thap,0,Lau nam - thang tien cham
4664,2025-01-01,Operations,Operations Manager,0,0,0.09546061202408714,9.55,Thap,1,Khoi luong cong viec cao - uu tien giu chan
4667,2025-01-01,Sales,Sales Representative,0,0,0.059172860550030335,5.92,Thap,2,It tham nien - Khoi luong cong viec thap
4669,2025-01-01,Marketing,Marketing Executive,0,1,0.18868739511079285,18.87,Trung binh,1,Khoi luong cong viec cao - uu tien giu chan
4671,2025-01-01,Information Technology,System Administrator,1,1,0.21217597906131344,21.22,Trung binh,1,Khoi luong cong viec cao - uu tien giu chan
4676,2025-01-01,Human Resources,HR Executive,0,1,0.17614286285551234,17.61,Trung binh,3,Cap bac cao - thu nhap cao
4677,2025-01-01,Human Resources,HR Manager,0,0,0.06881357119245264,6.88,Thap,2,It tham nien - Khoi luong cong viec thap
4679,2025-01-01,Sales,Account Manager,0,0,0.08967788883950287,8.97,Thap,2,It tham nien - Khoi luong cong viec thap
4681,2025-01-01,Operations,Operations Manager,0,0,0.13707545645417288,13.71,Thap,1,Khoi luong cong viec cao - uu tien giu chan
4682,2025-01-01,Human Resources,HR Executive,1,0,0.1416956477890506,14.17,Thap,1,Khoi luong cong viec cao - uu tien giu chan
4684,2025-01-01,Operations,Operations Executive,0,1,0.32278797750616933,32.28,Cao,3,Cap bac cao - thu nhap cao
4685,2025-01-01,Marketing,Marketing Manager,1,0,0.11244339952407116,11.24,Thap,3,Cap bac cao - thu nhap cao
4686,2025-01-01,Sales,Sales Executive,0,0,0.0922357486574576,9.22,Thap,1,Khoi luong cong viec cao - uu tien giu chan
4687,2025-01-01,Marketing,Content Specialist,0,0,0.15681944319547172,15.68,Thap,0,Lau nam - thang tien cham
4690,2025-01-01,Marketing,Marketing Manager,0,0,0.12675887248483544,12.68,Thap,1,Khoi luong cong viec cao - uu tien giu chan
4693,2025-01-01,Operations,Procurement Specialist,0,1,0.20679819769364527,20.68,Trung binh,0,Lau nam - thang tien cham
4694,2025-01-01,Marketing,Content Specialist,0,0,0.13025904540716235,13.03,Thap,3,Cap bac cao - thu nhap cao
4696,2025-01-01,Human Resources,C&B Specialist,0,0,0.13215716353900442,13.22,Thap,0,Lau nam - thang tien cham
4704,2025-01-01,Finance,Internal Auditor,0,1,0.1608856567164545,16.09,Trung binh,0,Lau nam - thang tien cham
4705,2025-01-01,Information Technology,System Administrator,0,0,0.07335517539922855,7.34,Thap,3,Cap bac cao - thu nhap cao
4706,2025-01-01,Human Resources,HR Executive,1,1,0.19460094082128288,19.46,Trung binh,1,Khoi luong cong viec cao - uu tien giu chan
4707,2025-01-01,Information Technology,Software Engineer,0,1,0.1723970349923713,17.24,Trung binh,2,It tham nien - Khoi luong cong viec thap
4709,2025-01-01,Sales,Sales Supervisor,0,0,0.03533939509720312,3.53,Thap,3,Cap bac cao - thu nhap cao
4710,2025-01-01,Finance,Financial Analyst,0,1,0.2267543950970441,22.68,Trung binh,1,Khoi luong cong viec cao - uu tien giu chan
4711,2025-01-01,Operations,Operations Manager,0,1,0.2002986107098457,20.03,Trung binh,0,Lau nam - thang tien cham
4712,2025-01-01,Finance,Financial Analyst,0,0,0.07487129957515233,7.49,Thap,2,It tham nien - Khoi luong cong viec thap
4713,2025-01-01,Marketing,Content Specialist,0,1,0.18733031915659032,18.73,Trung binh,2,It tham nien - Khoi luong cong viec thap
4716,2025-01-01,Human Resources,HR Executive,0,0,0.10684817477186875,10.68,Thap,1,Khoi luong cong viec cao - uu tien giu chan
4717,2025-01-01,Sales,Sales Supervisor,1,1,0.221885763702948,22.19,Trung binh,1,Khoi luong cong viec cao - uu tien giu chan
4719,2025-01-01,Marketing,Digital Marketing Specialist,0,1,0.16261255221364398,16.26,Trung binh,1,Khoi luong cong viec cao - uu tien giu chan
4722,2025-01-01,Operations,Warehouse Supervisor,0,1,0.4425196973092524,44.25,Cao,1,Khoi luong cong viec cao - uu tien giu chan
4725,2025-01-01,Sales,Sales Executive,0,0,0.15011355356950454,15.01,Thap,1,Khoi luong cong viec cao - uu tien giu chan
4727,2025-01-01,Human Resources,C&B Specialist,0,1,0.22603562296763519,22.6,Trung binh,0,Lau nam - thang tien cham
4728,2025-01-01,Sales,Sales Supervisor,0,1,0.2169267806821888,21.69,Trung binh,1,Khoi luong cong viec cao - uu tien giu chan
4729,2025-01-01,Finance,Internal Auditor,0,0,0.12999333887548584,13.0,Thap,2,It tham nien - Khoi luong cong viec thap
4730,2025-01-01,Information Technology,Software Engineer,1,0,0.1579421500197084,15.79,Thap,3,Cap bac cao - thu nhap cao
4735,2025-01-01,Information Technology,QA Engineer,0,0,0.11835881118664456,11.84,Thap,3,Cap bac cao - thu nhap cao
4736,2025-01-01,Information Technology,System Administrator,0,0,0.040151194458708496,4.02,Thap,2,It tham nien - Khoi luong cong viec thap
4739,2025-01-01,Human Resources,HR Manager,1,0,0.016939649005950682,1.69,Thap,2,It tham nien - Khoi luong cong viec thap
4740,2025-01-01,Human Resources,HR Executive,0,0,0.10420817737240054,10.42,Thap,3,Cap bac cao - thu nhap cao
4741,2025-01-01,Marketing,Marketing Manager,0,0,0.0636361622358179,6.36,Thap,2,It tham nien - Khoi luong cong viec thap
4746,2025-01-01,Information Technology,IT Support,0,0,0.14779884493598544,14.78,Thap,0,Lau nam - thang tien cham
4747,2025-01-01,Operations,Operations Executive,0,1,0.19827935579314435,19.83,Trung binh,2,It tham nien - Khoi luong cong viec thap
4748,2025-01-01,Operations,Warehouse Supervisor,0,1,0.21149232657188952,21.15,Trung binh,1,Khoi luong cong viec cao - uu tien giu chan
4750,2025-01-01,Finance,Accountant,0,0,0.14561446633118455,14.56,Thap,3,Cap bac cao - thu nhap cao
4751,2025-01-01,Information Technology,System Administrator,0,0,0.0,0.0,Thap,2,It tham nien - Khoi luong cong viec thap
4752,2025-01-01,Marketing,Content Specialist,0,1,0.2428190040697745,24.28,Trung binh,3,Cap bac cao - thu nhap cao
4754,2025-01-01,Finance,Accountant,0,1,0.20072669587511174,20.07,Trung binh,2,It tham nien - Khoi luong cong viec thap
4756,2025-01-01,Sales,Sales Representative,0,0,0.09180549602540777,9.18,Thap,3,Cap bac cao - thu nhap cao
4757,2025-01-01,Sales,Sales Representative,0,1,0.2752160388473968,27.52,Trung binh,1,Khoi luong cong viec cao - uu tien giu chan
4759,2025-01-01,Marketing,Marketing Executive,1,0,0.066361244565322,6.64,Thap,2,It tham nien - Khoi luong cong viec thap
4764,2025-01-01,Information Technology,System Administrator,0,0,0.09050901489964357,9.05,Thap,2,It tham nien - Khoi luong cong viec thap
4767,2025-01-01,Marketing,Digital Marketing Specialist,1,1,0.24758371727676845,24.76,Trung binh,1,Khoi luong cong viec cao - uu tien giu chan
4769,2025-01-01,Information Technology,Software Engineer,1,0,0.12184888061921606,12.18,Thap,2,It tham nien - Khoi luong cong viec thap
4774,2025-01-01,Sales,Sales Supervisor,0,0,0.09118902043363068,9.12,Thap,0,Lau nam - thang tien cham
4775,2025-01-01,Operations,Procurement Specialist,0,1,0.23963340822298615,23.96,Trung binh,1,Khoi luong cong viec cao - uu tien giu chan
4776,2025-01-01,Sales,Account Manager,0,0,0.14218228207944153,14.22,Thap,0,Lau nam - thang tien cham
4778,2025-01-01,Information Technology,Software Engineer,1,1,0.16842944608490248,16.84,Trung binh,1,Khoi luong cong viec cao - uu tien giu chan
4783,2025-01-01,Human Resources,HR Executive,0,1,0.16025958586419334,16.03,Trung binh,2,It tham nien - Khoi luong cong viec thap
4784,2025-01-01,Operations,Operations Manager,0,1,0.17750201272919722,17.75,Trung binh,1,Khoi luong cong viec cao - uu tien giu chan
4785,2025-01-01,Information Technology,IT Support,0,1,0.26097875669601683,26.1,Trung binh,1,Khoi luong cong viec cao - uu tien giu chan
4786,2025-01-01,Human Resources,HR Manager,0,0,0.06116706885772384,6.12,Thap,2,It tham nien - Khoi luong cong viec thap
4787,2025-01-01,Sales,Sales Representative,0,0,0.09269839856330432,9.27,Thap,2,It tham nien - Khoi luong cong viec thap
4788,2025-01-01,Information Technology,QA Engineer,0,0,0.159185108688294,15.92,Thap,3,Cap bac cao - thu nhap cao
4789,2025-01-01,Sales,Sales Executive,0,0,0.11810708789910075,11.81,Thap,0,Lau nam - thang tien cham
4792,2025-01-01,Human Resources,HR Executive,0,1,0.16123507553137417,16.12,Trung binh,1,Khoi luong cong viec cao - uu tien giu chan
4800,2025-01-01,Sales,Account Manager,1,1,0.28832920682616625,28.83,Trung binh,0,Lau nam - thang tien cham
4802,2025-01-01,Operations,Operations Executive,0,0,0.15099326206395455,15.1,Thap,1,Khoi luong cong viec cao - uu tien giu chan
4804,2025-01-01,Marketing,Marketing Executive,0,0,0.07474823536174136,7.47,Thap,0,Lau nam - thang tien cham
4811,2025-01-01,Sales,Sales Representative,0,0,0.0712804938025869,7.13,Thap,2,It tham nien - Khoi luong cong viec thap
4813,2025-01-01,Sales,Account Manager,0,0,0.13836372678663791,13.84,Thap,2,It tham nien - Khoi luong cong viec thap
4815,2025-01-01,Sales,Account Manager,0,0,0.1544293002641935,15.44,Thap,2,It tham nien - Khoi luong cong viec thap
4816,2025-01-01,Information Technology,System Administrator,0,0,0.018547891746681946,1.85,Thap,2,It tham nien - Khoi luong cong viec thap
4821,2025-01-01,Sales,Account Manager,0,0,0.1325744854591819,13.26,Thap,2,It tham nien - Khoi luong cong viec thap
4823,2025-01-01,Operations,Operations Manager,1,1,0.2968986240463484,29.69,Trung binh,1,Khoi luong cong viec cao - uu tien giu chan
4824,2025-01-01,Marketing,Digital Marketing Specialist,0,0,0.14612875957378613,14.61,Thap,0,Lau nam - thang tien cham
4828,2025-01-01,Information Technology,Data Analyst,0,0,0.04409707541670233,4.41,Thap,3,Cap bac cao - thu nhap cao
4835,2025-01-01,Human Resources,HR Manager,0,0,0.07768854689938055,7.77,Thap,0,Lau nam - thang tien cham
4841,2025-01-01,Information Technology,Software Engineer,0,0,0.09497901163399299,9.5,Thap,3,Cap bac cao - thu nhap cao
4845,2025-01-01,Finance,Accountant,0,1,0.2272693617934674,22.73,Trung binh,1,Khoi luong cong viec cao - uu tien giu chan
4850,2025-01-01,Finance,Finance Manager,0,1,0.2872152354765903,28.72,Trung binh,1,Khoi luong cong viec cao - uu tien giu chan
4852,2025-01-01,Marketing,Marketing Manager,0,0,0.12787941919546064,12.79,Thap,2,It tham nien - Khoi luong cong viec thap
4855,2025-01-01,Operations,Warehouse Supervisor,0,0,0.10952613192751326,10.95,Thap,2,It tham nien - Khoi luong cong viec thap
4858,2025-01-01,Marketing,Content Specialist,0,1,0.18341528225852116,18.34,Trung binh,2,It tham nien - Khoi luong cong viec thap
4860,2025-01-01,Sales,Sales Supervisor,1,0,0.1280658358645607,12.81,Thap,2,It tham nien - Khoi luong cong viec thap
4863,2025-01-01,Human Resources,Recruiter,0,0,0.13453021614956853,13.45,Thap,1,Khoi luong cong viec cao - uu tien giu chan
4866,2025-01-01,Operations,Procurement Specialist,0,0,0.10848114004026492,10.85,Thap,3,Cap bac cao - thu nhap cao
4867,2025-01-01,Operations,Procurement Specialist,1,1,0.201694113851699,20.17,Trung binh,1,Khoi luong cong viec cao - uu tien giu chan
4868,2025-01-01,Finance,Accountant,0,0,0.1095422367614603,10.95,Thap,1,Khoi luong cong viec cao - uu tien giu chan
4869,2025-01-01,Information Technology,System Administrator,0,0,0.054190689026952996,5.42,Thap,2,It tham nien - Khoi luong cong viec thap
4870,2025-01-01,Finance,Financial Analyst,0,1,0.20100068387714154,20.1,Trung binh,0,Lau nam - thang tien cham
4875,2025-01-01,Information Technology,System Administrator,0,1,0.18934947391007936,18.93,Trung binh,3,Cap bac cao - thu nhap cao
4879,2025-01-01,Human Resources,C&B Specialist,0,1,0.2546839685904996,25.47,Trung binh,1,Khoi luong cong viec cao - uu tien giu chan
4882,2025-01-01,Sales,Sales Executive,0,0,0.03524677436571775,3.52,Thap,2,It tham nien - Khoi luong cong viec thap
4883,2025-01-01,Marketing,Marketing Manager,1,0,0.03581465826218805,3.58,Thap,2,It tham nien - Khoi luong cong viec thap
4884,2025-01-01,Sales,Sales Executive,0,1,0.1772168446203843,17.72,Trung binh,2,It tham nien - Khoi luong cong viec thap
4885,2025-01-01,Marketing,Digital Marketing Specialist,0,0,0.14417688874551554,14.42,Thap,2,It tham nien - Khoi luong cong viec thap
4887,2025-01-01,Operations,Operations Executive,0,0,0.1063092427822658,10.63,Thap,3,Cap bac cao - thu nhap cao
4890,2025-01-01,Sales,Sales Representative,0,0,0.041435180633825355,4.14,Thap,2,It tham nien - Khoi luong cong viec thap
4891,2025-01-01,Sales,Sales Executive,0,1,0.20102093875493926,20.1,Trung binh,1,Khoi luong cong viec cao - uu tien giu chan
4893,2025-01-01,Operations,Operations Executive,1,1,0.3807803525365559,38.08,Cao,2,It tham nien - Khoi luong cong viec thap
4894,2025-01-01,Human Resources,C&B Specialist,0,0,0.02105330694924221,2.11,Thap,2,It tham nien - Khoi luong cong viec thap
4899,2025-01-01,Finance,Financial Analyst,0,0,0.13583313377048117,13.58,Thap,3,Cap bac cao - thu nhap cao
4900,2025-01-01,Operations,Operations Manager,0,0,0.11830918732577751,11.83,Thap,2,It tham nien - Khoi luong cong viec thap
4901,2025-01-01,Operations,Operations Executive,0,1,0.1835244331309909,18.35,Trung binh,1,Khoi luong cong viec cao - uu tien giu chan
4902,2025-01-01,Human Resources,HR Executive,0,0,0.09972666361917706,9.97,Thap,1,Khoi luong cong viec cao - uu tien giu chan
4904,2025-01-01,Human Resources,HR Manager,0,0,0.12515669690859044,12.52,Thap,3,Cap bac cao - thu nhap cao
4905,2025-01-01,Information Technology,IT Support,0,0,0.09063172094119729,9.06,Thap,2,It tham nien - Khoi luong cong viec thap
4907,2025-01-01,Human Resources,HR Executive,0,0,0.14617556052528985,14.62,Thap,0,Lau nam - thang tien cham
4910,2025-01-01,Finance,Financial Analyst,0,0,0.07245393916054939,7.25,Thap,0,Lau nam - thang tien cham
4912,2025-01-01,Marketing,Content Specialist,0,1,0.19297626932278125,19.3,Trung binh,1,Khoi luong cong viec cao - uu tien giu chan
4914,2025-01-01,Finance,Accountant,0,0,0.0713195605117286,7.13,Thap,2,It tham nien - Khoi luong cong viec thap
4915,2025-01-01,Sales,Sales Supervisor,1,1,0.24860549409756177,24.86,Trung binh,1,Khoi luong cong viec cao - uu tien giu chan
4917,2025-01-01,Operations,Operations Executive,0,1,0.22987545200538728,22.99,Trung binh,0,Lau nam - thang tien cham
4918,2025-01-01,Finance,Internal Auditor,0,1,0.18419454167568422,18.42,Trung binh,1,Khoi luong cong viec cao - uu tien giu chan
4920,2025-01-01,Information Technology,Data Analyst,0,0,0.0436608677395898,4.37,Thap,2,It tham nien - Khoi luong cong viec thap
4923,2025-01-01,Information Technology,IT Support,0,0,0.020763888148727046,2.08,Thap,2,It tham nien - Khoi luong cong viec thap
4926,2025-01-01,Human Resources,Recruiter,0,0,0.09842068614656442,9.84,Thap,0,Lau nam - thang tien cham
4927,2025-01-01,Human Resources,HR Executive,0,0,0.0739264659004528,7.39,Thap,0,Lau nam - thang tien cham
4928,2025-01-01,Human Resources,HR Manager,0,0,0.14772187859668526,14.77,Thap,3,Cap bac cao - thu nhap cao
4929,2025-01-01,Marketing,Marketing Manager,1,0,0.053723910632003546,5.37,Thap,2,It tham nien - Khoi luong cong viec thap
4930,2025-01-01,Information Technology,Data Analyst,1,0,0.1093445160150064,10.93,Thap,2,It tham nien - Khoi luong cong viec thap
4931,2025-01-01,Sales,Sales Supervisor,0,1,0.1682928803074793,16.83,Trung binh,2,It tham nien - Khoi luong cong viec thap
4935,2025-01-01,Operations,Procurement Specialist,0,0,0.12219972540214954,12.22,Thap,3,Cap bac cao - thu nhap cao
4936,2025-01-01,Operations,Operations Manager,1,0,0.07110465846762985,7.11,Thap,2,It tham nien - Khoi luong cong viec thap
4937,2025-01-01,Marketing,Marketing Manager,0,1,0.17984789387665504,17.98,Trung binh,2,It tham nien - Khoi luong cong viec thap
4939,2025-01-01,Finance,Financial Analyst,0,0,0.05767785627432038,5.77,Thap,2,It tham nien - Khoi luong cong viec thap
4940,2025-01-01,Marketing,Marketing Executive,0,0,0.05401660521334769,5.4,Thap,2,It tham nien - Khoi luong cong viec thap
4942,2025-01-01,Human Resources,Recruiter,0,0,0.13796952510712143,13.8,Thap,0,Lau nam - thang tien cham
4943,2025-01-01,Marketing,Digital Marketing Specialist,1,1,0.27810596020956196,27.81,Trung binh,0,Lau nam - thang tien cham
4951,2025-01-01,Finance,Financial Analyst,0,1,0.2764728792822211,27.65,Trung binh,3,Cap bac cao - thu nhap cao
4953,2025-01-01,Finance,Accountant,0,1,0.2181881071156656,21.82,Trung binh,1,Khoi luong cong viec cao - uu tien giu chan
4956,2025-01-01,Sales,Account Manager,0,1,0.20648988338051721,20.65,Trung binh,1,Khoi luong cong viec cao - uu tien giu chan
4962,2025-01-01,Marketing,Marketing Manager,0,0,0.13409328967003745,13.41,Thap,0,Lau nam - thang tien cham
4964,2025-01-01,Marketing,Marketing Executive,0,1,0.2532259986056016,25.32,Trung binh,0,Lau nam - thang tien cham
4966,2025-01-01,Operations,Warehouse Supervisor,0,1,0.2057015662833156,20.57,Trung binh,1,Khoi luong cong viec cao - uu tien giu chan
4969,2025-01-01,Information Technology,System Administrator,0,0,0.10590315041828263,10.59,Thap,2,It tham nien - Khoi luong cong viec thap
4970,2025-01-01,Marketing,Marketing Executive,0,1,0.16591306161582625,16.59,Trung binh,2,It tham nien - Khoi luong cong viec thap
4971,2025-01-01,Sales,Sales Executive,0,0,0.05631617399604889,5.63,Thap,2,It tham nien - Khoi luong cong viec thap
4975,2025-01-01,Sales,Sales Executive,0,1,0.19804028211520575,19.8,Trung binh,1,Khoi luong cong viec cao - uu tien giu chan
4976,2025-01-01,Sales,Account Manager,0,0,0.037858519590501315,3.79,Thap,3,Cap bac cao - thu nhap cao
4985,2025-01-01,Information Technology,IT Support,0,1,0.1645027670153895,16.45,Trung binh,1,Khoi luong cong viec cao - uu tien giu chan
4989,2025-01-01,Sales,Account Manager,0,0,0.11399594021179084,11.4,Thap,2,It tham nien - Khoi luong cong viec thap
4991,2025-01-01,Operations,Operations Executive,0,1,0.2157651739362721,21.58,Trung binh,3,Cap bac cao - thu nhap cao
4994,2025-01-01,Marketing,Digital Marketing Specialist,0,0,0.05589707070625866,5.59,Thap,2,It tham nien - Khoi luong cong viec thap
5002,2025-01-01,Finance,Financial Analyst,0,0,0.08648748053819696,8.65,Thap,2,It tham nien - Khoi luong cong viec thap
5003,2025-01-01,Human Resources,Recruiter,0,0,0.07536947180688991,7.54,Thap,2,It tham nien - Khoi luong cong viec thap
5004,2025-01-01,Information Technology,IT Support,0,1,0.16227119609864948,16.23,Trung binh,1,Khoi luong cong viec cao - uu tien giu chan
5005,2025-01-01,Operations,Procurement Specialist,0,1,0.18526135705424843,18.53,Trung binh,0,Lau nam - thang tien cham
5007,2025-01-01,Operations,Warehouse Supervisor,0,0,0.11814690563999625,11.81,Thap,2,It tham nien - Khoi luong cong viec thap
5008,2025-01-01,Finance,Internal Auditor,0,0,0.12261946305773319,12.26,Thap,2,It tham nien - Khoi luong cong viec thap
5009,2025-01-01,Human Resources,Recruiter,0,1,0.2555354791083825,25.55,Trung binh,1,Khoi luong cong viec cao - uu tien giu chan
5012,2025-01-01,Marketing,Marketing Manager,0,0,0.10893804298901688,10.89,Thap,2,It tham nien - Khoi luong cong viec thap
5013,2025-01-01,Sales,Sales Executive,0,0,0.06943137952715267,6.94,Thap,2,It tham nien - Khoi luong cong viec thap
5014,2025-01-01,Human Resources,C&B Specialist,0,0,0.07276055450688858,7.28,Thap,2,It tham nien - Khoi luong cong viec thap
5021,2025-01-01,Marketing,Marketing Executive,0,0,0.0729252666047927,7.29,Thap,2,It tham nien - Khoi luong cong viec thap
5022,2025-01-01,Sales,Sales Executive,0,0,0.07317978194069855,7.32,Thap,3,Cap bac cao - thu nhap cao
5025,2025-01-01,Marketing,Content Specialist,0,0,0.12680033091415785,12.68,Thap,0,Lau nam - thang tien cham
5026,2025-01-01,Information Technology,QA Engineer,0,0,0.11241673249942605,11.24,Thap,2,It tham nien - Khoi luong cong viec thap
5029,2025-01-01,Human Resources,HR Manager,0,0,0.09463827876967941,9.46,Thap,2,It tham nien - Khoi luong cong viec thap
5031,2025-01-01,Sales,Sales Representative,0,0,0.143663122224566,14.37,Thap,2,It tham nien - Khoi luong cong viec thap
5033,2025-01-01,Finance,Internal Auditor,0,0,0.13906595665492072,13.91,Thap,3,Cap bac cao - thu nhap cao
5035,2025-01-01,Marketing,Marketing Executive,0,1,0.2609754732209463,26.1,Trung binh,0,Lau nam - thang tien cham
5036,2025-01-01,Finance,Finance Manager,0,0,0.09190871777178301,9.19,Thap,2,It tham nien - Khoi luong cong viec thap
5037,2025-01-01,Sales,Sales Executive,0,0,0.12387553111781922,12.39,Thap,0,Lau nam - thang tien cham
5038,2025-01-01,Information Technology,System Administrator,1,1,0.20291930833795688,20.29,Trung binh,1,Khoi luong cong viec cao - uu tien giu chan
5039,2025-01-01,Finance,Accountant,0,1,0.20786659709064484,20.79,Trung binh,3,Cap bac cao - thu nhap cao
5042,2025-01-01,Operations,Procurement Specialist,0,1,0.17842298165883347,17.84,Trung binh,2,It tham nien - Khoi luong cong viec thap
5045,2025-01-01,Information Technology,System Administrator,0,0,0.11285064446754275,11.29,Thap,2,It tham nien - Khoi luong cong viec thap
5046,2025-01-01,Human Resources,Recruiter,1,1,0.22482313532829998,22.48,Trung binh,1,Khoi luong cong viec cao - uu tien giu chan
5048,2025-01-01,Operations,Procurement Specialist,1,1,0.16921742171704363,16.92,Trung binh,3,Cap bac cao - thu nhap cao
5049,2025-01-01,Marketing,Marketing Manager,0,0,0.10985009842938641,10.99,Thap,3,Cap bac cao - thu nhap cao
5052,2025-01-01,Human Resources,HR Executive,0,1,0.22680517122350707,22.68,Trung binh,1,Khoi luong cong viec cao - uu tien giu chan
5053,2025-01-01,Finance,Internal Auditor,0,0,0.11161276540898343,11.16,Thap,2,It tham nien - Khoi luong cong viec thap
5054,2025-01-01,Information Technology,QA Engineer,0,1,0.26448301664088664,26.45,Trung binh,1,Khoi luong cong viec cao - uu tien giu chan
5056,2025-01-01,Human Resources,C&B Specialist,0,0,0.11617897446077757,11.62,Thap,3,Cap bac cao - thu nhap cao
5058,2025-01-01,Information Technology,Data Analyst,0,1,0.2163679137890391,21.64,Trung binh,1,Khoi luong cong viec cao - uu tien giu chan
5059,2025-01-01,Operations,Warehouse Supervisor,1,1,0.16064703385724607,16.06,Trung binh,3,Cap bac cao - thu nhap cao
5064,2025-01-01,Marketing,Content Specialist,0,0,0.1554266680577014,15.54,Thap,2,It tham nien - Khoi luong cong viec thap
5068,2025-01-01,Information Technology,Software Engineer,0,1,0.20652875081100028,20.65,Trung binh,1,Khoi luong cong viec cao - uu tien giu chan
5069,2025-01-01,Operations,Procurement Specialist,0,1,0.1784758194580343,17.85,Trung binh,2,It tham nien - Khoi luong cong viec thap
5075,2025-01-01,Operations,Warehouse Supervisor,0,0,0.05334782183084259,5.33,Thap,1,Khoi luong cong viec cao - uu tien giu chan
5077,2025-01-01,Finance,Financial Analyst,1,0,0.14370892110752845,14.37,Thap,1,Khoi luong cong viec cao - uu tien giu chan
5079,2025-01-01,Finance,Financial Analyst,0,1,0.2960424097712531,29.6,Trung binh,3,Cap bac cao - thu nhap cao
5082,2025-01-01,Information Technology,IT Support,0,0,0.017970595926982188,1.8,Thap,2,It tham nien - Khoi luong cong viec thap
5084,2025-01-01,Human Resources,HR Manager,0,0,0.12425310236777792,12.43,Thap,3,Cap bac cao - thu nhap cao
5086,2025-01-01,Finance,Financial Analyst,0,0,0.12395750000343032,12.4,Thap,3,Cap bac cao - thu nhap cao
5087,2025-01-01,Information Technology,QA Engineer,1,0,0.12863291350833836,12.86,Thap,2,It tham nien - Khoi luong cong viec thap
5088,2025-01-01,Information Technology,IT Support,0,0,0.08326748794247092,8.33,Thap,2,It tham nien - Khoi luong cong viec thap
5093,2025-01-01,Information Technology,Data Analyst,1,0,0.1485138140165013,14.85,Thap,0,Lau nam - thang tien cham
5094,2025-01-01,Marketing,Marketing Manager,0,0,0.11683702765287111,11.68,Thap,0,Lau nam - thang tien cham
5098,2025-01-01,Sales,Account Manager,0,0,0.1323926289427584,13.24,Thap,1,Khoi luong cong viec cao - uu tien giu chan
5099,2025-01-01,Sales,Sales Representative,0,0,0.08304454980146396,8.3,Thap,2,It tham nien - Khoi luong cong viec thap
5101,2025-01-01,Operations,Procurement Specialist,0,0,0.11674393548677123,11.67,Thap,1,Khoi luong cong viec cao - uu tien giu chan
5103,2025-01-01,Marketing,Digital Marketing Specialist,0,0,0.056081369355857696,5.61,Thap,3,Cap bac cao - thu nhap cao
5106,2025-01-01,Sales,Sales Supervisor,0,0,0.09761017370605675,9.76,Thap,2,It tham nien - Khoi luong cong viec thap
5107,2025-01-01,Human Resources,Recruiter,0,0,0.1375999283190198,13.76,Thap,1,Khoi luong cong viec cao - uu tien giu chan
5109,2025-01-01,Human Resources,HR Manager,0,0,0.055238820037326525,5.52,Thap,2,It tham nien - Khoi luong cong viec thap
5115,2025-01-01,Marketing,Marketing Executive,0,0,0.09446845788262008,9.45,Thap,0,Lau nam - thang tien cham
5117,2025-01-01,Information Technology,Software Engineer,0,0,0.07301795745371305,7.3,Thap,2,It tham nien - Khoi luong cong viec thap
5118,2025-01-01,Information Technology,Software Engineer,0,1,0.34903818124038644,34.9,Cao,0,Lau nam - thang tien cham
5119,2025-01-01,Sales,Sales Executive,0,0,0.1422600683117377,14.23,Thap,1,Khoi luong cong viec cao - uu tien giu chan
5120,2025-01-01,Information Technology,IT Support,0,0,0.12698784153501083,12.7,Thap,3,Cap bac cao - thu nhap cao
5121,2025-01-01,Operations,Operations Executive,0,0,0.06777861843190598,6.78,Thap,2,It tham nien - Khoi luong cong viec thap
5126,2025-01-01,Finance,Accountant,0,0,0.1398651893275937,13.99,Thap,3,Cap bac cao - thu nhap cao
5127,2025-01-01,Sales,Sales Representative,0,0,0.06689418181769133,6.69,Thap,2,It tham nien - Khoi luong cong viec thap
5128,2025-01-01,Finance,Internal Auditor,1,1,0.2985087276205803,29.85,Trung binh,1,Khoi luong cong viec cao - uu tien giu chan
5129,2025-01-01,Operations,Procurement Specialist,0,0,0.05192433038206382,5.19,Thap,2,It tham nien - Khoi luong cong viec thap
5131,2025-01-01,Human Resources,HR Manager,0,0,0.13183947342516308,13.18,Thap,2,It tham nien - Khoi luong cong viec thap
5132,2025-01-01,Marketing,Content Specialist,0,0,0.1386223613445437,13.86,Thap,2,It tham nien - Khoi luong cong viec thap
5135,2025-01-01,Operations,Operations Manager,0,0,0.08954748925579048,8.95,Thap,2,It tham nien - Khoi luong cong viec thap
5138,2025-01-01,Marketing,Digital Marketing Specialist,1,1,0.20914934000398522,20.91,Trung binh,0,Lau nam - thang tien cham
5139,2025-01-01,Marketing,Digital Marketing Specialist,0,0,0.07127613649951707,7.13,Thap,2,It tham nien - Khoi luong cong viec thap
5140,2025-01-01,Information Technology,Software Engineer,0,0,0.11323425095536396,11.32,Thap,1,Khoi luong cong viec cao - uu tien giu chan
5141,2025-01-01,Finance,Accountant,1,1,0.19971435119445857,19.97,Trung binh,1,Khoi luong cong viec cao - uu tien giu chan
5143,2025-01-01,Marketing,Digital Marketing Specialist,0,0,0.1291392953757846,12.91,Thap,2,It tham nien - Khoi luong cong viec thap
5144,2025-01-01,Sales,Sales Representative,0,0,0.12368744194166209,12.37,Thap,2,It tham nien - Khoi luong cong viec thap
5148,2025-01-01,Marketing,Marketing Executive,0,0,0.13193650848250885,13.19,Thap,2,It tham nien - Khoi luong cong viec thap
5149,2025-01-01,Marketing,Content Specialist,0,1,0.1620222693330894,16.2,Trung binh,1,Khoi luong cong viec cao - uu tien giu chan
5151,2025-01-01,Operations,Warehouse Supervisor,1,1,0.17311606466361495,17.31,Trung binh,1,Khoi luong cong viec cao - uu tien giu chan
5152,2025-01-01,Operations,Operations Manager,0,0,0.15860892292429568,15.86,Thap,2,It tham nien - Khoi luong cong viec thap
5155,2025-01-01,Sales,Sales Supervisor,0,0,0.14940080397613234,14.94,Thap,0,Lau nam - thang tien cham
5156,2025-01-01,Human Resources,HR Executive,0,0,0.07170351258754967,7.17,Thap,0,Lau nam - thang tien cham
5157,2025-01-01,Marketing,Marketing Executive,0,0,0.06240641049825553,6.24,Thap,3,Cap bac cao - thu nhap cao
5158,2025-01-01,Operations,Warehouse Supervisor,0,0,0.13429382473922014,13.43,Thap,2,It tham nien - Khoi luong cong viec thap
5159,2025-01-01,Marketing,Digital Marketing Specialist,0,0,0.12572143011778328,12.57,Thap,3,Cap bac cao - thu nhap cao
5161,2025-01-01,Finance,Internal Auditor,0,0,0.07041085158070622,7.04,Thap,3,Cap bac cao - thu nhap cao
5164,2025-01-01,Information Technology,Software Engineer,0,0,0.055082591693585224,5.51,Thap,3,Cap bac cao - thu nhap cao
5165,2025-01-01,Marketing,Digital Marketing Specialist,0,1,0.20523499289688235,20.52,Trung binh,1,Khoi luong cong viec cao - uu tien giu chan
5168,2025-01-01,Sales,Sales Executive,0,0,0.03949781838134755,3.95,Thap,2,It tham nien - Khoi luong cong viec thap
5174,2025-01-01,Information Technology,QA Engineer,1,1,0.25239231953088037,25.24,Trung binh,0,Lau nam - thang tien cham
5175,2025-01-01,Marketing,Marketing Executive,0,0,0.04180026485092489,4.18,Thap,2,It tham nien - Khoi luong cong viec thap
5176,2025-01-01,Marketing,Content Specialist,0,0,0.08260546159371328,8.26,Thap,2,It tham nien - Khoi luong cong viec thap
5178,2025-01-01,Operations,Warehouse Supervisor,0,0,0.04467532237358556,4.47,Thap,3,Cap bac cao - thu nhap cao
5179,2025-01-01,Sales,Sales Representative,1,0,0.053045515616527324,5.3,Thap,2,It tham nien - Khoi luong cong viec thap
5181,2025-01-01,Information Technology,IT Support,0,0,0.061183693826286675,6.12,Thap,2,It tham nien - Khoi luong cong viec thap
5182,2025-01-01,Marketing,Content Specialist,0,1,0.17170326203164527,17.17,Trung binh,2,It tham nien - Khoi luong cong viec thap
5185,2025-01-01,Sales,Account Manager,0,0,0.12222794324343678,12.22,Thap,2,It tham nien - Khoi luong cong viec thap
5190,2025-01-01,Finance,Finance Manager,0,0,0.07676374041503387,7.68,Thap,0,Lau nam - thang tien cham
5193,2025-01-01,Sales,Sales Supervisor,0,0,0.10118145768375103,10.12,Thap,2,It tham nien - Khoi luong cong viec thap
5204,2025-01-01,Human Resources,Recruiter,1,1,0.18409297474172204,18.41,Trung binh,1,Khoi luong cong viec cao - uu tien giu chan
5205,2025-01-01,Finance,Accountant,0,0,0.15422771843613878,15.42,Thap,0,Lau nam - thang tien cham
5209,2025-01-01,Operations,Operations Manager,1,0,0.12193595614413308,12.19,Thap,1,Khoi luong cong viec cao - uu tien giu chan
5213,2025-01-01,Operations,Operations Executive,0,0,0.1160394007821985,11.6,Thap,0,Lau nam - thang tien cham
5214,2025-01-01,Information Technology,System Administrator,0,0,0.019749206624938294,1.97,Thap,2,It tham nien - Khoi luong cong viec thap
5215,2025-01-01,Finance,Internal Auditor,0,1,0.19249075803573829,19.25,Trung binh,1,Khoi luong cong viec cao - uu tien giu chan
5216,2025-01-01,Marketing,Digital Marketing Specialist,0,1,0.20974336507708274,20.97,Trung binh,1,Khoi luong cong viec cao - uu tien giu chan
5218,2025-01-01,Finance,Finance Manager,0,0,0.12426782412823184,12.43,Thap,2,It tham nien - Khoi luong cong viec thap
5222,2025-01-01,Finance,Financial Analyst,0,1,0.26624856639740163,26.62,Trung binh,0,Lau nam - thang tien cham
5223,2025-01-01,Information Technology,IT Support,0,0,0.06016202325895712,6.02,Thap,3,Cap bac cao - thu nhap cao
5226,2025-01-01,Finance,Financial Analyst,0,0,0.0586553096227097,5.87,Thap,1,Khoi luong cong viec cao - uu tien giu chan
5227,2025-01-01,Information Technology,System Administrator,0,0,0.11232632224036833,11.23,Thap,2,It tham nien - Khoi luong cong viec thap
5229,2025-01-01,Finance,Financial Analyst,0,1,0.1698272705377971,16.98,Trung binh,2,It tham nien - Khoi luong cong viec thap
5230,2025-01-01,Human Resources,Recruiter,1,0,0.12380171912535318,12.38,Thap,0,Lau nam - thang tien cham
5231,2025-01-01,Information Technology,IT Support,0,0,0.1565575191838186,15.66,Thap,0,Lau nam - thang tien cham
5232,2025-01-01,Finance,Finance Manager,0,0,0.07403239139451617,7.4,Thap,2,It tham nien - Khoi luong cong viec thap
5233,2025-01-01,Information Technology,IT Support,1,1,0.16727521911269527,16.73,Trung binh,1,Khoi luong cong viec cao - uu tien giu chan
5234,2025-01-01,Information Technology,System Administrator,0,1,0.19136865865305225,19.14,Trung binh,1,Khoi luong cong viec cao - uu tien giu chan
5237,2025-01-01,Sales,Sales Executive,1,1,0.2142149445703155,21.42,Trung binh,3,Cap bac cao - thu nhap cao
5240,2025-01-01,Sales,Sales Executive,0,0,0.1123560559917577,11.24,Thap,0,Lau nam - thang tien cham
5242,2025-01-01,Human Resources,Recruiter,0,0,0.07596909525957729,7.6,Thap,3,Cap bac cao - thu nhap cao
5243,2025-01-01,Finance,Finance Manager,0,0,0.13214992988281846,13.21,Thap,1,Khoi luong cong viec cao - uu tien giu chan
5244,2025-01-01,Human Resources,Recruiter,1,0,0.12990797866985726,12.99,Thap,3,Cap bac cao - thu nhap cao
5245,2025-01-01,Information Technology,System Administrator,0,1,0.16055441061860368,16.06,Trung binh,0,Lau nam - thang tien cham
5246,2025-01-01,Finance,Accountant,0,0,0.1334880638973326,13.35,Thap,2,It tham nien - Khoi luong cong viec thap
5247,2025-01-01,Operations,Operations Executive,0,0,0.1431793336298572,14.32,Thap,3,Cap bac cao - thu nhap cao
5248,2025-01-01,Operations,Warehouse Supervisor,0,0,0.0898015975209656,8.98,Thap,3,Cap bac cao - thu nhap cao
5249,2025-01-01,Sales,Account Manager,0,0,0.13172172380561015,13.17,Thap,0,Lau nam - thang tien cham
5250,2025-01-01,Finance,Internal Auditor,0,0,0.03755651285224219,3.76,Thap,2,It tham nien - Khoi luong cong viec thap
5251,2025-01-01,Finance,Finance Manager,0,0,0.09744218536452616,9.74,Thap,2,It tham nien - Khoi luong cong viec thap
5252,2025-01-01,Operations,Procurement Specialist,0,1,0.1667909289201136,16.68,Trung binh,2,It tham nien - Khoi luong cong viec thap
5253,2025-01-01,Information Technology,IT Support,0,0,0.1441952522630489,14.42,Thap,3,Cap bac cao - thu nhap cao
5255,2025-01-01,Information Technology,QA Engineer,0,0,0.14408258808176325,14.41,Thap,2,It tham nien - Khoi luong cong viec thap
5256,2025-01-01,Information Technology,Software Engineer,1,0,0.14110038359793128,14.11,Thap,2,It tham nien - Khoi luong cong viec thap
5257,2025-01-01,Marketing,Marketing Manager,0,0,0.06882430743651162,6.88,Thap,2,It tham nien - Khoi luong cong viec thap
5261,2025-01-01,Human Resources,Recruiter,1,0,0.13486059736875533,13.49,Thap,3,Cap bac cao - thu nhap cao
5265,2025-01-01,Sales,Account Manager,0,0,0.1539167596058652,15.39,Thap,2,It tham nien - Khoi luong cong viec thap
5266,2025-01-01,Marketing,Marketing Manager,0,0,0.056761765089039865,5.68,Thap,2,It tham nien - Khoi luong cong viec thap
5268,2025-01-01,Finance,Finance Manager,0,0,0.14063445676959907,14.06,Thap,3,Cap bac cao - thu nhap cao
5282,2025-01-01,Human Resources,HR Manager,0,0,0.06991238036387644,6.99,Thap,2,It tham nien - Khoi luong cong viec thap
5284,2025-01-01,Operations,Operations Manager,0,0,0.11193383638453644,11.19,Thap,3,Cap bac cao - thu nhap cao
5291,2025-01-01,Sales,Sales Representative,1,1,0.3641632108223621,36.42,Cao,1,Khoi luong cong viec cao - uu tien giu chan
5292,2025-01-01,Sales,Sales Executive,0,1,0.21936602714054848,21.94,Trung binh,1,Khoi luong cong viec cao - uu tien giu chan
5293,2025-01-01,Information Technology,Data Analyst,0,0,0.11452732698249367,11.45,Thap,1,Khoi luong cong viec cao - uu tien giu chan
5294,2025-01-01,Human Resources,HR Executive,0,0,0.08951534614315579,8.95,Thap,3,Cap bac cao - thu nhap cao
5295,2025-01-01,Marketing,Content Specialist,1,0,0.09804352208776994,9.8,Thap,3,Cap bac cao - thu nhap cao
5306,2025-01-01,Sales,Account Manager,1,1,0.2808855414876993,28.09,Trung binh,1,Khoi luong cong viec cao - uu tien giu chan
5308,2025-01-01,Operations,Operations Executive,0,0,0.14405535154921528,14.41,Thap,1,Khoi luong cong viec cao - uu tien giu chan
5310,2025-01-01,Sales,Sales Representative,0,0,0.051749248485580185,5.17,Thap,0,Lau nam - thang tien cham
5314,2025-01-01,Marketing,Content Specialist,1,1,0.2123496121384355,21.23,Trung binh,2,It tham nien - Khoi luong cong viec thap
5320,2025-01-01,Operations,Warehouse Supervisor,0,1,0.3272998293616259,32.73,Cao,1,Khoi luong cong viec cao - uu tien giu chan
5321,2025-01-01,Finance,Finance Manager,0,0,0.1139628877169643,11.4,Thap,2,It tham nien - Khoi luong cong viec thap
5323,2025-01-01,Information Technology,IT Support,0,1,0.22229260868761028,22.23,Trung binh,1,Khoi luong cong viec cao - uu tien giu chan
5324,2025-01-01,Human Resources,Recruiter,0,0,0.15248631154631215,15.25,Thap,0,Lau nam - thang tien cham
5325,2025-01-01,Sales,Sales Supervisor,0,0,0.15119672269369358,15.12,Thap,2,It tham nien - Khoi luong cong viec thap
5326,2025-01-01,Marketing,Marketing Executive,0,1,0.23680886434930976,23.68,Trung binh,0,Lau nam - thang tien cham
5331,2025-01-01,Finance,Accountant,0,1,0.2131238874442508,21.31,Trung binh,1,Khoi luong cong viec cao - uu tien giu chan
5333,2025-01-01,Marketing,Marketing Executive,0,1,0.19263139473896576,19.26,Trung binh,1,Khoi luong cong viec cao - uu tien giu chan
5335,2025-01-01,Sales,Sales Representative,0,0,0.13009110336434093,13.01,Thap,1,Khoi luong cong viec cao - uu tien giu chan
5336,2025-01-01,Human Resources,C&B Specialist,1,0,0.08854547460913,8.85,Thap,2,It tham nien - Khoi luong cong viec thap
5337,2025-01-01,Information Technology,Data Analyst,1,1,0.18558940368345725,18.56,Trung binh,1,Khoi luong cong viec cao - uu tien giu chan
5338,2025-01-01,Finance,Finance Manager,0,0,0.07628009053406322,7.63,Thap,2,It tham nien - Khoi luong cong viec thap
5339,2025-01-01,Information Technology,IT Support,0,1,0.21499045941901673,21.5,Trung binh,3,Cap bac cao - thu nhap cao
5340,2025-01-01,Operations,Procurement Specialist,1,0,0.14165754262337543,14.17,Thap,2,It tham nien - Khoi luong cong viec thap
5343,2025-01-01,Marketing,Content Specialist,1,1,0.1874888911165847,18.75,Trung binh,1,Khoi luong cong viec cao - uu tien giu chan
5344,2025-01-01,Information Technology,IT Support,0,1,0.24764143661980853,24.76,Trung binh,1,Khoi luong cong viec cao - uu tien giu chan
5346,2025-01-01,Operations,Procurement Specialist,0,1,0.19867430199257177,19.87,Trung binh,2,It tham nien - Khoi luong cong viec thap
5348,2025-01-01,Marketing,Marketing Manager,0,0,0.11412431373101535,11.41,Thap,2,It tham nien - Khoi luong cong viec thap
5349,2025-01-01,Sales,Sales Executive,1,0,0.14085808377369655,14.09,Thap,2,It tham nien - Khoi luong cong viec thap
5352,2025-01-01,Finance,Accountant,0,0,0.14105964162168413,14.11,Thap,3,Cap bac cao - thu nhap cao
5354,2025-01-01,Marketing,Content Specialist,0,0,0.12275794735577196,12.28,Thap,2,It tham nien - Khoi luong cong viec thap
5356,2025-01-01,Marketing,Marketing Manager,0,0,0.06887571789849346,6.89,Thap,3,Cap bac cao - thu nhap cao
5357,2025-01-01,Human Resources,HR Executive,0,0,0.053089335628079895,5.31,Thap,0,Lau nam - thang tien cham
5359,2025-01-01,Sales,Sales Executive,1,1,0.2211101823826717,22.11,Trung binh,1,Khoi luong cong viec cao - uu tien giu chan
5364,2025-01-01,Operations,Procurement Specialist,0,1,0.19394338160022442,19.39,Trung binh,3,Cap bac cao - thu nhap cao
5365,2025-01-01,Operations,Operations Executive,0,0,0.14920383558900216,14.92,Thap,2,It tham nien - Khoi luong cong viec thap
5367,2025-01-01,Human Resources,C&B Specialist,0,0,0.06982677864028547,6.98,Thap,2,It tham nien - Khoi luong cong viec thap
5368,2025-01-01,Operations,Procurement Specialist,0,0,0.12415668120287138,12.42,Thap,3,Cap bac cao - thu nhap cao
5370,2025-01-01,Finance,Accountant,0,0,0.09557118025023839,9.56,Thap,2,It tham nien - Khoi luong cong viec thap
5371,2025-01-01,Information Technology,Software Engineer,0,0,0.08790067376828639,8.79,Thap,2,It tham nien - Khoi luong cong viec thap
5373,2025-01-01,Information Technology,IT Support,1,1,0.25339204612857924,25.34,Trung binh,1,Khoi luong cong viec cao - uu tien giu chan
5376,2025-01-01,Marketing,Marketing Executive,0,0,0.11504671288794875,11.5,Thap,2,It tham nien - Khoi luong cong viec thap
5377,2025-01-01,Human Resources,Recruiter,0,0,0.07455243666852039,7.46,Thap,2,It tham nien - Khoi luong cong viec thap
5381,2025-01-01,Information Technology,Data Analyst,0,0,0.0620129651210471,6.2,Thap,2,It tham nien - Khoi luong cong viec thap
5382,2025-01-01,Operations,Procurement Specialist,1,0,0.09176936779714538,9.18,Thap,3,Cap bac cao - thu nhap cao
5383,2025-01-01,Operations,Operations Manager,0,1,0.22869385084733035,22.87,Trung binh,2,It tham nien - Khoi luong cong viec thap
5384,2025-01-01,Marketing,Marketing Executive,0,0,0.04152582984740514,4.15,Thap,3,Cap bac cao - thu nhap cao
5385,2025-01-01,Operations,Operations Manager,0,1,0.21350912228430505,21.35,Trung binh,2,It tham nien - Khoi luong cong viec thap
5387,2025-01-01,Finance,Internal Auditor,0,0,0.031496664854843585,3.15,Thap,2,It tham nien - Khoi luong cong viec thap
5388,2025-01-01,Human Resources,HR Executive,1,0,0.03730675396898293,3.73,Thap,2,It tham nien - Khoi luong cong viec thap
5392,2025-01-01,Human Resources,HR Executive,0,0,0.09778579849463306,9.78,Thap,2,It tham nien - Khoi luong cong viec thap
5394,2025-01-01,Finance,Financial Analyst,1,1,0.16394001650851792,16.39,Trung binh,1,Khoi luong cong viec cao - uu tien giu chan
5395,2025-01-01,Information Technology,QA Engineer,0,0,0.12617665291695931,12.62,Thap,2,It tham nien - Khoi luong cong viec thap
5397,2025-01-01,Human Resources,HR Manager,0,0,0.11801418595461777,11.8,Thap,2,It tham nien - Khoi luong cong viec thap
5399,2025-01-01,Sales,Account Manager,0,1,0.27185215948242325,27.19,Trung binh,1,Khoi luong cong viec cao - uu tien giu chan
5400,2025-01-01,Sales,Sales Representative,0,0,0.12794782091302254,12.79,Thap,1,Khoi luong cong viec cao - uu tien giu chan
5402,2025-01-01,Sales,Sales Executive,0,0,0.0703737666043202,7.04,Thap,2,It tham nien - Khoi luong cong viec thap
5404,2025-01-01,Sales,Sales Executive,0,0,0.05633038930419182,5.63,Thap,3,Cap bac cao - thu nhap cao
5406,2025-01-01,Marketing,Marketing Executive,0,0,0.056320621268643456,5.63,Thap,2,It tham nien - Khoi luong cong viec thap
5407,2025-01-01,Human Resources,HR Manager,0,0,0.10870859322976542,10.87,Thap,2,It tham nien - Khoi luong cong viec thap
5419,2025-01-01,Information Technology,Data Analyst,0,1,0.21366981602006385,21.37,Trung binh,1,Khoi luong cong viec cao - uu tien giu chan
5423,2025-01-01,Human Resources,C&B Specialist,0,0,0.0756199098523692,7.56,Thap,2,It tham nien - Khoi luong cong viec thap
5427,2025-01-01,Information Technology,IT Support,0,0,0.11318145890205988,11.32,Thap,2,It tham nien - Khoi luong cong viec thap
5430,2025-01-01,Sales,Sales Representative,0,1,0.2001648196365548,20.02,Trung binh,0,Lau nam - thang tien cham
5433,2025-01-01,Information Technology,Software Engineer,0,0,0.09871004782808235,9.87,Thap,2,It tham nien - Khoi luong cong viec thap
5438,2025-01-01,Information Technology,System Administrator,0,0,0.057320475881801544,5.73,Thap,2,It tham nien - Khoi luong cong viec thap
5439,2025-01-01,Finance,Accountant,0,0,0.07962154284667056,7.96,Thap,1,Khoi luong cong viec cao - uu tien giu chan
5440,2025-01-01,Sales,Sales Representative,0,1,0.2247711034405154,22.48,Trung binh,3,Cap bac cao - thu nhap cao
5441,2025-01-01,Finance,Internal Auditor,0,0,0.03426905288848441,3.43,Thap,2,It tham nien - Khoi luong cong viec thap
5442,2025-01-01,Information Technology,QA Engineer,1,0,0.1476451046186905,14.76,Thap,2,It tham nien - Khoi luong cong viec thap
5444,2025-01-01,Finance,Finance Manager,0,0,0.09527055409240796,9.53,Thap,2,It tham nien - Khoi luong cong viec thap
5447,2025-01-01,Marketing,Marketing Manager,0,0,0.03428179874114971,3.43,Thap,0,Lau nam - thang tien cham
5449,2025-01-01,Operations,Warehouse Supervisor,0,0,0.09537575972777709,9.54,Thap,2,It tham nien - Khoi luong cong viec thap
5452,2025-01-01,Sales,Account Manager,0,1,0.2002694562652018,20.03,Trung binh,3,Cap bac cao - thu nhap cao
5453,2025-01-01,Marketing,Digital Marketing Specialist,0,1,0.18569014282482016,18.57,Trung binh,1,Khoi luong cong viec cao - uu tien giu chan
5454,2025-01-01,Finance,Accountant,0,0,0.12976246509673556,12.98,Thap,1,Khoi luong cong viec cao - uu tien giu chan
5455,2025-01-01,Sales,Sales Executive,1,1,0.22889881987520558,22.89,Trung binh,2,It tham nien - Khoi luong cong viec thap
5456,2025-01-01,Marketing,Content Specialist,0,1,0.18167840696916315,18.17,Trung binh,2,It tham nien - Khoi luong cong viec thap
5459,2025-01-01,Finance,Accountant,0,1,0.17007689819897362,17.01,Trung binh,0,Lau nam - thang tien cham
5461,2025-01-01,Human Resources,HR Executive,0,1,0.17625816387098425,17.63,Trung binh,3,Cap bac cao - thu nhap cao
5463,2025-01-01,Human Resources,Recruiter,0,0,0.13247208141280647,13.25,Thap,2,It tham nien - Khoi luong cong viec thap
5464,2025-01-01,Operations,Warehouse Supervisor,1,1,0.21462531020675837,21.46,Trung binh,0,Lau nam - thang tien cham
5465,2025-01-01,Operations,Procurement Specialist,0,0,0.06706394461041404,6.71,Thap,3,Cap bac cao - thu nhap cao
5466,2025-01-01,Information Technology,Software Engineer,1,0,0.035236961506444425,3.52,Thap,2,It tham nien - Khoi luong cong viec thap
5467,2025-01-01,Information Technology,Software Engineer,0,0,0.0541410343626224,5.41,Thap,3,Cap bac cao - thu nhap cao
5469,2025-01-01,Human Resources,C&B Specialist,1,0,0.12084625691993506,12.08,Thap,1,Khoi luong cong viec cao - uu tien giu chan
5470,2025-01-01,Information Technology,IT Support,0,1,0.22893762181038171,22.89,Trung binh,1,Khoi luong cong viec cao - uu tien giu chan
5473,2025-01-01,Sales,Sales Executive,0,0,0.14126430142951057,14.13,Thap,2,It tham nien - Khoi luong cong viec thap
5485,2025-01-01,Finance,Internal Auditor,1,1,0.16433400745347262,16.43,Trung binh,2,It tham nien - Khoi luong cong viec thap
5487,2025-01-01,Sales,Sales Executive,0,0,0.06938809375938333,6.94,Thap,2,It tham nien - Khoi luong cong viec thap
5491,2025-01-01,Information Technology,System Administrator,0,0,0.09335146721095591,9.34,Thap,2,It tham nien - Khoi luong cong viec thap
5492,2025-01-01,Marketing,Digital Marketing Specialist,1,0,0.08642562455818299,8.64,Thap,2,It tham nien - Khoi luong cong viec thap
5494,2025-01-01,Sales,Sales Representative,0,0,0.14573037337144076,14.57,Thap,1,Khoi luong cong viec cao - uu tien giu chan
5498,2025-01-01,Human Resources,C&B Specialist,1,0,0.0740297428614599,7.4,Thap,2,It tham nien - Khoi luong cong viec thap
5507,2025-01-01,Operations,Operations Executive,0,0,0.0803479997617372,8.03,Thap,1,Khoi luong cong viec cao - uu tien giu chan
5508,2025-01-01,Information Technology,System Administrator,0,0,0.11759982305489276,11.76,Thap,1,Khoi luong cong viec cao - uu tien giu chan
5511,2025-01-01,Information Technology,System Administrator,0,0,0.06267439710813259,6.27,Thap,3,Cap bac cao - thu nhap cao
5512,2025-01-01,Marketing,Marketing Executive,0,0,0.05754745060071496,5.75,Thap,3,Cap bac cao - thu nhap cao
5516,2025-01-01,Operations,Operations Manager,1,1,0.16471263035021175,16.47,Trung binh,3,Cap bac cao - thu nhap cao
5519,2025-01-01,Operations,Warehouse Supervisor,0,1,0.1717873125676505,17.18,Trung binh,0,Lau nam - thang tien cham
5522,2025-01-01,Operations,Operations Manager,0,0,0.14603520533956657,14.6,Thap,1,Khoi luong cong viec cao - uu tien giu chan
5523,2025-01-01,Information Technology,QA Engineer,0,0,0.06179358524338096,6.18,Thap,3,Cap bac cao - thu nhap cao
5526,2025-01-01,Human Resources,Recruiter,0,0,0.07321954933416608,7.32,Thap,3,Cap bac cao - thu nhap cao
5530,2025-01-01,Finance,Financial Analyst,0,1,0.16157634339094998,16.16,Trung binh,2,It tham nien - Khoi luong cong viec thap
5531,2025-01-01,Finance,Financial Analyst,0,0,0.11390585846947827,11.39,Thap,2,It tham nien - Khoi luong cong viec thap
5532,2025-01-01,Marketing,Digital Marketing Specialist,0,0,0.09221703366050357,9.22,Thap,2,It tham nien - Khoi luong cong viec thap
5533,2025-01-01,Human Resources,HR Executive,1,1,0.21067635043599706,21.07,Trung binh,3,Cap bac cao - thu nhap cao
5534,2025-01-01,Marketing,Digital Marketing Specialist,0,0,0.03834922551795848,3.83,Thap,3,Cap bac cao - thu nhap cao
5536,2025-01-01,Sales,Sales Representative,0,0,0.06825296107467778,6.83,Thap,2,It tham nien - Khoi luong cong viec thap
5538,2025-01-01,Finance,Financial Analyst,0,0,0.06196633462691283,6.2,Thap,0,Lau nam - thang tien cham
5539,2025-01-01,Information Technology,System Administrator,0,0,0.15412067234500818,15.41,Thap,3,Cap bac cao - thu nhap cao
5540,2025-01-01,Marketing,Digital Marketing Specialist,0,1,0.16335163532076336,16.34,Trung binh,2,It tham nien - Khoi luong cong viec thap
5541,2025-01-01,Finance,Accountant,0,0,0.05638304372873091,5.64,Thap,2,It tham nien - Khoi luong cong viec thap
5544,2025-01-01,Operations,Procurement Specialist,0,0,0.09938131089675917,9.94,Thap,3,Cap bac cao - thu nhap cao
5545,2025-01-01,Finance,Finance Manager,1,0,0.11736004542834375,11.74,Thap,1,Khoi luong cong viec cao - uu tien giu chan
5546,2025-01-01,Human Resources,C&B Specialist,0,0,0.08066479464076612,8.07,Thap,2,It tham nien - Khoi luong cong viec thap
5550,2025-01-01,Finance,Financial Analyst,0,0,0.054145827329898866,5.41,Thap,3,Cap bac cao - thu nhap cao
5553,2025-01-01,Information Technology,IT Support,0,0,0.06720908443523917,6.72,Thap,3,Cap bac cao - thu nhap cao
5555,2025-01-01,Human Resources,HR Manager,0,0,0.09852051980543682,9.85,Thap,2,It tham nien - Khoi luong cong viec thap
5557,2025-01-01,Sales,Sales Supervisor,0,0,0.06068389476001451,6.07,Thap,2,It tham nien - Khoi luong cong viec thap
5560,2025-01-01,Finance,Finance Manager,0,0,0.09883183383259232,9.88,Thap,2,It tham nien - Khoi luong cong viec thap
5561,2025-01-01,Operations,Operations Manager,0,0,0.05861993144180564,5.86,Thap,2,It tham nien - Khoi luong cong viec thap
5562,2025-01-01,Operations,Procurement Specialist,0,1,0.20576945291487572,20.58,Trung binh,1,Khoi luong cong viec cao - uu tien giu chan
5563,2025-01-01,Operations,Operations Executive,0,0,0.09394687670840451,9.39,Thap,3,Cap bac cao - thu nhap cao
5564,2025-01-01,Information Technology,IT Support,0,1,0.1838752204732136,18.39,Trung binh,3,Cap bac cao - thu nhap cao
5566,2025-01-01,Human Resources,HR Executive,0,1,0.22022501833583946,22.02,Trung binh,1,Khoi luong cong viec cao - uu tien giu chan
5567,2025-01-01,Human Resources,HR Manager,0,0,0.06472447257533032,6.47,Thap,1,Khoi luong cong viec cao - uu tien giu chan
5571,2025-01-01,Human Resources,HR Executive,0,0,0.055046619398934224,5.5,Thap,2,It tham nien - Khoi luong cong viec thap
5573,2025-01-01,Marketing,Digital Marketing Specialist,0,0,0.15415644398778444,15.42,Thap,3,Cap bac cao - thu nhap cao
5574,2025-01-01,Marketing,Marketing Executive,0,0,0.07552953835833132,7.55,Thap,3,Cap bac cao - thu nhap cao
5581,2025-01-01,Human Resources,C&B Specialist,0,0,0.07368732419947524,7.37,Thap,1,Khoi luong cong viec cao - uu tien giu chan
5582,2025-01-01,Finance,Finance Manager,0,0,0.07662417780180265,7.66,Thap,2,It tham nien - Khoi luong cong viec thap
5584,2025-01-01,Sales,Sales Supervisor,0,1,0.22019484654032537,22.02,Trung binh,3,Cap bac cao - thu nhap cao
5585,2025-01-01,Information Technology,Software Engineer,0,0,0.07901316941774217,7.9,Thap,2,It tham nien - Khoi luong cong viec thap
5586,2025-01-01,Sales,Sales Executive,0,0,0.03483167389776382,3.48,Thap,2,It tham nien - Khoi luong cong viec thap
5587,2025-01-01,Human Resources,Recruiter,1,0,0.0625039735165471,6.25,Thap,2,It tham nien - Khoi luong cong viec thap
5594,2025-01-01,Sales,Sales Supervisor,0,0,0.14962516978429752,14.96,Thap,3,Cap bac cao - thu nhap cao
5596,2025-01-01,Information Technology,QA Engineer,0,0,0.06816107836792186,6.82,Thap,2,It tham nien - Khoi luong cong viec thap
5598,2025-01-01,Information Technology,System Administrator,0,0,0.051772588445637056,5.18,Thap,1,Khoi luong cong viec cao - uu tien giu chan
5603,2025-01-01,Sales,Sales Supervisor,1,1,0.2708304226369222,27.08,Trung binh,1,Khoi luong cong viec cao - uu tien giu chan
5605,2025-01-01,Marketing,Content Specialist,0,0,0.14193333935226246,14.19,Thap,2,It tham nien - Khoi luong cong viec thap
5606,2025-01-01,Operations,Operations Executive,1,1,0.18233495789335244,18.23,Trung binh,2,It tham nien - Khoi luong cong viec thap
5608,2025-01-01,Human Resources,HR Executive,0,1,0.267109333481979,26.71,Trung binh,1,Khoi luong cong viec cao - uu tien giu chan
5609,2025-01-01,Human Resources,Recruiter,0,0,0.12195054875930685,12.2,Thap,2,It tham nien - Khoi luong cong viec thap
5614,2025-01-01,Operations,Operations Executive,0,1,0.17302092816294626,17.3,Trung binh,2,It tham nien - Khoi luong cong viec thap
5616,2025-01-01,Finance,Financial Analyst,0,0,0.07340622469087456,7.34,Thap,2,It tham nien - Khoi luong cong viec thap
5619,2025-01-01,Human Resources,C&B Specialist,0,0,0.11150747555303644,11.15,Thap,2,It tham nien - Khoi luong cong viec thap
5620,2025-01-01,Operations,Procurement Specialist,0,1,0.19792661960886557,19.79,Trung binh,2,It tham nien - Khoi luong cong viec thap
5621,2025-01-01,Operations,Operations Manager,0,1,0.25383701832497985,25.38,Trung binh,0,Lau nam - thang tien cham
5622,2025-01-01,Human Resources,Recruiter,0,1,0.18282095890927955,18.28,Trung binh,1,Khoi luong cong viec cao - uu tien giu chan
5623,2025-01-01,Information Technology,Data Analyst,0,0,0.05511044091200178,5.51,Thap,2,It tham nien - Khoi luong cong viec thap
5624,2025-01-01,Sales,Sales Representative,0,0,0.135487583882064,13.55,Thap,1,Khoi luong cong viec cao - uu tien giu chan
5626,2025-01-01,Finance,Finance Manager,1,0,0.08147835409120133,8.15,Thap,2,It tham nien - Khoi luong cong viec thap
5627,2025-01-01,Marketing,Marketing Executive,0,0,0.1537205795037839,15.37,Thap,1,Khoi luong cong viec cao - uu tien giu chan
5633,2025-01-01,Operations,Procurement Specialist,1,0,0.07750402406313896,7.75,Thap,2,It tham nien - Khoi luong cong viec thap
5640,2025-01-01,Finance,Accountant,0,0,0.09883507708237853,9.88,Thap,2,It tham nien - Khoi luong cong viec thap
5648,2025-01-01,Operations,Operations Manager,0,0,0.1506432896166578,15.06,Thap,2,It tham nien - Khoi luong cong viec thap
5649,2025-01-01,Information Technology,System Administrator,0,0,0.1296498984738541,12.96,Thap,2,It tham nien - Khoi luong cong viec thap
5650,2025-01-01,Operations,Operations Manager,0,1,0.19704626084611218,19.7,Trung binh,1,Khoi luong cong viec cao - uu tien giu chan
5652,2025-01-01,Human Resources,HR Executive,0,0,0.03680930273853016,3.68,Thap,2,It tham nien - Khoi luong cong viec thap
5653,2025-01-01,Information Technology,Software Engineer,0,0,0.09623311243178555,9.62,Thap,3,Cap bac cao - thu nhap cao
5654,2025-01-01,Finance,Financial Analyst,1,1,0.27943835060091476,27.94,Trung binh,0,Lau nam - thang tien cham
5655,2025-01-01,Marketing,Marketing Manager,0,0,0.14813327978261495,14.81,Thap,1,Khoi luong cong viec cao - uu tien giu chan
5661,2025-01-01,Information Technology,Software Engineer,0,1,0.2781698366161332,27.82,Trung binh,3,Cap bac cao - thu nhap cao
5663,2025-01-01,Operations,Operations Manager,0,0,0.15127179080108485,15.13,Thap,3,Cap bac cao - thu nhap cao
5664,2025-01-01,Operations,Operations Manager,0,1,0.1811036483619723,18.11,Trung binh,1,Khoi luong cong viec cao - uu tien giu chan
5667,2025-01-01,Marketing,Digital Marketing Specialist,0,1,0.1845242262369911,18.45,Trung binh,1,Khoi luong cong viec cao - uu tien giu chan
5670,2025-01-01,Human Resources,Recruiter,0,0,0.11684977388237326,11.68,Thap,2,It tham nien - Khoi luong cong viec thap
5671,2025-01-01,Human Resources,HR Executive,0,0,0.07883024674751259,7.88,Thap,3,Cap bac cao - thu nhap cao
5672,2025-01-01,Information Technology,Software Engineer,0,0,0.017931086296370562,1.79,Thap,2,It tham nien - Khoi luong cong viec thap
5674,2025-01-01,Marketing,Digital Marketing Specialist,0,0,0.05561115549079563,5.56,Thap,0,Lau nam - thang tien cham
5676,2025-01-01,Finance,Finance Manager,0,0,0.04365435960083169,4.37,Thap,2,It tham nien - Khoi luong cong viec thap
5678,2025-01-01,Marketing,Marketing Manager,1,0,0.10400192010289917,10.4,Thap,0,Lau nam - thang tien cham
5680,2025-01-01,Marketing,Marketing Manager,0,0,0.07868356806569685,7.87,Thap,2,It tham nien - Khoi luong cong viec thap
5681,2025-01-01,Information Technology,IT Support,0,0,0.11369660191874391,11.37,Thap,0,Lau nam - thang tien cham
5684,2025-01-01,Information Technology,IT Support,0,0,0.07302698182862015,7.3,Thap,3,Cap bac cao - thu nhap cao
5687,2025-01-01,Operations,Operations Executive,0,0,0.14678684313991314,14.68,Thap,2,It tham nien - Khoi luong cong viec thap
5689,2025-01-01,Sales,Sales Executive,0,0,0.09948626160242098,9.95,Thap,2,It tham nien - Khoi luong cong viec thap
5690,2025-01-01,Operations,Operations Executive,1,1,0.2629929115788212,26.3,Trung binh,1,Khoi luong cong viec cao - uu tien giu chan
5692,2025-01-01,Sales,Sales Representative,0,1,0.1702636299062779,17.03,Trung binh,1,Khoi luong cong viec cao - uu tien giu chan
5696,2025-01-01,Operations,Procurement Specialist,0,0,0.131110677651742,13.11,Thap,1,Khoi luong cong viec cao - uu tien giu chan
5698,2025-01-01,Marketing,Marketing Executive,0,0,0.13934166522735136,13.93,Thap,3,Cap bac cao - thu nhap cao
5702,2025-01-01,Human Resources,HR Manager,0,0,0.15195461875930563,15.2,Thap,1,Khoi luong cong viec cao - uu tien giu chan
5703,2025-01-01,Human Resources,HR Executive,0,0,0.15410323256329828,15.41,Thap,1,Khoi luong cong viec cao - uu tien giu chan
5704,2025-01-01,Marketing,Digital Marketing Specialist,0,0,0.13542048604222262,13.54,Thap,0,Lau nam - thang tien cham
5706,2025-01-01,Operations,Operations Manager,1,0,0.15074598558515753,15.07,Thap,2,It tham nien - Khoi luong cong viec thap
5707,2025-01-01,Marketing,Content Specialist,0,0,0.14771928766723905,14.77,Thap,1,Khoi luong cong viec cao - uu tien giu chan
5710,2025-01-01,Information Technology,QA Engineer,0,0,0.10001206821459341,10.0,Thap,2,It tham nien - Khoi luong cong viec thap
5714,2025-01-01,Information Technology,QA Engineer,1,0,0.09360793499459114,9.36,Thap,1,Khoi luong cong viec cao - uu tien giu chan
5716,2025-01-01,Marketing,Digital Marketing Specialist,0,1,0.1742098394351267,17.42,Trung binh,1,Khoi luong cong viec cao - uu tien giu chan
5717,2025-01-01,Sales,Sales Representative,0,0,0.14073449506596145,14.07,Thap,2,It tham nien - Khoi luong cong viec thap
5719,2025-01-01,Human Resources,Recruiter,0,0,0.04952717731371573,4.95,Thap,0,Lau nam - thang tien cham
5721,2025-01-01,Information Technology,Software Engineer,0,0,0.1303200069891326,13.03,Thap,1,Khoi luong cong viec cao - uu tien giu chan
5727,2025-01-01,Marketing,Marketing Executive,0,0,0.040566520086222496,4.06,Thap,2,It tham nien - Khoi luong cong viec thap
5729,2025-01-01,Human Resources,C&B Specialist,0,1,0.18108496767572566,18.11,Trung binh,1,Khoi luong cong viec cao - uu tien giu chan
5730,2025-01-01,Marketing,Content Specialist,1,1,0.24217935771644747,24.22,Trung binh,2,It tham nien - Khoi luong cong viec thap
5731,2025-01-01,Sales,Sales Executive,0,0,0.11826381850864758,11.83,Thap,3,Cap bac cao - thu nhap cao
5732,2025-01-01,Human Resources,C&B Specialist,0,0,0.15290282048189305,15.29,Thap,1,Khoi luong cong viec cao - uu tien giu chan
5733,2025-01-01,Information Technology,QA Engineer,1,0,0.10009249097324155,10.01,Thap,2,It tham nien - Khoi luong cong viec thap
5736,2025-01-01,Human Resources,C&B Specialist,0,0,0.08556864627778148,8.56,Thap,2,It tham nien - Khoi luong cong viec thap
5738,2025-01-01,Sales,Sales Representative,0,0,0.01788194185452751,1.79,Thap,2,It tham nien - Khoi luong cong viec thap
5743,2025-01-01,Operations,Procurement Specialist,0,0,0.09030658522633152,9.03,Thap,3,Cap bac cao - thu nhap cao
5746,2025-01-01,Information Technology,System Administrator,0,0,0.13916966382014925,13.92,Thap,0,Lau nam - thang tien cham
5748,2025-01-01,Operations,Procurement Specialist,0,1,0.16558091141381986,16.56,Trung binh,2,It tham nien - Khoi luong cong viec thap
5749,2025-01-01,Sales,Account Manager,0,1,0.27218629108995,27.22,Trung binh,1,Khoi luong cong viec cao - uu tien giu chan
5751,2025-01-01,Marketing,Marketing Executive,0,1,0.25219476350410847,25.22,Trung binh,1,Khoi luong cong viec cao - uu tien giu chan
5753,2025-01-01,Human Resources,HR Manager,1,0,0.09323378777800201,9.32,Thap,1,Khoi luong cong viec cao - uu tien giu chan
5755,2025-01-01,Operations,Operations Executive,0,1,0.18252840607987195,18.25,Trung binh,1,Khoi luong cong viec cao - uu tien giu chan
5759,2025-01-01,Information Technology,Data Analyst,0,0,0.11449830656549953,11.45,Thap,0,Lau nam - thang tien cham
5763,2025-01-01,Information Technology,Software Engineer,1,0,0.1381134663595187,13.81,Thap,2,It tham nien - Khoi luong cong viec thap
5764,2025-01-01,Information Technology,Data Analyst,1,0,0.07415861431165471,7.42,Thap,2,It tham nien - Khoi luong cong viec thap
5765,2025-01-01,Sales,Sales Executive,0,0,0.03692040435901795,3.69,Thap,3,Cap bac cao - thu nhap cao
5766,2025-01-01,Human Resources,HR Executive,0,0,0.051799598408032735,5.18,Thap,3,Cap bac cao - thu nhap cao
5767,2025-01-01,Human Resources,HR Executive,0,0,0.10392307203182402,10.39,Thap,2,It tham nien - Khoi luong cong viec thap
5768,2025-01-01,Information Technology,System Administrator,0,0,0.035219550816636296,3.52,Thap,2,It tham nien - Khoi luong cong viec thap
5770,2025-01-01,Operations,Operations Executive,0,0,0.1130848123720104,11.31,Thap,3,Cap bac cao - thu nhap cao
5771,2025-01-01,Sales,Account Manager,0,0,0.11056029536110881,11.06,Thap,2,It tham nien - Khoi luong cong viec thap
5772,2025-01-01,Sales,Sales Supervisor,0,0,0.10492021904042557,10.49,Thap,2,It tham nien - Khoi luong cong viec thap
5774,2025-01-01,Sales,Account Manager,0,1,0.1741612195371056,17.42,Trung binh,1,Khoi luong cong viec cao - uu tien giu chan
5775,2025-01-01,Information Technology,Software Engineer,0,1,0.1741446563755534,17.41,Trung binh,1,Khoi luong cong viec cao - uu tien giu chan
5779,2025-01-01,Finance,Financial Analyst,0,0,0.05592261900338937,5.59,Thap,2,It tham nien - Khoi luong cong viec thap
5784,2025-01-01,Marketing,Marketing Executive,0,0,0.13346725787161257,13.35,Thap,2,It tham nien - Khoi luong cong viec thap
5786,2025-01-01,Finance,Internal Auditor,0,1,0.1833253159363358,18.33,Trung binh,2,It tham nien - Khoi luong cong viec thap
5787,2025-01-01,Sales,Sales Supervisor,0,0,0.06623499716562281,6.62,Thap,3,Cap bac cao - thu nhap cao
5788,2025-01-01,Information Technology,QA Engineer,0,0,0.07334582707857412,7.33,Thap,0,Lau nam - thang tien cham
5789,2025-01-01,Operations,Procurement Specialist,0,0,0.13865204062678935,13.87,Thap,3,Cap bac cao - thu nhap cao
5790,2025-01-01,Sales,Sales Executive,0,1,0.2211480360456902,22.11,Trung binh,1,Khoi luong cong viec cao - uu tien giu chan
5791,2025-01-01,Sales,Sales Supervisor,1,0,0.12835835282099553,12.84,Thap,2,It tham nien - Khoi luong cong viec thap
5792,2025-01-01,Information Technology,IT Support,0,0,0.03696351168765992,3.7,Thap,2,It tham nien - Khoi luong cong viec thap
5794,2025-01-01,Marketing,Digital Marketing Specialist,0,0,0.11769565493100757,11.77,Thap,2,It tham nien - Khoi luong cong viec thap
5795,2025-01-01,Finance,Accountant,0,1,0.1721732476240388,17.22,Trung binh,3,Cap bac cao - thu nhap cao
5797,2025-01-01,Finance,Accountant,0,0,0.07731595019260995,7.73,Thap,2,It tham nien - Khoi luong cong viec thap
5798,2025-01-01,Marketing,Marketing Manager,0,0,0.07850353641111645,7.85,Thap,3,Cap bac cao - thu nhap cao
5801,2025-01-01,Sales,Sales Representative,0,0,0.07985999485450192,7.99,Thap,3,Cap bac cao - thu nhap cao
5804,2025-01-01,Marketing,Digital Marketing Specialist,1,1,0.1949411438763409,19.49,Trung binh,1,Khoi luong cong viec cao - uu tien giu chan
5806,2025-01-01,Finance,Finance Manager,0,0,0.14566488462289726,14.57,Thap,0,Lau nam - thang tien cham
5807,2025-01-01,Finance,Accountant,0,0,0.11533659781051642,11.53,Thap,2,It tham nien - Khoi luong cong viec thap
5809,2025-01-01,Finance,Accountant,0,0,0.07950601726911787,7.95,Thap,2,It tham nien - Khoi luong cong viec thap
5810,2025-01-01,Information Technology,Data Analyst,1,0,0.1446756461059972,14.47,Thap,1,Khoi luong cong viec cao - uu tien giu chan
5811,2025-01-01,Sales,Sales Supervisor,0,1,0.18434830723712664,18.43,Trung binh,1,Khoi luong cong viec cao - uu tien giu chan
5813,2025-01-01,Marketing,Marketing Executive,0,0,0.07210598499723195,7.21,Thap,3,Cap bac cao - thu nhap cao
5814,2025-01-01,Sales,Sales Representative,0,0,0.055149262607911885,5.51,Thap,1,Khoi luong cong viec cao - uu tien giu chan
5815,2025-01-01,Marketing,Marketing Executive,1,0,0.10999048162070402,11.0,Thap,3,Cap bac cao - thu nhap cao
5817,2025-01-01,Marketing,Marketing Executive,0,1,0.2503878055021174,25.04,Trung binh,0,Lau nam - thang tien cham
5820,2025-01-01,Finance,Finance Manager,0,0,0.10126011479416995,10.13,Thap,3,Cap bac cao - thu nhap cao
5823,2025-01-01,Sales,Sales Executive,0,0,0.07857668559247948,7.86,Thap,1,Khoi luong cong viec cao - uu tien giu chan
5827,2025-01-01,Marketing,Marketing Executive,0,0,0.018815860856682052,1.88,Thap,2,It tham nien - Khoi luong cong viec thap
5829,2025-01-01,Operations,Operations Manager,0,0,0.12877640810958568,12.88,Thap,0,Lau nam - thang tien cham
5831,2025-01-01,Finance,Internal Auditor,0,1,0.18373230412421576,18.37,Trung binh,1,Khoi luong cong viec cao - uu tien giu chan
5835,2025-01-01,Finance,Internal Auditor,0,0,0.056973308734073476,5.7,Thap,2,It tham nien - Khoi luong cong viec thap
5836,2025-01-01,Operations,Operations Manager,1,1,0.2099349589854,20.99,Trung binh,2,It tham nien - Khoi luong cong viec thap
5839,2025-01-01,Operations,Operations Manager,0,1,0.2766733707652096,27.67,Trung binh,1,Khoi luong cong viec cao - uu tien giu chan
5840,2025-01-01,Marketing,Marketing Manager,0,0,0.08552818676299895,8.55,Thap,3,Cap bac cao - thu nhap cao
5842,2025-01-01,Human Resources,HR Manager,0,0,0.07093963313718282,7.09,Thap,0,Lau nam - thang tien cham
5844,2025-01-01,Finance,Accountant,1,1,0.17595405262940889,17.6,Trung binh,1,Khoi luong cong viec cao - uu tien giu chan
5845,2025-01-01,Sales,Account Manager,1,1,0.2503499781563174,25.03,Trung binh,1,Khoi luong cong viec cao - uu tien giu chan
5849,2025-01-01,Sales,Sales Executive,0,0,0.14364164260134063,14.36,Thap,1,Khoi luong cong viec cao - uu tien giu chan
5851,2025-01-01,Finance,Finance Manager,0,1,0.29356250651039545,29.36,Trung binh,1,Khoi luong cong viec cao - uu tien giu chan
5853,2025-01-01,Sales,Sales Representative,1,0,0.09417880070824242,9.42,Thap,2,It tham nien - Khoi luong cong viec thap
5855,2025-01-01,Sales,Account Manager,0,0,0.07290091734823241,7.29,Thap,2,It tham nien - Khoi luong cong viec thap
5856,2025-01-01,Operations,Operations Manager,0,0,0.05697543458355942,5.7,Thap,2,It tham nien - Khoi luong cong viec thap
5857,2025-01-01,Operations,Operations Manager,0,0,0.08515767304587117,8.52,Thap,2,It tham nien - Khoi luong cong viec thap
5858,2025-01-01,Human Resources,HR Manager,0,0,0.13367863027898547,13.37,Thap,1,Khoi luong cong viec cao - uu tien giu chan
5860,2025-01-01,Human Resources,HR Manager,0,0,0.1323603688915553,13.24,Thap,1,Khoi luong cong viec cao - uu tien giu chan
5861,2025-01-01,Operations,Procurement Specialist,1,1,0.22381895177499694,22.38,Trung binh,0,Lau nam - thang tien cham
5862,2025-01-01,Sales,Sales Executive,0,0,0.09484556228246815,9.48,Thap,1,Khoi luong cong viec cao - uu tien giu chan
5863,2025-01-01,Human Resources,C&B Specialist,0,0,0.07051165377434107,7.05,Thap,2,It tham nien - Khoi luong cong viec thap
5864,2025-01-01,Sales,Account Manager,0,1,0.18023306634364944,18.02,Trung binh,2,It tham nien - Khoi luong cong viec thap
5865,2025-01-01,Human Resources,HR Manager,0,0,0.1311883162774092,13.12,Thap,1,Khoi luong cong viec cao - uu tien giu chan
5866,2025-01-01,Human Resources,Recruiter,0,0,0.03558459597386436,3.56,Thap,0,Lau nam - thang tien cham
5867,2025-01-01,Operations,Procurement Specialist,0,1,0.24850065087909956,24.85,Trung binh,1,Khoi luong cong viec cao - uu tien giu chan
5873,2025-01-01,Information Technology,System Administrator,0,0,0.08465091594475192,8.47,Thap,2,It tham nien - Khoi luong cong viec thap
5875,2025-01-01,Operations,Operations Manager,1,1,0.2641641898362921,26.42,Trung binh,0,Lau nam - thang tien cham
5876,2025-01-01,Finance,Financial Analyst,0,1,0.1887032571414171,18.87,Trung binh,3,Cap bac cao - thu nhap cao
5880,2025-01-01,Sales,Sales Executive,0,0,0.11855739097169767,11.86,Thap,2,It tham nien - Khoi luong cong viec thap
5882,2025-01-01,Operations,Operations Executive,1,1,0.3517566517171307,35.18,Cao,1,Khoi luong cong viec cao - uu tien giu chan
5883,2025-01-01,Operations,Operations Manager,0,0,0.0982935196462527,9.83,Thap,2,It tham nien - Khoi luong cong viec thap
5885,2025-01-01,Marketing,Marketing Executive,0,1,0.17645817919663992,17.65,Trung binh,3,Cap bac cao - thu nhap cao
5886,2025-01-01,Human Resources,HR Manager,1,1,0.261565554805323,26.16,Trung binh,3,Cap bac cao - thu nhap cao
5891,2025-01-01,Operations,Operations Executive,0,1,0.18904467893502436,18.9,Trung binh,2,It tham nien - Khoi luong cong viec thap
5893,2025-01-01,Sales,Account Manager,0,0,0.14041101177903137,14.04,Thap,3,Cap bac cao - thu nhap cao
5894,2025-01-01,Information Technology,QA Engineer,0,1,0.17523993361478338,17.52,Trung binh,3,Cap bac cao - thu nhap cao
5895,2025-01-01,Human Resources,Recruiter,1,0,0.15369656972933068,15.37,Thap,2,It tham nien - Khoi luong cong viec thap
5896,2025-01-01,Operations,Warehouse Supervisor,0,1,0.21646232829683734,21.65,Trung binh,1,Khoi luong cong viec cao - uu tien giu chan
5898,2025-01-01,Finance,Accountant,0,0,0.0945308167268584,9.45,Thap,1,Khoi luong cong viec cao - uu tien giu chan
5901,2025-01-01,Finance,Accountant,0,0,0.07908647894552834,7.91,Thap,3,Cap bac cao - thu nhap cao
5902,2025-01-01,Marketing,Marketing Executive,0,0,0.11178832342939991,11.18,Thap,1,Khoi luong cong viec cao - uu tien giu chan
5903,2025-01-01,Operations,Procurement Specialist,0,1,0.26969259161074266,26.97,Trung binh,3,Cap bac cao - thu nhap cao
5906,2025-01-01,Finance,Finance Manager,0,0,0.04343447240698624,4.34,Thap,3,Cap bac cao - thu nhap cao
5907,2025-01-01,Finance,Accountant,0,1,0.26914530389779057,26.91,Trung binh,1,Khoi luong cong viec cao - uu tien giu chan
5912,2025-01-01,Human Resources,Recruiter,0,0,0.07575380265589007,7.58,Thap,2,It tham nien - Khoi luong cong viec thap
5913,2025-01-01,Marketing,Marketing Executive,0,0,0.12006562950668329,12.01,Thap,1,Khoi luong cong viec cao - uu tien giu chan
5915,2025-01-01,Sales,Sales Executive,1,0,0.1388598790570259,13.89,Thap,1,Khoi luong cong viec cao - uu tien giu chan
5918,2025-01-01,Finance,Accountant,0,0,0.07731510654892229,7.73,Thap,1,Khoi luong cong viec cao - uu tien giu chan
5922,2025-01-01,Information Technology,Software Engineer,0,0,0.058455225894589194,5.85,Thap,2,It tham nien - Khoi luong cong viec thap
5923,2025-01-01,Finance,Accountant,1,1,0.23411091442118,23.41,Trung binh,3,Cap bac cao - thu nhap cao
5925,2025-01-01,Information Technology,IT Support,0,1,0.18364561175779717,18.36,Trung binh,3,Cap bac cao - thu nhap cao
5926,2025-01-01,Marketing,Marketing Executive,0,0,0.0724669284524029,7.25,Thap,2,It tham nien - Khoi luong cong viec thap
5928,2025-01-01,Information Technology,IT Support,0,0,0.09887152550696447,9.89,Thap,0,Lau nam - thang tien cham
5930,2025-01-01,Finance,Accountant,0,0,0.09432123869355108,9.43,Thap,3,Cap bac cao - thu nhap cao
5931,2025-01-01,Human Resources,HR Executive,0,0,0.12467052786475274,12.47,Thap,0,Lau nam - thang tien cham
5932,2025-01-01,Sales,Account Manager,0,0,0.1503835598637973,15.04,Thap,2,It tham nien - Khoi luong cong viec thap
5935,2025-01-01,Sales,Sales Supervisor,0,1,0.20694660434707352,20.69,Trung binh,3,Cap bac cao - thu nhap cao
5938,2025-01-01,Human Resources,C&B Specialist,0,1,0.20277382511272768,20.28,Trung binh,1,Khoi luong cong viec cao - uu tien giu chan
5941,2025-01-01,Finance,Internal Auditor,1,1,0.2449276948930481,24.49,Trung binh,2,It tham nien - Khoi luong cong viec thap
5943,2025-01-01,Human Resources,HR Executive,0,0,0.03872505106563803,3.87,Thap,2,It tham nien - Khoi luong cong viec thap
5946,2025-01-01,Finance,Accountant,0,1,0.35229728747210187,35.23,Cao,1,Khoi luong cong viec cao - uu tien giu chan
5949,2025-01-01,Finance,Financial Analyst,0,0,0.11792154593245323,11.79,Thap,2,It tham nien - Khoi luong cong viec thap
5954,2025-01-01,Human Resources,HR Manager,0,0,0.10457081438085654,10.46,Thap,2,It tham nien - Khoi luong cong viec thap
5958,2025-01-01,Human Resources,Recruiter,0,1,0.19774099369849046,19.77,Trung binh,1,Khoi luong cong viec cao - uu tien giu chan
5960,2025-01-01,Marketing,Marketing Executive,0,1,0.239096115624868,23.91,Trung binh,1,Khoi luong cong viec cao - uu tien giu chan
5965,2025-01-01,Sales,Sales Representative,0,0,0.056078923549066295,5.61,Thap,2,It tham nien - Khoi luong cong viec thap
5968,2025-01-01,Human Resources,HR Executive,1,1,0.3154386840117729,31.54,Cao,1,Khoi luong cong viec cao - uu tien giu chan
5971,2025-01-01,Marketing,Digital Marketing Specialist,0,0,0.10760884914594256,10.76,Thap,2,It tham nien - Khoi luong cong viec thap
5976,2025-01-01,Operations,Warehouse Supervisor,0,1,0.17260439727664037,17.26,Trung binh,1,Khoi luong cong viec cao - uu tien giu chan
5977,2025-01-01,Human Resources,Recruiter,1,1,0.24689313846786115,24.69,Trung binh,1,Khoi luong cong viec cao - uu tien giu chan
5978,2025-01-01,Marketing,Marketing Executive,0,0,0.15626842408629052,15.63,Thap,2,It tham nien - Khoi luong cong viec thap
5980,2025-01-01,Finance,Internal Auditor,0,0,0.12216214817497381,12.22,Thap,2,It tham nien - Khoi luong cong viec thap
5981,2025-01-01,Marketing,Marketing Executive,0,0,0.07452789876226414,7.45,Thap,3,Cap bac cao - thu nhap cao
5982,2025-01-01,Sales,Sales Executive,0,0,0.051865756505833256,5.19,Thap,0,Lau nam - thang tien cham
5983,2025-01-01,Marketing,Marketing Manager,0,0,0.09496014504079574,9.5,Thap,0,Lau nam - thang tien cham
5984,2025-01-01,Sales,Account Manager,0,0,0.07171777602171142,7.17,Thap,2,It tham nien - Khoi luong cong viec thap
5987,2025-01-01,Finance,Accountant,0,0,0.05218990465719371,5.22,Thap,3,Cap bac cao - thu nhap cao
5990,2025-01-01,Sales,Sales Representative,1,0,0.1496872458493296,14.97,Thap,2,It tham nien - Khoi luong cong viec thap
5992,2025-01-01,Information Technology,Data Analyst,0,0,0.09129328759861241,9.13,Thap,2,It tham nien - Khoi luong cong viec thap
5993,2025-01-01,Marketing,Marketing Executive,0,1,0.2132559525491038,21.33,Trung binh,1,Khoi luong cong viec cao - uu tien giu chan
5994,2025-01-01,Human Resources,Recruiter,0,1,0.1661256825996888,16.61,Trung binh,2,It tham nien - Khoi luong cong viec thap
5996,2025-01-01,Operations,Operations Executive,0,1,0.25299478718432533,25.3,Trung binh,2,It tham nien - Khoi luong cong viec thap
5997,2025-01-01,Sales,Account Manager,0,0,0.12614772052577675,12.61,Thap,1,Khoi luong cong viec cao - uu tien giu chan
6001,2025-01-01,Sales,Sales Executive,0,1,0.35994043227689443,35.99,Cao,1,Khoi luong cong viec cao - uu tien giu chan
6002,2025-01-01,Information Technology,QA Engineer,0,1,0.1721760905584623,17.22,Trung binh,1,Khoi luong cong viec cao - uu tien giu chan
6005,2025-01-01,Information Technology,System Administrator,0,1,0.219202568558458,21.92,Trung binh,0,Lau nam - thang tien cham
6010,2025-01-01,Sales,Sales Executive,1,0,0.13390428467260582,13.39,Thap,1,Khoi luong cong viec cao - uu tien giu chan
6015,2025-01-01,Sales,Sales Supervisor,0,0,0.07656023947355398,7.66,Thap,3,Cap bac cao - thu nhap cao
6016,2025-01-01,Marketing,Marketing Manager,0,0,0.15456696400689357,15.46,Thap,2,It tham nien - Khoi luong cong viec thap
6017,2025-01-01,Human Resources,Recruiter,0,1,0.31986345992099274,31.99,Cao,0,Lau nam - thang tien cham
6019,2025-01-01,Sales,Account Manager,0,1,0.21420828777405898,21.42,Trung binh,0,Lau nam - thang tien cham
6020,2025-01-01,Sales,Sales Executive,0,0,0.11607891575546991,11.61,Thap,0,Lau nam - thang tien cham
6021,2025-01-01,Finance,Finance Manager,0,0,0.12768048172873286,12.77,Thap,0,Lau nam - thang tien cham
6022,2025-01-01,Information Technology,Data Analyst,0,1,0.22364611980610197,22.36,Trung binh,1,Khoi luong cong viec cao - uu tien giu chan
6023,2025-01-01,Human Resources,Recruiter,1,0,0.1557942118544969,15.58,Thap,2,It tham nien - Khoi luong cong viec thap
6024,2025-01-01,Sales,Sales Representative,0,0,0.06932737490650005,6.93,Thap,2,It tham nien - Khoi luong cong viec thap
6026,2025-01-01,Operations,Operations Manager,1,1,0.22143627770173693,22.14,Trung binh,2,It tham nien - Khoi luong cong viec thap
6027,2025-01-01,Human Resources,Recruiter,0,0,0.05605917175364388,5.61,Thap,2,It tham nien - Khoi luong cong viec thap
6029,2025-01-01,Human Resources,Recruiter,1,1,0.2726294990687138,27.26,Trung binh,1,Khoi luong cong viec cao - uu tien giu chan
6030,2025-01-01,Information Technology,Software Engineer,0,0,0.06541060001444789,6.54,Thap,2,It tham nien - Khoi luong cong viec thap
6035,2025-01-01,Finance,Internal Auditor,0,1,0.349978437729722,35.0,Cao,1,Khoi luong cong viec cao - uu tien giu chan
6038,2025-01-01,Information Technology,System Administrator,0,0,0.08069788906581175,8.07,Thap,2,It tham nien - Khoi luong cong viec thap
6040,2025-01-01,Operations,Warehouse Supervisor,0,1,0.3821029002086736,38.21,Cao,1,Khoi luong cong viec cao - uu tien giu chan
6041,2025-01-01,Sales,Sales Representative,0,0,0.1468606994474998,14.69,Thap,3,Cap bac cao - thu nhap cao
6042,2025-01-01,Marketing,Content Specialist,0,0,0.04202957217678508,4.2,Thap,3,Cap bac cao - thu nhap cao
6043,2025-01-01,Information Technology,QA Engineer,0,1,0.17086300952236647,17.09,Trung binh,2,It tham nien - Khoi luong cong viec thap
6045,2025-01-01,Sales,Sales Representative,1,1,0.19962974209049505,19.96,Trung binh,1,Khoi luong cong viec cao - uu tien giu chan
6046,2025-01-01,Information Technology,Software Engineer,0,0,0.07711638867401567,7.71,Thap,2,It tham nien - Khoi luong cong viec thap
6048,2025-01-01,Finance,Accountant,0,0,0.1067057192883845,10.67,Thap,2,It tham nien - Khoi luong cong viec thap
6052,2025-01-01,Sales,Sales Supervisor,0,1,0.2004853679224833,20.05,Trung binh,0,Lau nam - thang tien cham
6053,2025-01-01,Operations,Procurement Specialist,0,0,0.11823389732419577,11.82,Thap,2,It tham nien - Khoi luong cong viec thap
6061,2025-01-01,Marketing,Content Specialist,0,0,0.1179718895403396,11.8,Thap,2,It tham nien - Khoi luong cong viec thap
6062,2025-01-01,Operations,Operations Executive,0,0,0.08847627349588268,8.85,Thap,2,It tham nien - Khoi luong cong viec thap
6063,2025-01-01,Operations,Operations Executive,0,0,0.07527022278339114,7.53,Thap,2,It tham nien - Khoi luong cong viec thap
6064,2025-01-01,Information Technology,QA Engineer,0,0,0.10141979075789037,10.14,Thap,2,It tham nien - Khoi luong cong viec thap
6067,2025-01-01,Sales,Account Manager,0,0,0.1351011028520072,13.51,Thap,2,It tham nien - Khoi luong cong viec thap
6069,2025-01-01,Operations,Warehouse Supervisor,0,1,0.21079133335581174,21.08,Trung binh,0,Lau nam - thang tien cham
6072,2025-01-01,Marketing,Marketing Manager,1,0,0.07889172875750029,7.89,Thap,0,Lau nam - thang tien cham
6073,2025-01-01,Marketing,Content Specialist,0,1,0.28170982722789545,28.17,Trung binh,1,Khoi luong cong viec cao - uu tien giu chan
6074,2025-01-01,Information Technology,QA Engineer,0,1,0.17697706423983547,17.7,Trung binh,2,It tham nien - Khoi luong cong viec thap
6079,2025-01-01,Sales,Sales Executive,1,0,0.11893579469767325,11.89,Thap,1,Khoi luong cong viec cao - uu tien giu chan
6083,2025-01-01,Marketing,Marketing Executive,0,1,0.1691824692555017,16.92,Trung binh,2,It tham nien - Khoi luong cong viec thap
6085,2025-01-01,Finance,Finance Manager,0,0,0.06161358392048606,6.16,Thap,2,It tham nien - Khoi luong cong viec thap
6086,2025-01-01,Sales,Sales Supervisor,0,0,0.05809604411162112,5.81,Thap,2,It tham nien - Khoi luong cong viec thap
6087,2025-01-01,Finance,Internal Auditor,0,1,0.17086031386501557,17.09,Trung binh,2,It tham nien - Khoi luong cong viec thap
6088,2025-01-01,Marketing,Marketing Manager,0,0,0.057672135480999365,5.77,Thap,3,Cap bac cao - thu nhap cao
6089,2025-01-01,Operations,Operations Executive,0,1,0.16913106273056028,16.91,Trung binh,1,Khoi luong cong viec cao - uu tien giu chan
6090,2025-01-01,Human Resources,HR Manager,0,1,0.21438369776292582,21.44,Trung binh,1,Khoi luong cong viec cao - uu tien giu chan
6092,2025-01-01,Marketing,Digital Marketing Specialist,0,0,0.03403356488389702,3.4,Thap,3,Cap bac cao - thu nhap cao
6093,2025-01-01,Marketing,Digital Marketing Specialist,0,1,0.1837293051113217,18.37,Trung binh,2,It tham nien - Khoi luong cong viec thap
6095,2025-01-01,Finance,Accountant,1,1,0.2694642449800896,26.95,Trung binh,0,Lau nam - thang tien cham
6099,2025-01-01,Sales,Account Manager,0,0,0.11490030237828629,11.49,Thap,2,It tham nien - Khoi luong cong viec thap
6103,2025-01-01,Information Technology,Data Analyst,0,0,0.11062428196858737,11.06,Thap,1,Khoi luong cong viec cao - uu tien giu chan
6108,2025-01-01,Sales,Account Manager,0,0,0.14764163302893954,14.76,Thap,3,Cap bac cao - thu nhap cao
6110,2025-01-01,Marketing,Digital Marketing Specialist,0,0,0.08710464614039452,8.71,Thap,0,Lau nam - thang tien cham
6116,2025-01-01,Marketing,Digital Marketing Specialist,0,0,0.018534396670353257,1.85,Thap,2,It tham nien - Khoi luong cong viec thap
6118,2025-01-01,Information Technology,Software Engineer,0,1,0.17033469474438767,17.03,Trung binh,0,Lau nam - thang tien cham
6119,2025-01-01,Information Technology,Data Analyst,0,0,0.13810576736440566,13.81,Thap,2,It tham nien - Khoi luong cong viec thap
6121,2025-01-01,Information Technology,Software Engineer,0,1,0.16575515193377074,16.58,Trung binh,0,Lau nam - thang tien cham
6124,2025-01-01,Marketing,Digital Marketing Specialist,0,0,0.07898131054605126,7.9,Thap,2,It tham nien - Khoi luong cong viec thap
6126,2025-01-01,Sales,Sales Supervisor,0,0,0.09976778719554634,9.98,Thap,2,It tham nien - Khoi luong cong viec thap
6128,2025-01-01,Finance,Accountant,0,0,0.14357690198322054,14.36,Thap,3,Cap bac cao - thu nhap cao
6131,2025-01-01,Sales,Sales Executive,0,0,0.12693822896023255,12.69,Thap,1,Khoi luong cong viec cao - uu tien giu chan
6137,2025-01-01,Human Resources,HR Manager,0,0,0.15827705212472754,15.83,Thap,1,Khoi luong cong viec cao - uu tien giu chan
6140,2025-01-01,Marketing,Digital Marketing Specialist,0,0,0.11546893570762579,11.55,Thap,2,It tham nien - Khoi luong cong viec thap
6145,2025-01-01,Finance,Financial Analyst,0,1,0.2123572149196522,21.24,Trung binh,1,Khoi luong cong viec cao - uu tien giu chan
6148,2025-01-01,Marketing,Marketing Manager,0,0,0.01765086482132614,1.77,Thap,2,It tham nien - Khoi luong cong viec thap
6150,2025-01-01,Information Technology,System Administrator,0,0,0.08210737634057534,8.21,Thap,3,Cap bac cao - thu nhap cao
6152,2025-01-01,Information Technology,QA Engineer,1,1,0.22300916470179244,22.3,Trung binh,0,Lau nam - thang tien cham
6153,2025-01-01,Operations,Warehouse Supervisor,1,0,0.067156615185003,6.72,Thap,0,Lau nam - thang tien cham
6155,2025-01-01,Marketing,Marketing Manager,0,1,0.18078183513986182,18.08,Trung binh,3,Cap bac cao - thu nhap cao
6156,2025-01-01,Human Resources,C&B Specialist,1,0,0.0629503124072171,6.3,Thap,2,It tham nien - Khoi luong cong viec thap
6157,2025-01-01,Human Resources,C&B Specialist,0,0,0.040426846596694495,4.04,Thap,0,Lau nam - thang tien cham
6160,2025-01-01,Information Technology,Data Analyst,1,1,0.19643013137365467,19.64,Trung binh,1,Khoi luong cong viec cao - uu tien giu chan
6163,2025-01-01,Operations,Operations Manager,0,0,0.13498830870486572,13.5,Thap,0,Lau nam - thang tien cham
6168,2025-01-01,Operations,Procurement Specialist,0,0,0.1555357212805828,15.55,Thap,1,Khoi luong cong viec cao - uu tien giu chan
6176,2025-01-01,Information Technology,IT Support,0,1,0.16004444408486151,16.0,Trung binh,1,Khoi luong cong viec cao - uu tien giu chan
6178,2025-01-01,Sales,Sales Representative,0,0,0.13071891666856558,13.07,Thap,2,It tham nien - Khoi luong cong viec thap
6179,2025-01-01,Human Resources,HR Executive,0,1,0.20044668676552987,20.04,Trung binh,3,Cap bac cao - thu nhap cao
6182,2025-01-01,Finance,Finance Manager,0,0,0.12304845683619108,12.3,Thap,2,It tham nien - Khoi luong cong viec thap
6185,2025-01-01,Marketing,Marketing Executive,0,0,0.07344059935910106,7.34,Thap,1,Khoi luong cong viec cao - uu tien giu chan
6187,2025-01-01,Finance,Financial Analyst,0,1,0.2993033637552158,29.93,Trung binh,1,Khoi luong cong viec cao - uu tien giu chan
6188,2025-01-01,Human Resources,C&B Specialist,0,0,0.02662889028066438,2.66,Thap,3,Cap bac cao - thu nhap cao
6190,2025-01-01,Human Resources,C&B Specialist,0,0,0.10920168020844359,10.92,Thap,2,It tham nien - Khoi luong cong viec thap
6193,2025-01-01,Sales,Account Manager,0,0,0.13795246640548228,13.8,Thap,2,It tham nien - Khoi luong cong viec thap
6197,2025-01-01,Human Resources,HR Executive,0,1,0.1709781863295726,17.1,Trung binh,1,Khoi luong cong viec cao - uu tien giu chan
6198,2025-01-01,Marketing,Content Specialist,1,1,0.16590757947091228,16.59,Trung binh,1,Khoi luong cong viec cao - uu tien giu chan
6200,2025-01-01,Operations,Procurement Specialist,0,0,0.11710577336373143,11.71,Thap,1,Khoi luong cong viec cao - uu tien giu chan
6207,2025-01-01,Sales,Account Manager,0,0,0.09586712264199712,9.59,Thap,2,It tham nien - Khoi luong cong viec thap
6209,2025-01-01,Operations,Operations Executive,0,1,0.2388412416187199,23.88,Trung binh,1,Khoi luong cong viec cao - uu tien giu chan
6213,2025-01-01,Sales,Account Manager,0,0,0.09322056350566245,9.32,Thap,2,It tham nien - Khoi luong cong viec thap
6216,2025-01-01,Marketing,Content Specialist,0,1,0.17257791496607738,17.26,Trung binh,0,Lau nam - thang tien cham
6217,2025-01-01,Information Technology,QA Engineer,1,1,0.24116183045161185,24.12,Trung binh,1,Khoi luong cong viec cao - uu tien giu chan
6219,2025-01-01,Finance,Accountant,0,0,0.06094985178559285,6.09,Thap,2,It tham nien - Khoi luong cong viec thap
6221,2025-01-01,Operations,Warehouse Supervisor,0,1,0.19088614234547235,19.09,Trung binh,1,Khoi luong cong viec cao - uu tien giu chan
6222,2025-01-01,Human Resources,Recruiter,0,0,0.07335805421784412,7.34,Thap,2,It tham nien - Khoi luong cong viec thap
6224,2025-01-01,Operations,Operations Executive,0,0,0.1425813093464764,14.26,Thap,2,It tham nien - Khoi luong cong viec thap
6231,2025-01-01,Marketing,Marketing Executive,0,1,0.192365718826681,19.24,Trung binh,1,Khoi luong cong viec cao - uu tien giu chan
6232,2025-01-01,Finance,Internal Auditor,1,1,0.2948248500576403,29.48,Trung binh,0,Lau nam - thang tien cham
6233,2025-01-01,Human Resources,HR Executive,0,0,0.09379181011411683,9.38,Thap,3,Cap bac cao - thu nhap cao
6234,2025-01-01,Sales,Account Manager,1,0,0.15796196279996472,15.8,Thap,1,Khoi luong cong viec cao - uu tien giu chan
6236,2025-01-01,Information Technology,System Administrator,0,1,0.1666790480923797,16.67,Trung binh,2,It tham nien - Khoi luong cong viec thap
6237,2025-01-01,Sales,Sales Representative,0,0,0.11325061574040657,11.33,Thap,1,Khoi luong cong viec cao - uu tien giu chan
6239,2025-01-01,Marketing,Marketing Executive,0,0,0.13758066374242353,13.76,Thap,2,It tham nien - Khoi luong cong viec thap
6240,2025-01-01,Finance,Internal Auditor,0,0,0.0722424983656108,7.22,Thap,2,It tham nien - Khoi luong cong viec thap
6241,2025-01-01,Information Technology,Software Engineer,0,1,0.25213616684250156,25.21,Trung binh,1,Khoi luong cong viec cao - uu tien giu chan
6242,2025-01-01,Operations,Procurement Specialist,0,1,0.1823635458253643,18.24,Trung binh,2,It tham nien - Khoi luong cong viec thap
6248,2025-01-01,Information Technology,IT Support,0,0,0.06498037186095788,6.5,Thap,1,Khoi luong cong viec cao - uu tien giu chan
6249,2025-01-01,Marketing,Marketing Manager,0,0,0.10136068116285442,10.14,Thap,2,It tham nien - Khoi luong cong viec thap
6250,2025-01-01,Human Resources,HR Executive,0,0,0.14120570553087955,14.12,Thap,0,Lau nam - thang tien cham
6251,2025-01-01,Finance,Accountant,0,0,0.1154359720912994,11.54,Thap,1,Khoi luong cong viec cao - uu tien giu chan
6253,2025-01-01,Finance,Internal Auditor,0,0,0.10062292392940693,10.06,Thap,0,Lau nam - thang tien cham
6255,2025-01-01,Sales,Sales Executive,1,1,0.16126110763801044,16.13,Trung binh,0,Lau nam - thang tien cham
6258,2025-01-01,Information Technology,Data Analyst,1,0,0.09981962094560647,9.98,Thap,2,It tham nien - Khoi luong cong viec thap
6259,2025-01-01,Human Resources,HR Manager,0,1,0.2305727631438306,23.06,Trung binh,1,Khoi luong cong viec cao - uu tien giu chan
6260,2025-01-01,Marketing,Marketing Executive,0,0,0.10122993883708856,10.12,Thap,1,Khoi luong cong viec cao - uu tien giu chan
6264,2025-01-01,Sales,Sales Executive,0,0,0.0,0.0,Thap,2,It tham nien - Khoi luong cong viec thap
6266,2025-01-01,Information Technology,Data Analyst,0,0,0.11163610926273197,11.16,Thap,1,Khoi luong cong viec cao - uu tien giu chan
6267,2025-01-01,Operations,Operations Executive,0,1,0.16499439853862327,16.5,Trung binh,0,Lau nam - thang tien cham
6268,2025-01-01,Marketing,Content Specialist,1,0,0.057991713731916285,5.8,Thap,2,It tham nien - Khoi luong cong viec thap
6271,2025-01-01,Finance,Financial Analyst,0,0,0.09289189845340949,9.29,Thap,0,Lau nam - thang tien cham
6272,2025-01-01,Finance,Finance Manager,0,0,0.1351052640527604,13.51,Thap,1,Khoi luong cong viec cao - uu tien giu chan
6273,2025-01-01,Human Resources,Recruiter,0,0,0.12982551177190646,12.98,Thap,1,Khoi luong cong viec cao - uu tien giu chan
6274,2025-01-01,Finance,Finance Manager,0,0,0.11005535074572202,11.01,Thap,2,It tham nien - Khoi luong cong viec thap
6276,2025-01-01,Information Technology,System Administrator,0,0,0.03390208182290591,3.39,Thap,2,It tham nien - Khoi luong cong viec thap
6279,2025-01-01,Marketing,Digital Marketing Specialist,0,0,0.11038991766435963,11.04,Thap,2,It tham nien - Khoi luong cong viec thap
6280,2025-01-01,Finance,Internal Auditor,0,0,0.06769794263887181,6.77,Thap,0,Lau nam - thang tien cham
6281,2025-01-01,Finance,Internal Auditor,0,0,0.09560768199187095,9.56,Thap,1,Khoi luong cong viec cao - uu tien giu chan
6283,2025-01-01,Information Technology,System Administrator,0,1,0.2102593969690521,21.03,Trung binh,0,Lau nam - thang tien cham
6284,2025-01-01,Human Resources,C&B Specialist,0,0,0.016552565267737848,1.66,Thap,2,It tham nien - Khoi luong cong viec thap
6294,2025-01-01,Finance,Accountant,0,0,0.1256519885930032,12.57,Thap,2,It tham nien - Khoi luong cong viec thap
6295,2025-01-01,Operations,Warehouse Supervisor,1,1,0.17291312163600248,17.29,Trung binh,2,It tham nien - Khoi luong cong viec thap
6297,2025-01-01,Human Resources,HR Manager,0,0,0.0907622122320486,9.08,Thap,2,It tham nien - Khoi luong cong viec thap
6299,2025-01-01,Operations,Operations Manager,0,0,0.1416213706894696,14.16,Thap,2,It tham nien - Khoi luong cong viec thap
6305,2025-01-01,Human Resources,Recruiter,1,1,0.22176138243074725,22.18,Trung binh,1,Khoi luong cong viec cao - uu tien giu chan
6307,2025-01-01,Information Technology,System Administrator,0,0,0.14733410141887357,14.73,Thap,0,Lau nam - thang tien cham
6308,2025-01-01,Operations,Warehouse Supervisor,1,1,0.3484089246413158,34.84,Cao,1,Khoi luong cong viec cao - uu tien giu chan
6312,2025-01-01,Marketing,Marketing Executive,1,0,0.1186351899691725,11.86,Thap,2,It tham nien - Khoi luong cong viec thap
6313,2025-01-01,Sales,Sales Supervisor,0,1,0.22523648778961222,22.52,Trung binh,2,It tham nien - Khoi luong cong viec thap
6314,2025-01-01,Finance,Finance Manager,1,0,0.11705859790223878,11.71,Thap,0,Lau nam - thang tien cham
6316,2025-01-01,Sales,Account Manager,1,1,0.3147559974107971,31.48,Cao,1,Khoi luong cong viec cao - uu tien giu chan
6317,2025-01-01,Finance,Finance Manager,0,0,0.13358619148089654,13.36,Thap,2,It tham nien - Khoi luong cong viec thap
6322,2025-01-01,Human Resources,HR Executive,0,1,0.1997345062471496,19.97,Trung binh,1,Khoi luong cong viec cao - uu tien giu chan
6323,2025-01-01,Marketing,Marketing Manager,1,0,0.0752107447405548,7.52,Thap,1,Khoi luong cong viec cao - uu tien giu chan
6324,2025-01-01,Information Technology,Software Engineer,0,0,0.08896999928534642,8.9,Thap,2,It tham nien - Khoi luong cong viec thap
6329,2025-01-01,Human Resources,HR Manager,0,0,0.07469355468563461,7.47,Thap,2,It tham nien - Khoi luong cong viec thap
6331,2025-01-01,Finance,Financial Analyst,0,1,0.1873581631176619,18.74,Trung binh,1,Khoi luong cong viec cao - uu tien giu chan
6332,2025-01-01,Sales,Sales Supervisor,0,0,0.11797225792266304,11.8,Thap,2,It tham nien - Khoi luong cong viec thap
6333,2025-01-01,Sales,Sales Executive,0,0,0.129124905655152,12.91,Thap,0,Lau nam - thang tien cham
6340,2025-01-01,Finance,Internal Auditor,0,0,0.07475024281022874,7.48,Thap,3,Cap bac cao - thu nhap cao
6342,2025-01-01,Information Technology,IT Support,0,0,0.15848428110718069,15.85,Thap,1,Khoi luong cong viec cao - uu tien giu chan
6343,2025-01-01,Marketing,Digital Marketing Specialist,0,0,0.14228276563137696,14.23,Thap,0,Lau nam - thang tien cham
6344,2025-01-01,Human Resources,HR Manager,0,0,0.07539130802315061,7.54,Thap,2,It tham nien - Khoi luong cong viec thap
6346,2025-01-01,Finance,Accountant,1,0,0.10532600009135015,10.53,Thap,2,It tham nien - Khoi luong cong viec thap
6347,2025-01-01,Information Technology,IT Support,0,1,0.2531217275980989,25.31,Trung binh,1,Khoi luong cong viec cao - uu tien giu chan
6350,2025-01-01,Operations,Operations Executive,0,0,0.10772334872827269,10.77,Thap,0,Lau nam - thang tien cham
6351,2025-01-01,Information Technology,Software Engineer,0,0,0.09773735579312222,9.77,Thap,2,It tham nien - Khoi luong cong viec thap
6352,2025-01-01,Information Technology,Software Engineer,0,0,0.07949619938948659,7.95,Thap,3,Cap bac cao - thu nhap cao
6355,2025-01-01,Sales,Account Manager,0,1,0.2787727542988131,27.88,Trung binh,1,Khoi luong cong viec cao - uu tien giu chan
6361,2025-01-01,Information Technology,Software Engineer,1,1,0.17716085286230376,17.72,Trung binh,1,Khoi luong cong viec cao - uu tien giu chan
6362,2025-01-01,Sales,Sales Executive,1,1,0.26224055737723906,26.22,Trung binh,1,Khoi luong cong viec cao - uu tien giu chan
6366,2025-01-01,Marketing,Digital Marketing Specialist,0,0,0.03702255853029246,3.7,Thap,2,It tham nien - Khoi luong cong viec thap
6367,2025-01-01,Marketing,Content Specialist,0,1,0.16777796264885708,16.78,Trung binh,2,It tham nien - Khoi luong cong viec thap
6369,2025-01-01,Finance,Internal Auditor,0,1,0.2059111974552542,20.59,Trung binh,2,It tham nien - Khoi luong cong viec thap
6370,2025-01-01,Finance,Internal Auditor,0,0,0.10091507038993536,10.09,Thap,2,It tham nien - Khoi luong cong viec thap
6371,2025-01-01,Operations,Warehouse Supervisor,0,1,0.19847249086684296,19.85,Trung binh,2,It tham nien - Khoi luong cong viec thap
6376,2025-01-01,Operations,Warehouse Supervisor,1,1,0.2588564080603478,25.89,Trung binh,0,Lau nam - thang tien cham
6377,2025-01-01,Operations,Procurement Specialist,0,1,0.2298236402232806,22.98,Trung binh,3,Cap bac cao - thu nhap cao
6378,2025-01-01,Finance,Finance Manager,0,1,0.18785514114770316,18.79,Trung binh,1,Khoi luong cong viec cao - uu tien giu chan
6379,2025-01-01,Operations,Warehouse Supervisor,0,0,0.1597385268775594,15.97,Thap,1,Khoi luong cong viec cao - uu tien giu chan
6381,2025-01-01,Human Resources,C&B Specialist,0,0,0.10381405209061945,10.38,Thap,2,It tham nien - Khoi luong cong viec thap
6382,2025-01-01,Marketing,Marketing Manager,0,0,0.020820980194230548,2.08,Thap,2,It tham nien - Khoi luong cong viec thap
6385,2025-01-01,Operations,Warehouse Supervisor,0,0,0.11734830176184398,11.73,Thap,2,It tham nien - Khoi luong cong viec thap
6386,2025-01-01,Operations,Procurement Specialist,0,0,0.1358341353709992,13.58,Thap,2,It tham nien - Khoi luong cong viec thap
6388,2025-01-01,Marketing,Digital Marketing Specialist,0,0,0.10511520926795363,10.51,Thap,2,It tham nien - Khoi luong cong viec thap
6389,2025-01-01,Marketing,Marketing Executive,1,0,0.12349262218551446,12.35,Thap,0,Lau nam - thang tien cham
6391,2025-01-01,Operations,Operations Executive,0,1,0.21957803978982118,21.96,Trung binh,2,It tham nien - Khoi luong cong viec thap
6396,2025-01-01,Human Resources,HR Manager,0,0,0.13161536677121438,13.16,Thap,2,It tham nien - Khoi luong cong viec thap
6398,2025-01-01,Sales,Sales Supervisor,0,0,0.13381771074710874,13.38,Thap,3,Cap bac cao - thu nhap cao
6400,2025-01-01,Operations,Operations Manager,0,1,0.17469468482844136,17.47,Trung binh,1,Khoi luong cong viec cao - uu tien giu chan
6401,2025-01-01,Operations,Operations Executive,0,0,0.048750636927066666,4.88,Thap,2,It tham nien - Khoi luong cong viec thap
6402,2025-01-01,Information Technology,IT Support,1,0,0.15026147867101647,15.03,Thap,1,Khoi luong cong viec cao - uu tien giu chan
6405,2025-01-01,Finance,Finance Manager,0,0,0.07891473860263766,7.89,Thap,3,Cap bac cao - thu nhap cao
6407,2025-01-01,Human Resources,Recruiter,0,0,0.05560357096023676,5.56,Thap,3,Cap bac cao - thu nhap cao
6410,2025-01-01,Sales,Account Manager,0,0,0.1123866026389391,11.24,Thap,2,It tham nien - Khoi luong cong viec thap
6414,2025-01-01,Operations,Procurement Specialist,0,0,0.07898869072550635,7.9,Thap,2,It tham nien - Khoi luong cong viec thap
6420,2025-01-01,Finance,Finance Manager,0,0,0.09866118057231803,9.87,Thap,2,It tham nien - Khoi luong cong viec thap
6427,2025-01-01,Operations,Operations Manager,0,0,0.06759166533687552,6.76,Thap,0,Lau nam - thang tien cham
6430,2025-01-01,Human Resources,Recruiter,0,1,0.17276882260093332,17.28,Trung binh,0,Lau nam - thang tien cham
6431,2025-01-01,Information Technology,System Administrator,1,1,0.2762851395058061,27.63,Trung binh,1,Khoi luong cong viec cao - uu tien giu chan
6432,2025-01-01,Sales,Account Manager,1,1,0.18322959961589255,18.32,Trung binh,1,Khoi luong cong viec cao - uu tien giu chan
6433,2025-01-01,Human Resources,HR Manager,0,0,0.12784269688957464,12.78,Thap,1,Khoi luong cong viec cao - uu tien giu chan
6435,2025-01-01,Sales,Account Manager,0,1,0.16325894110243222,16.33,Trung binh,3,Cap bac cao - thu nhap cao
6440,2025-01-01,Finance,Internal Auditor,0,1,0.16103214974811558,16.1,Trung binh,2,It tham nien - Khoi luong cong viec thap
6442,2025-01-01,Marketing,Marketing Executive,0,0,0.03514230264519121,3.51,Thap,0,Lau nam - thang tien cham
6445,2025-01-01,Operations,Warehouse Supervisor,0,0,0.1556839233622259,15.57,Thap,2,It tham nien - Khoi luong cong viec thap
6446,2025-01-01,Finance,Financial Analyst,0,0,0.08411595776994006,8.41,Thap,1,Khoi luong cong viec cao - uu tien giu chan
6447,2025-01-01,Human Resources,Recruiter,0,0,0.037569190291754394,3.76,Thap,2,It tham nien - Khoi luong cong viec thap
6449,2025-01-01,Finance,Finance Manager,0,0,0.11024757222331209,11.02,Thap,2,It tham nien - Khoi luong cong viec thap
6450,2025-01-01,Operations,Operations Manager,0,0,0.11150513040735986,11.15,Thap,0,Lau nam - thang tien cham
6452,2025-01-01,Human Resources,HR Manager,0,0,0.07093838030711702,7.09,Thap,2,It tham nien - Khoi luong cong viec thap
6453,2025-01-01,Sales,Sales Supervisor,0,0,0.11340755029477166,11.34,Thap,2,It tham nien - Khoi luong cong viec thap
6454,2025-01-01,Finance,Internal Auditor,1,0,0.08718127606008509,8.72,Thap,2,It tham nien - Khoi luong cong viec thap
6455,2025-01-01,Human Resources,HR Executive,0,0,0.13582575800930657,13.58,Thap,1,Khoi luong cong viec cao - uu tien giu chan
6456,2025-01-01,Operations,Procurement Specialist,0,1,0.1686590000566768,16.87,Trung binh,1,Khoi luong cong viec cao - uu tien giu chan
6458,2025-01-01,Operations,Operations Executive,0,0,0.1557266568311892,15.57,Thap,1,Khoi luong cong viec cao - uu tien giu chan
6464,2025-01-01,Human Resources,C&B Specialist,0,0,0.0,0.0,Thap,3,Cap bac cao - thu nhap cao
6465,2025-01-01,Information Technology,IT Support,0,0,0.016920020303590556,1.69,Thap,2,It tham nien - Khoi luong cong viec thap
6467,2025-01-01,Information Technology,System Administrator,0,1,0.18548157223791673,18.55,Trung binh,3,Cap bac cao - thu nhap cao
6471,2025-01-01,Operations,Operations Executive,0,1,0.3387633261856308,33.88,Cao,1,Khoi luong cong viec cao - uu tien giu chan
6472,2025-01-01,Information Technology,System Administrator,0,0,0.11275822280416933,11.28,Thap,0,Lau nam - thang tien cham
6473,2025-01-01,Human Resources,C&B Specialist,0,0,0.12179497902932693,12.18,Thap,2,It tham nien - Khoi luong cong viec thap
6474,2025-01-01,Human Resources,Recruiter,0,1,0.22384900073089808,22.38,Trung binh,0,Lau nam - thang tien cham
6476,2025-01-01,Finance,Financial Analyst,0,0,0.10370590427061759,10.37,Thap,2,It tham nien - Khoi luong cong viec thap
6479,2025-01-01,Finance,Internal Auditor,0,0,0.07680840701855247,7.68,Thap,2,It tham nien - Khoi luong cong viec thap
6480,2025-01-01,Human Resources,Recruiter,0,0,0.07541123513618767,7.54,Thap,3,Cap bac cao - thu nhap cao
6483,2025-01-01,Sales,Sales Supervisor,0,1,0.18516889174474466,18.52,Trung binh,3,Cap bac cao - thu nhap cao
6484,2025-01-01,Operations,Operations Executive,0,1,0.190049959805498,19.0,Trung binh,3,Cap bac cao - thu nhap cao
6486,2025-01-01,Operations,Procurement Specialist,0,1,0.3182416841969695,31.82,Cao,1,Khoi luong cong viec cao - uu tien giu chan
6491,2025-01-01,Operations,Procurement Specialist,0,1,0.17511253627976506,17.51,Trung binh,2,It tham nien - Khoi luong cong viec thap
6493,2025-01-01,Sales,Sales Representative,0,0,0.14665690966502556,14.67,Thap,1,Khoi luong cong viec cao - uu tien giu chan
6494,2025-01-01,Operations,Operations Manager,0,1,0.1849420494774678,18.49,Trung binh,1,Khoi luong cong viec cao - uu tien giu chan
6498,2025-01-01,Sales,Account Manager,0,1,0.21644208825959735,21.64,Trung binh,2,It tham nien - Khoi luong cong viec thap
6499,2025-01-01,Sales,Sales Executive,0,0,0.11054618521620413,11.05,Thap,1,Khoi luong cong viec cao - uu tien giu chan
6501,2025-01-01,Operations,Procurement Specialist,0,0,0.08047636205416257,8.05,Thap,3,Cap bac cao - thu nhap cao
6502,2025-01-01,Sales,Account Manager,0,0,0.13732110815904536,13.73,Thap,1,Khoi luong cong viec cao - uu tien giu chan
6503,2025-01-01,Finance,Financial Analyst,0,0,0.14137066257350145,14.14,Thap,3,Cap bac cao - thu nhap cao
6504,2025-01-01,Sales,Sales Executive,0,0,0.07058631970640745,7.06,Thap,2,It tham nien - Khoi luong cong viec thap
6507,2025-01-01,Finance,Accountant,0,1,0.21671967883664597,21.67,Trung binh,2,It tham nien - Khoi luong cong viec thap
6509,2025-01-01,Information Technology,IT Support,0,0,0.023824601095389638,2.38,Thap,0,Lau nam - thang tien cham
6511,2025-01-01,Operations,Operations Manager,0,1,0.2039220629006797,20.39,Trung binh,0,Lau nam - thang tien cham
6512,2025-01-01,Information Technology,IT Support,0,0,0.03748471339025345,3.75,Thap,3,Cap bac cao - thu nhap cao
6514,2025-01-01,Sales,Account Manager,0,0,0.059923100981258054,5.99,Thap,3,Cap bac cao - thu nhap cao
6515,2025-01-01,Marketing,Content Specialist,0,0,0.09016990541210496,9.02,Thap,2,It tham nien - Khoi luong cong viec thap
6516,2025-01-01,Human Resources,HR Executive,0,0,0.1566349952616788,15.66,Thap,0,Lau nam - thang tien cham
6518,2025-01-01,Information Technology,QA Engineer,0,0,0.12575600513650098,12.58,Thap,0,Lau nam - thang tien cham
6519,2025-01-01,Sales,Sales Representative,0,0,0.1532884990177188,15.33,Thap,2,It tham nien - Khoi luong cong viec thap
6522,2025-01-01,Sales,Sales Executive,0,1,0.2997047945461848,29.97,Trung binh,1,Khoi luong cong viec cao - uu tien giu chan
6523,2025-01-01,Human Resources,C&B Specialist,1,1,0.1886845059988194,18.87,Trung binh,1,Khoi luong cong viec cao - uu tien giu chan
6525,2025-01-01,Information Technology,QA Engineer,0,0,0.10535075777098901,10.54,Thap,2,It tham nien - Khoi luong cong viec thap
6526,2025-01-01,Information Technology,IT Support,0,1,0.39628248632772917,39.63,Cao,1,Khoi luong cong viec cao - uu tien giu chan
6527,2025-01-01,Marketing,Content Specialist,0,0,0.14779757038807317,14.78,Thap,2,It tham nien - Khoi luong cong viec thap
6530,2025-01-01,Human Resources,HR Manager,0,1,0.227757495311193,22.78,Trung binh,1,Khoi luong cong viec cao - uu tien giu chan
6531,2025-01-01,Finance,Finance Manager,0,0,0.04131897531085154,4.13,Thap,2,It tham nien - Khoi luong cong viec thap
6534,2025-01-01,Information Technology,Software Engineer,1,1,0.3248015000654921,32.48,Cao,0,Lau nam - thang tien cham
6539,2025-01-01,Marketing,Marketing Manager,0,0,0.018220394423584748,1.82,Thap,2,It tham nien - Khoi luong cong viec thap
6541,2025-01-01,Marketing,Digital Marketing Specialist,0,0,0.0585848943635445,5.86,Thap,3,Cap bac cao - thu nhap cao
6543,2025-01-01,Human Resources,C&B Specialist,0,0,0.15210908699681205,15.21,Thap,1,Khoi luong cong viec cao - uu tien giu chan
6544,2025-01-01,Information Technology,System Administrator,0,0,0.0788629343386841,7.89,Thap,3,Cap bac cao - thu nhap cao
6545,2025-01-01,Marketing,Digital Marketing Specialist,0,0,0.0979793322334764,9.8,Thap,2,It tham nien - Khoi luong cong viec thap
6546,2025-01-01,Information Technology,IT Support,0,0,0.14960075965550915,14.96,Thap,2,It tham nien - Khoi luong cong viec thap
6547,2025-01-01,Finance,Accountant,0,0,0.05952728816711211,5.95,Thap,2,It tham nien - Khoi luong cong viec thap
6548,2025-01-01,Finance,Accountant,0,0,0.035821955592207834,3.58,Thap,2,It tham nien - Khoi luong cong viec thap
6551,2025-01-01,Information Technology,IT Support,1,1,0.1940952138663031,19.41,Trung binh,1,Khoi luong cong viec cao - uu tien giu chan
6553,2025-01-01,Human Resources,C&B Specialist,0,0,0.15548680167777218,15.55,Thap,1,Khoi luong cong viec cao - uu tien giu chan
6555,2025-01-01,Marketing,Content Specialist,0,1,0.19185012436542187,19.19,Trung binh,3,Cap bac cao - thu nhap cao
6556,2025-01-01,Sales,Account Manager,0,0,0.08379665710044645,8.38,Thap,0,Lau nam - thang tien cham
6557,2025-01-01,Marketing,Content Specialist,1,1,0.18335129244406667,18.34,Trung binh,0,Lau nam - thang tien cham
6558,2025-01-01,Sales,Sales Supervisor,0,0,0.1479447171632265,14.79,Thap,2,It tham nien - Khoi luong cong viec thap
6560,2025-01-01,Human Resources,HR Executive,0,0,0.05815129467912379,5.82,Thap,3,Cap bac cao - thu nhap cao
6561,2025-01-01,Operations,Operations Manager,0,1,0.19390187311678872,19.39,Trung binh,0,Lau nam - thang tien cham
6562,2025-01-01,Sales,Sales Representative,0,0,0.06109282674869198,6.11,Thap,2,It tham nien - Khoi luong cong viec thap
6563,2025-01-01,Marketing,Digital Marketing Specialist,1,0,0.0949893419842099,9.5,Thap,0,Lau nam - thang tien cham
6565,2025-01-01,Finance,Finance Manager,1,1,0.19488840303970975,19.49,Trung binh,0,Lau nam - thang tien cham
6567,2025-01-01,Operations,Operations Executive,0,0,0.15305619941809964,15.31,Thap,2,It tham nien - Khoi luong cong viec thap
6569,2025-01-01,Operations,Operations Manager,1,0,0.12229351393281902,12.23,Thap,3,Cap bac cao - thu nhap cao
6570,2025-01-01,Marketing,Digital Marketing Specialist,0,0,0.09179294215186318,9.18,Thap,0,Lau nam - thang tien cham
6572,2025-01-01,Information Technology,IT Support,0,0,0.0762209545679615,7.62,Thap,2,It tham nien - Khoi luong cong viec thap
6573,2025-01-01,Sales,Sales Executive,0,0,0.07153903370910411,7.15,Thap,0,Lau nam - thang tien cham
6575,2025-01-01,Operations,Warehouse Supervisor,0,1,0.2362104240774562,23.62,Trung binh,2,It tham nien - Khoi luong cong viec thap
6577,2025-01-01,Human Resources,C&B Specialist,0,0,0.0732294571445728,7.32,Thap,2,It tham nien - Khoi luong cong viec thap
6578,2025-01-01,Marketing,Marketing Manager,0,0,0.0,0.0,Thap,2,It tham nien - Khoi luong cong viec thap
6583,2025-01-01,Sales,Sales Representative,1,0,0.07601463725620775,7.6,Thap,2,It tham nien - Khoi luong cong viec thap
6586,2025-01-01,Human Resources,HR Executive,0,0,0.07268723359482787,7.27,Thap,2,It tham nien - Khoi luong cong viec thap
6588,2025-01-01,Operations,Procurement Specialist,0,1,0.19843643013478393,19.84,Trung binh,2,It tham nien - Khoi luong cong viec thap
6590,2025-01-01,Sales,Sales Representative,0,0,0.0519749645396706,5.2,Thap,2,It tham nien - Khoi luong cong viec thap
6591,2025-01-01,Human Resources,HR Manager,0,0,0.05680968415138146,5.68,Thap,0,Lau nam - thang tien cham
6592,2025-01-01,Finance,Finance Manager,0,0,0.10767645971761204,10.77,Thap,2,It tham nien - Khoi luong cong viec thap
6593,2025-01-01,Operations,Operations Executive,0,1,0.25865980567622504,25.87,Trung binh,2,It tham nien - Khoi luong cong viec thap
6595,2025-01-01,Information Technology,Data Analyst,0,0,0.07407885984054595,7.41,Thap,3,Cap bac cao - thu nhap cao
6600,2025-01-01,Finance,Financial Analyst,1,0,0.09815680956584016,9.82,Thap,0,Lau nam - thang tien cham
6604,2025-01-01,Marketing,Digital Marketing Specialist,0,0,0.04897291308821788,4.9,Thap,0,Lau nam - thang tien cham
6605,2025-01-01,Sales,Account Manager,0,0,0.13883208590826393,13.88,Thap,0,Lau nam - thang tien cham
6606,2025-01-01,Finance,Financial Analyst,0,0,0.13322231108088098,13.32,Thap,0,Lau nam - thang tien cham
6607,2025-01-01,Finance,Accountant,0,0,0.05731877217673022,5.73,Thap,3,Cap bac cao - thu nhap cao
6609,2025-01-01,Sales,Sales Supervisor,0,0,0.12507659758617118,12.51,Thap,3,Cap bac cao - thu nhap cao
6611,2025-01-01,Sales,Sales Representative,0,0,0.143433958347106,14.34,Thap,2,It tham nien - Khoi luong cong viec thap
6612,2025-01-01,Human Resources,HR Executive,0,1,0.23580895408807684,23.58,Trung binh,3,Cap bac cao - thu nhap cao
6613,2025-01-01,Human Resources,HR Executive,0,1,0.2694792052884941,26.95,Trung binh,3,Cap bac cao - thu nhap cao
6614,2025-01-01,Human Resources,HR Manager,1,0,0.13126383595667301,13.13,Thap,1,Khoi luong cong viec cao - uu tien giu chan
6616,2025-01-01,Information Technology,Software Engineer,0,0,0.05471089169437975,5.47,Thap,2,It tham nien - Khoi luong cong viec thap
6617,2025-01-01,Finance,Financial Analyst,0,1,0.18242004095865794,18.24,Trung binh,2,It tham nien - Khoi luong cong viec thap
6621,2025-01-01,Operations,Operations Executive,1,0,0.06774080418263762,6.77,Thap,2,It tham nien - Khoi luong cong viec thap
6622,2025-01-01,Operations,Operations Executive,0,1,0.2771313814655912,27.71,Trung binh,0,Lau nam - thang tien cham
6624,2025-01-01,Marketing,Marketing Executive,0,0,0.05368818582926132,5.37,Thap,2,It tham nien - Khoi luong cong viec thap
6626,2025-01-01,Finance,Accountant,0,0,0.06470292756128772,6.47,Thap,2,It tham nien - Khoi luong cong viec thap
6627,2025-01-01,Operations,Warehouse Supervisor,1,1,0.17377503168186703,17.38,Trung binh,0,Lau nam - thang tien cham
6629,2025-01-01,Information Technology,Data Analyst,0,0,0.019589322375191363,1.96,Thap,2,It tham nien - Khoi luong cong viec thap
6631,2025-01-01,Sales,Sales Executive,1,0,0.09506639132516559,9.51,Thap,3,Cap bac cao - thu nhap cao
6632,2025-01-01,Operations,Procurement Specialist,0,1,0.18771092408269333,18.77,Trung binh,1,Khoi luong cong viec cao - uu tien giu chan
6634,2025-01-01,Finance,Financial Analyst,0,0,0.13262283133434508,13.26,Thap,0,Lau nam - thang tien cham
6638,2025-01-01,Marketing,Marketing Manager,0,0,0.018742086428790723,1.87,Thap,2,It tham nien - Khoi luong cong viec thap
6641,2025-01-01,Marketing,Content Specialist,0,0,0.10853482828078495,10.85,Thap,2,It tham nien - Khoi luong cong viec thap
6644,2025-01-01,Marketing,Content Specialist,0,0,0.1126550028946346,11.27,Thap,2,It tham nien - Khoi luong cong viec thap
6646,2025-01-01,Finance,Accountant,0,1,0.32130807936077754,32.13,Cao,1,Khoi luong cong viec cao - uu tien giu chan
6647,2025-01-01,Marketing,Marketing Executive,0,0,0.15152585744487757,15.15,Thap,3,Cap bac cao - thu nhap cao
6652,2025-01-01,Operations,Procurement Specialist,1,0,0.10250549130970289,10.25,Thap,3,Cap bac cao - thu nhap cao
6655,2025-01-01,Operations,Operations Manager,0,1,0.19979694925714733,19.98,Trung binh,2,It tham nien - Khoi luong cong viec thap
6656,2025-01-01,Finance,Finance Manager,0,0,0.10741064561854347,10.74,Thap,2,It tham nien - Khoi luong cong viec thap
6657,2025-01-01,Sales,Sales Representative,0,0,0.08957119749857782,8.96,Thap,2,It tham nien - Khoi luong cong viec thap
6658,2025-01-01,Marketing,Digital Marketing Specialist,0,0,0.07111041415982353,7.11,Thap,0,Lau nam - thang tien cham
6659,2025-01-01,Information Technology,QA Engineer,0,1,0.27139406616597306,27.14,Trung binh,3,Cap bac cao - thu nhap cao
6660,2025-01-01,Finance,Financial Analyst,0,0,0.06091421859113361,6.09,Thap,2,It tham nien - Khoi luong cong viec thap
6663,2025-01-01,Information Technology,IT Support,0,0,0.11457329059112985,11.46,Thap,2,It tham nien - Khoi luong cong viec thap
6669,2025-01-01,Information Technology,System Administrator,0,1,0.22213168734196365,22.21,Trung binh,1,Khoi luong cong viec cao - uu tien giu chan
6671,2025-01-01,Sales,Account Manager,0,0,0.09734557846863054,9.73,Thap,2,It tham nien - Khoi luong cong viec thap
6672,2025-01-01,Marketing,Marketing Executive,0,0,0.1449351987751746,14.49,Thap,2,It tham nien - Khoi luong cong viec thap
6673,2025-01-01,Operations,Procurement Specialist,0,0,0.08680841123159727,8.68,Thap,2,It tham nien - Khoi luong cong viec thap
6675,2025-01-01,Information Technology,IT Support,0,1,0.26694448285526323,26.69,Trung binh,0,Lau nam - thang tien cham
6676,2025-01-01,Human Resources,Recruiter,0,0,0.1253598020961194,12.54,Thap,3,Cap bac cao - thu nhap cao
6679,2025-01-01,Finance,Internal Auditor,0,0,0.12758098303687487,12.76,Thap,0,Lau nam - thang tien cham
6682,2025-01-01,Sales,Account Manager,0,0,0.1064202686914807,10.64,Thap,2,It tham nien - Khoi luong cong viec thap
6683,2025-01-01,Marketing,Digital Marketing Specialist,0,1,0.2536437439405807,25.36,Trung binh,1,Khoi luong cong viec cao - uu tien giu chan
6684,2025-01-01,Sales,Sales Representative,0,0,0.11734180036799051,11.73,Thap,1,Khoi luong cong viec cao - uu tien giu chan
6686,2025-01-01,Marketing,Digital Marketing Specialist,0,0,0.11834327753443823,11.83,Thap,0,Lau nam - thang tien cham
6688,2025-01-01,Operations,Operations Manager,0,0,0.100444184252223,10.04,Thap,1,Khoi luong cong viec cao - uu tien giu chan
6689,2025-01-01,Information Technology,Data Analyst,0,1,0.16972347384729575,16.97,Trung binh,3,Cap bac cao - thu nhap cao
6690,2025-01-01,Information Technology,IT Support,1,1,0.19177226087091218,19.18,Trung binh,1,Khoi luong cong viec cao - uu tien giu chan
6692,2025-01-01,Marketing,Marketing Manager,0,0,0.05703325941919187,5.7,Thap,2,It tham nien - Khoi luong cong viec thap
6695,2025-01-01,Operations,Procurement Specialist,1,1,0.18692217600214647,18.69,Trung binh,0,Lau nam - thang tien cham
6696,2025-01-01,Operations,Operations Executive,0,0,0.12048132161801288,12.05,Thap,3,Cap bac cao - thu nhap cao
6697,2025-01-01,Operations,Operations Manager,0,0,0.07741000827836313,7.74,Thap,3,Cap bac cao - thu nhap cao
6699,2025-01-01,Sales,Sales Representative,1,0,0.05357446713301318,5.36,Thap,2,It tham nien - Khoi luong cong viec thap
6700,2025-01-01,Finance,Accountant,0,0,0.12662237891992786,12.66,Thap,2,It tham nien - Khoi luong cong viec thap
6705,2025-01-01,Information Technology,Software Engineer,1,0,0.11802663414049602,11.8,Thap,2,It tham nien - Khoi luong cong viec thap
6706,2025-01-01,Marketing,Marketing Manager,0,0,0.08750251005461199,8.75,Thap,2,It tham nien - Khoi luong cong viec thap
6707,2025-01-01,Information Technology,IT Support,0,0,0.1130965338296302,11.31,Thap,2,It tham nien - Khoi luong cong viec thap
6708,2025-01-01,Human Resources,HR Executive,0,0,0.05436775646730968,5.44,Thap,2,It tham nien - Khoi luong cong viec thap
6710,2025-01-01,Sales,Sales Representative,0,0,0.10427508980110556,10.43,Thap,2,It tham nien - Khoi luong cong viec thap
6711,2025-01-01,Human Resources,HR Manager,0,0,0.09902790847810243,9.9,Thap,3,Cap bac cao - thu nhap cao
6712,2025-01-01,Human Resources,Recruiter,0,0,0.14724594746278982,14.72,Thap,2,It tham nien - Khoi luong cong viec thap
6713,2025-01-01,Operations,Warehouse Supervisor,1,1,0.17083616443339492,17.08,Trung binh,3,Cap bac cao - thu nhap cao
6718,2025-01-01,Information Technology,Software Engineer,1,1,0.20224596278249882,20.22,Trung binh,1,Khoi luong cong viec cao - uu tien giu chan
6721,2025-01-01,Operations,Operations Manager,0,1,0.24345120900891795,24.35,Trung binh,0,Lau nam - thang tien cham
6722,2025-01-01,Marketing,Content Specialist,0,0,0.13033369346077922,13.03,Thap,2,It tham nien - Khoi luong cong viec thap
6723,2025-01-01,Sales,Sales Supervisor,0,0,0.07682496227280315,7.68,Thap,3,Cap bac cao - thu nhap cao
6728,2025-01-01,Operations,Procurement Specialist,0,0,0.09605836501262136,9.61,Thap,3,Cap bac cao - thu nhap cao
6730,2025-01-01,Human Resources,C&B Specialist,0,0,0.07095263588703848,7.1,Thap,3,Cap bac cao - thu nhap cao
6732,2025-01-01,Sales,Sales Executive,1,0,0.14279396375810818,14.28,Thap,3,Cap bac cao - thu nhap cao
6734,2025-01-01,Marketing,Marketing Manager,0,1,0.16856291575725502,16.86,Trung binh,1,Khoi luong cong viec cao - uu tien giu chan
6735,2025-01-01,Marketing,Digital Marketing Specialist,0,1,0.18003103642530294,18.0,Trung binh,3,Cap bac cao - thu nhap cao
6736,2025-01-01,Marketing,Content Specialist,0,0,0.14812916636957385,14.81,Thap,2,It tham nien - Khoi luong cong viec thap
6738,2025-01-01,Operations,Operations Executive,0,1,0.17698425493872152,17.7,Trung binh,1,Khoi luong cong viec cao - uu tien giu chan
6739,2025-01-01,Finance,Accountant,0,0,0.10767393372683756,10.77,Thap,2,It tham nien - Khoi luong cong viec thap
6745,2025-01-01,Information Technology,Data Analyst,0,0,0.09001384469279655,9.0,Thap,1,Khoi luong cong viec cao - uu tien giu chan
6747,2025-01-01,Marketing,Digital Marketing Specialist,0,1,0.1726005074866862,17.26,Trung binh,3,Cap bac cao - thu nhap cao
6749,2025-01-01,Information Technology,System Administrator,0,0,0.11227835654015778,11.23,Thap,2,It tham nien - Khoi luong cong viec thap
6756,2025-01-01,Finance,Accountant,0,0,0.11852741177465766,11.85,Thap,1,Khoi luong cong viec cao - uu tien giu chan
6757,2025-01-01,Operations,Procurement Specialist,0,0,0.12845202306857506,12.85,Thap,3,Cap bac cao - thu nhap cao
6759,2025-01-01,Information Technology,Software Engineer,0,0,0.11144105946918798,11.14,Thap,2,It tham nien - Khoi luong cong viec thap
6768,2025-01-01,Marketing,Content Specialist,1,1,0.22972402355632077,22.97,Trung binh,1,Khoi luong cong viec cao - uu tien giu chan
6771,2025-01-01,Sales,Sales Representative,0,1,0.22747749918414217,22.75,Trung binh,3,Cap bac cao - thu nhap cao
6775,2025-01-01,Operations,Operations Manager,0,0,0.1557092120973026,15.57,Thap,1,Khoi luong cong viec cao - uu tien giu chan
6784,2025-01-01,Marketing,Marketing Manager,0,0,0.07108100362449246,7.11,Thap,2,It tham nien - Khoi luong cong viec thap
6786,2025-01-01,Marketing,Marketing Executive,0,1,0.2351723430316273,23.52,Trung binh,1,Khoi luong cong viec cao - uu tien giu chan
6789,2025-01-01,Marketing,Digital Marketing Specialist,0,0,0.06885007307662952,6.89,Thap,2,It tham nien - Khoi luong cong viec thap
6793,2025-01-01,Sales,Sales Representative,0,1,0.1753436777823723,17.53,Trung binh,0,Lau nam - thang tien cham
6795,2025-01-01,Operations,Procurement Specialist,1,0,0.11308059713461151,11.31,Thap,3,Cap bac cao - thu nhap cao
6796,2025-01-01,Human Resources,HR Manager,1,1,0.22705806125342134,22.71,Trung binh,3,Cap bac cao - thu nhap cao
6800,2025-01-01,Human Resources,C&B Specialist,0,0,0.07622728187520954,7.62,Thap,2,It tham nien - Khoi luong cong viec thap
6803,2025-01-01,Marketing,Digital Marketing Specialist,0,1,0.161223654818537,16.12,Trung binh,1,Khoi luong cong viec cao - uu tien giu chan
6804,2025-01-01,Sales,Sales Supervisor,0,0,0.05665023768289583,5.67,Thap,3,Cap bac cao - thu nhap cao
6805,2025-01-01,Human Resources,C&B Specialist,0,0,0.07988831778147125,7.99,Thap,1,Khoi luong cong viec cao - uu tien giu chan
6810,2025-01-01,Sales,Sales Executive,0,0,0.13116803156012616,13.12,Thap,1,Khoi luong cong viec cao - uu tien giu chan
6811,2025-01-01,Finance,Internal Auditor,0,0,0.054479080563295014,5.45,Thap,2,It tham nien - Khoi luong cong viec thap
6815,2025-01-01,Human Resources,Recruiter,0,1,0.18134301355143573,18.13,Trung binh,3,Cap bac cao - thu nhap cao
6816,2025-01-01,Sales,Sales Supervisor,1,1,0.33019708836203704,33.02,Cao,3,Cap bac cao - thu nhap cao
6819,2025-01-01,Information Technology,System Administrator,0,0,0.14104931199053733,14.1,Thap,3,Cap bac cao - thu nhap cao
6820,2025-01-01,Finance,Internal Auditor,0,0,0.07824622937026712,7.82,Thap,3,Cap bac cao - thu nhap cao
6823,2025-01-01,Operations,Warehouse Supervisor,1,1,0.17609683056558575,17.61,Trung binh,1,Khoi luong cong viec cao - uu tien giu chan
6824,2025-01-01,Human Resources,HR Executive,0,1,0.18857641117398852,18.86,Trung binh,0,Lau nam - thang tien cham
6826,2025-01-01,Information Technology,System Administrator,0,1,0.16696346260032122,16.7,Trung binh,1,Khoi luong cong viec cao - uu tien giu chan
6830,2025-01-01,Operations,Procurement Specialist,0,0,0.07548296987802602,7.55,Thap,0,Lau nam - thang tien cham
6834,2025-01-01,Human Resources,HR Manager,1,1,0.2169881177682677,21.7,Trung binh,0,Lau nam - thang tien cham
6835,2025-01-01,Human Resources,Recruiter,0,1,0.21454475687254537,21.45,Trung binh,1,Khoi luong cong viec cao - uu tien giu chan
6836,2025-01-01,Marketing,Content Specialist,0,1,0.16295495549314357,16.3,Trung binh,1,Khoi luong cong viec cao - uu tien giu chan
6843,2025-01-01,Sales,Sales Representative,0,0,0.01953152995333181,1.95,Thap,2,It tham nien - Khoi luong cong viec thap
6844,2025-01-01,Information Technology,IT Support,0,0,0.1330580988532305,13.31,Thap,2,It tham nien - Khoi luong cong viec thap
6851,2025-01-01,Information Technology,System Administrator,0,0,0.0702156852974383,7.02,Thap,2,It tham nien - Khoi luong cong viec thap
6856,2025-01-01,Information Technology,IT Support,1,1,0.21101760230536773,21.1,Trung binh,0,Lau nam - thang tien cham
6858,2025-01-01,Marketing,Content Specialist,1,0,0.10453477011755483,10.45,Thap,2,It tham nien - Khoi luong cong viec thap
6865,2025-01-01,Sales,Sales Representative,1,0,0.06129684827792516,6.13,Thap,2,It tham nien - Khoi luong cong viec thap
6866,2025-01-01,Sales,Account Manager,0,0,0.11417390636583326,11.42,Thap,2,It tham nien - Khoi luong cong viec thap
6868,2025-01-01,Sales,Sales Representative,0,0,0.01803363190606447,1.8,Thap,0,Lau nam - thang tien cham
6869,2025-01-01,Information Technology,Software Engineer,1,0,0.13669213720076853,13.67,Thap,0,Lau nam - thang tien cham
6870,2025-01-01,Sales,Sales Executive,1,0,0.10890056743957634,10.89,Thap,0,Lau nam - thang tien cham
6872,2025-01-01,Sales,Sales Supervisor,1,1,0.184448884270071,18.44,Trung binh,0,Lau nam - thang tien cham
6874,2025-01-01,Finance,Financial Analyst,0,1,0.2501568548850884,25.02,Trung binh,1,Khoi luong cong viec cao - uu tien giu chan
6875,2025-01-01,Finance,Finance Manager,1,1,0.18910192012753407,18.91,Trung binh,1,Khoi luong cong viec cao - uu tien giu chan
6876,2025-01-01,Finance,Financial Analyst,0,0,0.06994062868935139,6.99,Thap,2,It tham nien - Khoi luong cong viec thap
6878,2025-01-01,Sales,Account Manager,0,0,0.09104716338164663,9.1,Thap,2,It tham nien - Khoi luong cong viec thap
6879,2025-01-01,Marketing,Content Specialist,0,0,0.13466637824336547,13.47,Thap,3,Cap bac cao - thu nhap cao
6881,2025-01-01,Operations,Operations Executive,1,1,0.372908440421798,37.29,Cao,1,Khoi luong cong viec cao - uu tien giu chan
6882,2025-01-01,Marketing,Marketing Executive,0,1,0.1833946749176592,18.34,Trung binh,2,It tham nien - Khoi luong cong viec thap
6888,2025-01-01,Human Resources,HR Manager,0,1,0.19868878766683637,19.87,Trung binh,0,Lau nam - thang tien cham
6890,2025-01-01,Operations,Warehouse Supervisor,0,0,0.05549784487075872,5.55,Thap,2,It tham nien - Khoi luong cong viec thap
6891,2025-01-01,Sales,Sales Representative,0,0,0.08037418317932454,8.04,Thap,1,Khoi luong cong viec cao - uu tien giu chan
6893,2025-01-01,Operations,Procurement Specialist,0,1,0.26487728790980586,26.49,Trung binh,1,Khoi luong cong viec cao - uu tien giu chan
6897,2025-01-01,Marketing,Marketing Executive,0,0,0.01680696836374432,1.68,Thap,0,Lau nam - thang tien cham
6898,2025-01-01,Marketing,Digital Marketing Specialist,0,0,0.1538948119603428,15.39,Thap,2,It tham nien - Khoi luong cong viec thap
6899,2025-01-01,Information Technology,IT Support,0,0,0.0713095323868672,7.13,Thap,3,Cap bac cao - thu nhap cao
6900,2025-01-01,Sales,Account Manager,1,1,0.194877107640163,19.49,Trung binh,1,Khoi luong cong viec cao - uu tien giu chan
6901,2025-01-01,Information Technology,System Administrator,0,0,0.1458450815485659,14.58,Thap,0,Lau nam - thang tien cham
6903,2025-01-01,Sales,Sales Executive,0,0,0.09430701066799414,9.43,Thap,2,It tham nien - Khoi luong cong viec thap
6906,2025-01-01,Marketing,Marketing Executive,0,0,0.06225326411515696,6.23,Thap,3,Cap bac cao - thu nhap cao
6907,2025-01-01,Information Technology,System Administrator,1,1,0.2730638075665174,27.31,Trung binh,3,Cap bac cao - thu nhap cao
6911,2025-01-01,Information Technology,Software Engineer,0,0,0.040147358499266005,4.01,Thap,2,It tham nien - Khoi luong cong viec thap
6912,2025-01-01,Sales,Sales Supervisor,0,0,0.09478634690935703,9.48,Thap,3,Cap bac cao - thu nhap cao
6913,2025-01-01,Information Technology,QA Engineer,0,1,0.2021670233013581,20.22,Trung binh,1,Khoi luong cong viec cao - uu tien giu chan
6915,2025-01-01,Marketing,Marketing Manager,1,1,0.19642935702005387,19.64,Trung binh,1,Khoi luong cong viec cao - uu tien giu chan
6917,2025-01-01,Finance,Internal Auditor,0,0,0.11946775010466465,11.95,Thap,1,Khoi luong cong viec cao - uu tien giu chan
6918,2025-01-01,Information Technology,IT Support,0,0,0.10973203805576144,10.97,Thap,1,Khoi luong cong viec cao - uu tien giu chan
6922,2025-01-01,Information Technology,IT Support,0,0,0.07720311195318091,7.72,Thap,2,It tham nien - Khoi luong cong viec thap
6923,2025-01-01,Human Resources,Recruiter,0,0,0.08652998906695973,8.65,Thap,3,Cap bac cao - thu nhap cao
6925,2025-01-01,Human Resources,HR Executive,0,1,0.22863525528604003,22.86,Trung binh,3,Cap bac cao - thu nhap cao
6926,2025-01-01,Information Technology,Data Analyst,0,1,0.26462160954301694,26.46,Trung binh,1,Khoi luong cong viec cao - uu tien giu chan
6927,2025-01-01,Marketing,Content Specialist,1,1,0.2763306874704064,27.63,Trung binh,0,Lau nam - thang tien cham
6931,2025-01-01,Sales,Sales Representative,0,1,0.1759870232974559,17.6,Trung binh,3,Cap bac cao - thu nhap cao
6933,2025-01-01,Information Technology,QA Engineer,0,0,0.13167644283096014,13.17,Thap,2,It tham nien - Khoi luong cong viec thap
6934,2025-01-01,Marketing,Marketing Manager,1,0,0.05740105320726193,5.74,Thap,2,It tham nien - Khoi luong cong viec thap
6935,2025-01-01,Operations,Procurement Specialist,0,0,0.09444942792985489,9.44,Thap,3,Cap bac cao - thu nhap cao
6937,2025-01-01,Marketing,Marketing Executive,0,1,0.29187395639192576,29.19,Trung binh,1,Khoi luong cong viec cao - uu tien giu chan
6940,2025-01-01,Human Resources,HR Manager,0,0,0.0769526324323128,7.7,Thap,0,Lau nam - thang tien cham
6943,2025-01-01,Marketing,Digital Marketing Specialist,0,1,0.1616805974839889,16.17,Trung binh,1,Khoi luong cong viec cao - uu tien giu chan
6944,2025-01-01,Finance,Finance Manager,0,0,0.1145757882945402,11.46,Thap,3,Cap bac cao - thu nhap cao
6945,2025-01-01,Operations,Operations Manager,1,1,0.2559335138946999,25.59,Trung binh,3,Cap bac cao - thu nhap cao
6951,2025-01-01,Operations,Operations Manager,1,0,0.11131855379372133,11.13,Thap,3,Cap bac cao - thu nhap cao
6952,2025-01-01,Human Resources,C&B Specialist,0,0,0.08661880955942716,8.66,Thap,2,It tham nien - Khoi luong cong viec thap
6955,2025-01-01,Information Technology,QA Engineer,0,1,0.16082042067747268,16.08,Trung binh,1,Khoi luong cong viec cao - uu tien giu chan
6956,2025-01-01,Information Technology,System Administrator,1,0,0.11355098213047478,11.36,Thap,3,Cap bac cao - thu nhap cao
6958,2025-01-01,Sales,Sales Representative,0,0,0.10000508165356672,10.0,Thap,2,It tham nien - Khoi luong cong viec thap
6959,2025-01-01,Human Resources,HR Manager,0,1,0.18138134186393193,18.14,Trung binh,3,Cap bac cao - thu nhap cao
6960,2025-01-01,Marketing,Digital Marketing Specialist,0,0,0.09708179548882097,9.71,Thap,2,It tham nien - Khoi luong cong viec thap
6962,2025-01-01,Finance,Accountant,0,0,0.1488105929679376,14.88,Thap,1,Khoi luong cong viec cao - uu tien giu chan
6968,2025-01-01,Operations,Operations Executive,0,1,0.24045783517104807,24.05,Trung binh,1,Khoi luong cong viec cao - uu tien giu chan
6969,2025-01-01,Marketing,Content Specialist,0,0,0.09040608501631915,9.04,Thap,2,It tham nien - Khoi luong cong viec thap
6970,2025-01-01,Sales,Sales Representative,0,0,0.01616329340007526,1.62,Thap,2,It tham nien - Khoi luong cong viec thap
6971,2025-01-01,Human Resources,HR Manager,0,0,0.018388462017656274,1.84,Thap,2,It tham nien - Khoi luong cong viec thap
6972,2025-01-01,Sales,Account Manager,0,1,0.1629448847074018,16.29,Trung binh,0,Lau nam - thang tien cham
6973,2025-01-01,Human Resources,Recruiter,0,0,0.12725943829962522,12.73,Thap,2,It tham nien - Khoi luong cong viec thap
6974,2025-01-01,Finance,Financial Analyst,0,0,0.14553185881353384,14.55,Thap,2,It tham nien - Khoi luong cong viec thap
6975,2025-01-01,Sales,Sales Executive,0,0,0.1430298637950521,14.3,Thap,0,Lau nam - thang tien cham
6977,2025-01-01,Sales,Sales Executive,0,0,0.0,0.0,Thap,3,Cap bac cao - thu nhap cao
6978,2025-01-01,Finance,Financial Analyst,0,1,0.25041320903075187,25.04,Trung binh,1,Khoi luong cong viec cao - uu tien giu chan
6980,2025-01-01,Information Technology,QA Engineer,0,0,0.07150146246829772,7.15,Thap,2,It tham nien - Khoi luong cong viec thap
6981,2025-01-01,Information Technology,IT Support,0,0,0.05354298959502739,5.35,Thap,2,It tham nien - Khoi luong cong viec thap
6982,2025-01-01,Finance,Financial Analyst,1,1,0.2093713907998797,20.94,Trung binh,1,Khoi luong cong viec cao - uu tien giu chan
6984,2025-01-01,Information Technology,IT Support,0,0,0.0778501732058894,7.79,Thap,3,Cap bac cao - thu nhap cao
6988,2025-01-01,Information Technology,System Administrator,0,0,0.1106661984138765,11.07,Thap,2,It tham nien - Khoi luong cong viec thap
6993,2025-01-01,Finance,Financial Analyst,0,0,0.05978049411863194,5.98,Thap,2,It tham nien - Khoi luong cong viec thap
6997,2025-01-01,Human Resources,HR Executive,0,1,0.18886550996760343,18.89,Trung binh,1,Khoi luong cong viec cao - uu tien giu chan
6999,2025-01-01,Sales,Sales Executive,0,0,0.13550690553941355,13.55,Thap,0,Lau nam - thang tien cham
7002,2025-01-01,Operations,Procurement Specialist,0,1,0.17248073248988552,17.25,Trung binh,0,Lau nam - thang tien cham
7007,2025-01-01,Finance,Accountant,0,0,0.03857928648643726,3.86,Thap,3,Cap bac cao - thu nhap cao
7008,2025-01-01,Finance,Financial Analyst,0,0,0.01707029874478544,1.71,Thap,2,It tham nien - Khoi luong cong viec thap
7009,2025-01-01,Human Resources,HR Executive,0,0,0.08823944554458267,8.82,Thap,0,Lau nam - thang tien cham
7010,2025-01-01,Marketing,Marketing Executive,0,0,0.10000265368936154,10.0,Thap,2,It tham nien - Khoi luong cong viec thap
7015,2025-01-01,Human Resources,C&B Specialist,0,1,0.17418841591224457,17.42,Trung binh,2,It tham nien - Khoi luong cong viec thap
7016,2025-01-01,Sales,Sales Supervisor,0,1,0.22099223663584977,22.1,Trung binh,1,Khoi luong cong viec cao - uu tien giu chan
7017,2025-01-01,Information Technology,Data Analyst,0,1,0.16938744641197204,16.94,Trung binh,1,Khoi luong cong viec cao - uu tien giu chan
7018,2025-01-01,Finance,Internal Auditor,0,1,0.27060033547112294,27.06,Trung binh,1,Khoi luong cong viec cao - uu tien giu chan
7021,2025-01-01,Human Resources,C&B Specialist,0,0,0.07069995465413044,7.07,Thap,2,It tham nien - Khoi luong cong viec thap
7025,2025-01-01,Sales,Sales Supervisor,0,1,0.1634689779323926,16.35,Trung binh,2,It tham nien - Khoi luong cong viec thap
7026,2025-01-01,Information Technology,QA Engineer,0,0,0.15427324114349747,15.43,Thap,0,Lau nam - thang tien cham
7033,2025-01-01,Information Technology,IT Support,0,0,0.10976460576410207,10.98,Thap,2,It tham nien - Khoi luong cong viec thap
7034,2025-01-01,Finance,Finance Manager,0,0,0.1159989849448374,11.6,Thap,2,It tham nien - Khoi luong cong viec thap
7036,2025-01-01,Marketing,Content Specialist,0,1,0.1748836214967731,17.49,Trung binh,2,It tham nien - Khoi luong cong viec thap
7039,2025-01-01,Sales,Sales Executive,1,1,0.1857952122422085,18.58,Trung binh,3,Cap bac cao - thu nhap cao
7044,2025-01-01,Sales,Sales Executive,0,0,0.09797276758411223,9.8,Thap,0,Lau nam - thang tien cham
7046,2025-01-01,Marketing,Digital Marketing Specialist,0,0,0.14437004963059138,14.44,Thap,2,It tham nien - Khoi luong cong viec thap
7048,2025-01-01,Operations,Operations Executive,1,0,0.15320844535379846,15.32,Thap,2,It tham nien - Khoi luong cong viec thap
7054,2025-01-01,Operations,Warehouse Supervisor,0,1,0.22813015003177728,22.81,Trung binh,0,Lau nam - thang tien cham
7056,2025-01-01,Marketing,Content Specialist,0,0,0.09124164332086313,9.12,Thap,2,It tham nien - Khoi luong cong viec thap
7057,2025-01-01,Operations,Warehouse Supervisor,0,0,0.11296852323105855,11.3,Thap,2,It tham nien - Khoi luong cong viec thap
7061,2025-01-01,Marketing,Digital Marketing Specialist,1,0,0.10939515862107228,10.94,Thap,2,It tham nien - Khoi luong cong viec thap
7063,2025-01-01,Operations,Operations Manager,0,0,0.13730664575027943,13.73,Thap,2,It tham nien - Khoi luong cong viec thap
7064,2025-01-01,Sales,Sales Representative,0,0,0.07856673120501344,7.86,Thap,2,It tham nien - Khoi luong cong viec thap
7072,2025-01-01,Human Resources,HR Manager,1,0,0.05837143235999704,5.84,Thap,2,It tham nien - Khoi luong cong viec thap
7073,2025-01-01,Operations,Operations Executive,0,1,0.20446410274202065,20.45,Trung binh,0,Lau nam - thang tien cham
7074,2025-01-01,Information Technology,Data Analyst,0,0,0.09069378818799316,9.07,Thap,3,Cap bac cao - thu nhap cao
7078,2025-01-01,Information Technology,Data Analyst,0,0,0.13945042404548783,13.95,Thap,0,Lau nam - thang tien cham
7080,2025-01-01,Human Resources,HR Manager,0,1,0.2372566886906385,23.73,Trung binh,1,Khoi luong cong viec cao - uu tien giu chan
7084,2025-01-01,Sales,Sales Executive,1,1,0.16896775478646717,16.9,Trung binh,0,Lau nam - thang tien cham
7087,2025-01-01,Information Technology,QA Engineer,0,0,0.13866973901003576,13.87,Thap,2,It tham nien - Khoi luong cong viec thap
7088,2025-01-01,Human Resources,Recruiter,1,0,0.1482020329610993,14.82,Thap,0,Lau nam - thang tien cham
7089,2025-01-01,Finance,Internal Auditor,0,0,0.15893939644613664,15.89,Thap,2,It tham nien - Khoi luong cong viec thap
7093,2025-01-01,Sales,Sales Supervisor,1,1,0.33534706065748976,33.53,Cao,1,Khoi luong cong viec cao - uu tien giu chan
7099,2025-01-01,Sales,Sales Executive,1,0,0.07448298094189787,7.45,Thap,2,It tham nien - Khoi luong cong viec thap
7104,2025-01-01,Marketing,Marketing Executive,0,0,0.07877455464577038,7.88,Thap,1,Khoi luong cong viec cao - uu tien giu chan
7105,2025-01-01,Sales,Sales Executive,0,0,0.08489742037947677,8.49,Thap,1,Khoi luong cong viec cao - uu tien giu chan
7106,2025-01-01,Marketing,Marketing Manager,0,1,0.16533118004842745,16.53,Trung binh,1,Khoi luong cong viec cao - uu tien giu chan
7110,2025-01-01,Marketing,Marketing Manager,0,1,0.2176276689744144,21.76,Trung binh,1,Khoi luong cong viec cao - uu tien giu chan
7113,2025-01-01,Sales,Sales Executive,0,0,0.09761556707894951,9.76,Thap,2,It tham nien - Khoi luong cong viec thap
7114,2025-01-01,Information Technology,QA Engineer,0,0,0.1345447391220485,13.45,Thap,2,It tham nien - Khoi luong cong viec thap
7120,2025-01-01,Operations,Operations Manager,0,0,0.14700715720725638,14.7,Thap,2,It tham nien - Khoi luong cong viec thap
7121,2025-01-01,Operations,Procurement Specialist,0,1,0.3147606408805135,31.48,Cao,0,Lau nam - thang tien cham
7124,2025-01-01,Finance,Financial Analyst,0,0,0.12429163809900018,12.43,Thap,2,It tham nien - Khoi luong cong viec thap
7125,2025-01-01,Human Resources,HR Manager,1,0,0.07485058395178612,7.49,Thap,2,It tham nien - Khoi luong cong viec thap
7128,2025-01-01,Finance,Accountant,0,0,0.10176962050975986,10.18,Thap,1,Khoi luong cong viec cao - uu tien giu chan
7129,2025-01-01,Marketing,Digital Marketing Specialist,0,0,0.07013326875423734,7.01,Thap,0,Lau nam - thang tien cham
7130,2025-01-01,Sales,Sales Executive,1,0,0.11251825828340677,11.25,Thap,1,Khoi luong cong viec cao - uu tien giu chan
7131,2025-01-01,Sales,Sales Representative,0,0,0.11308230471216489,11.31,Thap,1,Khoi luong cong viec cao - uu tien giu chan
7134,2025-01-01,Information Technology,IT Support,0,0,0.13419667975945113,13.42,Thap,2,It tham nien - Khoi luong cong viec thap
7137,2025-01-01,Marketing,Content Specialist,0,1,0.34117479654256866,34.12,Cao,3,Cap bac cao - thu nhap cao
7138,2025-01-01,Information Technology,System Administrator,1,1,0.2561570196474779,25.62,Trung binh,3,Cap bac cao - thu nhap cao
7140,2025-01-01,Information Technology,Software Engineer,1,1,0.19885229441576008,19.89,Trung binh,0,Lau nam - thang tien cham
7142,2025-01-01,Information Technology,Data Analyst,0,0,0.08937371344983594,8.94,Thap,2,It tham nien - Khoi luong cong viec thap
7143,2025-01-01,Information Technology,System Administrator,0,0,0.07600257455877833,7.6,Thap,2,It tham nien - Khoi luong cong viec thap
7146,2025-01-01,Marketing,Digital Marketing Specialist,0,0,0.057372547418735716,5.74,Thap,3,Cap bac cao - thu nhap cao
7147,2025-01-01,Marketing,Marketing Executive,0,0,0.019818154599745754,1.98,Thap,2,It tham nien - Khoi luong cong viec thap
7149,2025-01-01,Finance,Financial Analyst,1,1,0.34112531478648395,34.11,Cao,1,Khoi luong cong viec cao - uu tien giu chan
7151,2025-01-01,Operations,Procurement Specialist,0,1,0.19602011758529153,19.6,Trung binh,2,It tham nien - Khoi luong cong viec thap
7152,2025-01-01,Finance,Internal Auditor,1,1,0.27199391536624196,27.2,Trung binh,1,Khoi luong cong viec cao - uu tien giu chan
7153,2025-01-01,Information Technology,System Administrator,0,0,0.1148346475148221,11.48,Thap,2,It tham nien - Khoi luong cong viec thap
7155,2025-01-01,Marketing,Content Specialist,0,1,0.2611699364902546,26.12,Trung binh,1,Khoi luong cong viec cao - uu tien giu chan
7158,2025-01-01,Marketing,Marketing Executive,0,0,0.0744392186411871,7.44,Thap,2,It tham nien - Khoi luong cong viec thap
7165,2025-01-01,Finance,Finance Manager,0,0,0.05759297745144022,5.76,Thap,2,It tham nien - Khoi luong cong viec thap
7168,2025-01-01,Information Technology,Data Analyst,0,0,0.05696775149440575,5.7,Thap,2,It tham nien - Khoi luong cong viec thap
7170,2025-01-01,Information Technology,IT Support,0,1,0.1726405749636653,17.26,Trung binh,2,It tham nien - Khoi luong cong viec thap
7172,2025-01-01,Human Resources,Recruiter,0,0,0.0695361092524751,6.95,Thap,0,Lau nam - thang tien cham
7173,2025-01-01,Information Technology,QA Engineer,0,1,0.21752663739638148,21.75,Trung binh,2,It tham nien - Khoi luong cong viec thap
7178,2025-01-01,Marketing,Digital Marketing Specialist,0,0,0.09169764879717672,9.17,Thap,2,It tham nien - Khoi luong cong viec thap
7179,2025-01-01,Human Resources,HR Manager,0,1,0.16922672814539047,16.92,Trung binh,0,Lau nam - thang tien cham
7181,2025-01-01,Marketing,Digital Marketing Specialist,0,0,0.13420388108053882,13.42,Thap,0,Lau nam - thang tien cham
7182,2025-01-01,Information Technology,IT Support,0,0,0.05633531729282069,5.63,Thap,2,It tham nien - Khoi luong cong viec thap
7183,2025-01-01,Finance,Finance Manager,1,1,0.22064162727003922,22.06,Trung binh,0,Lau nam - thang tien cham
7184,2025-01-01,Information Technology,IT Support,0,0,0.0845772453128752,8.46,Thap,2,It tham nien - Khoi luong cong viec thap
7186,2025-01-01,Marketing,Marketing Manager,0,0,0.10807945300374347,10.81,Thap,3,Cap bac cao - thu nhap cao
7188,2025-01-01,Sales,Account Manager,0,1,0.2327614530838344,23.28,Trung binh,1,Khoi luong cong viec cao - uu tien giu chan
7189,2025-01-01,Operations,Operations Executive,0,0,0.11317347411975881,11.32,Thap,2,It tham nien - Khoi luong cong viec thap
7190,2025-01-01,Finance,Accountant,0,0,0.04930692346794209,4.93,Thap,2,It tham nien - Khoi luong cong viec thap
7191,2025-01-01,Operations,Warehouse Supervisor,0,0,0.09362668078461185,9.36,Thap,3,Cap bac cao - thu nhap cao
7193,2025-01-01,Finance,Accountant,0,0,0.05892277620627089,5.89,Thap,3,Cap bac cao - thu nhap cao
7194,2025-01-01,Information Technology,Software Engineer,1,0,0.09869772484214974,9.87,Thap,2,It tham nien - Khoi luong cong viec thap
7196,2025-01-01,Finance,Finance Manager,1,0,0.03850879890192446,3.85,Thap,2,It tham nien - Khoi luong cong viec thap
7197,2025-01-01,Operations,Procurement Specialist,0,0,0.08596521459974367,8.6,Thap,2,It tham nien - Khoi luong cong viec thap
7199,2025-01-01,Sales,Sales Representative,1,0,0.054952272567765977,5.5,Thap,2,It tham nien - Khoi luong cong viec thap
7202,2025-01-01,Marketing,Content Specialist,0,1,0.19715654624797746,19.72,Trung binh,2,It tham nien - Khoi luong cong viec thap
7210,2025-01-01,Finance,Accountant,0,1,0.18577855882064803,18.58,Trung binh,3,Cap bac cao - thu nhap cao
7211,2025-01-01,Sales,Sales Executive,0,0,0.09040828210533894,9.04,Thap,3,Cap bac cao - thu nhap cao
7212,2025-01-01,Marketing,Content Specialist,0,1,0.21438239363340963,21.44,Trung binh,1,Khoi luong cong viec cao - uu tien giu chan
7218,2025-01-01,Operations,Operations Manager,0,1,0.19217992044222507,19.22,Trung binh,1,Khoi luong cong viec cao - uu tien giu chan
7220,2025-01-01,Information Technology,Software Engineer,1,1,0.27400571893444453,27.4,Trung binh,0,Lau nam - thang tien cham
7222,2025-01-01,Information Technology,Software Engineer,0,1,0.21259092344409516,21.26,Trung binh,0,Lau nam - thang tien cham
7223,2025-01-01,Operations,Procurement Specialist,0,0,0.08124371995121436,8.12,Thap,2,It tham nien - Khoi luong cong viec thap
7224,2025-01-01,Marketing,Marketing Manager,0,1,0.19102665387438994,19.1,Trung binh,1,Khoi luong cong viec cao - uu tien giu chan
7228,2025-01-01,Marketing,Marketing Executive,0,0,0.07920119488401926,7.92,Thap,1,Khoi luong cong viec cao - uu tien giu chan
7235,2025-01-01,Information Technology,Data Analyst,0,0,0.06752926473489294,6.75,Thap,1,Khoi luong cong viec cao - uu tien giu chan
7236,2025-01-01,Sales,Sales Executive,0,0,0.07575949128514416,7.58,Thap,1,Khoi luong cong viec cao - uu tien giu chan
7239,2025-01-01,Operations,Warehouse Supervisor,0,0,0.06576949676735215,6.58,Thap,2,It tham nien - Khoi luong cong viec thap
7242,2025-01-01,Human Resources,HR Executive,0,0,0.07141059097795452,7.14,Thap,2,It tham nien - Khoi luong cong viec thap
7244,2025-01-01,Marketing,Marketing Executive,0,0,0.12356973328562144,12.36,Thap,2,It tham nien - Khoi luong cong viec thap
7247,2025-01-01,Human Resources,HR Manager,0,1,0.16757803383766928,16.76,Trung binh,1,Khoi luong cong viec cao - uu tien giu chan
7248,2025-01-01,Marketing,Marketing Manager,0,0,0.035444796594155975,3.54,Thap,2,It tham nien - Khoi luong cong viec thap
7252,2025-01-01,Information Technology,System Administrator,0,0,0.08666711274357056,8.67,Thap,2,It tham nien - Khoi luong cong viec thap
7258,2025-01-01,Human Resources,HR Executive,0,1,0.17474928873169818,17.47,Trung binh,3,Cap bac cao - thu nhap cao
7259,2025-01-01,Human Resources,Recruiter,0,0,0.09764261634866064,9.76,Thap,0,Lau nam - thang tien cham
7263,2025-01-01,Sales,Sales Executive,0,1,0.18783883329976475,18.78,Trung binh,2,It tham nien - Khoi luong cong viec thap
7264,2025-01-01,Marketing,Digital Marketing Specialist,0,0,0.09009380144845658,9.01,Thap,3,Cap bac cao - thu nhap cao
7265,2025-01-01,Human Resources,Recruiter,0,0,0.0743611293409978,7.44,Thap,2,It tham nien - Khoi luong cong viec thap
7268,2025-01-01,Marketing,Marketing Manager,0,0,0.10626037904586663,10.63,Thap,3,Cap bac cao - thu nhap cao
7271,2025-01-01,Information Technology,System Administrator,0,0,0.13177451048726282,13.18,Thap,2,It tham nien - Khoi luong cong viec thap
7274,2025-01-01,Human Resources,Recruiter,1,1,0.1735176321828673,17.35,Trung binh,1,Khoi luong cong viec cao - uu tien giu chan
7277,2025-01-01,Sales,Account Manager,1,0,0.14943408246206047,14.94,Thap,3,Cap bac cao - thu nhap cao
7278,2025-01-01,Information Technology,Software Engineer,0,0,0.08072079346950589,8.07,Thap,3,Cap bac cao - thu nhap cao
7279,2025-01-01,Human Resources,HR Manager,0,0,0.11783869157842132,11.78,Thap,0,Lau nam - thang tien cham
7283,2025-01-01,Human Resources,HR Manager,0,0,0.09915615538935728,9.92,Thap,3,Cap bac cao - thu nhap cao
7286,2025-01-01,Information Technology,Software Engineer,0,0,0.09674209385799962,9.67,Thap,3,Cap bac cao - thu nhap cao
7288,2025-01-01,Marketing,Content Specialist,0,1,0.21840895010093456,21.84,Trung binh,1,Khoi luong cong viec cao - uu tien giu chan
7292,2025-01-01,Operations,Procurement Specialist,1,0,0.044898152345758766,4.49,Thap,2,It tham nien - Khoi luong cong viec thap
7293,2025-01-01,Marketing,Content Specialist,1,0,0.07996020563216771,8.0,Thap,3,Cap bac cao - thu nhap cao
7294,2025-01-01,Finance,Accountant,0,0,0.08998984198771612,9.0,Thap,2,It tham nien - Khoi luong cong viec thap
7295,2025-01-01,Information Technology,QA Engineer,1,1,0.2572762246864029,25.73,Trung binh,1,Khoi luong cong viec cao - uu tien giu chan
7300,2025-01-01,Sales,Sales Representative,0,0,0.13212501676266397,13.21,Thap,0,Lau nam - thang tien cham
7302,2025-01-01,Information Technology,System Administrator,0,0,0.05991967723125815,5.99,Thap,2,It tham nien - Khoi luong cong viec thap
7304,2025-01-01,Human Resources,C&B Specialist,0,1,0.27715452753383807,27.72,Trung binh,2,It tham nien - Khoi luong cong viec thap
7305,2025-01-01,Finance,Internal Auditor,1,0,0.051025375938950256,5.1,Thap,2,It tham nien - Khoi luong cong viec thap
7306,2025-01-01,Human Resources,HR Executive,0,0,0.09221861630935739,9.22,Thap,2,It tham nien - Khoi luong cong viec thap
7312,2025-01-01,Finance,Financial Analyst,0,0,0.15483892719078332,15.48,Thap,2,It tham nien - Khoi luong cong viec thap
7313,2025-01-01,Marketing,Marketing Executive,0,0,0.15270524518564657,15.27,Thap,0,Lau nam - thang tien cham
7314,2025-01-01,Marketing,Content Specialist,0,1,0.17265430247090294,17.27,Trung binh,1,Khoi luong cong viec cao - uu tien giu chan
7315,2025-01-01,Operations,Warehouse Supervisor,0,0,0.09806490716953505,9.81,Thap,3,Cap bac cao - thu nhap cao
7317,2025-01-01,Information Technology,Data Analyst,0,0,0.056279884263076035,5.63,Thap,2,It tham nien - Khoi luong cong viec thap
7320,2025-01-01,Operations,Operations Manager,0,1,0.17163962599358995,17.16,Trung binh,1,Khoi luong cong viec cao - uu tien giu chan
7322,2025-01-01,Sales,Sales Supervisor,0,0,0.017682655766559318,1.77,Thap,3,Cap bac cao - thu nhap cao
7323,2025-01-01,Marketing,Digital Marketing Specialist,0,1,0.23353923741920954,23.35,Trung binh,1,Khoi luong cong viec cao - uu tien giu chan
7325,2025-01-01,Marketing,Marketing Manager,0,0,0.1566496343103854,15.66,Thap,1,Khoi luong cong viec cao - uu tien giu chan
7327,2025-01-01,Marketing,Marketing Executive,0,1,0.1618711783860615,16.19,Trung binh,1,Khoi luong cong viec cao - uu tien giu chan
7329,2025-01-01,Sales,Sales Supervisor,0,0,0.0542100939146845,5.42,Thap,2,It tham nien - Khoi luong cong viec thap
7332,2025-01-01,Human Resources,HR Executive,0,0,0.14538915943681346,14.54,Thap,0,Lau nam - thang tien cham
7336,2025-01-01,Operations,Operations Manager,0,0,0.08238338621657394,8.24,Thap,2,It tham nien - Khoi luong cong viec thap
7339,2025-01-01,Sales,Sales Supervisor,0,0,0.08993332534144596,8.99,Thap,3,Cap bac cao - thu nhap cao
7343,2025-01-01,Marketing,Marketing Manager,0,0,0.09869182503318828,9.87,Thap,1,Khoi luong cong viec cao - uu tien giu chan
7344,2025-01-01,Sales,Sales Representative,0,1,0.18813051904316902,18.81,Trung binh,1,Khoi luong cong viec cao - uu tien giu chan
7350,2025-01-01,Human Resources,Recruiter,0,0,0.13434672361799113,13.43,Thap,1,Khoi luong cong viec cao - uu tien giu chan
7354,2025-01-01,Sales,Account Manager,0,1,0.16594103325041476,16.59,Trung binh,1,Khoi luong cong viec cao - uu tien giu chan
7355,2025-01-01,Human Resources,HR Manager,0,0,0.07715518294936777,7.72,Thap,2,It tham nien - Khoi luong cong viec thap
7357,2025-01-01,Finance,Internal Auditor,0,0,0.09499463522251282,9.5,Thap,2,It tham nien - Khoi luong cong viec thap
7358,2025-01-01,Finance,Financial Analyst,0,0,0.11296725133384138,11.3,Thap,2,It tham nien - Khoi luong cong viec thap
7359,2025-01-01,Finance,Internal Auditor,0,1,0.4433864614650235,44.34,Cao,1,Khoi luong cong viec cao - uu tien giu chan
7360,2025-01-01,Marketing,Marketing Manager,0,0,0.07126825762676586,7.13,Thap,3,Cap bac cao - thu nhap cao
7365,2025-01-01,Finance,Internal Auditor,0,0,0.05588365152077633,5.59,Thap,2,It tham nien - Khoi luong cong viec thap
7368,2025-01-01,Finance,Internal Auditor,0,0,0.05831329635483522,5.83,Thap,2,It tham nien - Khoi luong cong viec thap
7370,2025-01-01,Finance,Accountant,1,1,0.21369842499364744,21.37,Trung binh,1,Khoi luong cong viec cao - uu tien giu chan
7371,2025-01-01,Operations,Operations Executive,0,0,0.100703429701883,10.07,Thap,3,Cap bac cao - thu nhap cao
7373,2025-01-01,Sales,Sales Supervisor,0,0,0.019386638966082028,1.94,Thap,2,It tham nien - Khoi luong cong viec thap
7374,2025-01-01,Information Technology,IT Support,1,1,0.21505002898329081,21.51,Trung binh,0,Lau nam - thang tien cham
7380,2025-01-01,Operations,Procurement Specialist,0,0,0.15553050263026372,15.55,Thap,2,It tham nien - Khoi luong cong viec thap
7382,2025-01-01,Human Resources,C&B Specialist,0,0,0.05640522618850901,5.64,Thap,0,Lau nam - thang tien cham
7384,2025-01-01,Operations,Warehouse Supervisor,1,1,0.24122673901326208,24.12,Trung binh,0,Lau nam - thang tien cham
7385,2025-01-01,Information Technology,QA Engineer,0,0,0.1031424120201044,10.31,Thap,0,Lau nam - thang tien cham
7389,2025-01-01,Sales,Sales Supervisor,0,0,0.13115061526062985,13.12,Thap,0,Lau nam - thang tien cham
7397,2025-01-01,Sales,Sales Representative,1,0,0.06369485538320133,6.37,Thap,2,It tham nien - Khoi luong cong viec thap
7400,2025-01-01,Information Technology,QA Engineer,0,0,0.11114708086488599,11.11,Thap,0,Lau nam - thang tien cham
7402,2025-01-01,Operations,Procurement Specialist,0,1,0.18946192920637106,18.95,Trung binh,1,Khoi luong cong viec cao - uu tien giu chan
7405,2025-01-01,Human Resources,Recruiter,0,0,0.1452028776274285,14.52,Thap,2,It tham nien - Khoi luong cong viec thap
7409,2025-01-01,Human Resources,HR Executive,0,0,0.11398100781287294,11.4,Thap,1,Khoi luong cong viec cao - uu tien giu chan
7414,2025-01-01,Finance,Internal Auditor,0,1,0.2642843182530987,26.43,Trung binh,1,Khoi luong cong viec cao - uu tien giu chan
7420,2025-01-01,Operations,Procurement Specialist,0,1,0.19342670135831544,19.34,Trung binh,2,It tham nien - Khoi luong cong viec thap
7421,2025-01-01,Finance,Financial Analyst,0,1,0.1652010365427376,16.52,Trung binh,2,It tham nien - Khoi luong cong viec thap
7423,2025-01-01,Sales,Sales Executive,0,0,0.07151890008782859,7.15,Thap,2,It tham nien - Khoi luong cong viec thap
7425,2025-01-01,Finance,Finance Manager,0,0,0.15366905366004666,15.37,Thap,0,Lau nam - thang tien cham
7426,2025-01-01,Finance,Accountant,0,0,0.0533417401962122,5.33,Thap,2,It tham nien - Khoi luong cong viec thap
7427,2025-01-01,Finance,Internal Auditor,0,0,0.11236298769296162,11.24,Thap,0,Lau nam - thang tien cham
7428,2025-01-01,Human Resources,HR Manager,0,0,0.0,0.0,Thap,3,Cap bac cao - thu nhap cao
7430,2025-01-01,Information Technology,System Administrator,0,1,0.2639790289375855,26.4,Trung binh,0,Lau nam - thang tien cham
7431,2025-01-01,Human Resources,C&B Specialist,0,0,0.10139025502416284,10.14,Thap,2,It tham nien - Khoi luong cong viec thap
7434,2025-01-01,Human Resources,HR Executive,1,0,0.0628631372225321,6.29,Thap,1,Khoi luong cong viec cao - uu tien giu chan
7437,2025-01-01,Human Resources,HR Executive,1,1,0.2122444628596899,21.22,Trung binh,2,It tham nien - Khoi luong cong viec thap
7446,2025-01-01,Finance,Finance Manager,0,0,0.11440616279933646,11.44,Thap,1,Khoi luong cong viec cao - uu tien giu chan
7448,2025-01-01,Sales,Sales Executive,0,1,0.20946711819785027,20.95,Trung binh,0,Lau nam - thang tien cham
7449,2025-01-01,Human Resources,Recruiter,1,1,0.16214832713209118,16.21,Trung binh,1,Khoi luong cong viec cao - uu tien giu chan
7451,2025-01-01,Sales,Sales Supervisor,1,1,0.23827353356448855,23.83,Trung binh,1,Khoi luong cong viec cao - uu tien giu chan
7452,2025-01-01,Sales,Sales Representative,0,0,0.044034713838168926,4.4,Thap,2,It tham nien - Khoi luong cong viec thap
7454,2025-01-01,Finance,Financial Analyst,0,1,0.2982619552345513,29.83,Trung binh,1,Khoi luong cong viec cao - uu tien giu chan
7456,2025-01-01,Sales,Sales Representative,0,0,0.08420366048753691,8.42,Thap,3,Cap bac cao - thu nhap cao
7458,2025-01-01,Finance,Accountant,0,0,0.09132667290599572,9.13,Thap,2,It tham nien - Khoi luong cong viec thap
7459,2025-01-01,Finance,Finance Manager,0,0,0.04077373321940195,4.08,Thap,2,It tham nien - Khoi luong cong viec thap
7463,2025-01-01,Finance,Finance Manager,0,1,0.16970981792491133,16.97,Trung binh,1,Khoi luong cong viec cao - uu tien giu chan
7464,2025-01-01,Marketing,Digital Marketing Specialist,0,0,0.12863382517835126,12.86,Thap,2,It tham nien - Khoi luong cong viec thap
7467,2025-01-01,Operations,Procurement Specialist,0,0,0.07475426099143534,7.48,Thap,2,It tham nien - Khoi luong cong viec thap
7468,2025-01-01,Marketing,Marketing Manager,0,0,0.05821870239084537,5.82,Thap,2,It tham nien - Khoi luong cong viec thap
7469,2025-01-01,Operations,Procurement Specialist,0,1,0.17626366592565956,17.63,Trung binh,2,It tham nien - Khoi luong cong viec thap
7470,2025-01-01,Operations,Warehouse Supervisor,0,0,0.15702863518355262,15.7,Thap,0,Lau nam - thang tien cham
7471,2025-01-01,Operations,Procurement Specialist,0,0,0.12983220754482624,12.98,Thap,2,It tham nien - Khoi luong cong viec thap
7473,2025-01-01,Human Resources,Recruiter,1,1,0.2306554538920956,23.07,Trung binh,1,Khoi luong cong viec cao - uu tien giu chan
7475,2025-01-01,Sales,Sales Executive,0,0,0.06983656330397507,6.98,Thap,2,It tham nien - Khoi luong cong viec thap
7477,2025-01-01,Sales,Sales Representative,0,1,0.16391636758725714,16.39,Trung binh,1,Khoi luong cong viec cao - uu tien giu chan
7479,2025-01-01,Information Technology,IT Support,0,0,0.06072328498572655,6.07,Thap,2,It tham nien - Khoi luong cong viec thap
7481,2025-01-01,Human Resources,HR Manager,0,1,0.24634921236786486,24.63,Trung binh,1,Khoi luong cong viec cao - uu tien giu chan
7485,2025-01-01,Human Resources,C&B Specialist,0,1,0.23950297193907838,23.95,Trung binh,0,Lau nam - thang tien cham
7487,2025-01-01,Information Technology,QA Engineer,0,0,0.12528830029555038,12.53,Thap,3,Cap bac cao - thu nhap cao
7488,2025-01-01,Marketing,Marketing Manager,0,0,0.10562091733527099,10.56,Thap,2,It tham nien - Khoi luong cong viec thap
7491,2025-01-01,Sales,Sales Supervisor,1,0,0.05186144209887985,5.19,Thap,0,Lau nam - thang tien cham
7493,2025-01-01,Marketing,Digital Marketing Specialist,0,0,0.0788798369582256,7.89,Thap,1,Khoi luong cong viec cao - uu tien giu chan
7494,2025-01-01,Human Resources,C&B Specialist,0,0,0.0743564501009284,7.44,Thap,2,It tham nien - Khoi luong cong viec thap
7497,2025-01-01,Finance,Accountant,0,0,0.14009111239606148,14.01,Thap,2,It tham nien - Khoi luong cong viec thap
7498,2025-01-01,Marketing,Digital Marketing Specialist,0,0,0.12992564142693874,12.99,Thap,1,Khoi luong cong viec cao - uu tien giu chan
7499,2025-01-01,Operations,Operations Executive,0,0,0.125892869648623,12.59,Thap,2,It tham nien - Khoi luong cong viec thap
7500,2025-01-01,Sales,Account Manager,0,0,0.11233667303494309,11.23,Thap,0,Lau nam - thang tien cham
7502,2025-01-01,Marketing,Marketing Executive,0,1,0.22165570953115585,22.17,Trung binh,3,Cap bac cao - thu nhap cao
7504,2025-01-01,Sales,Sales Representative,0,0,0.1432333790564422,14.32,Thap,2,It tham nien - Khoi luong cong viec thap
7505,2025-01-01,Sales,Sales Executive,0,0,0.0352455792433828,3.52,Thap,3,Cap bac cao - thu nhap cao
7508,2025-01-01,Sales,Sales Representative,0,0,0.03746785254278865,3.75,Thap,3,Cap bac cao - thu nhap cao
7509,2025-01-01,Human Resources,Recruiter,0,0,0.05475553662019572,5.48,Thap,0,Lau nam - thang tien cham
7514,2025-01-01,Finance,Accountant,0,0,0.05771487330454609,5.77,Thap,2,It tham nien - Khoi luong cong viec thap
7517,2025-01-01,Human Resources,HR Executive,0,0,0.09122733777624087,9.12,Thap,2,It tham nien - Khoi luong cong viec thap
7519,2025-01-01,Operations,Procurement Specialist,0,0,0.13909486952737754,13.91,Thap,1,Khoi luong cong viec cao - uu tien giu chan
7521,2025-01-01,Human Resources,Recruiter,0,0,0.1032545669132778,10.33,Thap,0,Lau nam - thang tien cham
7525,2025-01-01,Human Resources,HR Executive,0,0,0.07767522477651137,7.77,Thap,2,It tham nien - Khoi luong cong viec thap
7526,2025-01-01,Finance,Finance Manager,1,1,0.2358419752863572,23.58,Trung binh,1,Khoi luong cong viec cao - uu tien giu chan
7528,2025-01-01,Information Technology,Software Engineer,0,0,0.0771885453440468,7.72,Thap,2,It tham nien - Khoi luong cong viec thap
7532,2025-01-01,Information Technology,System Administrator,0,0,0.15619111957455228,15.62,Thap,1,Khoi luong cong viec cao - uu tien giu chan
7533,2025-01-01,Finance,Internal Auditor,0,0,0.09433786091337124,9.43,Thap,0,Lau nam - thang tien cham
7535,2025-01-01,Marketing,Marketing Executive,1,0,0.140004290953987,14.0,Thap,1,Khoi luong cong viec cao - uu tien giu chan
7539,2025-01-01,Operations,Warehouse Supervisor,1,1,0.2856160262269985,28.56,Trung binh,1,Khoi luong cong viec cao - uu tien giu chan
7540,2025-01-01,Finance,Accountant,0,0,0.09432854885857504,9.43,Thap,0,Lau nam - thang tien cham
7541,2025-01-01,Marketing,Marketing Executive,1,0,0.1098627483086464,10.99,Thap,3,Cap bac cao - thu nhap cao
7543,2025-01-01,Information Technology,QA Engineer,0,0,0.09054277942591608,9.05,Thap,3,Cap bac cao - thu nhap cao
7548,2025-01-01,Marketing,Marketing Executive,0,0,0.07870272546516098,7.87,Thap,3,Cap bac cao - thu nhap cao
7549,2025-01-01,Finance,Internal Auditor,0,1,0.16996426297991238,17.0,Trung binh,0,Lau nam - thang tien cham
7553,2025-01-01,Marketing,Digital Marketing Specialist,0,0,0.12243260234105217,12.24,Thap,2,It tham nien - Khoi luong cong viec thap
7555,2025-01-01,Human Resources,HR Executive,0,0,0.14584436668013084,14.58,Thap,2,It tham nien - Khoi luong cong viec thap
7557,2025-01-01,Finance,Finance Manager,0,0,0.13718575268724523,13.72,Thap,3,Cap bac cao - thu nhap cao
7559,2025-01-01,Information Technology,Software Engineer,0,1,0.2753942908525459,27.54,Trung binh,3,Cap bac cao - thu nhap cao
7560,2025-01-01,Operations,Operations Manager,0,0,0.12298833621802595,12.3,Thap,3,Cap bac cao - thu nhap cao
7562,2025-01-01,Information Technology,System Administrator,0,1,0.33995848883206103,34.0,Cao,1,Khoi luong cong viec cao - uu tien giu chan
7567,2025-01-01,Operations,Warehouse Supervisor,0,0,0.1140081843165279,11.4,Thap,2,It tham nien - Khoi luong cong viec thap
7569,2025-01-01,Human Resources,C&B Specialist,1,1,0.1980504883956123,19.81,Trung binh,1,Khoi luong cong viec cao - uu tien giu chan
7570,2025-01-01,Sales,Sales Representative,1,0,0.11487060952270992,11.49,Thap,0,Lau nam - thang tien cham
7571,2025-01-01,Operations,Operations Executive,0,0,0.09967673372339084,9.97,Thap,2,It tham nien - Khoi luong cong viec thap
7572,2025-01-01,Finance,Internal Auditor,0,1,0.19291235904035212,19.29,Trung binh,2,It tham nien - Khoi luong cong viec thap
7573,2025-01-01,Operations,Operations Executive,0,0,0.1140697148521404,11.41,Thap,2,It tham nien - Khoi luong cong viec thap
7574,2025-01-01,Operations,Operations Executive,0,0,0.15630228530831003,15.63,Thap,2,It tham nien - Khoi luong cong viec thap
7575,2025-01-01,Finance,Finance Manager,1,0,0.1397878719644329,13.98,Thap,2,It tham nien - Khoi luong cong viec thap
7578,2025-01-01,Human Resources,C&B Specialist,0,1,0.16971405172020987,16.97,Trung binh,0,Lau nam - thang tien cham
7580,2025-01-01,Marketing,Marketing Manager,0,0,0.11362007777702415,11.36,Thap,2,It tham nien - Khoi luong cong viec thap
7582,2025-01-01,Human Resources,HR Manager,1,1,0.19956830533955933,19.96,Trung binh,1,Khoi luong cong viec cao - uu tien giu chan
7583,2025-01-01,Human Resources,Recruiter,1,0,0.052472098031271196,5.25,Thap,3,Cap bac cao - thu nhap cao
7584,2025-01-01,Information Technology,IT Support,0,0,0.08773719432110855,8.77,Thap,0,Lau nam - thang tien cham
7585,2025-01-01,Operations,Operations Manager,1,0,0.13155459875647754,13.16,Thap,3,Cap bac cao - thu nhap cao
7586,2025-01-01,Operations,Operations Executive,0,0,0.149913795496422,14.99,Thap,0,Lau nam - thang tien cham
7587,2025-01-01,Information Technology,QA Engineer,1,1,0.17401653221666485,17.4,Trung binh,1,Khoi luong cong viec cao - uu tien giu chan
7588,2025-01-01,Information Technology,System Administrator,0,0,0.06741465772603929,6.74,Thap,2,It tham nien - Khoi luong cong viec thap
7592,2025-01-01,Human Resources,HR Executive,0,0,0.06768691344824289,6.77,Thap,2,It tham nien - Khoi luong cong viec thap
7595,2025-01-01,Human Resources,C&B Specialist,0,0,0.03576085333345782,3.58,Thap,2,It tham nien - Khoi luong cong viec thap
7600,2025-01-01,Operations,Warehouse Supervisor,0,0,0.15101857809894775,15.1,Thap,3,Cap bac cao - thu nhap cao
7601,2025-01-01,Marketing,Content Specialist,0,0,0.10542090846844317,10.54,Thap,2,It tham nien - Khoi luong cong viec thap
7605,2025-01-01,Finance,Internal Auditor,0,0,0.11069825675410587,11.07,Thap,2,It tham nien - Khoi luong cong viec thap
7606,2025-01-01,Finance,Internal Auditor,0,0,0.1405477339841002,14.05,Thap,3,Cap bac cao - thu nhap cao
7607,2025-01-01,Information Technology,IT Support,0,0,0.1320063359497168,13.2,Thap,3,Cap bac cao - thu nhap cao
7608,2025-01-01,Marketing,Marketing Executive,0,0,0.14531996979990053,14.53,Thap,1,Khoi luong cong viec cao - uu tien giu chan
7609,2025-01-01,Finance,Accountant,0,1,0.2102822156687486,21.03,Trung binh,1,Khoi luong cong viec cao - uu tien giu chan
7611,2025-01-01,Finance,Financial Analyst,0,0,0.1575122851046821,15.75,Thap,2,It tham nien - Khoi luong cong viec thap
7613,2025-01-01,Operations,Operations Executive,0,1,0.2594369175720144,25.94,Trung binh,1,Khoi luong cong viec cao - uu tien giu chan
7614,2025-01-01,Operations,Warehouse Supervisor,0,0,0.0930848230230531,9.31,Thap,0,Lau nam - thang tien cham
7617,2025-01-01,Operations,Warehouse Supervisor,1,0,0.05596450610336945,5.6,Thap,2,It tham nien - Khoi luong cong viec thap
7618,2025-01-01,Finance,Accountant,0,1,0.24524747271093658,24.52,Trung binh,1,Khoi luong cong viec cao - uu tien giu chan
7619,2025-01-01,Sales,Sales Executive,0,0,0.15972802830045926,15.97,Thap,0,Lau nam - thang tien cham
7620,2025-01-01,Human Resources,HR Manager,0,0,0.05451858251425301,5.45,Thap,2,It tham nien - Khoi luong cong viec thap
7622,2025-01-01,Human Resources,Recruiter,1,1,0.2267481212444259,22.67,Trung binh,1,Khoi luong cong viec cao - uu tien giu chan
7623,2025-01-01,Human Resources,C&B Specialist,0,1,0.2830693838827067,28.31,Trung binh,1,Khoi luong cong viec cao - uu tien giu chan
7624,2025-01-01,Information Technology,Data Analyst,1,1,0.1881608826101517,18.82,Trung binh,3,Cap bac cao - thu nhap cao
7627,2025-01-01,Marketing,Content Specialist,0,0,0.1531463497528487,15.31,Thap,2,It tham nien - Khoi luong cong viec thap
7629,2025-01-01,Human Resources,HR Executive,0,0,0.07927806591695592,7.93,Thap,3,Cap bac cao - thu nhap cao
7631,2025-01-01,Finance,Internal Auditor,1,0,0.15193093033714777,15.19,Thap,3,Cap bac cao - thu nhap cao
7632,2025-01-01,Finance,Finance Manager,0,1,0.22641461855822873,22.64,Trung binh,2,It tham nien - Khoi luong cong viec thap
7634,2025-01-01,Marketing,Content Specialist,0,0,0.1225486158911639,12.25,Thap,2,It tham nien - Khoi luong cong viec thap
7635,2025-01-01,Information Technology,System Administrator,0,0,0.14865979436587656,14.87,Thap,0,Lau nam - thang tien cham
7636,2025-01-01,Finance,Internal Auditor,0,0,0.09081843250809168,9.08,Thap,1,Khoi luong cong viec cao - uu tien giu chan
7641,2025-01-01,Operations,Operations Executive,1,1,0.2332745475542351,23.33,Trung binh,0,Lau nam - thang tien cham
7643,2025-01-01,Marketing,Content Specialist,1,0,0.03591543056707301,3.59,Thap,2,It tham nien - Khoi luong cong viec thap
7644,2025-01-01,Information Technology,System Administrator,1,1,0.180710128107893,18.07,Trung binh,0,Lau nam - thang tien cham
7645,2025-01-01,Information Technology,Data Analyst,0,0,0.0590157259823363,5.9,Thap,1,Khoi luong cong viec cao - uu tien giu chan
7654,2025-01-01,Human Resources,Recruiter,0,0,0.08356409737579265,8.36,Thap,2,It tham nien - Khoi luong cong viec thap
7655,2025-01-01,Human Resources,HR Executive,0,0,0.11088733169765888,11.09,Thap,3,Cap bac cao - thu nhap cao
7659,2025-01-01,Information Technology,Data Analyst,0,0,0.1434012914851053,14.34,Thap,2,It tham nien - Khoi luong cong viec thap
7663,2025-01-01,Finance,Financial Analyst,0,1,0.20726141993315655,20.73,Trung binh,1,Khoi luong cong viec cao - uu tien giu chan
7665,2025-01-01,Information Technology,Data Analyst,0,0,0.1543177342192554,15.43,Thap,1,Khoi luong cong viec cao - uu tien giu chan
7667,2025-01-01,Information Technology,IT Support,0,0,0.05961443193454199,5.96,Thap,3,Cap bac cao - thu nhap cao
7668,2025-01-01,Sales,Sales Supervisor,0,1,0.275840413590754,27.58,Trung binh,1,Khoi luong cong viec cao - uu tien giu chan
7671,2025-01-01,Finance,Financial Analyst,0,0,0.04395756734441435,4.4,Thap,0,Lau nam - thang tien cham
7672,2025-01-01,Human Resources,C&B Specialist,0,1,0.1924156521840849,19.24,Trung binh,1,Khoi luong cong viec cao - uu tien giu chan
7673,2025-01-01,Operations,Operations Manager,1,1,0.16204270430511364,16.2,Trung binh,1,Khoi luong cong viec cao - uu tien giu chan
7674,2025-01-01,Sales,Sales Representative,0,0,0.03656160544845134,3.66,Thap,2,It tham nien - Khoi luong cong viec thap
7675,2025-01-01,Marketing,Content Specialist,0,0,0.10673383786832427,10.67,Thap,2,It tham nien - Khoi luong cong viec thap
7684,2025-01-01,Human Resources,C&B Specialist,0,0,0.11030135712098729,11.03,Thap,2,It tham nien - Khoi luong cong viec thap
7685,2025-01-01,Sales,Account Manager,0,0,0.10524363689710596,10.52,Thap,1,Khoi luong cong viec cao - uu tien giu chan
7688,2025-01-01,Human Resources,C&B Specialist,1,0,0.14403075153057876,14.4,Thap,1,Khoi luong cong viec cao - uu tien giu chan
7690,2025-01-01,Finance,Financial Analyst,0,0,0.0795671711222434,7.96,Thap,2,It tham nien - Khoi luong cong viec thap
7695,2025-01-01,Finance,Accountant,0,0,0.10698058871501198,10.7,Thap,2,It tham nien - Khoi luong cong viec thap
7696,2025-01-01,Marketing,Marketing Manager,0,0,0.049491643832417644,4.95,Thap,0,Lau nam - thang tien cham
7697,2025-01-01,Operations,Warehouse Supervisor,0,1,0.17017568168811548,17.02,Trung binh,1,Khoi luong cong viec cao - uu tien giu chan
7700,2025-01-01,Human Resources,C&B Specialist,0,0,0.09860521502980034,9.86,Thap,2,It tham nien - Khoi luong cong viec thap
7704,2025-01-01,Information Technology,QA Engineer,0,0,0.15737517181275296,15.74,Thap,1,Khoi luong cong viec cao - uu tien giu chan
7708,2025-01-01,Human Resources,Recruiter,0,0,0.051521460320776036,5.15,Thap,2,It tham nien - Khoi luong cong viec thap
7709,2025-01-01,Information Technology,Software Engineer,0,0,0.07720946489213495,7.72,Thap,3,Cap bac cao - thu nhap cao
7710,2025-01-01,Information Technology,Software Engineer,0,1,0.21716647835470573,21.72,Trung binh,1,Khoi luong cong viec cao - uu tien giu chan
7711,2025-01-01,Information Technology,IT Support,0,0,0.07805617839865325,7.81,Thap,2,It tham nien - Khoi luong cong viec thap
7712,2025-01-01,Human Resources,C&B Specialist,0,0,0.08867377733388672,8.87,Thap,2,It tham nien - Khoi luong cong viec thap
7715,2025-01-01,Finance,Internal Auditor,0,0,0.0,0.0,Thap,2,It tham nien - Khoi luong cong viec thap
7716,2025-01-01,Marketing,Marketing Executive,0,0,0.10987147909331814,10.99,Thap,2,It tham nien - Khoi luong cong viec thap
7730,2025-01-01,Finance,Internal Auditor,0,0,0.059232971024325926,5.92,Thap,2,It tham nien - Khoi luong cong viec thap
7731,2025-01-01,Human Resources,C&B Specialist,0,0,0.09194109089709682,9.19,Thap,1,Khoi luong cong viec cao - uu tien giu chan
7733,2025-01-01,Sales,Sales Executive,0,0,0.05102850781621928,5.1,Thap,2,It tham nien - Khoi luong cong viec thap
7735,2025-01-01,Finance,Finance Manager,0,0,0.09793964197025476,9.79,Thap,3,Cap bac cao - thu nhap cao
7737,2025-01-01,Sales,Account Manager,0,0,0.09571109328695722,9.57,Thap,0,Lau nam - thang tien cham
7738,2025-01-01,Human Resources,Recruiter,0,0,0.11247710482127793,11.25,Thap,2,It tham nien - Khoi luong cong viec thap
7739,2025-01-01,Marketing,Marketing Manager,0,1,0.25025978923040376,25.03,Trung binh,3,Cap bac cao - thu nhap cao
7741,2025-01-01,Human Resources,Recruiter,0,0,0.07327036388801568,7.33,Thap,2,It tham nien - Khoi luong cong viec thap
7742,2025-01-01,Human Resources,HR Manager,0,0,0.13725554647924723,13.73,Thap,2,It tham nien - Khoi luong cong viec thap
7743,2025-01-01,Human Resources,HR Executive,0,0,0.0643439147950431,6.43,Thap,3,Cap bac cao - thu nhap cao
7745,2025-01-01,Information Technology,Software Engineer,0,0,0.10577904192230732,10.58,Thap,2,It tham nien - Khoi luong cong viec thap
7746,2025-01-01,Information Technology,QA Engineer,1,0,0.10968966999743755,10.97,Thap,3,Cap bac cao - thu nhap cao
7748,2025-01-01,Human Resources,Recruiter,1,0,0.062042516860302946,6.2,Thap,3,Cap bac cao - thu nhap cao
7749,2025-01-01,Marketing,Content Specialist,1,1,0.2928790746384867,29.29,Trung binh,1,Khoi luong cong viec cao - uu tien giu chan
7750,2025-01-01,Sales,Sales Supervisor,0,0,0.09448183801868255,9.45,Thap,2,It tham nien - Khoi luong cong viec thap
7752,2025-01-01,Sales,Account Manager,0,0,0.15168885066705104,15.17,Thap,2,It tham nien - Khoi luong cong viec thap
7754,2025-01-01,Information Technology,Data Analyst,0,1,0.2261870204539744,22.62,Trung binh,0,Lau nam - thang tien cham
7755,2025-01-01,Marketing,Content Specialist,0,1,0.18891057203626027,18.89,Trung binh,1,Khoi luong cong viec cao - uu tien giu chan
7757,2025-01-01,Sales,Sales Supervisor,0,1,0.19612379739628538,19.61,Trung binh,2,It tham nien - Khoi luong cong viec thap
7767,2025-01-01,Marketing,Marketing Manager,0,0,0.14431750427614398,14.43,Thap,1,Khoi luong cong viec cao - uu tien giu chan
7772,2025-01-01,Sales,Account Manager,0,0,0.05696790558824531,5.7,Thap,2,It tham nien - Khoi luong cong viec thap
7775,2025-01-01,Sales,Sales Representative,0,0,0.11313939379304061,11.31,Thap,3,Cap bac cao - thu nhap cao
7776,2025-01-01,Finance,Accountant,0,0,0.09172470229999827,9.17,Thap,1,Khoi luong cong viec cao - uu tien giu chan
7777,2025-01-01,Information Technology,Data Analyst,0,0,0.034144630276532674,3.41,Thap,2,It tham nien - Khoi luong cong viec thap
7780,2025-01-01,Information Technology,IT Support,0,0,0.11708077950900501,11.71,Thap,2,It tham nien - Khoi luong cong viec thap
7783,2025-01-01,Information Technology,Software Engineer,0,0,0.07066893099725641,7.07,Thap,2,It tham nien - Khoi luong cong viec thap
7785,2025-01-01,Finance,Financial Analyst,1,1,0.22113022142399738,22.11,Trung binh,1,Khoi luong cong viec cao - uu tien giu chan
7787,2025-01-01,Information Technology,QA Engineer,0,0,0.1339262432323933,13.39,Thap,0,Lau nam - thang tien cham
7791,2025-01-01,Operations,Procurement Specialist,0,0,0.0954508719549567,9.55,Thap,2,It tham nien - Khoi luong cong viec thap
7792,2025-01-01,Information Technology,Data Analyst,0,0,0.1486929423035395,14.87,Thap,0,Lau nam - thang tien cham
7793,2025-01-01,Sales,Sales Executive,0,1,0.2948439335225005,29.48,Trung binh,1,Khoi luong cong viec cao - uu tien giu chan
7796,2025-01-01,Information Technology,Data Analyst,0,0,0.15787998909192313,15.79,Thap,1,Khoi luong cong viec cao - uu tien giu chan
7797,2025-01-01,Marketing,Content Specialist,0,0,0.10860336554973797,10.86,Thap,2,It tham nien - Khoi luong cong viec thap
7798,2025-01-01,Finance,Financial Analyst,0,0,0.03652911337757604,3.65,Thap,2,It tham nien - Khoi luong cong viec thap
7804,2025-01-01,Finance,Finance Manager,0,0,0.10825243950399788,10.83,Thap,2,It tham nien - Khoi luong cong viec thap
7805,2025-01-01,Information Technology,QA Engineer,1,0,0.09260993022127166,9.26,Thap,2,It tham nien - Khoi luong cong viec thap
7809,2025-01-01,Operations,Operations Executive,0,0,0.12925061796048043,12.93,Thap,2,It tham nien - Khoi luong cong viec thap
7813,2025-01-01,Information Technology,System Administrator,1,0,0.0825196964535524,8.25,Thap,2,It tham nien - Khoi luong cong viec thap
7816,2025-01-01,Information Technology,QA Engineer,0,0,0.0354182744775508,3.54,Thap,2,It tham nien - Khoi luong cong viec thap
7817,2025-01-01,Marketing,Marketing Executive,0,1,0.2849151155199391,28.49,Trung binh,1,Khoi luong cong viec cao - uu tien giu chan
7824,2025-01-01,Finance,Accountant,0,0,0.056459830486064205,5.65,Thap,2,It tham nien - Khoi luong cong viec thap
7828,2025-01-01,Finance,Internal Auditor,0,1,0.19846220104296083,19.85,Trung binh,1,Khoi luong cong viec cao - uu tien giu chan
7831,2025-01-01,Human Resources,C&B Specialist,0,0,0.115397244889158,11.54,Thap,1,Khoi luong cong viec cao - uu tien giu chan
7834,2025-01-01,Operations,Operations Manager,1,1,0.25199889298508127,25.2,Trung binh,3,Cap bac cao - thu nhap cao
7836,2025-01-01,Information Technology,QA Engineer,0,0,0.13662749941636146,13.66,Thap,2,It tham nien - Khoi luong cong viec thap
7837,2025-01-01,Finance,Accountant,0,1,0.24227746573380698,24.23,Trung binh,3,Cap bac cao - thu nhap cao
7840,2025-01-01,Marketing,Content Specialist,0,0,0.1175976421284211,11.76,Thap,3,Cap bac cao - thu nhap cao
7842,2025-01-01,Finance,Internal Auditor,0,1,0.27463177736024225,27.46,Trung binh,2,It tham nien - Khoi luong cong viec thap
7845,2025-01-01,Marketing,Content Specialist,0,1,0.1751908490416756,17.52,Trung binh,0,Lau nam - thang tien cham
7847,2025-01-01,Sales,Sales Executive,1,0,0.13526771867277326,13.53,Thap,3,Cap bac cao - thu nhap cao
7850,2025-01-01,Human Resources,Recruiter,0,0,0.13348562212451529,13.35,Thap,2,It tham nien - Khoi luong cong viec thap
7852,2025-01-01,Human Resources,HR Executive,0,1,0.17083688259606616,17.08,Trung binh,2,It tham nien - Khoi luong cong viec thap
7854,2025-01-01,Marketing,Content Specialist,0,1,0.19763473387952388,19.76,Trung binh,2,It tham nien - Khoi luong cong viec thap
7856,2025-01-01,Operations,Procurement Specialist,0,0,0.07843417512046715,7.84,Thap,2,It tham nien - Khoi luong cong viec thap
7857,2025-01-01,Sales,Sales Executive,1,1,0.3411330842180222,34.11,Cao,3,Cap bac cao - thu nhap cao
7858,2025-01-01,Finance,Financial Analyst,0,0,0.08577473700156085,8.58,Thap,2,It tham nien - Khoi luong cong viec thap
7861,2025-01-01,Human Resources,HR Executive,1,0,0.09482391731680512,9.48,Thap,2,It tham nien - Khoi luong cong viec thap
7862,2025-01-01,Finance,Accountant,0,1,0.1888426768405542,18.88,Trung binh,0,Lau nam - thang tien cham
7867,2025-01-01,Operations,Warehouse Supervisor,0,0,0.07274359920528896,7.27,Thap,0,Lau nam - thang tien cham
7868,2025-01-01,Finance,Internal Auditor,1,0,0.10416163728669318,10.42,Thap,2,It tham nien - Khoi luong cong viec thap
7869,2025-01-01,Information Technology,System Administrator,1,1,0.1805364809424618,18.05,Trung binh,3,Cap bac cao - thu nhap cao
7871,2025-01-01,Information Technology,Software Engineer,0,0,0.08090104659833992,8.09,Thap,3,Cap bac cao - thu nhap cao
7872,2025-01-01,Sales,Sales Representative,0,1,0.16864945948819843,16.86,Trung binh,1,Khoi luong cong viec cao - uu tien giu chan
7873,2025-01-01,Finance,Accountant,0,1,0.28641494320317373,28.64,Trung binh,3,Cap bac cao - thu nhap cao
7874,2025-01-01,Human Resources,HR Executive,0,0,0.07886249673524841,7.89,Thap,0,Lau nam - thang tien cham
7876,2025-01-01,Human Resources,C&B Specialist,0,0,0.058539752872854504,5.85,Thap,2,It tham nien - Khoi luong cong viec thap
7878,2025-01-01,Operations,Operations Executive,1,1,0.25209131829505727,25.21,Trung binh,1,Khoi luong cong viec cao - uu tien giu chan
7879,2025-01-01,Finance,Financial Analyst,0,1,0.24931215094223833,24.93,Trung binh,3,Cap bac cao - thu nhap cao
7882,2025-01-01,Sales,Sales Supervisor,0,1,0.16429189504024963,16.43,Trung binh,2,It tham nien - Khoi luong cong viec thap
7885,2025-01-01,Sales,Account Manager,0,1,0.17258359580720917,17.26,Trung binh,3,Cap bac cao - thu nhap cao
7886,2025-01-01,Operations,Operations Executive,0,1,0.303231729287397,30.32,Cao,1,Khoi luong cong viec cao - uu tien giu chan
7890,2025-01-01,Sales,Sales Supervisor,1,1,0.1610216189889861,16.1,Trung binh,2,It tham nien - Khoi luong cong viec thap
7898,2025-01-01,Human Resources,C&B Specialist,0,0,0.07062525771838411,7.06,Thap,2,It tham nien - Khoi luong cong viec thap
7899,2025-01-01,Information Technology,QA Engineer,1,1,0.20899244481438722,20.9,Trung binh,1,Khoi luong cong viec cao - uu tien giu chan
7900,2025-01-01,Human Resources,C&B Specialist,0,0,0.1202610213273123,12.03,Thap,0,Lau nam - thang tien cham
7901,2025-01-01,Marketing,Marketing Executive,0,1,0.23737748196851227,23.74,Trung binh,0,Lau nam - thang tien cham
7907,2025-01-01,Marketing,Marketing Manager,0,1,0.17118060343789174,17.12,Trung binh,1,Khoi luong cong viec cao - uu tien giu chan
7908,2025-01-01,Sales,Sales Representative,1,0,0.11448520300290459,11.45,Thap,1,Khoi luong cong viec cao - uu tien giu chan
7912,2025-01-01,Sales,Sales Representative,0,0,0.13224043909834224,13.22,Thap,1,Khoi luong cong viec cao - uu tien giu chan
7913,2025-01-01,Information Technology,Data Analyst,0,1,0.21538101412008923,21.54,Trung binh,1,Khoi luong cong viec cao - uu tien giu chan
7914,2025-01-01,Sales,Sales Representative,0,0,0.0,0.0,Thap,2,It tham nien - Khoi luong cong viec thap
7915,2025-01-01,Finance,Financial Analyst,0,0,0.09690863129717037,9.69,Thap,1,Khoi luong cong viec cao - uu tien giu chan
7916,2025-01-01,Sales,Sales Representative,0,0,0.12565081109812923,12.57,Thap,2,It tham nien - Khoi luong cong viec thap
7918,2025-01-01,Information Technology,QA Engineer,0,0,0.12917474722008307,12.92,Thap,1,Khoi luong cong viec cao - uu tien giu chan
7919,2025-01-01,Operations,Warehouse Supervisor,0,1,0.301593581981931,30.16,Cao,1,Khoi luong cong viec cao - uu tien giu chan
7920,2025-01-01,Operations,Warehouse Supervisor,0,1,0.22526403239216986,22.53,Trung binh,2,It tham nien - Khoi luong cong viec thap
7923,2025-01-01,Information Technology,IT Support,0,0,0.04116227406369049,4.12,Thap,2,It tham nien - Khoi luong cong viec thap
7924,2025-01-01,Finance,Accountant,1,1,0.2150814066888438,21.51,Trung binh,3,Cap bac cao - thu nhap cao
7925,2025-01-01,Sales,Sales Supervisor,0,0,0.06466115101367206,6.47,Thap,0,Lau nam - thang tien cham
7927,2025-01-01,Operations,Operations Manager,0,0,0.07130685116334208,7.13,Thap,2,It tham nien - Khoi luong cong viec thap
7929,2025-01-01,Sales,Sales Representative,0,0,0.07351945265224341,7.35,Thap,2,It tham nien - Khoi luong cong viec thap
7931,2025-01-01,Finance,Finance Manager,0,0,0.11622512240771715,11.62,Thap,2,It tham nien - Khoi luong cong viec thap
7933,2025-01-01,Information Technology,Software Engineer,0,0,0.07708163353385238,7.71,Thap,2,It tham nien - Khoi luong cong viec thap
7939,2025-01-01,Marketing,Marketing Manager,0,1,0.18914654566137917,18.91,Trung binh,1,Khoi luong cong viec cao - uu tien giu chan
7944,2025-01-01,Human Resources,C&B Specialist,1,1,0.17285414303978516,17.29,Trung binh,1,Khoi luong cong viec cao - uu tien giu chan
7945,2025-01-01,Human Resources,C&B Specialist,0,0,0.05620142247823438,5.62,Thap,2,It tham nien - Khoi luong cong viec thap
7947,2025-01-01,Marketing,Content Specialist,0,1,0.17160841202119834,17.16,Trung binh,0,Lau nam - thang tien cham
7948,2025-01-01,Marketing,Marketing Executive,0,0,0.1390819186396127,13.91,Thap,1,Khoi luong cong viec cao - uu tien giu chan
7953,2025-01-01,Human Resources,Recruiter,0,0,0.0430362825951327,4.3,Thap,2,It tham nien - Khoi luong cong viec thap
7954,2025-01-01,Human Resources,HR Executive,0,0,0.10680314450859131,10.68,Thap,1,Khoi luong cong viec cao - uu tien giu chan
7956,2025-01-01,Finance,Internal Auditor,0,1,0.4280603805273821,42.81,Cao,1,Khoi luong cong viec cao - uu tien giu chan
7958,2025-01-01,Finance,Finance Manager,0,0,0.09253461632163186,9.25,Thap,3,Cap bac cao - thu nhap cao
7960,2025-01-01,Operations,Warehouse Supervisor,0,0,0.14715116271072898,14.72,Thap,1,Khoi luong cong viec cao - uu tien giu chan
7961,2025-01-01,Human Resources,Recruiter,0,0,0.13964002335066772,13.96,Thap,1,Khoi luong cong viec cao - uu tien giu chan
7963,2025-01-01,Finance,Accountant,0,0,0.08740973954454204,8.74,Thap,2,It tham nien - Khoi luong cong viec thap
7964,2025-01-01,Operations,Warehouse Supervisor,1,1,0.2862197024968428,28.62,Trung binh,1,Khoi luong cong viec cao - uu tien giu chan
7967,2025-01-01,Information Technology,Data Analyst,1,1,0.24393127681276258,24.39,Trung binh,1,Khoi luong cong viec cao - uu tien giu chan
7969,2025-01-01,Operations,Warehouse Supervisor,1,1,0.21039649336642732,21.04,Trung binh,1,Khoi luong cong viec cao - uu tien giu chan
7970,2025-01-01,Human Resources,HR Manager,1,0,0.0352721564876964,3.53,Thap,2,It tham nien - Khoi luong cong viec thap
7974,2025-01-01,Finance,Accountant,0,0,0.1394426307028985,13.94,Thap,3,Cap bac cao - thu nhap cao
7975,2025-01-01,Human Resources,HR Manager,0,0,0.044854338438854294,4.49,Thap,2,It tham nien - Khoi luong cong viec thap
7977,2025-01-01,Operations,Operations Manager,1,1,0.21651166788279028,21.65,Trung binh,1,Khoi luong cong viec cao - uu tien giu chan
7978,2025-01-01,Information Technology,Data Analyst,0,1,0.1640208553759492,16.4,Trung binh,3,Cap bac cao - thu nhap cao
7980,2025-01-01,Information Technology,QA Engineer,0,1,0.17864258471130312,17.86,Trung binh,1,Khoi luong cong viec cao - uu tien giu chan
7984,2025-01-01,Human Resources,C&B Specialist,1,1,0.16799236130336567,16.8,Trung binh,2,It tham nien - Khoi luong cong viec thap
7988,2025-01-01,Sales,Account Manager,0,1,0.16072408471172353,16.07,Trung binh,0,Lau nam - thang tien cham
7990,2025-01-01,Operations,Procurement Specialist,0,1,0.2615110053636437,26.15,Trung binh,0,Lau nam - thang tien cham
7991,2025-01-01,Information Technology,IT Support,1,0,0.15362437109501073,15.36,Thap,1,Khoi luong cong viec cao - uu tien giu chan
7994,2025-01-01,Human Resources,HR Manager,0,0,0.13624736332831114,13.62,Thap,2,It tham nien - Khoi luong cong viec thap
7995,2025-01-01,Finance,Accountant,0,0,0.1263384177640788,12.63,Thap,2,It tham nien - Khoi luong cong viec thap
7997,2025-01-01,Marketing,Content Specialist,0,0,0.05912238214667844,5.91,Thap,3,Cap bac cao - thu nhap cao
7999,2025-01-01,Sales,Sales Executive,0,1,0.29602648788752656,29.6,Trung binh,0,Lau nam - thang tien cham
8000,2025-01-01,Finance,Finance Manager,0,1,0.19181480832095146,19.18,Trung binh,1,Khoi luong cong viec cao - uu tien giu chan
8004,2025-01-01,Operations,Procurement Specialist,0,0,0.07716102542911712,7.72,Thap,3,Cap bac cao - thu nhap cao
8007,2025-01-01,Sales,Sales Executive,0,0,0.05778612757381365,5.78,Thap,0,Lau nam - thang tien cham
8008,2025-01-01,Sales,Sales Executive,0,1,0.2980025354447469,29.8,Trung binh,0,Lau nam - thang tien cham
8009,2025-01-01,Sales,Sales Executive,1,0,0.03562015257765865,3.56,Thap,1,Khoi luong cong viec cao - uu tien giu chan
8011,2025-01-01,Sales,Sales Representative,0,0,0.11978152013957234,11.98,Thap,3,Cap bac cao - thu nhap cao
8013,2025-01-01,Sales,Sales Executive,0,0,0.0975268818575428,9.75,Thap,1,Khoi luong cong viec cao - uu tien giu chan
8015,2025-01-01,Human Resources,Recruiter,0,0,0.07379146950173113,7.38,Thap,2,It tham nien - Khoi luong cong viec thap
8017,2025-01-01,Sales,Sales Executive,0,0,0.07567720094797581,7.57,Thap,2,It tham nien - Khoi luong cong viec thap
8019,2025-01-01,Operations,Operations Manager,1,1,0.2664608357817055,26.65,Trung binh,1,Khoi luong cong viec cao - uu tien giu chan
8020,2025-01-01,Operations,Warehouse Supervisor,0,1,0.20368620262558265,20.37,Trung binh,2,It tham nien - Khoi luong cong viec thap
8026,2025-01-01,Sales,Sales Executive,0,0,0.1389741060376412,13.9,Thap,0,Lau nam - thang tien cham
8028,2025-01-01,Human Resources,Recruiter,0,1,0.3632407254916806,36.32,Cao,1,Khoi luong cong viec cao - uu tien giu chan
8029,2025-01-01,Information Technology,IT Support,0,0,0.07696694269937712,7.7,Thap,2,It tham nien - Khoi luong cong viec thap
8032,2025-01-01,Sales,Sales Supervisor,0,0,0.1581757903113799,15.82,Thap,3,Cap bac cao - thu nhap cao
8033,2025-01-01,Information Technology,System Administrator,1,0,0.12939714979593983,12.94,Thap,1,Khoi luong cong viec cao - uu tien giu chan
8037,2025-01-01,Human Resources,HR Executive,0,0,0.1277923410190417,12.78,Thap,0,Lau nam - thang tien cham
8038,2025-01-01,Information Technology,QA Engineer,0,1,0.2501935319967909,25.02,Trung binh,1,Khoi luong cong viec cao - uu tien giu chan
8047,2025-01-01,Marketing,Marketing Manager,0,0,0.12434683476598166,12.43,Thap,0,Lau nam - thang tien cham
8048,2025-01-01,Finance,Finance Manager,0,0,0.09130493968434696,9.13,Thap,3,Cap bac cao - thu nhap cao
8052,2025-01-01,Operations,Procurement Specialist,0,1,0.32228527603065915,32.23,Cao,0,Lau nam - thang tien cham
8059,2025-01-01,Sales,Sales Executive,0,0,0.017268415778150106,1.73,Thap,2,It tham nien - Khoi luong cong viec thap
8060,2025-01-01,Human Resources,Recruiter,0,1,0.16919908986390178,16.92,Trung binh,2,It tham nien - Khoi luong cong viec thap
8062,2025-01-01,Operations,Operations Executive,0,0,0.11338356913808685,11.34,Thap,2,It tham nien - Khoi luong cong viec thap
8065,2025-01-01,Operations,Operations Manager,0,1,0.228197774148499,22.82,Trung binh,1,Khoi luong cong viec cao - uu tien giu chan
8067,2025-01-01,Human Resources,HR Executive,0,1,0.1772222955754315,17.72,Trung binh,0,Lau nam - thang tien cham
8069,2025-01-01,Sales,Sales Executive,0,0,0.07797188135764789,7.8,Thap,2,It tham nien - Khoi luong cong viec thap
8073,2025-01-01,Human Resources,C&B Specialist,0,0,0.08389815959595222,8.39,Thap,2,It tham nien - Khoi luong cong viec thap
8074,2025-01-01,Operations,Warehouse Supervisor,1,1,0.22265491524338413,22.27,Trung binh,3,Cap bac cao - thu nhap cao
8077,2025-01-01,Operations,Warehouse Supervisor,0,1,0.21411114292742117,21.41,Trung binh,2,It tham nien - Khoi luong cong viec thap
8079,2025-01-01,Sales,Account Manager,0,1,0.20083824252942895,20.08,Trung binh,3,Cap bac cao - thu nhap cao
8081,2025-01-01,Sales,Account Manager,0,0,0.08967784076856185,8.97,Thap,2,It tham nien - Khoi luong cong viec thap
8082,2025-01-01,Information Technology,Data Analyst,0,0,0.0704329541432622,7.04,Thap,1,Khoi luong cong viec cao - uu tien giu chan
8089,2025-01-01,Finance,Internal Auditor,0,1,0.33796824441333,33.8,Cao,1,Khoi luong cong viec cao - uu tien giu chan
8093,2025-01-01,Human Resources,Recruiter,0,0,0.01746631213116779,1.75,Thap,3,Cap bac cao - thu nhap cao
8094,2025-01-01,Information Technology,QA Engineer,0,0,0.11880658784321549,11.88,Thap,2,It tham nien - Khoi luong cong viec thap
8096,2025-01-01,Operations,Operations Manager,0,1,0.19152540708359544,19.15,Trung binh,0,Lau nam - thang tien cham
8098,2025-01-01,Information Technology,IT Support,0,0,0.0909597142613392,9.1,Thap,3,Cap bac cao - thu nhap cao
8101,2025-01-01,Information Technology,Software Engineer,0,1,0.1963001738548422,19.63,Trung binh,1,Khoi luong cong viec cao - uu tien giu chan
8104,2025-01-01,Operations,Operations Executive,0,1,0.23186199301415725,23.19,Trung binh,2,It tham nien - Khoi luong cong viec thap
8105,2025-01-01,Finance,Accountant,0,0,0.11218479057522603,11.22,Thap,2,It tham nien - Khoi luong cong viec thap
8107,2025-01-01,Marketing,Marketing Manager,0,0,0.11940795716092623,11.94,Thap,2,It tham nien - Khoi luong cong viec thap
8109,2025-01-01,Information Technology,Data Analyst,0,1,0.2316424518733886,23.16,Trung binh,1,Khoi luong cong viec cao - uu tien giu chan
8110,2025-01-01,Operations,Operations Executive,1,0,0.15095167118924405,15.1,Thap,2,It tham nien - Khoi luong cong viec thap
8113,2025-01-01,Information Technology,System Administrator,1,0,0.08962295846916994,8.96,Thap,2,It tham nien - Khoi luong cong viec thap
8116,2025-01-01,Human Resources,HR Manager,0,0,0.0506140402474292,5.06,Thap,2,It tham nien - Khoi luong cong viec thap
8117,2025-01-01,Operations,Operations Manager,0,1,0.18082286836329414,18.08,Trung binh,3,Cap bac cao - thu nhap cao
8119,2025-01-01,Marketing,Content Specialist,0,0,0.1102862193744009,11.03,Thap,2,It tham nien - Khoi luong cong viec thap
8121,2025-01-01,Finance,Accountant,0,0,0.15676975319805816,15.68,Thap,1,Khoi luong cong viec cao - uu tien giu chan
8123,2025-01-01,Finance,Internal Auditor,0,0,0.10485144719909265,10.49,Thap,2,It tham nien - Khoi luong cong viec thap
8125,2025-01-01,Human Resources,HR Manager,0,0,0.07368651188842516,7.37,Thap,1,Khoi luong cong viec cao - uu tien giu chan
8126,2025-01-01,Information Technology,Data Analyst,0,0,0.11704537190596652,11.7,Thap,3,Cap bac cao - thu nhap cao
8129,2025-01-01,Marketing,Marketing Manager,0,0,0.1408082674172766,14.08,Thap,0,Lau nam - thang tien cham
8130,2025-01-01,Human Resources,HR Executive,0,0,0.1534869636732689,15.35,Thap,1,Khoi luong cong viec cao - uu tien giu chan
8131,2025-01-01,Sales,Sales Supervisor,0,0,0.06482985527309568,6.48,Thap,2,It tham nien - Khoi luong cong viec thap
8136,2025-01-01,Sales,Sales Supervisor,0,0,0.07273564307956021,7.27,Thap,3,Cap bac cao - thu nhap cao
8138,2025-01-01,Marketing,Marketing Executive,0,1,0.3171956147324547,31.72,Cao,1,Khoi luong cong viec cao - uu tien giu chan
8139,2025-01-01,Operations,Warehouse Supervisor,0,0,0.14987816889367045,14.99,Thap,2,It tham nien - Khoi luong cong viec thap
8141,2025-01-01,Finance,Accountant,0,0,0.03500434030298652,3.5,Thap,2,It tham nien - Khoi luong cong viec thap
8147,2025-01-01,Human Resources,Recruiter,1,1,0.17381243140039995,17.38,Trung binh,3,Cap bac cao - thu nhap cao
8149,2025-01-01,Marketing,Marketing Manager,1,1,0.24587417224641706,24.59,Trung binh,1,Khoi luong cong viec cao - uu tien giu chan
8151,2025-01-01,Information Technology,Software Engineer,0,0,0.05143073238025548,5.14,Thap,2,It tham nien - Khoi luong cong viec thap
8155,2025-01-01,Human Resources,C&B Specialist,0,1,0.24067003290340896,24.07,Trung binh,1,Khoi luong cong viec cao - uu tien giu chan
8158,2025-01-01,Finance,Financial Analyst,0,0,0.1123244523738031,11.23,Thap,3,Cap bac cao - thu nhap cao
8159,2025-01-01,Information Technology,Software Engineer,0,0,0.13683273422985134,13.68,Thap,3,Cap bac cao - thu nhap cao
8160,2025-01-01,Information Technology,System Administrator,1,0,0.11968350391488636,11.97,Thap,2,It tham nien - Khoi luong cong viec thap
8163,2025-01-01,Finance,Financial Analyst,1,1,0.2095283475268544,20.95,Trung binh,1,Khoi luong cong viec cao - uu tien giu chan
8165,2025-01-01,Sales,Sales Supervisor,0,1,0.16010879075498335,16.01,Trung binh,0,Lau nam - thang tien cham
8167,2025-01-01,Marketing,Digital Marketing Specialist,0,1,0.21687610333025825,21.69,Trung binh,1,Khoi luong cong viec cao - uu tien giu chan
8170,2025-01-01,Human Resources,HR Executive,0,1,0.17410129394702675,17.41,Trung binh,2,It tham nien - Khoi luong cong viec thap
8171,2025-01-01,Information Technology,Software Engineer,0,0,0.07051537296851028,7.05,Thap,2,It tham nien - Khoi luong cong viec thap
8172,2025-01-01,Human Resources,C&B Specialist,0,0,0.0,0.0,Thap,2,It tham nien - Khoi luong cong viec thap
8173,2025-01-01,Sales,Sales Executive,0,1,0.16618078685459334,16.62,Trung binh,1,Khoi luong cong viec cao - uu tien giu chan
8178,2025-01-01,Operations,Operations Executive,0,0,0.10609779665901278,10.61,Thap,2,It tham nien - Khoi luong cong viec thap
8179,2025-01-01,Sales,Sales Executive,1,1,0.17185497585319948,17.19,Trung binh,1,Khoi luong cong viec cao - uu tien giu chan
8180,2025-01-01,Information Technology,IT Support,0,1,0.17278328049272712,17.28,Trung binh,2,It tham nien - Khoi luong cong viec thap
8181,2025-01-01,Information Technology,QA Engineer,1,0,0.14134305489637575,14.13,Thap,1,Khoi luong cong viec cao - uu tien giu chan
8183,2025-01-01,Sales,Sales Supervisor,1,0,0.07344122502081459,7.34,Thap,2,It tham nien - Khoi luong cong viec thap
8185,2025-01-01,Sales,Sales Representative,0,0,0.05284203438047277,5.28,Thap,0,Lau nam - thang tien cham
8187,2025-01-01,Marketing,Content Specialist,0,1,0.256822216168222,25.68,Trung binh,1,Khoi luong cong viec cao - uu tien giu chan
8188,2025-01-01,Sales,Sales Executive,1,0,0.14917267344081409,14.92,Thap,1,Khoi luong cong viec cao - uu tien giu chan
8189,2025-01-01,Human Resources,C&B Specialist,0,0,0.09878868514999042,9.88,Thap,2,It tham nien - Khoi luong cong viec thap
8191,2025-01-01,Sales,Sales Executive,0,0,0.08613475532130253,8.61,Thap,3,Cap bac cao - thu nhap cao
8192,2025-01-01,Finance,Finance Manager,0,1,0.21411696593849627,21.41,Trung binh,3,Cap bac cao - thu nhap cao
8194,2025-01-01,Sales,Sales Supervisor,0,0,0.0,0.0,Thap,2,It tham nien - Khoi luong cong viec thap
8198,2025-01-01,Information Technology,Software Engineer,0,0,0.0886859958974561,8.87,Thap,0,Lau nam - thang tien cham
8199,2025-01-01,Information Technology,Data Analyst,0,0,0.14038902984691068,14.04,Thap,0,Lau nam - thang tien cham
8206,2025-01-01,Sales,Sales Executive,0,1,0.17036287545461057,17.04,Trung binh,3,Cap bac cao - thu nhap cao
8207,2025-01-01,Human Resources,HR Executive,0,0,0.15207895042829983,15.21,Thap,0,Lau nam - thang tien cham
8209,2025-01-01,Human Resources,C&B Specialist,0,0,0.05217727178307887,5.22,Thap,2,It tham nien - Khoi luong cong viec thap
8211,2025-01-01,Sales,Sales Representative,0,0,0.15000465719678693,15.0,Thap,0,Lau nam - thang tien cham
8214,2025-01-01,Finance,Accountant,0,0,0.11190550768721835,11.19,Thap,2,It tham nien - Khoi luong cong viec thap
8220,2025-01-01,Human Resources,C&B Specialist,0,0,0.08211107564857706,8.21,Thap,2,It tham nien - Khoi luong cong viec thap
8224,2025-01-01,Information Technology,Data Analyst,0,0,0.13053050781279846,13.05,Thap,3,Cap bac cao - thu nhap cao
8228,2025-01-01,Finance,Financial Analyst,0,0,0.06922539340515593,6.92,Thap,0,Lau nam - thang tien cham
8235,2025-01-01,Sales,Sales Executive,0,0,0.15245736799550672,15.25,Thap,3,Cap bac cao - thu nhap cao
8237,2025-01-01,Sales,Sales Representative,0,0,0.07493069309997309,7.49,Thap,2,It tham nien - Khoi luong cong viec thap
8239,2025-01-01,Sales,Sales Executive,0,1,0.17987596823655033,17.99,Trung binh,1,Khoi luong cong viec cao - uu tien giu chan
8240,2025-01-01,Marketing,Marketing Manager,0,0,0.0685982037892708,6.86,Thap,2,It tham nien - Khoi luong cong viec thap
8241,2025-01-01,Marketing,Content Specialist,0,0,0.12151323672860974,12.15,Thap,2,It tham nien - Khoi luong cong viec thap
8242,2025-01-01,Information Technology,Software Engineer,0,0,0.10999189761141372,11.0,Thap,2,It tham nien - Khoi luong cong viec thap
8243,2025-01-01,Information Technology,IT Support,0,1,0.17387877010905992,17.39,Trung binh,0,Lau nam - thang tien cham
8249,2025-01-01,Sales,Sales Representative,0,1,0.3288223400032627,32.88,Cao,0,Lau nam - thang tien cham
8250,2025-01-01,Operations,Operations Manager,0,0,0.13093545655092473,13.09,Thap,3,Cap bac cao - thu nhap cao
8259,2025-01-01,Information Technology,QA Engineer,0,0,0.12038848149285658,12.04,Thap,2,It tham nien - Khoi luong cong viec thap
8263,2025-01-01,Sales,Sales Executive,0,0,0.07678056312852852,7.68,Thap,1,Khoi luong cong viec cao - uu tien giu chan
8264,2025-01-01,Sales,Account Manager,0,0,0.10226235138419125,10.23,Thap,2,It tham nien - Khoi luong cong viec thap
8268,2025-01-01,Human Resources,C&B Specialist,0,0,0.053855774163918645,5.39,Thap,3,Cap bac cao - thu nhap cao
8271,2025-01-01,Human Resources,Recruiter,0,0,0.0926254691765537,9.26,Thap,3,Cap bac cao - thu nhap cao
8272,2025-01-01,Sales,Account Manager,0,1,0.27247172437326,27.25,Trung binh,3,Cap bac cao - thu nhap cao
8273,2025-01-01,Marketing,Marketing Executive,0,0,0.1010984608166191,10.11,Thap,2,It tham nien - Khoi luong cong viec thap
8280,2025-01-01,Finance,Financial Analyst,0,1,0.18584366167532482,18.58,Trung binh,2,It tham nien - Khoi luong cong viec thap
8281,2025-01-01,Marketing,Digital Marketing Specialist,0,0,0.11115395203597682,11.12,Thap,2,It tham nien - Khoi luong cong viec thap
8282,2025-01-01,Information Technology,Software Engineer,0,0,0.09813203856803664,9.81,Thap,2,It tham nien - Khoi luong cong viec thap
8284,2025-01-01,Human Resources,HR Manager,0,0,0.05312397441498379,5.31,Thap,2,It tham nien - Khoi luong cong viec thap
8285,2025-01-01,Information Technology,IT Support,0,0,0.03615787463521721,3.62,Thap,2,It tham nien - Khoi luong cong viec thap
8286,2025-01-01,Finance,Finance Manager,0,0,0.11063880239024,11.06,Thap,3,Cap bac cao - thu nhap cao
8287,2025-01-01,Finance,Accountant,0,0,0.09880000696388809,9.88,Thap,3,Cap bac cao - thu nhap cao
8288,2025-01-01,Operations,Procurement Specialist,0,0,0.09516260105024768,9.52,Thap,3,Cap bac cao - thu nhap cao
8290,2025-01-01,Finance,Finance Manager,0,1,0.21702466448918428,21.7,Trung binh,1,Khoi luong cong viec cao - uu tien giu chan
8292,2025-01-01,Human Resources,HR Executive,0,0,0.09870863752302524,9.87,Thap,2,It tham nien - Khoi luong cong viec thap
8295,2025-01-01,Human Resources,C&B Specialist,1,1,0.16676261851711138,16.68,Trung binh,3,Cap bac cao - thu nhap cao
8300,2025-01-01,Marketing,Digital Marketing Specialist,0,1,0.2003588552150399,20.04,Trung binh,1,Khoi luong cong viec cao - uu tien giu chan
8308,2025-01-01,Information Technology,System Administrator,0,0,0.04966288795258025,4.97,Thap,2,It tham nien - Khoi luong cong viec thap
8310,2025-01-01,Finance,Finance Manager,0,0,0.1355303638977498,13.55,Thap,3,Cap bac cao - thu nhap cao
8314,2025-01-01,Sales,Sales Representative,1,1,0.20030653129221532,20.03,Trung binh,1,Khoi luong cong viec cao - uu tien giu chan
8319,2025-01-01,Information Technology,Software Engineer,0,0,0.13685158302362044,13.69,Thap,2,It tham nien - Khoi luong cong viec thap
8321,2025-01-01,Sales,Sales Representative,0,1,0.19613781130194824,19.61,Trung binh,1,Khoi luong cong viec cao - uu tien giu chan
8323,2025-01-01,Human Resources,HR Manager,0,0,0.06037209015154235,6.04,Thap,2,It tham nien - Khoi luong cong viec thap
8324,2025-01-01,Sales,Sales Supervisor,1,1,0.21683412930713555,21.68,Trung binh,0,Lau nam - thang tien cham
8328,2025-01-01,Marketing,Marketing Manager,0,0,0.07091758892722233,7.09,Thap,1,Khoi luong cong viec cao - uu tien giu chan
8331,2025-01-01,Sales,Sales Representative,0,0,0.07370089238455427,7.37,Thap,1,Khoi luong cong viec cao - uu tien giu chan
8333,2025-01-01,Operations,Procurement Specialist,0,1,0.22469239939650984,22.47,Trung binh,1,Khoi luong cong viec cao - uu tien giu chan
8334,2025-01-01,Operations,Procurement Specialist,1,1,0.16857396638725172,16.86,Trung binh,1,Khoi luong cong viec cao - uu tien giu chan
8335,2025-01-01,Information Technology,Data Analyst,0,0,0.03642558541122388,3.64,Thap,2,It tham nien - Khoi luong cong viec thap
8338,2025-01-01,Operations,Operations Executive,0,0,0.1180319629787052,11.8,Thap,2,It tham nien - Khoi luong cong viec thap
8346,2025-01-01,Information Technology,Software Engineer,0,0,0.14766675884116057,14.77,Thap,0,Lau nam - thang tien cham
8347,2025-01-01,Operations,Operations Manager,0,0,0.07974282332074951,7.97,Thap,2,It tham nien - Khoi luong cong viec thap
8348,2025-01-01,Sales,Sales Supervisor,0,1,0.22020692222928098,22.02,Trung binh,1,Khoi luong cong viec cao - uu tien giu chan
8352,2025-01-01,Marketing,Digital Marketing Specialist,0,0,0.0752072885569661,7.52,Thap,2,It tham nien - Khoi luong cong viec thap
8354,2025-01-01,Information Technology,Software Engineer,0,0,0.14732148361053474,14.73,Thap,1,Khoi luong cong viec cao - uu tien giu chan
8355,2025-01-01,Marketing,Marketing Manager,0,0,0.03636410061225866,3.64,Thap,2,It tham nien - Khoi luong cong viec thap
8358,2025-01-01,Operations,Operations Manager,1,1,0.23802222110595522,23.8,Trung binh,0,Lau nam - thang tien cham
8360,2025-01-01,Sales,Sales Representative,0,0,0.09275101226093117,9.28,Thap,0,Lau nam - thang tien cham
8361,2025-01-01,Marketing,Content Specialist,0,1,0.18563008704433165,18.56,Trung binh,2,It tham nien - Khoi luong cong viec thap
8363,2025-01-01,Human Resources,HR Manager,0,0,0.035808497807490375,3.58,Thap,2,It tham nien - Khoi luong cong viec thap
8365,2025-01-01,Finance,Finance Manager,0,0,0.10891500237594627,10.89,Thap,0,Lau nam - thang tien cham
8367,2025-01-01,Sales,Sales Executive,0,0,0.03631151288175268,3.63,Thap,2,It tham nien - Khoi luong cong viec thap
8368,2025-01-01,Operations,Procurement Specialist,0,0,0.09959520313782012,9.96,Thap,2,It tham nien - Khoi luong cong viec thap
8370,2025-01-01,Marketing,Digital Marketing Specialist,0,0,0.08134551969049368,8.13,Thap,2,It tham nien - Khoi luong cong viec thap
8372,2025-01-01,Sales,Sales Supervisor,0,1,0.3099234135436801,30.99,Cao,0,Lau nam - thang tien cham
8373,2025-01-01,Human Resources,Recruiter,0,0,0.11953999888771369,11.95,Thap,3,Cap bac cao - thu nhap cao
8385,2025-01-01,Marketing,Marketing Manager,0,0,0.09448727131806639,9.45,Thap,2,It tham nien - Khoi luong cong viec thap
8387,2025-01-01,Human Resources,HR Executive,0,0,0.05788480925946208,5.79,Thap,2,It tham nien - Khoi luong cong viec thap
8388,2025-01-01,Finance,Finance Manager,0,0,0.1358991274039534,13.59,Thap,2,It tham nien - Khoi luong cong viec thap
8389,2025-01-01,Sales,Sales Supervisor,1,1,0.3382522812201282,33.83,Cao,0,Lau nam - thang tien cham
8391,2025-01-01,Finance,Internal Auditor,0,1,0.18977327903894572,18.98,Trung binh,0,Lau nam - thang tien cham
8392,2025-01-01,Operations,Operations Manager,0,1,0.1605516700790118,16.06,Trung binh,1,Khoi luong cong viec cao - uu tien giu chan
8393,2025-01-01,Human Resources,C&B Specialist,0,0,0.07281918818282751,7.28,Thap,2,It tham nien - Khoi luong cong viec thap
8396,2025-01-01,Marketing,Marketing Executive,0,0,0.05934073908133667,5.93,Thap,2,It tham nien - Khoi luong cong viec thap
8397,2025-01-01,Operations,Operations Executive,0,1,0.27108279807779956,27.11,Trung binh,1,Khoi luong cong viec cao - uu tien giu chan
8399,2025-01-01,Human Resources,HR Executive,0,0,0.056976518450609255,5.7,Thap,2,It tham nien - Khoi luong cong viec thap
8407,2025-01-01,Marketing,Content Specialist,0,0,0.14266163260055367,14.27,Thap,2,It tham nien - Khoi luong cong viec thap
8408,2025-01-01,Marketing,Marketing Executive,1,0,0.08211865110699633,8.21,Thap,2,It tham nien - Khoi luong cong viec thap
8413,2025-01-01,Marketing,Digital Marketing Specialist,0,0,0.10750707312968576,10.75,Thap,2,It tham nien - Khoi luong cong viec thap
8414,2025-01-01,Sales,Sales Executive,1,0,0.13070853427472695,13.07,Thap,1,Khoi luong cong viec cao - uu tien giu chan
8415,2025-01-01,Information Technology,System Administrator,0,1,0.19713815164612628,19.71,Trung binh,2,It tham nien - Khoi luong cong viec thap
8416,2025-01-01,Marketing,Marketing Manager,0,0,0.10693154652170576,10.69,Thap,0,Lau nam - thang tien cham
8418,2025-01-01,Finance,Accountant,0,0,0.09167973158228736,9.17,Thap,2,It tham nien - Khoi luong cong viec thap
8419,2025-01-01,Finance,Internal Auditor,0,0,0.08669419157719702,8.67,Thap,3,Cap bac cao - thu nhap cao
8420,2025-01-01,Operations,Warehouse Supervisor,0,0,0.11053070479217247,11.05,Thap,0,Lau nam - thang tien cham
8423,2025-01-01,Information Technology,IT Support,1,1,0.20618238781027848,20.62,Trung binh,1,Khoi luong cong viec cao - uu tien giu chan
8426,2025-01-01,Human Resources,Recruiter,0,0,0.09427055493714459,9.43,Thap,1,Khoi luong cong viec cao - uu tien giu chan
8427,2025-01-01,Operations,Warehouse Supervisor,0,1,0.16899002082908657,16.9,Trung binh,1,Khoi luong cong viec cao - uu tien giu chan
8429,2025-01-01,Marketing,Marketing Executive,0,0,0.12698745209322934,12.7,Thap,3,Cap bac cao - thu nhap cao
8430,2025-01-01,Marketing,Content Specialist,0,0,0.13414203110392492,13.41,Thap,1,Khoi luong cong viec cao - uu tien giu chan
8431,2025-01-01,Marketing,Marketing Manager,0,0,0.11457037317394346,11.46,Thap,1,Khoi luong cong viec cao - uu tien giu chan
8436,2025-01-01,Human Resources,Recruiter,0,1,0.18880767009789182,18.88,Trung binh,2,It tham nien - Khoi luong cong viec thap
8438,2025-01-01,Sales,Sales Executive,0,0,0.09538020474306534,9.54,Thap,2,It tham nien - Khoi luong cong viec thap
8442,2025-01-01,Sales,Sales Executive,0,0,0.12794712145716905,12.79,Thap,2,It tham nien - Khoi luong cong viec thap
8443,2025-01-01,Information Technology,IT Support,0,0,0.05826325208945671,5.83,Thap,3,Cap bac cao - thu nhap cao
8444,2025-01-01,Marketing,Marketing Executive,0,1,0.18513017485709576,18.51,Trung binh,1,Khoi luong cong viec cao - uu tien giu chan
8446,2025-01-01,Human Resources,HR Executive,0,0,0.1229301246619499,12.29,Thap,1,Khoi luong cong viec cao - uu tien giu chan
8447,2025-01-01,Marketing,Digital Marketing Specialist,1,0,0.10709460136761677,10.71,Thap,1,Khoi luong cong viec cao - uu tien giu chan
8450,2025-01-01,Marketing,Content Specialist,0,1,0.22819166895511,22.82,Trung binh,1,Khoi luong cong viec cao - uu tien giu chan
8457,2025-01-01,Marketing,Marketing Executive,1,1,0.24610799669173997,24.61,Trung binh,1,Khoi luong cong viec cao - uu tien giu chan
8460,2025-01-01,Sales,Sales Supervisor,0,1,0.206746957924502,20.67,Trung binh,2,It tham nien - Khoi luong cong viec thap
8461,2025-01-01,Marketing,Marketing Executive,0,0,0.1511515790202129,15.12,Thap,1,Khoi luong cong viec cao - uu tien giu chan
8463,2025-01-01,Information Technology,Software Engineer,0,0,0.01758545488017331,1.76,Thap,2,It tham nien - Khoi luong cong viec thap
8466,2025-01-01,Operations,Operations Manager,0,1,0.18943424681564897,18.94,Trung binh,1,Khoi luong cong viec cao - uu tien giu chan
8467,2025-01-01,Operations,Operations Manager,0,1,0.20104794615440447,20.1,Trung binh,1,Khoi luong cong viec cao - uu tien giu chan
8470,2025-01-01,Human Resources,Recruiter,0,0,0.07631322626560948,7.63,Thap,1,Khoi luong cong viec cao - uu tien giu chan
8472,2025-01-01,Marketing,Marketing Executive,0,0,0.054439230764636214,5.44,Thap,0,Lau nam - thang tien cham
8473,2025-01-01,Marketing,Content Specialist,0,0,0.13316250322746112,13.32,Thap,2,It tham nien - Khoi luong cong viec thap
8474,2025-01-01,Operations,Operations Executive,0,1,0.23085431620309343,23.09,Trung binh,0,Lau nam - thang tien cham
8480,2025-01-01,Operations,Procurement Specialist,0,0,0.1049327079150454,10.49,Thap,3,Cap bac cao - thu nhap cao
8481,2025-01-01,Sales,Sales Executive,0,0,0.06800355701182689,6.8,Thap,2,It tham nien - Khoi luong cong viec thap
8483,2025-01-01,Human Resources,C&B Specialist,0,0,0.15432148861940836,15.43,Thap,1,Khoi luong cong viec cao - uu tien giu chan
8488,2025-01-01,Marketing,Marketing Manager,1,1,0.37054140392522883,37.05,Cao,0,Lau nam - thang tien cham
8490,2025-01-01,Operations,Procurement Specialist,1,1,0.1877510890328445,18.78,Trung binh,2,It tham nien - Khoi luong cong viec thap
8494,2025-01-01,Operations,Procurement Specialist,0,1,0.21915379569856475,21.92,Trung binh,1,Khoi luong cong viec cao - uu tien giu chan
8495,2025-01-01,Marketing,Content Specialist,0,1,0.262426797008174,26.24,Trung binh,1,Khoi luong cong viec cao - uu tien giu chan
8498,2025-01-01,Finance,Accountant,0,0,0.07925042092695972,7.93,Thap,0,Lau nam - thang tien cham
8499,2025-01-01,Marketing,Marketing Manager,0,0,0.11471370922591168,11.47,Thap,2,It tham nien - Khoi luong cong viec thap
8500,2025-01-01,Operations,Operations Manager,0,0,0.11069247279518432,11.07,Thap,1,Khoi luong cong viec cao - uu tien giu chan
8501,2025-01-01,Human Resources,Recruiter,0,1,0.20184359961429435,20.18,Trung binh,1,Khoi luong cong viec cao - uu tien giu chan
8506,2025-01-01,Operations,Operations Executive,0,0,0.13429280449963027,13.43,Thap,1,Khoi luong cong viec cao - uu tien giu chan
8508,2025-01-01,Marketing,Content Specialist,1,1,0.1749299792857634,17.49,Trung binh,1,Khoi luong cong viec cao - uu tien giu chan
8509,2025-01-01,Human Resources,HR Manager,0,0,0.11831669075907326,11.83,Thap,1,Khoi luong cong viec cao - uu tien giu chan
8511,2025-01-01,Information Technology,Software Engineer,0,1,0.2728083785816136,27.28,Trung binh,1,Khoi luong cong viec cao - uu tien giu chan
8512,2025-01-01,Information Technology,QA Engineer,1,1,0.2167724011360349,21.68,Trung binh,0,Lau nam - thang tien cham
8514,2025-01-01,Operations,Procurement Specialist,0,0,0.04292608424002729,4.29,Thap,2,It tham nien - Khoi luong cong viec thap
8515,2025-01-01,Sales,Sales Executive,0,0,0.15007199645898017,15.01,Thap,1,Khoi luong cong viec cao - uu tien giu chan
8516,2025-01-01,Human Resources,HR Executive,0,1,0.19843002499191567,19.84,Trung binh,3,Cap bac cao - thu nhap cao
8517,2025-01-01,Operations,Operations Manager,1,1,0.2745714249150811,27.46,Trung binh,1,Khoi luong cong viec cao - uu tien giu chan
8518,2025-01-01,Human Resources,HR Executive,0,0,0.12076649744828603,12.08,Thap,2,It tham nien - Khoi luong cong viec thap
8519,2025-01-01,Finance,Financial Analyst,0,0,0.11581676655128612,11.58,Thap,2,It tham nien - Khoi luong cong viec thap
8520,2025-01-01,Operations,Operations Manager,1,0,0.09991269935027461,9.99,Thap,1,Khoi luong cong viec cao - uu tien giu chan
8523,2025-01-01,Sales,Sales Representative,0,0,0.1534156348064094,15.34,Thap,0,Lau nam - thang tien cham
8524,2025-01-01,Marketing,Marketing Manager,0,0,0.09120974759390477,9.12,Thap,2,It tham nien - Khoi luong cong viec thap
8526,2025-01-01,Marketing,Marketing Manager,0,0,0.09477071802381992,9.48,Thap,3,Cap bac cao - thu nhap cao
8528,2025-01-01,Sales,Sales Supervisor,0,0,0.017524012465453768,1.75,Thap,3,Cap bac cao - thu nhap cao
8533,2025-01-01,Finance,Financial Analyst,0,0,0.142658014766782,14.27,Thap,2,It tham nien - Khoi luong cong viec thap
8535,2025-01-01,Sales,Account Manager,0,1,0.21826683117511184,21.83,Trung binh,1,Khoi luong cong viec cao - uu tien giu chan
8541,2025-01-01,Operations,Operations Manager,1,1,0.17574409663024423,17.57,Trung binh,2,It tham nien - Khoi luong cong viec thap
8543,2025-01-01,Sales,Sales Representative,0,1,0.16748267335655223,16.75,Trung binh,1,Khoi luong cong viec cao - uu tien giu chan
8546,2025-01-01,Finance,Internal Auditor,0,1,0.21213620791631457,21.21,Trung binh,2,It tham nien - Khoi luong cong viec thap
8547,2025-01-01,Sales,Sales Representative,0,0,0.14785280035371426,14.79,Thap,3,Cap bac cao - thu nhap cao
8551,2025-01-01,Operations,Operations Executive,0,0,0.1288301624381167,12.88,Thap,0,Lau nam - thang tien cham
8553,2025-01-01,Finance,Finance Manager,0,0,0.05474526949933352,5.47,Thap,2,It tham nien - Khoi luong cong viec thap
8554,2025-01-01,Finance,Accountant,0,0,0.05977777662525582,5.98,Thap,2,It tham nien - Khoi luong cong viec thap
8555,2025-01-01,Operations,Warehouse Supervisor,0,0,0.08209851191639522,8.21,Thap,2,It tham nien - Khoi luong cong viec thap
8556,2025-01-01,Finance,Accountant,0,0,0.14502019285902912,14.5,Thap,2,It tham nien - Khoi luong cong viec thap
8557,2025-01-01,Marketing,Content Specialist,1,0,0.14805707066174711,14.81,Thap,1,Khoi luong cong viec cao - uu tien giu chan
8558,2025-01-01,Sales,Sales Supervisor,0,0,0.09011465152193579,9.01,Thap,1,Khoi luong cong viec cao - uu tien giu chan
8561,2025-01-01,Information Technology,QA Engineer,0,0,0.10289121526283616,10.29,Thap,3,Cap bac cao - thu nhap cao
8562,2025-01-01,Human Resources,C&B Specialist,0,0,0.07233757547564683,7.23,Thap,3,Cap bac cao - thu nhap cao
8563,2025-01-01,Finance,Finance Manager,0,0,0.0358721903179864,3.59,Thap,3,Cap bac cao - thu nhap cao
8567,2025-01-01,Information Technology,QA Engineer,0,1,0.2045068654692343,20.45,Trung binh,1,Khoi luong cong viec cao - uu tien giu chan
8568,2025-01-01,Sales,Account Manager,0,0,0.13381478422973525,13.38,Thap,2,It tham nien - Khoi luong cong viec thap
8573,2025-01-01,Operations,Warehouse Supervisor,0,1,0.21132442747947294,21.13,Trung binh,3,Cap bac cao - thu nhap cao
8579,2025-01-01,Sales,Sales Executive,1,0,0.03433423499098849,3.43,Thap,2,It tham nien - Khoi luong cong viec thap
8583,2025-01-01,Human Resources,HR Executive,0,1,0.28117997600483224,28.12,Trung binh,1,Khoi luong cong viec cao - uu tien giu chan
8584,2025-01-01,Marketing,Digital Marketing Specialist,0,0,0.01699373187233129,1.7,Thap,3,Cap bac cao - thu nhap cao
8587,2025-01-01,Finance,Internal Auditor,0,1,0.17087700448513563,17.09,Trung binh,2,It tham nien - Khoi luong cong viec thap
8592,2025-01-01,Human Resources,Recruiter,0,0,0.11824869992467761,11.82,Thap,0,Lau nam - thang tien cham
8593,2025-01-01,Human Resources,Recruiter,0,0,0.0732706555551445,7.33,Thap,3,Cap bac cao - thu nhap cao
8600,2025-01-01,Finance,Internal Auditor,0,0,0.018302737548498215,1.83,Thap,2,It tham nien - Khoi luong cong viec thap
8603,2025-01-01,Information Technology,System Administrator,0,0,0.12178381363180728,12.18,Thap,2,It tham nien - Khoi luong cong viec thap
8609,2025-01-01,Finance,Finance Manager,0,0,0.12492836603568258,12.49,Thap,1,Khoi luong cong viec cao - uu tien giu chan
8613,2025-01-01,Finance,Accountant,0,1,0.32781583829033634,32.78,Cao,1,Khoi luong cong viec cao - uu tien giu chan
8614,2025-01-01,Operations,Operations Executive,0,1,0.1693308406589658,16.93,Trung binh,2,It tham nien - Khoi luong cong viec thap
8620,2025-01-01,Finance,Internal Auditor,0,0,0.08159890516856222,8.16,Thap,2,It tham nien - Khoi luong cong viec thap
8625,2025-01-01,Marketing,Content Specialist,0,1,0.19388826621719063,19.39,Trung binh,2,It tham nien - Khoi luong cong viec thap
8626,2025-01-01,Marketing,Content Specialist,0,1,0.17277391119008742,17.28,Trung binh,1,Khoi luong cong viec cao - uu tien giu chan
8627,2025-01-01,Marketing,Content Specialist,0,1,0.1946118855279292,19.46,Trung binh,0,Lau nam - thang tien cham
8631,2025-01-01,Human Resources,Recruiter,0,1,0.19202937808149909,19.2,Trung binh,1,Khoi luong cong viec cao - uu tien giu chan
8633,2025-01-01,Marketing,Digital Marketing Specialist,0,0,0.09415175732509536,9.42,Thap,2,It tham nien - Khoi luong cong viec thap
8634,2025-01-01,Information Technology,IT Support,0,0,0.05739655619301609,5.74,Thap,2,It tham nien - Khoi luong cong viec thap
8635,2025-01-01,Marketing,Marketing Executive,0,0,0.07884872811473302,7.88,Thap,2,It tham nien - Khoi luong cong viec thap
8636,2025-01-01,Marketing,Digital Marketing Specialist,0,0,0.07810954211159245,7.81,Thap,2,It tham nien - Khoi luong cong viec thap
8637,2025-01-01,Sales,Account Manager,0,1,0.1800780939415166,18.01,Trung binh,3,Cap bac cao - thu nhap cao
8638,2025-01-01,Operations,Operations Executive,0,1,0.17601458537858283,17.6,Trung binh,0,Lau nam - thang tien cham
8639,2025-01-01,Marketing,Content Specialist,0,1,0.1707317611481609,17.07,Trung binh,3,Cap bac cao - thu nhap cao
8645,2025-01-01,Sales,Sales Supervisor,0,1,0.1942635028481142,19.43,Trung binh,2,It tham nien - Khoi luong cong viec thap
8647,2025-01-01,Marketing,Marketing Executive,0,0,0.11656536335151464,11.66,Thap,3,Cap bac cao - thu nhap cao
8648,2025-01-01,Human Resources,C&B Specialist,0,0,0.07608455106404409,7.61,Thap,2,It tham nien - Khoi luong cong viec thap
8650,2025-01-01,Information Technology,Data Analyst,0,1,0.19442768420676992,19.44,Trung binh,1,Khoi luong cong viec cao - uu tien giu chan
8651,2025-01-01,Marketing,Marketing Executive,0,0,0.03593251326891522,3.59,Thap,3,Cap bac cao - thu nhap cao
8657,2025-01-01,Sales,Sales Representative,0,0,0.09634432048976108,9.63,Thap,2,It tham nien - Khoi luong cong viec thap
8658,2025-01-01,Sales,Sales Supervisor,0,0,0.10781367010007398,10.78,Thap,2,It tham nien - Khoi luong cong viec thap
8659,2025-01-01,Finance,Financial Analyst,0,1,0.19840471530271073,19.84,Trung binh,1,Khoi luong cong viec cao - uu tien giu chan
8660,2025-01-01,Operations,Procurement Specialist,0,0,0.12874299617001755,12.87,Thap,2,It tham nien - Khoi luong cong viec thap
8662,2025-01-01,Sales,Sales Supervisor,0,0,0.054909326454438016,5.49,Thap,0,Lau nam - thang tien cham
8665,2025-01-01,Finance,Internal Auditor,0,1,0.18972276223862494,18.97,Trung binh,2,It tham nien - Khoi luong cong viec thap
8667,2025-01-01,Human Resources,HR Manager,1,0,0.1192680491705625,11.93,Thap,0,Lau nam - thang tien cham
8671,2025-01-01,Sales,Sales Representative,0,0,0.08743692018447904,8.74,Thap,2,It tham nien - Khoi luong cong viec thap
8672,2025-01-01,Sales,Sales Executive,0,0,0.09316774446892653,9.32,Thap,3,Cap bac cao - thu nhap cao
8678,2025-01-01,Finance,Financial Analyst,0,0,0.13624733814810774,13.62,Thap,2,It tham nien - Khoi luong cong viec thap
8684,2025-01-01,Finance,Internal Auditor,0,0,0.10941493166100087,10.94,Thap,1,Khoi luong cong viec cao - uu tien giu chan
8685,2025-01-01,Marketing,Marketing Manager,0,0,0.021347000604349308,2.13,Thap,2,It tham nien - Khoi luong cong viec thap
8686,2025-01-01,Information Technology,IT Support,0,0,0.10020750140963561,10.02,Thap,2,It tham nien - Khoi luong cong viec thap
8688,2025-01-01,Operations,Operations Executive,1,1,0.24376130347844155,24.38,Trung binh,1,Khoi luong cong viec cao - uu tien giu chan
8693,2025-01-01,Information Technology,Data Analyst,1,0,0.07485746218764808,7.49,Thap,1,Khoi luong cong viec cao - uu tien giu chan
8695,2025-01-01,Finance,Internal Auditor,1,1,0.28634868373270767,28.63,Trung binh,1,Khoi luong cong viec cao - uu tien giu chan
8696,2025-01-01,Finance,Finance Manager,0,0,0.05656517085650406,5.66,Thap,2,It tham nien - Khoi luong cong viec thap
8697,2025-01-01,Sales,Account Manager,0,0,0.1460119001949517,14.6,Thap,2,It tham nien - Khoi luong cong viec thap
8698,2025-01-01,Marketing,Marketing Manager,0,0,0.034519244714051586,3.45,Thap,2,It tham nien - Khoi luong cong viec thap
8699,2025-01-01,Information Technology,IT Support,0,0,0.03730371846720436,3.73,Thap,3,Cap bac cao - thu nhap cao
8700,2025-01-01,Sales,Account Manager,1,0,0.11497708720556062,11.5,Thap,0,Lau nam - thang tien cham
8703,2025-01-01,Operations,Operations Manager,0,0,0.07551122702907581,7.55,Thap,2,It tham nien - Khoi luong cong viec thap
8705,2025-01-01,Information Technology,Software Engineer,0,0,0.07497904283045875,7.5,Thap,3,Cap bac cao - thu nhap cao
8706,2025-01-01,Finance,Financial Analyst,0,0,0.07773641133128396,7.77,Thap,2,It tham nien - Khoi luong cong viec thap
8708,2025-01-01,Information Technology,Data Analyst,0,0,0.14771058097563225,14.77,Thap,1,Khoi luong cong viec cao - uu tien giu chan
8709,2025-01-01,Marketing,Digital Marketing Specialist,0,0,0.09162791745110085,9.16,Thap,0,Lau nam - thang tien cham
8717,2025-01-01,Information Technology,System Administrator,1,1,0.22068821186795465,22.07,Trung binh,1,Khoi luong cong viec cao - uu tien giu chan
8718,2025-01-01,Operations,Warehouse Supervisor,0,0,0.06767142565792768,6.77,Thap,0,Lau nam - thang tien cham
8719,2025-01-01,Sales,Sales Representative,0,0,0.07140340196087556,7.14,Thap,2,It tham nien - Khoi luong cong viec thap
8720,2025-01-01,Information Technology,QA Engineer,1,0,0.12953774465831633,12.95,Thap,1,Khoi luong cong viec cao - uu tien giu chan
8721,2025-01-01,Sales,Sales Executive,1,0,0.1354751775965261,13.55,Thap,1,Khoi luong cong viec cao - uu tien giu chan
8725,2025-01-01,Finance,Financial Analyst,0,0,0.050902812035591063,5.09,Thap,0,Lau nam - thang tien cham
8731,2025-01-01,Human Resources,HR Executive,0,0,0.08603777840405316,8.6,Thap,3,Cap bac cao - thu nhap cao
8734,2025-01-01,Marketing,Content Specialist,0,0,0.12411136527528721,12.41,Thap,2,It tham nien - Khoi luong cong viec thap
8739,2025-01-01,Operations,Operations Manager,0,0,0.11962969573363308,11.96,Thap,2,It tham nien - Khoi luong cong viec thap
8741,2025-01-01,Sales,Account Manager,0,0,0.07606086595673468,7.61,Thap,3,Cap bac cao - thu nhap cao
8743,2025-01-01,Information Technology,System Administrator,0,0,0.08180534696499468,8.18,Thap,2,It tham nien - Khoi luong cong viec thap
8754,2025-01-01,Finance,Accountant,0,0,0.10024339246957555,10.02,Thap,2,It tham nien - Khoi luong cong viec thap
8758,2025-01-01,Human Resources,Recruiter,0,0,0.10757492233069034,10.76,Thap,1,Khoi luong cong viec cao - uu tien giu chan
8759,2025-01-01,Operations,Operations Executive,0,0,0.07434286555564788,7.43,Thap,2,It tham nien - Khoi luong cong viec thap
8760,2025-01-01,Human Resources,Recruiter,0,0,0.017177515581311666,1.72,Thap,2,It tham nien - Khoi luong cong viec thap
8763,2025-01-01,Marketing,Marketing Manager,0,0,0.07275278550767282,7.28,Thap,2,It tham nien - Khoi luong cong viec thap
8766,2025-01-01,Human Resources,C&B Specialist,0,0,0.09816098651254902,9.82,Thap,1,Khoi luong cong viec cao - uu tien giu chan
8768,2025-01-01,Human Resources,HR Manager,0,0,0.11560218420694153,11.56,Thap,2,It tham nien - Khoi luong cong viec thap
8769,2025-01-01,Operations,Operations Manager,0,0,0.07858659357438168,7.86,Thap,2,It tham nien - Khoi luong cong viec thap
8771,2025-01-01,Sales,Sales Representative,0,0,0.06608160356623759,6.61,Thap,2,It tham nien - Khoi luong cong viec thap
8774,2025-01-01,Sales,Sales Supervisor,0,1,0.1611066163253438,16.11,Trung binh,2,It tham nien - Khoi luong cong viec thap
8775,2025-01-01,Operations,Warehouse Supervisor,0,1,0.36029946447944944,36.03,Cao,1,Khoi luong cong viec cao - uu tien giu chan
8776,2025-01-01,Marketing,Marketing Executive,0,1,0.22286801752227398,22.29,Trung binh,0,Lau nam - thang tien cham
8777,2025-01-01,Information Technology,Data Analyst,1,1,0.1823877993999885,18.24,Trung binh,0,Lau nam - thang tien cham
8778,2025-01-01,Sales,Sales Supervisor,1,1,0.20012247666368738,20.01,Trung binh,2,It tham nien - Khoi luong cong viec thap
8779,2025-01-01,Human Resources,HR Executive,0,0,0.05476483196619974,5.48,Thap,0,Lau nam - thang tien cham
8780,2025-01-01,Information Technology,QA Engineer,0,0,0.14379344456825566,14.38,Thap,2,It tham nien - Khoi luong cong viec thap
8781,2025-01-01,Human Resources,C&B Specialist,0,0,0.10697692380327077,10.7,Thap,1,Khoi luong cong viec cao - uu tien giu chan
8782,2025-01-01,Human Resources,HR Executive,0,1,0.17381352242893802,17.38,Trung binh,2,It tham nien - Khoi luong cong viec thap
8783,2025-01-01,Sales,Sales Representative,0,0,0.06440647344018328,6.44,Thap,3,Cap bac cao - thu nhap cao
8784,2025-01-01,Operations,Procurement Specialist,0,0,0.09321419282321214,9.32,Thap,3,Cap bac cao - thu nhap cao
8786,2025-01-01,Marketing,Digital Marketing Specialist,0,0,0.020329958077485832,2.03,Thap,3,Cap bac cao - thu nhap cao
8787,2025-01-01,Human Resources,HR Manager,0,1,0.21340692758140506,21.34,Trung binh,1,Khoi luong cong viec cao - uu tien giu chan
8789,2025-01-01,Finance,Accountant,0,0,0.1236963151909393,12.37,Thap,2,It tham nien - Khoi luong cong viec thap
8790,2025-01-01,Finance,Financial Analyst,0,0,0.15178148184276505,15.18,Thap,1,Khoi luong cong viec cao - uu tien giu chan
8792,2025-01-01,Information Technology,Software Engineer,0,0,0.03298897297229141,3.3,Thap,2,It tham nien - Khoi luong cong viec thap
8796,2025-01-01,Human Resources,C&B Specialist,0,1,0.20779826241921873,20.78,Trung binh,0,Lau nam - thang tien cham
8798,2025-01-01,Marketing,Marketing Executive,0,0,0.11369334854519256,11.37,Thap,2,It tham nien - Khoi luong cong viec thap
8801,2025-01-01,Information Technology,QA Engineer,1,0,0.13837072459845712,13.84,Thap,2,It tham nien - Khoi luong cong viec thap
8803,2025-01-01,Sales,Account Manager,0,0,0.11233384722833223,11.23,Thap,3,Cap bac cao - thu nhap cao
8811,2025-01-01,Information Technology,System Administrator,0,0,0.05741683678520644,5.74,Thap,0,Lau nam - thang tien cham
8813,2025-01-01,Human Resources,C&B Specialist,0,1,0.19536832860275077,19.54,Trung binh,1,Khoi luong cong viec cao - uu tien giu chan
8818,2025-01-01,Information Technology,QA Engineer,0,0,0.0895841328794218,8.96,Thap,2,It tham nien - Khoi luong cong viec thap
8820,2025-01-01,Operations,Warehouse Supervisor,0,1,0.26420676687149136,26.42,Trung binh,3,Cap bac cao - thu nhap cao
8821,2025-01-01,Operations,Operations Executive,0,1,0.28208846094663104,28.21,Trung binh,0,Lau nam - thang tien cham
8822,2025-01-01,Finance,Internal Auditor,0,1,0.30567659929287927,30.57,Cao,1,Khoi luong cong viec cao - uu tien giu chan
8823,2025-01-01,Information Technology,Data Analyst,0,0,0.034755148540398156,3.48,Thap,2,It tham nien - Khoi luong cong viec thap
8824,2025-01-01,Operations,Warehouse Supervisor,0,0,0.10384580752047146,10.38,Thap,3,Cap bac cao - thu nhap cao
8825,2025-01-01,Information Technology,Software Engineer,0,0,0.07626956764227068,7.63,Thap,2,It tham nien - Khoi luong cong viec thap
8827,2025-01-01,Sales,Sales Supervisor,0,1,0.2018805821819958,20.19,Trung binh,0,Lau nam - thang tien cham
8828,2025-01-01,Operations,Procurement Specialist,1,1,0.45470876609667704,45.47,Cao,1,Khoi luong cong viec cao - uu tien giu chan
8829,2025-01-01,Information Technology,System Administrator,0,0,0.15255895152059298,15.26,Thap,1,Khoi luong cong viec cao - uu tien giu chan
8831,2025-01-01,Finance,Finance Manager,0,1,0.2277424342681785,22.77,Trung binh,1,Khoi luong cong viec cao - uu tien giu chan
8838,2025-01-01,Human Resources,Recruiter,0,0,0.059329980923667903,5.93,Thap,2,It tham nien - Khoi luong cong viec thap
8841,2025-01-01,Information Technology,System Administrator,0,0,0.1443386234308713,14.43,Thap,1,Khoi luong cong viec cao - uu tien giu chan
8843,2025-01-01,Sales,Sales Supervisor,0,0,0.09209076887011722,9.21,Thap,3,Cap bac cao - thu nhap cao
8845,2025-01-01,Operations,Operations Manager,0,1,0.21762228139989148,21.76,Trung binh,1,Khoi luong cong viec cao - uu tien giu chan
8848,2025-01-01,Information Technology,QA Engineer,0,1,0.26871968009667196,26.87,Trung binh,1,Khoi luong cong viec cao - uu tien giu chan
8850,2025-01-01,Sales,Sales Executive,0,0,0.060099529690063505,6.01,Thap,2,It tham nien - Khoi luong cong viec thap
8854,2025-01-01,Sales,Sales Executive,0,0,0.11507862064282866,11.51,Thap,1,Khoi luong cong viec cao - uu tien giu chan
8856,2025-01-01,Human Resources,HR Manager,0,0,0.0792086855672403,7.92,Thap,2,It tham nien - Khoi luong cong viec thap
8857,2025-01-01,Finance,Financial Analyst,0,1,0.16384562343621367,16.38,Trung binh,0,Lau nam - thang tien cham
8858,2025-01-01,Sales,Sales Supervisor,0,1,0.21949043283533007,21.95,Trung binh,1,Khoi luong cong viec cao - uu tien giu chan
8860,2025-01-01,Sales,Account Manager,0,1,0.39306413267390183,39.31,Cao,1,Khoi luong cong viec cao - uu tien giu chan
8864,2025-01-01,Marketing,Digital Marketing Specialist,0,0,0.1411131284130181,14.11,Thap,2,It tham nien - Khoi luong cong viec thap
8866,2025-01-01,Information Technology,Data Analyst,0,0,0.07901014602710599,7.9,Thap,0,Lau nam - thang tien cham
8868,2025-01-01,Information Technology,Software Engineer,0,0,0.13338848395179995,13.34,Thap,2,It tham nien - Khoi luong cong viec thap
8873,2025-01-01,Operations,Warehouse Supervisor,0,1,0.17549791186515834,17.55,Trung binh,1,Khoi luong cong viec cao - uu tien giu chan
8874,2025-01-01,Information Technology,Data Analyst,0,0,0.09305315261693552,9.31,Thap,0,Lau nam - thang tien cham
8875,2025-01-01,Marketing,Marketing Manager,0,0,0.14031015173991437,14.03,Thap,0,Lau nam - thang tien cham
8877,2025-01-01,Information Technology,System Administrator,0,1,0.2373513671030427,23.74,Trung binh,3,Cap bac cao - thu nhap cao
8878,2025-01-01,Information Technology,Data Analyst,0,0,0.07510214484179252,7.51,Thap,2,It tham nien - Khoi luong cong viec thap
8882,2025-01-01,Human Resources,Recruiter,0,0,0.07488365705553411,7.49,Thap,2,It tham nien - Khoi luong cong viec thap
8883,2025-01-01,Finance,Finance Manager,1,0,0.0955270334372142,9.55,Thap,1,Khoi luong cong viec cao - uu tien giu chan
8887,2025-01-01,Sales,Sales Supervisor,0,0,0.15989037326056,15.99,Thap,2,It tham nien - Khoi luong cong viec thap
8890,2025-01-01,Information Technology,Software Engineer,0,0,0.15688898310448757,15.69,Thap,1,Khoi luong cong viec cao - uu tien giu chan
8893,2025-01-01,Finance,Finance Manager,0,1,0.35055462222348277,35.06,Cao,1,Khoi luong cong viec cao - uu tien giu chan
8899,2025-01-01,Marketing,Digital Marketing Specialist,0,1,0.21480821332936398,21.48,Trung binh,0,Lau nam - thang tien cham
8900,2025-01-01,Human Resources,HR Executive,0,0,0.043636377743255815,4.36,Thap,2,It tham nien - Khoi luong cong viec thap
8907,2025-01-01,Operations,Warehouse Supervisor,0,1,0.18080924968528989,18.08,Trung binh,0,Lau nam - thang tien cham
8910,2025-01-01,Finance,Internal Auditor,0,1,0.18389271451455627,18.39,Trung binh,2,It tham nien - Khoi luong cong viec thap
8911,2025-01-01,Operations,Operations Executive,0,0,0.14480073477545458,14.48,Thap,1,Khoi luong cong viec cao - uu tien giu chan
8912,2025-01-01,Operations,Operations Manager,0,1,0.2194362072144342,21.94,Trung binh,1,Khoi luong cong viec cao - uu tien giu chan
8914,2025-01-01,Sales,Sales Representative,0,0,0.11380958837607043,11.38,Thap,0,Lau nam - thang tien cham
8915,2025-01-01,Sales,Account Manager,0,1,0.17491284522216932,17.49,Trung binh,2,It tham nien - Khoi luong cong viec thap
8916,2025-01-01,Finance,Financial Analyst,0,0,0.08701956506929308,8.7,Thap,1,Khoi luong cong viec cao - uu tien giu chan
8917,2025-01-01,Sales,Sales Executive,0,0,0.09286137300370319,9.29,Thap,1,Khoi luong cong viec cao - uu tien giu chan
8920,2025-01-01,Marketing,Content Specialist,0,0,0.1360672515518378,13.61,Thap,1,Khoi luong cong viec cao - uu tien giu chan
8922,2025-01-01,Marketing,Content Specialist,0,1,0.18624330126699548,18.62,Trung binh,2,It tham nien - Khoi luong cong viec thap
8923,2025-01-01,Human Resources,Recruiter,0,0,0.12521321707183944,12.52,Thap,3,Cap bac cao - thu nhap cao
8927,2025-01-01,Finance,Internal Auditor,0,1,0.1862818393412236,18.63,Trung binh,1,Khoi luong cong viec cao - uu tien giu chan
8928,2025-01-01,Sales,Account Manager,0,0,0.06448515488644536,6.45,Thap,2,It tham nien - Khoi luong cong viec thap
8929,2025-01-01,Human Resources,HR Executive,0,0,0.07365812932354909,7.37,Thap,2,It tham nien - Khoi luong cong viec thap
8934,2025-01-01,Marketing,Content Specialist,0,1,0.2092259263116185,20.92,Trung binh,1,Khoi luong cong viec cao - uu tien giu chan
8938,2025-01-01,Marketing,Content Specialist,0,0,0.12378703277445294,12.38,Thap,2,It tham nien - Khoi luong cong viec thap
8939,2025-01-01,Human Resources,HR Executive,0,0,0.11618231468034883,11.62,Thap,0,Lau nam - thang tien cham
8944,2025-01-01,Marketing,Content Specialist,0,0,0.10551408418387048,10.55,Thap,2,It tham nien - Khoi luong cong viec thap
8945,2025-01-01,Human Resources,HR Manager,0,1,0.23880872056387756,23.88,Trung binh,1,Khoi luong cong viec cao - uu tien giu chan
8947,2025-01-01,Operations,Warehouse Supervisor,0,1,0.1946716052050603,19.47,Trung binh,2,It tham nien - Khoi luong cong viec thap
8948,2025-01-01,Information Technology,Software Engineer,1,0,0.09318840867299572,9.32,Thap,2,It tham nien - Khoi luong cong viec thap
8949,2025-01-01,Marketing,Content Specialist,0,0,0.12060892358560504,12.06,Thap,2,It tham nien - Khoi luong cong viec thap
8952,2025-01-01,Human Resources,HR Manager,0,0,0.1353340054389019,13.53,Thap,0,Lau nam - thang tien cham
8953,2025-01-01,Operations,Operations Manager,0,1,0.41685452927345806,41.69,Cao,1,Khoi luong cong viec cao - uu tien giu chan
8954,2025-01-01,Sales,Sales Supervisor,0,0,0.1401850231899091,14.02,Thap,2,It tham nien - Khoi luong cong viec thap
8957,2025-01-01,Information Technology,Software Engineer,0,0,0.09199670880266585,9.2,Thap,2,It tham nien - Khoi luong cong viec thap
8959,2025-01-01,Human Resources,C&B Specialist,0,0,0.103671441884093,10.37,Thap,3,Cap bac cao - thu nhap cao
8960,2025-01-01,Information Technology,Data Analyst,0,0,0.060055655182278136,6.01,Thap,2,It tham nien - Khoi luong cong viec thap
8962,2025-01-01,Sales,Sales Supervisor,1,0,0.09886735562869516,9.89,Thap,2,It tham nien - Khoi luong cong viec thap
8964,2025-01-01,Sales,Account Manager,0,1,0.21366843935045488,21.37,Trung binh,2,It tham nien - Khoi luong cong viec thap
8965,2025-01-01,Sales,Account Manager,0,0,0.11937512942597552,11.94,Thap,3,Cap bac cao - thu nhap cao
8967,2025-01-01,Sales,Sales Representative,0,0,0.09350606035282671,9.35,Thap,2,It tham nien - Khoi luong cong viec thap
8975,2025-01-01,Human Resources,HR Executive,0,0,0.09615951096479276,9.62,Thap,1,Khoi luong cong viec cao - uu tien giu chan
8978,2025-01-01,Operations,Operations Manager,0,0,0.14545169940067953,14.55,Thap,1,Khoi luong cong viec cao - uu tien giu chan
8980,2025-01-01,Marketing,Marketing Executive,0,1,0.20118697453796677,20.12,Trung binh,1,Khoi luong cong viec cao - uu tien giu chan
8981,2025-01-01,Human Resources,HR Manager,0,0,0.07470810642263412,7.47,Thap,3,Cap bac cao - thu nhap cao
8982,2025-01-01,Information Technology,System Administrator,0,0,0.15736516430390682,15.74,Thap,1,Khoi luong cong viec cao - uu tien giu chan
8983,2025-01-01,Finance,Internal Auditor,0,0,0.15365474533212525,15.37,Thap,2,It tham nien - Khoi luong cong viec thap
8984,2025-01-01,Operations,Operations Executive,0,0,0.15773671137018738,15.77,Thap,2,It tham nien - Khoi luong cong viec thap
8985,2025-01-01,Operations,Operations Executive,0,1,0.2531699891462304,25.32,Trung binh,2,It tham nien - Khoi luong cong viec thap
8986,2025-01-01,Human Resources,HR Manager,1,0,0.14784237905596176,14.78,Thap,2,It tham nien - Khoi luong cong viec thap
8990,2025-01-01,Marketing,Marketing Executive,0,0,0.08122850082784917,8.12,Thap,1,Khoi luong cong viec cao - uu tien giu chan
8991,2025-01-01,Marketing,Marketing Manager,0,0,0.14066281224823665,14.07,Thap,1,Khoi luong cong viec cao - uu tien giu chan
8992,2025-01-01,Marketing,Content Specialist,0,1,0.23566332107636243,23.57,Trung binh,0,Lau nam - thang tien cham
8993,2025-01-01,Marketing,Content Specialist,0,0,0.13050366729637738,13.05,Thap,3,Cap bac cao - thu nhap cao
8995,2025-01-01,Finance,Financial Analyst,0,1,0.2080523601750181,20.81,Trung binh,1,Khoi luong cong viec cao - uu tien giu chan
8997,2025-01-01,Marketing,Marketing Executive,0,0,0.11685123365480142,11.69,Thap,3,Cap bac cao - thu nhap cao
8998,2025-01-01,Sales,Account Manager,0,0,0.07379646852992096,7.38,Thap,2,It tham nien - Khoi luong cong viec thap
9001,2025-01-01,Sales,Sales Supervisor,0,0,0.1043683599043886,10.44,Thap,2,It tham nien - Khoi luong cong viec thap
9004,2025-01-01,Finance,Accountant,0,1,0.21067269913178774,21.07,Trung binh,3,Cap bac cao - thu nhap cao
9005,2025-01-01,Information Technology,Software Engineer,0,0,0.12042211024798748,12.04,Thap,2,It tham nien - Khoi luong cong viec thap
9007,2025-01-01,Finance,Financial Analyst,0,1,0.1920301640365695,19.2,Trung binh,0,Lau nam - thang tien cham
9009,2025-01-01,Information Technology,Data Analyst,0,0,0.11490009327303177,11.49,Thap,3,Cap bac cao - thu nhap cao
9016,2025-01-01,Sales,Account Manager,0,1,0.21891190240534666,21.89,Trung binh,1,Khoi luong cong viec cao - uu tien giu chan
9017,2025-01-01,Information Technology,Software Engineer,0,0,0.03757307149838036,3.76,Thap,2,It tham nien - Khoi luong cong viec thap
9018,2025-01-01,Sales,Account Manager,0,0,0.09483752368518707,9.48,Thap,2,It tham nien - Khoi luong cong viec thap
9020,2025-01-01,Operations,Operations Executive,0,1,0.22678243038771614,22.68,Trung binh,3,Cap bac cao - thu nhap cao
9023,2025-01-01,Sales,Sales Supervisor,0,1,0.23305376041551507,23.31,Trung binh,0,Lau nam - thang tien cham
9025,2025-01-01,Operations,Operations Executive,0,0,0.08421586545240695,8.42,Thap,3,Cap bac cao - thu nhap cao
9026,2025-01-01,Finance,Finance Manager,0,0,0.15104070458926044,15.1,Thap,3,Cap bac cao - thu nhap cao
9032,2025-01-01,Information Technology,QA Engineer,1,0,0.11281331612897186,11.28,Thap,2,It tham nien - Khoi luong cong viec thap
9033,2025-01-01,Finance,Internal Auditor,0,0,0.057425725142286124,5.74,Thap,0,Lau nam - thang tien cham
9034,2025-01-01,Human Resources,HR Executive,0,1,0.17897430686206034,17.9,Trung binh,1,Khoi luong cong viec cao - uu tien giu chan
9036,2025-01-01,Information Technology,IT Support,0,1,0.19608289899810696,19.61,Trung binh,1,Khoi luong cong viec cao - uu tien giu chan
9037,2025-01-01,Finance,Finance Manager,0,1,0.2561405534888698,25.61,Trung binh,1,Khoi luong cong viec cao - uu tien giu chan
9040,2025-01-01,Finance,Financial Analyst,0,0,0.03478355469756148,3.48,Thap,2,It tham nien - Khoi luong cong viec thap
9043,2025-01-01,Marketing,Content Specialist,0,1,0.2151211982547654,21.51,Trung binh,1,Khoi luong cong viec cao - uu tien giu chan
9045,2025-01-01,Finance,Financial Analyst,0,0,0.13608680638464996,13.61,Thap,2,It tham nien - Khoi luong cong viec thap
9047,2025-01-01,Marketing,Digital Marketing Specialist,0,1,0.16295111507750998,16.3,Trung binh,1,Khoi luong cong viec cao - uu tien giu chan
9050,2025-01-01,Human Resources,HR Manager,1,1,0.16054448182461156,16.05,Trung binh,3,Cap bac cao - thu nhap cao
9053,2025-01-01,Finance,Finance Manager,0,0,0.09773895824034054,9.77,Thap,0,Lau nam - thang tien cham
9054,2025-01-01,Human Resources,C&B Specialist,0,1,0.23441117849014914,23.44,Trung binh,1,Khoi luong cong viec cao - uu tien giu chan
9055,2025-01-01,Marketing,Content Specialist,1,1,0.3064076133078608,30.64,Cao,0,Lau nam - thang tien cham
9059,2025-01-01,Marketing,Marketing Manager,0,0,0.03652011300031248,3.65,Thap,2,It tham nien - Khoi luong cong viec thap
9060,2025-01-01,Operations,Procurement Specialist,0,1,0.29564869092755025,29.56,Trung binh,0,Lau nam - thang tien cham
9062,2025-01-01,Marketing,Marketing Manager,0,0,0.07475156880668572,7.48,Thap,2,It tham nien - Khoi luong cong viec thap
9065,2025-01-01,Information Technology,Data Analyst,0,0,0.13717328656260122,13.72,Thap,3,Cap bac cao - thu nhap cao
9072,2025-01-01,Information Technology,Software Engineer,0,0,0.0687389351688899,6.87,Thap,2,It tham nien - Khoi luong cong viec thap
9076,2025-01-01,Marketing,Content Specialist,0,0,0.128692871607691,12.87,Thap,2,It tham nien - Khoi luong cong viec thap
9077,2025-01-01,Operations,Procurement Specialist,0,0,0.10508559726829722,10.51,Thap,2,It tham nien - Khoi luong cong viec thap
9080,2025-01-01,Information Technology,System Administrator,0,1,0.22789847596546056,22.79,Trung binh,1,Khoi luong cong viec cao - uu tien giu chan
9082,2025-01-01,Operations,Operations Manager,0,1,0.22407708341582838,22.41,Trung binh,1,Khoi luong cong viec cao - uu tien giu chan
9084,2025-01-01,Operations,Procurement Specialist,1,1,0.3235973398979503,32.36,Cao,0,Lau nam - thang tien cham
9094,2025-01-01,Human Resources,C&B Specialist,0,1,0.1808704876208666,18.09,Trung binh,0,Lau nam - thang tien cham
9095,2025-01-01,Finance,Financial Analyst,1,0,0.07271659503787754,7.27,Thap,0,Lau nam - thang tien cham
9100,2025-01-01,Sales,Sales Executive,0,0,0.11537261337482681,11.54,Thap,1,Khoi luong cong viec cao - uu tien giu chan
9103,2025-01-01,Information Technology,Software Engineer,0,1,0.17816511369191748,17.82,Trung binh,2,It tham nien - Khoi luong cong viec thap
9105,2025-01-01,Human Resources,HR Manager,0,0,0.10834713902898739,10.83,Thap,2,It tham nien - Khoi luong cong viec thap
9107,2025-01-01,Marketing,Digital Marketing Specialist,0,0,0.07349926722059025,7.35,Thap,0,Lau nam - thang tien cham
9111,2025-01-01,Information Technology,IT Support,0,0,0.14035111996206587,14.04,Thap,1,Khoi luong cong viec cao - uu tien giu chan
9113,2025-01-01,Marketing,Digital Marketing Specialist,0,1,0.2339473232738227,23.39,Trung binh,1,Khoi luong cong viec cao - uu tien giu chan
9114,2025-01-01,Information Technology,Software Engineer,0,0,0.14689071886912886,14.69,Thap,1,Khoi luong cong viec cao - uu tien giu chan
9115,2025-01-01,Sales,Account Manager,0,0,0.059077159390970004,5.91,Thap,2,It tham nien - Khoi luong cong viec thap
9116,2025-01-01,Sales,Account Manager,0,1,0.18217804449146519,18.22,Trung binh,2,It tham nien - Khoi luong cong viec thap
9117,2025-01-01,Sales,Sales Supervisor,0,0,0.15207127919321023,15.21,Thap,1,Khoi luong cong viec cao - uu tien giu chan
9128,2025-01-01,Operations,Warehouse Supervisor,0,1,0.2477582061323912,24.78,Trung binh,2,It tham nien - Khoi luong cong viec thap
9132,2025-01-01,Finance,Accountant,0,1,0.16753714027974834,16.75,Trung binh,3,Cap bac cao - thu nhap cao
9133,2025-01-01,Finance,Finance Manager,1,0,0.09291775426303263,9.29,Thap,2,It tham nien - Khoi luong cong viec thap
9134,2025-01-01,Sales,Sales Executive,0,0,0.12047679710672131,12.05,Thap,1,Khoi luong cong viec cao - uu tien giu chan
9135,2025-01-01,Operations,Procurement Specialist,0,0,0.1108738317277772,11.09,Thap,0,Lau nam - thang tien cham
9139,2025-01-01,Information Technology,Software Engineer,0,0,0.10005972531398083,10.01,Thap,2,It tham nien - Khoi luong cong viec thap
9143,2025-01-01,Sales,Account Manager,0,0,0.1315986202518271,13.16,Thap,0,Lau nam - thang tien cham
9144,2025-01-01,Sales,Sales Supervisor,1,1,0.20225421340490848,20.23,Trung binh,1,Khoi luong cong viec cao - uu tien giu chan
9146,2025-01-01,Finance,Accountant,0,0,0.10902086584277637,10.9,Thap,2,It tham nien - Khoi luong cong viec thap
9148,2025-01-01,Operations,Operations Manager,0,0,0.1575497247588675,15.75,Thap,2,It tham nien - Khoi luong cong viec thap
9149,2025-01-01,Operations,Operations Executive,0,1,0.19933545963549068,19.93,Trung binh,0,Lau nam - thang tien cham
9150,2025-01-01,Finance,Internal Auditor,0,1,0.17315594782328153,17.32,Trung binh,3,Cap bac cao - thu nhap cao
9152,2025-01-01,Information Technology,Data Analyst,0,0,0.15021693840017994,15.02,Thap,2,It tham nien - Khoi luong cong viec thap
9153,2025-01-01,Finance,Accountant,0,1,0.17246465120581256,17.25,Trung binh,0,Lau nam - thang tien cham
9155,2025-01-01,Finance,Accountant,0,0,0.05531844380046914,5.53,Thap,2,It tham nien - Khoi luong cong viec thap
9156,2025-01-01,Operations,Operations Manager,0,0,0.1265129661230292,12.65,Thap,0,Lau nam - thang tien cham
9158,2025-01-01,Sales,Sales Supervisor,0,0,0.05623116999916731,5.62,Thap,2,It tham nien - Khoi luong cong viec thap
9165,2025-01-01,Information Technology,Software Engineer,0,0,0.08377894932726622,8.38,Thap,2,It tham nien - Khoi luong cong viec thap
9170,2025-01-01,Information Technology,Data Analyst,0,1,0.18668537363491314,18.67,Trung binh,2,It tham nien - Khoi luong cong viec thap
9171,2025-01-01,Information Technology,System Administrator,0,0,0.01733603684682211,1.73,Thap,2,It tham nien - Khoi luong cong viec thap
9172,2025-01-01,Operations,Operations Executive,0,0,0.13663050417265554,13.66,Thap,1,Khoi luong cong viec cao - uu tien giu chan
9173,2025-01-01,Human Resources,HR Manager,0,0,0.019400615277167604,1.94,Thap,2,It tham nien - Khoi luong cong viec thap
9174,2025-01-01,Marketing,Content Specialist,0,0,0.13644897703061448,13.64,Thap,3,Cap bac cao - thu nhap cao
9176,2025-01-01,Operations,Procurement Specialist,0,0,0.15280927834078153,15.28,Thap,1,Khoi luong cong viec cao - uu tien giu chan
9177,2025-01-01,Operations,Operations Executive,0,1,0.27165004699411893,27.17,Trung binh,1,Khoi luong cong viec cao - uu tien giu chan
9179,2025-01-01,Marketing,Digital Marketing Specialist,0,0,0.1032014290646274,10.32,Thap,2,It tham nien - Khoi luong cong viec thap
9180,2025-01-01,Human Resources,Recruiter,0,0,0.03775353739734975,3.78,Thap,2,It tham nien - Khoi luong cong viec thap
9184,2025-01-01,Information Technology,IT Support,0,0,0.06918325353245494,6.92,Thap,0,Lau nam - thang tien cham
9185,2025-01-01,Information Technology,System Administrator,0,0,0.13144489089587294,13.14,Thap,0,Lau nam - thang tien cham
9191,2025-01-01,Finance,Internal Auditor,0,0,0.13672161618861864,13.67,Thap,2,It tham nien - Khoi luong cong viec thap
9193,2025-01-01,Marketing,Marketing Executive,0,0,0.10569917451947419,10.57,Thap,0,Lau nam - thang tien cham
9194,2025-01-01,Information Technology,System Administrator,1,1,0.28425320100123164,28.43,Trung binh,1,Khoi luong cong viec cao - uu tien giu chan
9201,2025-01-01,Sales,Sales Supervisor,0,1,0.1956935600146849,19.57,Trung binh,1,Khoi luong cong viec cao - uu tien giu chan
9205,2025-01-01,Human Resources,C&B Specialist,1,0,0.08914725651557354,8.91,Thap,2,It tham nien - Khoi luong cong viec thap
9206,2025-01-01,Information Technology,QA Engineer,0,0,0.09233562903516696,9.23,Thap,2,It tham nien - Khoi luong cong viec thap
9208,2025-01-01,Human Resources,HR Executive,0,0,0.02183423350770235,2.18,Thap,3,Cap bac cao - thu nhap cao
9209,2025-01-01,Finance,Financial Analyst,0,0,0.1038050339750248,10.38,Thap,3,Cap bac cao - thu nhap cao
9210,2025-01-01,Marketing,Marketing Executive,0,0,0.053520164160362114,5.35,Thap,2,It tham nien - Khoi luong cong viec thap
9215,2025-01-01,Sales,Sales Representative,0,0,0.036101477707439364,3.61,Thap,2,It tham nien - Khoi luong cong viec thap
9217,2025-01-01,Marketing,Marketing Manager,0,0,0.07363939416097644,7.36,Thap,0,Lau nam - thang tien cham
9218,2025-01-01,Finance,Financial Analyst,0,0,0.1331741228958313,13.32,Thap,3,Cap bac cao - thu nhap cao
9219,2025-01-01,Information Technology,Data Analyst,0,1,0.16279710272702333,16.28,Trung binh,0,Lau nam - thang tien cham
9221,2025-01-01,Information Technology,Data Analyst,0,0,0.01834920885184664,1.83,Thap,3,Cap bac cao - thu nhap cao
9223,2025-01-01,Human Resources,HR Manager,0,1,0.267103271236242,26.71,Trung binh,1,Khoi luong cong viec cao - uu tien giu chan
9227,2025-01-01,Sales,Sales Supervisor,0,0,0.0733392391354213,7.33,Thap,2,It tham nien - Khoi luong cong viec thap
9228,2025-01-01,Operations,Warehouse Supervisor,0,0,0.13060565698100232,13.06,Thap,3,Cap bac cao - thu nhap cao
9229,2025-01-01,Finance,Finance Manager,0,0,0.10329850704016166,10.33,Thap,2,It tham nien - Khoi luong cong viec thap
9231,2025-01-01,Human Resources,C&B Specialist,0,1,0.2019986991112159,20.2,Trung binh,0,Lau nam - thang tien cham
9233,2025-01-01,Sales,Sales Executive,0,0,0.11170900050264918,11.17,Thap,1,Khoi luong cong viec cao - uu tien giu chan
9234,2025-01-01,Marketing,Marketing Manager,0,0,0.05532172335777471,5.53,Thap,2,It tham nien - Khoi luong cong viec thap
9236,2025-01-01,Operations,Warehouse Supervisor,0,1,0.20906318787680517,20.91,Trung binh,0,Lau nam - thang tien cham
9237,2025-01-01,Sales,Sales Representative,0,0,0.09062231241445605,9.06,Thap,1,Khoi luong cong viec cao - uu tien giu chan
9239,2025-01-01,Human Resources,C&B Specialist,0,1,0.18718616979723907,18.72,Trung binh,1,Khoi luong cong viec cao - uu tien giu chan
9240,2025-01-01,Sales,Sales Supervisor,0,1,0.31997842701742785,32.0,Cao,1,Khoi luong cong viec cao - uu tien giu chan
9241,2025-01-01,Marketing,Digital Marketing Specialist,0,1,0.24863892808547708,24.86,Trung binh,1,Khoi luong cong viec cao - uu tien giu chan
9244,2025-01-01,Finance,Finance Manager,0,0,0.11505972059958564,11.51,Thap,3,Cap bac cao - thu nhap cao
9249,2025-01-01,Marketing,Content Specialist,0,0,0.14592933658678997,14.59,Thap,2,It tham nien - Khoi luong cong viec thap
9250,2025-01-01,Finance,Financial Analyst,0,0,0.1327311323426568,13.27,Thap,3,Cap bac cao - thu nhap cao
9254,2025-01-01,Operations,Operations Manager,0,1,0.19462600333829813,19.46,Trung binh,2,It tham nien - Khoi luong cong viec thap
9255,2025-01-01,Operations,Warehouse Supervisor,0,1,0.18941917008926779,18.94,Trung binh,3,Cap bac cao - thu nhap cao
9257,2025-01-01,Operations,Procurement Specialist,0,0,0.15957985630749938,15.96,Thap,1,Khoi luong cong viec cao - uu tien giu chan
9259,2025-01-01,Operations,Operations Executive,0,1,0.24344359492553053,24.34,Trung binh,2,It tham nien - Khoi luong cong viec thap
9260,2025-01-01,Operations,Operations Executive,0,0,0.13284977364799386,13.28,Thap,2,It tham nien - Khoi luong cong viec thap
9266,2025-01-01,Sales,Sales Supervisor,1,1,0.20984303796664563,20.98,Trung binh,3,Cap bac cao - thu nhap cao
9267,2025-01-01,Marketing,Content Specialist,0,1,0.2285731969783342,22.86,Trung binh,2,It tham nien - Khoi luong cong viec thap
9269,2025-01-01,Human Resources,Recruiter,1,1,0.2304550860800166,23.05,Trung binh,1,Khoi luong cong viec cao - uu tien giu chan
9273,2025-01-01,Human Resources,Recruiter,1,1,0.1839625854930525,18.4,Trung binh,1,Khoi luong cong viec cao - uu tien giu chan
9277,2025-01-01,Finance,Internal Auditor,0,1,0.19606626430361584,19.61,Trung binh,1,Khoi luong cong viec cao - uu tien giu chan
9281,2025-01-01,Marketing,Marketing Executive,0,0,0.09739527517072111,9.74,Thap,3,Cap bac cao - thu nhap cao
9283,2025-01-01,Sales,Account Manager,0,0,0.08928305158514774,8.93,Thap,3,Cap bac cao - thu nhap cao
9285,2025-01-01,Marketing,Marketing Executive,0,0,0.03256774107489203,3.26,Thap,2,It tham nien - Khoi luong cong viec thap
9290,2025-01-01,Human Resources,HR Manager,0,1,0.18404419811248784,18.4,Trung binh,1,Khoi luong cong viec cao - uu tien giu chan
9291,2025-01-01,Marketing,Marketing Manager,1,0,0.1538400769181948,15.38,Thap,1,Khoi luong cong viec cao - uu tien giu chan
9292,2025-01-01,Sales,Account Manager,0,0,0.134051669220156,13.41,Thap,3,Cap bac cao - thu nhap cao
9293,2025-01-01,Human Resources,HR Executive,0,0,0.05734037532352692,5.73,Thap,0,Lau nam - thang tien cham
9302,2025-01-01,Sales,Sales Executive,1,0,0.1527052154500595,15.27,Thap,3,Cap bac cao - thu nhap cao
9303,2025-01-01,Information Technology,IT Support,0,0,0.0892638225202929,8.93,Thap,2,It tham nien - Khoi luong cong viec thap
9307,2025-01-01,Finance,Finance Manager,0,1,0.20700167346393555,20.7,Trung binh,1,Khoi luong cong viec cao - uu tien giu chan
9311,2025-01-01,Marketing,Digital Marketing Specialist,0,0,0.15864160276831488,15.86,Thap,1,Khoi luong cong viec cao - uu tien giu chan
9315,2025-01-01,Marketing,Content Specialist,0,0,0.1128546911129254,11.29,Thap,0,Lau nam - thang tien cham
9316,2025-01-01,Operations,Procurement Specialist,0,0,0.14488570176510504,14.49,Thap,0,Lau nam - thang tien cham
9322,2025-01-01,Operations,Procurement Specialist,0,0,0.08900231693424668,8.9,Thap,2,It tham nien - Khoi luong cong viec thap
9323,2025-01-01,Marketing,Digital Marketing Specialist,0,1,0.17651175634072114,17.65,Trung binh,2,It tham nien - Khoi luong cong viec thap
9324,2025-01-01,Information Technology,System Administrator,0,0,0.11692927332048945,11.69,Thap,2,It tham nien - Khoi luong cong viec thap
9325,2025-01-01,Marketing,Marketing Executive,0,0,0.05483070080613581,5.48,Thap,3,Cap bac cao - thu nhap cao
9326,2025-01-01,Human Resources,Recruiter,0,0,0.10124233967691972,10.12,Thap,2,It tham nien - Khoi luong cong viec thap
9327,2025-01-01,Operations,Procurement Specialist,0,1,0.20801670094241406,20.8,Trung binh,1,Khoi luong cong viec cao - uu tien giu chan
9328,2025-01-01,Sales,Sales Supervisor,1,0,0.0888851662466341,8.89,Thap,1,Khoi luong cong viec cao - uu tien giu chan
9329,2025-01-01,Operations,Procurement Specialist,1,1,0.1693162778859283,16.93,Trung binh,0,Lau nam - thang tien cham
9331,2025-01-01,Information Technology,IT Support,0,0,0.0770827554575936,7.71,Thap,2,It tham nien - Khoi luong cong viec thap
9333,2025-01-01,Information Technology,QA Engineer,0,0,0.08651771091005968,8.65,Thap,0,Lau nam - thang tien cham
9338,2025-01-01,Operations,Procurement Specialist,0,1,0.21660581253132055,21.66,Trung binh,1,Khoi luong cong viec cao - uu tien giu chan
9340,2025-01-01,Human Resources,HR Manager,0,0,0.07536282130615529,7.54,Thap,2,It tham nien - Khoi luong cong viec thap
9341,2025-01-01,Operations,Operations Executive,0,0,0.11417644539318406,11.42,Thap,0,Lau nam - thang tien cham
9342,2025-01-01,Information Technology,Software Engineer,0,0,0.05259979994017159,5.26,Thap,2,It tham nien - Khoi luong cong viec thap
9346,2025-01-01,Marketing,Marketing Executive,0,0,0.036047071795758556,3.6,Thap,3,Cap bac cao - thu nhap cao
9347,2025-01-01,Finance,Accountant,0,1,0.19007676671305665,19.01,Trung binh,2,It tham nien - Khoi luong cong viec thap
9350,2025-01-01,Finance,Internal Auditor,0,0,0.07025803163093909,7.03,Thap,1,Khoi luong cong viec cao - uu tien giu chan
9352,2025-01-01,Sales,Sales Executive,1,1,0.20127477276478298,20.13,Trung binh,0,Lau nam - thang tien cham
9355,2025-01-01,Sales,Account Manager,0,0,0.10275434301714123,10.28,Thap,2,It tham nien - Khoi luong cong viec thap
9356,2025-01-01,Information Technology,Data Analyst,0,0,0.052448634668652176,5.24,Thap,2,It tham nien - Khoi luong cong viec thap
9357,2025-01-01,Information Technology,Software Engineer,0,0,0.07506781487135407,7.51,Thap,2,It tham nien - Khoi luong cong viec thap
9359,2025-01-01,Marketing,Marketing Executive,0,0,0.1459597438234957,14.6,Thap,2,It tham nien - Khoi luong cong viec thap
9360,2025-01-01,Operations,Operations Executive,0,1,0.1824404739446884,18.24,Trung binh,0,Lau nam - thang tien cham
9361,2025-01-01,Operations,Warehouse Supervisor,0,0,0.08268867621206952,8.27,Thap,0,Lau nam - thang tien cham
9363,2025-01-01,Information Technology,Software Engineer,0,1,0.27731404521232367,27.73,Trung binh,1,Khoi luong cong viec cao - uu tien giu chan
9364,2025-01-01,Finance,Financial Analyst,0,0,0.12322747254487323,12.32,Thap,2,It tham nien - Khoi luong cong viec thap
9366,2025-01-01,Human Resources,HR Manager,1,1,0.18313143026251652,18.31,Trung binh,1,Khoi luong cong viec cao - uu tien giu chan
9367,2025-01-01,Operations,Procurement Specialist,0,1,0.23607189915518,23.61,Trung binh,0,Lau nam - thang tien cham
9368,2025-01-01,Information Technology,System Administrator,0,0,0.07967589902296586,7.97,Thap,0,Lau nam - thang tien cham
9369,2025-01-01,Finance,Accountant,0,0,0.15602535564019657,15.6,Thap,1,Khoi luong cong viec cao - uu tien giu chan
9373,2025-01-01,Marketing,Marketing Executive,0,0,0.11930432918929197,11.93,Thap,2,It tham nien - Khoi luong cong viec thap
9381,2025-01-01,Marketing,Digital Marketing Specialist,0,0,0.10925327022697819,10.93,Thap,0,Lau nam - thang tien cham
9383,2025-01-01,Human Resources,Recruiter,0,0,0.09056886692946814,9.06,Thap,2,It tham nien - Khoi luong cong viec thap
9387,2025-01-01,Marketing,Marketing Manager,0,0,0.059045733235704424,5.9,Thap,3,Cap bac cao - thu nhap cao
9389,2025-01-01,Operations,Warehouse Supervisor,0,0,0.09667013917971175,9.67,Thap,0,Lau nam - thang tien cham
9391,2025-01-01,Information Technology,QA Engineer,0,0,0.0738127681032971,7.38,Thap,0,Lau nam - thang tien cham
9394,2025-01-01,Finance,Financial Analyst,0,0,0.09826683216661737,9.83,Thap,1,Khoi luong cong viec cao - uu tien giu chan
9395,2025-01-01,Operations,Warehouse Supervisor,1,1,0.33231362614804505,33.23,Cao,1,Khoi luong cong viec cao - uu tien giu chan
9396,2025-01-01,Information Technology,Data Analyst,0,0,0.01869391663801637,1.87,Thap,2,It tham nien - Khoi luong cong viec thap
9398,2025-01-01,Operations,Operations Manager,0,0,0.15198545157331325,15.2,Thap,1,Khoi luong cong viec cao - uu tien giu chan
9400,2025-01-01,Marketing,Marketing Executive,0,0,0.020275913029745685,2.03,Thap,2,It tham nien - Khoi luong cong viec thap
9403,2025-01-01,Marketing,Marketing Executive,1,1,0.3723386921025679,37.23,Cao,1,Khoi luong cong viec cao - uu tien giu chan
9404,2025-01-01,Human Resources,HR Manager,0,0,0.10645397955632666,10.65,Thap,3,Cap bac cao - thu nhap cao
9406,2025-01-01,Human Resources,Recruiter,1,0,0.08860828700064798,8.86,Thap,2,It tham nien - Khoi luong cong viec thap
9408,2025-01-01,Sales,Sales Executive,0,0,0.10918316166827703,10.92,Thap,3,Cap bac cao - thu nhap cao
9409,2025-01-01,Information Technology,Data Analyst,0,0,0.0872989730429722,8.73,Thap,2,It tham nien - Khoi luong cong viec thap
9412,2025-01-01,Information Technology,Data Analyst,1,1,0.16276364020825485,16.28,Trung binh,2,It tham nien - Khoi luong cong viec thap
9413,2025-01-01,Human Resources,HR Executive,0,1,0.2315560560931341,23.16,Trung binh,1,Khoi luong cong viec cao - uu tien giu chan
9414,2025-01-01,Marketing,Content Specialist,0,0,0.09504049277507635,9.5,Thap,3,Cap bac cao - thu nhap cao
9415,2025-01-01,Finance,Internal Auditor,1,1,0.18856138550978147,18.86,Trung binh,1,Khoi luong cong viec cao - uu tien giu chan
9416,2025-01-01,Marketing,Content Specialist,1,1,0.2349569720768027,23.5,Trung binh,1,Khoi luong cong viec cao - uu tien giu chan
9418,2025-01-01,Finance,Finance Manager,0,1,0.2864867024300714,28.65,Trung binh,3,Cap bac cao - thu nhap cao
9422,2025-01-01,Information Technology,IT Support,1,1,0.24526334156084492,24.53,Trung binh,1,Khoi luong cong viec cao - uu tien giu chan
9423,2025-01-01,Human Resources,HR Manager,0,1,0.23196487522623385,23.2,Trung binh,1,Khoi luong cong viec cao - uu tien giu chan
9424,2025-01-01,Marketing,Marketing Manager,0,0,0.0979678821904864,9.8,Thap,1,Khoi luong cong viec cao - uu tien giu chan
9425,2025-01-01,Operations,Operations Executive,0,0,0.11029875564857956,11.03,Thap,2,It tham nien - Khoi luong cong viec thap
9426,2025-01-01,Sales,Sales Representative,0,0,0.10966674487058489,10.97,Thap,2,It tham nien - Khoi luong cong viec thap
9428,2025-01-01,Human Resources,Recruiter,0,0,0.06595894168240322,6.6,Thap,0,Lau nam - thang tien cham
9430,2025-01-01,Operations,Procurement Specialist,0,0,0.0526532190526902,5.27,Thap,3,Cap bac cao - thu nhap cao
9431,2025-01-01,Operations,Operations Manager,0,0,0.15811219533857415,15.81,Thap,2,It tham nien - Khoi luong cong viec thap
9432,2025-01-01,Information Technology,QA Engineer,0,0,0.1383005424654202,13.83,Thap,2,It tham nien - Khoi luong cong viec thap
9434,2025-01-01,Sales,Sales Supervisor,0,1,0.29197162437244645,29.2,Trung binh,0,Lau nam - thang tien cham
9437,2025-01-01,Marketing,Marketing Executive,0,0,0.15767100850012022,15.77,Thap,2,It tham nien - Khoi luong cong viec thap
9441,2025-01-01,Finance,Financial Analyst,0,0,0.09937356964532014,9.94,Thap,2,It tham nien - Khoi luong cong viec thap
9442,2025-01-01,Sales,Account Manager,0,1,0.18965600984939138,18.97,Trung binh,2,It tham nien - Khoi luong cong viec thap
9443,2025-01-01,Information Technology,Data Analyst,0,1,0.17181376547678612,17.18,Trung binh,3,Cap bac cao - thu nhap cao
9445,2025-01-01,Sales,Sales Executive,0,0,0.0783437368390376,7.83,Thap,0,Lau nam - thang tien cham
9446,2025-01-01,Information Technology,Data Analyst,0,0,0.05517223091580693,5.52,Thap,2,It tham nien - Khoi luong cong viec thap
9449,2025-01-01,Information Technology,QA Engineer,0,0,0.09157320322835918,9.16,Thap,3,Cap bac cao - thu nhap cao
9450,2025-01-01,Marketing,Digital Marketing Specialist,0,1,0.21530412569159893,21.53,Trung binh,1,Khoi luong cong viec cao - uu tien giu chan
9452,2025-01-01,Sales,Sales Representative,0,1,0.20608961795847658,20.61,Trung binh,3,Cap bac cao - thu nhap cao
9453,2025-01-01,Operations,Operations Manager,0,1,0.2838810070251547,28.39,Trung binh,1,Khoi luong cong viec cao - uu tien giu chan
9455,2025-01-01,Finance,Internal Auditor,0,0,0.14586505481946146,14.59,Thap,3,Cap bac cao - thu nhap cao
9456,2025-01-01,Sales,Account Manager,1,1,0.23334102215068656,23.33,Trung binh,3,Cap bac cao - thu nhap cao
9463,2025-01-01,Sales,Sales Representative,0,0,0.14892997533632468,14.89,Thap,2,It tham nien - Khoi luong cong viec thap
9464,2025-01-01,Operations,Procurement Specialist,0,0,0.12414541786185967,12.41,Thap,2,It tham nien - Khoi luong cong viec thap
9465,2025-01-01,Operations,Warehouse Supervisor,0,1,0.17665680427513492,17.67,Trung binh,2,It tham nien - Khoi luong cong viec thap
9466,2025-01-01,Sales,Account Manager,0,0,0.109233562983902,10.92,Thap,2,It tham nien - Khoi luong cong viec thap
9468,2025-01-01,Sales,Account Manager,0,1,0.3004652045605075,30.05,Cao,1,Khoi luong cong viec cao - uu tien giu chan
9469,2025-01-01,Marketing,Content Specialist,0,1,0.24855834379539096,24.86,Trung binh,1,Khoi luong cong viec cao - uu tien giu chan
9470,2025-01-01,Finance,Internal Auditor,0,1,0.16585773788780053,16.59,Trung binh,3,Cap bac cao - thu nhap cao
9471,2025-01-01,Operations,Operations Manager,0,0,0.11610735373232389,11.61,Thap,3,Cap bac cao - thu nhap cao
9472,2025-01-01,Human Resources,Recruiter,0,0,0.0783869114669027,7.84,Thap,2,It tham nien - Khoi luong cong viec thap
9473,2025-01-01,Human Resources,C&B Specialist,1,0,0.11303750282996523,11.3,Thap,2,It tham nien - Khoi luong cong viec thap
9474,2025-01-01,Human Resources,HR Executive,0,0,0.06469833146755023,6.47,Thap,0,Lau nam - thang tien cham
9477,2025-01-01,Information Technology,Data Analyst,0,0,0.08294753160300672,8.29,Thap,0,Lau nam - thang tien cham
9478,2025-01-01,Marketing,Content Specialist,1,1,0.24959835884772216,24.96,Trung binh,1,Khoi luong cong viec cao - uu tien giu chan
9480,2025-01-01,Operations,Operations Manager,0,1,0.18452328511024912,18.45,Trung binh,2,It tham nien - Khoi luong cong viec thap
9481,2025-01-01,Information Technology,Data Analyst,0,0,0.13361934127389838,13.36,Thap,3,Cap bac cao - thu nhap cao
9482,2025-01-01,Sales,Account Manager,0,1,0.28196854445522934,28.2,Trung binh,1,Khoi luong cong viec cao - uu tien giu chan
9483,2025-01-01,Operations,Operations Manager,0,0,0.05362692293265418,5.36,Thap,2,It tham nien - Khoi luong cong viec thap
9484,2025-01-01,Operations,Operations Manager,0,0,0.1418608984626475,14.19,Thap,2,It tham nien - Khoi luong cong viec thap
9485,2025-01-01,Human Resources,HR Manager,1,0,0.08684523716877672,8.68,Thap,0,Lau nam - thang tien cham
9493,2025-01-01,Sales,Sales Representative,1,0,0.08567967204185366,8.57,Thap,0,Lau nam - thang tien cham
9496,2025-01-01,Sales,Sales Representative,0,0,0.09060904244980937,9.06,Thap,2,It tham nien - Khoi luong cong viec thap
9497,2025-01-01,Finance,Finance Manager,0,0,0.07046597187468139,7.05,Thap,3,Cap bac cao - thu nhap cao
9498,2025-01-01,Information Technology,System Administrator,0,1,0.2243196106209489,22.43,Trung binh,1,Khoi luong cong viec cao - uu tien giu chan
9501,2025-01-01,Information Technology,QA Engineer,0,0,0.14740946663835489,14.74,Thap,1,Khoi luong cong viec cao - uu tien giu chan
9502,2025-01-01,Finance,Internal Auditor,0,1,0.23111810811190098,23.11,Trung binh,1,Khoi luong cong viec cao - uu tien giu chan
9503,2025-01-01,Information Technology,Data Analyst,0,0,0.14535618285269458,14.54,Thap,2,It tham nien - Khoi luong cong viec thap
9504,2025-01-01,Information Technology,QA Engineer,0,0,0.12570508136817624,12.57,Thap,1,Khoi luong cong viec cao - uu tien giu chan
9505,2025-01-01,Human Resources,HR Manager,0,0,0.06347132148782583,6.35,Thap,2,It tham nien - Khoi luong cong viec thap
9507,2025-01-01,Operations,Operations Executive,0,0,0.12510044065048748,12.51,Thap,2,It tham nien - Khoi luong cong viec thap
9510,2025-01-01,Marketing,Marketing Manager,0,1,0.17151314108265564,17.15,Trung binh,0,Lau nam - thang tien cham
9512,2025-01-01,Sales,Sales Representative,0,0,0.09795225622083528,9.8,Thap,2,It tham nien - Khoi luong cong viec thap
9513,2025-01-01,Human Resources,Recruiter,0,1,0.21648834604449044,21.65,Trung binh,1,Khoi luong cong viec cao - uu tien giu chan
9515,2025-01-01,Sales,Sales Executive,0,0,0.09389181495984508,9.39,Thap,2,It tham nien - Khoi luong cong viec thap
9516,2025-01-01,Sales,Account Manager,0,1,0.16138290802581218,16.14,Trung binh,2,It tham nien - Khoi luong cong viec thap
9519,2025-01-01,Marketing,Content Specialist,0,0,0.11971172851013936,11.97,Thap,2,It tham nien - Khoi luong cong viec thap
9521,2025-01-01,Finance,Finance Manager,0,0,0.07258114388303553,7.26,Thap,2,It tham nien - Khoi luong cong viec thap
9522,2025-01-01,Operations,Operations Executive,0,1,0.1702718384634039,17.03,Trung binh,2,It tham nien - Khoi luong cong viec thap
9523,2025-01-01,Human Resources,C&B Specialist,0,0,0.016893282849469858,1.69,Thap,2,It tham nien - Khoi luong cong viec thap
9524,2025-01-01,Marketing,Marketing Manager,1,1,0.19200236061093198,19.2,Trung binh,1,Khoi luong cong viec cao - uu tien giu chan
9527,2025-01-01,Operations,Operations Manager,0,1,0.21964500562875094,21.96,Trung binh,1,Khoi luong cong viec cao - uu tien giu chan
9530,2025-01-01,Marketing,Content Specialist,0,0,0.10795854626626367,10.8,Thap,2,It tham nien - Khoi luong cong viec thap
9532,2025-01-01,Marketing,Marketing Manager,0,0,0.05440076379091015,5.44,Thap,3,Cap bac cao - thu nhap cao
9534,2025-01-01,Sales,Sales Supervisor,0,1,0.4848702859259951,48.49,Cao,1,Khoi luong cong viec cao - uu tien giu chan
9536,2025-01-01,Operations,Procurement Specialist,0,1,0.1925169090164663,19.25,Trung binh,3,Cap bac cao - thu nhap cao
9539,2025-01-01,Finance,Finance Manager,0,0,0.1146954059783435,11.47,Thap,1,Khoi luong cong viec cao - uu tien giu chan
9542,2025-01-01,Information Technology,IT Support,0,0,0.05899559190756079,5.9,Thap,0,Lau nam - thang tien cham
9543,2025-01-01,Finance,Accountant,1,0,0.13952070502363073,13.95,Thap,1,Khoi luong cong viec cao - uu tien giu chan
9546,2025-01-01,Sales,Sales Representative,1,0,0.09134545063467793,9.13,Thap,1,Khoi luong cong viec cao - uu tien giu chan
9547,2025-01-01,Finance,Finance Manager,0,0,0.0950061377301114,9.5,Thap,2,It tham nien - Khoi luong cong viec thap
9549,2025-01-01,Finance,Accountant,0,0,0.0979024448725827,9.79,Thap,3,Cap bac cao - thu nhap cao
9552,2025-01-01,Human Resources,HR Executive,0,1,0.18847843117240543,18.85,Trung binh,1,Khoi luong cong viec cao - uu tien giu chan
9554,2025-01-01,Operations,Warehouse Supervisor,0,0,0.11831211978740251,11.83,Thap,0,Lau nam - thang tien cham
9556,2025-01-01,Finance,Internal Auditor,0,0,0.1278319913673422,12.78,Thap,3,Cap bac cao - thu nhap cao
9560,2025-01-01,Finance,Financial Analyst,0,0,0.13404580704733987,13.4,Thap,2,It tham nien - Khoi luong cong viec thap
9561,2025-01-01,Sales,Sales Representative,0,0,0.017628931932964765,1.76,Thap,2,It tham nien - Khoi luong cong viec thap
9565,2025-01-01,Human Resources,HR Executive,0,0,0.09856827942216317,9.86,Thap,2,It tham nien - Khoi luong cong viec thap
9567,2025-01-01,Sales,Account Manager,1,1,0.2736398380518725,27.36,Trung binh,1,Khoi luong cong viec cao - uu tien giu chan
9568,2025-01-01,Operations,Warehouse Supervisor,0,0,0.05192684142594429,5.19,Thap,2,It tham nien - Khoi luong cong viec thap
9569,2025-01-01,Sales,Sales Supervisor,0,1,0.2032969932680888,20.33,Trung binh,1,Khoi luong cong viec cao - uu tien giu chan
9570,2025-01-01,Sales,Sales Representative,0,0,0.13735960322444984,13.74,Thap,3,Cap bac cao - thu nhap cao
9573,2025-01-01,Finance,Financial Analyst,0,1,0.17085791874171602,17.09,Trung binh,1,Khoi luong cong viec cao - uu tien giu chan
9575,2025-01-01,Information Technology,System Administrator,1,1,0.20244081394162952,20.24,Trung binh,1,Khoi luong cong viec cao - uu tien giu chan
9576,2025-01-01,Finance,Internal Auditor,1,0,0.1177591770306125,11.78,Thap,1,Khoi luong cong viec cao - uu tien giu chan
9579,2025-01-01,Marketing,Marketing Manager,0,1,0.23471337695281663,23.47,Trung binh,0,Lau nam - thang tien cham
9581,2025-01-01,Information Technology,Data Analyst,0,0,0.12638267864600586,12.64,Thap,2,It tham nien - Khoi luong cong viec thap
9582,2025-01-01,Sales,Sales Executive,0,0,0.07464679338337933,7.46,Thap,2,It tham nien - Khoi luong cong viec thap
9584,2025-01-01,Information Technology,IT Support,0,0,0.0635218850947778,6.35,Thap,2,It tham nien - Khoi luong cong viec thap
9588,2025-01-01,Finance,Accountant,0,0,0.017960296407395906,1.8,Thap,2,It tham nien - Khoi luong cong viec thap
9589,2025-01-01,Marketing,Content Specialist,0,0,0.15196624492673616,15.2,Thap,2,It tham nien - Khoi luong cong viec thap
9590,2025-01-01,Marketing,Marketing Executive,0,0,0.05658149703254207,5.66,Thap,2,It tham nien - Khoi luong cong viec thap
9592,2025-01-01,Human Resources,HR Manager,0,1,0.1914737969395229,19.15,Trung binh,1,Khoi luong cong viec cao - uu tien giu chan
9595,2025-01-01,Operations,Operations Executive,0,1,0.23409440949375115,23.41,Trung binh,1,Khoi luong cong viec cao - uu tien giu chan
9596,2025-01-01,Sales,Sales Supervisor,0,1,0.22583733875713788,22.58,Trung binh,2,It tham nien - Khoi luong cong viec thap
9597,2025-01-01,Sales,Sales Executive,0,0,0.056503866201915644,5.65,Thap,2,It tham nien - Khoi luong cong viec thap
9601,2025-01-01,Marketing,Digital Marketing Specialist,0,1,0.3030839149738903,30.31,Cao,1,Khoi luong cong viec cao - uu tien giu chan
9604,2025-01-01,Sales,Sales Representative,0,0,0.04260326102605116,4.26,Thap,3,Cap bac cao - thu nhap cao
9605,2025-01-01,Finance,Internal Auditor,0,0,0.07470089589504787,7.47,Thap,2,It tham nien - Khoi luong cong viec thap
9607,2025-01-01,Finance,Accountant,0,0,0.051427919003842706,5.14,Thap,2,It tham nien - Khoi luong cong viec thap
9608,2025-01-01,Finance,Financial Analyst,1,0,0.09593181332635542,9.59,Thap,1,Khoi luong cong viec cao - uu tien giu chan
9610,2025-01-01,Human Resources,HR Manager,0,0,0.1093678246259319,10.94,Thap,3,Cap bac cao - thu nhap cao
9615,2025-01-01,Sales,Sales Supervisor,1,1,0.17608082392725094,17.61,Trung binh,1,Khoi luong cong viec cao - uu tien giu chan
9617,2025-01-01,Finance,Financial Analyst,0,0,0.09046112224130384,9.05,Thap,0,Lau nam - thang tien cham
9623,2025-01-01,Sales,Sales Supervisor,0,0,0.03590604830952705,3.59,Thap,2,It tham nien - Khoi luong cong viec thap
9625,2025-01-01,Finance,Internal Auditor,0,1,0.3062518311725698,30.63,Cao,3,Cap bac cao - thu nhap cao
9626,2025-01-01,Information Technology,IT Support,0,1,0.1730744792109718,17.31,Trung binh,1,Khoi luong cong viec cao - uu tien giu chan
9627,2025-01-01,Marketing,Digital Marketing Specialist,1,1,0.17337820421133426,17.34,Trung binh,0,Lau nam - thang tien cham
9628,2025-01-01,Sales,Sales Supervisor,0,0,0.03655123110645767,3.66,Thap,3,Cap bac cao - thu nhap cao
9629,2025-01-01,Marketing,Digital Marketing Specialist,0,0,0.12509078530000797,12.51,Thap,0,Lau nam - thang tien cham
9632,2025-01-01,Finance,Internal Auditor,1,1,0.2338219980795067,23.38,Trung binh,0,Lau nam - thang tien cham
9636,2025-01-01,Finance,Finance Manager,0,0,0.07447242836361317,7.45,Thap,2,It tham nien - Khoi luong cong viec thap
9637,2025-01-01,Sales,Account Manager,0,0,0.14372192268157286,14.37,Thap,2,It tham nien - Khoi luong cong viec thap
9639,2025-01-01,Human Resources,Recruiter,0,0,0.056671129775378665,5.67,Thap,3,Cap bac cao - thu nhap cao
9643,2025-01-01,Human Resources,HR Manager,0,0,0.10078336898567206,10.08,Thap,3,Cap bac cao - thu nhap cao
9644,2025-01-01,Sales,Sales Executive,0,0,0.05491817916837649,5.49,Thap,2,It tham nien - Khoi luong cong viec thap
9648,2025-01-01,Information Technology,Data Analyst,0,0,0.051563225659871856,5.16,Thap,2,It tham nien - Khoi luong cong viec thap
9652,2025-01-01,Marketing,Content Specialist,0,0,0.10763405975531162,10.76,Thap,2,It tham nien - Khoi luong cong viec thap
9655,2025-01-01,Finance,Finance Manager,1,1,0.2974379291283321,29.74,Trung binh,1,Khoi luong cong viec cao - uu tien giu chan
9658,2025-01-01,Operations,Operations Executive,0,0,0.1371031671147166,13.71,Thap,3,Cap bac cao - thu nhap cao
9661,2025-01-01,Operations,Operations Executive,1,1,0.2698008326536545,26.98,Trung binh,1,Khoi luong cong viec cao - uu tien giu chan
9663,2025-01-01,Operations,Warehouse Supervisor,0,0,0.13275999727871388,13.28,Thap,3,Cap bac cao - thu nhap cao
9665,2025-01-01,Marketing,Marketing Manager,1,1,0.1911372135411831,19.11,Trung binh,1,Khoi luong cong viec cao - uu tien giu chan
9669,2025-01-01,Marketing,Content Specialist,0,1,0.21884870505984463,21.88,Trung binh,2,It tham nien - Khoi luong cong viec thap
9670,2025-01-01,Human Resources,C&B Specialist,0,0,0.061449781921978676,6.14,Thap,2,It tham nien - Khoi luong cong viec thap
9672,2025-01-01,Finance,Finance Manager,0,1,0.19610128634415638,19.61,Trung binh,1,Khoi luong cong viec cao - uu tien giu chan
9673,2025-01-01,Sales,Sales Executive,1,0,0.11732551507843017,11.73,Thap,1,Khoi luong cong viec cao - uu tien giu chan
9674,2025-01-01,Information Technology,IT Support,0,0,0.14700081180079413,14.7,Thap,1,Khoi luong cong viec cao - uu tien giu chan
9678,2025-01-01,Human Resources,HR Executive,0,0,0.05779820841524373,5.78,Thap,2,It tham nien - Khoi luong cong viec thap
9683,2025-01-01,Finance,Internal Auditor,0,0,0.053163198666201436,5.32,Thap,2,It tham nien - Khoi luong cong viec thap
9684,2025-01-01,Human Resources,HR Manager,0,0,0.04610270066495427,4.61,Thap,3,Cap bac cao - thu nhap cao
9685,2025-01-01,Sales,Sales Representative,0,0,0.059280548589804825,5.93,Thap,2,It tham nien - Khoi luong cong viec thap
9687,2025-01-01,Sales,Sales Executive,1,0,0.054776242663126175,5.48,Thap,2,It tham nien - Khoi luong cong viec thap
9688,2025-01-01,Information Technology,Data Analyst,1,0,0.1358578880356458,13.59,Thap,1,Khoi luong cong viec cao - uu tien giu chan
9689,2025-01-01,Marketing,Content Specialist,0,0,0.15938511707398123,15.94,Thap,1,Khoi luong cong viec cao - uu tien giu chan
9690,2025-01-01,Human Resources,Recruiter,1,1,0.33627629764894174,33.63,Cao,1,Khoi luong cong viec cao - uu tien giu chan
9693,2025-01-01,Operations,Operations Manager,0,0,0.09153252218963723,9.15,Thap,3,Cap bac cao - thu nhap cao
9694,2025-01-01,Marketing,Content Specialist,0,0,0.1275656203905243,12.76,Thap,2,It tham nien - Khoi luong cong viec thap
9696,2025-01-01,Marketing,Digital Marketing Specialist,0,0,0.09697648960582336,9.7,Thap,1,Khoi luong cong viec cao - uu tien giu chan
9697,2025-01-01,Human Resources,C&B Specialist,0,1,0.22763736774521934,22.76,Trung binh,1,Khoi luong cong viec cao - uu tien giu chan
9703,2025-01-01,Human Resources,HR Executive,1,0,0.03608869160934198,3.61,Thap,2,It tham nien - Khoi luong cong viec thap
9705,2025-01-01,Finance,Internal Auditor,0,0,0.0334777826174187,3.35,Thap,2,It tham nien - Khoi luong cong viec thap
9706,2025-01-01,Marketing,Digital Marketing Specialist,0,0,0.14884917121696922,14.88,Thap,1,Khoi luong cong viec cao - uu tien giu chan
9710,2025-01-01,Information Technology,IT Support,0,0,0.12309804091598431,12.31,Thap,2,It tham nien - Khoi luong cong viec thap
9712,2025-01-01,Operations,Operations Executive,1,1,0.19357196509207988,19.36,Trung binh,2,It tham nien - Khoi luong cong viec thap
9714,2025-01-01,Information Technology,IT Support,0,0,0.09756240595856434,9.76,Thap,2,It tham nien - Khoi luong cong viec thap
9716,2025-01-01,Human Resources,HR Manager,0,1,0.19305198869421475,19.31,Trung binh,3,Cap bac cao - thu nhap cao
9719,2025-01-01,Marketing,Marketing Executive,0,0,0.038188139664273535,3.82,Thap,3,Cap bac cao - thu nhap cao
9724,2025-01-01,Sales,Account Manager,1,1,0.24230027079065372,24.23,Trung binh,1,Khoi luong cong viec cao - uu tien giu chan
9726,2025-01-01,Human Resources,C&B Specialist,0,0,0.14031074627068363,14.03,Thap,3,Cap bac cao - thu nhap cao
9729,2025-01-01,Marketing,Content Specialist,0,1,0.18279598010476114,18.28,Trung binh,3,Cap bac cao - thu nhap cao
9730,2025-01-01,Marketing,Content Specialist,0,0,0.15254693417041368,15.25,Thap,3,Cap bac cao - thu nhap cao
9732,2025-01-01,Operations,Operations Manager,1,1,0.23625039219094984,23.63,Trung binh,1,Khoi luong cong viec cao - uu tien giu chan
9733,2025-01-01,Marketing,Marketing Manager,0,0,0.07066190398042829,7.07,Thap,2,It tham nien - Khoi luong cong viec thap
9737,2025-01-01,Finance,Accountant,0,0,0.09872144774486388,9.87,Thap,2,It tham nien - Khoi luong cong viec thap
9739,2025-01-01,Finance,Internal Auditor,1,1,0.3053593783824937,30.54,Cao,1,Khoi luong cong viec cao - uu tien giu chan
9741,2025-01-01,Operations,Procurement Specialist,1,1,0.34639368359586964,34.64,Cao,1,Khoi luong cong viec cao - uu tien giu chan
9742,2025-01-01,Human Resources,HR Manager,0,0,0.10641181178417393,10.64,Thap,2,It tham nien - Khoi luong cong viec thap
9743,2025-01-01,Information Technology,QA Engineer,0,1,0.2249987454571843,22.5,Trung binh,1,Khoi luong cong viec cao - uu tien giu chan
9746,2025-01-01,Human Resources,HR Executive,0,0,0.09696607242843977,9.7,Thap,2,It tham nien - Khoi luong cong viec thap
9747,2025-01-01,Finance,Finance Manager,0,1,0.1632570234178269,16.33,Trung binh,1,Khoi luong cong viec cao - uu tien giu chan
9750,2025-01-01,Information Technology,IT Support,0,0,0.13983017062850656,13.98,Thap,3,Cap bac cao - thu nhap cao
9757,2025-01-01,Information Technology,IT Support,0,0,0.07050657128053472,7.05,Thap,2,It tham nien - Khoi luong cong viec thap
9760,2025-01-01,Marketing,Marketing Executive,0,0,0.0938179496870711,9.38,Thap,2,It tham nien - Khoi luong cong viec thap
9762,2025-01-01,Information Technology,Software Engineer,0,0,0.14711000755009618,14.71,Thap,1,Khoi luong cong viec cao - uu tien giu chan
9765,2025-01-01,Finance,Financial Analyst,1,1,0.2224901550617026,22.25,Trung binh,1,Khoi luong cong viec cao - uu tien giu chan
9766,2025-01-01,Human Resources,C&B Specialist,0,0,0.11687110103457475,11.69,Thap,3,Cap bac cao - thu nhap cao
9769,2025-01-01,Marketing,Marketing Executive,0,1,0.24955415704823772,24.96,Trung binh,1,Khoi luong cong viec cao - uu tien giu chan
9771,2025-01-01,Sales,Account Manager,0,1,0.21535346925279308,21.54,Trung binh,1,Khoi luong cong viec cao - uu tien giu chan
9772,2025-01-01,Human Resources,C&B Specialist,0,1,0.22464581428281183,22.46,Trung binh,1,Khoi luong cong viec cao - uu tien giu chan
9774,2025-01-01,Operations,Warehouse Supervisor,0,1,0.18996354956093062,19.0,Trung binh,1,Khoi luong cong viec cao - uu tien giu chan
9775,2025-01-01,Sales,Sales Executive,0,1,0.18715285167397278,18.72,Trung binh,1,Khoi luong cong viec cao - uu tien giu chan
9779,2025-01-01,Finance,Internal Auditor,0,0,0.04160905763853423,4.16,Thap,2,It tham nien - Khoi luong cong viec thap
9786,2025-01-01,Finance,Accountant,0,0,0.07531763601016535,7.53,Thap,2,It tham nien - Khoi luong cong viec thap
9791,2025-01-01,Operations,Procurement Specialist,0,0,0.11516912620893069,11.52,Thap,2,It tham nien - Khoi luong cong viec thap
9792,2025-01-01,Human Resources,C&B Specialist,0,1,0.20056678883165205,20.06,Trung binh,1,Khoi luong cong viec cao - uu tien giu chan
9794,2025-01-01,Information Technology,System Administrator,0,0,0.036753881644683586,3.68,Thap,2,It tham nien - Khoi luong cong viec thap
9795,2025-01-01,Finance,Internal Auditor,0,1,0.1905135272089756,19.05,Trung binh,1,Khoi luong cong viec cao - uu tien giu chan
9797,2025-01-01,Marketing,Marketing Executive,0,1,0.2697277113274048,26.97,Trung binh,3,Cap bac cao - thu nhap cao
9799,2025-01-01,Marketing,Marketing Executive,0,0,0.13883833443590274,13.88,Thap,2,It tham nien - Khoi luong cong viec thap
9801,2025-01-01,Operations,Operations Manager,1,1,0.3701409135355272,37.01,Cao,0,Lau nam - thang tien cham
9804,2025-01-01,Human Resources,HR Executive,0,0,0.11847985430095777,11.85,Thap,1,Khoi luong cong viec cao - uu tien giu chan
9805,2025-01-01,Marketing,Marketing Manager,0,0,0.05469170635236868,5.47,Thap,1,Khoi luong cong viec cao - uu tien giu chan
9809,2025-01-01,Sales,Sales Representative,0,1,0.2007928273683672,20.08,Trung binh,2,It tham nien - Khoi luong cong viec thap
9811,2025-01-01,Finance,Financial Analyst,0,0,0.07163837272533702,7.16,Thap,2,It tham nien - Khoi luong cong viec thap
9817,2025-01-01,Marketing,Marketing Executive,1,0,0.1278602189892171,12.79,Thap,0,Lau nam - thang tien cham
9818,2025-01-01,Human Resources,C&B Specialist,0,0,0.05508385613587306,5.51,Thap,2,It tham nien - Khoi luong cong viec thap
9819,2025-01-01,Operations,Procurement Specialist,1,1,0.2534028584248524,25.34,Trung binh,1,Khoi luong cong viec cao - uu tien giu chan
9821,2025-01-01,Information Technology,IT Support,1,0,0.14710244857381233,14.71,Thap,3,Cap bac cao - thu nhap cao
9822,2025-01-01,Marketing,Digital Marketing Specialist,1,0,0.10549472334558745,10.55,Thap,1,Khoi luong cong viec cao - uu tien giu chan
9828,2025-01-01,Information Technology,Software Engineer,0,0,0.1108495204419954,11.08,Thap,3,Cap bac cao - thu nhap cao
9833,2025-01-01,Finance,Accountant,0,0,0.14901723573421952,14.9,Thap,2,It tham nien - Khoi luong cong viec thap
9836,2025-01-01,Marketing,Marketing Manager,0,0,0.0382755981289954,3.83,Thap,0,Lau nam - thang tien cham
9843,2025-01-01,Finance,Accountant,0,0,0.15984549170152126,15.98,Thap,3,Cap bac cao - thu nhap cao
9847,2025-01-01,Information Technology,QA Engineer,0,1,0.22758446839781535,22.76,Trung binh,2,It tham nien - Khoi luong cong viec thap
9849,2025-01-01,Operations,Operations Executive,0,0,0.075009563152056,7.5,Thap,2,It tham nien - Khoi luong cong viec thap
9850,2025-01-01,Marketing,Content Specialist,0,0,0.07965586097684907,7.97,Thap,0,Lau nam - thang tien cham
9853,2025-01-01,Information Technology,IT Support,0,0,0.15528746753650027,15.53,Thap,1,Khoi luong cong viec cao - uu tien giu chan
9854,2025-01-01,Human Resources,Recruiter,0,0,0.14670272319460098,14.67,Thap,1,Khoi luong cong viec cao - uu tien giu chan
9857,2025-01-01,Marketing,Digital Marketing Specialist,0,0,0.05672992778981203,5.67,Thap,2,It tham nien - Khoi luong cong viec thap
9860,2025-01-01,Sales,Sales Supervisor,0,0,0.15615904454040816,15.62,Thap,2,It tham nien - Khoi luong cong viec thap
9862,2025-01-01,Information Technology,IT Support,0,0,0.019620303857808965,1.96,Thap,2,It tham nien - Khoi luong cong viec thap
9870,2025-01-01,Marketing,Marketing Executive,0,0,0.0,0.0,Thap,3,Cap bac cao - thu nhap cao
9871,2025-01-01,Human Resources,HR Manager,0,1,0.21060151907016583,21.06,Trung binh,3,Cap bac cao - thu nhap cao
9872,2025-01-01,Information Technology,IT Support,0,0,0.05032672590922564,5.03,Thap,2,It tham nien - Khoi luong cong viec thap
9873,2025-01-01,Finance,Finance Manager,0,0,0.05649053342239336,5.65,Thap,2,It tham nien - Khoi luong cong viec thap
9874,2025-01-01,Information Technology,System Administrator,0,0,0.05650716113436171,5.65,Thap,2,It tham nien - Khoi luong cong viec thap
9875,2025-01-01,Human Resources,Recruiter,0,0,0.13643166303567153,13.64,Thap,1,Khoi luong cong viec cao - uu tien giu chan
9877,2025-01-01,Human Resources,HR Manager,0,0,0.0726309324941237,7.26,Thap,1,Khoi luong cong viec cao - uu tien giu chan
9879,2025-01-01,Marketing,Marketing Executive,0,0,0.11466094433306463,11.47,Thap,0,Lau nam - thang tien cham
9880,2025-01-01,Finance,Internal Auditor,0,0,0.13345040688861964,13.35,Thap,1,Khoi luong cong viec cao - uu tien giu chan
9882,2025-01-01,Finance,Internal Auditor,0,1,0.19746181195711285,19.75,Trung binh,2,It tham nien - Khoi luong cong viec thap
9884,2025-01-01,Operations,Procurement Specialist,0,1,0.24226178792839317,24.23,Trung binh,2,It tham nien - Khoi luong cong viec thap
9886,2025-01-01,Human Resources,C&B Specialist,0,1,0.16019653330372213,16.02,Trung binh,0,Lau nam - thang tien cham
9887,2025-01-01,Sales,Account Manager,0,0,0.1303669101502654,13.04,Thap,0,Lau nam - thang tien cham
9892,2025-01-01,Sales,Sales Executive,0,1,0.3117920215763294,31.18,Cao,1,Khoi luong cong viec cao - uu tien giu chan
9894,2025-01-01,Human Resources,HR Manager,0,0,0.0510988587383678,5.11,Thap,2,It tham nien - Khoi luong cong viec thap
9895,2025-01-01,Finance,Financial Analyst,0,0,0.06927717358537507,6.93,Thap,3,Cap bac cao - thu nhap cao
9896,2025-01-01,Marketing,Marketing Manager,0,0,0.017199168658128722,1.72,Thap,2,It tham nien - Khoi luong cong viec thap
9897,2025-01-01,Information Technology,Data Analyst,0,0,0.13770872416330646,13.77,Thap,0,Lau nam - thang tien cham
9902,2025-01-01,Information Technology,IT Support,0,0,0.07530205534944925,7.53,Thap,2,It tham nien - Khoi luong cong viec thap
9903,2025-01-01,Sales,Sales Supervisor,0,0,0.0726417422880511,7.26,Thap,0,Lau nam - thang tien cham
9906,2025-01-01,Marketing,Content Specialist,0,0,0.05728185024455892,5.73,Thap,2,It tham nien - Khoi luong cong viec thap
9907,2025-01-01,Operations,Operations Manager,1,0,0.0917365880724834,9.17,Thap,3,Cap bac cao - thu nhap cao
9908,2025-01-01,Marketing,Marketing Executive,0,0,0.087391578195858,8.74,Thap,2,It tham nien - Khoi luong cong viec thap
9909,2025-01-01,Information Technology,Data Analyst,1,0,0.15664317266727848,15.66,Thap,1,Khoi luong cong viec cao - uu tien giu chan
9910,2025-01-01,Operations,Procurement Specialist,0,1,0.16072369617994914,16.07,Trung binh,1,Khoi luong cong viec cao - uu tien giu chan
9912,2025-01-01,Marketing,Marketing Executive,0,1,0.172066917587756,17.21,Trung binh,2,It tham nien - Khoi luong cong viec thap
9913,2025-01-01,Marketing,Marketing Manager,0,0,0.08989798579302452,8.99,Thap,0,Lau nam - thang tien cham
9914,2025-01-01,Sales,Sales Supervisor,0,1,0.21723478518649803,21.72,Trung binh,1,Khoi luong cong viec cao - uu tien giu chan
9915,2025-01-01,Human Resources,C&B Specialist,0,0,0.09854468079314338,9.85,Thap,1,Khoi luong cong viec cao - uu tien giu chan
9916,2025-01-01,Human Resources,HR Executive,0,0,0.06374442838309761,6.37,Thap,2,It tham nien - Khoi luong cong viec thap
9917,2025-01-01,Marketing,Digital Marketing Specialist,0,1,0.20162128317424527,20.16,Trung binh,0,Lau nam - thang tien cham
9924,2025-01-01,Information Technology,IT Support,1,1,0.26391155950580164,26.39,Trung binh,3,Cap bac cao - thu nhap cao
9926,2025-01-01,Human Resources,C&B Specialist,0,0,0.10964808572478005,10.96,Thap,0,Lau nam - thang tien cham
9927,2025-01-01,Information Technology,System Administrator,0,1,0.2501192724866528,25.01,Trung binh,1,Khoi luong cong viec cao - uu tien giu chan
9929,2025-01-01,Information Technology,Data Analyst,1,1,0.20560221161091036,20.56,Trung binh,1,Khoi luong cong viec cao - uu tien giu chan
9932,2025-01-01,Marketing,Marketing Manager,0,0,0.10201893901866965,10.2,Thap,2,It tham nien - Khoi luong cong viec thap
9933,2025-01-01,Human Resources,HR Manager,0,1,0.1725526099862845,17.26,Trung binh,0,Lau nam - thang tien cham
9939,2025-01-01,Sales,Account Manager,0,0,0.09696956986015759,9.7,Thap,0,Lau nam - thang tien cham
9940,2025-01-01,Human Resources,C&B Specialist,0,0,0.12480063081793714,12.48,Thap,0,Lau nam - thang tien cham
9944,2025-01-01,Operations,Operations Manager,0,0,0.12141412675431759,12.14,Thap,2,It tham nien - Khoi luong cong viec thap
9945,2025-01-01,Finance,Financial Analyst,0,1,0.16194168010432983,16.19,Trung binh,2,It tham nien - Khoi luong cong viec thap
9946,2025-01-01,Finance,Finance Manager,0,0,0.08574870172210465,8.57,Thap,3,Cap bac cao - thu nhap cao
9948,2025-01-01,Human Resources,HR Executive,1,1,0.1633151437564274,16.33,Trung binh,1,Khoi luong cong viec cao - uu tien giu chan
9949,2025-01-01,Information Technology,System Administrator,0,1,0.18998740986898574,19.0,Trung binh,3,Cap bac cao - thu nhap cao
9950,2025-01-01,Human Resources,HR Manager,0,1,0.17260371972961835,17.26,Trung binh,0,Lau nam - thang tien cham
9951,2025-01-01,Sales,Sales Representative,0,0,0.03725543843624904,3.73,Thap,2,It tham nien - Khoi luong cong viec thap
9953,2025-01-01,Finance,Financial Analyst,0,0,0.15561882510923553,15.56,Thap,2,It tham nien - Khoi luong cong viec thap
9956,2025-01-01,Information Technology,Data Analyst,0,0,0.03366500122215425,3.37,Thap,2,It tham nien - Khoi luong cong viec thap
9961,2025-01-01,Marketing,Marketing Manager,1,0,0.12275447106024881,12.28,Thap,1,Khoi luong cong viec cao - uu tien giu chan
9966,2025-01-01,Information Technology,IT Support,0,1,0.20054986643746092,20.05,Trung binh,0,Lau nam - thang tien cham
9968,2025-01-01,Sales,Sales Executive,0,0,0.10133649545727137,10.13,Thap,3,Cap bac cao - thu nhap cao
9969,2025-01-01,Operations,Operations Executive,1,1,0.17026710790032587,17.03,Trung binh,3,Cap bac cao - thu nhap cao
9970,2025-01-01,Information Technology,System Administrator,1,0,0.04292263339155532,4.29,Thap,2,It tham nien - Khoi luong cong viec thap
9971,2025-01-01,Marketing,Content Specialist,0,0,0.10177308215985552,10.18,Thap,3,Cap bac cao - thu nhap cao
9972,2025-01-01,Finance,Accountant,0,0,0.07267156473764383,7.27,Thap,2,It tham nien - Khoi luong cong viec thap
9976,2025-01-01,Sales,Sales Representative,0,0,0.15733780914638143,15.73,Thap,3,Cap bac cao - thu nhap cao
9980,2025-01-01,Finance,Finance Manager,0,1,0.22605869852459218,22.61,Trung binh,2,It tham nien - Khoi luong cong viec thap
9981,2025-01-01,Sales,Sales Supervisor,0,0,0.08861395349017895,8.86,Thap,2,It tham nien - Khoi luong cong viec thap
9982,2025-01-01,Information Technology,Software Engineer,0,0,0.13415656055772207,13.42,Thap,1,Khoi luong cong viec cao - uu tien giu chan
9984,2025-01-01,Finance,Accountant,0,0,0.14701783473414864,14.7,Thap,0,Lau nam - thang tien cham
9985,2025-01-01,Information Technology,Data Analyst,0,0,0.09377715094279729,9.38,Thap,2,It tham nien - Khoi luong cong viec thap
9987,2025-01-01,Finance,Finance Manager,1,1,0.19311277802814897,19.31,Trung binh,1,Khoi luong cong viec cao - uu tien giu chan
9990,2025-01-01,Finance,Accountant,0,0,0.11220903450528322,11.22,Thap,2,It tham nien - Khoi luong cong viec thap
9996,2025-01-01,Finance,Finance Manager,0,0,0.037145791772079106,3.71,Thap,2,It tham nien - Khoi luong cong viec thap
9997,2025-01-01,Finance,Accountant,0,1,0.32270658817577924,32.27,Cao,1,Khoi luong cong viec cao - uu tien giu chan
9998,2025-01-01,Information Technology,System Administrator,0,0,0.13269835429179658,13.27,Thap,3,Cap bac cao - thu nhap cao
