MaNV,NgayThang,Nam,PhongBan,ChucDanh,ThucTeNghiViec,XacSuatNghiViec,DuDoanNghiViec
1,2025-01-01,2025,Sales,Sales Representative,0,0.1545736409291684,0
3,2025-01-01,2025,Finance,Finance Manager,0,0.18604911214847344,1
4,2025-01-01,2025,Human Resources,Recruiter,0,0.13760972356212325,0
5,2025-01-01,2025,Information Technology,IT Support,0,0.05710722991593634,0
10,2025-01-01,2025,Human Resources,C&B Specialist,1,0.14685799186929419,0
13,2025-01-01,2025,Sales,Sales Executive,1,0.20440358950603363,1
21,2025-01-01,2025,Human Resources,Recruiter,0,0.18572915117883612,1
24,2025-01-01,2025,Sales,Sales Representative,1,0.16923226854160345,1
28,2025-01-01,2025,Human Resources,C&B Specialist,1,0.12209344212140172,0
29,2025-01-01,2025,Human Resources,Recruiter,1,0.15030374437598945,0
30,2025-01-01,2025,Operations,Procurement Specialist,0,0.13427459551552928,0
31,2025-01-01,2025,Sales,Sales Supervisor,0,0.1256917258238378,0
32,2025-01-01,2025,Finance,Finance Manager,0,0.055525011970672396,0
37,2025-01-01,2025,Information Technology,QA Engineer,1,0.27540043725020874,1
38,2025-01-01,2025,Human Resources,HR Executive,0,0.1255125400667606,0
39,2025-01-01,2025,Human Resources,C&B Specialist,0,0.0930082897226368,0
41,2025-01-01,2025,Sales,Account Manager,1,0.19737971734642937,1
43,2025-01-01,2025,Marketing,Digital Marketing Specialist,0,0.10362190793413174,0
44,2025-01-01,2025,Marketing,Digital Marketing Specialist,0,0.017123484095857643,0
48,2025-01-01,2025,Information Technology,QA Engineer,0,0.25671583954621585,1
54,2025-01-01,2025,Marketing,Marketing Executive,0,0.07099111418182769,0
60,2025-01-01,2025,Finance,Internal Auditor,0,0.06290271175218903,0
62,2025-01-01,2025,Finance,Financial Analyst,0,0.1338452183665253,0
63,2025-01-01,2025,Information Technology,Data Analyst,0,0.04246118740253329,0
64,2025-01-01,2025,Marketing,Marketing Executive,0,0.15190431704828147,0
65,2025-01-01,2025,Finance,Internal Auditor,0,0.22022324966083034,1
66,2025-01-01,2025,Information Technology,IT Support,0,0.1586120184832431,1
70,2025-01-01,2025,Operations,Operations Executive,0,0.09220078259614307,0
71,2025-01-01,2025,Operations,Warehouse Supervisor,0,0.17355715966386134,1
72,2025-01-01,2025,Information Technology,IT Support,0,0.11223323674302091,0
73,2025-01-01,2025,Sales,Sales Representative,1,0.21535025182512887,1
74,2025-01-01,2025,Human Resources,Recruiter,1,0.0820373366649993,0
76,2025-01-01,2025,Sales,Sales Representative,0,0.06144535459442688,0
78,2025-01-01,2025,Human Resources,C&B Specialist,0,0.09429366308125357,0
79,2025-01-01,2025,Marketing,Digital Marketing Specialist,0,0.12216753767620173,0
80,2025-01-01,2025,Information Technology,Data Analyst,0,0.11930130719768381,0
82,2025-01-01,2025,Operations,Warehouse Supervisor,0,0.16711366089530064,1
83,2025-01-01,2025,Operations,Operations Executive,1,0.2380313928657342,1
85,2025-01-01,2025,Finance,Financial Analyst,0,0.3324934612941193,1
88,2025-01-01,2025,Operations,Warehouse Supervisor,0,0.13629695445108406,0
91,2025-01-01,2025,Sales,Sales Executive,1,0.1031082835286341,0
92,2025-01-01,2025,Operations,Operations Executive,1,0.28544906909994394,1
95,2025-01-01,2025,Finance,Financial Analyst,0,0.10075108791893762,0
98,2025-01-01,2025,Information Technology,IT Support,0,0.14581664517698312,0
102,2025-01-01,2025,Marketing,Digital Marketing Specialist,0,0.266097764530636,1
103,2025-01-01,2025,Finance,Internal Auditor,0,0.08033702210687695,0
104,2025-01-01,2025,Human Resources,HR Manager,0,0.10287215802360228,0
109,2025-01-01,2025,Information Technology,Software Engineer,0,0.20735121493906783,1
110,2025-01-01,2025,Marketing,Content Specialist,0,0.1719146729677221,1
115,2025-01-01,2025,Human Resources,C&B Specialist,0,0.08488387126623348,0
118,2025-01-01,2025,Information Technology,Software Engineer,0,0.3100833026253181,1
120,2025-01-01,2025,Operations,Warehouse Supervisor,0,0.1362942163559551,0
121,2025-01-01,2025,Human Resources,HR Manager,1,0.07914370699813622,0
125,2025-01-01,2025,Finance,Internal Auditor,0,0.2883557394903954,1
126,2025-01-01,2025,Marketing,Marketing Executive,0,0.13434126502039803,0
127,2025-01-01,2025,Finance,Finance Manager,0,0.12453904451253316,0
128,2025-01-01,2025,Finance,Accountant,0,0.1517982828300002,0
129,2025-01-01,2025,Sales,Account Manager,0,0.0512855100019914,0
130,2025-01-01,2025,Marketing,Digital Marketing Specialist,0,0.07748632160968827,0
131,2025-01-01,2025,Sales,Sales Executive,0,0.07523961042713724,0
136,2025-01-01,2025,Sales,Sales Executive,0,0.0810653725651098,0
138,2025-01-01,2025,Sales,Sales Executive,0,0.06976037300795564,0
139,2025-01-01,2025,Sales,Sales Representative,0,0.05666452349798871,0
140,2025-01-01,2025,Human Resources,HR Executive,0,0.10739232673781508,0
143,2025-01-01,2025,Operations,Procurement Specialist,0,0.07482631207003988,0
146,2025-01-01,2025,Finance,Internal Auditor,0,0.1940629209377861,1
149,2025-01-01,2025,Human Resources,Recruiter,0,0.09571740720703562,0
151,2025-01-01,2025,Information Technology,Software Engineer,0,0.03671034471227313,0
152,2025-01-01,2025,Human Resources,HR Manager,0,0.09754560867733435,0
153,2025-01-01,2025,Marketing,Digital Marketing Specialist,0,0.2713198708794668,1
158,2025-01-01,2025,Information Technology,Data Analyst,0,0.125131138513786,0
161,2025-01-01,2025,Sales,Sales Representative,1,0.11738802356184928,0
162,2025-01-01,2025,Marketing,Content Specialist,0,0.12578383051681447,0
166,2025-01-01,2025,Information Technology,QA Engineer,0,0.19561481714724493,1
167,2025-01-01,2025,Marketing,Digital Marketing Specialist,1,0.08837314901847411,0
170,2025-01-01,2025,Operations,Procurement Specialist,0,0.059773956560080894,0
171,2025-01-01,2025,Sales,Sales Representative,0,0.15316747064704306,0
175,2025-01-01,2025,Information Technology,Data Analyst,0,0.1005117971802537,0
176,2025-01-01,2025,Information Technology,Software Engineer,0,0.15962290599411455,1
178,2025-01-01,2025,Sales,Sales Supervisor,0,0.10327773641232817,0
180,2025-01-01,2025,Marketing,Marketing Manager,0,0.05474861399982612,0
181,2025-01-01,2025,Information Technology,IT Support,0,0.05656292801422688,0
182,2025-01-01,2025,Sales,Sales Supervisor,0,0.16687061870286635,1
184,2025-01-01,2025,Marketing,Content Specialist,0,0.07573131938865178,0
185,2025-01-01,2025,Marketing,Content Specialist,0,0.1527537371426937,0
187,2025-01-01,2025,Finance,Accountant,0,0.08220473518409331,0
189,2025-01-01,2025,Finance,Financial Analyst,0,0.10786088259142917,0
190,2025-01-01,2025,Sales,Sales Representative,0,0.17180605747565625,1
192,2025-01-01,2025,Operations,Procurement Specialist,0,0.2550379641493761,1
193,2025-01-01,2025,Information Technology,Data Analyst,0,0.08518886722019106,0
194,2025-01-01,2025,Finance,Financial Analyst,0,0.11949044332387866,0
195,2025-01-01,2025,Information Technology,QA Engineer,0,0.13451553788580586,0
198,2025-01-01,2025,Finance,Finance Manager,0,0.15514737481151025,0
199,2025-01-01,2025,Information Technology,IT Support,0,0.05854599560758064,0
200,2025-01-01,2025,Operations,Warehouse Supervisor,0,0.09406260348972738,0
201,2025-01-01,2025,Information Technology,IT Support,0,0.1501188863819377,0
205,2025-01-01,2025,Operations,Operations Manager,0,0.1515451099610469,0
206,2025-01-01,2025,Information Technology,QA Engineer,0,0.05699749590878335,0
210,2025-01-01,2025,Sales,Sales Executive,0,0.043514486079668534,0
211,2025-01-01,2025,Finance,Financial Analyst,0,0.07175635821847695,0
213,2025-01-01,2025,Sales,Sales Supervisor,0,0.169507244464837,1
216,2025-01-01,2025,Operations,Operations Executive,0,0.18129453606975796,1
218,2025-01-01,2025,Information Technology,IT Support,0,0.21142783419307132,1
219,2025-01-01,2025,Finance,Internal Auditor,0,0.25097744451174553,1
222,2025-01-01,2025,Sales,Sales Executive,0,0.08998874405394676,0
223,2025-01-01,2025,Marketing,Digital Marketing Specialist,0,0.16126311128636953,1
224,2025-01-01,2025,Operations,Warehouse Supervisor,0,0.2599446925117231,1
228,2025-01-01,2025,Information Technology,Data Analyst,0,0.11436266958636034,0
229,2025-01-01,2025,Human Resources,C&B Specialist,0,0.10716626548165636,0
233,2025-01-01,2025,Sales,Account Manager,0,0.15465542686280545,0
234,2025-01-01,2025,Finance,Accountant,0,0.18483436051422017,1
236,2025-01-01,2025,Marketing,Content Specialist,0,0.07640638403256882,0
237,2025-01-01,2025,Operations,Operations Manager,1,0.3953033629681416,1
238,2025-01-01,2025,Human Resources,HR Manager,0,0.14335678806814095,0
241,2025-01-01,2025,Finance,Internal Auditor,0,0.200616528450602,1
244,2025-01-01,2025,Marketing,Marketing Executive,1,0.1981341312824763,1
245,2025-01-01,2025,Finance,Finance Manager,0,0.08807322399348322,0
249,2025-01-01,2025,Marketing,Marketing Executive,0,0.08524646499316577,0
250,2025-01-01,2025,Marketing,Marketing Executive,1,0.18740647502145075,1
252,2025-01-01,2025,Information Technology,Data Analyst,0,0.11434816694270306,0
253,2025-01-01,2025,Sales,Sales Representative,0,0.1546001266503117,0
255,2025-01-01,2025,Sales,Sales Executive,1,0.18257878939701042,1
257,2025-01-01,2025,Sales,Sales Executive,0,0.06840432513568429,0
259,2025-01-01,2025,Sales,Sales Representative,0,0.15420022466871533,0
262,2025-01-01,2025,Operations,Operations Manager,1,0.05974839842762148,0
268,2025-01-01,2025,Information Technology,QA Engineer,0,0.14102184993861838,0
272,2025-01-01,2025,Sales,Account Manager,0,0.17215405075455337,1
273,2025-01-01,2025,Human Resources,Recruiter,0,0.08184243935014164,0
275,2025-01-01,2025,Information Technology,IT Support,0,0.05955091222018435,0
277,2025-01-01,2025,Operations,Operations Manager,0,0.17595861038978994,1
278,2025-01-01,2025,Marketing,Marketing Manager,0,0.05648554780929009,0
282,2025-01-01,2025,Marketing,Marketing Manager,0,0.14581741181421384,0
284,2025-01-01,2025,Finance,Finance Manager,0,0.14603874182386117,0
285,2025-01-01,2025,Finance,Financial Analyst,0,0.21013128297534595,1
286,2025-01-01,2025,Sales,Account Manager,0,0.1198768643552975,0
288,2025-01-01,2025,Sales,Sales Executive,0,0.1017514978667113,0
289,2025-01-01,2025,Human Resources,Recruiter,0,0.10304995608776857,0
290,2025-01-01,2025,Information Technology,QA Engineer,1,0.299625426407798,1
296,2025-01-01,2025,Finance,Financial Analyst,0,0.05846647278091635,0
298,2025-01-01,2025,Human Resources,HR Manager,0,0.20100843342055313,1
299,2025-01-01,2025,Marketing,Marketing Manager,0,0.08851873688226028,0
302,2025-01-01,2025,Operations,Operations Manager,1,0.2646906362453023,1
304,2025-01-01,2025,Information Technology,Data Analyst,0,0.1596737263916598,1
309,2025-01-01,2025,Operations,Operations Executive,1,0.25421269576200456,1
310,2025-01-01,2025,Marketing,Content Specialist,0,0.22519269761995944,1
311,2025-01-01,2025,Marketing,Marketing Manager,0,0.13899254078958329,0
314,2025-01-01,2025,Human Resources,Recruiter,0,0.11123377934942397,0
321,2025-01-01,2025,Information Technology,System Administrator,0,0.05630422579880963,0
323,2025-01-01,2025,Operations,Warehouse Supervisor,0,0.26450004582209796,1
330,2025-01-01,2025,Information Technology,System Administrator,0,0.0699120319684563,0
331,2025-01-01,2025,Marketing,Marketing Executive,0,0.2392743978808416,1
332,2025-01-01,2025,Operations,Operations Manager,0,0.09687252219812136,0
335,2025-01-01,2025,Information Technology,Data Analyst,0,0.15145103899024182,0
338,2025-01-01,2025,Marketing,Marketing Manager,0,0.12418227482365096,0
339,2025-01-01,2025,Finance,Finance Manager,0,0.16086547706420212,1
341,2025-01-01,2025,Information Technology,Data Analyst,0,0.058193217345020226,0
346,2025-01-01,2025,Sales,Sales Supervisor,0,0.18570364153935562,1
347,2025-01-01,2025,Marketing,Digital Marketing Specialist,0,0.016496061243408938,0
351,2025-01-01,2025,Finance,Financial Analyst,0,0.2209175260457389,1
353,2025-01-01,2025,Sales,Sales Executive,0,0.058083057098584814,0
354,2025-01-01,2025,Sales,Sales Representative,0,0.06371978481451826,0
356,2025-01-01,2025,Information Technology,Data Analyst,0,0.06624761775968857,0
365,2025-01-01,2025,Information Technology,Software Engineer,0,0.1246800832679166,0
366,2025-01-01,2025,Operations,Operations Executive,0,0.1402214250494802,0
367,2025-01-01,2025,Marketing,Content Specialist,0,0.17579490860346497,1
368,2025-01-01,2025,Operations,Warehouse Supervisor,0,0.09181992730887463,0
371,2025-01-01,2025,Marketing,Content Specialist,0,0.09299392966562234,0
372,2025-01-01,2025,Finance,Financial Analyst,0,0.143199225633943,0
374,2025-01-01,2025,Sales,Sales Representative,0,0.14063511434973888,0
378,2025-01-01,2025,Human Resources,HR Executive,0,0.09831314372148148,0
379,2025-01-01,2025,Finance,Internal Auditor,0,0.07845084911616558,0
380,2025-01-01,2025,Finance,Financial Analyst,0,0.16605421208500173,1
384,2025-01-01,2025,Human Resources,Recruiter,0,0.20490951945483152,1
385,2025-01-01,2025,Operations,Warehouse Supervisor,0,0.09314741921436775,0
387,2025-01-01,2025,Operations,Warehouse Supervisor,0,0.07961869624791187,0
388,2025-01-01,2025,Human Resources,HR Manager,0,0.09768155144249696,0
389,2025-01-01,2025,Marketing,Content Specialist,0,0.14877652936950553,0
391,2025-01-01,2025,Information Technology,IT Support,0,0.17641411108179067,1
394,2025-01-01,2025,Finance,Financial Analyst,0,0.15322333681540162,0
395,2025-01-01,2025,Human Resources,Recruiter,1,0.25363033614919356,1
402,2025-01-01,2025,Sales,Sales Representative,0,0.047946619325420645,0
405,2025-01-01,2025,Information Technology,Software Engineer,0,0.1137242626299817,0
406,2025-01-01,2025,Human Resources,C&B Specialist,0,0.11994397490504564,0
408,2025-01-01,2025,Operations,Operations Manager,0,0.12274066516659195,0
411,2025-01-01,2025,Human Resources,HR Manager,0,0.13019560693127205,0
413,2025-01-01,2025,Human Resources,HR Manager,0,0.09478649591687556,0
414,2025-01-01,2025,Sales,Sales Executive,0,0.14958319244040305,0
418,2025-01-01,2025,Information Technology,Software Engineer,0,0.13506893408837117,0
419,2025-01-01,2025,Finance,Internal Auditor,0,0.26235669612110524,1
423,2025-01-01,2025,Finance,Internal Auditor,0,0.0724860293550527,0
424,2025-01-01,2025,Marketing,Marketing Executive,0,0.0698189085489051,0
431,2025-01-01,2025,Finance,Financial Analyst,0,0.07732617997415174,0
433,2025-01-01,2025,Sales,Sales Supervisor,0,0.16057862127945102,1
434,2025-01-01,2025,Human Resources,Recruiter,0,0.12579152350742212,0
435,2025-01-01,2025,Finance,Internal Auditor,0,0.10609355395925953,0
436,2025-01-01,2025,Sales,Account Manager,0,0.22256583065134394,1
437,2025-01-01,2025,Finance,Accountant,0,0.1838054710104033,1
438,2025-01-01,2025,Marketing,Digital Marketing Specialist,0,0.10731865140816009,0
444,2025-01-01,2025,Human Resources,C&B Specialist,0,0.16623622687786505,1
447,2025-01-01,2025,Marketing,Marketing Manager,0,0.09209476848959552,0
448,2025-01-01,2025,Marketing,Digital Marketing Specialist,0,0.22646504613975155,1
450,2025-01-01,2025,Marketing,Content Specialist,0,0.1000811433021952,0
451,2025-01-01,2025,Marketing,Content Specialist,1,0.17086735199005523,1
454,2025-01-01,2025,Information Technology,QA Engineer,0,0.2289301635104235,1
459,2025-01-01,2025,Information Technology,IT Support,0,0.1953676403097149,1
460,2025-01-01,2025,Marketing,Digital Marketing Specialist,0,0.12541305683341053,0
464,2025-01-01,2025,Information Technology,Software Engineer,0,0.13348635449422924,0
467,2025-01-01,2025,Finance,Financial Analyst,0,0.15700960237510767,0
469,2025-01-01,2025,Sales,Sales Supervisor,0,0.27750216397999117,1
477,2025-01-01,2025,Sales,Sales Representative,0,0.07953001460276243,0
479,2025-01-01,2025,Information Technology,QA Engineer,0,0.1815294064293149,1
480,2025-01-01,2025,Information Technology,QA Engineer,0,0.15660904233728928,0
481,2025-01-01,2025,Human Resources,HR Executive,0,0.23359598421181166,1
482,2025-01-01,2025,Human Resources,Recruiter,1,0.24912771078198573,1
483,2025-01-01,2025,Information Technology,Software Engineer,0,0.3072110482286521,1
488,2025-01-01,2025,Operations,Operations Executive,0,0.15888774732548294,1
489,2025-01-01,2025,Information Technology,Software Engineer,0,0.14212415000946305,0
490,2025-01-01,2025,Finance,Internal Auditor,0,0.1658696279559182,1
491,2025-01-01,2025,Human Resources,HR Manager,0,0.04797055234568494,0
492,2025-01-01,2025,Human Resources,Recruiter,1,0.20247155945189116,1
494,2025-01-01,2025,Operations,Operations Manager,0,0.1343753078781127,0
495,2025-01-01,2025,Operations,Warehouse Supervisor,0,0.2958877245668767,1
497,2025-01-01,2025,Sales,Sales Representative,0,0.18996429151259886,1
499,2025-01-01,2025,Information Technology,Data Analyst,0,0.2709348041994106,1
501,2025-01-01,2025,Sales,Sales Representative,0,0.16341711532073297,1
505,2025-01-01,2025,Finance,Accountant,0,0.14006597213700794,0
508,2025-01-01,2025,Operations,Procurement Specialist,0,0.10492693874310517,0
515,2025-01-01,2025,Operations,Operations Executive,1,0.1646901342023022,1
518,2025-01-01,2025,Information Technology,Data Analyst,0,0.10516233723996007,0
527,2025-01-01,2025,Human Resources,HR Manager,0,0.1823985773590988,1
529,2025-01-01,2025,Human Resources,HR Manager,1,0.1048332808495177,0
530,2025-01-01,2025,Operations,Operations Executive,0,0.16905180053436117,1
532,2025-01-01,2025,Human Resources,C&B Specialist,0,0.16517557523019755,1
533,2025-01-01,2025,Marketing,Digital Marketing Specialist,0,0.13193732832918512,0
542,2025-01-01,2025,Human Resources,Recruiter,0,0.0967419802584299,0
543,2025-01-01,2025,Marketing,Digital Marketing Specialist,0,0.15496682271980136,0
547,2025-01-01,2025,Operations,Procurement Specialist,0,0.07014883730491692,0
549,2025-01-01,2025,Human Resources,HR Manager,0,0.20834463046480453,1
550,2025-01-01,2025,Human Resources,HR Manager,0,0.08240349923295597,0
552,2025-01-01,2025,Sales,Sales Supervisor,0,0.2633677671139766,1
553,2025-01-01,2025,Marketing,Content Specialist,1,0.26327315153537195,1
555,2025-01-01,2025,Marketing,Marketing Executive,0,0.22575174464099554,1
561,2025-01-01,2025,Operations,Procurement Specialist,0,0.05606941196785464,0
562,2025-01-01,2025,Marketing,Marketing Executive,1,0.28434046835665006,1
563,2025-01-01,2025,Marketing,Digital Marketing Specialist,0,0.13274068864969618,0
564,2025-01-01,2025,Operations,Operations Executive,0,0.10144751262348282,0
565,2025-01-01,2025,Operations,Warehouse Supervisor,0,0.1325416177092099,0
567,2025-01-01,2025,Human Resources,C&B Specialist,0,0.1394604855419843,0
568,2025-01-01,2025,Operations,Procurement Specialist,0,0.03653281386044026,0
575,2025-01-01,2025,Human Resources,Recruiter,0,0.22950114964997045,1
583,2025-01-01,2025,Human Resources,Recruiter,0,0.16478970730942485,1
584,2025-01-01,2025,Finance,Accountant,0,0.1059135447511272,0
585,2025-01-01,2025,Finance,Internal Auditor,0,0.15700920687635175,0
586,2025-01-01,2025,Human Resources,HR Manager,1,0.20607585879441148,1
589,2025-01-01,2025,Human Resources,Recruiter,0,0.28924779036575365,1
590,2025-01-01,2025,Information Technology,Data Analyst,0,0.12546011756588138,0
591,2025-01-01,2025,Finance,Finance Manager,0,0.08698714178247036,0
593,2025-01-01,2025,Marketing,Content Specialist,0,0.26841714388910065,1
595,2025-01-01,2025,Human Resources,HR Manager,0,0.15628350308923836,0
598,2025-01-01,2025,Information Technology,Data Analyst,0,0.11627139059199113,0
599,2025-01-01,2025,Operations,Operations Manager,0,0.10675643295757332,0
600,2025-01-01,2025,Finance,Internal Auditor,0,0.27506346462653286,1
602,2025-01-01,2025,Human Resources,HR Manager,0,0.136280171112287,0
607,2025-01-01,2025,Sales,Sales Executive,0,0.16401801704085264,1
608,2025-01-01,2025,Human Resources,HR Executive,0,0.07720774734067945,0
610,2025-01-01,2025,Sales,Account Manager,0,0.12344557780952022,0
611,2025-01-01,2025,Information Technology,QA Engineer,0,0.05571200894947106,0
612,2025-01-01,2025,Operations,Operations Executive,0,0.10937116026539451,0
613,2025-01-01,2025,Sales,Account Manager,0,0.09433826059118292,0
614,2025-01-01,2025,Operations,Operations Executive,0,0.09720820561189433,0
615,2025-01-01,2025,Information Technology,IT Support,1,0.22558196410163678,1
616,2025-01-01,2025,Marketing,Content Specialist,0,0.2880080880179757,1
618,2025-01-01,2025,Human Resources,HR Manager,0,0.0767365456575863,0
619,2025-01-01,2025,Marketing,Content Specialist,0,0.1446055405344452,0
622,2025-01-01,2025,Information Technology,IT Support,0,0.09680339681355561,0
624,2025-01-01,2025,Operations,Warehouse Supervisor,0,0.01895346051918615,0
626,2025-01-01,2025,Finance,Accountant,0,0.11937011439081845,0
631,2025-01-01,2025,Finance,Finance Manager,0,0.06782706941541959,0
632,2025-01-01,2025,Information Technology,Data Analyst,0,0.08619517112699052,0
633,2025-01-01,2025,Finance,Accountant,0,0.26606462844438,1
636,2025-01-01,2025,Sales,Account Manager,0,0.11766397937816077,0
637,2025-01-01,2025,Information Technology,IT Support,0,0.07702290383974174,0
638,2025-01-01,2025,Finance,Accountant,0,0.04701637896020492,0
639,2025-01-01,2025,Human Resources,Recruiter,0,0.22544004227999215,1
641,2025-01-01,2025,Operations,Operations Manager,0,0.07979393241235727,0
642,2025-01-01,2025,Information Technology,Software Engineer,0,0.1454653716934331,0
644,2025-01-01,2025,Finance,Accountant,0,0.09363620682979609,0
646,2025-01-01,2025,Finance,Financial Analyst,0,0.21542317144029385,1
647,2025-01-01,2025,Marketing,Marketing Manager,0,0.028719864840441655,0
648,2025-01-01,2025,Operations,Warehouse Supervisor,1,0.2688593935934038,1
649,2025-01-01,2025,Sales,Sales Representative,1,0.20850997995358486,1
650,2025-01-01,2025,Finance,Financial Analyst,0,0.2654609018638778,1
651,2025-01-01,2025,Operations,Procurement Specialist,1,0.029028728376092702,0
652,2025-01-01,2025,Sales,Sales Supervisor,0,0.26308418948143986,1
653,2025-01-01,2025,Sales,Sales Representative,0,0.04022085701258851,0
659,2025-01-01,2025,Sales,Sales Executive,0,0.3297883352704093,1
661,2025-01-01,2025,Human Resources,HR Manager,0,0.14780395181960526,0
663,2025-01-01,2025,Human Resources,C&B Specialist,0,0.06923942693959699,0
664,2025-01-01,2025,Information Technology,Data Analyst,1,0.21440124274739847,1
666,2025-01-01,2025,Information Technology,Data Analyst,0,0.10977125922300195,0
670,2025-01-01,2025,Marketing,Digital Marketing Specialist,0,0.15458325965037487,0
671,2025-01-01,2025,Human Resources,HR Manager,0,0.1317193537683225,0
673,2025-01-01,2025,Operations,Warehouse Supervisor,0,0.07358086613909778,0
675,2025-01-01,2025,Operations,Warehouse Supervisor,0,0.08659541417676685,0
676,2025-01-01,2025,Finance,Finance Manager,0,0.18988663638096906,1
680,2025-01-01,2025,Human Resources,C&B Specialist,0,0.14250299627870172,0
683,2025-01-01,2025,Human Resources,HR Executive,0,0.0886090383240966,0
684,2025-01-01,2025,Sales,Sales Supervisor,0,0.10929693954595404,0
685,2025-01-01,2025,Operations,Procurement Specialist,0,0.04815320396127825,0
691,2025-01-01,2025,Marketing,Marketing Executive,0,0.06953495552148542,0
692,2025-01-01,2025,Human Resources,C&B Specialist,0,0.18029757202958216,1
693,2025-01-01,2025,Sales,Sales Supervisor,0,0.12002865880246856,0
694,2025-01-01,2025,Marketing,Marketing Manager,0,0.13622769437120374,0
696,2025-01-01,2025,Finance,Finance Manager,0,0.08717141752913922,0
701,2025-01-01,2025,Finance,Financial Analyst,0,0.14393239330429494,0
703,2025-01-01,2025,Finance,Financial Analyst,0,0.03929279212175456,0
705,2025-01-01,2025,Human Resources,C&B Specialist,0,0.07538784194640973,0
709,2025-01-01,2025,Marketing,Digital Marketing Specialist,0,0.18586258123747068,1
710,2025-01-01,2025,Information Technology,Data Analyst,0,0.058966307079861155,0
715,2025-01-01,2025,Information Technology,IT Support,0,0.1187069406694163,0
720,2025-01-01,2025,Sales,Sales Representative,1,0.11883829223416977,0
721,2025-01-01,2025,Marketing,Digital Marketing Specialist,0,0.1780100453818911,1
731,2025-01-01,2025,Sales,Sales Representative,0,0.1492191651809246,0
734,2025-01-01,2025,Finance,Internal Auditor,0,0.09711550073676631,0
735,2025-01-01,2025,Information Technology,Data Analyst,0,0.05525369399497143,0
736,2025-01-01,2025,Operations,Operations Manager,0,0.4436675022648468,1
738,2025-01-01,2025,Operations,Operations Manager,0,0.07364148102888429,0
744,2025-01-01,2025,Information Technology,Software Engineer,0,0.19776290065186045,1
745,2025-01-01,2025,Operations,Procurement Specialist,0,0.09333788194094553,0
748,2025-01-01,2025,Information Technology,Data Analyst,0,0.10212634444959143,0
750,2025-01-01,2025,Finance,Financial Analyst,0,0.12938511823463583,0
752,2025-01-01,2025,Sales,Sales Executive,0,0.05640825290135467,0
753,2025-01-01,2025,Marketing,Marketing Executive,0,0.25839894587714185,1
758,2025-01-01,2025,Operations,Procurement Specialist,0,0.0934046075622641,0
759,2025-01-01,2025,Sales,Sales Executive,0,0.12245830248411446,0
764,2025-01-01,2025,Human Resources,HR Executive,0,0.06098905837721643,0
766,2025-01-01,2025,Finance,Internal Auditor,0,0.08205980822342322,0
768,2025-01-01,2025,Sales,Sales Supervisor,0,0.04757602955598449,0
770,2025-01-01,2025,Information Technology,System Administrator,0,0.09151207616656697,0
771,2025-01-01,2025,Finance,Internal Auditor,0,0.20409354796473483,1
773,2025-01-01,2025,Operations,Warehouse Supervisor,0,0.20911245265712666,1
775,2025-01-01,2025,Finance,Accountant,0,0.11359406825571985,0
776,2025-01-01,2025,Marketing,Marketing Executive,0,0.0890996718191108,0
777,2025-01-01,2025,Operations,Warehouse Supervisor,0,0.03820204030049209,0
779,2025-01-01,2025,Finance,Finance Manager,1,0.18157074106635288,1
784,2025-01-01,2025,Sales,Sales Executive,0,0.06817895813912209,0
786,2025-01-01,2025,Operations,Warehouse Supervisor,0,0.19837607220299783,1
787,2025-01-01,2025,Finance,Financial Analyst,0,0.04742165911025745,0
789,2025-01-01,2025,Sales,Sales Representative,0,0.17110490063365374,1
790,2025-01-01,2025,Marketing,Content Specialist,0,0.11161048330963172,0
791,2025-01-01,2025,Sales,Sales Supervisor,0,0.10787522735464251,0
792,2025-01-01,2025,Information Technology,Data Analyst,0,0.1411919277970629,0
796,2025-01-01,2025,Information Technology,Software Engineer,0,0.19643323567904836,1
798,2025-01-01,2025,Finance,Finance Manager,0,0.05458755354327227,0
799,2025-01-01,2025,Operations,Warehouse Supervisor,0,0.16112245174781853,1
800,2025-01-01,2025,Marketing,Marketing Manager,0,0.14684191510350558,0
802,2025-01-01,2025,Marketing,Marketing Executive,0,0.26516572931266175,1
803,2025-01-01,2025,Finance,Financial Analyst,0,0.13296051827286476,0
804,2025-01-01,2025,Information Technology,QA Engineer,0,0.06767765760263053,0
805,2025-01-01,2025,Information Technology,Software Engineer,0,0.11321895061238448,0
811,2025-01-01,2025,Operations,Procurement Specialist,0,0.18366685470515404,1
813,2025-01-01,2025,Sales,Account Manager,0,0.05867162598190065,0
815,2025-01-01,2025,Sales,Sales Supervisor,0,0.14274748660746375,0
816,2025-01-01,2025,Marketing,Digital Marketing Specialist,0,0.12834845237799192,0
818,2025-01-01,2025,Finance,Financial Analyst,0,0.08825139362741415,0
819,2025-01-01,2025,Sales,Sales Executive,0,0.04690693551271864,0
820,2025-01-01,2025,Information Technology,QA Engineer,0,0.146018269634103,0
821,2025-01-01,2025,Human Resources,HR Executive,0,0.08495449790281735,0
824,2025-01-01,2025,Marketing,Digital Marketing Specialist,0,0.0734459299552926,0
825,2025-01-01,2025,Human Resources,HR Manager,0,0.10782237051446539,0
826,2025-01-01,2025,Operations,Operations Executive,1,0.13729916073613688,0
832,2025-01-01,2025,Human Resources,C&B Specialist,0,0.13194323701555857,0
835,2025-01-01,2025,Human Resources,Recruiter,0,0.1220011959409853,0
836,2025-01-01,2025,Human Resources,Recruiter,0,0.06406331592352252,0
837,2025-01-01,2025,Finance,Finance Manager,0,0.32907846989942713,1
842,2025-01-01,2025,Human Resources,C&B Specialist,1,0.19806004507649394,1
845,2025-01-01,2025,Sales,Account Manager,0,0.1868368495256292,1
846,2025-01-01,2025,Sales,Account Manager,0,0.03956909767659416,0
849,2025-01-01,2025,Sales,Sales Supervisor,0,0.08085099307086932,0
852,2025-01-01,2025,Finance,Finance Manager,0,0.1300337461601325,0
854,2025-01-01,2025,Human Resources,HR Executive,0,0.1874610906121931,1
856,2025-01-01,2025,Finance,Internal Auditor,0,0.07961516681600413,0
857,2025-01-01,2025,Operations,Operations Manager,0,0.16878600259952242,1
858,2025-01-01,2025,Finance,Accountant,1,0.23151899985832097,1
860,2025-01-01,2025,Sales,Sales Supervisor,0,0.20995830284862835,1
862,2025-01-01,2025,Marketing,Digital Marketing Specialist,0,0.0865731337313674,0
863,2025-01-01,2025,Marketing,Marketing Executive,0,0.10713919656618157,0
866,2025-01-01,2025,Marketing,Content Specialist,0,0.08772208416526744,0
869,2025-01-01,2025,Sales,Sales Supervisor,0,0.3040810139673394,1
870,2025-01-01,2025,Finance,Accountant,0,0.06087340909828328,0
874,2025-01-01,2025,Marketing,Digital Marketing Specialist,0,0.17270168281744935,1
881,2025-01-01,2025,Human Resources,C&B Specialist,0,0.08606248644211534,0
882,2025-01-01,2025,Human Resources,Recruiter,0,0.15223868027438392,0
883,2025-01-01,2025,Marketing,Digital Marketing Specialist,0,0.06460213451279062,0
888,2025-01-01,2025,Operations,Operations Manager,0,0.08924316147702276,0
889,2025-01-01,2025,Finance,Internal Auditor,0,0.22326392420299665,1
890,2025-01-01,2025,Operations,Operations Executive,0,0.08101159020421599,0
891,2025-01-01,2025,Marketing,Digital Marketing Specialist,0,0.09129092004337296,0
892,2025-01-01,2025,Marketing,Marketing Executive,0,0.12672574626402638,0
895,2025-01-01,2025,Finance,Finance Manager,0,0.0797844434227091,0
896,2025-01-01,2025,Human Resources,Recruiter,0,0.1296749310780626,0
898,2025-01-01,2025,Sales,Sales Executive,0,0.14029436436390763,0
899,2025-01-01,2025,Information Technology,System Administrator,0,0.13699905055368866,0
900,2025-01-01,2025,Information Technology,IT Support,0,0.2055017985384072,1
904,2025-01-01,2025,Human Resources,HR Manager,0,0.21550933618496654,1
905,2025-01-01,2025,Finance,Accountant,0,0.11865271479235029,0
913,2025-01-01,2025,Sales,Account Manager,0,0.18545444748894122,1
914,2025-01-01,2025,Marketing,Content Specialist,0,0.08130000416876404,0
919,2025-01-01,2025,Human Resources,C&B Specialist,0,0.2514951520399136,1
924,2025-01-01,2025,Human Resources,HR Manager,0,0.24847557604916592,1
928,2025-01-01,2025,Finance,Financial Analyst,0,0.23799428834267303,1
933,2025-01-01,2025,Finance,Finance Manager,0,0.2797702669281674,1
934,2025-01-01,2025,Finance,Accountant,0,0.053296600216290665,0
936,2025-01-01,2025,Human Resources,HR Manager,1,0.21107502649226673,1
941,2025-01-01,2025,Operations,Procurement Specialist,0,0.14075894762086966,0
942,2025-01-01,2025,Finance,Internal Auditor,1,0.1975161621274008,1
947,2025-01-01,2025,Operations,Operations Executive,0,0.23930438738606605,1
949,2025-01-01,2025,Finance,Financial Analyst,0,0.14505854531398107,0
951,2025-01-01,2025,Information Technology,IT Support,1,0.0537591741300793,0
953,2025-01-01,2025,Human Resources,C&B Specialist,1,0.07805571997008016,0
954,2025-01-01,2025,Information Technology,Data Analyst,0,0.20365597442121727,1
957,2025-01-01,2025,Human Resources,Recruiter,0,0.10017688364772458,0
958,2025-01-01,2025,Finance,Financial Analyst,0,0.0842189204910371,0
964,2025-01-01,2025,Finance,Finance Manager,0,0.078532778771322,0
967,2025-01-01,2025,Information Technology,QA Engineer,0,0.15160672188960314,0
968,2025-01-01,2025,Marketing,Marketing Executive,0,0.07781965849627423,0
970,2025-01-01,2025,Information Technology,System Administrator,0,0.17539759561989066,1
974,2025-01-01,2025,Sales,Sales Supervisor,1,0.0679753447200845,0
976,2025-01-01,2025,Sales,Sales Executive,0,0.131908906086073,0
977,2025-01-01,2025,Human Resources,HR Manager,0,0.19237342566215893,1
978,2025-01-01,2025,Information Technology,Software Engineer,0,0.11609722194399508,0
985,2025-01-01,2025,Finance,Finance Manager,0,0.08682535791213615,0
987,2025-01-01,2025,Information Technology,QA Engineer,1,0.17173324791238706,1
990,2025-01-01,2025,Operations,Warehouse Supervisor,0,0.11383106788175028,0
993,2025-01-01,2025,Marketing,Content Specialist,0,0.16510323422848341,1
995,2025-01-01,2025,Operations,Operations Manager,0,0.05653461482794052,0
998,2025-01-01,2025,Operations,Procurement Specialist,0,0.06353192621069652,0
1001,2025-01-01,2025,Marketing,Content Specialist,0,0.13255998680912157,0
1002,2025-01-01,2025,Operations,Operations Executive,0,0.16792151361435212,1
1003,2025-01-01,2025,Marketing,Digital Marketing Specialist,0,0.20974766646331494,1
1007,2025-01-01,2025,Operations,Operations Manager,0,0.13210790791472876,0
1010,2025-01-01,2025,Operations,Procurement Specialist,0,0.16181801943400628,1
1012,2025-01-01,2025,Marketing,Content Specialist,0,0.15690793774900355,0
1016,2025-01-01,2025,Finance,Finance Manager,0,0.1188358494064865,0
1017,2025-01-01,2025,Human Resources,C&B Specialist,0,0.1687370759618834,1
1020,2025-01-01,2025,Information Technology,Data Analyst,0,0.33042152027040683,1
1021,2025-01-01,2025,Finance,Financial Analyst,0,0.08213158806960512,0
1022,2025-01-01,2025,Marketing,Marketing Executive,0,0.20817154373726504,1
1025,2025-01-01,2025,Finance,Internal Auditor,0,0.10911389011145078,0
1029,2025-01-01,2025,Human Resources,HR Executive,0,0.11416161367799006,0
1032,2025-01-01,2025,Finance,Financial Analyst,0,0.10515657897515467,0
1036,2025-01-01,2025,Information Technology,QA Engineer,0,0.1070761357853038,0
1040,2025-01-01,2025,Operations,Procurement Specialist,0,0.13207696903020677,0
1041,2025-01-01,2025,Operations,Warehouse Supervisor,0,0.1455051518001302,0
1042,2025-01-01,2025,Information Technology,System Administrator,0,0.10001238699002646,0
1043,2025-01-01,2025,Finance,Accountant,1,0.32577289945074145,1
1044,2025-01-01,2025,Sales,Account Manager,0,0.09273080354403708,0
1045,2025-01-01,2025,Information Technology,QA Engineer,0,0.15720317455353813,0
1051,2025-01-01,2025,Operations,Operations Manager,0,0.09871099979621485,0
1053,2025-01-01,2025,Information Technology,IT Support,0,0.051323415606376335,0
1055,2025-01-01,2025,Finance,Finance Manager,0,0.12783973744100582,0
1059,2025-01-01,2025,Finance,Finance Manager,0,0.10402754297951801,0
1064,2025-01-01,2025,Sales,Sales Representative,0,0.09509860815821346,0
1074,2025-01-01,2025,Sales,Sales Supervisor,0,0.1279479705596972,0
1075,2025-01-01,2025,Human Resources,C&B Specialist,1,0.046690085915078124,0
1076,2025-01-01,2025,Finance,Accountant,0,0.3562717383430675,1
1078,2025-01-01,2025,Information Technology,Data Analyst,0,0.1762031998984307,1
1082,2025-01-01,2025,Information Technology,Data Analyst,0,0.19557601186741586,1
1083,2025-01-01,2025,Finance,Accountant,1,0.17460529816872308,1
1085,2025-01-01,2025,Human Resources,Recruiter,0,0.12599678790184726,0
1086,2025-01-01,2025,Human Resources,HR Executive,0,0.054884322801777005,0
1088,2025-01-01,2025,Information Technology,Data Analyst,0,0.1273204544964739,0
1091,2025-01-01,2025,Human Resources,HR Executive,0,0.06504730982946863,0
1093,2025-01-01,2025,Sales,Account Manager,0,0.07537969666629288,0
1096,2025-01-01,2025,Human Resources,C&B Specialist,0,0.08771946313232636,0
1100,2025-01-01,2025,Finance,Finance Manager,0,0.02847151278053249,0
1109,2025-01-01,2025,Information Technology,Software Engineer,0,0.2636257127669283,1
1118,2025-01-01,2025,Marketing,Digital Marketing Specialist,0,0.09319499539889178,0
1119,2025-01-01,2025,Information Technology,QA Engineer,0,0.23372214624497117,1
1121,2025-01-01,2025,Marketing,Marketing Executive,0,0.21478721915920326,1
1125,2025-01-01,2025,Human Resources,HR Executive,0,0.15674873267802578,0
1129,2025-01-01,2025,Finance,Accountant,0,0.06428352676813717,0
1132,2025-01-01,2025,Operations,Operations Executive,0,0.06451277680975648,0
1139,2025-01-01,2025,Finance,Financial Analyst,0,0.12846377053086988,0
1140,2025-01-01,2025,Operations,Warehouse Supervisor,0,0.13540372526681918,0
1141,2025-01-01,2025,Operations,Operations Executive,0,0.19093172008012949,1
1142,2025-01-01,2025,Operations,Procurement Specialist,0,0.1790470202639822,1
1144,2025-01-01,2025,Marketing,Marketing Executive,0,0.15925758571054152,1
1146,2025-01-01,2025,Operations,Warehouse Supervisor,0,0.1280699979347418,0
1147,2025-01-01,2025,Human Resources,HR Executive,0,0.18247835042943567,1
1154,2025-01-01,2025,Information Technology,Data Analyst,0,0.10708576051773873,0
1155,2025-01-01,2025,Marketing,Content Specialist,1,0.2456283154457417,1
1157,2025-01-01,2025,Marketing,Digital Marketing Specialist,0,0.06586788836085819,0
1160,2025-01-01,2025,Sales,Sales Supervisor,0,0.24538389167510602,1
1162,2025-01-01,2025,Sales,Sales Supervisor,0,0.1386816234568368,0
1163,2025-01-01,2025,Sales,Sales Supervisor,0,0.21225899226478268,1
1164,2025-01-01,2025,Operations,Procurement Specialist,0,0.13510312313944953,0
1165,2025-01-01,2025,Finance,Financial Analyst,0,0.13626093919946672,0
1172,2025-01-01,2025,Marketing,Marketing Executive,0,0.15463115616076778,0
1174,2025-01-01,2025,Human Resources,C&B Specialist,1,0.09196391934354999,0
1176,2025-01-01,2025,Human Resources,C&B Specialist,0,0.10143226954784092,0
1178,2025-01-01,2025,Human Resources,HR Executive,1,0.23820999710901422,1
1180,2025-01-01,2025,Sales,Sales Supervisor,1,0.21936113517820524,1
1182,2025-01-01,2025,Sales,Sales Supervisor,0,0.04766346783532455,0
1184,2025-01-01,2025,Human Resources,Recruiter,0,0.1261987316251735,0
1190,2025-01-01,2025,Human Resources,Recruiter,0,0.11137855779777295,0
1193,2025-01-01,2025,Human Resources,C&B Specialist,0,0.07945223211446162,0
1195,2025-01-01,2025,Human Resources,C&B Specialist,0,0.14427491173295612,0
1201,2025-01-01,2025,Marketing,Marketing Manager,0,0.2668184301897507,1
1202,2025-01-01,2025,Sales,Sales Executive,0,0.13934139551341276,0
1203,2025-01-01,2025,Operations,Operations Executive,1,0.24922154045307468,1
1204,2025-01-01,2025,Finance,Accountant,0,0.05100950509274736,0
1205,2025-01-01,2025,Finance,Internal Auditor,0,0.08332906642405191,0
1207,2025-01-01,2025,Operations,Operations Manager,1,0.1781794332311759,1
1208,2025-01-01,2025,Marketing,Marketing Manager,1,0.31278929198306216,1
1209,2025-01-01,2025,Marketing,Digital Marketing Specialist,0,0.17264026866046706,1
1213,2025-01-01,2025,Information Technology,System Administrator,0,0.10949742395592078,0
1215,2025-01-01,2025,Information Technology,IT Support,0,0.21297400810509698,1
1216,2025-01-01,2025,Human Resources,Recruiter,0,0.1489232044337661,0
1222,2025-01-01,2025,Marketing,Digital Marketing Specialist,0,0.07585265049066982,0
1227,2025-01-01,2025,Information Technology,System Administrator,0,0.09457684915764158,0
1229,2025-01-01,2025,Sales,Sales Representative,0,0.16406888062625768,1
1235,2025-01-01,2025,Human Resources,Recruiter,0,0.09615573776697052,0
1238,2025-01-01,2025,Operations,Warehouse Supervisor,0,0.16306496505379037,1
1239,2025-01-01,2025,Sales,Account Manager,1,0.11762239142012662,0
1242,2025-01-01,2025,Finance,Accountant,0,0.08725099451089714,0
1243,2025-01-01,2025,Human Resources,HR Executive,0,0.13853881095669324,0
1245,2025-01-01,2025,Information Technology,Software Engineer,0,0.14753883993256436,0
1248,2025-01-01,2025,Marketing,Marketing Executive,0,0.08994427795994876,0
1250,2025-01-01,2025,Operations,Operations Executive,1,0.13853477535708705,0
1251,2025-01-01,2025,Information Technology,System Administrator,0,0.07852433320724428,0
1253,2025-01-01,2025,Finance,Accountant,0,0.12287654007613134,0
1255,2025-01-01,2025,Finance,Finance Manager,0,0.1337373822227138,0
1256,2025-01-01,2025,Marketing,Marketing Executive,0,0.10373886382904171,0
1261,2025-01-01,2025,Marketing,Marketing Manager,0,0.10395918285963286,0
1264,2025-01-01,2025,Finance,Financial Analyst,0,0.1083054126694627,0
1267,2025-01-01,2025,Operations,Procurement Specialist,0,0.13445384229541849,0
1268,2025-01-01,2025,Operations,Operations Executive,0,0.11644687760683195,0
1269,2025-01-01,2025,Human Resources,HR Executive,0,0.11208769484010381,0
1271,2025-01-01,2025,Finance,Internal Auditor,0,0.1329080362342592,0
1272,2025-01-01,2025,Sales,Account Manager,0,0.07754757047758423,0
1276,2025-01-01,2025,Marketing,Content Specialist,0,0.256613341921804,1
1281,2025-01-01,2025,Human Resources,HR Executive,0,0.10269331290007416,0
1283,2025-01-01,2025,Human Resources,Recruiter,1,0.1409999593725507,0
1284,2025-01-01,2025,Marketing,Content Specialist,0,0.14435821995599532,0
1291,2025-01-01,2025,Operations,Operations Executive,1,0.14389232417450448,0
1294,2025-01-01,2025,Information Technology,Software Engineer,0,0.07673125822966126,0
1295,2025-01-01,2025,Operations,Operations Executive,0,0.15787175821742258,1
1299,2025-01-01,2025,Information Technology,QA Engineer,1,0.33352904263610966,1
1300,2025-01-01,2025,Human Resources,Recruiter,0,0.06387400324237841,0
1301,2025-01-01,2025,Human Resources,HR Manager,0,0.10563951544773431,0
1305,2025-01-01,2025,Marketing,Content Specialist,0,0.2588527923999402,1
1306,2025-01-01,2025,Finance,Financial Analyst,1,0.09646137878248591,0
1307,2025-01-01,2025,Sales,Sales Supervisor,0,0.031552856309344374,0
1308,2025-01-01,2025,Human Resources,HR Executive,0,0.12996459714659037,0
1310,2025-01-01,2025,Marketing,Content Specialist,0,0.12785955144971123,0
1314,2025-01-01,2025,Sales,Sales Executive,0,0.10504185302044679,0
1316,2025-01-01,2025,Finance,Finance Manager,0,0.27828188308713725,1
1317,2025-01-01,2025,Human Resources,HR Executive,1,0.02755601827820415,0
1319,2025-01-01,2025,Human Resources,C&B Specialist,0,0.13008898023448767,0
1320,2025-01-01,2025,Finance,Accountant,0,0.13439709885768816,0
1325,2025-01-01,2025,Information Technology,IT Support,0,0.08545302663508561,0
1327,2025-01-01,2025,Information Technology,Software Engineer,0,0.06886095472349983,0
1329,2025-01-01,2025,Operations,Warehouse Supervisor,0,0.08445391881344695,0
1332,2025-01-01,2025,Information Technology,IT Support,0,0.056726532919523925,0
1337,2025-01-01,2025,Information Technology,IT Support,0,0.04585479116318683,0
1341,2025-01-01,2025,Information Technology,Data Analyst,0,0.1044458290700632,0
1343,2025-01-01,2025,Sales,Sales Representative,1,0.255612734060706,1
1347,2025-01-01,2025,Operations,Procurement Specialist,0,0.11342184022596058,0
1348,2025-01-01,2025,Finance,Finance Manager,1,0.09632827676771273,0
1349,2025-01-01,2025,Information Technology,Software Engineer,0,0.21888204538451486,1
1352,2025-01-01,2025,Marketing,Marketing Manager,0,0.10216599889662159,0
1356,2025-01-01,2025,Information Technology,System Administrator,0,0.24462529356789686,1
1360,2025-01-01,2025,Marketing,Marketing Executive,0,0.11583495642579078,0
1361,2025-01-01,2025,Finance,Finance Manager,0,0.1893363814615992,1
1362,2025-01-01,2025,Finance,Financial Analyst,0,0.18466137579157804,1
1365,2025-01-01,2025,Finance,Financial Analyst,0,0.27128111128851484,1
1366,2025-01-01,2025,Operations,Warehouse Supervisor,0,0.07876793712656176,0
1372,2025-01-01,2025,Marketing,Content Specialist,0,0.10299729727643112,0
1375,2025-01-01,2025,Finance,Finance Manager,0,0.0883701577047315,0
1376,2025-01-01,2025,Sales,Sales Representative,0,0.0702864493631433,0
1380,2025-01-01,2025,Marketing,Digital Marketing Specialist,0,0.08597014458602639,0
1383,2025-01-01,2025,Sales,Sales Supervisor,0,0.13918286610059732,0
1386,2025-01-01,2025,Marketing,Digital Marketing Specialist,1,0.21882178425243026,1
1388,2025-01-01,2025,Marketing,Digital Marketing Specialist,0,0.1187093187765271,0
1392,2025-01-01,2025,Finance,Financial Analyst,0,0.186889783037101,1
1393,2025-01-01,2025,Sales,Sales Supervisor,0,0.05450464149944475,0
1394,2025-01-01,2025,Marketing,Content Specialist,0,0.0996938701828708,0
1395,2025-01-01,2025,Human Resources,HR Manager,0,0.09974882157454559,0
1397,2025-01-01,2025,Finance,Accountant,0,0.08620805926164973,0
1398,2025-01-01,2025,Operations,Warehouse Supervisor,0,0.09747225047087439,0
1399,2025-01-01,2025,Finance,Finance Manager,0,0.03811015398165565,0
1402,2025-01-01,2025,Marketing,Digital Marketing Specialist,0,0.08907945191819708,0
1404,2025-01-01,2025,Finance,Finance Manager,0,0.11051517592866347,0
1406,2025-01-01,2025,Sales,Sales Supervisor,0,0.21601813937651446,1
1407,2025-01-01,2025,Operations,Operations Manager,0,0.09304688875586986,0
1410,2025-01-01,2025,Information Technology,IT Support,0,0.16942572086919988,1
1412,2025-01-01,2025,Sales,Account Manager,0,0.12629313767177697,0
1413,2025-01-01,2025,Human Resources,HR Manager,0,0.23721823099097072,1
1415,2025-01-01,2025,Sales,Sales Executive,0,0.1972717555693746,1
1418,2025-01-01,2025,Marketing,Marketing Executive,0,0.24470038218206083,1
1421,2025-01-01,2025,Marketing,Content Specialist,1,0.12423950249950282,0
1425,2025-01-01,2025,Human Resources,HR Executive,0,0.14419018635891082,0
1428,2025-01-01,2025,Sales,Sales Supervisor,1,0.06267961894705092,0
1429,2025-01-01,2025,Information Technology,IT Support,0,0.10067482502723948,0
1430,2025-01-01,2025,Operations,Warehouse Supervisor,0,0.10031897486563031,0
1431,2025-01-01,2025,Finance,Internal Auditor,0,0.22186871385494322,1
1432,2025-01-01,2025,Sales,Sales Supervisor,0,0.1375639085849703,0
1433,2025-01-01,2025,Finance,Internal Auditor,0,0.3086100376474086,1
1434,2025-01-01,2025,Marketing,Content Specialist,1,0.23449580684685686,1
1437,2025-01-01,2025,Marketing,Content Specialist,0,0.1320559156974697,0
1438,2025-01-01,2025,Information Technology,QA Engineer,0,0.23471067558537087,1
1439,2025-01-01,2025,Information Technology,Software Engineer,1,0.3707574734241813,1
1443,2025-01-01,2025,Finance,Internal Auditor,0,0.203001584026565,1
1446,2025-01-01,2025,Operations,Operations Executive,0,0.13156576959829533,0
1448,2025-01-01,2025,Human Resources,HR Executive,0,0.06064864496247109,0
1450,2025-01-01,2025,Operations,Warehouse Supervisor,0,0.09710494920831578,0
1453,2025-01-01,2025,Finance,Internal Auditor,0,0.06539449332499148,0
1456,2025-01-01,2025,Sales,Sales Representative,0,0.06667696350592343,0
1457,2025-01-01,2025,Human Resources,Recruiter,0,0.19238680961279034,1
1460,2025-01-01,2025,Human Resources,Recruiter,0,0.06860921537026232,0
1461,2025-01-01,2025,Human Resources,HR Manager,1,0.2811431734399144,1
1462,2025-01-01,2025,Operations,Operations Manager,1,0.1592483586109781,1
1464,2025-01-01,2025,Information Technology,System Administrator,0,0.10724292211135064,0
1465,2025-01-01,2025,Information Technology,QA Engineer,1,0.2722513218913043,1
1466,2025-01-01,2025,Information Technology,IT Support,0,0.30526310569703385,1
1470,2025-01-01,2025,Marketing,Marketing Executive,0,0.0590896989773394,0
1474,2025-01-01,2025,Marketing,Marketing Executive,0,0.017910448824030558,0
1475,2025-01-01,2025,Finance,Accountant,0,0.04552294280431392,0
1478,2025-01-01,2025,Marketing,Content Specialist,0,0.10280347002136822,0
1479,2025-01-01,2025,Sales,Sales Supervisor,0,0.09740368484040572,0
1480,2025-01-01,2025,Human Resources,C&B Specialist,0,0.09826512118711336,0
1481,2025-01-01,2025,Information Technology,System Administrator,0,0.05463568448238441,0
1482,2025-01-01,2025,Human Resources,HR Manager,0,0.13223472188194416,0
1484,2025-01-01,2025,Information Technology,System Administrator,0,0.08012501693406839,0
1486,2025-01-01,2025,Operations,Operations Executive,0,0.1874603590786289,1
1490,2025-01-01,2025,Finance,Accountant,0,0.0370642718300448,0
1491,2025-01-01,2025,Sales,Sales Supervisor,0,0.06728820418504876,0
1493,2025-01-01,2025,Human Resources,C&B Specialist,0,0.05807861558299499,0
1496,2025-01-01,2025,Human Resources,HR Manager,0,0.11525941063011655,0
1498,2025-01-01,2025,Finance,Finance Manager,0,0.07653989867909577,0
1499,2025-01-01,2025,Marketing,Marketing Executive,0,0.0665493426959147,0
1500,2025-01-01,2025,Finance,Financial Analyst,0,0.07235530899555236,0
1506,2025-01-01,2025,Marketing,Marketing Manager,0,0.05670566649456684,0
1508,2025-01-01,2025,Marketing,Digital Marketing Specialist,0,0.061834258028619235,0
1509,2025-01-01,2025,Operations,Operations Executive,0,0.12532117114174987,0
1511,2025-01-01,2025,Operations,Procurement Specialist,0,0.17522938502546212,1
1512,2025-01-01,2025,Human Resources,HR Manager,0,0.15067321486277016,0
1513,2025-01-01,2025,Marketing,Marketing Manager,0,0.11366847857595178,0
1516,2025-01-01,2025,Information Technology,System Administrator,0,0.12271241496467342,0
1517,2025-01-01,2025,Operations,Procurement Specialist,0,0.14172869591537587,0
1519,2025-01-01,2025,Finance,Accountant,1,0.1841793508141697,1
1523,2025-01-01,2025,Sales,Sales Supervisor,0,0.1956283906064329,1
1525,2025-01-01,2025,Operations,Procurement Specialist,0,0.13424591785547507,0
1526,2025-01-01,2025,Information Technology,Software Engineer,0,0.06687854854115462,0
1528,2025-01-01,2025,Marketing,Digital Marketing Specialist,0,0.04533543868396049,0
1529,2025-01-01,2025,Human Resources,C&B Specialist,0,0.06324068099156982,0
1530,2025-01-01,2025,Marketing,Marketing Executive,0,0.07678173600592599,0
1532,2025-01-01,2025,Human Resources,Recruiter,0,0.0914892932439238,0
1535,2025-01-01,2025,Sales,Account Manager,0,0.08640390807528286,0
1536,2025-01-01,2025,Sales,Sales Executive,1,0.10795400186645694,0
1537,2025-01-01,2025,Marketing,Digital Marketing Specialist,0,0.10970201602302405,0
1540,2025-01-01,2025,Information Technology,System Administrator,0,0.016785464764200054,0
1542,2025-01-01,2025,Human Resources,HR Executive,1,0.23830180089686182,1
1543,2025-01-01,2025,Sales,Sales Executive,0,0.0678894893231849,0
1546,2025-01-01,2025,Marketing,Digital Marketing Specialist,1,0.22723032089846495,1
1547,2025-01-01,2025,Operations,Warehouse Supervisor,0,0.23497571298838074,1
1548,2025-01-01,2025,Finance,Finance Manager,0,0.10786677953379584,0
1550,2025-01-01,2025,Marketing,Content Specialist,0,0.20708054906458223,1
1557,2025-01-01,2025,Finance,Internal Auditor,0,0.08021615697897745,0
1559,2025-01-01,2025,Operations,Operations Manager,0,0.10280624676557741,0
1560,2025-01-01,2025,Finance,Internal Auditor,1,0.23644892807883208,1
1562,2025-01-01,2025,Human Resources,C&B Specialist,1,0.24144283118512808,1
1564,2025-01-01,2025,Sales,Account Manager,0,0.08257487821395618,0
1565,2025-01-01,2025,Marketing,Content Specialist,0,0.13979873178318725,0
1568,2025-01-01,2025,Finance,Internal Auditor,1,0.15367989544234037,0
1570,2025-01-01,2025,Information Technology,Software Engineer,0,0.1546049078708439,0
1571,2025-01-01,2025,Finance,Financial Analyst,0,0.10072645596798584,0
1576,2025-01-01,2025,Operations,Warehouse Supervisor,0,0.14517035943452053,0
1579,2025-01-01,2025,Operations,Operations Executive,0,0.19023489390609913,1
1581,2025-01-01,2025,Information Technology,System Administrator,0,0.15041245093953132,0
1584,2025-01-01,2025,Finance,Financial Analyst,0,0.0638353014976092,0
1585,2025-01-01,2025,Sales,Sales Representative,0,0.12556602281179904,0
1586,2025-01-01,2025,Marketing,Digital Marketing Specialist,0,0.13131909327220898,0
1589,2025-01-01,2025,Information Technology,IT Support,0,0.14727537606437527,0
1590,2025-01-01,2025,Finance,Internal Auditor,1,0.14499993659471858,0
1591,2025-01-01,2025,Finance,Finance Manager,1,0.08163196851856973,0
1592,2025-01-01,2025,Marketing,Marketing Manager,1,0.08363561025131236,0
1593,2025-01-01,2025,Sales,Sales Executive,1,0.15706429707492403,0
1598,2025-01-01,2025,Marketing,Digital Marketing Specialist,0,0.1389315335783628,0
1600,2025-01-01,2025,Human Resources,HR Manager,1,0.28036604830367107,1
1603,2025-01-01,2025,Information Technology,Data Analyst,1,0.21183266452541033,1
1604,2025-01-01,2025,Human Resources,HR Manager,0,0.08734753156022876,0
1605,2025-01-01,2025,Information Technology,System Administrator,0,0.21071409560405635,1
1611,2025-01-01,2025,Finance,Financial Analyst,0,0.12676055273705394,0
1612,2025-01-01,2025,Information Technology,Data Analyst,0,0.0934226310973699,0
1618,2025-01-01,2025,Information Technology,System Administrator,0,0.20146049337430738,1
1620,2025-01-01,2025,Sales,Sales Executive,0,0.057505445283007085,0
1621,2025-01-01,2025,Information Technology,Software Engineer,0,0.10015598972258774,0
1623,2025-01-01,2025,Human Resources,HR Manager,0,0.3057882593841872,1
1624,2025-01-01,2025,Sales,Sales Representative,0,0.09143855584601177,0
1629,2025-01-01,2025,Human Resources,Recruiter,0,0.14173887084961687,0
1630,2025-01-01,2025,Information Technology,Software Engineer,0,0.1892032775866317,1
1631,2025-01-01,2025,Finance,Financial Analyst,0,0.1446592137203362,0
1636,2025-01-01,2025,Marketing,Marketing Manager,0,0.0758093469146915,0
1639,2025-01-01,2025,Operations,Procurement Specialist,0,0.0260781055241539,0
1640,2025-01-01,2025,Marketing,Marketing Executive,0,0.14929862952529235,0
1642,2025-01-01,2025,Marketing,Marketing Manager,0,0.0481048142035151,0
1643,2025-01-01,2025,Finance,Financial Analyst,0,0.080126577774303,0
1645,2025-01-01,2025,Marketing,Marketing Manager,0,0.04913326886772421,0
1646,2025-01-01,2025,Human Resources,C&B Specialist,0,0.17017228605671592,1
1647,2025-01-01,2025,Human Resources,HR Executive,0,0.15462452929343476,0
1648,2025-01-01,2025,Information Technology,QA Engineer,0,0.1520417640341995,0
1649,2025-01-01,2025,Finance,Finance Manager,0,0.1519704884098454,0
1651,2025-01-01,2025,Human Resources,HR Manager,0,0.1490448864809354,0
1655,2025-01-01,2025,Operations,Warehouse Supervisor,0,0.08037278384036924,0
1657,2025-01-01,2025,Information Technology,Software Engineer,0,0.09727211936329092,0
1659,2025-01-01,2025,Operations,Operations Manager,0,0.17723636064406748,1
1663,2025-01-01,2025,Operations,Operations Executive,0,0.14051998550536057,0
1665,2025-01-01,2025,Information Technology,IT Support,0,0.059392076196125076,0
1670,2025-01-01,2025,Human Resources,C&B Specialist,1,0.09039501749047439,0
1673,2025-01-01,2025,Human Resources,Recruiter,1,0.1723192916628238,1
1676,2025-01-01,2025,Sales,Account Manager,0,0.16020063699911846,1
1678,2025-01-01,2025,Operations,Operations Executive,0,0.25398190467471443,1
1679,2025-01-01,2025,Information Technology,System Administrator,0,0.1926510373604039,1
1680,2025-01-01,2025,Information Technology,Data Analyst,1,0.2264609350899715,1
1684,2025-01-01,2025,Human Resources,HR Manager,0,0.14599551443454384,0
1686,2025-01-01,2025,Marketing,Content Specialist,0,0.10930605758912698,0
1687,2025-01-01,2025,Marketing,Marketing Manager,0,0.19597914822684895,1
1688,2025-01-01,2025,Operations,Operations Executive,0,0.08469900092530497,0
1692,2025-01-01,2025,Human Resources,HR Executive,0,0.07618607787774212,0
1694,2025-01-01,2025,Sales,Sales Supervisor,0,0.09143614531028216,0
1698,2025-01-01,2025,Finance,Accountant,0,0.06870340407965775,0
1699,2025-01-01,2025,Finance,Internal Auditor,0,0.16275304182364808,1
1701,2025-01-01,2025,Sales,Sales Representative,0,0.23335206412188642,1
1703,2025-01-01,2025,Operations,Procurement Specialist,0,0.13144240207414568,0
1705,2025-01-01,2025,Information Technology,Data Analyst,0,0.07430491183942467,0
1708,2025-01-01,2025,Information Technology,Software Engineer,0,0.13968529795047221,0
1709,2025-01-01,2025,Marketing,Marketing Manager,1,0.08895756966661299,0
1711,2025-01-01,2025,Information Technology,IT Support,0,0.03609431993446329,0
1717,2025-01-01,2025,Sales,Sales Representative,1,0.09315463370438673,0
1718,2025-01-01,2025,Sales,Account Manager,0,0.10775931300192838,0
1727,2025-01-01,2025,Sales,Sales Representative,0,0.20802323547600968,1
1728,2025-01-01,2025,Sales,Account Manager,1,0.14518121570432194,0
1729,2025-01-01,2025,Information Technology,Data Analyst,0,0.3225935986929229,1
1730,2025-01-01,2025,Sales,Sales Representative,0,0.19013797589342002,1
1731,2025-01-01,2025,Human Resources,Recruiter,0,0.16502954705006972,1
1733,2025-01-01,2025,Sales,Sales Representative,0,0.05828893228496481,0
1734,2025-01-01,2025,Sales,Sales Supervisor,0,0.11895239478184354,0
1743,2025-01-01,2025,Marketing,Marketing Manager,0,0.04629281111985178,0
1745,2025-01-01,2025,Finance,Accountant,0,0.06628606553200089,0
1747,2025-01-01,2025,Marketing,Marketing Executive,0,0.06565391437794876,0
1749,2025-01-01,2025,Marketing,Digital Marketing Specialist,0,0.123446842923027,0
1751,2025-01-01,2025,Human Resources,HR Executive,0,0.09943178630390052,0
1752,2025-01-01,2025,Marketing,Marketing Manager,0,0.10850726713757296,0
1760,2025-01-01,2025,Human Resources,C&B Specialist,0,0.22580472197136175,1
1761,2025-01-01,2025,Marketing,Marketing Manager,0,0.1351241948139934,0
1762,2025-01-01,2025,Operations,Operations Manager,0,0.07888501160571748,0
1764,2025-01-01,2025,Human Resources,HR Manager,0,0.08358010829258176,0
1765,2025-01-01,2025,Sales,Sales Executive,0,0.05943979708287936,0
1767,2025-01-01,2025,Marketing,Marketing Executive,0,0.14007124700794094,0
1768,2025-01-01,2025,Operations,Warehouse Supervisor,1,0.08740143280984408,0
1771,2025-01-01,2025,Marketing,Marketing Executive,1,0.12214578817711635,0
1773,2025-01-01,2025,Human Resources,HR Manager,0,0.06948881577573547,0
1774,2025-01-01,2025,Marketing,Content Specialist,0,0.1709155818178582,1
1775,2025-01-01,2025,Sales,Account Manager,0,0.08814665772093626,0
1778,2025-01-01,2025,Information Technology,Data Analyst,0,0.25989642105745453,1
1781,2025-01-01,2025,Operations,Warehouse Supervisor,0,0.08496552368062586,0
1787,2025-01-01,2025,Information Technology,IT Support,1,0.22376970892529702,1
1790,2025-01-01,2025,Information Technology,Software Engineer,1,0.08963651528393261,0
1792,2025-01-01,2025,Information Technology,Software Engineer,0,0.2773353705670155,1
1796,2025-01-01,2025,Operations,Operations Manager,0,0.12982008772166392,0
1798,2025-01-01,2025,Sales,Sales Executive,0,0.2350988770916319,1
1799,2025-01-01,2025,Finance,Finance Manager,0,0.09411606029899951,0
1802,2025-01-01,2025,Marketing,Marketing Executive,1,0.19849607834006958,1
1805,2025-01-01,2025,Human Resources,Recruiter,1,0.32441937067951715,1
1808,2025-01-01,2025,Marketing,Content Specialist,0,0.03302586627983955,0
1815,2025-01-01,2025,Marketing,Marketing Executive,0,0.21975002383892195,1
1818,2025-01-01,2025,Information Technology,Software Engineer,0,0.09050906701840972,0
1820,2025-01-01,2025,Information Technology,QA Engineer,0,0.2298341296926595,1
1824,2025-01-01,2025,Finance,Internal Auditor,0,0.0400994687242182,0
1829,2025-01-01,2025,Information Technology,IT Support,0,0.2180324983335476,1
1833,2025-01-01,2025,Finance,Finance Manager,0,0.13230194394670725,0
1837,2025-01-01,2025,Marketing,Content Specialist,1,0.18292635408215166,1
1838,2025-01-01,2025,Information Technology,IT Support,0,0.05488550903289105,0
1839,2025-01-01,2025,Human Resources,HR Executive,0,0.10541761732075039,0
1843,2025-01-01,2025,Marketing,Marketing Executive,0,0.190229652219611,1
1847,2025-01-01,2025,Sales,Sales Supervisor,0,0.1189073924567873,0
1848,2025-01-01,2025,Finance,Finance Manager,1,0.046164574917326645,0
1850,2025-01-01,2025,Sales,Sales Supervisor,1,0.19415069966910567,1
1851,2025-01-01,2025,Information Technology,Software Engineer,1,0.09648504472563013,0
1852,2025-01-01,2025,Sales,Sales Representative,0,0.04769571071501427,0
1854,2025-01-01,2025,Information Technology,QA Engineer,0,0.048841249681515854,0
1857,2025-01-01,2025,Sales,Sales Representative,0,0.13458545109839748,0
1859,2025-01-01,2025,Information Technology,Data Analyst,0,0.08665909822513755,0
1861,2025-01-01,2025,Information Technology,Software Engineer,0,0.21913311750223236,1
1865,2025-01-01,2025,Marketing,Marketing Executive,1,0.17499168960431977,1
1872,2025-01-01,2025,Sales,Sales Representative,0,0.0848971323251025,0
1875,2025-01-01,2025,Sales,Sales Executive,1,0.1842763456303354,1
1878,2025-01-01,2025,Information Technology,System Administrator,0,0.04103926424425465,0
1883,2025-01-01,2025,Finance,Accountant,0,0.20554759128944766,1
1884,2025-01-01,2025,Sales,Account Manager,0,0.08873329063832384,0
1886,2025-01-01,2025,Information Technology,System Administrator,0,0.09816263474716641,0
1887,2025-01-01,2025,Marketing,Marketing Executive,0,0.07118575459259627,0
1889,2025-01-01,2025,Information Technology,QA Engineer,0,0.1258733559142432,0
1891,2025-01-01,2025,Finance,Internal Auditor,0,0.10230076747028835,0
1892,2025-01-01,2025,Sales,Sales Executive,0,0.22572015950961835,1
1894,2025-01-01,2025,Finance,Financial Analyst,0,0.10736275404473866,0
1895,2025-01-01,2025,Information Technology,Data Analyst,0,0.0949675415344568,0
1900,2025-01-01,2025,Information Technology,System Administrator,0,0.13444350735810182,0
1901,2025-01-01,2025,Finance,Internal Auditor,0,0.06222155821087346,0
1903,2025-01-01,2025,Finance,Financial Analyst,0,0.3140252003469527,1
1905,2025-01-01,2025,Finance,Financial Analyst,1,0.11757789687321744,0
1906,2025-01-01,2025,Information Technology,Software Engineer,0,0.1518129188841329,0
1909,2025-01-01,2025,Marketing,Marketing Executive,0,0.14405755370754028,0
1910,2025-01-01,2025,Information Technology,IT Support,0,0.06919756708763869,0
1912,2025-01-01,2025,Operations,Operations Manager,1,0.25374959457496865,1
1914,2025-01-01,2025,Marketing,Marketing Executive,0,0.08266545325283267,0
1916,2025-01-01,2025,Information Technology,QA Engineer,0,0.10197204632121133,0
1917,2025-01-01,2025,Human Resources,HR Executive,0,0.09573983056563891,0
1919,2025-01-01,2025,Human Resources,Recruiter,0,0.06654149914319932,0
1921,2025-01-01,2025,Sales,Sales Executive,0,0.15832198435336428,1
1922,2025-01-01,2025,Marketing,Marketing Manager,0,0.15310762131679814,0
1923,2025-01-01,2025,Sales,Account Manager,0,0.09731751903749365,0
1924,2025-01-01,2025,Marketing,Content Specialist,0,0.08582082167840073,0
1926,2025-01-01,2025,Human Resources,HR Manager,0,0.18445067242789454,1
1927,2025-01-01,2025,Marketing,Content Specialist,1,0.09715113504045701,0
1930,2025-01-01,2025,Sales,Account Manager,0,0.15778033994887636,1
1931,2025-01-01,2025,Information Technology,IT Support,0,0.07805568139938145,0
1934,2025-01-01,2025,Human Resources,HR Executive,0,0.3093965822153811,1
1935,2025-01-01,2025,Finance,Accountant,1,0.21601402834096647,1
1937,2025-01-01,2025,Finance,Finance Manager,0,0.07775875212575666,0
1938,2025-01-01,2025,Sales,Account Manager,0,0.08692563151341037,0
1939,2025-01-01,2025,Human Resources,HR Executive,1,0.26852462716083797,1
1940,2025-01-01,2025,Operations,Operations Executive,1,0.20506187783130786,1
1942,2025-01-01,2025,Information Technology,IT Support,0,0.07466787490518847,0
1943,2025-01-01,2025,Sales,Account Manager,0,0.17058403642758088,1
1946,2025-01-01,2025,Operations,Operations Manager,0,0.09471652795531331,0
1949,2025-01-01,2025,Finance,Finance Manager,1,0.11958280701440459,0
1950,2025-01-01,2025,Sales,Sales Supervisor,0,0.16101975089790335,1
1951,2025-01-01,2025,Operations,Warehouse Supervisor,0,0.14665335663659443,0
1954,2025-01-01,2025,Operations,Operations Manager,0,0.3009795323691049,1
1955,2025-01-01,2025,Finance,Internal Auditor,0,0.13761392617343507,0
1956,2025-01-01,2025,Human Resources,HR Executive,0,0.13842247696336935,0
1958,2025-01-01,2025,Sales,Sales Representative,0,0.07590040943851506,0
1962,2025-01-01,2025,Operations,Operations Manager,1,0.2925784288532482,1
1964,2025-01-01,2025,Sales,Sales Supervisor,1,0.33089169799520635,1
1965,2025-01-01,2025,Marketing,Marketing Manager,0,0.06859418985647187,0
1966,2025-01-01,2025,Finance,Financial Analyst,0,0.12719638654847049,0
1967,2025-01-01,2025,Information Technology,IT Support,0,0.1901697073441956,1
1968,2025-01-01,2025,Human Resources,HR Executive,0,0.11350153027056968,0
1969,2025-01-01,2025,Human Resources,Recruiter,0,0.16945321012425194,1
1970,2025-01-01,2025,Sales,Sales Representative,0,0.047021168033751025,0
1971,2025-01-01,2025,Marketing,Digital Marketing Specialist,0,0.06735910557469546,0
1973,2025-01-01,2025,Marketing,Digital Marketing Specialist,0,0.07914777141391932,0
1974,2025-01-01,2025,Human Resources,HR Manager,0,0.20289153093632892,1
1975,2025-01-01,2025,Operations,Warehouse Supervisor,1,0.3827506825014209,1
1976,2025-01-01,2025,Human Resources,Recruiter,0,0.17876810237983426,1
1977,2025-01-01,2025,Operations,Procurement Specialist,0,0.2235438893195155,1
1979,2025-01-01,2025,Human Resources,HR Manager,0,0.1061341560952691,0
1980,2025-01-01,2025,Sales,Sales Representative,1,0.18618389724710638,1
1983,2025-01-01,2025,Finance,Internal Auditor,0,0.06919092079391129,0
1984,2025-01-01,2025,Human Resources,HR Manager,0,0.0692999386774553,0
1986,2025-01-01,2025,Marketing,Marketing Executive,0,0.10067422302405953,0
1987,2025-01-01,2025,Sales,Sales Executive,0,0.07597719992242463,0
1990,2025-01-01,2025,Operations,Operations Executive,0,0.07394459919753352,0
1992,2025-01-01,2025,Information Technology,IT Support,0,0.08187435800314916,0
1993,2025-01-01,2025,Human Resources,Recruiter,0,0.081826199221907,0
1994,2025-01-01,2025,Sales,Sales Representative,0,0.10063615825670845,0
1997,2025-01-01,2025,Sales,Sales Representative,0,0.26418627863167277,1
2000,2025-01-01,2025,Information Technology,Data Analyst,0,0.04538626097655599,0
2001,2025-01-01,2025,Human Resources,C&B Specialist,0,0.0709339631629957,0
2003,2025-01-01,2025,Finance,Finance Manager,0,0.07660943000425277,0
2005,2025-01-01,2025,Marketing,Marketing Manager,0,0.24739405945914913,1
2007,2025-01-01,2025,Sales,Sales Supervisor,0,0.16055653983564422,1
2008,2025-01-01,2025,Human Resources,Recruiter,0,0.14203091271434948,0
2009,2025-01-01,2025,Sales,Sales Executive,0,0.11721405875517302,0
2011,2025-01-01,2025,Marketing,Marketing Manager,0,0.04892483741543515,0
2013,2025-01-01,2025,Marketing,Marketing Manager,0,0.11116398392204245,0
2019,2025-01-01,2025,Human Resources,C&B Specialist,0,0.09261815454838865,0
2024,2025-01-01,2025,Human Resources,HR Executive,0,0.09765873682362915,0
2025,2025-01-01,2025,Information Technology,System Administrator,0,0.19074173900916036,1
2027,2025-01-01,2025,Finance,Finance Manager,0,0.09218159816886279,0
2029,2025-01-01,2025,Information Technology,System Administrator,0,0.12628832962396097,0
2030,2025-01-01,2025,Finance,Finance Manager,0,0.12642157460893283,0
2031,2025-01-01,2025,Human Resources,HR Executive,0,0.08149051486570656,0
2033,2025-01-01,2025,Information Technology,Data Analyst,0,0.07310174231535525,0
2037,2025-01-01,2025,Information Technology,Software Engineer,0,0.1859820230606095,1
2041,2025-01-01,2025,Information Technology,IT Support,0,0.14283002392021582,0
2043,2025-01-01,2025,Marketing,Content Specialist,1,0.11123899289484494,0
2049,2025-01-01,2025,Operations,Warehouse Supervisor,0,0.10438960230189272,0
2050,2025-01-01,2025,Finance,Financial Analyst,0,0.15212506956678992,0
2052,2025-01-01,2025,Marketing,Content Specialist,0,0.038439603949676986,0
2053,2025-01-01,2025,Finance,Accountant,0,0.05043030452537301,0
2055,2025-01-01,2025,Marketing,Marketing Executive,0,0.028868620646845186,0
2056,2025-01-01,2025,Marketing,Marketing Manager,0,0.12935979830224598,0
2057,2025-01-01,2025,Operations,Procurement Specialist,0,0.06657856787158102,0
2059,2025-01-01,2025,Sales,Sales Executive,0,0.12602044225675327,0
2064,2025-01-01,2025,Operations,Operations Executive,0,0.07180494439938183,0
2065,2025-01-01,2025,Finance,Financial Analyst,0,0.13196189760353472,0
2067,2025-01-01,2025,Human Resources,HR Executive,0,0.14835904598759525,0
2069,2025-01-01,2025,Finance,Finance Manager,0,0.0643290879491874,0
2071,2025-01-01,2025,Information Technology,System Administrator,0,0.21974476215272468,1
2073,2025-01-01,2025,Sales,Sales Executive,0,0.06819222119798363,0
2078,2025-01-01,2025,Operations,Operations Executive,1,0.2917310936319689,1
2080,2025-01-01,2025,Operations,Warehouse Supervisor,0,0.1394240416898873,0
2083,2025-01-01,2025,Information Technology,Software Engineer,0,0.14472821463018073,0
2084,2025-01-01,2025,Operations,Warehouse Supervisor,0,0.2109123259530349,1
2089,2025-01-01,2025,Sales,Sales Representative,0,0.08159916150211276,0
2096,2025-01-01,2025,Operations,Operations Executive,1,0.10407512488368272,0
2098,2025-01-01,2025,Marketing,Marketing Executive,0,0.057659908339895385,0
2099,2025-01-01,2025,Operations,Warehouse Supervisor,0,0.13937690994134663,0
2101,2025-01-01,2025,Sales,Account Manager,0,0.17455924858414595,1
2102,2025-01-01,2025,Sales,Sales Representative,0,0.09743487719499455,0
2103,2025-01-01,2025,Sales,Account Manager,0,0.061687024733157916,0
2106,2025-01-01,2025,Information Technology,Data Analyst,0,0.2332085377665438,1
2107,2025-01-01,2025,Human Resources,Recruiter,0,0.14307277211597036,0
2109,2025-01-01,2025,Information Technology,Software Engineer,0,0.051235058192027234,0
2112,2025-01-01,2025,Operations,Procurement Specialist,0,0.12930468174622903,0
2114,2025-01-01,2025,Marketing,Digital Marketing Specialist,0,0.2065592456567192,1
2117,2025-01-01,2025,Sales,Account Manager,0,0.14426720182776182,0
2118,2025-01-01,2025,Information Technology,Software Engineer,0,0.13438496818907514,0
2120,2025-01-01,2025,Operations,Warehouse Supervisor,0,0.22484695059423968,1
2121,2025-01-01,2025,Marketing,Digital Marketing Specialist,0,0.17941218557944782,1
2124,2025-01-01,2025,Finance,Finance Manager,0,0.1398945312196039,0
2125,2025-01-01,2025,Operations,Procurement Specialist,1,0.17569683413773424,1
2127,2025-01-01,2025,Sales,Sales Representative,0,0.13367843563665543,0
2130,2025-01-01,2025,Operations,Operations Manager,0,0.07185882814708233,0
2135,2025-01-01,2025,Marketing,Content Specialist,0,0.11360639370396959,0
2136,2025-01-01,2025,Human Resources,HR Executive,0,0.05190871892440619,0
2137,2025-01-01,2025,Finance,Internal Auditor,0,0.2239312174471021,1
2139,2025-01-01,2025,Information Technology,QA Engineer,0,0.08418857313512786,0
2140,2025-01-01,2025,Operations,Operations Executive,0,0.056921899053618934,0
2141,2025-01-01,2025,Information Technology,System Administrator,0,0.15684749078644192,0
2144,2025-01-01,2025,Finance,Accountant,0,0.08592919482358861,0
2145,2025-01-01,2025,Information Technology,Software Engineer,0,0.21189984269244816,1
2151,2025-01-01,2025,Sales,Sales Supervisor,0,0.20665489831727565,1
2154,2025-01-01,2025,Sales,Sales Executive,0,0.053936083195039515,0
2156,2025-01-01,2025,Information Technology,Software Engineer,0,0.0842150305191978,0
2158,2025-01-01,2025,Human Resources,Recruiter,0,0.15574457863704416,0
2159,2025-01-01,2025,Human Resources,C&B Specialist,0,0.06881079615762233,0
2161,2025-01-01,2025,Sales,Sales Supervisor,0,0.09786099940991848,0
2166,2025-01-01,2025,Operations,Procurement Specialist,0,0.13563366286897455,0
2171,2025-01-01,2025,Information Technology,Data Analyst,1,0.21500658024588062,1
2172,2025-01-01,2025,Information Technology,IT Support,0,0.07506460726385047,0
2175,2025-01-01,2025,Human Resources,HR Manager,1,0.25063789064295905,1
2176,2025-01-01,2025,Sales,Sales Supervisor,0,0.1772503914897428,1
2177,2025-01-01,2025,Marketing,Content Specialist,0,0.06679197769254204,0
2178,2025-01-01,2025,Marketing,Content Specialist,0,0.2152526640563959,1
2180,2025-01-01,2025,Marketing,Marketing Manager,0,0.10617076663738466,0
2182,2025-01-01,2025,Operations,Operations Executive,0,0.07000123052531933,0
2183,2025-01-01,2025,Human Resources,HR Executive,0,0.14961961900671908,0
2184,2025-01-01,2025,Operations,Operations Manager,0,0.13814925080982093,0
2188,2025-01-01,2025,Sales,Sales Supervisor,0,0.243984629029352,1
2195,2025-01-01,2025,Marketing,Digital Marketing Specialist,0,0.08784646807846333,0
2196,2025-01-01,2025,Marketing,Digital Marketing Specialist,1,0.15680970999176105,0
2197,2025-01-01,2025,Sales,Account Manager,0,0.1000089707447628,0
2201,2025-01-01,2025,Marketing,Marketing Executive,0,0.19554927925502133,1
2203,2025-01-01,2025,Finance,Accountant,0,0.1896831988169534,1
2207,2025-01-01,2025,Operations,Warehouse Supervisor,0,0.20663967889593557,1
2210,2025-01-01,2025,Marketing,Content Specialist,1,0.1838354284625001,1
2211,2025-01-01,2025,Human Resources,HR Manager,0,0.09065970950015037,0
2212,2025-01-01,2025,Human Resources,HR Manager,0,0.10066033325440722,0
2214,2025-01-01,2025,Marketing,Marketing Manager,0,0.17995328502042587,1
2215,2025-01-01,2025,Human Resources,HR Executive,0,0.09104807483022453,0
2216,2025-01-01,2025,Operations,Operations Executive,0,0.06400860582992751,0
2218,2025-01-01,2025,Information Technology,QA Engineer,0,0.1097381549707467,0
2221,2025-01-01,2025,Finance,Accountant,1,0.04217989724623637,0
2222,2025-01-01,2025,Human Resources,Recruiter,0,0.08651116056989411,0
2223,2025-01-01,2025,Information Technology,Software Engineer,0,0.08281363822938695,0
2228,2025-01-01,2025,Human Resources,HR Executive,0,0.13695973696102373,0
2231,2025-01-01,2025,Information Technology,Data Analyst,0,0.08996620671684358,0
2233,2025-01-01,2025,Human Resources,HR Manager,0,0.22186896078853036,1
2234,2025-01-01,2025,Operations,Warehouse Supervisor,0,0.171075203614582,1
2239,2025-01-01,2025,Operations,Operations Manager,0,0.14617128760964435,0
2243,2025-01-01,2025,Marketing,Marketing Executive,0,0.20330212047963842,1
2244,2025-01-01,2025,Operations,Procurement Specialist,0,0.3118229349683718,1
2248,2025-01-01,2025,Finance,Finance Manager,0,0.05838626749635392,0
2250,2025-01-01,2025,Marketing,Marketing Executive,0,0.045980115404275546,0
2254,2025-01-01,2025,Sales,Sales Supervisor,0,0.05968443908878777,0
2256,2025-01-01,2025,Operations,Operations Manager,0,0.09015425679028896,0
2259,2025-01-01,2025,Human Resources,Recruiter,0,0.09431640059312053,0
2268,2025-01-01,2025,Operations,Operations Manager,1,0.12191674764279456,0
2270,2025-01-01,2025,Finance,Finance Manager,0,0.25056995471626525,1
2271,2025-01-01,2025,Information Technology,IT Support,0,0.15639275222882146,0
2275,2025-01-01,2025,Finance,Finance Manager,0,0.12001792476242802,0
2279,2025-01-01,2025,Marketing,Marketing Manager,0,0.1742123753003189,1
2283,2025-01-01,2025,Human Resources,HR Executive,0,0.06899437237680989,0
2287,2025-01-01,2025,Information Technology,IT Support,0,0.16367053236211362,1
2291,2025-01-01,2025,Finance,Internal Auditor,0,0.08186509675099357,0
2295,2025-01-01,2025,Information Technology,QA Engineer,0,0.03475679170918939,0
2297,2025-01-01,2025,Information Technology,IT Support,1,0.07395870386111826,0
2299,2025-01-01,2025,Information Technology,IT Support,0,0.24711310032217676,1
2302,2025-01-01,2025,Operations,Operations Executive,0,0.267565964303194,1
2304,2025-01-01,2025,Sales,Account Manager,1,0.1147117206764906,0
2307,2025-01-01,2025,Operations,Warehouse Supervisor,0,0.07297513606390074,0
2311,2025-01-01,2025,Sales,Sales Executive,1,0.2925040705853334,1
2313,2025-01-01,2025,Sales,Sales Executive,0,0.1880288033495213,1
2314,2025-01-01,2025,Marketing,Content Specialist,0,0.1535043377750242,0
2316,2025-01-01,2025,Sales,Sales Executive,0,0.13821906940341747,0
2317,2025-01-01,2025,Marketing,Marketing Executive,0,0.10255756253582023,0
2318,2025-01-01,2025,Operations,Procurement Specialist,0,0.18833101942101346,1
2320,2025-01-01,2025,Finance,Accountant,0,0.16011508528237256,1
2321,2025-01-01,2025,Information Technology,IT Support,0,0.2563573143365373,1
2323,2025-01-01,2025,Operations,Warehouse Supervisor,0,0.21275551045307703,1
2324,2025-01-01,2025,Information Technology,Data Analyst,0,0.057450613708926665,0
2326,2025-01-01,2025,Human Resources,Recruiter,0,0.16910846252299316,1
2327,2025-01-01,2025,Marketing,Marketing Manager,0,0.13030872441828698,0
2328,2025-01-01,2025,Sales,Account Manager,0,0.15393484790604003,0
2329,2025-01-01,2025,Information Technology,Software Engineer,0,0.12951392794109381,0
2330,2025-01-01,2025,Sales,Sales Supervisor,0,0.11301864900828847,0
2331,2025-01-01,2025,Human Resources,C&B Specialist,1,0.11262972321830833,0
2334,2025-01-01,2025,Sales,Sales Executive,1,0.16586830173785896,1
2336,2025-01-01,2025,Sales,Sales Representative,0,0.1204438300176307,0
2337,2025-01-01,2025,Finance,Financial Analyst,0,0.11001667684427352,0
2340,2025-01-01,2025,Sales,Sales Representative,0,0.14903044697053694,0
2344,2025-01-01,2025,Operations,Procurement Specialist,0,0.09215474566721658,0
2345,2025-01-01,2025,Sales,Sales Executive,0,0.05431411517666341,0
2346,2025-01-01,2025,Operations,Procurement Specialist,0,0.1301484197246492,0
2347,2025-01-01,2025,Finance,Financial Analyst,0,0.21141073724100445,1
2348,2025-01-01,2025,Information Technology,Software Engineer,1,0.18938719568101975,1
2349,2025-01-01,2025,Sales,Sales Supervisor,0,0.1590368780495124,1
2354,2025-01-01,2025,Sales,Sales Executive,0,0.1942803373938458,1
2355,2025-01-01,2025,Operations,Operations Manager,0,0.11060680306962424,0
2364,2025-01-01,2025,Marketing,Content Specialist,0,0.11777156925739213,0
2366,2025-01-01,2025,Marketing,Marketing Executive,1,0.3990519542873218,1
2370,2025-01-01,2025,Operations,Procurement Specialist,0,0.1886236603066431,1
2373,2025-01-01,2025,Operations,Operations Manager,0,0.145037389954449,0
2375,2025-01-01,2025,Operations,Warehouse Supervisor,1,0.2857870882492732,1
2381,2025-01-01,2025,Human Resources,HR Executive,0,0.1738519713404132,1
2382,2025-01-01,2025,Human Resources,HR Manager,0,0.1216861174982482,0
2386,2025-01-01,2025,Operations,Operations Executive,0,0.04279337699663112,0
2387,2025-01-01,2025,Information Technology,QA Engineer,0,0.26587194516378043,1
2388,2025-01-01,2025,Finance,Internal Auditor,0,0.09211096387882131,0
2392,2025-01-01,2025,Operations,Procurement Specialist,0,0.06597784975489654,0
2394,2025-01-01,2025,Sales,Sales Supervisor,0,0.09966027210630134,0
2395,2025-01-01,2025,Sales,Sales Executive,1,0.1791406180937871,1
2399,2025-01-01,2025,Human Resources,HR Manager,0,0.08949004380473695,0
2400,2025-01-01,2025,Information Technology,Data Analyst,0,0.10535108278070289,0
2401,2025-01-01,2025,Marketing,Marketing Executive,0,0.09856051728833905,0
2403,2025-01-01,2025,Human Resources,HR Executive,0,0.2178022497792784,1
2406,2025-01-01,2025,Marketing,Marketing Executive,0,0.0567299594528882,0
2411,2025-01-01,2025,Information Technology,Software Engineer,0,0.2606409254477597,1
2412,2025-01-01,2025,Marketing,Content Specialist,0,0.0850934170555808,0
2413,2025-01-01,2025,Sales,Account Manager,0,0.18924317187040882,1
2414,2025-01-01,2025,Operations,Procurement Specialist,1,0.2530943768119593,1
2415,2025-01-01,2025,Information Technology,Software Engineer,0,0.11792355485318355,0
2417,2025-01-01,2025,Human Resources,Recruiter,0,0.18458845250973918,1
2419,2025-01-01,2025,Information Technology,Data Analyst,0,0.17956107690029446,1
2420,2025-01-01,2025,Marketing,Marketing Manager,0,0.07723521626015699,0
2422,2025-01-01,2025,Marketing,Marketing Manager,0,0.05702592567818209,0
2423,2025-01-01,2025,Marketing,Marketing Executive,1,0.10956367353100238,0
2428,2025-01-01,2025,Sales,Sales Executive,0,0.14066602816519247,0
2429,2025-01-01,2025,Human Resources,HR Manager,0,0.14261295464100138,0
2430,2025-01-01,2025,Information Technology,Data Analyst,0,0.01984686920682619,0
2431,2025-01-01,2025,Marketing,Content Specialist,0,0.14241323680708634,0
2432,2025-01-01,2025,Information Technology,Software Engineer,0,0.102892123118059,0
2434,2025-01-01,2025,Operations,Warehouse Supervisor,0,0.0858973432783589,0
2436,2025-01-01,2025,Marketing,Marketing Executive,0,0.11445997269967109,0
2439,2025-01-01,2025,Finance,Accountant,0,0.2378782521941836,1
2441,2025-01-01,2025,Marketing,Marketing Manager,0,0.05309281293296165,0
2442,2025-01-01,2025,Finance,Accountant,0,0.10198695477836646,0
2447,2025-01-01,2025,Sales,Sales Executive,0,0.11095781575323152,0
2449,2025-01-01,2025,Marketing,Digital Marketing Specialist,0,0.15372398678813612,0
2451,2025-01-01,2025,Information Technology,Software Engineer,0,0.08139638253231629,0
2452,2025-01-01,2025,Human Resources,Recruiter,0,0.14474149953583723,0
2455,2025-01-01,2025,Information Technology,IT Support,0,0.16605346010668945,1
2457,2025-01-01,2025,Operations,Procurement Specialist,0,0.06575194120760562,0
2458,2025-01-01,2025,Finance,Accountant,0,0.10239998303061928,0
2459,2025-01-01,2025,Operations,Warehouse Supervisor,0,0.2525356545385827,1
2461,2025-01-01,2025,Finance,Internal Auditor,0,0.08381357784262311,0
2469,2025-01-01,2025,Information Technology,IT Support,0,0.12525368630550557,0
2470,2025-01-01,2025,Information Technology,Data Analyst,0,0.05121241090078362,0
2471,2025-01-01,2025,Finance,Financial Analyst,0,0.09723583481103151,0
2473,2025-01-01,2025,Marketing,Marketing Manager,0,0.09609971598033558,0
2474,2025-01-01,2025,Human Resources,Recruiter,1,0.20667085763760848,1
2477,2025-01-01,2025,Information Technology,System Administrator,0,0.12397863313069556,0
2479,2025-01-01,2025,Sales,Sales Representative,0,0.08276089467434065,0
2482,2025-01-01,2025,Information Technology,Software Engineer,1,0.1488705361637492,0
2483,2025-01-01,2025,Finance,Financial Analyst,0,0.09063528329770629,0
2485,2025-01-01,2025,Marketing,Content Specialist,0,0.19022166527754575,1
2493,2025-01-01,2025,Operations,Procurement Specialist,0,0.16938742477457777,1
2494,2025-01-01,2025,Information Technology,Software Engineer,0,0.10890908715140361,0
2496,2025-01-01,2025,Human Resources,HR Executive,0,0.08872825851931125,0
2499,2025-01-01,2025,Finance,Finance Manager,0,0.05468437804843996,0
2501,2025-01-01,2025,Operations,Warehouse Supervisor,0,0.09822787123533437,0
2502,2025-01-01,2025,Sales,Sales Executive,0,0.1331206810209996,0
2503,2025-01-01,2025,Sales,Sales Executive,0,0.07839535654966799,0
2504,2025-01-01,2025,Information Technology,Data Analyst,0,0.21559775355336028,1
2508,2025-01-01,2025,Operations,Operations Manager,1,0.14615809564149554,0
2511,2025-01-01,2025,Finance,Accountant,0,0.23301812252978288,1
2512,2025-01-01,2025,Information Technology,Software Engineer,0,0.12377020687497634,0
2515,2025-01-01,2025,Information Technology,QA Engineer,0,0.12107621724120587,0
2516,2025-01-01,2025,Finance,Finance Manager,0,0.32704247225914773,1
2520,2025-01-01,2025,Finance,Accountant,0,0.06586961338834439,0
2522,2025-01-01,2025,Operations,Procurement Specialist,0,0.10216383929020517,0
2524,2025-01-01,2025,Finance,Internal Auditor,0,0.13889711235414892,0
2525,2025-01-01,2025,Human Resources,HR Manager,0,0.29054706775128336,1
2526,2025-01-01,2025,Marketing,Content Specialist,0,0.1522547761495663,0
2527,2025-01-01,2025,Finance,Finance Manager,0,0.04128217332204388,0
2530,2025-01-01,2025,Information Technology,System Administrator,0,0.11966271920882948,0
2531,2025-01-01,2025,Human Resources,Recruiter,0,0.13299126731954003,0
2533,2025-01-01,2025,Operations,Warehouse Supervisor,0,0.07959191084521772,0
2537,2025-01-01,2025,Operations,Procurement Specialist,0,0.05649161060772621,0
2539,2025-01-01,2025,Marketing,Content Specialist,1,0.031611586245574044,0
2542,2025-01-01,2025,Operations,Warehouse Supervisor,0,0.08049547683930958,0
2547,2025-01-01,2025,Finance,Finance Manager,0,0.15506218773228686,0
2549,2025-01-01,2025,Information Technology,Data Analyst,0,0.06854015803349825,0
2550,2025-01-01,2025,Marketing,Digital Marketing Specialist,0,0.1821816680359906,1
2551,2025-01-01,2025,Information Technology,IT Support,0,0.1807987002178094,1
2554,2025-01-01,2025,Marketing,Marketing Manager,0,0.19401201820206648,1
2557,2025-01-01,2025,Marketing,Marketing Executive,0,0.18093837792951373,1
2558,2025-01-01,2025,Marketing,Content Specialist,0,0.07386232096532395,0
2560,2025-01-01,2025,Sales,Sales Executive,0,0.1413945852844072,0
2561,2025-01-01,2025,Marketing,Digital Marketing Specialist,0,0.1153438447728947,0
2563,2025-01-01,2025,Operations,Operations Manager,0,0.1536153249047084,0
2564,2025-01-01,2025,Marketing,Marketing Manager,0,0.18432117021959937,1
2566,2025-01-01,2025,Marketing,Marketing Executive,0,0.09345712877679599,0
2568,2025-01-01,2025,Finance,Finance Manager,0,0.2409379817966044,1
2569,2025-01-01,2025,Information Technology,QA Engineer,1,0.31317204217480454,1
2571,2025-01-01,2025,Information Technology,System Administrator,0,0.08009713674962865,0
2572,2025-01-01,2025,Finance,Accountant,0,0.11199712478405817,0
2573,2025-01-01,2025,Sales,Sales Executive,1,0.11857418175878068,0
2574,2025-01-01,2025,Information Technology,QA Engineer,0,0.18481929884091056,1
2576,2025-01-01,2025,Human Resources,Recruiter,1,0.20884481727673418,1
2577,2025-01-01,2025,Marketing,Content Specialist,0,0.07942647663991971,0
2579,2025-01-01,2025,Operations,Procurement Specialist,0,0.10632767345879572,0
2581,2025-01-01,2025,Marketing,Digital Marketing Specialist,0,0.0,0
2584,2025-01-01,2025,Sales,Sales Supervisor,0,0.07205076984559927,0
2585,2025-01-01,2025,Sales,Account Manager,0,0.1395028444012705,0
2587,2025-01-01,2025,Marketing,Digital Marketing Specialist,0,0.11469386628631914,0
2588,2025-01-01,2025,Marketing,Marketing Manager,0,0.16323204369161654,1
2593,2025-01-01,2025,Finance,Accountant,0,0.15705664655863827,0
2596,2025-01-01,2025,Marketing,Content Specialist,0,0.1516520408479013,0
2597,2025-01-01,2025,Finance,Accountant,0,0.27721184249678726,1
2599,2025-01-01,2025,Sales,Account Manager,0,0.05720452483176209,0
2602,2025-01-01,2025,Operations,Warehouse Supervisor,1,0.16881295599870935,1
2605,2025-01-01,2025,Human Resources,Recruiter,1,0.17918189548548352,1
2607,2025-01-01,2025,Operations,Warehouse Supervisor,1,0.13127073052908342,0
2609,2025-01-01,2025,Operations,Operations Manager,1,0.11519705553413191,0
2614,2025-01-01,2025,Information Technology,Data Analyst,0,0.04502518501726604,0
2615,2025-01-01,2025,Information Technology,System Administrator,0,0.10060225416213305,0
2616,2025-01-01,2025,Human Resources,HR Manager,0,0.11480571391344262,0
2618,2025-01-01,2025,Human Resources,HR Manager,0,0.22154843135693014,1
2623,2025-01-01,2025,Operations,Warehouse Supervisor,0,0.08645308968318594,0
2624,2025-01-01,2025,Operations,Warehouse Supervisor,0,0.09219943201101355,0
2626,2025-01-01,2025,Marketing,Marketing Executive,0,0.15873287158659527,1
2629,2025-01-01,2025,Human Resources,C&B Specialist,0,0.059607760799171856,0
2630,2025-01-01,2025,Operations,Procurement Specialist,1,0.12650840153924067,0
2635,2025-01-01,2025,Finance,Accountant,0,0.06040798016002013,0
2637,2025-01-01,2025,Human Resources,C&B Specialist,0,0.0566771462861898,0
2639,2025-01-01,2025,Finance,Internal Auditor,0,0.1822170679362399,1
2640,2025-01-01,2025,Human Resources,C&B Specialist,0,0.09917107500841944,0
2642,2025-01-01,2025,Operations,Warehouse Supervisor,0,0.2626847108858453,1
2643,2025-01-01,2025,Marketing,Content Specialist,0,0.139702178334631,0
2644,2025-01-01,2025,Information Technology,IT Support,0,0.29466340119861517,1
2645,2025-01-01,2025,Marketing,Digital Marketing Specialist,0,0.21213416310499744,1
2646,2025-01-01,2025,Sales,Sales Supervisor,0,0.11235669257171547,0
2647,2025-01-01,2025,Human Resources,HR Manager,0,0.06253752372335411,0
2650,2025-01-01,2025,Operations,Operations Manager,0,0.07579550343706823,0
2653,2025-01-01,2025,Marketing,Marketing Manager,1,0.08127294776189653,0
2654,2025-01-01,2025,Operations,Warehouse Supervisor,1,0.35792402949111957,1
2655,2025-01-01,2025,Human Resources,HR Manager,0,0.25233514321415984,1
2656,2025-01-01,2025,Sales,Sales Supervisor,0,0.06301088710975351,0
2659,2025-01-01,2025,Information Technology,Data Analyst,0,0.15424731866414407,0
2661,2025-01-01,2025,Sales,Sales Executive,0,0.09498089095583613,0
2664,2025-01-01,2025,Sales,Sales Executive,0,0.2693045660786667,1
2668,2025-01-01,2025,Finance,Financial Analyst,0,0.1911967470632113,1
2669,2025-01-01,2025,Finance,Accountant,0,0.20292928470029825,1
2670,2025-01-01,2025,Sales,Account Manager,0,0.164326302949747,1
2671,2025-01-01,2025,Sales,Sales Representative,0,0.10367830560033486,0
2673,2025-01-01,2025,Information Technology,QA Engineer,0,0.20059391382780362,1
2675,2025-01-01,2025,Human Resources,Recruiter,0,0.1098157508000167,0
2677,2025-01-01,2025,Sales,Account Manager,0,0.08791273829229919,0
2679,2025-01-01,2025,Operations,Warehouse Supervisor,1,0.13626749247743897,0
2680,2025-01-01,2025,Marketing,Digital Marketing Specialist,0,0.09455731635416793,0
2681,2025-01-01,2025,Information Technology,Data Analyst,1,0.06313340869541692,0
2682,2025-01-01,2025,Marketing,Content Specialist,0,0.17670511238732695,1
2688,2025-01-01,2025,Marketing,Content Specialist,0,0.18672507375673786,1
2689,2025-01-01,2025,Human Resources,HR Manager,0,0.09824501926931192,0
2692,2025-01-01,2025,Finance,Accountant,0,0.0205724173053702,0
2694,2025-01-01,2025,Operations,Operations Executive,0,0.13049522314588508,0
2695,2025-01-01,2025,Information Technology,Software Engineer,0,0.18394931108326548,1
2697,2025-01-01,2025,Human Resources,HR Manager,0,0.07880061925957457,0
2702,2025-01-01,2025,Human Resources,C&B Specialist,0,0.04947812842879048,0
2705,2025-01-01,2025,Operations,Operations Manager,0,0.10258109354414814,0
2707,2025-01-01,2025,Finance,Accountant,0,0.08368390179177627,0
2709,2025-01-01,2025,Finance,Finance Manager,1,0.08012690801864827,0
2710,2025-01-01,2025,Finance,Accountant,1,0.2219293405611505,1
2711,2025-01-01,2025,Operations,Operations Executive,0,0.1096141862817632,0
2712,2025-01-01,2025,Marketing,Content Specialist,1,0.17000711239596536,1
2713,2025-01-01,2025,Human Resources,C&B Specialist,0,0.2608687071190421,1
2716,2025-01-01,2025,Marketing,Marketing Executive,0,0.07739362137800361,0
2719,2025-01-01,2025,Marketing,Content Specialist,0,0.06398228977908595,0
2721,2025-01-01,2025,Marketing,Marketing Manager,1,0.17330077366593802,1
2724,2025-01-01,2025,Marketing,Marketing Executive,0,0.18800229237124788,1
2726,2025-01-01,2025,Human Resources,C&B Specialist,0,0.09596768085145829,0
2727,2025-01-01,2025,Marketing,Content Specialist,0,0.07017485234481534,0
2729,2025-01-01,2025,Marketing,Marketing Manager,0,0.06541178352701961,0
2730,2025-01-01,2025,Sales,Account Manager,0,0.09142234292095448,0
2734,2025-01-01,2025,Sales,Sales Supervisor,0,0.18292495512138554,1
2735,2025-01-01,2025,Finance,Accountant,1,0.2123270344592988,1
2738,2025-01-01,2025,Finance,Accountant,0,0.08735492521637887,0
2740,2025-01-01,2025,Operations,Warehouse Supervisor,1,0.3007148063055149,1
2741,2025-01-01,2025,Operations,Procurement Specialist,0,0.1060141095084892,0
2743,2025-01-01,2025,Sales,Sales Executive,0,0.05283150134526047,0
2744,2025-01-01,2025,Marketing,Digital Marketing Specialist,0,0.026812509308039842,0
2745,2025-01-01,2025,Marketing,Marketing Executive,0,0.15818248621516187,1
2746,2025-01-01,2025,Sales,Sales Executive,0,0.22608455260494734,1
2747,2025-01-01,2025,Operations,Warehouse Supervisor,0,0.1780738636817827,1
2753,2025-01-01,2025,Information Technology,QA Engineer,0,0.11920201768128788,0
2754,2025-01-01,2025,Operations,Operations Manager,1,0.4309122932277493,1
2756,2025-01-01,2025,Information Technology,Software Engineer,0,0.21695772355136803,1
2758,2025-01-01,2025,Finance,Accountant,0,0.0600632670006526,0
2760,2025-01-01,2025,Human Resources,C&B Specialist,0,0.13994677877520814,0
2764,2025-01-01,2025,Information Technology,QA Engineer,0,0.23174263702443398,1
2765,2025-01-01,2025,Operations,Procurement Specialist,0,0.08505531948524925,0
2767,2025-01-01,2025,Human Resources,Recruiter,0,0.19532950539944394,1
2770,2025-01-01,2025,Human Resources,Recruiter,0,0.10018640591676875,0
2771,2025-01-01,2025,Sales,Sales Representative,0,0.14348787352996056,0
2774,2025-01-01,2025,Human Resources,HR Manager,0,0.11774696839476373,0
2775,2025-01-01,2025,Human Resources,HR Manager,0,0.09558405546209864,0
2778,2025-01-01,2025,Marketing,Digital Marketing Specialist,0,0.03817858292121085,0
2780,2025-01-01,2025,Finance,Internal Auditor,0,0.16813123570285674,1
2781,2025-01-01,2025,Sales,Sales Representative,0,0.08820184182267711,0
2784,2025-01-01,2025,Marketing,Marketing Executive,0,0.09014331761517766,0
2785,2025-01-01,2025,Marketing,Marketing Manager,0,0.16146571128147255,1
2786,2025-01-01,2025,Human Resources,HR Manager,0,0.19723220305586575,1
2787,2025-01-01,2025,Finance,Accountant,0,0.14749146106986127,0
2790,2025-01-01,2025,Information Technology,System Administrator,0,0.09705656844698854,0
2795,2025-01-01,2025,Human Resources,HR Manager,0,0.12846592768437604,0
2799,2025-01-01,2025,Marketing,Content Specialist,0,0.09127927212215,0
2803,2025-01-01,2025,Sales,Account Manager,0,0.07136230856908748,0
2804,2025-01-01,2025,Human Resources,Recruiter,0,0.16479631923904767,1
2806,2025-01-01,2025,Human Resources,HR Executive,0,0.07372424470074629,0
2810,2025-01-01,2025,Operations,Procurement Specialist,0,0.038779685522158866,0
2811,2025-01-01,2025,Information Technology,Data Analyst,1,0.24190122689744076,1
2814,2025-01-01,2025,Marketing,Marketing Executive,0,0.08125740151168483,0
2815,2025-01-01,2025,Marketing,Marketing Manager,0,0.12365398373762213,0
2816,2025-01-01,2025,Sales,Sales Representative,1,0.09589127738228262,0
2819,2025-01-01,2025,Human Resources,Recruiter,0,0.11390500431491463,0
2820,2025-01-01,2025,Human Resources,Recruiter,0,0.06821882937123994,0
2821,2025-01-01,2025,Finance,Financial Analyst,0,0.15601177121161447,0
2822,2025-01-01,2025,Information Technology,Data Analyst,0,0.09265522442442596,0
2823,2025-01-01,2025,Operations,Operations Manager,0,0.06964790230204833,0
2824,2025-01-01,2025,Information Technology,QA Engineer,0,0.13471754714174616,0
2826,2025-01-01,2025,Operations,Procurement Specialist,1,0.21327347723267687,1
2829,2025-01-01,2025,Operations,Operations Executive,0,0.2759189094174966,1
2832,2025-01-01,2025,Finance,Finance Manager,0,0.15386576753992132,0
2834,2025-01-01,2025,Marketing,Marketing Manager,0,0.11160069230530208,0
2837,2025-01-01,2025,Sales,Account Manager,1,0.1034753833470099,0
2838,2025-01-01,2025,Marketing,Marketing Manager,1,0.12696671936450976,0
2840,2025-01-01,2025,Information Technology,QA Engineer,1,0.13792926088165552,0
2845,2025-01-01,2025,Sales,Sales Executive,0,0.14017639798013612,0
2846,2025-01-01,2025,Operations,Procurement Specialist,0,0.1547566467436393,0
2855,2025-01-01,2025,Operations,Operations Manager,0,0.15100708846606167,0
2860,2025-01-01,2025,Marketing,Marketing Manager,0,0.07387204927199724,0
2862,2025-01-01,2025,Human Resources,HR Manager,0,0.12956715643271452,0
2863,2025-01-01,2025,Marketing,Marketing Executive,0,0.1351488420896054,0
2864,2025-01-01,2025,Operations,Operations Executive,0,0.11602110010793837,0
2877,2025-01-01,2025,Finance,Accountant,0,0.2137177712367699,1
2878,2025-01-01,2025,Sales,Sales Representative,0,0.1040161603051029,0
2881,2025-01-01,2025,Information Technology,Data Analyst,0,0.21990088923290246,1
2884,2025-01-01,2025,Operations,Warehouse Supervisor,0,0.07288946732278924,0
2885,2025-01-01,2025,Information Technology,Data Analyst,0,0.1597746564704369,1
2886,2025-01-01,2025,Marketing,Marketing Manager,1,0.07179202707482044,0
2887,2025-01-01,2025,Human Resources,HR Executive,0,0.06978618809453362,0
2893,2025-01-01,2025,Human Resources,C&B Specialist,0,0.06140772524851684,0
2894,2025-01-01,2025,Marketing,Marketing Manager,0,0.1748292262693466,1
2898,2025-01-01,2025,Human Resources,Recruiter,0,0.11485541154475944,0
2901,2025-01-01,2025,Information Technology,QA Engineer,1,0.18264565639653074,1
2902,2025-01-01,2025,Marketing,Digital Marketing Specialist,0,0.0,0
2909,2025-01-01,2025,Finance,Financial Analyst,0,0.2224897314237322,1
2913,2025-01-01,2025,Finance,Accountant,0,0.051240802221967814,0
2919,2025-01-01,2025,Sales,Account Manager,0,0.13006038593112995,0
2920,2025-01-01,2025,Sales,Sales Executive,0,0.1796860693507596,1
2921,2025-01-01,2025,Information Technology,IT Support,0,0.08071557580872266,0
2922,2025-01-01,2025,Human Resources,C&B Specialist,1,0.2509122237441223,1
2924,2025-01-01,2025,Operations,Operations Manager,0,0.19397628949802856,1
2926,2025-01-01,2025,Information Technology,Software Engineer,1,0.21563434711696852,1
2928,2025-01-01,2025,Information Technology,Data Analyst,0,0.12019302022978987,0
2929,2025-01-01,2025,Finance,Internal Auditor,0,0.17807042482496274,1
2934,2025-01-01,2025,Operations,Operations Executive,0,0.18738721878289835,1
2936,2025-01-01,2025,Marketing,Content Specialist,0,0.14380665334389992,0
2937,2025-01-01,2025,Information Technology,IT Support,0,0.12652362977907514,0
2942,2025-01-01,2025,Marketing,Marketing Executive,0,0.12621225488293758,0
2944,2025-01-01,2025,Information Technology,IT Support,0,0.2215432200909485,1
2945,2025-01-01,2025,Marketing,Marketing Manager,0,0.10766886813018188,0
2946,2025-01-01,2025,Information Technology,QA Engineer,0,0.06392278129459068,0
2949,2025-01-01,2025,Marketing,Digital Marketing Specialist,1,0.10388373820282262,0
2950,2025-01-01,2025,Finance,Accountant,0,0.08768232128841189,0
2954,2025-01-01,2025,Marketing,Content Specialist,0,0.17889681997614398,1
2955,2025-01-01,2025,Information Technology,Data Analyst,0,0.07181087687525407,0
2957,2025-01-01,2025,Finance,Accountant,0,0.23898312662863194,1
2960,2025-01-01,2025,Operations,Operations Executive,0,0.2461013663705399,1
2961,2025-01-01,2025,Information Technology,Software Engineer,1,0.26811959229024923,1
2963,2025-01-01,2025,Marketing,Marketing Executive,0,0.11732705429000463,0
2964,2025-01-01,2025,Operations,Operations Executive,0,0.06769520494294194,0
2967,2025-01-01,2025,Finance,Financial Analyst,0,0.06850211145433745,0
2968,2025-01-01,2025,Human Resources,C&B Specialist,0,0.07497841460750666,0
2969,2025-01-01,2025,Sales,Sales Representative,0,0.09726882582262025,0
2972,2025-01-01,2025,Marketing,Content Specialist,0,0.07498615751846152,0
2975,2025-01-01,2025,Human Resources,HR Executive,0,0.25611961904036307,1
2978,2025-01-01,2025,Finance,Finance Manager,0,0.05987872318870315,0
2985,2025-01-01,2025,Sales,Sales Representative,0,0.09707520381222802,0
2986,2025-01-01,2025,Sales,Account Manager,0,0.23390728934488816,1
2990,2025-01-01,2025,Human Resources,HR Manager,0,0.12725242855199817,0
2991,2025-01-01,2025,Information Technology,Data Analyst,0,0.16541962577644329,1
2994,2025-01-01,2025,Information Technology,Software Engineer,0,0.09256816431701119,0
2995,2025-01-01,2025,Marketing,Content Specialist,0,0.24115618466320715,1
2996,2025-01-01,2025,Information Technology,IT Support,0,0.15523372924654325,0
2997,2025-01-01,2025,Sales,Sales Supervisor,0,0.16790321089172794,1
2998,2025-01-01,2025,Operations,Operations Manager,1,0.09709079254456898,0
3000,2025-01-01,2025,Finance,Internal Auditor,0,0.08323113702966507,0
3004,2025-01-01,2025,Marketing,Marketing Manager,1,0.06744577644047892,0
3005,2025-01-01,2025,Marketing,Marketing Manager,0,0.035362732259897625,0
3006,2025-01-01,2025,Information Technology,System Administrator,0,0.06332810010783343,0
3011,2025-01-01,2025,Sales,Sales Executive,1,0.07471953112432586,0
3014,2025-01-01,2025,Marketing,Marketing Manager,0,0.0651494015481713,0
3016,2025-01-01,2025,Information Technology,Data Analyst,0,0.30240666906637914,1
3017,2025-01-01,2025,Human Resources,HR Executive,1,0.33812663556109934,1
3018,2025-01-01,2025,Information Technology,Data Analyst,1,0.12455721646352952,0
3027,2025-01-01,2025,Marketing,Marketing Executive,0,0.16980719038045114,1
3031,2025-01-01,2025,Operations,Warehouse Supervisor,0,0.07858128482800361,0
3032,2025-01-01,2025,Human Resources,C&B Specialist,0,0.0828106412738173,0
3034,2025-01-01,2025,Operations,Warehouse Supervisor,0,0.07906083247575235,0
3035,2025-01-01,2025,Human Resources,HR Manager,0,0.2485745509484248,1
3038,2025-01-01,2025,Marketing,Digital Marketing Specialist,0,0.07676794572826517,0
3041,2025-01-01,2025,Human Resources,HR Executive,0,0.12206936764351889,0
3044,2025-01-01,2025,Human Resources,C&B Specialist,0,0.13184738468350715,0
3045,2025-01-01,2025,Operations,Operations Executive,0,0.15663811221400012,0
3047,2025-01-01,2025,Human Resources,C&B Specialist,0,0.22950480507139862,1
3049,2025-01-01,2025,Finance,Finance Manager,0,0.08964130534374344,0
3050,2025-01-01,2025,Human Resources,C&B Specialist,0,0.10155590787914323,0
3051,2025-01-01,2025,Information Technology,System Administrator,0,0.23220559205128477,1
3052,2025-01-01,2025,Human Resources,Recruiter,0,0.146412003624558,0
3054,2025-01-01,2025,Marketing,Marketing Manager,0,0.0813303590383953,0
3056,2025-01-01,2025,Operations,Operations Manager,0,0.03006034783357455,0
3057,2025-01-01,2025,Finance,Finance Manager,0,0.17676015733400488,1
3059,2025-01-01,2025,Human Resources,C&B Specialist,0,0.04909788099386795,0
3061,2025-01-01,2025,Marketing,Digital Marketing Specialist,0,0.13043100301214358,0
3062,2025-01-01,2025,Operations,Operations Manager,0,0.25551247442835906,1
3064,2025-01-01,2025,Finance,Accountant,0,0.1734950649767243,1
3066,2025-01-01,2025,Human Resources,HR Manager,0,0.1236705478317424,0
3068,2025-01-01,2025,Human Resources,HR Executive,0,0.24540479703603252,1
3070,2025-01-01,2025,Marketing,Marketing Manager,0,0.09721815436736465,0
3072,2025-01-01,2025,Sales,Sales Representative,0,0.08953197841118149,0
3073,2025-01-01,2025,Finance,Finance Manager,1,0.10973690602923643,0
3074,2025-01-01,2025,Marketing,Marketing Manager,0,0.16735059897619586,1
3075,2025-01-01,2025,Finance,Accountant,1,0.15894670273871198,1
3084,2025-01-01,2025,Operations,Procurement Specialist,0,0.08643075944757037,0
3086,2025-01-01,2025,Operations,Operations Manager,0,0.11717343832776889,0
3088,2025-01-01,2025,Information Technology,QA Engineer,0,0.21038005953195515,1
3092,2025-01-01,2025,Marketing,Marketing Manager,0,0.1891929414490719,1
3093,2025-01-01,2025,Marketing,Marketing Manager,1,0.07999791520817807,0
3098,2025-01-01,2025,Operations,Operations Executive,0,0.07778948463740527,0
3099,2025-01-01,2025,Information Technology,IT Support,0,0.22532671302201449,1
3101,2025-01-01,2025,Human Resources,HR Manager,0,0.26516177583200917,1
3102,2025-01-01,2025,Human Resources,C&B Specialist,0,0.1420250710606678,0
3105,2025-01-01,2025,Finance,Finance Manager,0,0.1462769730021774,0
3106,2025-01-01,2025,Finance,Finance Manager,0,0.19428704184681359,1
3107,2025-01-01,2025,Sales,Sales Representative,0,0.1072045874252348,0
3110,2025-01-01,2025,Finance,Finance Manager,0,0.10461028394295394,0
3111,2025-01-01,2025,Sales,Account Manager,1,0.14619840226772873,0
3112,2025-01-01,2025,Information Technology,Data Analyst,1,0.11104448200233112,0
3113,2025-01-01,2025,Finance,Internal Auditor,0,0.06878457700752778,0
3115,2025-01-01,2025,Marketing,Marketing Manager,0,0.24694996694617993,1
3117,2025-01-01,2025,Finance,Financial Analyst,1,0.15868917422686327,1
3118,2025-01-01,2025,Sales,Sales Supervisor,0,0.035800121897093314,0
3122,2025-01-01,2025,Marketing,Content Specialist,0,0.08689396937151729,0
3123,2025-01-01,2025,Sales,Account Manager,0,0.15797284196905162,1
3125,2025-01-01,2025,Information Technology,Software Engineer,1,0.23541727199146797,1
3126,2025-01-01,2025,Information Technology,QA Engineer,0,0.029794855969513707,0
3129,2025-01-01,2025,Marketing,Digital Marketing Specialist,0,0.060671885554736335,0
3131,2025-01-01,2025,Marketing,Marketing Executive,0,0.138522923631164,0
3134,2025-01-01,2025,Operations,Operations Manager,0,0.24838994310326606,1
3135,2025-01-01,2025,Human Resources,Recruiter,0,0.11837385869909427,0
3136,2025-01-01,2025,Human Resources,Recruiter,1,0.2986511147391783,1
3137,2025-01-01,2025,Marketing,Marketing Executive,0,0.03877021629969036,0
3138,2025-01-01,2025,Sales,Sales Executive,0,0.07218164163938366,0
3144,2025-01-01,2025,Sales,Sales Supervisor,0,0.27155958058066454,1
3145,2025-01-01,2025,Information Technology,System Administrator,0,0.2803340340376443,1
3146,2025-01-01,2025,Information Technology,QA Engineer,0,0.09493435027034136,0
3150,2025-01-01,2025,Human Resources,Recruiter,0,0.15408317728564483,0
3154,2025-01-01,2025,Finance,Finance Manager,0,0.07728117409419342,0
3157,2025-01-01,2025,Marketing,Marketing Executive,0,0.06960635184198628,0
3163,2025-01-01,2025,Finance,Financial Analyst,0,0.20271979587282654,1
3165,2025-01-01,2025,Marketing,Marketing Manager,0,0.09333748777731642,0
3167,2025-01-01,2025,Information Technology,System Administrator,0,0.1267766443189743,0
3168,2025-01-01,2025,Human Resources,HR Manager,0,0.15973487064201086,1
3170,2025-01-01,2025,Marketing,Digital Marketing Specialist,0,0.1180889014265261,0
3171,2025-01-01,2025,Human Resources,HR Manager,0,0.20620813101603858,1
3172,2025-01-01,2025,Sales,Sales Executive,1,0.1718441727882575,1
3174,2025-01-01,2025,Finance,Finance Manager,0,0.2249349571460156,1
3176,2025-01-01,2025,Human Resources,HR Executive,0,0.23993034926725734,1
3178,2025-01-01,2025,Marketing,Content Specialist,0,0.06363510673095217,0
3180,2025-01-01,2025,Information Technology,System Administrator,0,0.2138824323323853,1
3181,2025-01-01,2025,Finance,Finance Manager,0,0.05648580625465858,0
3182,2025-01-01,2025,Sales,Sales Executive,0,0.06985671159146739,0
3184,2025-01-01,2025,Human Resources,HR Executive,0,0.05824064378558909,0
3185,2025-01-01,2025,Information Technology,Data Analyst,1,0.06730140893787201,0
3186,2025-01-01,2025,Human Resources,HR Executive,0,0.1879791509473168,1
3189,2025-01-01,2025,Sales,Sales Executive,1,0.21645605585432687,1
3190,2025-01-01,2025,Marketing,Marketing Manager,1,0.18609637468475765,1
3191,2025-01-01,2025,Human Resources,C&B Specialist,0,0.04779560976910157,0
3192,2025-01-01,2025,Information Technology,Software Engineer,0,0.11408340251393337,0
3195,2025-01-01,2025,Information Technology,QA Engineer,0,0.08159812932057224,0
3196,2025-01-01,2025,Operations,Warehouse Supervisor,0,0.172788748361695,1
3199,2025-01-01,2025,Human Resources,C&B Specialist,0,0.23649404101266822,1
3200,2025-01-01,2025,Human Resources,HR Executive,0,0.1299669904171053,0
3201,2025-01-01,2025,Marketing,Content Specialist,1,0.1234731340126338,0
3202,2025-01-01,2025,Operations,Operations Manager,0,0.25870040479915485,1
3205,2025-01-01,2025,Human Resources,Recruiter,0,0.10947373685161635,0
3206,2025-01-01,2025,Marketing,Marketing Executive,0,0.08677325173731106,0
3207,2025-01-01,2025,Marketing,Content Specialist,0,0.10703702008469773,0
3208,2025-01-01,2025,Finance,Accountant,0,0.08692689179312602,0
3210,2025-01-01,2025,Operations,Operations Executive,0,0.12184073725165068,0
3212,2025-01-01,2025,Marketing,Marketing Manager,0,0.10616200249828026,0
3215,2025-01-01,2025,Sales,Sales Supervisor,0,0.062332531449967164,0
3216,2025-01-01,2025,Information Technology,IT Support,0,0.0637422924893998,0
3217,2025-01-01,2025,Information Technology,Data Analyst,0,0.11976047080118979,0
3224,2025-01-01,2025,Operations,Warehouse Supervisor,0,0.06738244718683215,0
3228,2025-01-01,2025,Human Resources,HR Manager,0,0.12099752811593974,0
3233,2025-01-01,2025,Human Resources,HR Manager,0,0.37582065032684586,1
3238,2025-01-01,2025,Sales,Sales Supervisor,1,0.32027539257832216,1
3240,2025-01-01,2025,Operations,Operations Executive,0,0.0985054075857257,0
3242,2025-01-01,2025,Information Technology,Software Engineer,0,0.11360309295008868,0
3246,2025-01-01,2025,Sales,Account Manager,0,0.10453180254048505,0
3247,2025-01-01,2025,Human Resources,Recruiter,0,0.16290948336676622,1
3248,2025-01-01,2025,Operations,Procurement Specialist,0,0.1307221206920461,0
3255,2025-01-01,2025,Human Resources,Recruiter,0,0.2540925587945518,1
3256,2025-01-01,2025,Operations,Operations Manager,0,0.10731168201416251,0
3257,2025-01-01,2025,Marketing,Marketing Executive,0,0.12443432333513078,0
3262,2025-01-01,2025,Information Technology,Software Engineer,0,0.09307605166819631,0
3263,2025-01-01,2025,Operations,Warehouse Supervisor,0,0.12340043715221845,0
3264,2025-01-01,2025,Operations,Operations Executive,0,0.2475104844893233,1
3265,2025-01-01,2025,Operations,Operations Executive,0,0.31831747094601925,1
3266,2025-01-01,2025,Marketing,Marketing Executive,0,0.07617159466728267,0
3267,2025-01-01,2025,Marketing,Marketing Manager,0,0.24504990404026994,1
3269,2025-01-01,2025,Human Resources,C&B Specialist,0,0.16764728146441918,1
3270,2025-01-01,2025,Marketing,Marketing Manager,0,0.1379676504586352,0
3273,2025-01-01,2025,Sales,Sales Representative,0,0.07040659920878622,0
3274,2025-01-01,2025,Marketing,Marketing Executive,0,0.14735650399443825,0
3275,2025-01-01,2025,Sales,Sales Executive,0,0.09845558417393037,0
3276,2025-01-01,2025,Sales,Sales Representative,0,0.03507078357239968,0
3280,2025-01-01,2025,Marketing,Content Specialist,0,0.13076794923501622,0
3283,2025-01-01,2025,Marketing,Content Specialist,0,0.09791282251349,0
3285,2025-01-01,2025,Human Resources,HR Executive,0,0.14667231141180878,0
3287,2025-01-01,2025,Human Resources,HR Executive,0,0.17683961494332653,1
3292,2025-01-01,2025,Information Technology,Data Analyst,0,0.03299447602522928,0
3295,2025-01-01,2025,Finance,Financial Analyst,0,0.1857495134112516,1
3297,2025-01-01,2025,Human Resources,HR Manager,0,0.15423352811777777,0
3298,2025-01-01,2025,Marketing,Digital Marketing Specialist,0,0.10289725137774279,0
3299,2025-01-01,2025,Finance,Finance Manager,1,0.2198752918219855,1
3300,2025-01-01,2025,Sales,Sales Representative,0,0.19812810213563625,1
3302,2025-01-01,2025,Human Resources,C&B Specialist,0,0.09770384812155558,0
3303,2025-01-01,2025,Information Technology,Data Analyst,0,0.08081915233056963,0
3305,2025-01-01,2025,Operations,Procurement Specialist,0,0.13602452650841834,0
3306,2025-01-01,2025,Finance,Finance Manager,0,0.08180367439799656,0
3313,2025-01-01,2025,Information Technology,IT Support,0,0.21709062514311123,1
3316,2025-01-01,2025,Finance,Finance Manager,0,0.13029222027830673,0
3317,2025-01-01,2025,Sales,Sales Executive,1,0.1667130497359966,1
3319,2025-01-01,2025,Finance,Accountant,0,0.07413008777280734,0
3320,2025-01-01,2025,Finance,Internal Auditor,0,0.23262272851482554,1
3322,2025-01-01,2025,Human Resources,HR Manager,0,0.1492152881517548,0
3327,2025-01-01,2025,Operations,Procurement Specialist,0,0.05560350133021867,0
3329,2025-01-01,2025,Sales,Sales Supervisor,0,0.15023252824669178,0
3330,2025-01-01,2025,Sales,Sales Supervisor,0,0.07986421884672795,0
3337,2025-01-01,2025,Information Technology,Data Analyst,0,0.14119048779315918,0
3342,2025-01-01,2025,Sales,Sales Supervisor,1,0.09301926466695244,0
3345,2025-01-01,2025,Information Technology,System Administrator,1,0.17178262023395727,1
3348,2025-01-01,2025,Marketing,Content Specialist,1,0.1843168272062132,1
3349,2025-01-01,2025,Human Resources,HR Manager,0,0.11466627035926572,0
3357,2025-01-01,2025,Marketing,Marketing Manager,0,0.09568525537044814,0
3358,2025-01-01,2025,Operations,Operations Manager,0,0.10178703306644077,0
3359,2025-01-01,2025,Finance,Finance Manager,1,0.10817528466217115,0
3362,2025-01-01,2025,Marketing,Digital Marketing Specialist,0,0.035918201340690736,0
3363,2025-01-01,2025,Operations,Operations Manager,0,0.11341711947270268,0
3364,2025-01-01,2025,Information Technology,IT Support,0,0.1250046112462311,0
3365,2025-01-01,2025,Sales,Sales Executive,0,0.0749121274711075,0
3368,2025-01-01,2025,Operations,Operations Executive,0,0.18585986413244104,1
3369,2025-01-01,2025,Marketing,Digital Marketing Specialist,0,0.09582247487148818,0
3370,2025-01-01,2025,Human Resources,C&B Specialist,0,0.13952634751213372,0
3371,2025-01-01,2025,Human Resources,Recruiter,0,0.2337657107245929,1
3375,2025-01-01,2025,Sales,Sales Supervisor,0,0.10294915258252144,0
3379,2025-01-01,2025,Marketing,Digital Marketing Specialist,0,0.04731268827033084,0
3381,2025-01-01,2025,Human Resources,HR Executive,0,0.1527349560832592,0
3383,2025-01-01,2025,Finance,Accountant,0,0.08452845862629432,0
3384,2025-01-01,2025,Finance,Finance Manager,1,0.15346981986493363,0
3385,2025-01-01,2025,Sales,Sales Representative,0,0.0277605826097109,0
3392,2025-01-01,2025,Operations,Warehouse Supervisor,0,0.094299811923706,0
3393,2025-01-01,2025,Sales,Sales Supervisor,0,0.12026381416237178,0
3394,2025-01-01,2025,Sales,Sales Representative,0,0.10713476219708462,0
3396,2025-01-01,2025,Sales,Account Manager,0,0.14740814962943508,0
3397,2025-01-01,2025,Human Resources,C&B Specialist,0,0.11452764120610791,0
3398,2025-01-01,2025,Marketing,Marketing Manager,0,0.11752440528013906,0
3400,2025-01-01,2025,Finance,Finance Manager,0,0.03557020496071908,0
3401,2025-01-01,2025,Operations,Operations Executive,0,0.09266816461089211,0
3403,2025-01-01,2025,Human Resources,Recruiter,0,0.10383855735308509,0
3405,2025-01-01,2025,Information Technology,IT Support,0,0.10609757752138496,0
3406,2025-01-01,2025,Information Technology,IT Support,0,0.0797879005837271,0
3408,2025-01-01,2025,Human Resources,C&B Specialist,0,0.09629107712821063,0
3411,2025-01-01,2025,Sales,Sales Executive,1,0.1445731968353452,0
3412,2025-01-01,2025,Finance,Accountant,0,0.08526134330849063,0
3413,2025-01-01,2025,Finance,Finance Manager,1,0.0867078376775723,0
3414,2025-01-01,2025,Sales,Sales Executive,0,0.10441296594375625,0
3416,2025-01-01,2025,Finance,Financial Analyst,0,0.06843940049398724,0
3424,2025-01-01,2025,Information Technology,QA Engineer,0,0.08886284023742012,0
3426,2025-01-01,2025,Operations,Operations Executive,0,0.2111817208860754,1
3430,2025-01-01,2025,Information Technology,Data Analyst,0,0.08033377931113359,0
3432,2025-01-01,2025,Sales,Sales Supervisor,0,0.13942293231426434,0
3435,2025-01-01,2025,Information Technology,Data Analyst,0,0.120462728973619,0
3436,2025-01-01,2025,Finance,Accountant,0,0.10829857714578082,0
3437,2025-01-01,2025,Sales,Account Manager,1,0.28491537721412774,1
3438,2025-01-01,2025,Finance,Accountant,0,0.13604289720596643,0
3439,2025-01-01,2025,Human Resources,Recruiter,0,0.18157460548045826,1
3440,2025-01-01,2025,Marketing,Content Specialist,1,0.058836845472799076,0
3443,2025-01-01,2025,Sales,Account Manager,0,0.2712027489612468,1
3445,2025-01-01,2025,Information Technology,System Administrator,0,0.19933113889407342,1
3446,2025-01-01,2025,Sales,Account Manager,0,0.345764312682498,1
3449,2025-01-01,2025,Marketing,Marketing Executive,0,0.06273012689196583,0
3455,2025-01-01,2025,Operations,Procurement Specialist,0,0.14477862473302983,0
3458,2025-01-01,2025,Marketing,Marketing Manager,0,0.038186906095213975,0
3459,2025-01-01,2025,Information Technology,QA Engineer,0,0.10563336668969038,0
3460,2025-01-01,2025,Sales,Account Manager,0,0.1685566390263908,1
3463,2025-01-01,2025,Finance,Financial Analyst,0,0.20159673550174642,1
3464,2025-01-01,2025,Human Resources,HR Executive,1,0.20563841575876754,1
3468,2025-01-01,2025,Information Technology,Data Analyst,0,0.07812104602420746,0
3469,2025-01-01,2025,Information Technology,Data Analyst,0,0.11161477916884151,0
3471,2025-01-01,2025,Operations,Procurement Specialist,1,0.15321924489692174,0
3472,2025-01-01,2025,Human Resources,Recruiter,0,0.1357534864583893,0
3475,2025-01-01,2025,Human Resources,HR Manager,0,0.20070058197809315,1
3483,2025-01-01,2025,Finance,Accountant,0,0.07430814486432488,0
3486,2025-01-01,2025,Marketing,Marketing Manager,0,0.20781114629331773,1
3488,2025-01-01,2025,Marketing,Marketing Manager,1,0.1553610185419873,0
3491,2025-01-01,2025,Sales,Account Manager,1,0.08976700080885429,0
3492,2025-01-01,2025,Operations,Procurement Specialist,1,0.19933264166337428,1
3495,2025-01-01,2025,Sales,Sales Executive,0,0.11415282601553361,0
3498,2025-01-01,2025,Human Resources,C&B Specialist,0,0.0919305844451086,0
3499,2025-01-01,2025,Operations,Operations Manager,0,0.16379296478605992,1
3500,2025-01-01,2025,Information Technology,Software Engineer,0,0.054124892012029184,0
3508,2025-01-01,2025,Information Technology,Data Analyst,0,0.1520235995419985,0
3514,2025-01-01,2025,Finance,Finance Manager,0,0.05807788289729462,0
3516,2025-01-01,2025,Marketing,Marketing Executive,0,0.06615151429682738,0
3517,2025-01-01,2025,Marketing,Digital Marketing Specialist,0,0.14486602232460005,0
3518,2025-01-01,2025,Marketing,Marketing Manager,0,0.18409713499571134,1
3520,2025-01-01,2025,Operations,Operations Executive,0,0.12362817275720785,0
3521,2025-01-01,2025,Finance,Finance Manager,0,0.06534614925113665,0
3522,2025-01-01,2025,Finance,Internal Auditor,0,0.09892606446743415,0
3523,2025-01-01,2025,Sales,Sales Executive,0,0.12575696391634597,0
3524,2025-01-01,2025,Operations,Warehouse Supervisor,0,0.16649002938936688,1
3526,2025-01-01,2025,Information Technology,Software Engineer,0,0.08678702896357768,0
3529,2025-01-01,2025,Marketing,Marketing Executive,0,0.28473528590815256,1
3530,2025-01-01,2025,Sales,Sales Executive,0,0.06701533586131596,0
3533,2025-01-01,2025,Marketing,Digital Marketing Specialist,0,0.08531505326855358,0
3536,2025-01-01,2025,Marketing,Content Specialist,0,0.10326756514993946,0
3537,2025-01-01,2025,Sales,Account Manager,0,0.11395978315707142,0
3538,2025-01-01,2025,Sales,Account Manager,0,0.14885901051767153,0
3539,2025-01-01,2025,Information Technology,IT Support,0,0.11236916837566599,0
3543,2025-01-01,2025,Finance,Accountant,0,0.09343316960416785,0
3545,2025-01-01,2025,Marketing,Content Specialist,0,0.1400894006828311,0
3546,2025-01-01,2025,Sales,Account Manager,0,0.02753853904762454,0
3547,2025-01-01,2025,Information Technology,QA Engineer,0,0.2767809622965393,1
3548,2025-01-01,2025,Marketing,Content Specialist,0,0.0660329599785101,0
3549,2025-01-01,2025,Marketing,Marketing Manager,0,0.067532127461866,0
3553,2025-01-01,2025,Human Resources,HR Executive,0,0.25981797944137397,1
3555,2025-01-01,2025,Human Resources,C&B Specialist,0,0.12897600316601834,0
3556,2025-01-01,2025,Human Resources,C&B Specialist,0,0.08246773707442592,0
3557,2025-01-01,2025,Marketing,Digital Marketing Specialist,0,0.23601181364751012,1
3559,2025-01-01,2025,Operations,Operations Manager,1,0.09388845797100552,0
3561,2025-01-01,2025,Information Technology,IT Support,0,0.06394331514234947,0
3563,2025-01-01,2025,Information Technology,Data Analyst,0,0.10157219477275534,0
3564,2025-01-01,2025,Sales,Sales Executive,0,0.10979451212890821,0
3566,2025-01-01,2025,Marketing,Content Specialist,1,0.06550003739761781,0
3568,2025-01-01,2025,Marketing,Marketing Manager,1,0.08649701467169636,0
3574,2025-01-01,2025,Operations,Warehouse Supervisor,0,0.16460921630337513,1
3576,2025-01-01,2025,Information Technology,IT Support,0,0.035442638680615,0
3579,2025-01-01,2025,Marketing,Marketing Manager,0,0.13419818972046052,0
3580,2025-01-01,2025,Operations,Warehouse Supervisor,1,0.08485431872931089,0
3588,2025-01-01,2025,Sales,Sales Executive,0,0.16419631456162825,1
3593,2025-01-01,2025,Operations,Operations Executive,0,0.16704081250040134,1
3598,2025-01-01,2025,Marketing,Marketing Executive,0,0.07337674118092302,0
3600,2025-01-01,2025,Finance,Financial Analyst,0,0.14914570531455976,0
3601,2025-01-01,2025,Finance,Financial Analyst,0,0.18583682162840992,1
3602,2025-01-01,2025,Finance,Finance Manager,0,0.05582241069939877,0
3603,2025-01-01,2025,Information Technology,System Administrator,1,0.33614479706725553,1
3604,2025-01-01,2025,Information Technology,QA Engineer,0,0.30283394509009987,1
3608,2025-01-01,2025,Human Resources,C&B Specialist,0,0.17411506918969463,1
3609,2025-01-01,2025,Marketing,Marketing Manager,1,0.19338970823786267,1
3610,2025-01-01,2025,Sales,Sales Executive,0,0.30068688610731986,1
3611,2025-01-01,2025,Sales,Account Manager,0,0.16709726924081378,1
3612,2025-01-01,2025,Operations,Warehouse Supervisor,0,0.1751068849877284,1
3613,2025-01-01,2025,Marketing,Marketing Manager,0,0.1626748482588643,1
3617,2025-01-01,2025,Finance,Financial Analyst,0,0.0458453631339408,0
3618,2025-01-01,2025,Information Technology,System Administrator,0,0.07489243052876632,0
3619,2025-01-01,2025,Operations,Operations Executive,0,0.2362997549429771,1
3622,2025-01-01,2025,Marketing,Content Specialist,0,0.11856603127210884,0
3623,2025-01-01,2025,Finance,Accountant,0,0.13241125575044488,0
3629,2025-01-01,2025,Marketing,Marketing Executive,0,0.11556883309333846,0
3636,2025-01-01,2025,Marketing,Digital Marketing Specialist,0,0.1491889835727813,0
3638,2025-01-01,2025,Finance,Internal Auditor,0,0.12190355295458746,0
3641,2025-01-01,2025,Finance,Internal Auditor,0,0.23559989372172563,1
3643,2025-01-01,2025,Information Technology,Data Analyst,0,0.13305015727295327,0
3645,2025-01-01,2025,Finance,Internal Auditor,0,0.10986138143573486,0
3647,2025-01-01,2025,Sales,Sales Executive,0,0.06710851262095664,0
3650,2025-01-01,2025,Finance,Finance Manager,0,0.3989984940156226,1
3655,2025-01-01,2025,Information Technology,System Administrator,0,0.08939882323413534,0
3656,2025-01-01,2025,Finance,Finance Manager,0,0.1622388357655252,1
3660,2025-01-01,2025,Sales,Sales Supervisor,0,0.08524267259366906,0
3662,2025-01-01,2025,Human Resources,HR Executive,1,0.12155633988296,0
3664,2025-01-01,2025,Operations,Operations Executive,0,0.14899905678146333,0
3666,2025-01-01,2025,Information Technology,IT Support,0,0.10326734907130668,0
3667,2025-01-01,2025,Finance,Internal Auditor,0,0.07012859088250689,0
3668,2025-01-01,2025,Finance,Financial Analyst,1,0.25047793457905954,1
3672,2025-01-01,2025,Information Technology,QA Engineer,0,0.09238213180635309,0
3675,2025-01-01,2025,Human Resources,C&B Specialist,0,0.09410721473771635,0
3676,2025-01-01,2025,Information Technology,System Administrator,0,0.1947888393732691,1
3678,2025-01-01,2025,Sales,Account Manager,0,0.23757403431447222,1
3679,2025-01-01,2025,Information Technology,System Administrator,0,0.09476699031304579,0
3682,2025-01-01,2025,Operations,Warehouse Supervisor,0,0.11828652657676335,0
3685,2025-01-01,2025,Sales,Sales Representative,0,0.12341649103723704,0
3686,2025-01-01,2025,Human Resources,C&B Specialist,0,0.09056406921728573,0
3688,2025-01-01,2025,Operations,Operations Executive,0,0.11159879012957723,0
3691,2025-01-01,2025,Finance,Finance Manager,0,0.10535440392546189,0
3695,2025-01-01,2025,Human Resources,C&B Specialist,0,0.1439572950802237,0
3698,2025-01-01,2025,Information Technology,Data Analyst,0,0.1593001334634333,1
3699,2025-01-01,2025,Information Technology,IT Support,0,0.09617802572557985,0
3701,2025-01-01,2025,Operations,Warehouse Supervisor,0,0.10360153980434225,0
3702,2025-01-01,2025,Sales,Sales Executive,0,0.04639409078508115,0
3705,2025-01-01,2025,Human Resources,HR Manager,1,0.1346659041838034,0
3706,2025-01-01,2025,Information Technology,QA Engineer,1,0.16650692321900307,1
3707,2025-01-01,2025,Sales,Sales Supervisor,0,0.22271200515083697,1
3708,2025-01-01,2025,Information Technology,System Administrator,0,0.07142464614865895,0
3709,2025-01-01,2025,Operations,Warehouse Supervisor,0,0.09735947231875965,0
3711,2025-01-01,2025,Information Technology,System Administrator,0,0.14291399729432616,0
3712,2025-01-01,2025,Marketing,Marketing Manager,0,0.1431792908105825,0
3714,2025-01-01,2025,Marketing,Content Specialist,0,0.10911155500013035,0
3721,2025-01-01,2025,Finance,Financial Analyst,0,0.12037088330072157,0
3724,2025-01-01,2025,Information Technology,Data Analyst,0,0.07232305695143391,0
3725,2025-01-01,2025,Finance,Financial Analyst,0,0.09517708688727582,0
3726,2025-01-01,2025,Finance,Internal Auditor,0,0.13890663246281296,0
3727,2025-01-01,2025,Marketing,Marketing Executive,0,0.057844897007860344,0
3728,2025-01-01,2025,Human Resources,HR Executive,0,0.08856739397830887,0
3732,2025-01-01,2025,Operations,Operations Manager,1,0.11307853250134421,0
3737,2025-01-01,2025,Marketing,Marketing Executive,0,0.20321101052249413,1
3740,2025-01-01,2025,Human Resources,HR Manager,0,0.12249080991624535,0
3741,2025-01-01,2025,Sales,Sales Executive,0,0.17971301865952272,1
3742,2025-01-01,2025,Operations,Operations Executive,0,0.1729476576535627,1
3746,2025-01-01,2025,Human Resources,C&B Specialist,0,0.15490149338522355,0
3749,2025-01-01,2025,Finance,Accountant,0,0.06734841548389778,0
3753,2025-01-01,2025,Operations,Warehouse Supervisor,0,0.35138999826360123,1
3754,2025-01-01,2025,Finance,Accountant,0,0.17612403298271384,1
3755,2025-01-01,2025,Operations,Operations Executive,0,0.1140776198815572,0
3758,2025-01-01,2025,Human Resources,C&B Specialist,0,0.20183514531135627,1
3760,2025-01-01,2025,Operations,Operations Manager,0,0.20372969786528303,1
3761,2025-01-01,2025,Human Resources,HR Executive,1,0.1817688786385951,1
3762,2025-01-01,2025,Finance,Internal Auditor,0,0.18861543338342726,1
3763,2025-01-01,2025,Marketing,Marketing Executive,0,0.15714145340288835,0
3765,2025-01-01,2025,Sales,Sales Executive,0,0.09837521220793029,0
3769,2025-01-01,2025,Sales,Sales Executive,1,0.1818905863186821,1
3770,2025-01-01,2025,Sales,Sales Representative,0,0.0944624862348406,0
3771,2025-01-01,2025,Sales,Sales Supervisor,0,0.15875108422535117,1
3774,2025-01-01,2025,Human Resources,C&B Specialist,1,0.2778516514848086,1
3775,2025-01-01,2025,Marketing,Marketing Manager,0,0.21195929461996565,1
3777,2025-01-01,2025,Finance,Accountant,0,0.13471701721985552,0
3781,2025-01-01,2025,Finance,Finance Manager,0,0.0268327456721709,0
3784,2025-01-01,2025,Human Resources,Recruiter,0,0.17367656049435526,1
3786,2025-01-01,2025,Marketing,Digital Marketing Specialist,0,0.14970619018174586,0
3788,2025-01-01,2025,Human Resources,C&B Specialist,1,0.06528460852299656,0
3790,2025-01-01,2025,Finance,Accountant,1,0.0484734416602391,0
3794,2025-01-01,2025,Information Technology,QA Engineer,0,0.06169225433496596,0
3798,2025-01-01,2025,Operations,Procurement Specialist,0,0.15901182016638266,1
3799,2025-01-01,2025,Human Resources,C&B Specialist,0,0.19044573235866105,1
3800,2025-01-01,2025,Marketing,Content Specialist,0,0.03669597036357557,0
3801,2025-01-01,2025,Finance,Financial Analyst,0,0.08365012919766704,0
3802,2025-01-01,2025,Finance,Accountant,0,0.12171559155627136,0
3805,2025-01-01,2025,Operations,Procurement Specialist,0,0.07191673950946542,0
3806,2025-01-01,2025,Operations,Operations Executive,0,0.16138889468943884,1
3808,2025-01-01,2025,Marketing,Content Specialist,0,0.15561433227648788,0
3810,2025-01-01,2025,Information Technology,Data Analyst,0,0.11378896381426136,0
3811,2025-01-01,2025,Finance,Internal Auditor,1,0.26492459763237775,1
3813,2025-01-01,2025,Marketing,Digital Marketing Specialist,0,0.018994976253073635,0
3815,2025-01-01,2025,Marketing,Content Specialist,0,0.15300385888069812,0
3816,2025-01-01,2025,Sales,Sales Executive,0,0.09444074415193106,0
3818,2025-01-01,2025,Sales,Sales Representative,0,0.1401732920947355,0
3820,2025-01-01,2025,Human Resources,HR Manager,0,0.054050668541870614,0
3822,2025-01-01,2025,Marketing,Digital Marketing Specialist,0,0.1255694093915654,0
3826,2025-01-01,2025,Sales,Sales Supervisor,0,0.2800281541917857,1
3827,2025-01-01,2025,Information Technology,QA Engineer,0,0.3337495765775235,1
3828,2025-01-01,2025,Information Technology,Data Analyst,0,0.1912762667646692,1
3835,2025-01-01,2025,Human Resources,Recruiter,1,0.1348894747947772,0
3838,2025-01-01,2025,Marketing,Marketing Manager,0,0.059831030525711704,0
3840,2025-01-01,2025,Marketing,Marketing Executive,0,0.0551903053673908,0
3843,2025-01-01,2025,Marketing,Marketing Manager,1,0.21330985132665817,1
3845,2025-01-01,2025,Marketing,Content Specialist,0,0.06714711089238719,0
3846,2025-01-01,2025,Operations,Warehouse Supervisor,0,0.06183256251719851,0
3851,2025-01-01,2025,Finance,Internal Auditor,0,0.10507860496278669,0
3854,2025-01-01,2025,Sales,Sales Executive,0,0.08434935643734008,0
3858,2025-01-01,2025,Information Technology,IT Support,0,0.1563924676745353,0
3862,2025-01-01,2025,Finance,Financial Analyst,1,0.20351430674311824,1
3867,2025-01-01,2025,Human Resources,HR Manager,0,0.17258630563910224,1
3868,2025-01-01,2025,Sales,Sales Representative,0,0.04572574388070797,0
3869,2025-01-01,2025,Operations,Procurement Specialist,0,0.08297208652310091,0
3871,2025-01-01,2025,Information Technology,QA Engineer,0,0.24764602098349892,1
3884,2025-01-01,2025,Finance,Financial Analyst,0,0.20091250424449783,1
3887,2025-01-01,2025,Finance,Internal Auditor,0,0.07412873318860394,0
3890,2025-01-01,2025,Marketing,Content Specialist,1,0.14702985637155072,0
3891,2025-01-01,2025,Sales,Sales Representative,1,0.37298552072407565,1
3893,2025-01-01,2025,Operations,Operations Executive,0,0.352101526829473,1
3895,2025-01-01,2025,Operations,Operations Manager,0,0.1827095145853416,1
3897,2025-01-01,2025,Operations,Procurement Specialist,1,0.27261417840856755,1
3901,2025-01-01,2025,Finance,Financial Analyst,0,0.05130068424445485,0
3902,2025-01-01,2025,Finance,Financial Analyst,0,0.11504762632379367,0
3904,2025-01-01,2025,Finance,Finance Manager,1,0.2639067072533894,1
3905,2025-01-01,2025,Information Technology,QA Engineer,0,0.08465256875336306,0
3910,2025-01-01,2025,Information Technology,QA Engineer,0,0.04614386751873867,0
3911,2025-01-01,2025,Information Technology,QA Engineer,0,0.10334464791065397,0
3912,2025-01-01,2025,Sales,Sales Supervisor,0,0.16003635944962935,1
3915,2025-01-01,2025,Finance,Internal Auditor,0,0.3012908885264079,1
3916,2025-01-01,2025,Marketing,Marketing Executive,0,0.20062791966999688,1
3919,2025-01-01,2025,Marketing,Marketing Manager,0,0.05761236866204048,0
3921,2025-01-01,2025,Human Resources,HR Executive,0,0.24085235516875314,1
3922,2025-01-01,2025,Marketing,Content Specialist,0,0.10542419653747993,0
3929,2025-01-01,2025,Operations,Warehouse Supervisor,1,0.4131206655927916,1
3930,2025-01-01,2025,Operations,Warehouse Supervisor,1,0.2324788508573559,1
3932,2025-01-01,2025,Sales,Sales Representative,0,0.0772357034699015,0
3933,2025-01-01,2025,Operations,Procurement Specialist,0,0.019379713255375332,0
3937,2025-01-01,2025,Marketing,Marketing Manager,0,0.06962889355371941,0
3939,2025-01-01,2025,Finance,Finance Manager,0,0.12361741038566278,0
3940,2025-01-01,2025,Sales,Sales Supervisor,0,0.17344026906360738,1
3941,2025-01-01,2025,Operations,Operations Manager,1,0.2229527573732421,1
3943,2025-01-01,2025,Human Resources,Recruiter,1,0.18832039864604536,1
3950,2025-01-01,2025,Information Technology,QA Engineer,0,0.14631072627966982,0
3952,2025-01-01,2025,Operations,Warehouse Supervisor,0,0.1275598523721577,0
3954,2025-01-01,2025,Human Resources,HR Manager,0,0.14851054689054413,0
3955,2025-01-01,2025,Finance,Financial Analyst,0,0.15547209949253618,0
3956,2025-01-01,2025,Operations,Warehouse Supervisor,1,0.25257054020655684,1
3962,2025-01-01,2025,Operations,Operations Manager,0,0.21169537472962263,1
3963,2025-01-01,2025,Sales,Sales Supervisor,0,0.087825409678207,0
3964,2025-01-01,2025,Human Resources,Recruiter,0,0.30387496336113967,1
3965,2025-01-01,2025,Marketing,Marketing Manager,0,0.07041142284229229,0
3966,2025-01-01,2025,Operations,Operations Manager,0,0.10360218731694974,0
3967,2025-01-01,2025,Operations,Operations Executive,0,0.19484099571669347,1
3968,2025-01-01,2025,Information Technology,IT Support,0,0.1854941506061286,1
3971,2025-01-01,2025,Operations,Operations Executive,0,0.1021229876726903,0
3979,2025-01-01,2025,Operations,Operations Executive,1,0.127562615329119,0
3984,2025-01-01,2025,Information Technology,Software Engineer,0,0.10394721576397942,0
3985,2025-01-01,2025,Sales,Account Manager,0,0.17561877066401282,1
3986,2025-01-01,2025,Marketing,Marketing Executive,0,0.1257006174320893,0
3990,2025-01-01,2025,Finance,Finance Manager,1,0.11699926194992634,0
3995,2025-01-01,2025,Sales,Sales Representative,0,0.10286333413425133,0
3997,2025-01-01,2025,Human Resources,C&B Specialist,0,0.09800209392484073,0
3998,2025-01-01,2025,Marketing,Content Specialist,0,0.09886028232821104,0
3999,2025-01-01,2025,Operations,Procurement Specialist,0,0.12931363495027423,0
4000,2025-01-01,2025,Information Technology,System Administrator,0,0.08813931214045294,0
4009,2025-01-01,2025,Sales,Account Manager,0,0.12785277338734335,0
4011,2025-01-01,2025,Operations,Operations Executive,0,0.1671837901976587,1
4013,2025-01-01,2025,Information Technology,System Administrator,0,0.1325855351476012,0
4016,2025-01-01,2025,Information Technology,Data Analyst,0,0.10251715908514282,0
4019,2025-01-01,2025,Operations,Warehouse Supervisor,0,0.19772021827757208,1
4022,2025-01-01,2025,Marketing,Marketing Executive,1,0.23971488713474656,1
4024,2025-01-01,2025,Marketing,Marketing Manager,0,0.15694369219357113,0
4026,2025-01-01,2025,Human Resources,C&B Specialist,0,0.054848343018562125,0
4030,2025-01-01,2025,Marketing,Digital Marketing Specialist,0,0.09713155539259163,0
4037,2025-01-01,2025,Sales,Sales Supervisor,0,0.04681831173781489,0
4042,2025-01-01,2025,Operations,Warehouse Supervisor,0,0.0508024102044408,0
4045,2025-01-01,2025,Human Resources,C&B Specialist,0,0.3653900533424552,1
4046,2025-01-01,2025,Sales,Sales Representative,0,0.09295896712871288,0
4048,2025-01-01,2025,Finance,Accountant,0,0.2110879591200537,1
4054,2025-01-01,2025,Information Technology,Software Engineer,1,0.20863349150568086,1
4058,2025-01-01,2025,Finance,Financial Analyst,0,0.15888593449295865,1
4061,2025-01-01,2025,Finance,Internal Auditor,0,0.09018488686193309,0
4062,2025-01-01,2025,Marketing,Marketing Executive,0,0.12300039923930071,0
4063,2025-01-01,2025,Information Technology,Data Analyst,0,0.06172885673235478,0
4065,2025-01-01,2025,Human Resources,C&B Specialist,0,0.09584665329830476,0
4067,2025-01-01,2025,Human Resources,Recruiter,0,0.09710426454126282,0
4068,2025-01-01,2025,Human Resources,C&B Specialist,0,0.23530156700831942,1
4070,2025-01-01,2025,Human Resources,HR Executive,1,0.04889835781974496,0
4071,2025-01-01,2025,Finance,Financial Analyst,0,0.1166194824415285,0
4072,2025-01-01,2025,Information Technology,Data Analyst,0,0.06868323962986721,0
4074,2025-01-01,2025,Operations,Operations Manager,0,0.07562375359418483,0
4075,2025-01-01,2025,Marketing,Content Specialist,0,0.07312148791787887,0
4077,2025-01-01,2025,Marketing,Marketing Manager,0,0.23566798396882052,1
4078,2025-01-01,2025,Human Resources,HR Manager,0,0.037145696690785844,0
4079,2025-01-01,2025,Information Technology,IT Support,0,0.08158381861399078,0
4080,2025-01-01,2025,Operations,Procurement Specialist,0,0.08886367688227219,0
4081,2025-01-01,2025,Sales,Sales Representative,1,0.16595661667672748,1
4082,2025-01-01,2025,Human Resources,Recruiter,0,0.13470631587339785,0
4083,2025-01-01,2025,Sales,Sales Supervisor,0,0.06522498551120687,0
4084,2025-01-01,2025,Marketing,Content Specialist,0,0.1299043673498231,0
4086,2025-01-01,2025,Finance,Finance Manager,0,0.1281411269263507,0
4088,2025-01-01,2025,Human Resources,Recruiter,1,0.2386021111518329,1
4090,2025-01-01,2025,Human Resources,C&B Specialist,0,0.15455727503309125,0
4094,2025-01-01,2025,Marketing,Marketing Manager,0,0.09078971360653033,0
4095,2025-01-01,2025,Sales,Account Manager,0,0.11610347679834729,0
4097,2025-01-01,2025,Information Technology,Data Analyst,0,0.08453797640517209,0
4098,2025-01-01,2025,Sales,Sales Representative,0,0.09798577195592546,0
4099,2025-01-01,2025,Sales,Sales Supervisor,0,0.11419620228012135,0
4101,2025-01-01,2025,Sales,Sales Representative,0,0.16391509009602,1
4102,2025-01-01,2025,Finance,Accountant,0,0.11054373642961045,0
4103,2025-01-01,2025,Marketing,Digital Marketing Specialist,0,0.2304530980212623,1
4104,2025-01-01,2025,Marketing,Marketing Executive,0,0.10616905657943985,0
4106,2025-01-01,2025,Information Technology,QA Engineer,0,0.1997024098498476,1
4107,2025-01-01,2025,Sales,Sales Supervisor,0,0.10817624535284447,0
4108,2025-01-01,2025,Information Technology,Software Engineer,0,0.05359039907414837,0
4113,2025-01-01,2025,Human Resources,HR Executive,0,0.29259813580642713,1
4120,2025-01-01,2025,Operations,Procurement Specialist,1,0.1699913170861092,1
4121,2025-01-01,2025,Marketing,Marketing Executive,1,0.10336019173446741,0
4126,2025-01-01,2025,Human Resources,C&B Specialist,0,0.051101368220555145,0
4128,2025-01-01,2025,Marketing,Content Specialist,0,0.09469117904618277,0
4130,2025-01-01,2025,Operations,Procurement Specialist,1,0.19120102385417312,1
4131,2025-01-01,2025,Human Resources,HR Manager,0,0.18993197049158714,1
4132,2025-01-01,2025,Human Resources,HR Executive,0,0.16730809201512864,1
4134,2025-01-01,2025,Finance,Financial Analyst,0,0.1420097605910331,0
4138,2025-01-01,2025,Finance,Accountant,0,0.11562151818373446,0
4142,2025-01-01,2025,Operations,Operations Manager,1,0.23027157148656874,1
4147,2025-01-01,2025,Marketing,Digital Marketing Specialist,0,0.086971763655751,0
4153,2025-01-01,2025,Human Resources,HR Executive,0,0.0731176957021247,0
4154,2025-01-01,2025,Marketing,Marketing Executive,0,0.05627550244772792,0
4156,2025-01-01,2025,Marketing,Marketing Manager,0,0.11188109429356402,0
4157,2025-01-01,2025,Information Technology,IT Support,1,0.2930039059325751,1
4158,2025-01-01,2025,Finance,Accountant,0,0.2047905487598893,1
4163,2025-01-01,2025,Information Technology,System Administrator,1,0.16057440395228392,1
4165,2025-01-01,2025,Marketing,Digital Marketing Specialist,0,0.12062077116241195,0
4166,2025-01-01,2025,Finance,Internal Auditor,0,0.1333727612780413,0
4167,2025-01-01,2025,Operations,Warehouse Supervisor,0,0.20156530840279469,1
4170,2025-01-01,2025,Information Technology,Data Analyst,0,0.17459217433010668,1
4171,2025-01-01,2025,Operations,Procurement Specialist,1,0.2171099282594195,1
4176,2025-01-01,2025,Sales,Sales Representative,0,0.12870392816738482,0
4177,2025-01-01,2025,Operations,Operations Executive,0,0.28667166747243755,1
4180,2025-01-01,2025,Sales,Sales Executive,0,0.09293857310917635,0
4181,2025-01-01,2025,Sales,Account Manager,0,0.1419882183738139,0
4183,2025-01-01,2025,Information Technology,IT Support,0,0.09407006405959698,0
4185,2025-01-01,2025,Operations,Operations Manager,0,0.07633726647208275,0
4186,2025-01-01,2025,Human Resources,HR Manager,0,0.04055773996363136,0
4189,2025-01-01,2025,Marketing,Marketing Manager,1,0.21297805416760734,1
4191,2025-01-01,2025,Marketing,Marketing Manager,1,0.23560137442185197,1
4192,2025-01-01,2025,Marketing,Content Specialist,0,0.06936075506604963,0
4194,2025-01-01,2025,Marketing,Marketing Executive,1,0.04372247671671366,0
4197,2025-01-01,2025,Human Resources,Recruiter,0,0.10265561505868277,0
4198,2025-01-01,2025,Operations,Procurement Specialist,1,0.3283800758711273,1
4199,2025-01-01,2025,Marketing,Marketing Manager,0,0.09274801027098332,0
4200,2025-01-01,2025,Finance,Financial Analyst,0,0.07157992075919427,0
4201,2025-01-01,2025,Operations,Operations Manager,0,0.07777126338173418,0
4207,2025-01-01,2025,Information Technology,Software Engineer,0,0.18566544122757642,1
4208,2025-01-01,2025,Human Resources,C&B Specialist,0,0.22470065553721166,1
4209,2025-01-01,2025,Sales,Sales Representative,0,0.06443441454299818,0
4211,2025-01-01,2025,Human Resources,Recruiter,0,0.11171165371432218,0
4215,2025-01-01,2025,Information Technology,System Administrator,0,0.08935704242543539,0
4219,2025-01-01,2025,Human Resources,HR Manager,1,0.20760987613484955,1
4220,2025-01-01,2025,Information Technology,Software Engineer,0,0.09209786369108851,0
4223,2025-01-01,2025,Sales,Sales Executive,1,0.21085148425005246,1
4225,2025-01-01,2025,Information Technology,Data Analyst,0,0.11828829480925775,0
4226,2025-01-01,2025,Marketing,Digital Marketing Specialist,0,0.08401363118072686,0
4227,2025-01-01,2025,Human Resources,Recruiter,0,0.20103733338154717,1
4230,2025-01-01,2025,Finance,Financial Analyst,0,0.11767416043153267,0
4231,2025-01-01,2025,Operations,Procurement Specialist,0,0.04346224927673709,0
4234,2025-01-01,2025,Information Technology,Data Analyst,0,0.1320175745270496,0
4235,2025-01-01,2025,Sales,Sales Representative,0,0.18047322791083079,1
4236,2025-01-01,2025,Marketing,Content Specialist,0,0.12107583315074283,0
4239,2025-01-01,2025,Operations,Warehouse Supervisor,0,0.163591970578488,1
4240,2025-01-01,2025,Operations,Operations Manager,0,0.12003201389450066,0
4243,2025-01-01,2025,Sales,Sales Representative,0,0.09513901894747806,0
4245,2025-01-01,2025,Information Technology,System Administrator,0,0.10408070951745842,0
4247,2025-01-01,2025,Human Resources,HR Executive,0,0.12627586959897008,0
4249,2025-01-01,2025,Human Resources,Recruiter,0,0.2855586759496294,1
4250,2025-01-01,2025,Human Resources,Recruiter,0,0.14912616673313217,0
4252,2025-01-01,2025,Marketing,Marketing Executive,0,0.17636500412893386,1
4253,2025-01-01,2025,Human Resources,Recruiter,0,0.12497833719441002,0
4256,2025-01-01,2025,Marketing,Digital Marketing Specialist,1,0.15145634683678916,0
4257,2025-01-01,2025,Marketing,Digital Marketing Specialist,0,0.19771298872216705,1
4258,2025-01-01,2025,Finance,Finance Manager,0,0.07719561301338611,0
4265,2025-01-01,2025,Sales,Sales Supervisor,0,0.07593848287431167,0
4268,2025-01-01,2025,Information Technology,Data Analyst,1,0.20051570004568545,1
4271,2025-01-01,2025,Information Technology,IT Support,0,0.08254780805447649,0
4273,2025-01-01,2025,Human Resources,Recruiter,1,0.281245727634893,1
4274,2025-01-01,2025,Human Resources,HR Manager,0,0.10662136182717098,0
4280,2025-01-01,2025,Information Technology,QA Engineer,0,0.08901849859607566,0
4283,2025-01-01,2025,Sales,Sales Supervisor,0,0.26680955145801855,1
4284,2025-01-01,2025,Operations,Operations Executive,1,0.18795955360588343,1
4285,2025-01-01,2025,Marketing,Content Specialist,0,0.15880373194172567,1
4286,2025-01-01,2025,Information Technology,Software Engineer,0,0.10076709109581031,0
4289,2025-01-01,2025,Operations,Operations Manager,0,0.22635284866625738,1
4291,2025-01-01,2025,Marketing,Marketing Manager,0,0.02821105509622206,0
4292,2025-01-01,2025,Finance,Financial Analyst,0,0.16028998892796928,1
4293,2025-01-01,2025,Finance,Finance Manager,0,0.20161672823455956,1
4294,2025-01-01,2025,Operations,Warehouse Supervisor,0,0.0997456434920456,0
4295,2025-01-01,2025,Sales,Account Manager,0,0.09555694324001798,0
4296,2025-01-01,2025,Information Technology,Data Analyst,0,0.21857875381570815,1
4298,2025-01-01,2025,Sales,Sales Supervisor,0,0.06631723220584794,0
4299,2025-01-01,2025,Finance,Finance Manager,0,0.14217746801133269,0
4300,2025-01-01,2025,Marketing,Digital Marketing Specialist,0,0.11675091629671779,0
4309,2025-01-01,2025,Finance,Finance Manager,0,0.11475010428411972,0
4310,2025-01-01,2025,Human Resources,HR Manager,0,0.18942653726413267,1
4311,2025-01-01,2025,Human Resources,HR Manager,0,0.06803311921064861,0
4313,2025-01-01,2025,Human Resources,HR Manager,0,0.18859577798017382,1
4315,2025-01-01,2025,Marketing,Marketing Manager,0,0.18361834385614645,1
4319,2025-01-01,2025,Marketing,Marketing Manager,0,0.16355383720909947,1
4320,2025-01-01,2025,Information Technology,QA Engineer,0,0.1318755210897846,0
4321,2025-01-01,2025,Sales,Sales Representative,0,0.08877475427931258,0
4323,2025-01-01,2025,Marketing,Content Specialist,0,0.11506268233750128,0
4325,2025-01-01,2025,Finance,Finance Manager,0,0.07756297667260048,0
4329,2025-01-01,2025,Information Technology,System Administrator,0,0.19991648425491684,1
4330,2025-01-01,2025,Human Resources,HR Manager,0,0.1357429071027778,0
4335,2025-01-01,2025,Sales,Sales Supervisor,1,0.18922103415370828,1
4339,2025-01-01,2025,Human Resources,Recruiter,1,0.26611390671914686,1
4341,2025-01-01,2025,Sales,Sales Supervisor,0,0.03791158114151732,0
4342,2025-01-01,2025,Operations,Operations Executive,0,0.12629275052187558,0
4344,2025-01-01,2025,Operations,Procurement Specialist,0,0.24117499196372305,1
4345,2025-01-01,2025,Human Resources,HR Executive,1,0.3551032891068928,1
4346,2025-01-01,2025,Sales,Account Manager,0,0.1029243551304842,0
4354,2025-01-01,2025,Finance,Accountant,0,0.11679250215774055,0
4355,2025-01-01,2025,Human Resources,Recruiter,0,0.10329637185139072,0
4358,2025-01-01,2025,Marketing,Content Specialist,0,0.07087527687693314,0
4360,2025-01-01,2025,Finance,Accountant,0,0.2133225181433583,1
4368,2025-01-01,2025,Marketing,Content Specialist,0,0.08217611281720977,0
4369,2025-01-01,2025,Marketing,Marketing Executive,0,0.07319373930949442,0
4372,2025-01-01,2025,Operations,Operations Manager,0,0.20983104514819947,1
4373,2025-01-01,2025,Marketing,Digital Marketing Specialist,0,0.08550874980271464,0
4375,2025-01-01,2025,Marketing,Marketing Executive,0,0.10755788635577203,0
4381,2025-01-01,2025,Marketing,Digital Marketing Specialist,0,0.1309502370983577,0
4382,2025-01-01,2025,Marketing,Digital Marketing Specialist,0,0.21694113804708953,1
4384,2025-01-01,2025,Human Resources,HR Executive,0,0.05685779141183881,0
4389,2025-01-01,2025,Finance,Finance Manager,0,0.09008733911429385,0
4391,2025-01-01,2025,Marketing,Digital Marketing Specialist,0,0.07541600032935432,0
4393,2025-01-01,2025,Finance,Accountant,0,0.11259941732539101,0
4396,2025-01-01,2025,Sales,Sales Supervisor,0,0.0997583878908499,0
4398,2025-01-01,2025,Human Resources,HR Executive,0,0.23773283530310552,1
4403,2025-01-01,2025,Marketing,Marketing Executive,0,0.03709537083148013,0
4404,2025-01-01,2025,Marketing,Marketing Manager,0,0.07988801971118742,0
4406,2025-01-01,2025,Finance,Finance Manager,0,0.1358316836772068,0
4410,2025-01-01,2025,Sales,Sales Supervisor,1,0.12256117749962148,0
4411,2025-01-01,2025,Marketing,Marketing Executive,0,0.2121332898437367,1
4412,2025-01-01,2025,Finance,Internal Auditor,0,0.09619379511529572,0
4417,2025-01-01,2025,Marketing,Marketing Executive,0,0.018331888420137867,0
4419,2025-01-01,2025,Human Resources,Recruiter,0,0.09683690945095572,0
4421,2025-01-01,2025,Human Resources,HR Executive,0,0.051645643972752515,0
4422,2025-01-01,2025,Finance,Financial Analyst,0,0.13708333869895004,0
4423,2025-01-01,2025,Information Technology,Data Analyst,0,0.16220702507471976,1
4424,2025-01-01,2025,Human Resources,C&B Specialist,0,0.23623584338241102,1
4426,2025-01-01,2025,Operations,Operations Executive,1,0.11815121876735105,0
4427,2025-01-01,2025,Sales,Account Manager,0,0.06450122941933116,0
4428,2025-01-01,2025,Information Technology,Data Analyst,0,0.13710471316418296,0
4429,2025-01-01,2025,Finance,Finance Manager,0,0.1067574625659599,0
4431,2025-01-01,2025,Information Technology,Software Engineer,0,0.13941113997865673,0
4432,2025-01-01,2025,Human Resources,Recruiter,0,0.05800032963462009,0
4433,2025-01-01,2025,Information Technology,Data Analyst,0,0.0877635806879329,0
4434,2025-01-01,2025,Finance,Finance Manager,0,0.12337815458483585,0
4435,2025-01-01,2025,Finance,Financial Analyst,0,0.09187704877353334,0
4436,2025-01-01,2025,Marketing,Marketing Executive,0,0.022398538244843252,0
4437,2025-01-01,2025,Information Technology,Data Analyst,0,0.16804570453861117,1
4438,2025-01-01,2025,Sales,Account Manager,0,0.04781943166468263,0
4440,2025-01-01,2025,Sales,Sales Executive,0,0.10141163538250814,0
4442,2025-01-01,2025,Marketing,Content Specialist,0,0.10230510204497226,0
4443,2025-01-01,2025,Marketing,Marketing Executive,0,0.17963648660760306,1
4446,2025-01-01,2025,Operations,Operations Manager,0,0.15620838761498335,0
4448,2025-01-01,2025,Information Technology,System Administrator,0,0.17677530415650686,1
4449,2025-01-01,2025,Finance,Accountant,0,0.13834060601686798,0
4450,2025-01-01,2025,Human Resources,HR Executive,0,0.15420395934579206,0
4451,2025-01-01,2025,Sales,Account Manager,0,0.06818687880209183,0
4453,2025-01-01,2025,Operations,Operations Manager,0,0.10463364792237691,0
4454,2025-01-01,2025,Human Resources,HR Executive,0,0.07881132990539119,0
4459,2025-01-01,2025,Sales,Account Manager,0,0.10976101881652363,0
4461,2025-01-01,2025,Sales,Sales Representative,1,0.19075889920110564,1
4465,2025-01-01,2025,Information Technology,IT Support,1,0.24452068657766882,1
4466,2025-01-01,2025,Human Resources,HR Manager,0,0.18316176105642068,1
4467,2025-01-01,2025,Human Resources,Recruiter,0,0.17647477310198698,1
4468,2025-01-01,2025,Operations,Operations Manager,0,0.13223153220258338,0
4472,2025-01-01,2025,Sales,Sales Representative,0,0.21798236320770312,1
4474,2025-01-01,2025,Operations,Procurement Specialist,1,0.06877317483364236,0
4475,2025-01-01,2025,Finance,Accountant,0,0.31233616331472974,1
4476,2025-01-01,2025,Sales,Sales Representative,1,0.09395458524053125,0
4479,2025-01-01,2025,Information Technology,QA Engineer,1,0.08826766991173522,0
4480,2025-01-01,2025,Sales,Account Manager,0,0.28401703601792694,1
4482,2025-01-01,2025,Operations,Operations Manager,1,0.16899554035829592,1
4483,2025-01-01,2025,Finance,Finance Manager,0,0.21427945312745345,1
4485,2025-01-01,2025,Sales,Sales Supervisor,0,0.11904734880477154,0
4492,2025-01-01,2025,Human Resources,HR Manager,0,0.13829430799766929,0
4495,2025-01-01,2025,Operations,Procurement Specialist,0,0.1198917758071464,0
4496,2025-01-01,2025,Sales,Sales Executive,0,0.12644523231231314,0
4498,2025-01-01,2025,Human Resources,HR Executive,0,0.11526570949743875,0
4499,2025-01-01,2025,Human Resources,HR Executive,0,0.17968259663538153,1
4500,2025-01-01,2025,Human Resources,Recruiter,1,0.07929616448661693,0
4503,2025-01-01,2025,Finance,Financial Analyst,0,0.07526176663408378,0
4504,2025-01-01,2025,Finance,Accountant,0,0.030119733378848705,0
4510,2025-01-01,2025,Sales,Sales Executive,0,0.09871457619566738,0
4515,2025-01-01,2025,Human Resources,C&B Specialist,0,0.09118669084741168,0
4517,2025-01-01,2025,Information Technology,IT Support,0,0.09779297449272303,0
4519,2025-01-01,2025,Sales,Sales Executive,0,0.11602645427977974,0
4521,2025-01-01,2025,Information Technology,QA Engineer,1,0.35928959134604793,1
4522,2025-01-01,2025,Information Technology,System Administrator,0,0.14551092860362824,0
4523,2025-01-01,2025,Operations,Operations Executive,0,0.14150432961024703,0
4526,2025-01-01,2025,Sales,Sales Representative,0,0.06878063869898202,0
4528,2025-01-01,2025,Marketing,Content Specialist,0,0.19048984520154702,1
4532,2025-01-01,2025,Finance,Accountant,0,0.14446535826102536,0
4533,2025-01-01,2025,Sales,Sales Executive,1,0.3004900531781411,1
4535,2025-01-01,2025,Information Technology,QA Engineer,1,0.19461750876162565,1
4536,2025-01-01,2025,Marketing,Marketing Executive,0,0.1781771082791831,1
4537,2025-01-01,2025,Sales,Sales Representative,0,0.048518048349800544,0
4541,2025-01-01,2025,Sales,Sales Executive,1,0.1429818823127139,0
4543,2025-01-01,2025,Human Resources,Recruiter,0,0.16806452741108632,1
4544,2025-01-01,2025,Operations,Procurement Specialist,1,0.28204833055516415,1
4546,2025-01-01,2025,Marketing,Marketing Manager,0,0.04735636613548996,0
4550,2025-01-01,2025,Sales,Account Manager,0,0.27513318746860566,1
4556,2025-01-01,2025,Marketing,Marketing Executive,1,0.17595552132993295,1
4557,2025-01-01,2025,Information Technology,IT Support,1,0.1277497237528041,0
4558,2025-01-01,2025,Information Technology,Data Analyst,1,0.250983365528779,1
4560,2025-01-01,2025,Operations,Warehouse Supervisor,0,0.08652392048777761,0
4561,2025-01-01,2025,Marketing,Marketing Manager,0,0.06690728546957689,0
4562,2025-01-01,2025,Human Resources,Recruiter,0,0.18064326972887793,1
4564,2025-01-01,2025,Finance,Accountant,0,0.059304877585671545,0
4568,2025-01-01,2025,Finance,Finance Manager,0,0.11640607741007375,0
4569,2025-01-01,2025,Operations,Procurement Specialist,0,0.0704101495090117,0
4571,2025-01-01,2025,Information Technology,QA Engineer,0,0.24307999408688197,1
4573,2025-01-01,2025,Operations,Operations Manager,0,0.13081583409418893,0
4574,2025-01-01,2025,Operations,Operations Executive,0,0.09534823266298426,0
4577,2025-01-01,2025,Information Technology,Data Analyst,0,0.18211998496139506,1
4578,2025-01-01,2025,Operations,Operations Manager,0,0.10686956080421638,0
4580,2025-01-01,2025,Human Resources,Recruiter,1,0.22081368940583018,1
4584,2025-01-01,2025,Information Technology,Data Analyst,0,0.14308686324894737,0
4585,2025-01-01,2025,Sales,Sales Representative,0,0.1855393858557317,1
4586,2025-01-01,2025,Human Resources,C&B Specialist,0,0.0779633947309906,0
4587,2025-01-01,2025,Finance,Internal Auditor,0,0.11252918089203591,0
4592,2025-01-01,2025,Operations,Procurement Specialist,0,0.059337611627016576,0
4594,2025-01-01,2025,Sales,Sales Supervisor,0,0.10578032329406428,0
4595,2025-01-01,2025,Operations,Warehouse Supervisor,0,0.17413162948307667,1
4596,2025-01-01,2025,Operations,Operations Executive,0,0.18667899853758751,1
4598,2025-01-01,2025,Sales,Sales Executive,0,0.11353025150266764,0
4600,2025-01-01,2025,Information Technology,System Administrator,0,0.08443423559093043,0
4602,2025-01-01,2025,Marketing,Content Specialist,0,0.08714260757987184,0
4603,2025-01-01,2025,Sales,Sales Representative,0,0.1050117249906464,0
4606,2025-01-01,2025,Sales,Sales Executive,0,0.1089710845357229,0
4607,2025-01-01,2025,Sales,Sales Representative,0,0.13467757548207696,0
4608,2025-01-01,2025,Sales,Sales Supervisor,0,0.22674717502368055,1
4609,2025-01-01,2025,Marketing,Marketing Manager,0,0.2504673815570878,1
4610,2025-01-01,2025,Finance,Internal Auditor,0,0.1392600686640325,0
4612,2025-01-01,2025,Marketing,Marketing Executive,0,0.061452454999332266,0
4614,2025-01-01,2025,Human Resources,HR Executive,0,0.026356284828878383,0
4615,2025-01-01,2025,Marketing,Marketing Manager,0,0.14996169014446556,0
4616,2025-01-01,2025,Marketing,Content Specialist,0,0.09398937437541519,0
4617,2025-01-01,2025,Information Technology,System Administrator,0,0.13137364651774627,0
4621,2025-01-01,2025,Information Technology,IT Support,0,0.10272272966089123,0
4622,2025-01-01,2025,Marketing,Content Specialist,0,0.07326510047386962,0
4625,2025-01-01,2025,Marketing,Marketing Executive,0,0.2724613674034381,1
4626,2025-01-01,2025,Operations,Operations Manager,0,0.12782755297667023,0
4628,2025-01-01,2025,Information Technology,System Administrator,0,0.13014286629106786,0
4630,2025-01-01,2025,Operations,Operations Manager,0,0.09669927136071581,0
4633,2025-01-01,2025,Finance,Accountant,1,0.08520153040009709,0
4638,2025-01-01,2025,Marketing,Digital Marketing Specialist,1,0.12940220916599435,0
4639,2025-01-01,2025,Information Technology,System Administrator,0,0.11806682826141726,0
4640,2025-01-01,2025,Finance,Finance Manager,0,0.11190469455313513,0
4641,2025-01-01,2025,Finance,Financial Analyst,0,0.08648918532285679,0
4642,2025-01-01,2025,Operations,Warehouse Supervisor,0,0.24986149912837452,1
4644,2025-01-01,2025,Operations,Procurement Specialist,0,0.17973440105339086,1
4650,2025-01-01,2025,Human Resources,HR Executive,0,0.06974380878486874,0
4651,2025-01-01,2025,Finance,Accountant,0,0.21305898786804647,1
4652,2025-01-01,2025,Finance,Accountant,0,0.06365088241888177,0
4653,2025-01-01,2025,Marketing,Marketing Manager,0,0.2428678403690649,1
4659,2025-01-01,2025,Human Resources,C&B Specialist,0,0.06851736115162461,0
4661,2025-01-01,2025,Information Technology,Software Engineer,0,0.14796235641358926,0
4662,2025-01-01,2025,Information Technology,QA Engineer,1,0.0940015209969363,0
4663,2025-01-01,2025,Finance,Financial Analyst,0,0.06880602224670798,0
4664,2025-01-01,2025,Operations,Operations Manager,0,0.18475125823031951,1
4667,2025-01-01,2025,Sales,Sales Representative,0,0.08186945647872251,0
4669,2025-01-01,2025,Marketing,Marketing Executive,0,0.16175197827500448,1
4671,2025-01-01,2025,Information Technology,System Administrator,1,0.3645108198595423,1
4676,2025-01-01,2025,Human Resources,HR Executive,0,0.16876515884646145,1
4677,2025-01-01,2025,Human Resources,HR Manager,0,0.07886530681605018,0
4679,2025-01-01,2025,Sales,Account Manager,0,0.11661963818685248,0
4681,2025-01-01,2025,Operations,Operations Manager,0,0.12361184288602009,0
4682,2025-01-01,2025,Human Resources,HR Executive,1,0.11124312096811105,0
4684,2025-01-01,2025,Operations,Operations Executive,0,0.3589861134302717,1
4685,2025-01-01,2025,Marketing,Marketing Manager,1,0.07964392127778472,0
4686,2025-01-01,2025,Sales,Sales Executive,0,0.20291067943515384,1
4687,2025-01-01,2025,Marketing,Content Specialist,0,0.11622061408671046,0
4690,2025-01-01,2025,Marketing,Marketing Manager,0,0.19818144196025556,1
4693,2025-01-01,2025,Operations,Procurement Specialist,0,0.1266597548630551,0
4694,2025-01-01,2025,Marketing,Content Specialist,0,0.06255831948771896,0
4696,2025-01-01,2025,Human Resources,C&B Specialist,0,0.12183278139712049,0
4704,2025-01-01,2025,Finance,Internal Auditor,0,0.23067893095613298,1
4705,2025-01-01,2025,Information Technology,System Administrator,0,0.10463864082595095,0
4706,2025-01-01,2025,Human Resources,HR Executive,1,0.17877579279783531,1
4707,2025-01-01,2025,Information Technology,Software Engineer,0,0.10531333538509581,0
4709,2025-01-01,2025,Sales,Sales Supervisor,0,0.09832843302019782,0
4710,2025-01-01,2025,Finance,Financial Analyst,0,0.20795013018378775,1
4711,2025-01-01,2025,Operations,Operations Manager,0,0.21681607230124045,1
4712,2025-01-01,2025,Finance,Financial Analyst,0,0.0917410351747031,0
4713,2025-01-01,2025,Marketing,Content Specialist,0,0.10325798687852154,0
4716,2025-01-01,2025,Human Resources,HR Executive,0,0.17759252860395525,1
4717,2025-01-01,2025,Sales,Sales Supervisor,1,0.17774179493826517,1
4719,2025-01-01,2025,Marketing,Digital Marketing Specialist,0,0.22948990689547916,1
4722,2025-01-01,2025,Operations,Warehouse Supervisor,0,0.3434035274429395,1
4725,2025-01-01,2025,Sales,Sales Executive,0,0.15449889417736165,0
4727,2025-01-01,2025,Human Resources,C&B Specialist,0,0.09344698231472681,0
4728,2025-01-01,2025,Sales,Sales Supervisor,0,0.1881398306303621,1
4729,2025-01-01,2025,Finance,Internal Auditor,0,0.12262745190194219,0
4730,2025-01-01,2025,Information Technology,Software Engineer,1,0.14538775002434953,0
4735,2025-01-01,2025,Information Technology,QA Engineer,0,0.1312159611187628,0
4736,2025-01-01,2025,Information Technology,System Administrator,0,0.09588127730100295,0
4739,2025-01-01,2025,Human Resources,HR Manager,1,0.08024106189604119,0
4740,2025-01-01,2025,Human Resources,HR Executive,0,0.11885639473143401,0
4741,2025-01-01,2025,Marketing,Marketing Manager,0,0.11338432072723346,0
4746,2025-01-01,2025,Information Technology,IT Support,0,0.13143988144838717,0
4747,2025-01-01,2025,Operations,Operations Executive,0,0.1889864455352423,1
4748,2025-01-01,2025,Operations,Warehouse Supervisor,0,0.1611113658383614,1
4750,2025-01-01,2025,Finance,Accountant,0,0.06764855322488426,0
4751,2025-01-01,2025,Information Technology,System Administrator,0,0.09039271995871077,0
4752,2025-01-01,2025,Marketing,Content Specialist,0,0.1832767994526306,1
4754,2025-01-01,2025,Finance,Accountant,0,0.22010399811290943,1
4756,2025-01-01,2025,Sales,Sales Representative,0,0.09655711495015215,0
4757,2025-01-01,2025,Sales,Sales Representative,0,0.31890475755590764,1
4759,2025-01-01,2025,Marketing,Marketing Executive,1,0.13715312896374923,0
4764,2025-01-01,2025,Information Technology,System Administrator,0,0.08721864667340837,0
4767,2025-01-01,2025,Marketing,Digital Marketing Specialist,1,0.2446265272134096,1
4769,2025-01-01,2025,Information Technology,Software Engineer,1,0.22937253082800488,1
4774,2025-01-01,2025,Sales,Sales Supervisor,0,0.12041953445094669,0
4775,2025-01-01,2025,Operations,Procurement Specialist,0,0.23018224622164019,1
4776,2025-01-01,2025,Sales,Account Manager,0,0.13610448442149123,0
4778,2025-01-01,2025,Information Technology,Software Engineer,1,0.19628081486604496,1
4783,2025-01-01,2025,Human Resources,HR Executive,0,0.07914601210724476,0
4784,2025-01-01,2025,Operations,Operations Manager,0,0.2045131530879237,1
4785,2025-01-01,2025,Information Technology,IT Support,0,0.20636044773107437,1
4786,2025-01-01,2025,Human Resources,HR Manager,0,0.12483022978812158,0
4787,2025-01-01,2025,Sales,Sales Representative,0,0.08331192313077108,0
4788,2025-01-01,2025,Information Technology,QA Engineer,0,0.09689395743579934,0
4789,2025-01-01,2025,Sales,Sales Executive,0,0.13583297122882526,0
4792,2025-01-01,2025,Human Resources,HR Executive,0,0.18359505047009805,1
4800,2025-01-01,2025,Sales,Account Manager,1,0.2433743844878086,1
4802,2025-01-01,2025,Operations,Operations Executive,0,0.1418199520487765,0
4804,2025-01-01,2025,Marketing,Marketing Executive,0,0.19098090629926767,1
4811,2025-01-01,2025,Sales,Sales Representative,0,0.11365051966930667,0
4813,2025-01-01,2025,Sales,Account Manager,0,0.08938601569594212,0
4815,2025-01-01,2025,Sales,Account Manager,0,0.1026274915159661,0
4816,2025-01-01,2025,Information Technology,System Administrator,0,0.12150784419878952,0
4821,2025-01-01,2025,Sales,Account Manager,0,0.056670441223124264,0
4823,2025-01-01,2025,Operations,Operations Manager,1,0.29505637898829257,1
4824,2025-01-01,2025,Marketing,Digital Marketing Specialist,0,0.10914522970571994,0
4828,2025-01-01,2025,Information Technology,Data Analyst,0,0.07911669709885448,0
4835,2025-01-01,2025,Human Resources,HR Manager,0,0.08757949239448867,0
4841,2025-01-01,2025,Information Technology,Software Engineer,0,0.167453251689644,1
4845,2025-01-01,2025,Finance,Accountant,0,0.2378320701712558,1
4850,2025-01-01,2025,Finance,Finance Manager,0,0.29314441492358306,1
4852,2025-01-01,2025,Marketing,Marketing Manager,0,0.10582533969229901,0
4855,2025-01-01,2025,Operations,Warehouse Supervisor,0,0.04425561248983264,0
4858,2025-01-01,2025,Marketing,Content Specialist,0,0.06578007366665192,0
4860,2025-01-01,2025,Sales,Sales Supervisor,1,0.08644016787284628,0
4863,2025-01-01,2025,Human Resources,Recruiter,0,0.17460152719833585,1
4866,2025-01-01,2025,Operations,Procurement Specialist,0,0.10766072020355827,0
4867,2025-01-01,2025,Operations,Procurement Specialist,1,0.17271854351864407,1
4868,2025-01-01,2025,Finance,Accountant,0,0.10003214614688898,0
4869,2025-01-01,2025,Information Technology,System Administrator,0,0.12710136196883162,0
4870,2025-01-01,2025,Finance,Financial Analyst,0,0.15267787301537356,0
4875,2025-01-01,2025,Information Technology,System Administrator,0,0.18749421622985693,1
4879,2025-01-01,2025,Human Resources,C&B Specialist,0,0.20093546921264244,1
4882,2025-01-01,2025,Sales,Sales Executive,0,0.09714780861378472,0
4883,2025-01-01,2025,Marketing,Marketing Manager,1,0.0812367231100838,0
4884,2025-01-01,2025,Sales,Sales Executive,0,0.14358922343375508,0
4885,2025-01-01,2025,Marketing,Digital Marketing Specialist,0,0.15608261134172238,0
4887,2025-01-01,2025,Operations,Operations Executive,0,0.14024689012910513,0
4890,2025-01-01,2025,Sales,Sales Representative,0,0.08883141485370528,0
4891,2025-01-01,2025,Sales,Sales Executive,0,0.17048684667297628,1
4893,2025-01-01,2025,Operations,Operations Executive,1,0.3383654063352712,1
4894,2025-01-01,2025,Human Resources,C&B Specialist,0,0.09315280501603981,0
4899,2025-01-01,2025,Finance,Financial Analyst,0,0.1593663854055235,1
4900,2025-01-01,2025,Operations,Operations Manager,0,0.10595934491370404,0
4901,2025-01-01,2025,Operations,Operations Executive,0,0.20159197587629368,1
4902,2025-01-01,2025,Human Resources,HR Executive,0,0.12357429652818068,0
4904,2025-01-01,2025,Human Resources,HR Manager,0,0.16866599833694926,1
4905,2025-01-01,2025,Information Technology,IT Support,0,0.06327304007858521,0
4907,2025-01-01,2025,Human Resources,HR Executive,0,0.15745219238027353,1
4910,2025-01-01,2025,Finance,Financial Analyst,0,0.07890260918051965,0
4912,2025-01-01,2025,Marketing,Content Specialist,0,0.15089232388064241,0
4914,2025-01-01,2025,Finance,Accountant,0,0.0661368889030173,0
4915,2025-01-01,2025,Sales,Sales Supervisor,1,0.23088908383499043,1
4917,2025-01-01,2025,Operations,Operations Executive,0,0.14810931963035706,0
4918,2025-01-01,2025,Finance,Internal Auditor,0,0.19464135283616213,1
4920,2025-01-01,2025,Information Technology,Data Analyst,0,0.07632263540357025,0
4923,2025-01-01,2025,Information Technology,IT Support,0,0.027667567973595323,0
4926,2025-01-01,2025,Human Resources,Recruiter,0,0.11299473636981998,0
4927,2025-01-01,2025,Human Resources,HR Executive,0,0.07997438641578737,0
4928,2025-01-01,2025,Human Resources,HR Manager,0,0.13387002463801312,0
4929,2025-01-01,2025,Marketing,Marketing Manager,1,0.07536516986648732,0
4930,2025-01-01,2025,Information Technology,Data Analyst,1,0.18057170345694354,1
4931,2025-01-01,2025,Sales,Sales Supervisor,0,0.10396358226031296,0
4935,2025-01-01,2025,Operations,Procurement Specialist,0,0.0912052121585957,0
4936,2025-01-01,2025,Operations,Operations Manager,1,0.07371799220183833,0
4937,2025-01-01,2025,Marketing,Marketing Manager,0,0.13351958710458864,0
4939,2025-01-01,2025,Finance,Financial Analyst,0,0.0667973749298027,0
4940,2025-01-01,2025,Marketing,Marketing Executive,0,0.023091770262972947,0
4942,2025-01-01,2025,Human Resources,Recruiter,0,0.15962441958357135,1
4943,2025-01-01,2025,Marketing,Digital Marketing Specialist,1,0.17026594175737708,1
4951,2025-01-01,2025,Finance,Financial Analyst,0,0.19112329887674465,1
4953,2025-01-01,2025,Finance,Accountant,0,0.19254844734027404,1
4956,2025-01-01,2025,Sales,Account Manager,0,0.17648162638246265,1
4962,2025-01-01,2025,Marketing,Marketing Manager,0,0.1587278307496056,1
4964,2025-01-01,2025,Marketing,Marketing Executive,0,0.24571071862151492,1
4966,2025-01-01,2025,Operations,Warehouse Supervisor,0,0.18414581545417044,1
4969,2025-01-01,2025,Information Technology,System Administrator,0,0.07610695805469177,0
4970,2025-01-01,2025,Marketing,Marketing Executive,0,0.10986963224313084,0
4971,2025-01-01,2025,Sales,Sales Executive,0,0.053563495591424634,0
4975,2025-01-01,2025,Sales,Sales Executive,0,0.2105045504185411,1
4976,2025-01-01,2025,Sales,Account Manager,0,0.0896144143537701,0
4985,2025-01-01,2025,Information Technology,IT Support,0,0.11238701081515756,0
4989,2025-01-01,2025,Sales,Account Manager,0,0.06548315933630276,0
4991,2025-01-01,2025,Operations,Operations Executive,0,0.222772125893797,1
4994,2025-01-01,2025,Marketing,Digital Marketing Specialist,0,0.06978469536349535,0
5002,2025-01-01,2025,Finance,Financial Analyst,0,0.05078618724976067,0
5003,2025-01-01,2025,Human Resources,Recruiter,0,0.08396640646467658,0
5004,2025-01-01,2025,Information Technology,IT Support,0,0.1187380951516149,0
5005,2025-01-01,2025,Operations,Procurement Specialist,0,0.18270419221983367,1
5007,2025-01-01,2025,Operations,Warehouse Supervisor,0,0.09096112163624911,0
5008,2025-01-01,2025,Finance,Internal Auditor,0,0.11583889267953572,0
5009,2025-01-01,2025,Human Resources,Recruiter,0,0.22057801984825517,1
5012,2025-01-01,2025,Marketing,Marketing Manager,0,0.028419989522367347,0
5013,2025-01-01,2025,Sales,Sales Executive,0,0.0833432517361213,0
5014,2025-01-01,2025,Human Resources,C&B Specialist,0,0.04861469903973074,0
5021,2025-01-01,2025,Marketing,Marketing Executive,0,0.07238229648864224,0
5022,2025-01-01,2025,Sales,Sales Executive,0,0.08197162951277272,0
5025,2025-01-01,2025,Marketing,Content Specialist,0,0.05491675362279781,0
5026,2025-01-01,2025,Information Technology,QA Engineer,0,0.11647191465760867,0
5029,2025-01-01,2025,Human Resources,HR Manager,0,0.11074364975742054,0
5031,2025-01-01,2025,Sales,Sales Representative,0,0.13427825603203222,0
5033,2025-01-01,2025,Finance,Internal Auditor,0,0.1438217561903358,0
5035,2025-01-01,2025,Marketing,Marketing Executive,0,0.2286670395273331,1
5036,2025-01-01,2025,Finance,Finance Manager,0,0.10752802018887034,0
5037,2025-01-01,2025,Sales,Sales Executive,0,0.08264468484608184,0
5038,2025-01-01,2025,Information Technology,System Administrator,1,0.23255184919516375,1
5039,2025-01-01,2025,Finance,Accountant,0,0.1392252914458981,0
5042,2025-01-01,2025,Operations,Procurement Specialist,0,0.09467840289403309,0
5045,2025-01-01,2025,Information Technology,System Administrator,0,0.09297490288251022,0
5046,2025-01-01,2025,Human Resources,Recruiter,1,0.1288446729036505,0
5048,2025-01-01,2025,Operations,Procurement Specialist,1,0.17640428099233935,1
5049,2025-01-01,2025,Marketing,Marketing Manager,0,0.13426483413792104,0
5052,2025-01-01,2025,Human Resources,HR Executive,0,0.2263027199026784,1
5053,2025-01-01,2025,Finance,Internal Auditor,0,0.10230583455162957,0
5054,2025-01-01,2025,Information Technology,QA Engineer,0,0.3333424454047401,1
5056,2025-01-01,2025,Human Resources,C&B Specialist,0,0.09746096046384693,0
5058,2025-01-01,2025,Information Technology,Data Analyst,0,0.19603931906127764,1
5059,2025-01-01,2025,Operations,Warehouse Supervisor,1,0.12484175779841933,0
5064,2025-01-01,2025,Marketing,Content Specialist,0,0.10401140827198181,0
5068,2025-01-01,2025,Information Technology,Software Engineer,0,0.1976371242258094,1
5069,2025-01-01,2025,Operations,Procurement Specialist,0,0.08556755997994597,0
5075,2025-01-01,2025,Operations,Warehouse Supervisor,0,0.09429566830294175,0
5077,2025-01-01,2025,Finance,Financial Analyst,1,0.14066303862963403,0
5079,2025-01-01,2025,Finance,Financial Analyst,0,0.24501580423569186,1
5082,2025-01-01,2025,Information Technology,IT Support,0,0.018856573549566845,0
5084,2025-01-01,2025,Human Resources,HR Manager,0,0.09337192867999573,0
5086,2025-01-01,2025,Finance,Financial Analyst,0,0.10095663985711166,0
5087,2025-01-01,2025,Information Technology,QA Engineer,1,0.07894043817756004,0
5088,2025-01-01,2025,Information Technology,IT Support,0,0.05697370850925401,0
5093,2025-01-01,2025,Information Technology,Data Analyst,1,0.15527630100155715,0
5094,2025-01-01,2025,Marketing,Marketing Manager,0,0.13460379809541698,0
5098,2025-01-01,2025,Sales,Account Manager,0,0.17040852347079177,1
5099,2025-01-01,2025,Sales,Sales Representative,0,0.11642113794519798,0
5101,2025-01-01,2025,Operations,Procurement Specialist,0,0.13610397543891967,0
5103,2025-01-01,2025,Marketing,Digital Marketing Specialist,0,0.10900722851417968,0
5106,2025-01-01,2025,Sales,Sales Supervisor,0,0.03858245663541568,0
5107,2025-01-01,2025,Human Resources,Recruiter,0,0.14639848177212444,0
5109,2025-01-01,2025,Human Resources,HR Manager,0,0.1122446473818931,0
5115,2025-01-01,2025,Marketing,Marketing Executive,0,0.09847137694258404,0
5117,2025-01-01,2025,Information Technology,Software Engineer,0,0.10385682477605658,0
5118,2025-01-01,2025,Information Technology,Software Engineer,0,0.24724826855902454,1
5119,2025-01-01,2025,Sales,Sales Executive,0,0.18874955715498123,1
5120,2025-01-01,2025,Information Technology,IT Support,0,0.1024575032747976,0
5121,2025-01-01,2025,Operations,Operations Executive,0,0.08444244267838596,0
5126,2025-01-01,2025,Finance,Accountant,0,0.11153970958259184,0
5127,2025-01-01,2025,Sales,Sales Representative,0,0.1105977244835933,0
5128,2025-01-01,2025,Finance,Internal Auditor,1,0.2551764642688686,1
5129,2025-01-01,2025,Operations,Procurement Specialist,0,0.0275999917021193,0
5131,2025-01-01,2025,Human Resources,HR Manager,0,0.09312572349026038,0
5132,2025-01-01,2025,Marketing,Content Specialist,0,0.12191195532279887,0
5135,2025-01-01,2025,Operations,Operations Manager,0,0.09788048695903581,0
5138,2025-01-01,2025,Marketing,Digital Marketing Specialist,1,0.16902913297823358,1
5139,2025-01-01,2025,Marketing,Digital Marketing Specialist,0,0.11465156557584742,0
5140,2025-01-01,2025,Information Technology,Software Engineer,0,0.14630397156324243,0
5141,2025-01-01,2025,Finance,Accountant,1,0.1998896664126264,1
5143,2025-01-01,2025,Marketing,Digital Marketing Specialist,0,0.150289275777185,0
5144,2025-01-01,2025,Sales,Sales Representative,0,0.1188102524962804,0
5148,2025-01-01,2025,Marketing,Marketing Executive,0,0.08818038496211111,0
5149,2025-01-01,2025,Marketing,Content Specialist,0,0.12681297246817635,0
5151,2025-01-01,2025,Operations,Warehouse Supervisor,1,0.28056935056495425,1
5152,2025-01-01,2025,Operations,Operations Manager,0,0.10184347382493995,0
5155,2025-01-01,2025,Sales,Sales Supervisor,0,0.21888789101368172,1
5156,2025-01-01,2025,Human Resources,HR Executive,0,0.06368505092341659,0
5157,2025-01-01,2025,Marketing,Marketing Executive,0,0.04174550049659681,0
5158,2025-01-01,2025,Operations,Warehouse Supervisor,0,0.10380266925222496,0
5159,2025-01-01,2025,Marketing,Digital Marketing Specialist,0,0.12196129090199832,0
5161,2025-01-01,2025,Finance,Internal Auditor,0,0.11895716643751407,0
5164,2025-01-01,2025,Information Technology,Software Engineer,0,0.06194814965770454,0
5165,2025-01-01,2025,Marketing,Digital Marketing Specialist,0,0.21077319833952077,1
5168,2025-01-01,2025,Sales,Sales Executive,0,0.12788206638945168,0
5174,2025-01-01,2025,Information Technology,QA Engineer,1,0.2140449822044208,1
5175,2025-01-01,2025,Marketing,Marketing Executive,0,0.05652026984512292,0
5176,2025-01-01,2025,Marketing,Content Specialist,0,0.062737983367479,0
5178,2025-01-01,2025,Operations,Warehouse Supervisor,0,0.1263816170045424,0
5179,2025-01-01,2025,Sales,Sales Representative,1,0.10960051464224031,0
5181,2025-01-01,2025,Information Technology,IT Support,0,0.06601643075856158,0
5182,2025-01-01,2025,Marketing,Content Specialist,0,0.1372961785236351,0
5185,2025-01-01,2025,Sales,Account Manager,0,0.0737530277448178,0
5190,2025-01-01,2025,Finance,Finance Manager,0,0.09530799887378827,0
5193,2025-01-01,2025,Sales,Sales Supervisor,0,0.10607109904141421,0
5204,2025-01-01,2025,Human Resources,Recruiter,1,0.17014798023159705,1
5205,2025-01-01,2025,Finance,Accountant,0,0.273548759651682,1
5209,2025-01-01,2025,Operations,Operations Manager,1,0.228522918398986,1
5213,2025-01-01,2025,Operations,Operations Executive,0,0.13230459552054583,0
5214,2025-01-01,2025,Information Technology,System Administrator,0,0.05593739091712535,0
5215,2025-01-01,2025,Finance,Internal Auditor,0,0.24002335621288495,1
5216,2025-01-01,2025,Marketing,Digital Marketing Specialist,0,0.12947314687325934,0
5218,2025-01-01,2025,Finance,Finance Manager,0,0.11834918192915596,0
5222,2025-01-01,2025,Finance,Financial Analyst,0,0.21452184020602147,1
5223,2025-01-01,2025,Information Technology,IT Support,0,0.02830154472451126,0
5226,2025-01-01,2025,Finance,Financial Analyst,0,0.1251727950897065,0
5227,2025-01-01,2025,Information Technology,System Administrator,0,0.06437644143462687,0
5229,2025-01-01,2025,Finance,Financial Analyst,0,0.11026556656809369,0
5230,2025-01-01,2025,Human Resources,Recruiter,1,0.1274115344948386,0
5231,2025-01-01,2025,Information Technology,IT Support,0,0.20106699235602302,1
5232,2025-01-01,2025,Finance,Finance Manager,0,0.05266345030551342,0
5233,2025-01-01,2025,Information Technology,IT Support,1,0.268742894792157,1
5234,2025-01-01,2025,Information Technology,System Administrator,0,0.14681579720727994,0
5237,2025-01-01,2025,Sales,Sales Executive,1,0.23873780319987664,1
5240,2025-01-01,2025,Sales,Sales Executive,0,0.14652438638571097,0
5242,2025-01-01,2025,Human Resources,Recruiter,0,0.0855361416526412,0
5243,2025-01-01,2025,Finance,Finance Manager,0,0.125386765027567,0
5244,2025-01-01,2025,Human Resources,Recruiter,1,0.1306983164018976,0
5245,2025-01-01,2025,Information Technology,System Administrator,0,0.10319476195755459,0
5246,2025-01-01,2025,Finance,Accountant,0,0.10180757733581089,0
5247,2025-01-01,2025,Operations,Operations Executive,0,0.1399695744415229,0
5248,2025-01-01,2025,Operations,Warehouse Supervisor,0,0.06462137978749134,0
5249,2025-01-01,2025,Sales,Account Manager,0,0.10083593471925192,0
5250,2025-01-01,2025,Finance,Internal Auditor,0,0.07101433058512441,0
5251,2025-01-01,2025,Finance,Finance Manager,0,0.08424682587567948,0
5252,2025-01-01,2025,Operations,Procurement Specialist,0,0.10114042827475261,0
5253,2025-01-01,2025,Information Technology,IT Support,0,0.11326900963216875,0
5255,2025-01-01,2025,Information Technology,QA Engineer,0,0.13386231401110912,0
5256,2025-01-01,2025,Information Technology,Software Engineer,1,0.12028735310281649,0
5257,2025-01-01,2025,Marketing,Marketing Manager,0,0.08500072138590793,0
5261,2025-01-01,2025,Human Resources,Recruiter,1,0.14555439703819523,0
5265,2025-01-01,2025,Sales,Account Manager,0,0.1053190117348551,0
5266,2025-01-01,2025,Marketing,Marketing Manager,0,0.14177791984943633,0
5268,2025-01-01,2025,Finance,Finance Manager,0,0.11986798791423219,0
5282,2025-01-01,2025,Human Resources,HR Manager,0,0.1675519706008386,1
5284,2025-01-01,2025,Operations,Operations Manager,0,0.06492004953988745,0
5291,2025-01-01,2025,Sales,Sales Representative,1,0.2937362864187457,1
5292,2025-01-01,2025,Sales,Sales Executive,0,0.12912637995481335,0
5293,2025-01-01,2025,Information Technology,Data Analyst,0,0.17059654671625982,1
5294,2025-01-01,2025,Human Resources,HR Executive,0,0.06659551995416794,0
5295,2025-01-01,2025,Marketing,Content Specialist,1,0.06307390904880968,0
5306,2025-01-01,2025,Sales,Account Manager,1,0.3816091534988851,1
5308,2025-01-01,2025,Operations,Operations Executive,0,0.136683603427794,0
5310,2025-01-01,2025,Sales,Sales Representative,0,0.11295879893388155,0
5314,2025-01-01,2025,Marketing,Content Specialist,1,0.12747737537560333,0
5320,2025-01-01,2025,Operations,Warehouse Supervisor,0,0.33420859062722263,1
5321,2025-01-01,2025,Finance,Finance Manager,0,0.10666180629184593,0
5323,2025-01-01,2025,Information Technology,IT Support,0,0.26606574696677004,1
5324,2025-01-01,2025,Human Resources,Recruiter,0,0.0861012531831765,0
5325,2025-01-01,2025,Sales,Sales Supervisor,0,0.09695400933071749,0
5326,2025-01-01,2025,Marketing,Marketing Executive,0,0.2137056334788447,1
5331,2025-01-01,2025,Finance,Accountant,0,0.21216922985126713,1
5333,2025-01-01,2025,Marketing,Marketing Executive,0,0.21157554913277377,1
5335,2025-01-01,2025,Sales,Sales Representative,0,0.0881302911956434,0
5336,2025-01-01,2025,Human Resources,C&B Specialist,1,0.07269569329069425,0
5337,2025-01-01,2025,Information Technology,Data Analyst,1,0.13596996676033066,0
5338,2025-01-01,2025,Finance,Finance Manager,0,0.07566511507638103,0
5339,2025-01-01,2025,Information Technology,IT Support,0,0.16998217435810636,1
5340,2025-01-01,2025,Operations,Procurement Specialist,1,0.10354925396972178,0
5343,2025-01-01,2025,Marketing,Content Specialist,1,0.24862476495704114,1
5344,2025-01-01,2025,Information Technology,IT Support,0,0.21445571424475585,1
5346,2025-01-01,2025,Operations,Procurement Specialist,0,0.06686662456633118,0
5348,2025-01-01,2025,Marketing,Marketing Manager,0,0.05698462354187271,0
5349,2025-01-01,2025,Sales,Sales Executive,1,0.1081759861177808,0
5352,2025-01-01,2025,Finance,Accountant,0,0.10568964489189793,0
5354,2025-01-01,2025,Marketing,Content Specialist,0,0.08853763379166003,0
5356,2025-01-01,2025,Marketing,Marketing Manager,0,0.11832773314632043,0
5357,2025-01-01,2025,Human Resources,HR Executive,0,0.11984677101522771,0
5359,2025-01-01,2025,Sales,Sales Executive,1,0.20763254204616566,1
5364,2025-01-01,2025,Operations,Procurement Specialist,0,0.2058008167148206,1
5365,2025-01-01,2025,Operations,Operations Executive,0,0.1390073101326798,0
5367,2025-01-01,2025,Human Resources,C&B Specialist,0,0.07562417665345735,0
5368,2025-01-01,2025,Operations,Procurement Specialist,0,0.10722436152873185,0
5370,2025-01-01,2025,Finance,Accountant,0,0.20367550538777002,1
5371,2025-01-01,2025,Information Technology,Software Engineer,0,0.14947679152395202,0
5373,2025-01-01,2025,Information Technology,IT Support,1,0.3590093485058608,1
5376,2025-01-01,2025,Marketing,Marketing Executive,0,0.12238106982040751,0
5377,2025-01-01,2025,Human Resources,Recruiter,0,0.05579315521709056,0
5381,2025-01-01,2025,Information Technology,Data Analyst,0,0.08564163038041521,0
5382,2025-01-01,2025,Operations,Procurement Specialist,1,0.08904025275723726,0
5383,2025-01-01,2025,Operations,Operations Manager,0,0.09197518339074415,0
5384,2025-01-01,2025,Marketing,Marketing Executive,0,0.04016405813005894,0
5385,2025-01-01,2025,Operations,Operations Manager,0,0.12661676703062727,0
5387,2025-01-01,2025,Finance,Internal Auditor,0,0.05262508947547769,0
5388,2025-01-01,2025,Human Resources,HR Executive,1,0.03137704504788215,0
5392,2025-01-01,2025,Human Resources,HR Executive,0,0.08558280891624304,0
5394,2025-01-01,2025,Finance,Financial Analyst,1,0.22623891292676246,1
5395,2025-01-01,2025,Information Technology,QA Engineer,0,0.12741202273670213,0
5397,2025-01-01,2025,Human Resources,HR Manager,0,0.1271861773680398,0
5399,2025-01-01,2025,Sales,Account Manager,0,0.22560126522006277,1
5400,2025-01-01,2025,Sales,Sales Representative,0,0.07428849802651474,0
5402,2025-01-01,2025,Sales,Sales Executive,0,0.08013643999580333,0
5404,2025-01-01,2025,Sales,Sales Executive,0,0.08424462938140562,0
5406,2025-01-01,2025,Marketing,Marketing Executive,0,0.13981696036490204,0
5407,2025-01-01,2025,Human Resources,HR Manager,0,0.1491434943837472,0
5419,2025-01-01,2025,Information Technology,Data Analyst,0,0.26510355083439396,1
5423,2025-01-01,2025,Human Resources,C&B Specialist,0,0.04628466740469124,0
5427,2025-01-01,2025,Information Technology,IT Support,0,0.07749147757763679,0
5430,2025-01-01,2025,Sales,Sales Representative,0,0.1391521524593931,0
5433,2025-01-01,2025,Information Technology,Software Engineer,0,0.019425836342157103,0
5438,2025-01-01,2025,Information Technology,System Administrator,0,0.11801634202198108,0
5439,2025-01-01,2025,Finance,Accountant,0,0.21707978126070693,1
5440,2025-01-01,2025,Sales,Sales Representative,0,0.21683391767556792,1
5441,2025-01-01,2025,Finance,Internal Auditor,0,0.03815960770352393,0
5442,2025-01-01,2025,Information Technology,QA Engineer,1,0.1694603618275638,1
5444,2025-01-01,2025,Finance,Finance Manager,0,0.08150427640120894,0
5447,2025-01-01,2025,Marketing,Marketing Manager,0,0.07050701289655542,0
5449,2025-01-01,2025,Operations,Warehouse Supervisor,0,0.12512947007829633,0
5452,2025-01-01,2025,Sales,Account Manager,0,0.1588368439419707,1
5453,2025-01-01,2025,Marketing,Digital Marketing Specialist,0,0.21512652256352788,1
5454,2025-01-01,2025,Finance,Accountant,0,0.1505605700268473,0
5455,2025-01-01,2025,Sales,Sales Executive,1,0.10618042695222206,0
5456,2025-01-01,2025,Marketing,Content Specialist,0,0.053348313077850824,0
5459,2025-01-01,2025,Finance,Accountant,0,0.15700028383104547,0
5461,2025-01-01,2025,Human Resources,HR Executive,0,0.11291989417250092,0
5463,2025-01-01,2025,Human Resources,Recruiter,0,0.09159623947908777,0
5464,2025-01-01,2025,Operations,Warehouse Supervisor,1,0.1791051481761249,1
5465,2025-01-01,2025,Operations,Procurement Specialist,0,0.053797219750220386,0
5466,2025-01-01,2025,Information Technology,Software Engineer,1,0.04748273822387398,0
5467,2025-01-01,2025,Information Technology,Software Engineer,0,0.11625732818807336,0
5469,2025-01-01,2025,Human Resources,C&B Specialist,1,0.09185235688530197,0
5470,2025-01-01,2025,Information Technology,IT Support,0,0.10992693946622344,0
5473,2025-01-01,2025,Sales,Sales Executive,0,0.17875633130712124,1
5485,2025-01-01,2025,Finance,Internal Auditor,1,0.19092424940437608,1
5487,2025-01-01,2025,Sales,Sales Executive,0,0.09390444294359775,0
5491,2025-01-01,2025,Information Technology,System Administrator,0,0.09237248986641566,0
5492,2025-01-01,2025,Marketing,Digital Marketing Specialist,1,0.04700458912354349,0
5494,2025-01-01,2025,Sales,Sales Representative,0,0.18203192317436306,1
5498,2025-01-01,2025,Human Resources,C&B Specialist,1,0.12360299243879884,0
5507,2025-01-01,2025,Operations,Operations Executive,0,0.12059205557115259,0
5508,2025-01-01,2025,Information Technology,System Administrator,0,0.2071223619284609,1
5511,2025-01-01,2025,Information Technology,System Administrator,0,0.12292946551594909,0
5512,2025-01-01,2025,Marketing,Marketing Executive,0,0.0489872454374639,0
5516,2025-01-01,2025,Operations,Operations Manager,1,0.1270326441496454,0
5519,2025-01-01,2025,Operations,Warehouse Supervisor,0,0.1474549520179407,0
5522,2025-01-01,2025,Operations,Operations Manager,0,0.16031944068438503,1
5523,2025-01-01,2025,Information Technology,QA Engineer,0,0.04009824179781717,0
5526,2025-01-01,2025,Human Resources,Recruiter,0,0.10631235451769148,0
5530,2025-01-01,2025,Finance,Financial Analyst,0,0.13269053824818206,0
5531,2025-01-01,2025,Finance,Financial Analyst,0,0.08956256972849311,0
5532,2025-01-01,2025,Marketing,Digital Marketing Specialist,0,0.1346753382272511,0
5533,2025-01-01,2025,Human Resources,HR Executive,1,0.17107292995374415,1
5534,2025-01-01,2025,Marketing,Digital Marketing Specialist,0,0.13117589967681653,0
5536,2025-01-01,2025,Sales,Sales Representative,0,0.0820925941498825,0
5538,2025-01-01,2025,Finance,Financial Analyst,0,0.09361416175687334,0
5539,2025-01-01,2025,Information Technology,System Administrator,0,0.1349815037837564,0
5540,2025-01-01,2025,Marketing,Digital Marketing Specialist,0,0.13624656468889507,0
5541,2025-01-01,2025,Finance,Accountant,0,0.055512449054645745,0
5544,2025-01-01,2025,Operations,Procurement Specialist,0,0.11008259320951859,0
5545,2025-01-01,2025,Finance,Finance Manager,1,0.17765360849367437,1
5546,2025-01-01,2025,Human Resources,C&B Specialist,0,0.09130789035015136,0
5550,2025-01-01,2025,Finance,Financial Analyst,0,0.06364351454298094,0
5553,2025-01-01,2025,Information Technology,IT Support,0,0.04772095821534854,0
5555,2025-01-01,2025,Human Resources,HR Manager,0,0.1805452936594205,1
5557,2025-01-01,2025,Sales,Sales Supervisor,0,0.06671128494517246,0
5560,2025-01-01,2025,Finance,Finance Manager,0,0.07984029301973827,0
5561,2025-01-01,2025,Operations,Operations Manager,0,0.08302996613101309,0
5562,2025-01-01,2025,Operations,Procurement Specialist,0,0.2308311289492942,1
5563,2025-01-01,2025,Operations,Operations Executive,0,0.09971484141601245,0
5564,2025-01-01,2025,Information Technology,IT Support,0,0.14807631812859587,0
5566,2025-01-01,2025,Human Resources,HR Executive,0,0.1258979232592607,0
5567,2025-01-01,2025,Human Resources,HR Manager,0,0.11027825071547386,0
5571,2025-01-01,2025,Human Resources,HR Executive,0,0.07958856230848507,0
5573,2025-01-01,2025,Marketing,Digital Marketing Specialist,0,0.19030554693944562,1
5574,2025-01-01,2025,Marketing,Marketing Executive,0,0.07670718104210543,0
5581,2025-01-01,2025,Human Resources,C&B Specialist,0,0.1262555789732961,0
5582,2025-01-01,2025,Finance,Finance Manager,0,0.13871471905849206,0
5584,2025-01-01,2025,Sales,Sales Supervisor,0,0.20447302671264636,1
5585,2025-01-01,2025,Information Technology,Software Engineer,0,0.11435428083513234,0
5586,2025-01-01,2025,Sales,Sales Executive,0,0.029167104491511067,0
5587,2025-01-01,2025,Human Resources,Recruiter,1,0.18699434469310025,1
5594,2025-01-01,2025,Sales,Sales Supervisor,0,0.10644598011555553,0
5596,2025-01-01,2025,Information Technology,QA Engineer,0,0.12179300018853678,0
5598,2025-01-01,2025,Information Technology,System Administrator,0,0.13368694457726168,0
5603,2025-01-01,2025,Sales,Sales Supervisor,1,0.17763736291855256,1
5605,2025-01-01,2025,Marketing,Content Specialist,0,0.13792739805715487,0
5606,2025-01-01,2025,Operations,Operations Executive,1,0.20409381008567415,1
5608,2025-01-01,2025,Human Resources,HR Executive,0,0.2381406838694471,1
5609,2025-01-01,2025,Human Resources,Recruiter,0,0.18301984272328828,1
5614,2025-01-01,2025,Operations,Operations Executive,0,0.18799453898276955,1
5616,2025-01-01,2025,Finance,Financial Analyst,0,0.08538776304800283,0
5619,2025-01-01,2025,Human Resources,C&B Specialist,0,0.10311046265968218,0
5620,2025-01-01,2025,Operations,Procurement Specialist,0,0.13132695954145465,0
5621,2025-01-01,2025,Operations,Operations Manager,0,0.196540408330684,1
5622,2025-01-01,2025,Human Resources,Recruiter,0,0.2418347138000821,1
5623,2025-01-01,2025,Information Technology,Data Analyst,0,0.15722571179795794,0
5624,2025-01-01,2025,Sales,Sales Representative,0,0.1922114074134524,1
5626,2025-01-01,2025,Finance,Finance Manager,1,0.13168992565282953,0
5627,2025-01-01,2025,Marketing,Marketing Executive,0,0.2090957065871991,1
5633,2025-01-01,2025,Operations,Procurement Specialist,1,0.1487626653866113,0
5640,2025-01-01,2025,Finance,Accountant,0,0.12779620026475128,0
5648,2025-01-01,2025,Operations,Operations Manager,0,0.11244804975531887,0
5649,2025-01-01,2025,Information Technology,System Administrator,0,0.12795892179926716,0
5650,2025-01-01,2025,Operations,Operations Manager,0,0.20677731729960286,1
5652,2025-01-01,2025,Human Resources,HR Executive,0,0.07943377649720564,0
5653,2025-01-01,2025,Information Technology,Software Engineer,0,0.1466770322262272,0
5654,2025-01-01,2025,Finance,Financial Analyst,1,0.340185558751278,1
5655,2025-01-01,2025,Marketing,Marketing Manager,0,0.27793822440551846,1
5661,2025-01-01,2025,Information Technology,Software Engineer,0,0.18137055480587727,1
5663,2025-01-01,2025,Operations,Operations Manager,0,0.18543394765817087,1
5664,2025-01-01,2025,Operations,Operations Manager,0,0.16430663285940786,1
5667,2025-01-01,2025,Marketing,Digital Marketing Specialist,0,0.10671776516630838,0
5670,2025-01-01,2025,Human Resources,Recruiter,0,0.0971661630978924,0
5671,2025-01-01,2025,Human Resources,HR Executive,0,0.05068819510530029,0
5672,2025-01-01,2025,Information Technology,Software Engineer,0,0.10052271743911864,0
5674,2025-01-01,2025,Marketing,Digital Marketing Specialist,0,0.11266697596886946,0
5676,2025-01-01,2025,Finance,Finance Manager,0,0.08789430604645036,0
5678,2025-01-01,2025,Marketing,Marketing Manager,1,0.24845551399952553,1
5680,2025-01-01,2025,Marketing,Marketing Manager,0,0.06393713128205068,0
5681,2025-01-01,2025,Information Technology,IT Support,0,0.1601760319075565,1
5684,2025-01-01,2025,Information Technology,IT Support,0,0.07563415114609146,0
5687,2025-01-01,2025,Operations,Operations Executive,0,0.13976395422783486,0
5689,2025-01-01,2025,Sales,Sales Executive,0,0.14560646014192574,0
5690,2025-01-01,2025,Operations,Operations Executive,1,0.1967316076019289,1
5692,2025-01-01,2025,Sales,Sales Representative,0,0.1714893723950812,1
5696,2025-01-01,2025,Operations,Procurement Specialist,0,0.09590549500702238,0
5698,2025-01-01,2025,Marketing,Marketing Executive,0,0.1573001939898744,1
5702,2025-01-01,2025,Human Resources,HR Manager,0,0.10828051092149354,0
5703,2025-01-01,2025,Human Resources,HR Executive,0,0.10104603560498353,0
5704,2025-01-01,2025,Marketing,Digital Marketing Specialist,0,0.09325676958056624,0
5706,2025-01-01,2025,Operations,Operations Manager,1,0.13850380930212583,0
5707,2025-01-01,2025,Marketing,Content Specialist,0,0.13168797273782867,0
5710,2025-01-01,2025,Information Technology,QA Engineer,0,0.17573528191834198,1
5714,2025-01-01,2025,Information Technology,QA Engineer,1,0.12507842615883216,0
5716,2025-01-01,2025,Marketing,Digital Marketing Specialist,0,0.1976792848256473,1
5717,2025-01-01,2025,Sales,Sales Representative,0,0.14964321669364378,0
5719,2025-01-01,2025,Human Resources,Recruiter,0,0.08226366407790053,0
5721,2025-01-01,2025,Information Technology,Software Engineer,0,0.19701257234838848,1
5727,2025-01-01,2025,Marketing,Marketing Executive,0,0.07536801092881616,0
5729,2025-01-01,2025,Human Resources,C&B Specialist,0,0.23455931861842322,1
5730,2025-01-01,2025,Marketing,Content Specialist,1,0.14019988380477885,0
5731,2025-01-01,2025,Sales,Sales Executive,0,0.08419713081589433,0
5732,2025-01-01,2025,Human Resources,C&B Specialist,0,0.07866651928317084,0
5733,2025-01-01,2025,Information Technology,QA Engineer,1,0.1210992798149888,0
5736,2025-01-01,2025,Human Resources,C&B Specialist,0,0.07056033240815575,0
5738,2025-01-01,2025,Sales,Sales Representative,0,0.114562027249944,0
5743,2025-01-01,2025,Operations,Procurement Specialist,0,0.08287621183318225,0
5746,2025-01-01,2025,Information Technology,System Administrator,0,0.18224001566454257,1
5748,2025-01-01,2025,Operations,Procurement Specialist,0,0.07304625379748701,0
5749,2025-01-01,2025,Sales,Account Manager,0,0.19945772198874553,1
5751,2025-01-01,2025,Marketing,Marketing Executive,0,0.1807110224584606,1
5753,2025-01-01,2025,Human Resources,HR Manager,1,0.11129603383883895,0
5755,2025-01-01,2025,Operations,Operations Executive,0,0.191352603186614,1
5759,2025-01-01,2025,Information Technology,Data Analyst,0,0.15014706830246427,0
5763,2025-01-01,2025,Information Technology,Software Engineer,1,0.21827099610432035,1
5764,2025-01-01,2025,Information Technology,Data Analyst,1,0.061104717569708394,0
5765,2025-01-01,2025,Sales,Sales Executive,0,0.049736136871221366,0
5766,2025-01-01,2025,Human Resources,HR Executive,0,0.07865391655164204,0
5767,2025-01-01,2025,Human Resources,HR Executive,0,0.09982356957282708,0
5768,2025-01-01,2025,Information Technology,System Administrator,0,0.113006691867409,0
5770,2025-01-01,2025,Operations,Operations Executive,0,0.15580428261616422,0
5771,2025-01-01,2025,Sales,Account Manager,0,0.09697710343777825,0
5772,2025-01-01,2025,Sales,Sales Supervisor,0,0.07714631794409967,0
5774,2025-01-01,2025,Sales,Account Manager,0,0.1789321097302223,1
5775,2025-01-01,2025,Information Technology,Software Engineer,0,0.2576653302599546,1
5779,2025-01-01,2025,Finance,Financial Analyst,0,0.050282518672015365,0
5784,2025-01-01,2025,Marketing,Marketing Executive,0,0.08625279548077416,0
5786,2025-01-01,2025,Finance,Internal Auditor,0,0.1282358825908541,0
5787,2025-01-01,2025,Sales,Sales Supervisor,0,0.05706974069179592,0
5788,2025-01-01,2025,Information Technology,QA Engineer,0,0.07736294810240556,0
5789,2025-01-01,2025,Operations,Procurement Specialist,0,0.26157168965359984,1
5790,2025-01-01,2025,Sales,Sales Executive,0,0.24946449326738554,1
5791,2025-01-01,2025,Sales,Sales Supervisor,1,0.10170068836661507,0
5792,2025-01-01,2025,Information Technology,IT Support,0,0.08452202184439611,0
5794,2025-01-01,2025,Marketing,Digital Marketing Specialist,0,0.1168372338867017,0
5795,2025-01-01,2025,Finance,Accountant,0,0.10256476914576396,0
5797,2025-01-01,2025,Finance,Accountant,0,0.04770533990811268,0
5798,2025-01-01,2025,Marketing,Marketing Manager,0,0.10407946534828388,0
5801,2025-01-01,2025,Sales,Sales Representative,0,0.05860670025118762,0
5804,2025-01-01,2025,Marketing,Digital Marketing Specialist,1,0.14093479666066672,0
5806,2025-01-01,2025,Finance,Finance Manager,0,0.1065828821726657,0
5807,2025-01-01,2025,Finance,Accountant,0,0.06689722096428376,0
5809,2025-01-01,2025,Finance,Accountant,0,0.07178347994391719,0
5810,2025-01-01,2025,Information Technology,Data Analyst,1,0.2009775671406841,1
5811,2025-01-01,2025,Sales,Sales Supervisor,0,0.19557154641414012,1
5813,2025-01-01,2025,Marketing,Marketing Executive,0,0.04552323573478378,0
5814,2025-01-01,2025,Sales,Sales Representative,0,0.03560656819553129,0
5815,2025-01-01,2025,Marketing,Marketing Executive,1,0.11205720770810614,0
5817,2025-01-01,2025,Marketing,Marketing Executive,0,0.18449394647001238,1
5820,2025-01-01,2025,Finance,Finance Manager,0,0.06671155759166927,0
5823,2025-01-01,2025,Sales,Sales Executive,0,0.1267592781094108,0
5827,2025-01-01,2025,Marketing,Marketing Executive,0,0.07171710095586294,0
5829,2025-01-01,2025,Operations,Operations Manager,0,0.08443964316405528,0
5831,2025-01-01,2025,Finance,Internal Auditor,0,0.14742606837034009,0
5835,2025-01-01,2025,Finance,Internal Auditor,0,0.06814340951444531,0
5836,2025-01-01,2025,Operations,Operations Manager,1,0.09682873976801447,0
5839,2025-01-01,2025,Operations,Operations Manager,0,0.1929547946814806,1
5840,2025-01-01,2025,Marketing,Marketing Manager,0,0.12644330138005164,0
5842,2025-01-01,2025,Human Resources,HR Manager,0,0.09424246554459248,0
5844,2025-01-01,2025,Finance,Accountant,1,0.2767393559410527,1
5845,2025-01-01,2025,Sales,Account Manager,1,0.23872975179108719,1
5849,2025-01-01,2025,Sales,Sales Executive,0,0.1864838958491521,1
5851,2025-01-01,2025,Finance,Finance Manager,0,0.29479732496664957,1
5853,2025-01-01,2025,Sales,Sales Representative,1,0.11817560005988414,0
5855,2025-01-01,2025,Sales,Account Manager,0,0.06355772023127818,0
5856,2025-01-01,2025,Operations,Operations Manager,0,0.10643023794826381,0
5857,2025-01-01,2025,Operations,Operations Manager,0,0.1272713297108211,0
5858,2025-01-01,2025,Human Resources,HR Manager,0,0.1804193466541451,1
5860,2025-01-01,2025,Human Resources,HR Manager,0,0.11489302448771262,0
5861,2025-01-01,2025,Operations,Procurement Specialist,1,0.09122909669919098,0
5862,2025-01-01,2025,Sales,Sales Executive,0,0.1586763145405561,1
5863,2025-01-01,2025,Human Resources,C&B Specialist,0,0.10236176440709226,0
5864,2025-01-01,2025,Sales,Account Manager,0,0.11995194479311955,0
5865,2025-01-01,2025,Human Resources,HR Manager,0,0.11503291497681958,0
5866,2025-01-01,2025,Human Resources,Recruiter,0,0.11135477824320958,0
5867,2025-01-01,2025,Operations,Procurement Specialist,0,0.27489442431650424,1
5873,2025-01-01,2025,Information Technology,System Administrator,0,0.08872956078819139,0
5875,2025-01-01,2025,Operations,Operations Manager,1,0.1596627238161445,1
5876,2025-01-01,2025,Finance,Financial Analyst,0,0.11960794891970247,0
5880,2025-01-01,2025,Sales,Sales Executive,0,0.028607231207632252,0
5882,2025-01-01,2025,Operations,Operations Executive,1,0.47257924504606047,1
5883,2025-01-01,2025,Operations,Operations Manager,0,0.09387811490520265,0
5885,2025-01-01,2025,Marketing,Marketing Executive,0,0.09022910340555992,0
5886,2025-01-01,2025,Human Resources,HR Manager,1,0.1212153108008971,0
5891,2025-01-01,2025,Operations,Operations Executive,0,0.0736427113815164,0
5893,2025-01-01,2025,Sales,Account Manager,0,0.07537723371626705,0
5894,2025-01-01,2025,Information Technology,QA Engineer,0,0.12431774066415978,0
5895,2025-01-01,2025,Human Resources,Recruiter,1,0.16806997704610288,1
5896,2025-01-01,2025,Operations,Warehouse Supervisor,0,0.20236481687692817,1
5898,2025-01-01,2025,Finance,Accountant,0,0.11014949512887655,0
5901,2025-01-01,2025,Finance,Accountant,0,0.13834833452114237,0
5902,2025-01-01,2025,Marketing,Marketing Executive,0,0.06341792677498312,0
5903,2025-01-01,2025,Operations,Procurement Specialist,0,0.27927979188834334,1
5906,2025-01-01,2025,Finance,Finance Manager,0,0.07431572443759601,0
5907,2025-01-01,2025,Finance,Accountant,0,0.20954286167447964,1
5912,2025-01-01,2025,Human Resources,Recruiter,0,0.1087033128968722,0
5913,2025-01-01,2025,Marketing,Marketing Executive,0,0.22814690331734477,1
5915,2025-01-01,2025,Sales,Sales Executive,1,0.28753519092216967,1
5918,2025-01-01,2025,Finance,Accountant,0,0.24629754801136436,1
5922,2025-01-01,2025,Information Technology,Software Engineer,0,0.14404971937598005,0
5923,2025-01-01,2025,Finance,Accountant,1,0.19085034695156974,1
5925,2025-01-01,2025,Information Technology,IT Support,0,0.15430618049734549,0
5926,2025-01-01,2025,Marketing,Marketing Executive,0,0.044008083189603635,0
5928,2025-01-01,2025,Information Technology,IT Support,0,0.14569774083097428,0
5930,2025-01-01,2025,Finance,Accountant,0,0.046776724653919084,0
5931,2025-01-01,2025,Human Resources,HR Executive,0,0.1560129378730004,0
5932,2025-01-01,2025,Sales,Account Manager,0,0.07849686898631378,0
5935,2025-01-01,2025,Sales,Sales Supervisor,0,0.13902810297682353,0
5938,2025-01-01,2025,Human Resources,C&B Specialist,0,0.22803886064651974,1
5941,2025-01-01,2025,Finance,Internal Auditor,1,0.18238310990191456,1
5943,2025-01-01,2025,Human Resources,HR Executive,0,0.11731132246556786,0
5946,2025-01-01,2025,Finance,Accountant,0,0.26042970066691484,1
5949,2025-01-01,2025,Finance,Financial Analyst,0,0.214778570322506,1
5954,2025-01-01,2025,Human Resources,HR Manager,0,0.12582768895451596,0
5958,2025-01-01,2025,Human Resources,Recruiter,0,0.15809329443547834,1
5960,2025-01-01,2025,Marketing,Marketing Executive,0,0.139176061956884,0
5965,2025-01-01,2025,Sales,Sales Representative,0,0.04607451023655978,0
5968,2025-01-01,2025,Human Resources,HR Executive,1,0.40864569554578783,1
5971,2025-01-01,2025,Marketing,Digital Marketing Specialist,0,0.1401037739350095,0
5976,2025-01-01,2025,Operations,Warehouse Supervisor,0,0.1271367984491607,0
5977,2025-01-01,2025,Human Resources,Recruiter,1,0.3122879157196754,1
5978,2025-01-01,2025,Marketing,Marketing Executive,0,0.13948529650817365,0
5980,2025-01-01,2025,Finance,Internal Auditor,0,0.13349869042833323,0
5981,2025-01-01,2025,Marketing,Marketing Executive,0,0.07688538848265036,0
5982,2025-01-01,2025,Sales,Sales Executive,0,0.09160424317692357,0
5983,2025-01-01,2025,Marketing,Marketing Manager,0,0.1376575396555165,0
5984,2025-01-01,2025,Sales,Account Manager,0,0.07774347981024018,0
5987,2025-01-01,2025,Finance,Accountant,0,0.05590275201995196,0
5990,2025-01-01,2025,Sales,Sales Representative,1,0.10840609366825699,0
5992,2025-01-01,2025,Information Technology,Data Analyst,0,0.08864701269118218,0
5993,2025-01-01,2025,Marketing,Marketing Executive,0,0.16606541091434776,1
5994,2025-01-01,2025,Human Resources,Recruiter,0,0.0965220089301673,0
5996,2025-01-01,2025,Operations,Operations Executive,0,0.1509041162216314,0
5997,2025-01-01,2025,Sales,Account Manager,0,0.1349824810094018,0
6001,2025-01-01,2025,Sales,Sales Executive,0,0.34838399275798443,1
6002,2025-01-01,2025,Information Technology,QA Engineer,0,0.1559489459564604,0
6005,2025-01-01,2025,Information Technology,System Administrator,0,0.2595695717350088,1
6010,2025-01-01,2025,Sales,Sales Executive,1,0.1637360094163322,1
6015,2025-01-01,2025,Sales,Sales Supervisor,0,0.12102077331471231,0
6016,2025-01-01,2025,Marketing,Marketing Manager,0,0.09807564343003287,0
6017,2025-01-01,2025,Human Resources,Recruiter,0,0.29535845738899186,1
6019,2025-01-01,2025,Sales,Account Manager,0,0.15050545799371498,0
6020,2025-01-01,2025,Sales,Sales Executive,0,0.1079379831508181,0
6021,2025-01-01,2025,Finance,Finance Manager,0,0.07673308438831025,0
6022,2025-01-01,2025,Information Technology,Data Analyst,0,0.14478444179905883,0
6023,2025-01-01,2025,Human Resources,Recruiter,1,0.1757348355135117,1
6024,2025-01-01,2025,Sales,Sales Representative,0,0.06062738175914254,0
6026,2025-01-01,2025,Operations,Operations Manager,1,0.08500758269485585,0
6027,2025-01-01,2025,Human Resources,Recruiter,0,0.09049361283852732,0
6029,2025-01-01,2025,Human Resources,Recruiter,1,0.21527258662406978,1
6030,2025-01-01,2025,Information Technology,Software Engineer,0,0.07117359241648884,0
6035,2025-01-01,2025,Finance,Internal Auditor,0,0.28621133457164355,1
6038,2025-01-01,2025,Information Technology,System Administrator,0,0.09679190360939217,0
6040,2025-01-01,2025,Operations,Warehouse Supervisor,0,0.30737115920158325,1
6041,2025-01-01,2025,Sales,Sales Representative,0,0.06250156301441566,0
6042,2025-01-01,2025,Marketing,Content Specialist,0,0.038588932021574006,0
6043,2025-01-01,2025,Information Technology,QA Engineer,0,0.1605040336606623,1
6045,2025-01-01,2025,Sales,Sales Representative,1,0.17556993780541122,1
6046,2025-01-01,2025,Information Technology,Software Engineer,0,0.0843537955889845,0
6048,2025-01-01,2025,Finance,Accountant,0,0.1261528622258088,0
6052,2025-01-01,2025,Sales,Sales Supervisor,0,0.23175838905287374,1
6053,2025-01-01,2025,Operations,Procurement Specialist,0,0.08320186183372588,0
6061,2025-01-01,2025,Marketing,Content Specialist,0,0.11134288728873085,0
6062,2025-01-01,2025,Operations,Operations Executive,0,0.11193710419167012,0
6063,2025-01-01,2025,Operations,Operations Executive,0,0.11574776301776399,0
6064,2025-01-01,2025,Information Technology,QA Engineer,0,0.1529264391559194,0
6067,2025-01-01,2025,Sales,Account Manager,0,0.08951633196722078,0
6069,2025-01-01,2025,Operations,Warehouse Supervisor,0,0.13308716912344543,0
6072,2025-01-01,2025,Marketing,Marketing Manager,1,0.22666195172008902,1
6073,2025-01-01,2025,Marketing,Content Specialist,0,0.23344647288115422,1
6074,2025-01-01,2025,Information Technology,QA Engineer,0,0.15933617426538102,1
6079,2025-01-01,2025,Sales,Sales Executive,1,0.23636350807314443,1
6083,2025-01-01,2025,Marketing,Marketing Executive,0,0.09414765300637147,0
6085,2025-01-01,2025,Finance,Finance Manager,0,0.05608197795595223,0
6086,2025-01-01,2025,Sales,Sales Supervisor,0,0.07184606628392018,0
6087,2025-01-01,2025,Finance,Internal Auditor,0,0.09153718468070086,0
6088,2025-01-01,2025,Marketing,Marketing Manager,0,0.0468013618045478,0
6089,2025-01-01,2025,Operations,Operations Executive,0,0.12163808109843888,0
6090,2025-01-01,2025,Human Resources,HR Manager,0,0.296667762324315,1
6092,2025-01-01,2025,Marketing,Digital Marketing Specialist,0,0.07372304317118392,0
6093,2025-01-01,2025,Marketing,Digital Marketing Specialist,0,0.160844297421313,1
6095,2025-01-01,2025,Finance,Accountant,1,0.2939522915289753,1
6099,2025-01-01,2025,Sales,Account Manager,0,0.07706960135509494,0
6103,2025-01-01,2025,Information Technology,Data Analyst,0,0.22025890798897374,1
6108,2025-01-01,2025,Sales,Account Manager,0,0.1095605546049586,0
6110,2025-01-01,2025,Marketing,Digital Marketing Specialist,0,0.08589976449250036,0
6116,2025-01-01,2025,Marketing,Digital Marketing Specialist,0,0.09757748292225336,0
6118,2025-01-01,2025,Information Technology,Software Engineer,0,0.15889915387834852,1
6119,2025-01-01,2025,Information Technology,Data Analyst,0,0.0663206771065604,0
6121,2025-01-01,2025,Information Technology,Software Engineer,0,0.13864818789587974,0
6124,2025-01-01,2025,Marketing,Digital Marketing Specialist,0,0.11151550385376491,0
6126,2025-01-01,2025,Sales,Sales Supervisor,0,0.04933104378701744,0
6128,2025-01-01,2025,Finance,Accountant,0,0.10089980629648425,0
6131,2025-01-01,2025,Sales,Sales Executive,0,0.12493726262021239,0
6137,2025-01-01,2025,Human Resources,HR Manager,0,0.22416327719147747,1
6140,2025-01-01,2025,Marketing,Digital Marketing Specialist,0,0.18833700743864584,1
6145,2025-01-01,2025,Finance,Financial Analyst,0,0.20280686419679983,1
6148,2025-01-01,2025,Marketing,Marketing Manager,0,0.037506130458799594,0
6150,2025-01-01,2025,Information Technology,System Administrator,0,0.1126130907858938,0
6152,2025-01-01,2025,Information Technology,QA Engineer,1,0.2266465541028241,1
6153,2025-01-01,2025,Operations,Warehouse Supervisor,1,0.02984204295380072,0
6155,2025-01-01,2025,Marketing,Marketing Manager,0,0.15282652887013545,0
6156,2025-01-01,2025,Human Resources,C&B Specialist,1,0.1387352134705197,0
6157,2025-01-01,2025,Human Resources,C&B Specialist,0,0.13003895438643914,0
6160,2025-01-01,2025,Information Technology,Data Analyst,1,0.17259430616425034,1
6163,2025-01-01,2025,Operations,Operations Manager,0,0.07903641089251696,0
6168,2025-01-01,2025,Operations,Procurement Specialist,0,0.14500236392683713,0
6176,2025-01-01,2025,Information Technology,IT Support,0,0.22369401493460075,1
6178,2025-01-01,2025,Sales,Sales Representative,0,0.0991341232120432,0
6179,2025-01-01,2025,Human Resources,HR Executive,0,0.12874029126032094,0
6182,2025-01-01,2025,Finance,Finance Manager,0,0.1564412952189184,0
6185,2025-01-01,2025,Marketing,Marketing Executive,0,0.10219005472425272,0
6187,2025-01-01,2025,Finance,Financial Analyst,0,0.210533750421303,1
6188,2025-01-01,2025,Human Resources,C&B Specialist,0,0.09057599443518402,0
6190,2025-01-01,2025,Human Resources,C&B Specialist,0,0.06838223737963742,0
6193,2025-01-01,2025,Sales,Account Manager,0,0.10054314992588437,0
6197,2025-01-01,2025,Human Resources,HR Executive,0,0.18444384432235805,1
6198,2025-01-01,2025,Marketing,Content Specialist,1,0.1714647417825174,1
6200,2025-01-01,2025,Operations,Procurement Specialist,0,0.14638278137736194,0
6207,2025-01-01,2025,Sales,Account Manager,0,0.10217764527460559,0
6209,2025-01-01,2025,Operations,Operations Executive,0,0.2791467848174162,1
6213,2025-01-01,2025,Sales,Account Manager,0,0.12859615611320774,0
6216,2025-01-01,2025,Marketing,Content Specialist,0,0.08484970572449586,0
6217,2025-01-01,2025,Information Technology,QA Engineer,1,0.24328154173596803,1
6219,2025-01-01,2025,Finance,Accountant,0,0.04708525404390771,0
6221,2025-01-01,2025,Operations,Warehouse Supervisor,0,0.16954180941364141,1
6222,2025-01-01,2025,Human Resources,Recruiter,0,0.13587687331064352,0
6224,2025-01-01,2025,Operations,Operations Executive,0,0.17681491473091565,1
6231,2025-01-01,2025,Marketing,Marketing Executive,0,0.1449380877994257,0
6232,2025-01-01,2025,Finance,Internal Auditor,1,0.3864935441809555,1
6233,2025-01-01,2025,Human Resources,HR Executive,0,0.05583746982323155,0
6234,2025-01-01,2025,Sales,Account Manager,1,0.23643609330249815,1
6236,2025-01-01,2025,Information Technology,System Administrator,0,0.08019901056562014,0
6237,2025-01-01,2025,Sales,Sales Representative,0,0.13088709970492812,0
6239,2025-01-01,2025,Marketing,Marketing Executive,0,0.18050730087044645,1
6240,2025-01-01,2025,Finance,Internal Auditor,0,0.0818491510800699,0
6241,2025-01-01,2025,Information Technology,Software Engineer,0,0.2501872784881678,1
6242,2025-01-01,2025,Operations,Procurement Specialist,0,0.08383911437499801,0
6248,2025-01-01,2025,Information Technology,IT Support,0,0.09081809148035826,0
6249,2025-01-01,2025,Marketing,Marketing Manager,0,0.07773362229376986,0
6250,2025-01-01,2025,Human Resources,HR Executive,0,0.09715815913802071,0
6251,2025-01-01,2025,Finance,Accountant,0,0.09733400331466281,0
6253,2025-01-01,2025,Finance,Internal Auditor,0,0.10845118109104868,0
6255,2025-01-01,2025,Sales,Sales Executive,1,0.13389909968316138,0
6258,2025-01-01,2025,Information Technology,Data Analyst,1,0.14890778814849093,0
6259,2025-01-01,2025,Human Resources,HR Manager,0,0.14856101075593756,0
6260,2025-01-01,2025,Marketing,Marketing Executive,0,0.08014087870461013,0
6264,2025-01-01,2025,Sales,Sales Executive,0,0.07603475892558363,0
6266,2025-01-01,2025,Information Technology,Data Analyst,0,0.1060886282372807,0
6267,2025-01-01,2025,Operations,Operations Executive,0,0.10867613909115739,0
6268,2025-01-01,2025,Marketing,Content Specialist,1,0.026756365589840774,0
6271,2025-01-01,2025,Finance,Financial Analyst,0,0.10480122493540797,0
6272,2025-01-01,2025,Finance,Finance Manager,0,0.14213817175098997,0
6273,2025-01-01,2025,Human Resources,Recruiter,0,0.1208564143581916,0
6274,2025-01-01,2025,Finance,Finance Manager,0,0.10009683824393628,0
6276,2025-01-01,2025,Information Technology,System Administrator,0,0.07228927474478283,0
6279,2025-01-01,2025,Marketing,Digital Marketing Specialist,0,0.11436801939106502,0
6280,2025-01-01,2025,Finance,Internal Auditor,0,0.04829168965157859,0
6281,2025-01-01,2025,Finance,Internal Auditor,0,0.05970255012971946,0
6283,2025-01-01,2025,Information Technology,System Administrator,0,0.21674220627907187,1
6284,2025-01-01,2025,Human Resources,C&B Specialist,0,0.027098448827401887,0
6294,2025-01-01,2025,Finance,Accountant,0,0.12465745066355274,0
6295,2025-01-01,2025,Operations,Warehouse Supervisor,1,0.09762700450506216,0
6297,2025-01-01,2025,Human Resources,HR Manager,0,0.06342240217413664,0
6299,2025-01-01,2025,Operations,Operations Manager,0,0.0745487730368521,0
6305,2025-01-01,2025,Human Resources,Recruiter,1,0.3023338337445555,1
6307,2025-01-01,2025,Information Technology,System Administrator,0,0.08650398428208678,0
6308,2025-01-01,2025,Operations,Warehouse Supervisor,1,0.37358096198653024,1
6312,2025-01-01,2025,Marketing,Marketing Executive,1,0.1488352993879849,0
6313,2025-01-01,2025,Sales,Sales Supervisor,0,0.11515645496925654,0
6314,2025-01-01,2025,Finance,Finance Manager,1,0.14790837280973343,0
6316,2025-01-01,2025,Sales,Account Manager,1,0.2483626729073283,1
6317,2025-01-01,2025,Finance,Finance Manager,0,0.10719896075429855,0
6322,2025-01-01,2025,Human Resources,HR Executive,0,0.271304078048111,1
6323,2025-01-01,2025,Marketing,Marketing Manager,1,0.14966595974601157,0
6324,2025-01-01,2025,Information Technology,Software Engineer,0,0.14799342939746174,0
6329,2025-01-01,2025,Human Resources,HR Manager,0,0.08891970383498311,0
6331,2025-01-01,2025,Finance,Financial Analyst,0,0.1453364977220374,0
6332,2025-01-01,2025,Sales,Sales Supervisor,0,0.12803476120785096,0
6333,2025-01-01,2025,Sales,Sales Executive,0,0.1064395520431849,0
6340,2025-01-01,2025,Finance,Internal Auditor,0,0.09484801928615637,0
6342,2025-01-01,2025,Information Technology,IT Support,0,0.197144339725035,1
6343,2025-01-01,2025,Marketing,Digital Marketing Specialist,0,0.19781699008137782,1
6344,2025-01-01,2025,Human Resources,HR Manager,0,0.09186361289765452,0
6346,2025-01-01,2025,Finance,Accountant,1,0.09218921386155998,0
6347,2025-01-01,2025,Information Technology,IT Support,0,0.17923346829905484,1
6350,2025-01-01,2025,Operations,Operations Executive,0,0.07883971359357857,0
6351,2025-01-01,2025,Information Technology,Software Engineer,0,0.09815930593388073,0
6352,2025-01-01,2025,Information Technology,Software Engineer,0,0.09825297410374044,0
6355,2025-01-01,2025,Sales,Account Manager,0,0.21151635819050887,1
6361,2025-01-01,2025,Information Technology,Software Engineer,1,0.21621594001462485,1
6362,2025-01-01,2025,Sales,Sales Executive,1,0.1570997881006164,0
6366,2025-01-01,2025,Marketing,Digital Marketing Specialist,0,0.10344725886663454,0
6367,2025-01-01,2025,Marketing,Content Specialist,0,0.11027491262431316,0
6369,2025-01-01,2025,Finance,Internal Auditor,0,0.15376599569886445,0
6370,2025-01-01,2025,Finance,Internal Auditor,0,0.10354935349081906,0
6371,2025-01-01,2025,Operations,Warehouse Supervisor,0,0.13526087098769182,0
6376,2025-01-01,2025,Operations,Warehouse Supervisor,1,0.2556062570869611,1
6377,2025-01-01,2025,Operations,Procurement Specialist,0,0.20725867986981755,1
6378,2025-01-01,2025,Finance,Finance Manager,0,0.182304383789006,1
6379,2025-01-01,2025,Operations,Warehouse Supervisor,0,0.2100253559032909,1
6381,2025-01-01,2025,Human Resources,C&B Specialist,0,0.0821992058279408,0
6382,2025-01-01,2025,Marketing,Marketing Manager,0,0.10265501260285993,0
6385,2025-01-01,2025,Operations,Warehouse Supervisor,0,0.08259275048574055,0
6386,2025-01-01,2025,Operations,Procurement Specialist,0,0.10118355333731459,0
6388,2025-01-01,2025,Marketing,Digital Marketing Specialist,0,0.07166221708447074,0
6389,2025-01-01,2025,Marketing,Marketing Executive,1,0.05745168230374722,0
6391,2025-01-01,2025,Operations,Operations Executive,0,0.13959776357193776,0
6396,2025-01-01,2025,Human Resources,HR Manager,0,0.0865677707055396,0
6398,2025-01-01,2025,Sales,Sales Supervisor,0,0.09918631804315535,0
6400,2025-01-01,2025,Operations,Operations Manager,0,0.1320003985374851,0
6401,2025-01-01,2025,Operations,Operations Executive,0,0.15134830695858198,0
6402,2025-01-01,2025,Information Technology,IT Support,1,0.1750481262637873,1
6405,2025-01-01,2025,Finance,Finance Manager,0,0.1250021266377107,0
6407,2025-01-01,2025,Human Resources,Recruiter,0,0.1362752043657668,0
6410,2025-01-01,2025,Sales,Account Manager,0,0.08401804433567532,0
6414,2025-01-01,2025,Operations,Procurement Specialist,0,0.05758733502308262,0
6420,2025-01-01,2025,Finance,Finance Manager,0,0.10104134750929526,0
6427,2025-01-01,2025,Operations,Operations Manager,0,0.09789513789443234,0
6430,2025-01-01,2025,Human Resources,Recruiter,0,0.11869825762350444,0
6431,2025-01-01,2025,Information Technology,System Administrator,1,0.2884258004596491,1
6432,2025-01-01,2025,Sales,Account Manager,1,0.15928823350121593,1
6433,2025-01-01,2025,Human Resources,HR Manager,0,0.17304700246248977,1
6435,2025-01-01,2025,Sales,Account Manager,0,0.18622644798599433,1
6440,2025-01-01,2025,Finance,Internal Auditor,0,0.1406566304793694,0
6442,2025-01-01,2025,Marketing,Marketing Executive,0,0.1047229238714206,0
6445,2025-01-01,2025,Operations,Warehouse Supervisor,0,0.14383932450293002,0
6446,2025-01-01,2025,Finance,Financial Analyst,0,0.14033852335394328,0
6447,2025-01-01,2025,Human Resources,Recruiter,0,0.05119048412383763,0
6449,2025-01-01,2025,Finance,Finance Manager,0,0.08323655226402292,0
6450,2025-01-01,2025,Operations,Operations Manager,0,0.08699994167621146,0
6452,2025-01-01,2025,Human Resources,HR Manager,0,0.07985804024582495,0
6453,2025-01-01,2025,Sales,Sales Supervisor,0,0.1373747923117803,0
6454,2025-01-01,2025,Finance,Internal Auditor,1,0.0627104175931549,0
6455,2025-01-01,2025,Human Resources,HR Executive,0,0.20436316651258155,1
6456,2025-01-01,2025,Operations,Procurement Specialist,0,0.1746109135071932,1
6458,2025-01-01,2025,Operations,Operations Executive,0,0.13607034026691156,0
6464,2025-01-01,2025,Human Resources,C&B Specialist,0,0.07568531823392305,0
6465,2025-01-01,2025,Information Technology,IT Support,0,0.03798366450317587,0
6467,2025-01-01,2025,Information Technology,System Administrator,0,0.2205349893107667,1
6471,2025-01-01,2025,Operations,Operations Executive,0,0.27629217301780984,1
6472,2025-01-01,2025,Information Technology,System Administrator,0,0.2822895496092936,1
6473,2025-01-01,2025,Human Resources,C&B Specialist,0,0.11889220518109873,0
6474,2025-01-01,2025,Human Resources,Recruiter,0,0.13014812667767947,0
6476,2025-01-01,2025,Finance,Financial Analyst,0,0.08119737803339154,0
6479,2025-01-01,2025,Finance,Internal Auditor,0,0.11367445818315212,0
6480,2025-01-01,2025,Human Resources,Recruiter,0,0.12069372361470285,0
6483,2025-01-01,2025,Sales,Sales Supervisor,0,0.2009139439071503,1
6484,2025-01-01,2025,Operations,Operations Executive,0,0.1323932385197651,0
6486,2025-01-01,2025,Operations,Procurement Specialist,0,0.2567593811822339,1
6491,2025-01-01,2025,Operations,Procurement Specialist,0,0.13285255413005306,0
6493,2025-01-01,2025,Sales,Sales Representative,0,0.12301816692319802,0
6494,2025-01-01,2025,Operations,Operations Manager,0,0.15395667264559598,0
6498,2025-01-01,2025,Sales,Account Manager,0,0.11812795843603872,0
6499,2025-01-01,2025,Sales,Sales Executive,0,0.12738779651646986,0
6501,2025-01-01,2025,Operations,Procurement Specialist,0,0.061502781170583026,0
6502,2025-01-01,2025,Sales,Account Manager,0,0.15434296548566673,0
6503,2025-01-01,2025,Finance,Financial Analyst,0,0.07996265715600012,0
6504,2025-01-01,2025,Sales,Sales Executive,0,0.05282862052116214,0
6507,2025-01-01,2025,Finance,Accountant,0,0.1281923002286786,0
6509,2025-01-01,2025,Information Technology,IT Support,0,0.12373351722696416,0
6511,2025-01-01,2025,Operations,Operations Manager,0,0.286513599435191,1
6512,2025-01-01,2025,Information Technology,IT Support,0,0.08189638593098329,0
6514,2025-01-01,2025,Sales,Account Manager,0,0.06128246319647353,0
6515,2025-01-01,2025,Marketing,Content Specialist,0,0.027586785162302698,0
6516,2025-01-01,2025,Human Resources,HR Executive,0,0.11829308848468115,0
6518,2025-01-01,2025,Information Technology,QA Engineer,0,0.10593943172390816,0
6519,2025-01-01,2025,Sales,Sales Representative,0,0.10842175240977668,0
6522,2025-01-01,2025,Sales,Sales Executive,0,0.3084547633684752,1
6523,2025-01-01,2025,Human Resources,C&B Specialist,1,0.18799256660919614,1
6525,2025-01-01,2025,Information Technology,QA Engineer,0,0.13829798011393638,0
6526,2025-01-01,2025,Information Technology,IT Support,0,0.40713053401979676,1
6527,2025-01-01,2025,Marketing,Content Specialist,0,0.12899432713930192,0
6530,2025-01-01,2025,Human Resources,HR Manager,0,0.22546744505927496,1
6531,2025-01-01,2025,Finance,Finance Manager,0,0.09329979569537233,0
6534,2025-01-01,2025,Information Technology,Software Engineer,1,0.3641879264380742,1
6539,2025-01-01,2025,Marketing,Marketing Manager,0,0.09664441274447969,0
6541,2025-01-01,2025,Marketing,Digital Marketing Specialist,0,0.08906924636028965,0
6543,2025-01-01,2025,Human Resources,C&B Specialist,0,0.14012729586385977,0
6544,2025-01-01,2025,Information Technology,System Administrator,0,0.09236776407246519,0
6545,2025-01-01,2025,Marketing,Digital Marketing Specialist,0,0.08525936385083008,0
6546,2025-01-01,2025,Information Technology,IT Support,0,0.1651645388331876,1
6547,2025-01-01,2025,Finance,Accountant,0,0.14930146116990795,0
6548,2025-01-01,2025,Finance,Accountant,0,0.06324866473210045,0
6551,2025-01-01,2025,Information Technology,IT Support,1,0.16695442185111523,1
6553,2025-01-01,2025,Human Resources,C&B Specialist,0,0.1717305383857304,1
6555,2025-01-01,2025,Marketing,Content Specialist,0,0.09774679734882553,0
6556,2025-01-01,2025,Sales,Account Manager,0,0.15292240989789516,0
6557,2025-01-01,2025,Marketing,Content Specialist,1,0.16844851771557592,1
6558,2025-01-01,2025,Sales,Sales Supervisor,0,0.12851505153891382,0
6560,2025-01-01,2025,Human Resources,HR Executive,0,0.10551841393205456,0
6561,2025-01-01,2025,Operations,Operations Manager,0,0.078835349418085,0
6562,2025-01-01,2025,Sales,Sales Representative,0,0.1338861167224769,0
6563,2025-01-01,2025,Marketing,Digital Marketing Specialist,1,0.037313304230045134,0
6565,2025-01-01,2025,Finance,Finance Manager,1,0.2097828687740349,1
6567,2025-01-01,2025,Operations,Operations Executive,0,0.1017189644314947,0
6569,2025-01-01,2025,Operations,Operations Manager,1,0.16617465280489876,1
6570,2025-01-01,2025,Marketing,Digital Marketing Specialist,0,0.15661417335613312,0
6572,2025-01-01,2025,Information Technology,IT Support,0,0.08886183617693647,0
6573,2025-01-01,2025,Sales,Sales Executive,0,0.1450527496452156,0
6575,2025-01-01,2025,Operations,Warehouse Supervisor,0,0.08935820598475383,0
6577,2025-01-01,2025,Human Resources,C&B Specialist,0,0.08457271726347733,0
6578,2025-01-01,2025,Marketing,Marketing Manager,0,0.06884075780350465,0
6583,2025-01-01,2025,Sales,Sales Representative,1,0.1199827445835965,0
6586,2025-01-01,2025,Human Resources,HR Executive,0,0.0726677385611998,0
6588,2025-01-01,2025,Operations,Procurement Specialist,0,0.20676007644812194,1
6590,2025-01-01,2025,Sales,Sales Representative,0,0.1005777148490369,0
6591,2025-01-01,2025,Human Resources,HR Manager,0,0.0678024629076149,0
6592,2025-01-01,2025,Finance,Finance Manager,0,0.06513526117436194,0
6593,2025-01-01,2025,Operations,Operations Executive,0,0.1849814258301849,1
6595,2025-01-01,2025,Information Technology,Data Analyst,0,0.11458379838141461,0
6600,2025-01-01,2025,Finance,Financial Analyst,1,0.13871927933669878,0
6604,2025-01-01,2025,Marketing,Digital Marketing Specialist,0,0.07036211291297113,0
6605,2025-01-01,2025,Sales,Account Manager,0,0.10699329273890436,0
6606,2025-01-01,2025,Finance,Financial Analyst,0,0.11673084230934001,0
6607,2025-01-01,2025,Finance,Accountant,0,0.044269826524103564,0
6609,2025-01-01,2025,Sales,Sales Supervisor,0,0.1430824946798609,0
6611,2025-01-01,2025,Sales,Sales Representative,0,0.0995926125775153,0
6612,2025-01-01,2025,Human Resources,HR Executive,0,0.15320528649761056,0
6613,2025-01-01,2025,Human Resources,HR Executive,0,0.17194651400372227,1
6614,2025-01-01,2025,Human Resources,HR Manager,1,0.12095230013844642,0
6616,2025-01-01,2025,Information Technology,Software Engineer,0,0.11387386076951393,0
6617,2025-01-01,2025,Finance,Financial Analyst,0,0.15028726205874002,0
6621,2025-01-01,2025,Operations,Operations Executive,1,0.11310538908984612,0
6622,2025-01-01,2025,Operations,Operations Executive,0,0.21321614418656634,1
6624,2025-01-01,2025,Marketing,Marketing Executive,0,0.05134656399642717,0
6626,2025-01-01,2025,Finance,Accountant,0,0.11664816149187682,0
6627,2025-01-01,2025,Operations,Warehouse Supervisor,1,0.12758979080755933,0
6629,2025-01-01,2025,Information Technology,Data Analyst,0,0.13076693766341127,0
6631,2025-01-01,2025,Sales,Sales Executive,1,0.09250248009154693,0
6632,2025-01-01,2025,Operations,Procurement Specialist,0,0.2684161834652999,1
6634,2025-01-01,2025,Finance,Financial Analyst,0,0.2203629180568399,1
6638,2025-01-01,2025,Marketing,Marketing Manager,0,0.026503648168843336,0
6641,2025-01-01,2025,Marketing,Content Specialist,0,0.11166411950318865,0
6644,2025-01-01,2025,Marketing,Content Specialist,0,0.047358603907129225,0
6646,2025-01-01,2025,Finance,Accountant,0,0.2549602362596847,1
6647,2025-01-01,2025,Marketing,Marketing Executive,0,0.1267728849472684,0
6652,2025-01-01,2025,Operations,Procurement Specialist,1,0.09784741358372852,0
6655,2025-01-01,2025,Operations,Operations Manager,0,0.0818048358674594,0
6656,2025-01-01,2025,Finance,Finance Manager,0,0.09012417476956855,0
6657,2025-01-01,2025,Sales,Sales Representative,0,0.11211085253225235,0
6658,2025-01-01,2025,Marketing,Digital Marketing Specialist,0,0.05233305637643947,0
6659,2025-01-01,2025,Information Technology,QA Engineer,0,0.2173155187521231,1
6660,2025-01-01,2025,Finance,Financial Analyst,0,0.13669293431343693,0
6663,2025-01-01,2025,Information Technology,IT Support,0,0.11940188911013422,0
6669,2025-01-01,2025,Information Technology,System Administrator,0,0.19532693795417524,1
6671,2025-01-01,2025,Sales,Account Manager,0,0.07300484898101992,0
6672,2025-01-01,2025,Marketing,Marketing Executive,0,0.11706615979719555,0
6673,2025-01-01,2025,Operations,Procurement Specialist,0,0.08900219455689358,0
6675,2025-01-01,2025,Information Technology,IT Support,0,0.29059351638174474,1
6676,2025-01-01,2025,Human Resources,Recruiter,0,0.15429083878902602,0
6679,2025-01-01,2025,Finance,Internal Auditor,0,0.1289992263371812,0
6682,2025-01-01,2025,Sales,Account Manager,0,0.1105327268380336,0
6683,2025-01-01,2025,Marketing,Digital Marketing Specialist,0,0.13742279506632896,0
6684,2025-01-01,2025,Sales,Sales Representative,0,0.17675648579360667,1
6686,2025-01-01,2025,Marketing,Digital Marketing Specialist,0,0.10719124935741266,0
6688,2025-01-01,2025,Operations,Operations Manager,0,0.19548777142225962,1
6689,2025-01-01,2025,Information Technology,Data Analyst,0,0.17581353401726849,1
6690,2025-01-01,2025,Information Technology,IT Support,1,0.13536557697358775,0
6692,2025-01-01,2025,Marketing,Marketing Manager,0,0.07483447586648088,0
6695,2025-01-01,2025,Operations,Procurement Specialist,1,0.1974578810352183,1
6696,2025-01-01,2025,Operations,Operations Executive,0,0.09146331873308397,0
6697,2025-01-01,2025,Operations,Operations Manager,0,0.07759878559744333,0
6699,2025-01-01,2025,Sales,Sales Representative,1,0.1287765536446409,0
6700,2025-01-01,2025,Finance,Accountant,0,0.12789505286914027,0
6705,2025-01-01,2025,Information Technology,Software Engineer,1,0.19776330280331558,1
6706,2025-01-01,2025,Marketing,Marketing Manager,0,0.06547969112533537,0
6707,2025-01-01,2025,Information Technology,IT Support,0,0.0980599412845056,0
6708,2025-01-01,2025,Human Resources,HR Executive,0,0.03925033449283416,0
6710,2025-01-01,2025,Sales,Sales Representative,0,0.10915387850096452,0
6711,2025-01-01,2025,Human Resources,HR Manager,0,0.087038650988854,0
6712,2025-01-01,2025,Human Resources,Recruiter,0,0.13928935789814476,0
6713,2025-01-01,2025,Operations,Warehouse Supervisor,1,0.14014453173898464,0
6718,2025-01-01,2025,Information Technology,Software Engineer,1,0.17456372594071923,1
6721,2025-01-01,2025,Operations,Operations Manager,0,0.15484807196240202,0
6722,2025-01-01,2025,Marketing,Content Specialist,0,0.10744251056978092,0
6723,2025-01-01,2025,Sales,Sales Supervisor,0,0.07581096005587351,0
6728,2025-01-01,2025,Operations,Procurement Specialist,0,0.07366289845287388,0
6730,2025-01-01,2025,Human Resources,C&B Specialist,0,0.07325357224819676,0
6732,2025-01-01,2025,Sales,Sales Executive,1,0.1479417719549217,0
6734,2025-01-01,2025,Marketing,Marketing Manager,0,0.12683859264247446,0
6735,2025-01-01,2025,Marketing,Digital Marketing Specialist,0,0.17291813027488095,1
6736,2025-01-01,2025,Marketing,Content Specialist,0,0.07471045398064508,0
6738,2025-01-01,2025,Operations,Operations Executive,0,0.15676691754315084,0
6739,2025-01-01,2025,Finance,Accountant,0,0.10047807969212402,0
6745,2025-01-01,2025,Information Technology,Data Analyst,0,0.17506948046271809,1
6747,2025-01-01,2025,Marketing,Digital Marketing Specialist,0,0.17172192979005638,1
6749,2025-01-01,2025,Information Technology,System Administrator,0,0.047489798430961086,0
6756,2025-01-01,2025,Finance,Accountant,0,0.11741717352372141,0
6757,2025-01-01,2025,Operations,Procurement Specialist,0,0.13362285742240199,0
6759,2025-01-01,2025,Information Technology,Software Engineer,0,0.06448454825867296,0
6768,2025-01-01,2025,Marketing,Content Specialist,1,0.17632316490742173,1
6771,2025-01-01,2025,Sales,Sales Representative,0,0.07936262723819086,0
6775,2025-01-01,2025,Operations,Operations Manager,0,0.15676828818898017,0
6784,2025-01-01,2025,Marketing,Marketing Manager,0,0.09822884013195365,0
6786,2025-01-01,2025,Marketing,Marketing Executive,0,0.2940257906068381,1
6789,2025-01-01,2025,Marketing,Digital Marketing Specialist,0,0.08869481995939174,0
6793,2025-01-01,2025,Sales,Sales Representative,0,0.16130080526965918,1
6795,2025-01-01,2025,Operations,Procurement Specialist,1,0.01780391705317569,0
6796,2025-01-01,2025,Human Resources,HR Manager,1,0.1848653029652599,1
6800,2025-01-01,2025,Human Resources,C&B Specialist,0,0.03664319951807046,0
6803,2025-01-01,2025,Marketing,Digital Marketing Specialist,0,0.19596185566844687,1
6804,2025-01-01,2025,Sales,Sales Supervisor,0,0.04991839650157051,0
6805,2025-01-01,2025,Human Resources,C&B Specialist,0,0.10491589369258468,0
6810,2025-01-01,2025,Sales,Sales Executive,0,0.15815695923528658,1
6811,2025-01-01,2025,Finance,Internal Auditor,0,0.07667911094578515,0
6815,2025-01-01,2025,Human Resources,Recruiter,0,0.15001275170086714,0
6816,2025-01-01,2025,Sales,Sales Supervisor,1,0.22589799088199145,1
6819,2025-01-01,2025,Information Technology,System Administrator,0,0.0903794401593832,0
6820,2025-01-01,2025,Finance,Internal Auditor,0,0.09135738017456069,0
6823,2025-01-01,2025,Operations,Warehouse Supervisor,1,0.1813914157169457,1
6824,2025-01-01,2025,Human Resources,HR Executive,0,0.1769509954199058,1
6826,2025-01-01,2025,Information Technology,System Administrator,0,0.12820005035715631,0
6830,2025-01-01,2025,Operations,Procurement Specialist,0,0.09848733326137407,0
6834,2025-01-01,2025,Human Resources,HR Manager,1,0.24514668735437645,1
6835,2025-01-01,2025,Human Resources,Recruiter,0,0.22856099987554154,1
6836,2025-01-01,2025,Marketing,Content Specialist,0,0.12374051050763261,0
6843,2025-01-01,2025,Sales,Sales Representative,0,0.05794514090430286,0
6844,2025-01-01,2025,Information Technology,IT Support,0,0.11964723243022898,0
6851,2025-01-01,2025,Information Technology,System Administrator,0,0.0564643405344381,0
6856,2025-01-01,2025,Information Technology,IT Support,1,0.15590276588454974,0
6858,2025-01-01,2025,Marketing,Content Specialist,1,0.05655713158647863,0
6865,2025-01-01,2025,Sales,Sales Representative,1,0.1412683240675506,0
6866,2025-01-01,2025,Sales,Account Manager,0,0.14076989401710802,0
6868,2025-01-01,2025,Sales,Sales Representative,0,0.07541244687584267,0
6869,2025-01-01,2025,Information Technology,Software Engineer,1,0.1332284639546217,0
6870,2025-01-01,2025,Sales,Sales Executive,1,0.11654234184512846,0
6872,2025-01-01,2025,Sales,Sales Supervisor,1,0.13926590579027107,0
6874,2025-01-01,2025,Finance,Financial Analyst,0,0.2384159417970876,1
6875,2025-01-01,2025,Finance,Finance Manager,1,0.1803487127088976,1
6876,2025-01-01,2025,Finance,Financial Analyst,0,0.04261221099105589,0
6878,2025-01-01,2025,Sales,Account Manager,0,0.0877700404688833,0
6879,2025-01-01,2025,Marketing,Content Specialist,0,0.1200689764573105,0
6881,2025-01-01,2025,Operations,Operations Executive,1,0.393518150850829,1
6882,2025-01-01,2025,Marketing,Marketing Executive,0,0.16769083926550044,1
6888,2025-01-01,2025,Human Resources,HR Manager,0,0.13900725044334852,0
6890,2025-01-01,2025,Operations,Warehouse Supervisor,0,0.038989189921161675,0
6891,2025-01-01,2025,Sales,Sales Representative,0,0.12896180759116796,0
6893,2025-01-01,2025,Operations,Procurement Specialist,0,0.19313406405167566,1
6897,2025-01-01,2025,Marketing,Marketing Executive,0,0.11521772738423731,0
6898,2025-01-01,2025,Marketing,Digital Marketing Specialist,0,0.06596154733649977,0
6899,2025-01-01,2025,Information Technology,IT Support,0,0.07111378745934076,0
6900,2025-01-01,2025,Sales,Account Manager,1,0.17704411535007178,1
6901,2025-01-01,2025,Information Technology,System Administrator,0,0.12470867112905759,0
6903,2025-01-01,2025,Sales,Sales Executive,0,0.11360461215557971,0
6906,2025-01-01,2025,Marketing,Marketing Executive,0,0.08610290002147752,0
6907,2025-01-01,2025,Information Technology,System Administrator,1,0.328988710165211,1
6911,2025-01-01,2025,Information Technology,Software Engineer,0,0.13385066263284548,0
6912,2025-01-01,2025,Sales,Sales Supervisor,0,0.10625313930699784,0
6913,2025-01-01,2025,Information Technology,QA Engineer,0,0.21546979447377965,1
6915,2025-01-01,2025,Marketing,Marketing Manager,1,0.1376192248595826,0
6917,2025-01-01,2025,Finance,Internal Auditor,0,0.117819844571408,0
6918,2025-01-01,2025,Information Technology,IT Support,0,0.13024650373410412,0
6922,2025-01-01,2025,Information Technology,IT Support,0,0.07735254549641331,0
6923,2025-01-01,2025,Human Resources,Recruiter,0,0.09073261393115557,0
6925,2025-01-01,2025,Human Resources,HR Executive,0,0.13668690450196164,0
6926,2025-01-01,2025,Information Technology,Data Analyst,0,0.14232216107966167,0
6927,2025-01-01,2025,Marketing,Content Specialist,1,0.1847517189537125,1
6931,2025-01-01,2025,Sales,Sales Representative,0,0.1704841175244412,1
6933,2025-01-01,2025,Information Technology,QA Engineer,0,0.06462764619287707,0
6934,2025-01-01,2025,Marketing,Marketing Manager,1,0.08016790371879891,0
6935,2025-01-01,2025,Operations,Procurement Specialist,0,0.07745665177230708,0
6937,2025-01-01,2025,Marketing,Marketing Executive,0,0.30807155414471443,1
6940,2025-01-01,2025,Human Resources,HR Manager,0,0.08497849922769812,0
6943,2025-01-01,2025,Marketing,Digital Marketing Specialist,0,0.2032085203246593,1
6944,2025-01-01,2025,Finance,Finance Manager,0,0.084530953297804,0
6945,2025-01-01,2025,Operations,Operations Manager,1,0.23968133983426035,1
6951,2025-01-01,2025,Operations,Operations Manager,1,0.10015694555999927,0
6952,2025-01-01,2025,Human Resources,C&B Specialist,0,0.09377769579270118,0
6955,2025-01-01,2025,Information Technology,QA Engineer,0,0.1444173528417426,0
6956,2025-01-01,2025,Information Technology,System Administrator,1,0.13380480718162718,0
6958,2025-01-01,2025,Sales,Sales Representative,0,0.11699282265286744,0
6959,2025-01-01,2025,Human Resources,HR Manager,0,0.16237202947428003,1
6960,2025-01-01,2025,Marketing,Digital Marketing Specialist,0,0.12238264849973936,0
6962,2025-01-01,2025,Finance,Accountant,0,0.12944512414852655,0
6968,2025-01-01,2025,Operations,Operations Executive,0,0.22651440759463512,1
6969,2025-01-01,2025,Marketing,Content Specialist,0,0.10162871675036927,0
6970,2025-01-01,2025,Sales,Sales Representative,0,0.05100908439551523,0
6971,2025-01-01,2025,Human Resources,HR Manager,0,0.09315921139560207,0
6972,2025-01-01,2025,Sales,Account Manager,0,0.11405021156165565,0
6973,2025-01-01,2025,Human Resources,Recruiter,0,0.14413513590832638,0
6974,2025-01-01,2025,Finance,Financial Analyst,0,0.09332662521568001,0
6975,2025-01-01,2025,Sales,Sales Executive,0,0.143664598612353,0
6977,2025-01-01,2025,Sales,Sales Executive,0,0.08192375012604981,0
6978,2025-01-01,2025,Finance,Financial Analyst,0,0.16752905450774563,1
6980,2025-01-01,2025,Information Technology,QA Engineer,0,0.13258085923911042,0
6981,2025-01-01,2025,Information Technology,IT Support,0,0.07421784661812408,0
6982,2025-01-01,2025,Finance,Financial Analyst,1,0.3675767573129026,1
6984,2025-01-01,2025,Information Technology,IT Support,0,0.08497425360199115,0
6988,2025-01-01,2025,Information Technology,System Administrator,0,0.026905854419362444,0
6993,2025-01-01,2025,Finance,Financial Analyst,0,0.06333597296591431,0
6997,2025-01-01,2025,Human Resources,HR Executive,0,0.20480341248888542,1
6999,2025-01-01,2025,Sales,Sales Executive,0,0.08108601364117254,0
7002,2025-01-01,2025,Operations,Procurement Specialist,0,0.19062175273725399,1
7007,2025-01-01,2025,Finance,Accountant,0,0.08615933245335457,0
7008,2025-01-01,2025,Finance,Financial Analyst,0,0.07422480553465696,0
7009,2025-01-01,2025,Human Resources,HR Executive,0,0.09521407081271446,0
7010,2025-01-01,2025,Marketing,Marketing Executive,0,0.04402478244702698,0
7015,2025-01-01,2025,Human Resources,C&B Specialist,0,0.10891615253817699,0
7016,2025-01-01,2025,Sales,Sales Supervisor,0,0.1405298873537806,0
7017,2025-01-01,2025,Information Technology,Data Analyst,0,0.10394915066183337,0
7018,2025-01-01,2025,Finance,Internal Auditor,0,0.3054866625578692,1
7021,2025-01-01,2025,Human Resources,C&B Specialist,0,0.07848252662446654,0
7025,2025-01-01,2025,Sales,Sales Supervisor,0,0.10182059158018238,0
7026,2025-01-01,2025,Information Technology,QA Engineer,0,0.1935166705049246,1
7033,2025-01-01,2025,Information Technology,IT Support,0,0.06592106495085963,0
7034,2025-01-01,2025,Finance,Finance Manager,0,0.09245914166042005,0
7036,2025-01-01,2025,Marketing,Content Specialist,0,0.09584035681054186,0
7039,2025-01-01,2025,Sales,Sales Executive,1,0.2290905132251294,1
7044,2025-01-01,2025,Sales,Sales Executive,0,0.11321390572694512,0
7046,2025-01-01,2025,Marketing,Digital Marketing Specialist,0,0.15658831742850096,0
7048,2025-01-01,2025,Operations,Operations Executive,1,0.15110013077536677,0
7054,2025-01-01,2025,Operations,Warehouse Supervisor,0,0.23445678389775765,1
7056,2025-01-01,2025,Marketing,Content Specialist,0,0.08657933849109567,0
7057,2025-01-01,2025,Operations,Warehouse Supervisor,0,0.08450263334200238,0
7061,2025-01-01,2025,Marketing,Digital Marketing Specialist,1,0.08774477092615401,0
7063,2025-01-01,2025,Operations,Operations Manager,0,0.11697075567638313,0
7064,2025-01-01,2025,Sales,Sales Representative,0,0.12684696518580557,0
7072,2025-01-01,2025,Human Resources,HR Manager,1,0.11030023614921218,0
7073,2025-01-01,2025,Operations,Operations Executive,0,0.14103274517452655,0
7074,2025-01-01,2025,Information Technology,Data Analyst,0,0.07346897688233349,0
7078,2025-01-01,2025,Information Technology,Data Analyst,0,0.1379563387538904,0
7080,2025-01-01,2025,Human Resources,HR Manager,0,0.27997861812032754,1
7084,2025-01-01,2025,Sales,Sales Executive,1,0.23683760302793738,1
7087,2025-01-01,2025,Information Technology,QA Engineer,0,0.17184824477245128,1
7088,2025-01-01,2025,Human Resources,Recruiter,1,0.11614391332677411,0
7089,2025-01-01,2025,Finance,Internal Auditor,0,0.06645838505936165,0
7093,2025-01-01,2025,Sales,Sales Supervisor,1,0.26162732604519073,1
7099,2025-01-01,2025,Sales,Sales Executive,1,0.09469912941404623,0
7104,2025-01-01,2025,Marketing,Marketing Executive,0,0.19744309229536497,1
7105,2025-01-01,2025,Sales,Sales Executive,0,0.1537354311207449,0
7106,2025-01-01,2025,Marketing,Marketing Manager,0,0.27297107821951067,1
7110,2025-01-01,2025,Marketing,Marketing Manager,0,0.2938899858048615,1
7113,2025-01-01,2025,Sales,Sales Executive,0,0.045463531075399945,0
7114,2025-01-01,2025,Information Technology,QA Engineer,0,0.11563561275664896,0
7120,2025-01-01,2025,Operations,Operations Manager,0,0.08963493134103966,0
7121,2025-01-01,2025,Operations,Procurement Specialist,0,0.2710564759995711,1
7124,2025-01-01,2025,Finance,Financial Analyst,0,0.1155811215992106,0
7125,2025-01-01,2025,Human Resources,HR Manager,1,0.1476341132340698,0
7128,2025-01-01,2025,Finance,Accountant,0,0.11004253823989137,0
7129,2025-01-01,2025,Marketing,Digital Marketing Specialist,0,0.07012398716998634,0
7130,2025-01-01,2025,Sales,Sales Executive,1,0.18714218180832018,1
7131,2025-01-01,2025,Sales,Sales Representative,0,0.1353797482253723,0
7134,2025-01-01,2025,Information Technology,IT Support,0,0.08520197660033989,0
7137,2025-01-01,2025,Marketing,Content Specialist,0,0.28584956637067266,1
7138,2025-01-01,2025,Information Technology,System Administrator,1,0.20084073928531535,1
7140,2025-01-01,2025,Information Technology,Software Engineer,1,0.18758683078318242,1
7142,2025-01-01,2025,Information Technology,Data Analyst,0,0.0872228787566649,0
7143,2025-01-01,2025,Information Technology,System Administrator,0,0.07084703263549995,0
7146,2025-01-01,2025,Marketing,Digital Marketing Specialist,0,0.05849270175551412,0
7147,2025-01-01,2025,Marketing,Marketing Executive,0,0.01774910405537402,0
7149,2025-01-01,2025,Finance,Financial Analyst,1,0.3788938255264071,1
7151,2025-01-01,2025,Operations,Procurement Specialist,0,0.09516621881185083,0
7152,2025-01-01,2025,Finance,Internal Auditor,1,0.2780036753039679,1
7153,2025-01-01,2025,Information Technology,System Administrator,0,0.15029846410631517,0
7155,2025-01-01,2025,Marketing,Content Specialist,0,0.26430931941083863,1
7158,2025-01-01,2025,Marketing,Marketing Executive,0,0.046857052340105905,0
7165,2025-01-01,2025,Finance,Finance Manager,0,0.09122380648987548,0
7168,2025-01-01,2025,Information Technology,Data Analyst,0,0.15060905810890896,0
7170,2025-01-01,2025,Information Technology,IT Support,0,0.1224448905888506,0
7172,2025-01-01,2025,Human Resources,Recruiter,0,0.09513605442787393,0
7173,2025-01-01,2025,Information Technology,QA Engineer,0,0.14865686744653958,0
7178,2025-01-01,2025,Marketing,Digital Marketing Specialist,0,0.10201590101129117,0
7179,2025-01-01,2025,Human Resources,HR Manager,0,0.15299158692124057,0
7181,2025-01-01,2025,Marketing,Digital Marketing Specialist,0,0.1362676472895512,0
7182,2025-01-01,2025,Information Technology,IT Support,0,0.07905026095678988,0
7183,2025-01-01,2025,Finance,Finance Manager,1,0.1719279275246738,1
7184,2025-01-01,2025,Information Technology,IT Support,0,0.09301845437441206,0
7186,2025-01-01,2025,Marketing,Marketing Manager,0,0.10858593148978168,0
7188,2025-01-01,2025,Sales,Account Manager,0,0.17882648237895923,1
7189,2025-01-01,2025,Operations,Operations Executive,0,0.0749375418242897,0
7190,2025-01-01,2025,Finance,Accountant,0,0.0656672151412202,0
7191,2025-01-01,2025,Operations,Warehouse Supervisor,0,0.11824460190958022,0
7193,2025-01-01,2025,Finance,Accountant,0,0.05415387024789614,0
7194,2025-01-01,2025,Information Technology,Software Engineer,1,0.08110456975664408,0
7196,2025-01-01,2025,Finance,Finance Manager,1,0.13125074690147895,0
7197,2025-01-01,2025,Operations,Procurement Specialist,0,0.0701734584458598,0
7199,2025-01-01,2025,Sales,Sales Representative,1,0.05578230917586124,0
7202,2025-01-01,2025,Marketing,Content Specialist,0,0.15075095076051923,0
7210,2025-01-01,2025,Finance,Accountant,0,0.16967754945742697,1
7211,2025-01-01,2025,Sales,Sales Executive,0,0.1487392504747763,0
7212,2025-01-01,2025,Marketing,Content Specialist,0,0.18693560606137627,1
7218,2025-01-01,2025,Operations,Operations Manager,0,0.16180907499699457,1
7220,2025-01-01,2025,Information Technology,Software Engineer,1,0.28028294259777364,1
7222,2025-01-01,2025,Information Technology,Software Engineer,0,0.19801894030375553,1
7223,2025-01-01,2025,Operations,Procurement Specialist,0,0.0730498440886516,0
7224,2025-01-01,2025,Marketing,Marketing Manager,0,0.11074194979926569,0
7228,2025-01-01,2025,Marketing,Marketing Executive,0,0.1545637085726758,0
7235,2025-01-01,2025,Information Technology,Data Analyst,0,0.11322198513618428,0
7236,2025-01-01,2025,Sales,Sales Executive,0,0.07055994595518167,0
7239,2025-01-01,2025,Operations,Warehouse Supervisor,0,0.03780939889466508,0
7242,2025-01-01,2025,Human Resources,HR Executive,0,0.0569565111766664,0
7244,2025-01-01,2025,Marketing,Marketing Executive,0,0.10487608507367606,0
7247,2025-01-01,2025,Human Resources,HR Manager,0,0.21722107839866014,1
7248,2025-01-01,2025,Marketing,Marketing Manager,0,0.07361905389221807,0
7252,2025-01-01,2025,Information Technology,System Administrator,0,0.0908715885748242,0
7258,2025-01-01,2025,Human Resources,HR Executive,0,0.1519739591401204,0
7259,2025-01-01,2025,Human Resources,Recruiter,0,0.08607714886110093,0
7263,2025-01-01,2025,Sales,Sales Executive,0,0.16955274900212164,1
7264,2025-01-01,2025,Marketing,Digital Marketing Specialist,0,0.0984587261129025,0
7265,2025-01-01,2025,Human Resources,Recruiter,0,0.09851314210622299,0
7268,2025-01-01,2025,Marketing,Marketing Manager,0,0.1505564174827339,0
7271,2025-01-01,2025,Information Technology,System Administrator,0,0.14260783790486603,0
7274,2025-01-01,2025,Human Resources,Recruiter,1,0.21011748099071845,1
7277,2025-01-01,2025,Sales,Account Manager,1,0.14068945151084103,0
7278,2025-01-01,2025,Information Technology,Software Engineer,0,0.11688314084377359,0
7279,2025-01-01,2025,Human Resources,HR Manager,0,0.1650050889886929,1
7283,2025-01-01,2025,Human Resources,HR Manager,0,0.09588133656948501,0
7286,2025-01-01,2025,Information Technology,Software Engineer,0,0.11183218713323063,0
7288,2025-01-01,2025,Marketing,Content Specialist,0,0.16430616101728074,1
7292,2025-01-01,2025,Operations,Procurement Specialist,1,0.07653524257344686,0
7293,2025-01-01,2025,Marketing,Content Specialist,1,0.09596056078091271,0
7294,2025-01-01,2025,Finance,Accountant,0,0.07933717244481538,0
7295,2025-01-01,2025,Information Technology,QA Engineer,1,0.26081612243155894,1
7300,2025-01-01,2025,Sales,Sales Representative,0,0.08696757263293049,0
7302,2025-01-01,2025,Information Technology,System Administrator,0,0.10185598903267741,0
7304,2025-01-01,2025,Human Resources,C&B Specialist,0,0.21792948668866227,1
7305,2025-01-01,2025,Finance,Internal Auditor,1,0.1095127676110267,0
7306,2025-01-01,2025,Human Resources,HR Executive,0,0.0727848064592559,0
7312,2025-01-01,2025,Finance,Financial Analyst,0,0.19474382297501813,1
7313,2025-01-01,2025,Marketing,Marketing Executive,0,0.15072157532362582,0
7314,2025-01-01,2025,Marketing,Content Specialist,0,0.1019393615579761,0
7315,2025-01-01,2025,Operations,Warehouse Supervisor,0,0.06814246271882553,0
7317,2025-01-01,2025,Information Technology,Data Analyst,0,0.07454125769079899,0
7320,2025-01-01,2025,Operations,Operations Manager,0,0.22864478521598713,1
7322,2025-01-01,2025,Sales,Sales Supervisor,0,0.07169204339809097,0
7323,2025-01-01,2025,Marketing,Digital Marketing Specialist,0,0.32750521014267037,1
7325,2025-01-01,2025,Marketing,Marketing Manager,0,0.18094318152414213,1
7327,2025-01-01,2025,Marketing,Marketing Executive,0,0.12179018086543464,0
7329,2025-01-01,2025,Sales,Sales Supervisor,0,0.0629062578775848,0
7332,2025-01-01,2025,Human Resources,HR Executive,0,0.15281233450979131,0
7336,2025-01-01,2025,Operations,Operations Manager,0,0.05467701853871654,0
7339,2025-01-01,2025,Sales,Sales Supervisor,0,0.1364225909895329,0
7343,2025-01-01,2025,Marketing,Marketing Manager,0,0.11336565675020403,0
7344,2025-01-01,2025,Sales,Sales Representative,0,0.17266823835674597,1
7350,2025-01-01,2025,Human Resources,Recruiter,0,0.15160476284286484,0
7354,2025-01-01,2025,Sales,Account Manager,0,0.1655023647618711,1
7355,2025-01-01,2025,Human Resources,HR Manager,0,0.08907223772732287,0
7357,2025-01-01,2025,Finance,Internal Auditor,0,0.03355827656872421,0
7358,2025-01-01,2025,Finance,Financial Analyst,0,0.083449339930233,0
7359,2025-01-01,2025,Finance,Internal Auditor,0,0.26062482346852084,1
7360,2025-01-01,2025,Marketing,Marketing Manager,0,0.03553217342771466,0
7365,2025-01-01,2025,Finance,Internal Auditor,0,0.06707665415764204,0
7368,2025-01-01,2025,Finance,Internal Auditor,0,0.07698632635402496,0
7370,2025-01-01,2025,Finance,Accountant,1,0.32257329673636265,1
7371,2025-01-01,2025,Operations,Operations Executive,0,0.09905787211297312,0
7373,2025-01-01,2025,Sales,Sales Supervisor,0,0.07047863015129996,0
7374,2025-01-01,2025,Information Technology,IT Support,1,0.222862677508449,1
7380,2025-01-01,2025,Operations,Procurement Specialist,0,0.12911374493877703,0
7382,2025-01-01,2025,Human Resources,C&B Specialist,0,0.059121245888580844,0
7384,2025-01-01,2025,Operations,Warehouse Supervisor,1,0.16466830483933675,1
7385,2025-01-01,2025,Information Technology,QA Engineer,0,0.0993867078923368,0
7389,2025-01-01,2025,Sales,Sales Supervisor,0,0.17492332189986867,1
7397,2025-01-01,2025,Sales,Sales Representative,1,0.07773785429014231,0
7400,2025-01-01,2025,Information Technology,QA Engineer,0,0.0712543610588012,0
7402,2025-01-01,2025,Operations,Procurement Specialist,0,0.2308087757297787,1
7405,2025-01-01,2025,Human Resources,Recruiter,0,0.1634696820049985,1
7409,2025-01-01,2025,Human Resources,HR Executive,0,0.19878352276747308,1
7414,2025-01-01,2025,Finance,Internal Auditor,0,0.3366159020432389,1
7420,2025-01-01,2025,Operations,Procurement Specialist,0,0.12278237039512324,0
7421,2025-01-01,2025,Finance,Financial Analyst,0,0.21095741994003034,1
7423,2025-01-01,2025,Sales,Sales Executive,0,0.10655765658062036,0
7425,2025-01-01,2025,Finance,Finance Manager,0,0.12433457822651345,0
7426,2025-01-01,2025,Finance,Accountant,0,0.03465564178510358,0
7427,2025-01-01,2025,Finance,Internal Auditor,0,0.09293801916196266,0
7428,2025-01-01,2025,Human Resources,HR Manager,0,0.06775673705819896,0
7430,2025-01-01,2025,Information Technology,System Administrator,0,0.23829060103338226,1
7431,2025-01-01,2025,Human Resources,C&B Specialist,0,0.09787048435454139,0
7434,2025-01-01,2025,Human Resources,HR Executive,1,0.1432841423101724,0
7437,2025-01-01,2025,Human Resources,HR Executive,1,0.27402655794532715,1
7446,2025-01-01,2025,Finance,Finance Manager,0,0.12526830284822638,0
7448,2025-01-01,2025,Sales,Sales Executive,0,0.1973998947090083,1
7449,2025-01-01,2025,Human Resources,Recruiter,1,0.11612582919021662,0
7451,2025-01-01,2025,Sales,Sales Supervisor,1,0.23015894530027745,1
7452,2025-01-01,2025,Sales,Sales Representative,0,0.042470800679140934,0
7454,2025-01-01,2025,Finance,Financial Analyst,0,0.2543837646854596,1
7456,2025-01-01,2025,Sales,Sales Representative,0,0.07317259139353956,0
7458,2025-01-01,2025,Finance,Accountant,0,0.05573531832266073,0
7459,2025-01-01,2025,Finance,Finance Manager,0,0.11629656901784148,0
7463,2025-01-01,2025,Finance,Finance Manager,0,0.1903854974030433,1
7464,2025-01-01,2025,Marketing,Digital Marketing Specialist,0,0.1401386160164871,0
7467,2025-01-01,2025,Operations,Procurement Specialist,0,0.04814756972373039,0
7468,2025-01-01,2025,Marketing,Marketing Manager,0,0.07592334365413528,0
7469,2025-01-01,2025,Operations,Procurement Specialist,0,0.17354503225274426,1
7470,2025-01-01,2025,Operations,Warehouse Supervisor,0,0.13478616022969325,0
7471,2025-01-01,2025,Operations,Procurement Specialist,0,0.11085683656925162,0
7473,2025-01-01,2025,Human Resources,Recruiter,1,0.21439373120979302,1
7475,2025-01-01,2025,Sales,Sales Executive,0,0.06326162930210828,0
7477,2025-01-01,2025,Sales,Sales Representative,0,0.165292229890169,1
7479,2025-01-01,2025,Information Technology,IT Support,0,0.10981089440270407,0
7481,2025-01-01,2025,Human Resources,HR Manager,0,0.24970440789356535,1
7485,2025-01-01,2025,Human Resources,C&B Specialist,0,0.1722993721441821,1
7487,2025-01-01,2025,Information Technology,QA Engineer,0,0.12308176491637918,0
7488,2025-01-01,2025,Marketing,Marketing Manager,0,0.11721770329444582,0
7491,2025-01-01,2025,Sales,Sales Supervisor,1,0.09208552568337447,0
7493,2025-01-01,2025,Marketing,Digital Marketing Specialist,0,0.16716005576439466,1
7494,2025-01-01,2025,Human Resources,C&B Specialist,0,0.1206014051232918,0
7497,2025-01-01,2025,Finance,Accountant,0,0.026805767835728023,0
7498,2025-01-01,2025,Marketing,Digital Marketing Specialist,0,0.2396400930335804,1
7499,2025-01-01,2025,Operations,Operations Executive,0,0.13833240897467275,0
7500,2025-01-01,2025,Sales,Account Manager,0,0.08436302667595366,0
7502,2025-01-01,2025,Marketing,Marketing Executive,0,0.22090841750458892,1
7504,2025-01-01,2025,Sales,Sales Representative,0,0.11073631947070495,0
7505,2025-01-01,2025,Sales,Sales Executive,0,0.1416699444429898,0
7508,2025-01-01,2025,Sales,Sales Representative,0,0.029473991989482883,0
7509,2025-01-01,2025,Human Resources,Recruiter,0,0.08607314610287724,0
7514,2025-01-01,2025,Finance,Accountant,0,0.0662336937439647,0
7517,2025-01-01,2025,Human Resources,HR Executive,0,0.07579646397943547,0
7519,2025-01-01,2025,Operations,Procurement Specialist,0,0.14448206444913397,0
7521,2025-01-01,2025,Human Resources,Recruiter,0,0.117838188603041,0
7525,2025-01-01,2025,Human Resources,HR Executive,0,0.18357565042138682,1
7526,2025-01-01,2025,Finance,Finance Manager,1,0.1826181662517924,1
7528,2025-01-01,2025,Information Technology,Software Engineer,0,0.0824294978529687,0
7532,2025-01-01,2025,Information Technology,System Administrator,0,0.2622584081695026,1
7533,2025-01-01,2025,Finance,Internal Auditor,0,0.04810679174725161,0
7535,2025-01-01,2025,Marketing,Marketing Executive,1,0.19037374165802523,1
7539,2025-01-01,2025,Operations,Warehouse Supervisor,1,0.24853189537782946,1
7540,2025-01-01,2025,Finance,Accountant,0,0.11490597632477423,0
7541,2025-01-01,2025,Marketing,Marketing Executive,1,0.10010991738703463,0
7543,2025-01-01,2025,Information Technology,QA Engineer,0,0.1286287832951232,0
7548,2025-01-01,2025,Marketing,Marketing Executive,0,0.14197681183222244,0
7549,2025-01-01,2025,Finance,Internal Auditor,0,0.16458665825828991,1
7553,2025-01-01,2025,Marketing,Digital Marketing Specialist,0,0.09331906200018363,0
7555,2025-01-01,2025,Human Resources,HR Executive,0,0.12332531049212941,0
7557,2025-01-01,2025,Finance,Finance Manager,0,0.13878399437329922,0
7559,2025-01-01,2025,Information Technology,Software Engineer,0,0.15684914129347557,0
7560,2025-01-01,2025,Operations,Operations Manager,0,0.10478629412943978,0
7562,2025-01-01,2025,Information Technology,System Administrator,0,0.32522659324224196,1
7567,2025-01-01,2025,Operations,Warehouse Supervisor,0,0.09685722899674537,0
7569,2025-01-01,2025,Human Resources,C&B Specialist,1,0.1849060967359216,1
7570,2025-01-01,2025,Sales,Sales Representative,1,0.14269419325168048,0
7571,2025-01-01,2025,Operations,Operations Executive,0,0.06086825286437631,0
7572,2025-01-01,2025,Finance,Internal Auditor,0,0.13209954846533192,0
7573,2025-01-01,2025,Operations,Operations Executive,0,0.09695531420860017,0
7574,2025-01-01,2025,Operations,Operations Executive,0,0.0987727438198599,0
7575,2025-01-01,2025,Finance,Finance Manager,1,0.1350750135273805,0
7578,2025-01-01,2025,Human Resources,C&B Specialist,0,0.15940743046023215,1
7580,2025-01-01,2025,Marketing,Marketing Manager,0,0.10994887524505653,0
7582,2025-01-01,2025,Human Resources,HR Manager,1,0.18883618790931306,1
7583,2025-01-01,2025,Human Resources,Recruiter,1,0.11053036350553846,0
7584,2025-01-01,2025,Information Technology,IT Support,0,0.05679288899311544,0
7585,2025-01-01,2025,Operations,Operations Manager,1,0.14135641578233318,0
7586,2025-01-01,2025,Operations,Operations Executive,0,0.17305057829934717,1
7587,2025-01-01,2025,Information Technology,QA Engineer,1,0.27497450194661605,1
7588,2025-01-01,2025,Information Technology,System Administrator,0,0.104737607478213,0
7592,2025-01-01,2025,Human Resources,HR Executive,0,0.08980424660345995,0
7595,2025-01-01,2025,Human Resources,C&B Specialist,0,0.06045099467203059,0
7600,2025-01-01,2025,Operations,Warehouse Supervisor,0,0.10635647540574396,0
7601,2025-01-01,2025,Marketing,Content Specialist,0,0.09583056496209151,0
7605,2025-01-01,2025,Finance,Internal Auditor,0,0.11566236512021234,0
7606,2025-01-01,2025,Finance,Internal Auditor,0,0.17453036930053525,1
7607,2025-01-01,2025,Information Technology,IT Support,0,0.11899176584560704,0
7608,2025-01-01,2025,Marketing,Marketing Executive,0,0.18011076866952092,1
7609,2025-01-01,2025,Finance,Accountant,0,0.2682325281384114,1
7611,2025-01-01,2025,Finance,Financial Analyst,0,0.06937681904469618,0
7613,2025-01-01,2025,Operations,Operations Executive,0,0.2987086686324466,1
7614,2025-01-01,2025,Operations,Warehouse Supervisor,0,0.0725113490711477,0
7617,2025-01-01,2025,Operations,Warehouse Supervisor,1,0.06632004647757977,0
7618,2025-01-01,2025,Finance,Accountant,0,0.2495017707887479,1
7619,2025-01-01,2025,Sales,Sales Executive,0,0.10931986975706705,0
7620,2025-01-01,2025,Human Resources,HR Manager,0,0.14000679896676702,0
7622,2025-01-01,2025,Human Resources,Recruiter,1,0.22988708048918866,1
7623,2025-01-01,2025,Human Resources,C&B Specialist,0,0.21446517040222382,1
7624,2025-01-01,2025,Information Technology,Data Analyst,1,0.16516380454364343,1
7627,2025-01-01,2025,Marketing,Content Specialist,0,0.07071059293254721,0
7629,2025-01-01,2025,Human Resources,HR Executive,0,0.06309120631705574,0
7631,2025-01-01,2025,Finance,Internal Auditor,1,0.21185616000871707,1
7632,2025-01-01,2025,Finance,Finance Manager,0,0.1803271107481852,1
7634,2025-01-01,2025,Marketing,Content Specialist,0,0.055514683619925495,0
7635,2025-01-01,2025,Information Technology,System Administrator,0,0.1322430742012363,0
7636,2025-01-01,2025,Finance,Internal Auditor,0,0.090992638861109,0
7641,2025-01-01,2025,Operations,Operations Executive,1,0.21415681818639123,1
7643,2025-01-01,2025,Marketing,Content Specialist,1,0.10555999780501012,0
7644,2025-01-01,2025,Information Technology,System Administrator,1,0.20167264263734125,1
7645,2025-01-01,2025,Information Technology,Data Analyst,0,0.2084995891896065,1
7654,2025-01-01,2025,Human Resources,Recruiter,0,0.10077021879440229,0
7655,2025-01-01,2025,Human Resources,HR Executive,0,0.10335327922990466,0
7659,2025-01-01,2025,Information Technology,Data Analyst,0,0.15524468519045517,0
7663,2025-01-01,2025,Finance,Financial Analyst,0,0.29778606241360545,1
7665,2025-01-01,2025,Information Technology,Data Analyst,0,0.17802011949913607,1
7667,2025-01-01,2025,Information Technology,IT Support,0,0.08221230900682046,0
7668,2025-01-01,2025,Sales,Sales Supervisor,0,0.15251437232454557,0
7671,2025-01-01,2025,Finance,Financial Analyst,0,0.07026624250354643,0
7672,2025-01-01,2025,Human Resources,C&B Specialist,0,0.1987848171876712,1
7673,2025-01-01,2025,Operations,Operations Manager,1,0.1554808139097413,0
7674,2025-01-01,2025,Sales,Sales Representative,0,0.05565843909830283,0
7675,2025-01-01,2025,Marketing,Content Specialist,0,0.1293200571933473,0
7684,2025-01-01,2025,Human Resources,C&B Specialist,0,0.12356735304755,0
7685,2025-01-01,2025,Sales,Account Manager,0,0.15931952473036284,1
7688,2025-01-01,2025,Human Resources,C&B Specialist,1,0.16649613174571049,1
7690,2025-01-01,2025,Finance,Financial Analyst,0,0.08903479662764693,0
7695,2025-01-01,2025,Finance,Accountant,0,0.1328475657115327,0
7696,2025-01-01,2025,Marketing,Marketing Manager,0,0.0572271657934784,0
7697,2025-01-01,2025,Operations,Warehouse Supervisor,0,0.36081351577069287,1
7700,2025-01-01,2025,Human Resources,C&B Specialist,0,0.044829746540475175,0
7704,2025-01-01,2025,Information Technology,QA Engineer,0,0.24330016461050544,1
7708,2025-01-01,2025,Human Resources,Recruiter,0,0.09545444015266782,0
7709,2025-01-01,2025,Information Technology,Software Engineer,0,0.14023959915590126,0
7710,2025-01-01,2025,Information Technology,Software Engineer,0,0.2729691699187665,1
7711,2025-01-01,2025,Information Technology,IT Support,0,0.08104203086729762,0
7712,2025-01-01,2025,Human Resources,C&B Specialist,0,0.08298941236717383,0
7715,2025-01-01,2025,Finance,Internal Auditor,0,0.04454296401787384,0
7716,2025-01-01,2025,Marketing,Marketing Executive,0,0.039759880302372465,0
7730,2025-01-01,2025,Finance,Internal Auditor,0,0.03529176532181351,0
7731,2025-01-01,2025,Human Resources,C&B Specialist,0,0.10898964164886374,0
7733,2025-01-01,2025,Sales,Sales Executive,0,0.054053046175750255,0
7735,2025-01-01,2025,Finance,Finance Manager,0,0.1652585204532689,1
7737,2025-01-01,2025,Sales,Account Manager,0,0.1469561797471246,0
7738,2025-01-01,2025,Human Resources,Recruiter,0,0.20655307820355212,1
7739,2025-01-01,2025,Marketing,Marketing Manager,0,0.18561777771855606,1
7741,2025-01-01,2025,Human Resources,Recruiter,0,0.11561697006830302,0
7742,2025-01-01,2025,Human Resources,HR Manager,0,0.0350227596909799,0
7743,2025-01-01,2025,Human Resources,HR Executive,0,0.02237249956881497,0
7745,2025-01-01,2025,Information Technology,Software Engineer,0,0.1067073054067877,0
7746,2025-01-01,2025,Information Technology,QA Engineer,1,0.13430778683707972,0
7748,2025-01-01,2025,Human Resources,Recruiter,1,0.10847361411210342,0
7749,2025-01-01,2025,Marketing,Content Specialist,1,0.20856397315031336,1
7750,2025-01-01,2025,Sales,Sales Supervisor,0,0.1410509264526602,0
7752,2025-01-01,2025,Sales,Account Manager,0,0.07194964741581694,0
7754,2025-01-01,2025,Information Technology,Data Analyst,0,0.18249507792871295,1
7755,2025-01-01,2025,Marketing,Content Specialist,0,0.12157399562625837,0
7757,2025-01-01,2025,Sales,Sales Supervisor,0,0.15909881082174238,1
7767,2025-01-01,2025,Marketing,Marketing Manager,0,0.1004062597539128,0
7772,2025-01-01,2025,Sales,Account Manager,0,0.13721987819062714,0
7775,2025-01-01,2025,Sales,Sales Representative,0,0.16345228122409672,1
7776,2025-01-01,2025,Finance,Accountant,0,0.09641754842121751,0
7777,2025-01-01,2025,Information Technology,Data Analyst,0,0.07922151623791915,0
7780,2025-01-01,2025,Information Technology,IT Support,0,0.11556427201257992,0
7783,2025-01-01,2025,Information Technology,Software Engineer,0,0.10823285398284854,0
7785,2025-01-01,2025,Finance,Financial Analyst,1,0.24480086387339492,1
7787,2025-01-01,2025,Information Technology,QA Engineer,0,0.11762079537680167,0
7791,2025-01-01,2025,Operations,Procurement Specialist,0,0.1339929420178169,0
7792,2025-01-01,2025,Information Technology,Data Analyst,0,0.16442460865899877,1
7793,2025-01-01,2025,Sales,Sales Executive,0,0.20540498466780333,1
7796,2025-01-01,2025,Information Technology,Data Analyst,0,0.13258513344898923,0
7797,2025-01-01,2025,Marketing,Content Specialist,0,0.07120197269654163,0
7798,2025-01-01,2025,Finance,Financial Analyst,0,0.08402074442955905,0
7804,2025-01-01,2025,Finance,Finance Manager,0,0.1688598522319199,1
7805,2025-01-01,2025,Information Technology,QA Engineer,1,0.10222822263786721,0
7809,2025-01-01,2025,Operations,Operations Executive,0,0.10270243394167765,0
7813,2025-01-01,2025,Information Technology,System Administrator,1,0.12974593863961897,0
7816,2025-01-01,2025,Information Technology,QA Engineer,0,0.0495426926636954,0
7817,2025-01-01,2025,Marketing,Marketing Executive,0,0.20452525776978658,1
7824,2025-01-01,2025,Finance,Accountant,0,0.02722443460377843,0
7828,2025-01-01,2025,Finance,Internal Auditor,0,0.2563277167455446,1
7831,2025-01-01,2025,Human Resources,C&B Specialist,0,0.11564519665378623,0
7834,2025-01-01,2025,Operations,Operations Manager,1,0.11297206494169436,0
7836,2025-01-01,2025,Information Technology,QA Engineer,0,0.16638687981271993,1
7837,2025-01-01,2025,Finance,Accountant,0,0.1291128675894768,0
7840,2025-01-01,2025,Marketing,Content Specialist,0,0.1571307782880063,0
7842,2025-01-01,2025,Finance,Internal Auditor,0,0.1415620945036269,0
7845,2025-01-01,2025,Marketing,Content Specialist,0,0.11759684811152304,0
7847,2025-01-01,2025,Sales,Sales Executive,1,0.1351202703559852,0
7850,2025-01-01,2025,Human Resources,Recruiter,0,0.12483671252469102,0
7852,2025-01-01,2025,Human Resources,HR Executive,0,0.15694724672768975,0
7854,2025-01-01,2025,Marketing,Content Specialist,0,0.10588593471009532,0
7856,2025-01-01,2025,Operations,Procurement Specialist,0,0.11608082373169908,0
7857,2025-01-01,2025,Sales,Sales Executive,1,0.3590571177620127,1
7858,2025-01-01,2025,Finance,Financial Analyst,0,0.10084369928873463,0
7861,2025-01-01,2025,Human Resources,HR Executive,1,0.10668145895114979,0
7862,2025-01-01,2025,Finance,Accountant,0,0.13240012605562804,0
7867,2025-01-01,2025,Operations,Warehouse Supervisor,0,0.10802221610438119,0
7868,2025-01-01,2025,Finance,Internal Auditor,1,0.11451144713185146,0
7869,2025-01-01,2025,Information Technology,System Administrator,1,0.19791953029876178,1
7871,2025-01-01,2025,Information Technology,Software Engineer,0,0.17664091277325716,1
7872,2025-01-01,2025,Sales,Sales Representative,0,0.16370953494678334,1
7873,2025-01-01,2025,Finance,Accountant,0,0.3129491458128362,1
7874,2025-01-01,2025,Human Resources,HR Executive,0,0.21684031291718728,1
7876,2025-01-01,2025,Human Resources,C&B Specialist,0,0.049544246496642436,0
7878,2025-01-01,2025,Operations,Operations Executive,1,0.16201835731488137,1
7879,2025-01-01,2025,Finance,Financial Analyst,0,0.17224355576540798,1
7882,2025-01-01,2025,Sales,Sales Supervisor,0,0.05548504846307988,0
7885,2025-01-01,2025,Sales,Account Manager,0,0.08536249638691967,0
7886,2025-01-01,2025,Operations,Operations Executive,0,0.23089642410325553,1
7890,2025-01-01,2025,Sales,Sales Supervisor,1,0.14184665252904669,0
7898,2025-01-01,2025,Human Resources,C&B Specialist,0,0.07678154658060095,0
7899,2025-01-01,2025,Information Technology,QA Engineer,1,0.23467359509005434,1
7900,2025-01-01,2025,Human Resources,C&B Specialist,0,0.10140040843591866,0
7901,2025-01-01,2025,Marketing,Marketing Executive,0,0.2598599442549878,1
7907,2025-01-01,2025,Marketing,Marketing Manager,0,0.2037937947255909,1
7908,2025-01-01,2025,Sales,Sales Representative,1,0.09339650363698986,0
7912,2025-01-01,2025,Sales,Sales Representative,0,0.2735249709234617,1
7913,2025-01-01,2025,Information Technology,Data Analyst,0,0.1499422703699181,0
7914,2025-01-01,2025,Sales,Sales Representative,0,0.06433380145655263,0
7915,2025-01-01,2025,Finance,Financial Analyst,0,0.1903170139070561,1
7916,2025-01-01,2025,Sales,Sales Representative,0,0.08482756707464952,0
7918,2025-01-01,2025,Information Technology,QA Engineer,0,0.15414806008717846,0
7919,2025-01-01,2025,Operations,Warehouse Supervisor,0,0.1543094361683509,0
7920,2025-01-01,2025,Operations,Warehouse Supervisor,0,0.13899498751547537,0
7923,2025-01-01,2025,Information Technology,IT Support,0,0.1250930369781708,0
7924,2025-01-01,2025,Finance,Accountant,1,0.1403508856380936,0
7925,2025-01-01,2025,Sales,Sales Supervisor,0,0.10881851423719291,0
7927,2025-01-01,2025,Operations,Operations Manager,0,0.06344799163090675,0
7929,2025-01-01,2025,Sales,Sales Representative,0,0.07611434213333541,0
7931,2025-01-01,2025,Finance,Finance Manager,0,0.11582743147786724,0
7933,2025-01-01,2025,Information Technology,Software Engineer,0,0.04832074150731336,0
7939,2025-01-01,2025,Marketing,Marketing Manager,0,0.1584570714654795,1
7944,2025-01-01,2025,Human Resources,C&B Specialist,1,0.22865633587089562,1
7945,2025-01-01,2025,Human Resources,C&B Specialist,0,0.10045529629319523,0
7947,2025-01-01,2025,Marketing,Content Specialist,0,0.053966077467551575,0
7948,2025-01-01,2025,Marketing,Marketing Executive,0,0.15881523036969622,1
7953,2025-01-01,2025,Human Resources,Recruiter,0,0.06454196429723216,0
7954,2025-01-01,2025,Human Resources,HR Executive,0,0.22229380619921985,1
7956,2025-01-01,2025,Finance,Internal Auditor,0,0.3055370848006087,1
7958,2025-01-01,2025,Finance,Finance Manager,0,0.05950812169216463,0
7960,2025-01-01,2025,Operations,Warehouse Supervisor,0,0.11803179764661115,0
7961,2025-01-01,2025,Human Resources,Recruiter,0,0.21271934832593895,1
7963,2025-01-01,2025,Finance,Accountant,0,0.12632745047594457,0
7964,2025-01-01,2025,Operations,Warehouse Supervisor,1,0.2991239719158794,1
7967,2025-01-01,2025,Information Technology,Data Analyst,1,0.27882485190808315,1
7969,2025-01-01,2025,Operations,Warehouse Supervisor,1,0.2244639153721145,1
7970,2025-01-01,2025,Human Resources,HR Manager,1,0.04742024143791891,0
7974,2025-01-01,2025,Finance,Accountant,0,0.17131080435497442,1
7975,2025-01-01,2025,Human Resources,HR Manager,0,0.08841881270144661,0
7977,2025-01-01,2025,Operations,Operations Manager,1,0.23628534058428727,1
7978,2025-01-01,2025,Information Technology,Data Analyst,0,0.23642218067631937,1
7980,2025-01-01,2025,Information Technology,QA Engineer,0,0.2094206358700113,1
7984,2025-01-01,2025,Human Resources,C&B Specialist,1,0.23222432986367236,1
7988,2025-01-01,2025,Sales,Account Manager,0,0.14590444409742248,0
7990,2025-01-01,2025,Operations,Procurement Specialist,0,0.18765918747394308,1
7991,2025-01-01,2025,Information Technology,IT Support,1,0.1215771255930221,0
7994,2025-01-01,2025,Human Resources,HR Manager,0,0.1872547929300221,1
7995,2025-01-01,2025,Finance,Accountant,0,0.04667182729514001,0
7997,2025-01-01,2025,Marketing,Content Specialist,0,0.03907102989406347,0
7999,2025-01-01,2025,Sales,Sales Executive,0,0.2542679096810588,1
8000,2025-01-01,2025,Finance,Finance Manager,0,0.32993634400884797,1
8004,2025-01-01,2025,Operations,Procurement Specialist,0,0.11578493241553996,0
8007,2025-01-01,2025,Sales,Sales Executive,0,0.02828930764659583,0
8008,2025-01-01,2025,Sales,Sales Executive,0,0.21096013621766424,1
8009,2025-01-01,2025,Sales,Sales Executive,1,0.19896906400250358,1
8011,2025-01-01,2025,Sales,Sales Representative,0,0.1368704783105736,0
8013,2025-01-01,2025,Sales,Sales Executive,0,0.11458132476299136,0
8015,2025-01-01,2025,Human Resources,Recruiter,0,0.09506135323907908,0
8017,2025-01-01,2025,Sales,Sales Executive,0,0.0867546883767127,0
8019,2025-01-01,2025,Operations,Operations Manager,1,0.3726954255783457,1
8020,2025-01-01,2025,Operations,Warehouse Supervisor,0,0.11889108622234723,0
8026,2025-01-01,2025,Sales,Sales Executive,0,0.155964117454773,0
8028,2025-01-01,2025,Human Resources,Recruiter,0,0.3272312550989872,1
8029,2025-01-01,2025,Information Technology,IT Support,0,0.08810968037690933,0
8032,2025-01-01,2025,Sales,Sales Supervisor,0,0.15769006985475506,1
8033,2025-01-01,2025,Information Technology,System Administrator,1,0.11203661632875722,0
8037,2025-01-01,2025,Human Resources,HR Executive,0,0.17223945262051285,1
8038,2025-01-01,2025,Information Technology,QA Engineer,0,0.2872091363197422,1
8047,2025-01-01,2025,Marketing,Marketing Manager,0,0.06466679574932255,0
8048,2025-01-01,2025,Finance,Finance Manager,0,0.04655255366423768,0
8052,2025-01-01,2025,Operations,Procurement Specialist,0,0.20001913040458363,1
8059,2025-01-01,2025,Sales,Sales Executive,0,0.09930194408995323,0
8060,2025-01-01,2025,Human Resources,Recruiter,0,0.11716935656654233,0
8062,2025-01-01,2025,Operations,Operations Executive,0,0.05443078025899924,0
8065,2025-01-01,2025,Operations,Operations Manager,0,0.175886493947595,1
8067,2025-01-01,2025,Human Resources,HR Executive,0,0.22719331628254794,1
8069,2025-01-01,2025,Sales,Sales Executive,0,0.08726193040800485,0
8073,2025-01-01,2025,Human Resources,C&B Specialist,0,0.06887391712622884,0
8074,2025-01-01,2025,Operations,Warehouse Supervisor,1,0.24754377025623173,1
8077,2025-01-01,2025,Operations,Warehouse Supervisor,0,0.10604711969638152,0
8079,2025-01-01,2025,Sales,Account Manager,0,0.12322967843770904,0
8081,2025-01-01,2025,Sales,Account Manager,0,0.06314415058565825,0
8082,2025-01-01,2025,Information Technology,Data Analyst,0,0.1194132812942238,0
8089,2025-01-01,2025,Finance,Internal Auditor,0,0.37973336899313603,1
8093,2025-01-01,2025,Human Resources,Recruiter,0,0.0539640574832308,0
8094,2025-01-01,2025,Information Technology,QA Engineer,0,0.1364191170574103,0
8096,2025-01-01,2025,Operations,Operations Manager,0,0.09571407018214688,0
8098,2025-01-01,2025,Information Technology,IT Support,0,0.10658791152056936,0
8101,2025-01-01,2025,Information Technology,Software Engineer,0,0.1261088888981547,0
8104,2025-01-01,2025,Operations,Operations Executive,0,0.1223070591902348,0
8105,2025-01-01,2025,Finance,Accountant,0,0.12271166481152918,0
8107,2025-01-01,2025,Marketing,Marketing Manager,0,0.10745438137356858,0
8109,2025-01-01,2025,Information Technology,Data Analyst,0,0.24406683860699643,1
8110,2025-01-01,2025,Operations,Operations Executive,1,0.08518216354912687,0
8113,2025-01-01,2025,Information Technology,System Administrator,1,0.16469860462936492,1
8116,2025-01-01,2025,Human Resources,HR Manager,0,0.12870230816178432,0
8117,2025-01-01,2025,Operations,Operations Manager,0,0.16361564554815464,1
8119,2025-01-01,2025,Marketing,Content Specialist,0,0.062094862329521536,0
8121,2025-01-01,2025,Finance,Accountant,0,0.1442717451156375,0
8123,2025-01-01,2025,Finance,Internal Auditor,0,0.06398612017416994,0
8125,2025-01-01,2025,Human Resources,HR Manager,0,0.16637097057557101,1
8126,2025-01-01,2025,Information Technology,Data Analyst,0,0.11065484596005,0
8129,2025-01-01,2025,Marketing,Marketing Manager,0,0.09546122999057699,0
8130,2025-01-01,2025,Human Resources,HR Executive,0,0.15145171933154802,0
8131,2025-01-01,2025,Sales,Sales Supervisor,0,0.0650773441431477,0
8136,2025-01-01,2025,Sales,Sales Supervisor,0,0.06826577528732639,0
8138,2025-01-01,2025,Marketing,Marketing Executive,0,0.2649679926498144,1
8139,2025-01-01,2025,Operations,Warehouse Supervisor,0,0.1141175210839745,0
8141,2025-01-01,2025,Finance,Accountant,0,0.039452161323079896,0
8147,2025-01-01,2025,Human Resources,Recruiter,1,0.16488185071179995,1
8149,2025-01-01,2025,Marketing,Marketing Manager,1,0.2599070085573868,1
8151,2025-01-01,2025,Information Technology,Software Engineer,0,0.0771604699606239,0
8155,2025-01-01,2025,Human Resources,C&B Specialist,0,0.199319917433806,1
8158,2025-01-01,2025,Finance,Financial Analyst,0,0.09219713160574333,0
8159,2025-01-01,2025,Information Technology,Software Engineer,0,0.20111852996328972,1
8160,2025-01-01,2025,Information Technology,System Administrator,1,0.10749659102889919,0
8163,2025-01-01,2025,Finance,Financial Analyst,1,0.1617355495236115,1
8165,2025-01-01,2025,Sales,Sales Supervisor,0,0.17125260070144385,1
8167,2025-01-01,2025,Marketing,Digital Marketing Specialist,0,0.14637449239416148,0
8170,2025-01-01,2025,Human Resources,HR Executive,0,0.09111148000220363,0
8171,2025-01-01,2025,Information Technology,Software Engineer,0,0.09265293760450978,0
8172,2025-01-01,2025,Human Resources,C&B Specialist,0,0.05007681832562966,0
8173,2025-01-01,2025,Sales,Sales Executive,0,0.11545730074833299,0
8178,2025-01-01,2025,Operations,Operations Executive,0,0.10983544962792186,0
8179,2025-01-01,2025,Sales,Sales Executive,1,0.12182532453604163,0
8180,2025-01-01,2025,Information Technology,IT Support,0,0.21163954160819648,1
8181,2025-01-01,2025,Information Technology,QA Engineer,1,0.18158208131601156,1
8183,2025-01-01,2025,Sales,Sales Supervisor,1,0.09815957666777968,0
8185,2025-01-01,2025,Sales,Sales Representative,0,0.12984185338408788,0
8187,2025-01-01,2025,Marketing,Content Specialist,0,0.2550419840112359,1
8188,2025-01-01,2025,Sales,Sales Executive,1,0.20859750092066498,1
8189,2025-01-01,2025,Human Resources,C&B Specialist,0,0.08059846705044761,0
8191,2025-01-01,2025,Sales,Sales Executive,0,0.09030354119427902,0
8192,2025-01-01,2025,Finance,Finance Manager,0,0.11630991502549866,0
8194,2025-01-01,2025,Sales,Sales Supervisor,0,0.08960644733244644,0
8198,2025-01-01,2025,Information Technology,Software Engineer,0,0.09083722646044268,0
8199,2025-01-01,2025,Information Technology,Data Analyst,0,0.11491782117152605,0
8206,2025-01-01,2025,Sales,Sales Executive,0,0.14530686789784256,0
8207,2025-01-01,2025,Human Resources,HR Executive,0,0.16867912828168272,1
8209,2025-01-01,2025,Human Resources,C&B Specialist,0,0.06063440569237855,0
8211,2025-01-01,2025,Sales,Sales Representative,0,0.15962953899280147,1
8214,2025-01-01,2025,Finance,Accountant,0,0.0562242454129188,0
8220,2025-01-01,2025,Human Resources,C&B Specialist,0,0.09072628585456129,0
8224,2025-01-01,2025,Information Technology,Data Analyst,0,0.13373006860618528,0
8228,2025-01-01,2025,Finance,Financial Analyst,0,0.06038917003478323,0
8235,2025-01-01,2025,Sales,Sales Executive,0,0.10303385927438916,0
8237,2025-01-01,2025,Sales,Sales Representative,0,0.10718131302064993,0
8239,2025-01-01,2025,Sales,Sales Executive,0,0.19138950097761184,1
8240,2025-01-01,2025,Marketing,Marketing Manager,0,0.06784476557200758,0
8241,2025-01-01,2025,Marketing,Content Specialist,0,0.20543008837521567,1
8242,2025-01-01,2025,Information Technology,Software Engineer,0,0.07770358734389249,0
8243,2025-01-01,2025,Information Technology,IT Support,0,0.11928846640357962,0
8249,2025-01-01,2025,Sales,Sales Representative,0,0.2977615206211728,1
8250,2025-01-01,2025,Operations,Operations Manager,0,0.17614832346436393,1
8259,2025-01-01,2025,Information Technology,QA Engineer,0,0.10949254707818831,0
8263,2025-01-01,2025,Sales,Sales Executive,0,0.09735873279678271,0
8264,2025-01-01,2025,Sales,Account Manager,0,0.09106920994227242,0
8268,2025-01-01,2025,Human Resources,C&B Specialist,0,0.06298698425709962,0
8271,2025-01-01,2025,Human Resources,Recruiter,0,0.16442556036893985,1
8272,2025-01-01,2025,Sales,Account Manager,0,0.1818907651146203,1
8273,2025-01-01,2025,Marketing,Marketing Executive,0,0.08905493110023621,0
8280,2025-01-01,2025,Finance,Financial Analyst,0,0.1327184122595091,0
8281,2025-01-01,2025,Marketing,Digital Marketing Specialist,0,0.09071358561829518,0
8282,2025-01-01,2025,Information Technology,Software Engineer,0,0.12413131109864392,0
8284,2025-01-01,2025,Human Resources,HR Manager,0,0.10252590189838194,0
8285,2025-01-01,2025,Information Technology,IT Support,0,0.05831587054041811,0
8286,2025-01-01,2025,Finance,Finance Manager,0,0.08888293364233511,0
8287,2025-01-01,2025,Finance,Accountant,0,0.09536840549752695,0
8288,2025-01-01,2025,Operations,Procurement Specialist,0,0.05094008563607046,0
8290,2025-01-01,2025,Finance,Finance Manager,0,0.2460809871548038,1
8292,2025-01-01,2025,Human Resources,HR Executive,0,0.09881967330310584,0
8295,2025-01-01,2025,Human Resources,C&B Specialist,1,0.1845656819817161,1
8300,2025-01-01,2025,Marketing,Digital Marketing Specialist,0,0.15042944798112762,0
8308,2025-01-01,2025,Information Technology,System Administrator,0,0.10528276840691071,0
8310,2025-01-01,2025,Finance,Finance Manager,0,0.10745570775497913,0
8314,2025-01-01,2025,Sales,Sales Representative,1,0.2137897958123462,1
8319,2025-01-01,2025,Information Technology,Software Engineer,0,0.1402654615306922,0
8321,2025-01-01,2025,Sales,Sales Representative,0,0.18681826249569183,1
8323,2025-01-01,2025,Human Resources,HR Manager,0,0.1120781601977648,0
8324,2025-01-01,2025,Sales,Sales Supervisor,1,0.24617295187770868,1
8328,2025-01-01,2025,Marketing,Marketing Manager,0,0.31794026819154025,1
8331,2025-01-01,2025,Sales,Sales Representative,0,0.18226613197580321,1
8333,2025-01-01,2025,Operations,Procurement Specialist,0,0.31660945609743074,1
8334,2025-01-01,2025,Operations,Procurement Specialist,1,0.21957886051015044,1
8335,2025-01-01,2025,Information Technology,Data Analyst,0,0.06588930696716845,0
8338,2025-01-01,2025,Operations,Operations Executive,0,0.07516870388168495,0
8346,2025-01-01,2025,Information Technology,Software Engineer,0,0.11891261265843343,0
8347,2025-01-01,2025,Operations,Operations Manager,0,0.09286646174139863,0
8348,2025-01-01,2025,Sales,Sales Supervisor,0,0.26821632788985955,1
8352,2025-01-01,2025,Marketing,Digital Marketing Specialist,0,0.13092254193246342,0
8354,2025-01-01,2025,Information Technology,Software Engineer,0,0.14890030615781086,0
8355,2025-01-01,2025,Marketing,Marketing Manager,0,0.01810386552542661,0
8358,2025-01-01,2025,Operations,Operations Manager,1,0.1539567598375376,0
8360,2025-01-01,2025,Sales,Sales Representative,0,0.09217317880150945,0
8361,2025-01-01,2025,Marketing,Content Specialist,0,0.158030795509102,1
8363,2025-01-01,2025,Human Resources,HR Manager,0,0.06737299660022822,0
8365,2025-01-01,2025,Finance,Finance Manager,0,0.10524515792052504,0
8367,2025-01-01,2025,Sales,Sales Executive,0,0.05709816344807315,0
8368,2025-01-01,2025,Operations,Procurement Specialist,0,0.0492320375555003,0
8370,2025-01-01,2025,Marketing,Digital Marketing Specialist,0,0.07455275252609207,0
8372,2025-01-01,2025,Sales,Sales Supervisor,0,0.4433577277668548,1
8373,2025-01-01,2025,Human Resources,Recruiter,0,0.20352803578561318,1
8385,2025-01-01,2025,Marketing,Marketing Manager,0,0.060710288826887754,0
8387,2025-01-01,2025,Human Resources,HR Executive,0,0.11606452115753155,0
8388,2025-01-01,2025,Finance,Finance Manager,0,0.10385271694862185,0
8389,2025-01-01,2025,Sales,Sales Supervisor,1,0.35112018344441653,1
8391,2025-01-01,2025,Finance,Internal Auditor,0,0.12123821261328478,0
8392,2025-01-01,2025,Operations,Operations Manager,0,0.1893576225794827,1
8393,2025-01-01,2025,Human Resources,C&B Specialist,0,0.08042026060395639,0
8396,2025-01-01,2025,Marketing,Marketing Executive,0,0.04647077273661259,0
8397,2025-01-01,2025,Operations,Operations Executive,0,0.20658398734619138,1
8399,2025-01-01,2025,Human Resources,HR Executive,0,0.08450274025243967,0
8407,2025-01-01,2025,Marketing,Content Specialist,0,0.08733634208703855,0
8408,2025-01-01,2025,Marketing,Marketing Executive,1,0.07906396301750336,0
8413,2025-01-01,2025,Marketing,Digital Marketing Specialist,0,0.12232766330481187,0
8414,2025-01-01,2025,Sales,Sales Executive,1,0.11020201688182639,0
8415,2025-01-01,2025,Information Technology,System Administrator,0,0.22857087996755665,1
8416,2025-01-01,2025,Marketing,Marketing Manager,0,0.15179870382931626,0
8418,2025-01-01,2025,Finance,Accountant,0,0.06837114643431981,0
8419,2025-01-01,2025,Finance,Internal Auditor,0,0.06877773386116341,0
8420,2025-01-01,2025,Operations,Warehouse Supervisor,0,0.07452073190815031,0
8423,2025-01-01,2025,Information Technology,IT Support,1,0.14533337119612322,0
8426,2025-01-01,2025,Human Resources,Recruiter,0,0.21833108044885122,1
8427,2025-01-01,2025,Operations,Warehouse Supervisor,0,0.09736153477706926,0
8429,2025-01-01,2025,Marketing,Marketing Executive,0,0.2222702137099994,1
8430,2025-01-01,2025,Marketing,Content Specialist,0,0.13833780723291336,0
8431,2025-01-01,2025,Marketing,Marketing Manager,0,0.21535159536203333,1
8436,2025-01-01,2025,Human Resources,Recruiter,0,0.18326423943515258,1
8438,2025-01-01,2025,Sales,Sales Executive,0,0.04897588802589743,0
8442,2025-01-01,2025,Sales,Sales Executive,0,0.06805772405642477,0
8443,2025-01-01,2025,Information Technology,IT Support,0,0.10928330245358907,0
8444,2025-01-01,2025,Marketing,Marketing Executive,0,0.28443514166489053,1
8446,2025-01-01,2025,Human Resources,HR Executive,0,0.22615340268008824,1
8447,2025-01-01,2025,Marketing,Digital Marketing Specialist,1,0.1507520779937166,0
8450,2025-01-01,2025,Marketing,Content Specialist,0,0.15718625585677024,0
8457,2025-01-01,2025,Marketing,Marketing Executive,1,0.21862630883239056,1
8460,2025-01-01,2025,Sales,Sales Supervisor,0,0.1688783379700545,1
8461,2025-01-01,2025,Marketing,Marketing Executive,0,0.11734117657966169,0
8463,2025-01-01,2025,Information Technology,Software Engineer,0,0.0871482308239608,0
8466,2025-01-01,2025,Operations,Operations Manager,0,0.21637901812272792,1
8467,2025-01-01,2025,Operations,Operations Manager,0,0.30652238936024223,1
8470,2025-01-01,2025,Human Resources,Recruiter,0,0.1221615090903505,0
8472,2025-01-01,2025,Marketing,Marketing Executive,0,0.11795902539805556,0
8473,2025-01-01,2025,Marketing,Content Specialist,0,0.07346398725903017,0
8474,2025-01-01,2025,Operations,Operations Executive,0,0.1424032083082825,0
8480,2025-01-01,2025,Operations,Procurement Specialist,0,0.06078278565589591,0
8481,2025-01-01,2025,Sales,Sales Executive,0,0.11096426780430119,0
8483,2025-01-01,2025,Human Resources,C&B Specialist,0,0.10314019626194501,0
8488,2025-01-01,2025,Marketing,Marketing Manager,1,0.27560419492004945,1
8490,2025-01-01,2025,Operations,Procurement Specialist,1,0.12004342256270886,0
8494,2025-01-01,2025,Operations,Procurement Specialist,0,0.29988471684033124,1
8495,2025-01-01,2025,Marketing,Content Specialist,0,0.1904030582186447,1
8498,2025-01-01,2025,Finance,Accountant,0,0.13738845451862006,0
8499,2025-01-01,2025,Marketing,Marketing Manager,0,0.0675605315031059,0
8500,2025-01-01,2025,Operations,Operations Manager,0,0.23569344922988605,1
8501,2025-01-01,2025,Human Resources,Recruiter,0,0.1982854732270516,1
8506,2025-01-01,2025,Operations,Operations Executive,0,0.09427527245131787,0
8508,2025-01-01,2025,Marketing,Content Specialist,1,0.1634791691158068,1
8509,2025-01-01,2025,Human Resources,HR Manager,0,0.11573276139723182,0
8511,2025-01-01,2025,Information Technology,Software Engineer,0,0.20607439626874707,1
8512,2025-01-01,2025,Information Technology,QA Engineer,1,0.18449564119792847,1
8514,2025-01-01,2025,Operations,Procurement Specialist,0,0.06323769714045437,0
8515,2025-01-01,2025,Sales,Sales Executive,0,0.16552671608938233,1
8516,2025-01-01,2025,Human Resources,HR Executive,0,0.12449164543278685,0
8517,2025-01-01,2025,Operations,Operations Manager,1,0.22529680476287461,1
8518,2025-01-01,2025,Human Resources,HR Executive,0,0.12090778293099566,0
8519,2025-01-01,2025,Finance,Financial Analyst,0,0.08946027461712529,0
8520,2025-01-01,2025,Operations,Operations Manager,1,0.15165031804867854,0
8523,2025-01-01,2025,Sales,Sales Representative,0,0.16272012142779882,1
8524,2025-01-01,2025,Marketing,Marketing Manager,0,0.09170386192674967,0
8526,2025-01-01,2025,Marketing,Marketing Manager,0,0.061690556507526716,0
8528,2025-01-01,2025,Sales,Sales Supervisor,0,0.08790995638699468,0
8533,2025-01-01,2025,Finance,Financial Analyst,0,0.10878037127563459,0
8535,2025-01-01,2025,Sales,Account Manager,0,0.17637279829874292,1
8541,2025-01-01,2025,Operations,Operations Manager,1,0.1701426304274668,1
8543,2025-01-01,2025,Sales,Sales Representative,0,0.18847651929194725,1
8546,2025-01-01,2025,Finance,Internal Auditor,0,0.12229200004207645,0
8547,2025-01-01,2025,Sales,Sales Representative,0,0.14140213310131491,0
8551,2025-01-01,2025,Operations,Operations Executive,0,0.13742277699944164,0
8553,2025-01-01,2025,Finance,Finance Manager,0,0.06895404709865452,0
8554,2025-01-01,2025,Finance,Accountant,0,0.056508640488985185,0
8555,2025-01-01,2025,Operations,Warehouse Supervisor,0,0.08790422289106252,0
8556,2025-01-01,2025,Finance,Accountant,0,0.10955932126178991,0
8557,2025-01-01,2025,Marketing,Content Specialist,1,0.14944750551243652,0
8558,2025-01-01,2025,Sales,Sales Supervisor,0,0.10759615354785511,0
8561,2025-01-01,2025,Information Technology,QA Engineer,0,0.17045849521743278,1
8562,2025-01-01,2025,Human Resources,C&B Specialist,0,0.08832217326300282,0
8563,2025-01-01,2025,Finance,Finance Manager,0,0.06550456560904723,0
8567,2025-01-01,2025,Information Technology,QA Engineer,0,0.21516384553338555,1
8568,2025-01-01,2025,Sales,Account Manager,0,0.12111878912674433,0
8573,2025-01-01,2025,Operations,Warehouse Supervisor,0,0.14816214599903654,0
8579,2025-01-01,2025,Sales,Sales Executive,1,0.09407387891141247,0
8583,2025-01-01,2025,Human Resources,HR Executive,0,0.20825776696146123,1
8584,2025-01-01,2025,Marketing,Digital Marketing Specialist,0,0.0291875702171611,0
8587,2025-01-01,2025,Finance,Internal Auditor,0,0.1297494705867557,0
8592,2025-01-01,2025,Human Resources,Recruiter,0,0.11796900485568514,0
8593,2025-01-01,2025,Human Resources,Recruiter,0,0.09350731684752499,0
8600,2025-01-01,2025,Finance,Internal Auditor,0,0.05706683726854509,0
8603,2025-01-01,2025,Information Technology,System Administrator,0,0.1994439678624501,1
8609,2025-01-01,2025,Finance,Finance Manager,0,0.1743990380901841,1
8613,2025-01-01,2025,Finance,Accountant,0,0.24638715101518982,1
8614,2025-01-01,2025,Operations,Operations Executive,0,0.09780098744027967,0
8620,2025-01-01,2025,Finance,Internal Auditor,0,0.06279614160205406,0
8625,2025-01-01,2025,Marketing,Content Specialist,0,0.1380479109709578,0
8626,2025-01-01,2025,Marketing,Content Specialist,0,0.11285535155407525,0
8627,2025-01-01,2025,Marketing,Content Specialist,0,0.06992002096301357,0
8631,2025-01-01,2025,Human Resources,Recruiter,0,0.14263355917945159,0
8633,2025-01-01,2025,Marketing,Digital Marketing Specialist,0,0.11428376929319152,0
8634,2025-01-01,2025,Information Technology,IT Support,0,0.07789791317977439,0
8635,2025-01-01,2025,Marketing,Marketing Executive,0,0.07373318088789203,0
8636,2025-01-01,2025,Marketing,Digital Marketing Specialist,0,0.07997094394924087,0
8637,2025-01-01,2025,Sales,Account Manager,0,0.198704663026202,1
8638,2025-01-01,2025,Operations,Operations Executive,0,0.12251323687926992,0
8639,2025-01-01,2025,Marketing,Content Specialist,0,0.09629556953585633,0
8645,2025-01-01,2025,Sales,Sales Supervisor,0,0.12073026451577415,0
8647,2025-01-01,2025,Marketing,Marketing Executive,0,0.11269087664628535,0
8648,2025-01-01,2025,Human Resources,C&B Specialist,0,0.0869097857845603,0
8650,2025-01-01,2025,Information Technology,Data Analyst,0,0.1201876449541145,0
8651,2025-01-01,2025,Marketing,Marketing Executive,0,0.07566215958899487,0
8657,2025-01-01,2025,Sales,Sales Representative,0,0.10961245223608834,0
8658,2025-01-01,2025,Sales,Sales Supervisor,0,0.0749021076996212,0
8659,2025-01-01,2025,Finance,Financial Analyst,0,0.1342605458281937,0
8660,2025-01-01,2025,Operations,Procurement Specialist,0,0.07688312667144226,0
8662,2025-01-01,2025,Sales,Sales Supervisor,0,0.0835927941942165,0
8665,2025-01-01,2025,Finance,Internal Auditor,0,0.17222760334611356,1
8667,2025-01-01,2025,Human Resources,HR Manager,1,0.16092209366865756,1
8671,2025-01-01,2025,Sales,Sales Representative,0,0.028422209105549982,0
8672,2025-01-01,2025,Sales,Sales Executive,0,0.04667758192755713,0
8678,2025-01-01,2025,Finance,Financial Analyst,0,0.0976466011745695,0
8684,2025-01-01,2025,Finance,Internal Auditor,0,0.09073363090108078,0
8685,2025-01-01,2025,Marketing,Marketing Manager,0,0.05788195841001075,0
8686,2025-01-01,2025,Information Technology,IT Support,0,0.0934578532889804,0
8688,2025-01-01,2025,Operations,Operations Executive,1,0.273564731052988,1
8693,2025-01-01,2025,Information Technology,Data Analyst,1,0.1293822920884467,0
8695,2025-01-01,2025,Finance,Internal Auditor,1,0.23981769323025168,1
8696,2025-01-01,2025,Finance,Finance Manager,0,0.0467695579466047,0
8697,2025-01-01,2025,Sales,Account Manager,0,0.186528544659054,1
8698,2025-01-01,2025,Marketing,Marketing Manager,0,0.02966570639665886,0
8699,2025-01-01,2025,Information Technology,IT Support,0,0.050784341493187925,0
8700,2025-01-01,2025,Sales,Account Manager,1,0.1531670205563506,0
8703,2025-01-01,2025,Operations,Operations Manager,0,0.10404384185752177,0
8705,2025-01-01,2025,Information Technology,Software Engineer,0,0.18632494221998291,1
8706,2025-01-01,2025,Finance,Financial Analyst,0,0.1438424065298175,0
8708,2025-01-01,2025,Information Technology,Data Analyst,0,0.2259077904657077,1
8709,2025-01-01,2025,Marketing,Digital Marketing Specialist,0,0.06058831266926731,0
8717,2025-01-01,2025,Information Technology,System Administrator,1,0.23115507957094458,1
8718,2025-01-01,2025,Operations,Warehouse Supervisor,0,0.09072047992517772,0
8719,2025-01-01,2025,Sales,Sales Representative,0,0.08581157642412371,0
8720,2025-01-01,2025,Information Technology,QA Engineer,1,0.1788638845171375,1
8721,2025-01-01,2025,Sales,Sales Executive,1,0.11656096931986368,0
8725,2025-01-01,2025,Finance,Financial Analyst,0,0.16531758926913293,1
8731,2025-01-01,2025,Human Resources,HR Executive,0,0.13211929616156362,0
8734,2025-01-01,2025,Marketing,Content Specialist,0,0.10985701865830336,0
8739,2025-01-01,2025,Operations,Operations Manager,0,0.06198461396400079,0
8741,2025-01-01,2025,Sales,Account Manager,0,0.08430917267142035,0
8743,2025-01-01,2025,Information Technology,System Administrator,0,0.08974759786109046,0
8754,2025-01-01,2025,Finance,Accountant,0,0.07578489356849079,0
8758,2025-01-01,2025,Human Resources,Recruiter,0,0.12143864552391391,0
8759,2025-01-01,2025,Operations,Operations Executive,0,0.04795425411573929,0
8760,2025-01-01,2025,Human Resources,Recruiter,0,0.0828804435141999,0
8763,2025-01-01,2025,Marketing,Marketing Manager,0,0.056082348023289263,0
8766,2025-01-01,2025,Human Resources,C&B Specialist,0,0.13408428296753436,0
8768,2025-01-01,2025,Human Resources,HR Manager,0,0.12179989913280645,0
8769,2025-01-01,2025,Operations,Operations Manager,0,0.10816985012111205,0
8771,2025-01-01,2025,Sales,Sales Representative,0,0.13782426662433678,0
8774,2025-01-01,2025,Sales,Sales Supervisor,0,0.11924680005630343,0
8775,2025-01-01,2025,Operations,Warehouse Supervisor,0,0.2277280226431596,1
8776,2025-01-01,2025,Marketing,Marketing Executive,0,0.2797944949672555,1
8777,2025-01-01,2025,Information Technology,Data Analyst,1,0.11617848668321669,0
8778,2025-01-01,2025,Sales,Sales Supervisor,1,0.17342269208514577,1
8779,2025-01-01,2025,Human Resources,HR Executive,0,0.08025228114787755,0
8780,2025-01-01,2025,Information Technology,QA Engineer,0,0.18972771787872428,1
8781,2025-01-01,2025,Human Resources,C&B Specialist,0,0.11185675741474742,0
8782,2025-01-01,2025,Human Resources,HR Executive,0,0.13426045395621103,0
8783,2025-01-01,2025,Sales,Sales Representative,0,0.05350461126704998,0
8784,2025-01-01,2025,Operations,Procurement Specialist,0,0.07234673733255163,0
8786,2025-01-01,2025,Marketing,Digital Marketing Specialist,0,0.06470399947176346,0
8787,2025-01-01,2025,Human Resources,HR Manager,0,0.2611242956345637,1
8789,2025-01-01,2025,Finance,Accountant,0,0.11054896900813373,0
8790,2025-01-01,2025,Finance,Financial Analyst,0,0.1593822920145065,1
8792,2025-01-01,2025,Information Technology,Software Engineer,0,0.052224074499111296,0
8796,2025-01-01,2025,Human Resources,C&B Specialist,0,0.2234150687424172,1
8798,2025-01-01,2025,Marketing,Marketing Executive,0,0.1558053978184843,0
8801,2025-01-01,2025,Information Technology,QA Engineer,1,0.15167570468762137,0
8803,2025-01-01,2025,Sales,Account Manager,0,0.06457349052581302,0
8811,2025-01-01,2025,Information Technology,System Administrator,0,0.09928469435496586,0
8813,2025-01-01,2025,Human Resources,C&B Specialist,0,0.20620590079446485,1
8818,2025-01-01,2025,Information Technology,QA Engineer,0,0.09396821006413426,0
8820,2025-01-01,2025,Operations,Warehouse Supervisor,0,0.20666032368317735,1
8821,2025-01-01,2025,Operations,Operations Executive,0,0.3622482541674657,1
8822,2025-01-01,2025,Finance,Internal Auditor,0,0.18689225806909746,1
8823,2025-01-01,2025,Information Technology,Data Analyst,0,0.05948566760616761,0
8824,2025-01-01,2025,Operations,Warehouse Supervisor,0,0.12071304740396467,0
8825,2025-01-01,2025,Information Technology,Software Engineer,0,0.13379794106613466,0
8827,2025-01-01,2025,Sales,Sales Supervisor,0,0.16459987335046922,1
8828,2025-01-01,2025,Operations,Procurement Specialist,1,0.38508313883655,1
8829,2025-01-01,2025,Information Technology,System Administrator,0,0.20653340676316922,1
8831,2025-01-01,2025,Finance,Finance Manager,0,0.1626842797110663,1
8838,2025-01-01,2025,Human Resources,Recruiter,0,0.13145135515107093,0
8841,2025-01-01,2025,Information Technology,System Administrator,0,0.12256640666895283,0
8843,2025-01-01,2025,Sales,Sales Supervisor,0,0.09582786454590837,0
8845,2025-01-01,2025,Operations,Operations Manager,0,0.20389200249181297,1
8848,2025-01-01,2025,Information Technology,QA Engineer,0,0.24890656143850248,1
8850,2025-01-01,2025,Sales,Sales Executive,0,0.15245328545391976,0
8854,2025-01-01,2025,Sales,Sales Executive,0,0.19998257043097067,1
8856,2025-01-01,2025,Human Resources,HR Manager,0,0.08896400411747855,0
8857,2025-01-01,2025,Finance,Financial Analyst,0,0.25680348708947687,1
8858,2025-01-01,2025,Sales,Sales Supervisor,0,0.2119975505762299,1
8860,2025-01-01,2025,Sales,Account Manager,0,0.2671811709858643,1
8864,2025-01-01,2025,Marketing,Digital Marketing Specialist,0,0.14159438382503053,0
8866,2025-01-01,2025,Information Technology,Data Analyst,0,0.11377359101768023,0
8868,2025-01-01,2025,Information Technology,Software Engineer,0,0.1896185245259354,1
8873,2025-01-01,2025,Operations,Warehouse Supervisor,0,0.2377219781398308,1
8874,2025-01-01,2025,Information Technology,Data Analyst,0,0.09923626283708545,0
8875,2025-01-01,2025,Marketing,Marketing Manager,0,0.1099130661998848,0
8877,2025-01-01,2025,Information Technology,System Administrator,0,0.26721305457150324,1
8878,2025-01-01,2025,Information Technology,Data Analyst,0,0.08632377590931856,0
8882,2025-01-01,2025,Human Resources,Recruiter,0,0.1690026062828948,1
8883,2025-01-01,2025,Finance,Finance Manager,1,0.16800647119966877,1
8887,2025-01-01,2025,Sales,Sales Supervisor,0,0.14685279346188682,0
8890,2025-01-01,2025,Information Technology,Software Engineer,0,0.1551229019481818,0
8893,2025-01-01,2025,Finance,Finance Manager,0,0.32191800267746573,1
8899,2025-01-01,2025,Marketing,Digital Marketing Specialist,0,0.14142430022338473,0
8900,2025-01-01,2025,Human Resources,HR Executive,0,0.07683869827598738,0
8907,2025-01-01,2025,Operations,Warehouse Supervisor,0,0.1775594045921842,1
8910,2025-01-01,2025,Finance,Internal Auditor,0,0.08275491798304839,0
8911,2025-01-01,2025,Operations,Operations Executive,0,0.11340146881973334,0
8912,2025-01-01,2025,Operations,Operations Manager,0,0.17893885272769255,1
8914,2025-01-01,2025,Sales,Sales Representative,0,0.10389182701800499,0
8915,2025-01-01,2025,Sales,Account Manager,0,0.20329160855909825,1
8916,2025-01-01,2025,Finance,Financial Analyst,0,0.0995962612625364,0
8917,2025-01-01,2025,Sales,Sales Executive,0,0.11126596252426063,0
8920,2025-01-01,2025,Marketing,Content Specialist,0,0.14754471797724325,0
8922,2025-01-01,2025,Marketing,Content Specialist,0,0.08356288182247554,0
8923,2025-01-01,2025,Human Resources,Recruiter,0,0.08048549538494057,0
8927,2025-01-01,2025,Finance,Internal Auditor,0,0.15363145721929264,0
8928,2025-01-01,2025,Sales,Account Manager,0,0.12595482151679288,0
8929,2025-01-01,2025,Human Resources,HR Executive,0,0.1546400809380401,0
8934,2025-01-01,2025,Marketing,Content Specialist,0,0.1577986101249723,1
8938,2025-01-01,2025,Marketing,Content Specialist,0,0.13892887923539243,0
8939,2025-01-01,2025,Human Resources,HR Executive,0,0.14467149945088276,0
8944,2025-01-01,2025,Marketing,Content Specialist,0,0.06595935601516523,0
8945,2025-01-01,2025,Human Resources,HR Manager,0,0.19849261683331762,1
8947,2025-01-01,2025,Operations,Warehouse Supervisor,0,0.14222871545612756,0
8948,2025-01-01,2025,Information Technology,Software Engineer,1,0.11248476806132099,0
8949,2025-01-01,2025,Marketing,Content Specialist,0,0.12778070223607604,0
8952,2025-01-01,2025,Human Resources,HR Manager,0,0.07598921895061325,0
8953,2025-01-01,2025,Operations,Operations Manager,0,0.42343572567730015,1
8954,2025-01-01,2025,Sales,Sales Supervisor,0,0.06881434058073731,0
8957,2025-01-01,2025,Information Technology,Software Engineer,0,0.08623199091695126,0
8959,2025-01-01,2025,Human Resources,C&B Specialist,0,0.12206191189177572,0
8960,2025-01-01,2025,Information Technology,Data Analyst,0,0.08933469830642773,0
8962,2025-01-01,2025,Sales,Sales Supervisor,1,0.07621211901980691,0
8964,2025-01-01,2025,Sales,Account Manager,0,0.19966359396388084,1
8965,2025-01-01,2025,Sales,Account Manager,0,0.13455110988617705,0
8967,2025-01-01,2025,Sales,Sales Representative,0,0.11665989697562394,0
8975,2025-01-01,2025,Human Resources,HR Executive,0,0.1235206748843097,0
8978,2025-01-01,2025,Operations,Operations Manager,0,0.15871241950694603,1
8980,2025-01-01,2025,Marketing,Marketing Executive,0,0.1770734320983643,1
8981,2025-01-01,2025,Human Resources,HR Manager,0,0.0905498188044394,0
8982,2025-01-01,2025,Information Technology,System Administrator,0,0.19414224005839978,1
8983,2025-01-01,2025,Finance,Internal Auditor,0,0.04769789620142693,0
8984,2025-01-01,2025,Operations,Operations Executive,0,0.12963289534893818,0
8985,2025-01-01,2025,Operations,Operations Executive,0,0.1566020962270096,0
8986,2025-01-01,2025,Human Resources,HR Manager,1,0.08203751089012472,0
8990,2025-01-01,2025,Marketing,Marketing Executive,0,0.06080375268499901,0
8991,2025-01-01,2025,Marketing,Marketing Manager,0,0.11480151769829858,0
8992,2025-01-01,2025,Marketing,Content Specialist,0,0.1731985381116165,1
8993,2025-01-01,2025,Marketing,Content Specialist,0,0.17470298500781728,1
8995,2025-01-01,2025,Finance,Financial Analyst,0,0.15950634634771546,1
8997,2025-01-01,2025,Marketing,Marketing Executive,0,0.08870161879333843,0
8998,2025-01-01,2025,Sales,Account Manager,0,0.028492600602537155,0
9001,2025-01-01,2025,Sales,Sales Supervisor,0,0.053174001643546374,0
9004,2025-01-01,2025,Finance,Accountant,0,0.22024850045070238,1
9005,2025-01-01,2025,Information Technology,Software Engineer,0,0.11480200962411155,0
9007,2025-01-01,2025,Finance,Financial Analyst,0,0.07784314595512026,0
9009,2025-01-01,2025,Information Technology,Data Analyst,0,0.08739132258841113,0
9016,2025-01-01,2025,Sales,Account Manager,0,0.2652662162828686,1
9017,2025-01-01,2025,Information Technology,Software Engineer,0,0.02935091010077095,0
9018,2025-01-01,2025,Sales,Account Manager,0,0.1365954786486263,0
9020,2025-01-01,2025,Operations,Operations Executive,0,0.15952307444923133,1
9023,2025-01-01,2025,Sales,Sales Supervisor,0,0.23174577912192315,1
9025,2025-01-01,2025,Operations,Operations Executive,0,0.07527524307763665,0
9026,2025-01-01,2025,Finance,Finance Manager,0,0.12126350743452331,0
9032,2025-01-01,2025,Information Technology,QA Engineer,1,0.0763776151995969,0
9033,2025-01-01,2025,Finance,Internal Auditor,0,0.12112231629145918,0
9034,2025-01-01,2025,Human Resources,HR Executive,0,0.1464388001371634,0
9036,2025-01-01,2025,Information Technology,IT Support,0,0.13142846704552752,0
9037,2025-01-01,2025,Finance,Finance Manager,0,0.24469912890858114,1
9040,2025-01-01,2025,Finance,Financial Analyst,0,0.08777462867376946,0
9043,2025-01-01,2025,Marketing,Content Specialist,0,0.18951928515364436,1
9045,2025-01-01,2025,Finance,Financial Analyst,0,0.14587925598130103,0
9047,2025-01-01,2025,Marketing,Digital Marketing Specialist,0,0.1015416011464574,0
9050,2025-01-01,2025,Human Resources,HR Manager,1,0.1417583391458218,0
9053,2025-01-01,2025,Finance,Finance Manager,0,0.11922631427775894,0
9054,2025-01-01,2025,Human Resources,C&B Specialist,0,0.43271827707292293,1
9055,2025-01-01,2025,Marketing,Content Specialist,1,0.2256560013818877,1
9059,2025-01-01,2025,Marketing,Marketing Manager,0,0.07769880142002823,0
9060,2025-01-01,2025,Operations,Procurement Specialist,0,0.23317232388546363,1
9062,2025-01-01,2025,Marketing,Marketing Manager,0,0.1571401035996885,0
9065,2025-01-01,2025,Information Technology,Data Analyst,0,0.11846803774177596,0
9072,2025-01-01,2025,Information Technology,Software Engineer,0,0.06321375308203099,0
9076,2025-01-01,2025,Marketing,Content Specialist,0,0.0652578189583562,0
9077,2025-01-01,2025,Operations,Procurement Specialist,0,0.1160643591236969,0
9080,2025-01-01,2025,Information Technology,System Administrator,0,0.1685102469813993,1
9082,2025-01-01,2025,Operations,Operations Manager,0,0.2508682026880388,1
9084,2025-01-01,2025,Operations,Procurement Specialist,1,0.379159618792496,1
9094,2025-01-01,2025,Human Resources,C&B Specialist,0,0.18848004461001344,1
9095,2025-01-01,2025,Finance,Financial Analyst,1,0.06766593470847372,0
9100,2025-01-01,2025,Sales,Sales Executive,0,0.09064323698020563,0
9103,2025-01-01,2025,Information Technology,Software Engineer,0,0.1560108339937203,0
9105,2025-01-01,2025,Human Resources,HR Manager,0,0.049537723253611735,0
9107,2025-01-01,2025,Marketing,Digital Marketing Specialist,0,0.06227262977076611,0
9111,2025-01-01,2025,Information Technology,IT Support,0,0.14034578096126935,0
9113,2025-01-01,2025,Marketing,Digital Marketing Specialist,0,0.293933654706036,1
9114,2025-01-01,2025,Information Technology,Software Engineer,0,0.1343170001771082,0
9115,2025-01-01,2025,Sales,Account Manager,0,0.10080765127784999,0
9116,2025-01-01,2025,Sales,Account Manager,0,0.15764916379502483,1
9117,2025-01-01,2025,Sales,Sales Supervisor,0,0.12792873633941199,0
9128,2025-01-01,2025,Operations,Warehouse Supervisor,0,0.16280102996897491,1
9132,2025-01-01,2025,Finance,Accountant,0,0.22532401926861392,1
9133,2025-01-01,2025,Finance,Finance Manager,1,0.10267054940477655,0
9134,2025-01-01,2025,Sales,Sales Executive,0,0.1432640954347329,0
9135,2025-01-01,2025,Operations,Procurement Specialist,0,0.08041120886112393,0
9139,2025-01-01,2025,Information Technology,Software Engineer,0,0.1087528852232433,0
9143,2025-01-01,2025,Sales,Account Manager,0,0.12149022744051505,0
9144,2025-01-01,2025,Sales,Sales Supervisor,1,0.23818098894587336,1
9146,2025-01-01,2025,Finance,Accountant,0,0.1761160799773333,1
9148,2025-01-01,2025,Operations,Operations Manager,0,0.11663754431104764,0
9149,2025-01-01,2025,Operations,Operations Executive,0,0.1296277029296828,0
9150,2025-01-01,2025,Finance,Internal Auditor,0,0.15248135000732277,0
9152,2025-01-01,2025,Information Technology,Data Analyst,0,0.22487238445039381,1
9153,2025-01-01,2025,Finance,Accountant,0,0.1621123441390162,1
9155,2025-01-01,2025,Finance,Accountant,0,0.04840888509189355,0
9156,2025-01-01,2025,Operations,Operations Manager,0,0.15477389871484373,0
9158,2025-01-01,2025,Sales,Sales Supervisor,0,0.020909747554218597,0
9165,2025-01-01,2025,Information Technology,Software Engineer,0,0.08616016223661632,0
9170,2025-01-01,2025,Information Technology,Data Analyst,0,0.1912504997376543,1
9171,2025-01-01,2025,Information Technology,System Administrator,0,0.09530268644413664,0
9172,2025-01-01,2025,Operations,Operations Executive,0,0.20529320762092348,1
9173,2025-01-01,2025,Human Resources,HR Manager,0,0.14822360444880903,0
9174,2025-01-01,2025,Marketing,Content Specialist,0,0.08240588976335642,0
9176,2025-01-01,2025,Operations,Procurement Specialist,0,0.2058159949867762,1
9177,2025-01-01,2025,Operations,Operations Executive,0,0.23771875670461978,1
9179,2025-01-01,2025,Marketing,Digital Marketing Specialist,0,0.05711312550489498,0
9180,2025-01-01,2025,Human Resources,Recruiter,0,0.11360347006767214,0
9184,2025-01-01,2025,Information Technology,IT Support,0,0.11927372125973636,0
9185,2025-01-01,2025,Information Technology,System Administrator,0,0.14252584428183787,0
9191,2025-01-01,2025,Finance,Internal Auditor,0,0.09068098440624286,0
9193,2025-01-01,2025,Marketing,Marketing Executive,0,0.06549767279546531,0
9194,2025-01-01,2025,Information Technology,System Administrator,1,0.3165655229025009,1
9201,2025-01-01,2025,Sales,Sales Supervisor,0,0.14575669954687365,0
9205,2025-01-01,2025,Human Resources,C&B Specialist,1,0.06727004594477942,0
9206,2025-01-01,2025,Information Technology,QA Engineer,0,0.10227653433602477,0
9208,2025-01-01,2025,Human Resources,HR Executive,0,0.07556577002333925,0
9209,2025-01-01,2025,Finance,Financial Analyst,0,0.08827065342357814,0
9210,2025-01-01,2025,Marketing,Marketing Executive,0,0.08151855603371064,0
9215,2025-01-01,2025,Sales,Sales Representative,0,0.08738021231872245,0
9217,2025-01-01,2025,Marketing,Marketing Manager,0,0.07561011528470186,0
9218,2025-01-01,2025,Finance,Financial Analyst,0,0.056741471283962064,0
9219,2025-01-01,2025,Information Technology,Data Analyst,0,0.17695412270405836,1
9221,2025-01-01,2025,Information Technology,Data Analyst,0,0.07667733717825802,0
9223,2025-01-01,2025,Human Resources,HR Manager,0,0.3321924741104847,1
9227,2025-01-01,2025,Sales,Sales Supervisor,0,0.05338522993616833,0
9228,2025-01-01,2025,Operations,Warehouse Supervisor,0,0.0831232270299641,0
9229,2025-01-01,2025,Finance,Finance Manager,0,0.15662178308105332,0
9231,2025-01-01,2025,Human Resources,C&B Specialist,0,0.2673263135387504,1
9233,2025-01-01,2025,Sales,Sales Executive,0,0.2015344019403117,1
9234,2025-01-01,2025,Marketing,Marketing Manager,0,0.04825873155690019,0
9236,2025-01-01,2025,Operations,Warehouse Supervisor,0,0.16464516381751776,1
9237,2025-01-01,2025,Sales,Sales Representative,0,0.09648684846227013,0
9239,2025-01-01,2025,Human Resources,C&B Specialist,0,0.19067861527603647,1
9240,2025-01-01,2025,Sales,Sales Supervisor,0,0.22329417253883083,1
9241,2025-01-01,2025,Marketing,Digital Marketing Specialist,0,0.17204983327065415,1
9244,2025-01-01,2025,Finance,Finance Manager,0,0.10518205029471282,0
9249,2025-01-01,2025,Marketing,Content Specialist,0,0.06704728999817736,0
9250,2025-01-01,2025,Finance,Financial Analyst,0,0.10290462446965888,0
9254,2025-01-01,2025,Operations,Operations Manager,0,0.13569153931870387,0
9255,2025-01-01,2025,Operations,Warehouse Supervisor,0,0.0841875228048704,0
9257,2025-01-01,2025,Operations,Procurement Specialist,0,0.2231539621785637,1
9259,2025-01-01,2025,Operations,Operations Executive,0,0.14406686293875237,0
9260,2025-01-01,2025,Operations,Operations Executive,0,0.09601178124488853,0
9266,2025-01-01,2025,Sales,Sales Supervisor,1,0.19626311402336552,1
9267,2025-01-01,2025,Marketing,Content Specialist,0,0.14625253326883342,0
9269,2025-01-01,2025,Human Resources,Recruiter,1,0.3053606597836011,1
9273,2025-01-01,2025,Human Resources,Recruiter,1,0.26345881525858744,1
9277,2025-01-01,2025,Finance,Internal Auditor,0,0.18402291033306295,1
9281,2025-01-01,2025,Marketing,Marketing Executive,0,0.06805141387777303,0
9283,2025-01-01,2025,Sales,Account Manager,0,0.08485857799771261,0
9285,2025-01-01,2025,Marketing,Marketing Executive,0,0.08014643164137196,0
9290,2025-01-01,2025,Human Resources,HR Manager,0,0.14657416478762955,0
9291,2025-01-01,2025,Marketing,Marketing Manager,1,0.1973572570298105,1
9292,2025-01-01,2025,Sales,Account Manager,0,0.1741823497624484,1
9293,2025-01-01,2025,Human Resources,HR Executive,0,0.06865862540068701,0
9302,2025-01-01,2025,Sales,Sales Executive,1,0.2090635850517934,1
9303,2025-01-01,2025,Information Technology,IT Support,0,0.11006893365315394,0
9307,2025-01-01,2025,Finance,Finance Manager,0,0.1736819874159331,1
9311,2025-01-01,2025,Marketing,Digital Marketing Specialist,0,0.11372929198057,0
9315,2025-01-01,2025,Marketing,Content Specialist,0,0.09688377918482498,0
9316,2025-01-01,2025,Operations,Procurement Specialist,0,0.07836792979954486,0
9322,2025-01-01,2025,Operations,Procurement Specialist,0,0.037921470716388614,0
9323,2025-01-01,2025,Marketing,Digital Marketing Specialist,0,0.06973251697381957,0
9324,2025-01-01,2025,Information Technology,System Administrator,0,0.13954515872058196,0
9325,2025-01-01,2025,Marketing,Marketing Executive,0,0.048399807481273135,0
9326,2025-01-01,2025,Human Resources,Recruiter,0,0.11368505284594342,0
9327,2025-01-01,2025,Operations,Procurement Specialist,0,0.17943654418934066,1
9328,2025-01-01,2025,Sales,Sales Supervisor,1,0.10470142638807103,0
9329,2025-01-01,2025,Operations,Procurement Specialist,1,0.18735797768458134,1
9331,2025-01-01,2025,Information Technology,IT Support,0,0.03749583268765739,0
9333,2025-01-01,2025,Information Technology,QA Engineer,0,0.06638959066735503,0
9338,2025-01-01,2025,Operations,Procurement Specialist,0,0.17423971516414635,1
9340,2025-01-01,2025,Human Resources,HR Manager,0,0.06700781376965598,0
9341,2025-01-01,2025,Operations,Operations Executive,0,0.11627868662009018,0
9342,2025-01-01,2025,Information Technology,Software Engineer,0,0.037649090577021024,0
9346,2025-01-01,2025,Marketing,Marketing Executive,0,0.0708238871431353,0
9347,2025-01-01,2025,Finance,Accountant,0,0.096943588518061,0
9350,2025-01-01,2025,Finance,Internal Auditor,0,0.16168350005876575,1
9352,2025-01-01,2025,Sales,Sales Executive,1,0.22213214905482342,1
9355,2025-01-01,2025,Sales,Account Manager,0,0.10874236064873974,0
9356,2025-01-01,2025,Information Technology,Data Analyst,0,0.04714359259200877,0
9357,2025-01-01,2025,Information Technology,Software Engineer,0,0.1033611903497901,0
9359,2025-01-01,2025,Marketing,Marketing Executive,0,0.06102554492363776,0
9360,2025-01-01,2025,Operations,Operations Executive,0,0.1380784553262115,0
9361,2025-01-01,2025,Operations,Warehouse Supervisor,0,0.1114198457928592,0
9363,2025-01-01,2025,Information Technology,Software Engineer,0,0.3044164783670529,1
9364,2025-01-01,2025,Finance,Financial Analyst,0,0.14798130331564402,0
9366,2025-01-01,2025,Human Resources,HR Manager,1,0.27747865519625836,1
9367,2025-01-01,2025,Operations,Procurement Specialist,0,0.11759269044553895,0
9368,2025-01-01,2025,Information Technology,System Administrator,0,0.1099288860789958,0
9369,2025-01-01,2025,Finance,Accountant,0,0.15014319913762916,0
9373,2025-01-01,2025,Marketing,Marketing Executive,0,0.08762307028384825,0
9381,2025-01-01,2025,Marketing,Digital Marketing Specialist,0,0.172380372030184,1
9383,2025-01-01,2025,Human Resources,Recruiter,0,0.1397495456948852,0
9387,2025-01-01,2025,Marketing,Marketing Manager,0,0.06809779571352256,0
9389,2025-01-01,2025,Operations,Warehouse Supervisor,0,0.06734368598818961,0
9391,2025-01-01,2025,Information Technology,QA Engineer,0,0.12904907785080408,0
9394,2025-01-01,2025,Finance,Financial Analyst,0,0.12880033786084427,0
9395,2025-01-01,2025,Operations,Warehouse Supervisor,1,0.29750745614865065,1
9396,2025-01-01,2025,Information Technology,Data Analyst,0,0.07660129344595776,0
9398,2025-01-01,2025,Operations,Operations Manager,0,0.23550365933379902,1
9400,2025-01-01,2025,Marketing,Marketing Executive,0,0.10110941145889335,0
9403,2025-01-01,2025,Marketing,Marketing Executive,1,0.36911482683456337,1
9404,2025-01-01,2025,Human Resources,HR Manager,0,0.17849238786829127,1
9406,2025-01-01,2025,Human Resources,Recruiter,1,0.08123585949553246,0
9408,2025-01-01,2025,Sales,Sales Executive,0,0.13510067646949991,0
9409,2025-01-01,2025,Information Technology,Data Analyst,0,0.17507865541413573,1
9412,2025-01-01,2025,Information Technology,Data Analyst,1,0.1252486536853627,0
9413,2025-01-01,2025,Human Resources,HR Executive,0,0.34160952550274837,1
9414,2025-01-01,2025,Marketing,Content Specialist,0,0.030428509695869597,0
9415,2025-01-01,2025,Finance,Internal Auditor,1,0.20396461207711858,1
9416,2025-01-01,2025,Marketing,Content Specialist,1,0.2165804244540486,1
9418,2025-01-01,2025,Finance,Finance Manager,0,0.19783229773897457,1
9422,2025-01-01,2025,Information Technology,IT Support,1,0.2718724082016421,1
9423,2025-01-01,2025,Human Resources,HR Manager,0,0.1438280888998118,0
9424,2025-01-01,2025,Marketing,Marketing Manager,0,0.24731662649826341,1
9425,2025-01-01,2025,Operations,Operations Executive,0,0.11948945302474885,0
9426,2025-01-01,2025,Sales,Sales Representative,0,0.05971755432939454,0
9428,2025-01-01,2025,Human Resources,Recruiter,0,0.10231176761263591,0
9430,2025-01-01,2025,Operations,Procurement Specialist,0,0.03651736308873031,0
9431,2025-01-01,2025,Operations,Operations Manager,0,0.15180016225198634,0
9432,2025-01-01,2025,Information Technology,QA Engineer,0,0.07638196746715854,0
9434,2025-01-01,2025,Sales,Sales Supervisor,0,0.2409804606353403,1
9437,2025-01-01,2025,Marketing,Marketing Executive,0,0.12526634485833718,0
9441,2025-01-01,2025,Finance,Financial Analyst,0,0.1115190767023943,0
9442,2025-01-01,2025,Sales,Account Manager,0,0.20392751845599968,1
9443,2025-01-01,2025,Information Technology,Data Analyst,0,0.20780117692095373,1
9445,2025-01-01,2025,Sales,Sales Executive,0,0.11014330377978793,0
9446,2025-01-01,2025,Information Technology,Data Analyst,0,0.033638506072568866,0
9449,2025-01-01,2025,Information Technology,QA Engineer,0,0.1478688496127643,0
9450,2025-01-01,2025,Marketing,Digital Marketing Specialist,0,0.20686175684468347,1
9452,2025-01-01,2025,Sales,Sales Representative,0,0.12615633124855982,0
9453,2025-01-01,2025,Operations,Operations Manager,0,0.09310676797569499,0
9455,2025-01-01,2025,Finance,Internal Auditor,0,0.09006712198460008,0
9456,2025-01-01,2025,Sales,Account Manager,1,0.2755824363158806,1
9463,2025-01-01,2025,Sales,Sales Representative,0,0.12984921067532795,0
9464,2025-01-01,2025,Operations,Procurement Specialist,0,0.09051906894693788,0
9465,2025-01-01,2025,Operations,Warehouse Supervisor,0,0.11009441839305424,0
9466,2025-01-01,2025,Sales,Account Manager,0,0.08462544137003662,0
9468,2025-01-01,2025,Sales,Account Manager,0,0.19276957114126864,1
9469,2025-01-01,2025,Marketing,Content Specialist,0,0.1676927864623805,1
9470,2025-01-01,2025,Finance,Internal Auditor,0,0.18962313909813922,1
9471,2025-01-01,2025,Operations,Operations Manager,0,0.08601175524132924,0
9472,2025-01-01,2025,Human Resources,Recruiter,0,0.07942966106758476,0
9473,2025-01-01,2025,Human Resources,C&B Specialist,1,0.14617598331219708,0
9474,2025-01-01,2025,Human Resources,HR Executive,0,0.14546503127602475,0
9477,2025-01-01,2025,Information Technology,Data Analyst,0,0.12088215120827035,0
9478,2025-01-01,2025,Marketing,Content Specialist,1,0.18430833459918308,1
9480,2025-01-01,2025,Operations,Operations Manager,0,0.12766899502148213,0
9481,2025-01-01,2025,Information Technology,Data Analyst,0,0.13676966847768016,0
9482,2025-01-01,2025,Sales,Account Manager,0,0.3521741815854689,1
9483,2025-01-01,2025,Operations,Operations Manager,0,0.053729294389771705,0
9484,2025-01-01,2025,Operations,Operations Manager,0,0.07973112549122036,0
9485,2025-01-01,2025,Human Resources,HR Manager,1,0.11076429000875239,0
9493,2025-01-01,2025,Sales,Sales Representative,1,0.10370213441625752,0
9496,2025-01-01,2025,Sales,Sales Representative,0,0.18443542013842057,1
9497,2025-01-01,2025,Finance,Finance Manager,0,0.057307777789001764,0
9498,2025-01-01,2025,Information Technology,System Administrator,0,0.29189964232585824,1
9501,2025-01-01,2025,Information Technology,QA Engineer,0,0.0981101726599057,0
9502,2025-01-01,2025,Finance,Internal Auditor,0,0.15867367889738748,1
9503,2025-01-01,2025,Information Technology,Data Analyst,0,0.1105676145964469,0
9504,2025-01-01,2025,Information Technology,QA Engineer,0,0.14567359614152042,0
9505,2025-01-01,2025,Human Resources,HR Manager,0,0.10598336843608334,0
9507,2025-01-01,2025,Operations,Operations Executive,0,0.06524743195566823,0
9510,2025-01-01,2025,Marketing,Marketing Manager,0,0.07458181742635223,0
9512,2025-01-01,2025,Sales,Sales Representative,0,0.07544702141754257,0
9513,2025-01-01,2025,Human Resources,Recruiter,0,0.10883243321423951,0
9515,2025-01-01,2025,Sales,Sales Executive,0,0.06687270092034929,0
9516,2025-01-01,2025,Sales,Account Manager,0,0.12465709483385191,0
9519,2025-01-01,2025,Marketing,Content Specialist,0,0.05241454204058839,0
9521,2025-01-01,2025,Finance,Finance Manager,0,0.11218232070897101,0
9522,2025-01-01,2025,Operations,Operations Executive,0,0.10780018758863899,0
9523,2025-01-01,2025,Human Resources,C&B Specialist,0,0.032486764914429575,0
9524,2025-01-01,2025,Marketing,Marketing Manager,1,0.3087634276341398,1
9527,2025-01-01,2025,Operations,Operations Manager,0,0.1932981144051979,1
9530,2025-01-01,2025,Marketing,Content Specialist,0,0.12220442654070476,0
9532,2025-01-01,2025,Marketing,Marketing Manager,0,0.13514020228783835,0
9534,2025-01-01,2025,Sales,Sales Supervisor,0,0.23284121057683518,1
9536,2025-01-01,2025,Operations,Procurement Specialist,0,0.19473446423950982,1
9539,2025-01-01,2025,Finance,Finance Manager,0,0.10588747135379152,0
9542,2025-01-01,2025,Information Technology,IT Support,0,0.09112370369702028,0
9543,2025-01-01,2025,Finance,Accountant,1,0.2311784826798056,1
9546,2025-01-01,2025,Sales,Sales Representative,1,0.07081883424449083,0
9547,2025-01-01,2025,Finance,Finance Manager,0,0.0932618573760325,0
9549,2025-01-01,2025,Finance,Accountant,0,0.1982973738067651,1
9552,2025-01-01,2025,Human Resources,HR Executive,0,0.219870918231083,1
9554,2025-01-01,2025,Operations,Warehouse Supervisor,0,0.11889122787738414,0
9556,2025-01-01,2025,Finance,Internal Auditor,0,0.09035766306024731,0
9560,2025-01-01,2025,Finance,Financial Analyst,0,0.1539191603766174,0
9561,2025-01-01,2025,Sales,Sales Representative,0,0.05827328061882654,0
9565,2025-01-01,2025,Human Resources,HR Executive,0,0.09678414840098727,0
9567,2025-01-01,2025,Sales,Account Manager,1,0.42097178062870066,1
9568,2025-01-01,2025,Operations,Warehouse Supervisor,0,0.09129461225025041,0
9569,2025-01-01,2025,Sales,Sales Supervisor,0,0.08581388352410893,0
9570,2025-01-01,2025,Sales,Sales Representative,0,0.12652128468394974,0
9573,2025-01-01,2025,Finance,Financial Analyst,0,0.17107605389929856,1
9575,2025-01-01,2025,Information Technology,System Administrator,1,0.2018450126101109,1
9576,2025-01-01,2025,Finance,Internal Auditor,1,0.19507056074124599,1
9579,2025-01-01,2025,Marketing,Marketing Manager,0,0.3618906234887522,1
9581,2025-01-01,2025,Information Technology,Data Analyst,0,0.12887891307056903,0
9582,2025-01-01,2025,Sales,Sales Executive,0,0.06924239521739263,0
9584,2025-01-01,2025,Information Technology,IT Support,0,0.08743449394327521,0
9588,2025-01-01,2025,Finance,Accountant,0,0.13328400709745056,0
9589,2025-01-01,2025,Marketing,Content Specialist,0,0.0885258859923829,0
9590,2025-01-01,2025,Marketing,Marketing Executive,0,0.07373878639171275,0
9592,2025-01-01,2025,Human Resources,HR Manager,0,0.1410105962412205,0
9595,2025-01-01,2025,Operations,Operations Executive,0,0.13883103782806294,0
9596,2025-01-01,2025,Sales,Sales Supervisor,0,0.15114423958872308,0
9597,2025-01-01,2025,Sales,Sales Executive,0,0.055235540110097625,0
9601,2025-01-01,2025,Marketing,Digital Marketing Specialist,0,0.21890839088899894,1
9604,2025-01-01,2025,Sales,Sales Representative,0,0.10248789225707432,0
9605,2025-01-01,2025,Finance,Internal Auditor,0,0.1610635350232092,1
9607,2025-01-01,2025,Finance,Accountant,0,0.04529135964447434,0
9608,2025-01-01,2025,Finance,Financial Analyst,1,0.16569069830494754,1
9610,2025-01-01,2025,Human Resources,HR Manager,0,0.0366250195173172,0
9615,2025-01-01,2025,Sales,Sales Supervisor,1,0.169908051488558,1
9617,2025-01-01,2025,Finance,Financial Analyst,0,0.11406476321487417,0
9623,2025-01-01,2025,Sales,Sales Supervisor,0,0.019737086432258324,0
9625,2025-01-01,2025,Finance,Internal Auditor,0,0.26798289193513264,1
9626,2025-01-01,2025,Information Technology,IT Support,0,0.1516249275186368,0
9627,2025-01-01,2025,Marketing,Digital Marketing Specialist,1,0.09257930085303069,0
9628,2025-01-01,2025,Sales,Sales Supervisor,0,0.04641328749737897,0
9629,2025-01-01,2025,Marketing,Digital Marketing Specialist,0,0.12024348875465811,0
9632,2025-01-01,2025,Finance,Internal Auditor,1,0.13525843516799838,0
9636,2025-01-01,2025,Finance,Finance Manager,0,0.10223117073409452,0
9637,2025-01-01,2025,Sales,Account Manager,0,0.1050305066830399,0
9639,2025-01-01,2025,Human Resources,Recruiter,0,0.1331988873398786,0
9643,2025-01-01,2025,Human Resources,HR Manager,0,0.1455287348081978,0
9644,2025-01-01,2025,Sales,Sales Executive,0,0.035224143064126065,0
9648,2025-01-01,2025,Information Technology,Data Analyst,0,0.04428715770703255,0
9652,2025-01-01,2025,Marketing,Content Specialist,0,0.05732296140638333,0
9655,2025-01-01,2025,Finance,Finance Manager,1,0.2998454460603496,1
9658,2025-01-01,2025,Operations,Operations Executive,0,0.07164322589426618,0
9661,2025-01-01,2025,Operations,Operations Executive,1,0.2533859073948675,1
9663,2025-01-01,2025,Operations,Warehouse Supervisor,0,0.07408653468513977,0
9665,2025-01-01,2025,Marketing,Marketing Manager,1,0.24981344163572194,1
9669,2025-01-01,2025,Marketing,Content Specialist,0,0.10643790001121259,0
9670,2025-01-01,2025,Human Resources,C&B Specialist,0,0.0907986216538414,0
9672,2025-01-01,2025,Finance,Finance Manager,0,0.16565843125419438,1
9673,2025-01-01,2025,Sales,Sales Executive,1,0.15895278692690046,1
9674,2025-01-01,2025,Information Technology,IT Support,0,0.17852599538473468,1
9678,2025-01-01,2025,Human Resources,HR Executive,0,0.08519124370361643,0
9683,2025-01-01,2025,Finance,Internal Auditor,0,0.06781339939511391,0
9684,2025-01-01,2025,Human Resources,HR Manager,0,0.09984459997464898,0
9685,2025-01-01,2025,Sales,Sales Representative,0,0.057034965841931164,0
9687,2025-01-01,2025,Sales,Sales Executive,1,0.11320844416687084,0
9688,2025-01-01,2025,Information Technology,Data Analyst,1,0.09823369510433562,0
9689,2025-01-01,2025,Marketing,Content Specialist,0,0.20686531664710692,1
9690,2025-01-01,2025,Human Resources,Recruiter,1,0.32888439679091547,1
9693,2025-01-01,2025,Operations,Operations Manager,0,0.07528993925295357,0
9694,2025-01-01,2025,Marketing,Content Specialist,0,0.14524555534559366,0
9696,2025-01-01,2025,Marketing,Digital Marketing Specialist,0,0.10314472777634512,0
9697,2025-01-01,2025,Human Resources,C&B Specialist,0,0.3204633683842215,1
9703,2025-01-01,2025,Human Resources,HR Executive,1,0.11955298050860018,0
9705,2025-01-01,2025,Finance,Internal Auditor,0,0.051721260313612974,0
9706,2025-01-01,2025,Marketing,Digital Marketing Specialist,0,0.13187885890482415,0
9710,2025-01-01,2025,Information Technology,IT Support,0,0.13035089797990748,0
9712,2025-01-01,2025,Operations,Operations Executive,1,0.11704045650020557,0
9714,2025-01-01,2025,Information Technology,IT Support,0,0.12578609367129182,0
9716,2025-01-01,2025,Human Resources,HR Manager,0,0.13440487124093606,0
9719,2025-01-01,2025,Marketing,Marketing Executive,0,0.06463400860762554,0
9724,2025-01-01,2025,Sales,Account Manager,1,0.23079808117727552,1
9726,2025-01-01,2025,Human Resources,C&B Specialist,0,0.15040409401333046,0
9729,2025-01-01,2025,Marketing,Content Specialist,0,0.10099599475156071,0
9730,2025-01-01,2025,Marketing,Content Specialist,0,0.09653055644707867,0
9732,2025-01-01,2025,Operations,Operations Manager,1,0.1478485392958949,0
9733,2025-01-01,2025,Marketing,Marketing Manager,0,0.07564319838085569,0
9737,2025-01-01,2025,Finance,Accountant,0,0.09384732868687581,0
9739,2025-01-01,2025,Finance,Internal Auditor,1,0.24441419077861662,1
9741,2025-01-01,2025,Operations,Procurement Specialist,1,0.3088075077241683,1
9742,2025-01-01,2025,Human Resources,HR Manager,0,0.042474930370243684,0
9743,2025-01-01,2025,Information Technology,QA Engineer,0,0.2970489585101401,1
9746,2025-01-01,2025,Human Resources,HR Executive,0,0.06458710650837705,0
9747,2025-01-01,2025,Finance,Finance Manager,0,0.16165595659248147,1
9750,2025-01-01,2025,Information Technology,IT Support,0,0.11688884096969013,0
9757,2025-01-01,2025,Information Technology,IT Support,0,0.01998974822533696,0
9760,2025-01-01,2025,Marketing,Marketing Executive,0,0.1149165669403933,0
9762,2025-01-01,2025,Information Technology,Software Engineer,0,0.2683306289234522,1
9765,2025-01-01,2025,Finance,Financial Analyst,1,0.22157947551531745,1
9766,2025-01-01,2025,Human Resources,C&B Specialist,0,0.1489767649629573,0
9769,2025-01-01,2025,Marketing,Marketing Executive,0,0.26488056329176474,1
9771,2025-01-01,2025,Sales,Account Manager,0,0.254031965841919,1
9772,2025-01-01,2025,Human Resources,C&B Specialist,0,0.18917246813248206,1
9774,2025-01-01,2025,Operations,Warehouse Supervisor,0,0.17829345849194603,1
9775,2025-01-01,2025,Sales,Sales Executive,0,0.216439482658327,1
9779,2025-01-01,2025,Finance,Internal Auditor,0,0.07738168605821562,0
9786,2025-01-01,2025,Finance,Accountant,0,0.03867610893475888,0
9791,2025-01-01,2025,Operations,Procurement Specialist,0,0.14177581231025327,0
9792,2025-01-01,2025,Human Resources,C&B Specialist,0,0.23622070537896697,1
9794,2025-01-01,2025,Information Technology,System Administrator,0,0.03234944352818955,0
9795,2025-01-01,2025,Finance,Internal Auditor,0,0.19258857314977615,1
9797,2025-01-01,2025,Marketing,Marketing Executive,0,0.21007753292783235,1
9799,2025-01-01,2025,Marketing,Marketing Executive,0,0.11932700153763033,0
9801,2025-01-01,2025,Operations,Operations Manager,1,0.2987383120645446,1
9804,2025-01-01,2025,Human Resources,HR Executive,0,0.29081354525627573,1
9805,2025-01-01,2025,Marketing,Marketing Manager,0,0.1551558718515726,0
9809,2025-01-01,2025,Sales,Sales Representative,0,0.13149225331747913,0
9811,2025-01-01,2025,Finance,Financial Analyst,0,0.0614214752794207,0
9817,2025-01-01,2025,Marketing,Marketing Executive,1,0.1428874446776814,0
9818,2025-01-01,2025,Human Resources,C&B Specialist,0,0.047699656836386946,0
9819,2025-01-01,2025,Operations,Procurement Specialist,1,0.32285976801957084,1
9821,2025-01-01,2025,Information Technology,IT Support,1,0.1702472726977974,1
9822,2025-01-01,2025,Marketing,Digital Marketing Specialist,1,0.10913278141641801,0
9828,2025-01-01,2025,Information Technology,Software Engineer,0,0.10312566175834598,0
9833,2025-01-01,2025,Finance,Accountant,0,0.12685800342140122,0
9836,2025-01-01,2025,Marketing,Marketing Manager,0,0.03706517565002131,0
9843,2025-01-01,2025,Finance,Accountant,0,0.14015440955030023,0
9847,2025-01-01,2025,Information Technology,QA Engineer,0,0.1316572537848511,0
9849,2025-01-01,2025,Operations,Operations Executive,0,0.11713806837734583,0
9850,2025-01-01,2025,Marketing,Content Specialist,0,0.04225051356795704,0
9853,2025-01-01,2025,Information Technology,IT Support,0,0.2244981400826272,1
9854,2025-01-01,2025,Human Resources,Recruiter,0,0.13022330130974488,0
9857,2025-01-01,2025,Marketing,Digital Marketing Specialist,0,0.11613108259537427,0
9860,2025-01-01,2025,Sales,Sales Supervisor,0,0.18129493443612216,1
9862,2025-01-01,2025,Information Technology,IT Support,0,0.0,0
9870,2025-01-01,2025,Marketing,Marketing Executive,0,0.028177676560089387,0
9871,2025-01-01,2025,Human Resources,HR Manager,0,0.20749908192956537,1
9872,2025-01-01,2025,Information Technology,IT Support,0,0.13795111150751804,0
9873,2025-01-01,2025,Finance,Finance Manager,0,0.05714706532806163,0
9874,2025-01-01,2025,Information Technology,System Administrator,0,0.06561197987177432,0
9875,2025-01-01,2025,Human Resources,Recruiter,0,0.1317272812133454,0
9877,2025-01-01,2025,Human Resources,HR Manager,0,0.15080015928357088,0
9879,2025-01-01,2025,Marketing,Marketing Executive,0,0.10583977491197305,0
9880,2025-01-01,2025,Finance,Internal Auditor,0,0.1791840962404493,1
9882,2025-01-01,2025,Finance,Internal Auditor,0,0.16728831828901577,1
9884,2025-01-01,2025,Operations,Procurement Specialist,0,0.11592453445508598,0
9886,2025-01-01,2025,Human Resources,C&B Specialist,0,0.06346590948539332,0
9887,2025-01-01,2025,Sales,Account Manager,0,0.07747958066672209,0
9892,2025-01-01,2025,Sales,Sales Executive,0,0.26966753225812007,1
9894,2025-01-01,2025,Human Resources,HR Manager,0,0.12826926204667335,0
9895,2025-01-01,2025,Finance,Financial Analyst,0,0.06268320943120358,0
9896,2025-01-01,2025,Marketing,Marketing Manager,0,0.05539947878527507,0
9897,2025-01-01,2025,Information Technology,Data Analyst,0,0.13651863184202984,0
9902,2025-01-01,2025,Information Technology,IT Support,0,0.09362777670067564,0
9903,2025-01-01,2025,Sales,Sales Supervisor,0,0.07018888995721906,0
9906,2025-01-01,2025,Marketing,Content Specialist,0,0.06805516515666207,0
9907,2025-01-01,2025,Operations,Operations Manager,1,0.09722250528509271,0
9908,2025-01-01,2025,Marketing,Marketing Executive,0,0.03775869417026834,0
9909,2025-01-01,2025,Information Technology,Data Analyst,1,0.23674001169837436,1
9910,2025-01-01,2025,Operations,Procurement Specialist,0,0.07899587677145062,0
9912,2025-01-01,2025,Marketing,Marketing Executive,0,0.1494817061275654,0
9913,2025-01-01,2025,Marketing,Marketing Manager,0,0.043314836109567614,0
9914,2025-01-01,2025,Sales,Sales Supervisor,0,0.224487215460531,1
9915,2025-01-01,2025,Human Resources,C&B Specialist,0,0.12087929711199603,0
9916,2025-01-01,2025,Human Resources,HR Executive,0,0.14131896835213897,0
9917,2025-01-01,2025,Marketing,Digital Marketing Specialist,0,0.11772095186364238,0
9924,2025-01-01,2025,Information Technology,IT Support,1,0.21575359849425876,1
9926,2025-01-01,2025,Human Resources,C&B Specialist,0,0.11890740675831496,0
9927,2025-01-01,2025,Information Technology,System Administrator,0,0.2626651931612914,1
9929,2025-01-01,2025,Information Technology,Data Analyst,1,0.2329266202315023,1
9932,2025-01-01,2025,Marketing,Marketing Manager,0,0.2085216691856968,1
9933,2025-01-01,2025,Human Resources,HR Manager,0,0.13531775611615,0
9939,2025-01-01,2025,Sales,Account Manager,0,0.15718927108380398,0
9940,2025-01-01,2025,Human Resources,C&B Specialist,0,0.12856506696407874,0
9944,2025-01-01,2025,Operations,Operations Manager,0,0.11267196836873017,0
9945,2025-01-01,2025,Finance,Financial Analyst,0,0.10141926725680646,0
9946,2025-01-01,2025,Finance,Finance Manager,0,0.07380584165737766,0
9948,2025-01-01,2025,Human Resources,HR Executive,1,0.18052770144160757,1
9949,2025-01-01,2025,Information Technology,System Administrator,0,0.1392145955874309,0
9950,2025-01-01,2025,Human Resources,HR Manager,0,0.2200648203995467,1
9951,2025-01-01,2025,Sales,Sales Representative,0,0.029674235735648345,0
9953,2025-01-01,2025,Finance,Financial Analyst,0,0.07452526145348208,0
9956,2025-01-01,2025,Information Technology,Data Analyst,0,0.09343243947235287,0
9961,2025-01-01,2025,Marketing,Marketing Manager,1,0.16037744043939753,1
9966,2025-01-01,2025,Information Technology,IT Support,0,0.17674623102023446,1
9968,2025-01-01,2025,Sales,Sales Executive,0,0.08451875427645796,0
9969,2025-01-01,2025,Operations,Operations Executive,1,0.20953364031605734,1
9970,2025-01-01,2025,Information Technology,System Administrator,1,0.05230387820636266,0
9971,2025-01-01,2025,Marketing,Content Specialist,0,0.0778302111240973,0
9972,2025-01-01,2025,Finance,Accountant,0,0.08131807791458615,0
9976,2025-01-01,2025,Sales,Sales Representative,0,0.06600192060912738,0
9980,2025-01-01,2025,Finance,Finance Manager,0,0.2075379657137233,1
9981,2025-01-01,2025,Sales,Sales Supervisor,0,0.11499461573304742,0
9982,2025-01-01,2025,Information Technology,Software Engineer,0,0.14495987762702914,0
9984,2025-01-01,2025,Finance,Accountant,0,0.15065771196557418,0
9985,2025-01-01,2025,Information Technology,Data Analyst,0,0.08188512181316807,0
9987,2025-01-01,2025,Finance,Finance Manager,1,0.13300048661800346,0
9990,2025-01-01,2025,Finance,Accountant,0,0.047473275083167794,0
9996,2025-01-01,2025,Finance,Finance Manager,0,0.09776763982366844,0
9997,2025-01-01,2025,Finance,Accountant,0,0.25926606903472377,1
9998,2025-01-01,2025,Information Technology,System Administrator,0,0.058374143917778114,0
