MaNV,NgayThang,Nam,PhongBan,ChucDanh,ThucTeNghiViec,XacSuatNghiViec,DuDoanNghiViec,NguongDuDoan,MucRuiRo,ThuTuRuiRo,DiemNguyCo,LaRuiRoCao,LaRuiRoTrungBinh,LaRuiRoThap,XepHangNguyCo,PhanViNguyCo
1,2025-01-01,2025,Sales,Sales Representative,0,0.16167629373915002,0,0.16908819344089202,Trung bình,2,16.17,0,1,0,1591,64.12
3,2025-01-01,2025,Finance,Finance Manager,0,0.23431505974563624,1,0.16908819344089202,Cao,3,23.43,1,0,0,787,82.26
4,2025-01-01,2025,Human Resources,Recruiter,0,0.12785989304771342,0,0.16908819344089202,Trung bình,2,12.79,0,1,0,2280,48.57
5,2025-01-01,2025,Information Technology,IT Support,0,0.13005450589932777,0,0.16908819344089202,Trung bình,2,13.01,0,1,0,2243,49.4
10,2025-01-01,2025,Human Resources,C&B Specialist,1,0.14557161551723388,0,0.16908819344089202,Trung bình,2,14.56,0,1,0,1871,57.8
13,2025-01-01,2025,Sales,Sales Executive,1,0.30830178177603834,1,0.16908819344089202,Cao,3,30.83,1,0,0,300,93.25
21,2025-01-01,2025,Human Resources,Recruiter,0,0.30535020349251324,1,0.16908819344089202,Cao,3,30.54,1,0,0,313,92.96
24,2025-01-01,2025,Sales,Sales Representative,1,0.18964489694514755,1,0.16908819344089202,Cao,3,18.96,1,0,0,1233,72.2
28,2025-01-01,2025,Human Resources,C&B Specialist,1,0.1170517718176499,0,0.16908819344089202,Trung bình,2,11.71,0,1,0,2535,42.81
29,2025-01-01,2025,Human Resources,Recruiter,1,0.13494846707436042,0,0.16908819344089202,Trung bình,2,13.49,0,1,0,2115,52.29
30,2025-01-01,2025,Operations,Procurement Specialist,0,0.1547614823657908,0,0.16908819344089202,Trung bình,2,15.48,0,1,0,1700,61.66
31,2025-01-01,2025,Sales,Sales Supervisor,0,0.13051234546237417,0,0.16908819344089202,Trung bình,2,13.05,0,1,0,2235,49.58
32,2025-01-01,2025,Finance,Finance Manager,0,0.07483862673271797,0,0.16908819344089202,Thấp,1,7.48,0,0,1,3825,13.7
37,2025-01-01,2025,Information Technology,QA Engineer,1,0.2552270079944629,1,0.16908819344089202,Cao,3,25.52,1,0,0,607,86.32
38,2025-01-01,2025,Human Resources,HR Executive,0,0.1274171197917677,0,0.16908819344089202,Trung bình,2,12.74,0,1,0,2293,48.27
39,2025-01-01,2025,Human Resources,C&B Specialist,0,0.10267188952310713,0,0.16908819344089202,Trung bình,2,10.27,0,1,0,2927,33.97
41,2025-01-01,2025,Sales,Account Manager,1,0.2897680780235251,1,0.16908819344089202,Cao,3,28.98,1,0,0,373,91.6
43,2025-01-01,2025,Marketing,Digital Marketing Specialist,0,0.2091957708735387,1,0.16908819344089202,Cao,3,20.92,1,0,0,1044,76.46
44,2025-01-01,2025,Marketing,Digital Marketing Specialist,0,0.062166911748166576,0,0.16908819344089202,Thấp,1,6.22,0,0,1,4240,4.33
48,2025-01-01,2025,Information Technology,QA Engineer,0,0.19207058749787034,1,0.16908819344089202,Cao,3,19.21,1,0,0,1206,72.81
54,2025-01-01,2025,Marketing,Marketing Executive,0,0.05722495018543241,0,0.16908819344089202,Thấp,1,5.72,0,0,1,4360,1.62
60,2025-01-01,2025,Finance,Internal Auditor,0,0.06324353969986705,0,0.16908819344089202,Thấp,1,6.32,0,0,1,4206,5.1
62,2025-01-01,2025,Finance,Financial Analyst,0,0.15265282614758754,0,0.16908819344089202,Trung bình,2,15.27,0,1,0,1739,60.78
63,2025-01-01,2025,Information Technology,Data Analyst,0,0.060172118770976134,0,0.16908819344089202,Thấp,1,6.02,0,0,1,4294,3.11
64,2025-01-01,2025,Marketing,Marketing Executive,0,0.09197510713156622,0,0.16908819344089202,Thấp,1,9.2,0,0,1,3198,27.85
65,2025-01-01,2025,Finance,Internal Auditor,0,0.27476469991849745,1,0.16908819344089202,Cao,3,27.48,1,0,0,466,89.51
66,2025-01-01,2025,Information Technology,IT Support,0,0.1412523326807182,0,0.16908819344089202,Trung bình,2,14.13,0,1,0,1954,55.92
70,2025-01-01,2025,Operations,Operations Executive,0,0.07327152815029074,0,0.16908819344089202,Thấp,1,7.33,0,0,1,3895,12.12
71,2025-01-01,2025,Operations,Warehouse Supervisor,0,0.15981178010496055,0,0.16908819344089202,Trung bình,2,15.98,0,1,0,1623,63.39
72,2025-01-01,2025,Information Technology,IT Support,0,0.1648596977182205,0,0.16908819344089202,Trung bình,2,16.49,0,1,0,1546,65.13
73,2025-01-01,2025,Sales,Sales Representative,1,0.3574730636837862,1,0.16908819344089202,Cao,3,35.75,1,0,0,139,96.89
74,2025-01-01,2025,Human Resources,Recruiter,1,0.07380175023122522,0,0.16908819344089202,Thấp,1,7.38,0,0,1,3874,12.59
76,2025-01-01,2025,Sales,Sales Representative,0,0.12387235158182608,0,0.16908819344089202,Trung bình,2,12.39,0,1,0,2364,46.67
78,2025-01-01,2025,Human Resources,C&B Specialist,0,0.1674621301433847,0,0.16908819344089202,Trung bình,2,16.75,0,1,0,1511,65.92
79,2025-01-01,2025,Marketing,Digital Marketing Specialist,0,0.1757998418778965,1,0.16908819344089202,Cao,3,17.58,1,0,0,1395,68.54
80,2025-01-01,2025,Information Technology,Data Analyst,0,0.08979134980166507,0,0.16908819344089202,Thấp,1,8.98,0,0,1,3272,26.18
82,2025-01-01,2025,Operations,Warehouse Supervisor,0,0.1604356129528209,0,0.16908819344089202,Trung bình,2,16.04,0,1,0,1612,63.64
83,2025-01-01,2025,Operations,Operations Executive,1,0.22455881896448546,1,0.16908819344089202,Cao,3,22.46,1,0,0,871,80.37
85,2025-01-01,2025,Finance,Financial Analyst,0,0.3107656055554474,1,0.16908819344089202,Cao,3,31.08,1,0,0,293,93.41
88,2025-01-01,2025,Operations,Warehouse Supervisor,0,0.1556672706414897,0,0.16908819344089202,Trung bình,2,15.57,0,1,0,1689,61.9
91,2025-01-01,2025,Sales,Sales Executive,1,0.07903471406966328,0,0.16908819344089202,Thấp,1,7.9,0,0,1,3666,17.29
92,2025-01-01,2025,Operations,Operations Executive,1,0.397644330894956,1,0.16908819344089202,Cao,3,39.76,1,0,0,60,98.67
95,2025-01-01,2025,Finance,Financial Analyst,0,0.10217567160348587,0,0.16908819344089202,Trung bình,2,10.22,0,1,0,2945,33.56
98,2025-01-01,2025,Information Technology,IT Support,0,0.13848755206643282,0,0.16908819344089202,Trung bình,2,13.85,0,1,0,2021,54.41
102,2025-01-01,2025,Marketing,Digital Marketing Specialist,0,0.2766637905685632,1,0.16908819344089202,Cao,3,27.67,1,0,0,452,89.82
103,2025-01-01,2025,Finance,Internal Auditor,0,0.08273037899928842,0,0.16908819344089202,Thấp,1,8.27,0,0,1,3495,21.15
104,2025-01-01,2025,Human Resources,HR Manager,0,0.07251866142339572,0,0.16908819344089202,Thấp,1,7.25,0,0,1,3914,11.69
109,2025-01-01,2025,Information Technology,Software Engineer,0,0.2376618680041319,1,0.16908819344089202,Cao,3,23.77,1,0,0,755,82.98
110,2025-01-01,2025,Marketing,Content Specialist,0,0.18421061104959988,1,0.16908819344089202,Cao,3,18.42,1,0,0,1288,70.95
115,2025-01-01,2025,Human Resources,C&B Specialist,0,0.07470113109377154,0,0.16908819344089202,Thấp,1,7.47,0,0,1,3831,13.56
118,2025-01-01,2025,Information Technology,Software Engineer,0,0.36405326710711744,1,0.16908819344089202,Cao,3,36.41,1,0,0,123,97.25
120,2025-01-01,2025,Operations,Warehouse Supervisor,0,0.13055690387893856,0,0.16908819344089202,Trung bình,2,13.06,0,1,0,2233,49.63
121,2025-01-01,2025,Human Resources,HR Manager,1,0.07156335673548034,0,0.16908819344089202,Thấp,1,7.16,0,0,1,3944,11.01
125,2025-01-01,2025,Finance,Internal Auditor,0,0.3434356517782972,1,0.16908819344089202,Cao,3,34.34,1,0,0,176,96.05
126,2025-01-01,2025,Marketing,Marketing Executive,0,0.18083218366580187,1,0.16908819344089202,Cao,3,18.08,1,0,0,1325,70.12
127,2025-01-01,2025,Finance,Finance Manager,0,0.1355156573498931,0,0.16908819344089202,Trung bình,2,13.55,0,1,0,2099,52.65
128,2025-01-01,2025,Finance,Accountant,0,0.22221890515721113,1,0.16908819344089202,Cao,3,22.22,1,0,0,897,79.78
129,2025-01-01,2025,Sales,Account Manager,0,0.07052129536185345,0,0.16908819344089202,Thấp,1,7.05,0,0,1,3982,10.16
130,2025-01-01,2025,Marketing,Digital Marketing Specialist,0,0.12694455190487375,0,0.16908819344089202,Trung bình,2,12.69,0,1,0,2300,48.12
131,2025-01-01,2025,Sales,Sales Executive,0,0.08993573721166498,0,0.16908819344089202,Thấp,1,8.99,0,0,1,3269,26.25
136,2025-01-01,2025,Sales,Sales Executive,0,0.07885154194571378,0,0.16908819344089202,Thấp,1,7.89,0,0,1,3673,17.13
138,2025-01-01,2025,Sales,Sales Executive,0,0.08214191115398775,0,0.16908819344089202,Thấp,1,8.21,0,0,1,3521,20.56
139,2025-01-01,2025,Sales,Sales Representative,0,0.10157809839651992,0,0.16908819344089202,Trung bình,2,10.16,0,1,0,2960,33.22
140,2025-01-01,2025,Human Resources,HR Executive,0,0.09677153502949506,0,0.16908819344089202,Thấp,1,9.68,0,0,1,3070,30.74
143,2025-01-01,2025,Operations,Procurement Specialist,0,0.11598281601163822,0,0.16908819344089202,Trung bình,2,11.6,0,1,0,2563,42.18
146,2025-01-01,2025,Finance,Internal Auditor,0,0.2826586333639269,1,0.16908819344089202,Cao,3,28.27,1,0,0,412,90.72
149,2025-01-01,2025,Human Resources,Recruiter,0,0.09015898740470364,0,0.16908819344089202,Thấp,1,9.02,0,0,1,3265,26.34
151,2025-01-01,2025,Information Technology,Software Engineer,0,0.0712727106368709,0,0.16908819344089202,Thấp,1,7.13,0,0,1,3951,10.86
152,2025-01-01,2025,Human Resources,HR Manager,0,0.06708128289742306,0,0.16908819344089202,Thấp,1,6.71,0,0,1,4087,7.79
153,2025-01-01,2025,Marketing,Digital Marketing Specialist,0,0.3788130008755853,1,0.16908819344089202,Cao,3,37.88,1,0,0,90,97.99
158,2025-01-01,2025,Information Technology,Data Analyst,0,0.08154706734050607,0,0.16908819344089202,Thấp,1,8.15,0,0,1,3543,20.06
161,2025-01-01,2025,Sales,Sales Representative,1,0.08841840790463859,0,0.16908819344089202,Thấp,1,8.84,0,0,1,3311,25.3
162,2025-01-01,2025,Marketing,Content Specialist,0,0.13348278429641355,0,0.16908819344089202,Trung bình,2,13.35,0,1,0,2149,51.52
166,2025-01-01,2025,Information Technology,QA Engineer,0,0.2201556800182633,1,0.16908819344089202,Cao,3,22.02,1,0,0,917,79.33
167,2025-01-01,2025,Marketing,Digital Marketing Specialist,1,0.0968497991136984,0,0.16908819344089202,Thấp,1,9.68,0,0,1,3069,30.76
170,2025-01-01,2025,Operations,Procurement Specialist,0,0.06542391241251383,0,0.16908819344089202,Thấp,1,6.54,0,0,1,4136,6.68
171,2025-01-01,2025,Sales,Sales Representative,0,0.1195823117784304,0,0.16908819344089202,Trung bình,2,11.96,0,1,0,2482,44.01
175,2025-01-01,2025,Information Technology,Data Analyst,0,0.09311624670624181,0,0.16908819344089202,Thấp,1,9.31,0,0,1,3158,28.75
176,2025-01-01,2025,Information Technology,Software Engineer,0,0.11468316523017132,0,0.16908819344089202,Trung bình,2,11.47,0,1,0,2601,41.32
178,2025-01-01,2025,Sales,Sales Supervisor,0,0.11186997581158141,0,0.16908819344089202,Trung bình,2,11.19,0,1,0,2692,39.27
180,2025-01-01,2025,Marketing,Marketing Manager,0,0.05045916927964872,0,0.16908819344089202,Thấp,1,5.05,0,0,1,4428,0.09
181,2025-01-01,2025,Information Technology,IT Support,0,0.10752046334417467,0,0.16908819344089202,Trung bình,2,10.75,0,1,0,2828,36.2
182,2025-01-01,2025,Sales,Sales Supervisor,0,0.15121212336870105,0,0.16908819344089202,Trung bình,2,15.12,0,1,0,1765,60.19
184,2025-01-01,2025,Marketing,Content Specialist,0,0.0551982720103279,0,0.16908819344089202,Thấp,1,5.52,0,0,1,4393,0.88
185,2025-01-01,2025,Marketing,Content Specialist,0,0.15560976942941354,0,0.16908819344089202,Trung bình,2,15.56,0,1,0,1691,61.86
187,2025-01-01,2025,Finance,Accountant,0,0.07375668472915337,0,0.16908819344089202,Thấp,1,7.38,0,0,1,3878,12.5
189,2025-01-01,2025,Finance,Financial Analyst,0,0.07265624378043946,0,0.16908819344089202,Thấp,1,7.27,0,0,1,3910,11.78
190,2025-01-01,2025,Sales,Sales Representative,0,0.3042046740131165,1,0.16908819344089202,Cao,3,30.42,1,0,0,318,92.85
192,2025-01-01,2025,Operations,Procurement Specialist,0,0.3390318703011356,1,0.16908819344089202,Cao,3,33.9,1,0,0,191,95.71
193,2025-01-01,2025,Information Technology,Data Analyst,0,0.13844161744025268,0,0.16908819344089202,Trung bình,2,13.84,0,1,0,2025,54.32
194,2025-01-01,2025,Finance,Financial Analyst,0,0.10117127789622528,0,0.16908819344089202,Trung bình,2,10.12,0,1,0,2969,33.02
195,2025-01-01,2025,Information Technology,QA Engineer,0,0.14731832745570003,0,0.16908819344089202,Trung bình,2,14.73,0,1,0,1843,58.43
198,2025-01-01,2025,Finance,Finance Manager,0,0.10987466566502467,0,0.16908819344089202,Trung bình,2,10.99,0,1,0,2753,37.89
199,2025-01-01,2025,Information Technology,IT Support,0,0.07532832283276,0,0.16908819344089202,Thấp,1,7.53,0,0,1,3807,14.11
200,2025-01-01,2025,Operations,Warehouse Supervisor,0,0.08821516787181616,0,0.16908819344089202,Thấp,1,8.82,0,0,1,3317,25.16
201,2025-01-01,2025,Information Technology,IT Support,0,0.07569741384430731,0,0.16908819344089202,Thấp,1,7.57,0,0,1,3795,14.38
205,2025-01-01,2025,Operations,Operations Manager,0,0.1657238309523423,0,0.16908819344089202,Trung bình,2,16.57,0,1,0,1535,65.38
206,2025-01-01,2025,Information Technology,QA Engineer,0,0.08003861403688756,0,0.16908819344089202,Thấp,1,8.0,0,0,1,3617,18.39
210,2025-01-01,2025,Sales,Sales Executive,0,0.09900988624780037,0,0.16908819344089202,Thấp,1,9.9,0,0,1,3027,31.71
211,2025-01-01,2025,Finance,Financial Analyst,0,0.1308081462256836,0,0.16908819344089202,Trung bình,2,13.08,0,1,0,2220,49.92
213,2025-01-01,2025,Sales,Sales Supervisor,0,0.12089604293406929,0,0.16908819344089202,Trung bình,2,12.09,0,1,0,2445,44.84
216,2025-01-01,2025,Operations,Operations Executive,0,0.1666430422600521,0,0.16908819344089202,Trung bình,2,16.66,0,1,0,1523,65.65
218,2025-01-01,2025,Information Technology,IT Support,0,0.27948972960502616,1,0.16908819344089202,Cao,3,27.95,1,0,0,431,90.3
219,2025-01-01,2025,Finance,Internal Auditor,0,0.34108358824835877,1,0.16908819344089202,Cao,3,34.11,1,0,0,184,95.87
222,2025-01-01,2025,Sales,Sales Executive,0,0.13744396187250751,0,0.16908819344089202,Trung bình,2,13.74,0,1,0,2045,53.87
223,2025-01-01,2025,Marketing,Digital Marketing Specialist,0,0.3211561410610987,1,0.16908819344089202,Cao,3,32.12,1,0,0,247,94.45
224,2025-01-01,2025,Operations,Warehouse Supervisor,0,0.20381000177259978,1,0.16908819344089202,Cao,3,20.38,1,0,0,1101,75.17
228,2025-01-01,2025,Information Technology,Data Analyst,0,0.12345751379831342,0,0.16908819344089202,Trung bình,2,12.35,0,1,0,2373,46.47
229,2025-01-01,2025,Human Resources,C&B Specialist,0,0.14234979761959418,0,0.16908819344089202,Trung bình,2,14.23,0,1,0,1926,56.56
233,2025-01-01,2025,Sales,Account Manager,0,0.18129105644528565,1,0.16908819344089202,Cao,3,18.13,1,0,0,1316,70.32
234,2025-01-01,2025,Finance,Accountant,0,0.24007889956520373,1,0.16908819344089202,Cao,3,24.01,1,0,0,734,83.46
236,2025-01-01,2025,Marketing,Content Specialist,0,0.09528586680457385,0,0.16908819344089202,Thấp,1,9.53,0,0,1,3105,29.95
237,2025-01-01,2025,Operations,Operations Manager,1,0.46114126710449826,1,0.16908819344089202,Cao,3,46.11,1,0,0,8,99.84
238,2025-01-01,2025,Human Resources,HR Manager,0,0.15216808919142646,0,0.16908819344089202,Trung bình,2,15.22,0,1,0,1747,60.6
241,2025-01-01,2025,Finance,Internal Auditor,0,0.19056315413122352,1,0.16908819344089202,Cao,3,19.06,1,0,0,1222,72.44
244,2025-01-01,2025,Marketing,Marketing Executive,1,0.223217482824377,1,0.16908819344089202,Cao,3,22.32,1,0,0,885,80.05
245,2025-01-01,2025,Finance,Finance Manager,0,0.11407827367278443,0,0.16908819344089202,Trung bình,2,11.41,0,1,0,2622,40.85
249,2025-01-01,2025,Marketing,Marketing Executive,0,0.06936691950730023,0,0.16908819344089202,Thấp,1,6.94,0,0,1,4017,9.37
250,2025-01-01,2025,Marketing,Marketing Executive,1,0.30332589940726207,1,0.16908819344089202,Cao,3,30.33,1,0,0,321,92.78
252,2025-01-01,2025,Information Technology,Data Analyst,0,0.17755245490980504,1,0.16908819344089202,Cao,3,17.76,1,0,0,1369,69.13
253,2025-01-01,2025,Sales,Sales Representative,0,0.16944130276947345,1,0.16908819344089202,Cao,3,16.94,1,0,0,1484,66.53
255,2025-01-01,2025,Sales,Sales Executive,1,0.2093215364853984,1,0.16908819344089202,Cao,3,20.93,1,0,0,1040,76.55
257,2025-01-01,2025,Sales,Sales Executive,0,0.11505762607521601,0,0.16908819344089202,Trung bình,2,11.51,0,1,0,2593,41.5
259,2025-01-01,2025,Sales,Sales Representative,0,0.19852781604644926,1,0.16908819344089202,Cao,3,19.85,1,0,0,1149,74.09
262,2025-01-01,2025,Operations,Operations Manager,1,0.11277935746418237,0,0.16908819344089202,Trung bình,2,11.28,0,1,0,2664,39.9
268,2025-01-01,2025,Information Technology,QA Engineer,0,0.13510100397086583,0,0.16908819344089202,Trung bình,2,13.51,0,1,0,2108,52.45
272,2025-01-01,2025,Sales,Account Manager,0,0.20906166152386282,1,0.16908819344089202,Cao,3,20.91,1,0,0,1046,76.42
273,2025-01-01,2025,Human Resources,Recruiter,0,0.10629081353003894,0,0.16908819344089202,Trung bình,2,10.63,0,1,0,2860,35.48
275,2025-01-01,2025,Information Technology,IT Support,0,0.05907446734866055,0,0.16908819344089202,Thấp,1,5.91,0,0,1,4320,2.53
277,2025-01-01,2025,Operations,Operations Manager,0,0.16499180206834574,0,0.16908819344089202,Trung bình,2,16.5,0,1,0,1542,65.22
278,2025-01-01,2025,Marketing,Marketing Manager,0,0.0648030884822687,0,0.16908819344089202,Thấp,1,6.48,0,0,1,4157,6.21
282,2025-01-01,2025,Marketing,Marketing Manager,0,0.11311551205685962,0,0.16908819344089202,Trung bình,2,11.31,0,1,0,2655,40.1
284,2025-01-01,2025,Finance,Finance Manager,0,0.13618763853681537,0,0.16908819344089202,Trung bình,2,13.62,0,1,0,2082,53.04
285,2025-01-01,2025,Finance,Financial Analyst,0,0.24443431778074076,1,0.16908819344089202,Cao,3,24.44,1,0,0,706,84.09
286,2025-01-01,2025,Sales,Account Manager,0,0.0728043681517763,0,0.16908819344089202,Thấp,1,7.28,0,0,1,3905,11.89
288,2025-01-01,2025,Sales,Sales Executive,0,0.1001351659916605,0,0.16908819344089202,Thấp,1,10.01,0,0,1,2996,32.41
289,2025-01-01,2025,Human Resources,Recruiter,0,0.13507550797655113,0,0.16908819344089202,Trung bình,2,13.51,0,1,0,2111,52.38
290,2025-01-01,2025,Information Technology,QA Engineer,1,0.3064739164792241,1,0.16908819344089202,Cao,3,30.65,1,0,0,305,93.14
296,2025-01-01,2025,Finance,Financial Analyst,0,0.07011689847738914,0,0.16908819344089202,Thấp,1,7.01,0,0,1,3992,9.93
298,2025-01-01,2025,Human Resources,HR Manager,0,0.16214916202685803,0,0.16908819344089202,Trung bình,2,16.21,0,1,0,1582,64.32
299,2025-01-01,2025,Marketing,Marketing Manager,0,0.08269670050434927,0,0.16908819344089202,Thấp,1,8.27,0,0,1,3497,21.1
302,2025-01-01,2025,Operations,Operations Manager,1,0.2634385859695797,1,0.16908819344089202,Cao,3,26.34,1,0,0,553,87.54
304,2025-01-01,2025,Information Technology,Data Analyst,0,0.10283191232333226,0,0.16908819344089202,Trung bình,2,10.28,0,1,0,2923,34.06
309,2025-01-01,2025,Operations,Operations Executive,1,0.25496135523549834,1,0.16908819344089202,Cao,3,25.5,1,0,0,608,86.3
310,2025-01-01,2025,Marketing,Content Specialist,0,0.22601506476796904,1,0.16908819344089202,Cao,3,22.6,1,0,0,859,80.64
311,2025-01-01,2025,Marketing,Marketing Manager,0,0.16189438928743893,0,0.16908819344089202,Trung bình,2,16.19,0,1,0,1589,64.16
314,2025-01-01,2025,Human Resources,Recruiter,0,0.09369808929203266,0,0.16908819344089202,Thấp,1,9.37,0,0,1,3145,29.05
321,2025-01-01,2025,Information Technology,System Administrator,0,0.08618463156487909,0,0.16908819344089202,Thấp,1,8.62,0,0,1,3384,23.65
323,2025-01-01,2025,Operations,Warehouse Supervisor,0,0.23098314764389546,1,0.16908819344089202,Cao,3,23.1,1,0,0,822,81.47
330,2025-01-01,2025,Information Technology,System Administrator,0,0.13017467043204636,0,0.16908819344089202,Trung bình,2,13.02,0,1,0,2240,49.47
331,2025-01-01,2025,Marketing,Marketing Executive,0,0.19676752256936805,1,0.16908819344089202,Cao,3,19.68,1,0,0,1168,73.66
332,2025-01-01,2025,Operations,Operations Manager,0,0.0950090081693984,0,0.16908819344089202,Thấp,1,9.5,0,0,1,3113,29.77
335,2025-01-01,2025,Information Technology,Data Analyst,0,0.08896026812791043,0,0.16908819344089202,Thấp,1,8.9,0,0,1,3294,25.68
338,2025-01-01,2025,Marketing,Marketing Manager,0,0.10764948028669936,0,0.16908819344089202,Trung bình,2,10.76,0,1,0,2822,36.33
339,2025-01-01,2025,Finance,Finance Manager,0,0.1589174391034279,0,0.16908819344089202,Trung bình,2,15.89,0,1,0,1640,63.01
341,2025-01-01,2025,Information Technology,Data Analyst,0,0.08122130601275906,0,0.16908819344089202,Thấp,1,8.12,0,0,1,3561,19.66
346,2025-01-01,2025,Sales,Sales Supervisor,0,0.23256234108070586,1,0.16908819344089202,Cao,3,23.26,1,0,0,806,81.83
347,2025-01-01,2025,Marketing,Digital Marketing Specialist,0,0.062247816324124856,0,0.16908819344089202,Thấp,1,6.22,0,0,1,4238,4.38
351,2025-01-01,2025,Finance,Financial Analyst,0,0.30739967373067556,1,0.16908819344089202,Cao,3,30.74,1,0,0,302,93.21
353,2025-01-01,2025,Sales,Sales Executive,0,0.07098084964153868,0,0.16908819344089202,Thấp,1,7.1,0,0,1,3967,10.49
354,2025-01-01,2025,Sales,Sales Representative,0,0.12606919750127377,0,0.16908819344089202,Trung bình,2,12.61,0,1,0,2315,47.78
356,2025-01-01,2025,Information Technology,Data Analyst,0,0.12493808316644434,0,0.16908819344089202,Trung bình,2,12.49,0,1,0,2339,47.24
365,2025-01-01,2025,Information Technology,Software Engineer,0,0.10115434669907356,0,0.16908819344089202,Trung bình,2,10.12,0,1,0,2970,32.99
366,2025-01-01,2025,Operations,Operations Executive,0,0.09801566321140334,0,0.16908819344089202,Thấp,1,9.8,0,0,1,3049,31.21
367,2025-01-01,2025,Marketing,Content Specialist,0,0.24523339794824936,1,0.16908819344089202,Cao,3,24.52,1,0,0,697,84.29
368,2025-01-01,2025,Operations,Warehouse Supervisor,0,0.1406190418038509,0,0.16908819344089202,Trung bình,2,14.06,0,1,0,1966,55.65
371,2025-01-01,2025,Marketing,Content Specialist,0,0.10371378765353041,0,0.16908819344089202,Trung bình,2,10.37,0,1,0,2905,34.46
372,2025-01-01,2025,Finance,Financial Analyst,0,0.17212612904015798,1,0.16908819344089202,Cao,3,17.21,1,0,0,1451,67.28
374,2025-01-01,2025,Sales,Sales Representative,0,0.16920573303252737,1,0.16908819344089202,Cao,3,16.92,1,0,0,1489,66.42
378,2025-01-01,2025,Human Resources,HR Executive,0,0.07686623513684748,0,0.16908819344089202,Thấp,1,7.69,0,0,1,3752,15.35
379,2025-01-01,2025,Finance,Internal Auditor,0,0.06373020838162781,0,0.16908819344089202,Thấp,1,6.37,0,0,1,4195,5.35
380,2025-01-01,2025,Finance,Financial Analyst,0,0.15313313816430163,0,0.16908819344089202,Trung bình,2,15.31,0,1,0,1733,60.91
384,2025-01-01,2025,Human Resources,Recruiter,0,0.24088693283853282,1,0.16908819344089202,Cao,3,24.09,1,0,0,728,83.59
385,2025-01-01,2025,Operations,Warehouse Supervisor,0,0.1830905187664161,1,0.16908819344089202,Cao,3,18.31,1,0,0,1302,70.64
387,2025-01-01,2025,Operations,Warehouse Supervisor,0,0.06501643297299843,0,0.16908819344089202,Thấp,1,6.5,0,0,1,4148,6.41
388,2025-01-01,2025,Human Resources,HR Manager,0,0.0635146148740233,0,0.16908819344089202,Thấp,1,6.35,0,0,1,4198,5.28
389,2025-01-01,2025,Marketing,Content Specialist,0,0.15182236109102162,0,0.16908819344089202,Trung bình,2,15.18,0,1,0,1755,60.42
391,2025-01-01,2025,Information Technology,IT Support,0,0.17964599931484915,1,0.16908819344089202,Cao,3,17.96,1,0,0,1340,69.78
394,2025-01-01,2025,Finance,Financial Analyst,0,0.2213258930263566,1,0.16908819344089202,Cao,3,22.13,1,0,0,901,79.69
395,2025-01-01,2025,Human Resources,Recruiter,1,0.41782704419639743,1,0.16908819344089202,Cao,3,41.78,1,0,0,29,99.37
402,2025-01-01,2025,Sales,Sales Representative,0,0.07926063005603569,0,0.16908819344089202,Thấp,1,7.93,0,0,1,3652,17.6
405,2025-01-01,2025,Information Technology,Software Engineer,0,0.1982127027932677,1,0.16908819344089202,Cao,3,19.82,1,0,0,1154,73.98
406,2025-01-01,2025,Human Resources,C&B Specialist,0,0.24719073443044653,1,0.16908819344089202,Cao,3,24.72,1,0,0,686,84.54
408,2025-01-01,2025,Operations,Operations Manager,0,0.08668920498460432,0,0.16908819344089202,Thấp,1,8.67,0,0,1,3368,24.01
411,2025-01-01,2025,Human Resources,HR Manager,0,0.15730951563153925,0,0.16908819344089202,Trung bình,2,15.73,0,1,0,1664,62.47
413,2025-01-01,2025,Human Resources,HR Manager,0,0.10010754398284986,0,0.16908819344089202,Thấp,1,10.01,0,0,1,2998,32.36
414,2025-01-01,2025,Sales,Sales Executive,0,0.25347459160645086,1,0.16908819344089202,Cao,3,25.35,1,0,0,627,85.87
418,2025-01-01,2025,Information Technology,Software Engineer,0,0.14765413500749328,0,0.16908819344089202,Trung bình,2,14.77,0,1,0,1835,58.61
419,2025-01-01,2025,Finance,Internal Auditor,0,0.21238745228029068,1,0.16908819344089202,Cao,3,21.24,1,0,0,1007,77.3
423,2025-01-01,2025,Finance,Internal Auditor,0,0.11406124972006244,0,0.16908819344089202,Trung bình,2,11.41,0,1,0,2623,40.83
424,2025-01-01,2025,Marketing,Marketing Executive,0,0.07188351725704191,0,0.16908819344089202,Thấp,1,7.19,0,0,1,3933,11.26
431,2025-01-01,2025,Finance,Financial Analyst,0,0.0818145316471408,0,0.16908819344089202,Thấp,1,8.18,0,0,1,3535,20.24
433,2025-01-01,2025,Sales,Sales Supervisor,0,0.10916254674632027,0,0.16908819344089202,Trung bình,2,10.92,0,1,0,2774,37.42
434,2025-01-01,2025,Human Resources,Recruiter,0,0.19549523931769286,1,0.16908819344089202,Cao,3,19.55,1,0,0,1177,73.46
435,2025-01-01,2025,Finance,Internal Auditor,0,0.09513818528377588,0,0.16908819344089202,Thấp,1,9.51,0,0,1,3111,29.81
436,2025-01-01,2025,Sales,Account Manager,0,0.3376087776258504,1,0.16908819344089202,Cao,3,33.76,1,0,0,193,95.67
437,2025-01-01,2025,Finance,Accountant,0,0.2235472852766809,1,0.16908819344089202,Cao,3,22.35,1,0,0,880,80.16
438,2025-01-01,2025,Marketing,Digital Marketing Specialist,0,0.13317198416502002,0,0.16908819344089202,Trung bình,2,13.32,0,1,0,2158,51.32
444,2025-01-01,2025,Human Resources,C&B Specialist,0,0.21570080329178717,1,0.16908819344089202,Cao,3,21.57,1,0,0,966,78.22
447,2025-01-01,2025,Marketing,Marketing Manager,0,0.11179833862778833,0,0.16908819344089202,Trung bình,2,11.18,0,1,0,2695,39.2
448,2025-01-01,2025,Marketing,Digital Marketing Specialist,0,0.3468912982601399,1,0.16908819344089202,Cao,3,34.69,1,0,0,165,96.3
450,2025-01-01,2025,Marketing,Content Specialist,0,0.09518670521196211,0,0.16908819344089202,Thấp,1,9.52,0,0,1,3110,29.84
451,2025-01-01,2025,Marketing,Content Specialist,1,0.26507921367093007,1,0.16908819344089202,Cao,3,26.51,1,0,0,533,87.99
454,2025-01-01,2025,Information Technology,QA Engineer,0,0.24983670521165374,1,0.16908819344089202,Cao,3,24.98,1,0,0,657,85.2
459,2025-01-01,2025,Information Technology,IT Support,0,0.18856256593184761,1,0.16908819344089202,Cao,3,18.86,1,0,0,1242,71.99
460,2025-01-01,2025,Marketing,Digital Marketing Specialist,0,0.16673925286008193,0,0.16908819344089202,Trung bình,2,16.67,0,1,0,1518,65.76
464,2025-01-01,2025,Information Technology,Software Engineer,0,0.1297259262036555,0,0.16908819344089202,Trung bình,2,12.97,0,1,0,2250,49.24
467,2025-01-01,2025,Finance,Financial Analyst,0,0.18721642834798172,1,0.16908819344089202,Cao,3,18.72,1,0,0,1254,71.72
469,2025-01-01,2025,Sales,Sales Supervisor,0,0.3420078303211748,1,0.16908819344089202,Cao,3,34.2,1,0,0,179,95.98
477,2025-01-01,2025,Sales,Sales Representative,0,0.0742875262444378,0,0.16908819344089202,Thấp,1,7.43,0,0,1,3849,13.16
479,2025-01-01,2025,Information Technology,QA Engineer,0,0.12430765590039336,0,0.16908819344089202,Trung bình,2,12.43,0,1,0,2352,46.94
480,2025-01-01,2025,Information Technology,QA Engineer,0,0.1655764562874708,0,0.16908819344089202,Trung bình,2,16.56,0,1,0,1536,65.36
481,2025-01-01,2025,Human Resources,HR Executive,0,0.3006346412167135,1,0.16908819344089202,Cao,3,30.06,1,0,0,329,92.6
482,2025-01-01,2025,Human Resources,Recruiter,1,0.3575980758219716,1,0.16908819344089202,Cao,3,35.76,1,0,0,137,96.93
483,2025-01-01,2025,Information Technology,Software Engineer,0,0.3576572417079942,1,0.16908819344089202,Cao,3,35.77,1,0,0,136,96.95
488,2025-01-01,2025,Operations,Operations Executive,0,0.1730632333974593,1,0.16908819344089202,Cao,3,17.31,1,0,0,1438,67.57
489,2025-01-01,2025,Information Technology,Software Engineer,0,0.10874197050820525,0,0.16908819344089202,Trung bình,2,10.87,0,1,0,2785,37.17
490,2025-01-01,2025,Finance,Internal Auditor,0,0.19509456289627072,1,0.16908819344089202,Cao,3,19.51,1,0,0,1180,73.39
491,2025-01-01,2025,Human Resources,HR Manager,0,0.07439063423207004,0,0.16908819344089202,Thấp,1,7.44,0,0,1,3844,13.27
492,2025-01-01,2025,Human Resources,Recruiter,1,0.3145607324597792,1,0.16908819344089202,Cao,3,31.46,1,0,0,276,93.79
494,2025-01-01,2025,Operations,Operations Manager,0,0.14530977435014392,0,0.16908819344089202,Trung bình,2,14.53,0,1,0,1873,57.75
495,2025-01-01,2025,Operations,Warehouse Supervisor,0,0.2860428495500963,1,0.16908819344089202,Cao,3,28.6,1,0,0,389,91.24
497,2025-01-01,2025,Sales,Sales Representative,0,0.29819205091078727,1,0.16908819344089202,Cao,3,29.82,1,0,0,340,92.35
499,2025-01-01,2025,Information Technology,Data Analyst,0,0.31002684763756555,1,0.16908819344089202,Cao,3,31.0,1,0,0,295,93.36
501,2025-01-01,2025,Sales,Sales Representative,0,0.13728230508433217,0,0.16908819344089202,Trung bình,2,13.73,0,1,0,2053,53.69
505,2025-01-01,2025,Finance,Accountant,0,0.22261773650943192,1,0.16908819344089202,Cao,3,22.26,1,0,0,896,79.8
508,2025-01-01,2025,Operations,Procurement Specialist,0,0.11137137878260214,0,0.16908819344089202,Trung bình,2,11.14,0,1,0,2708,38.91
515,2025-01-01,2025,Operations,Operations Executive,1,0.17101244696929702,1,0.16908819344089202,Cao,3,17.1,1,0,0,1465,66.96
518,2025-01-01,2025,Information Technology,Data Analyst,0,0.09103886893813458,0,0.16908819344089202,Thấp,1,9.1,0,0,1,3231,27.1
527,2025-01-01,2025,Human Resources,HR Manager,0,0.20976264884528517,1,0.16908819344089202,Cao,3,20.98,1,0,0,1036,76.64
529,2025-01-01,2025,Human Resources,HR Manager,1,0.21733620679812404,1,0.16908819344089202,Cao,3,21.73,1,0,0,946,78.67
530,2025-01-01,2025,Operations,Operations Executive,0,0.14204141389401265,0,0.16908819344089202,Trung bình,2,14.2,0,1,0,1936,56.33
532,2025-01-01,2025,Human Resources,C&B Specialist,0,0.15665382407867123,0,0.16908819344089202,Trung bình,2,15.67,0,1,0,1673,62.27
533,2025-01-01,2025,Marketing,Digital Marketing Specialist,0,0.12009626305487124,0,0.16908819344089202,Trung bình,2,12.01,0,1,0,2470,44.28
542,2025-01-01,2025,Human Resources,Recruiter,0,0.08077093474688186,0,0.16908819344089202,Thấp,1,8.08,0,0,1,3582,19.18
543,2025-01-01,2025,Marketing,Digital Marketing Specialist,0,0.21001303576074748,1,0.16908819344089202,Cao,3,21.0,1,0,0,1031,76.75
547,2025-01-01,2025,Operations,Procurement Specialist,0,0.0744117536807965,0,0.16908819344089202,Thấp,1,7.44,0,0,1,3843,13.29
549,2025-01-01,2025,Human Resources,HR Manager,0,0.23979177699956353,1,0.16908819344089202,Cao,3,23.98,1,0,0,736,83.41
550,2025-01-01,2025,Human Resources,HR Manager,0,0.07805913132347818,0,0.16908819344089202,Thấp,1,7.81,0,0,1,3706,16.38
552,2025-01-01,2025,Sales,Sales Supervisor,0,0.264376040193553,1,0.16908819344089202,Cao,3,26.44,1,0,0,542,87.79
553,2025-01-01,2025,Marketing,Content Specialist,1,0.3442413669417878,1,0.16908819344089202,Cao,3,34.42,1,0,0,174,96.1
555,2025-01-01,2025,Marketing,Marketing Executive,0,0.2083937261479142,1,0.16908819344089202,Cao,3,20.84,1,0,0,1049,76.35
561,2025-01-01,2025,Operations,Procurement Specialist,0,0.09559841677621116,0,0.16908819344089202,Thấp,1,9.56,0,0,1,3095,30.17
562,2025-01-01,2025,Marketing,Marketing Executive,1,0.2697934184902077,1,0.16908819344089202,Cao,3,26.98,1,0,0,499,88.76
563,2025-01-01,2025,Marketing,Digital Marketing Specialist,0,0.12940886000906912,0,0.16908819344089202,Trung bình,2,12.94,0,1,0,2261,49.0
564,2025-01-01,2025,Operations,Operations Executive,0,0.10858902973484627,0,0.16908819344089202,Trung bình,2,10.86,0,1,0,2789,37.08
565,2025-01-01,2025,Operations,Warehouse Supervisor,0,0.21563477161577838,1,0.16908819344089202,Cao,3,21.56,1,0,0,968,78.18
567,2025-01-01,2025,Human Resources,C&B Specialist,0,0.12421392112064507,0,0.16908819344089202,Trung bình,2,12.42,0,1,0,2355,46.87
568,2025-01-01,2025,Operations,Procurement Specialist,0,0.0664961260429092,0,0.16908819344089202,Thấp,1,6.65,0,0,1,4104,7.4
575,2025-01-01,2025,Human Resources,Recruiter,0,0.32034464822452285,1,0.16908819344089202,Cao,3,32.03,1,0,0,250,94.38
583,2025-01-01,2025,Human Resources,Recruiter,0,0.24082255907853073,1,0.16908819344089202,Cao,3,24.08,1,0,0,729,83.57
584,2025-01-01,2025,Finance,Accountant,0,0.09192376730395224,0,0.16908819344089202,Thấp,1,9.19,0,0,1,3200,27.8
585,2025-01-01,2025,Finance,Internal Auditor,0,0.09671308398038926,0,0.16908819344089202,Thấp,1,9.67,0,0,1,3072,30.69
586,2025-01-01,2025,Human Resources,HR Manager,1,0.22603525022084586,1,0.16908819344089202,Cao,3,22.6,1,0,0,858,80.66
589,2025-01-01,2025,Human Resources,Recruiter,0,0.26336216522314476,1,0.16908819344089202,Cao,3,26.34,1,0,0,554,87.52
590,2025-01-01,2025,Information Technology,Data Analyst,0,0.09081314934544871,0,0.16908819344089202,Thấp,1,9.08,0,0,1,3238,26.95
591,2025-01-01,2025,Finance,Finance Manager,0,0.06900364217493626,0,0.16908819344089202,Thấp,1,6.9,0,0,1,4028,9.12
593,2025-01-01,2025,Marketing,Content Specialist,0,0.2983633858082482,1,0.16908819344089202,Cao,3,29.84,1,0,0,338,92.39
595,2025-01-01,2025,Human Resources,HR Manager,0,0.20128572797513639,1,0.16908819344089202,Cao,3,20.13,1,0,0,1125,74.63
598,2025-01-01,2025,Information Technology,Data Analyst,0,0.08264684625348773,0,0.16908819344089202,Thấp,1,8.26,0,0,1,3501,21.01
599,2025-01-01,2025,Operations,Operations Manager,0,0.07540490770628296,0,0.16908819344089202,Thấp,1,7.54,0,0,1,3804,14.17
600,2025-01-01,2025,Finance,Internal Auditor,0,0.2830037194709184,1,0.16908819344089202,Cao,3,28.3,1,0,0,410,90.77
602,2025-01-01,2025,Human Resources,HR Manager,0,0.19016383197919548,1,0.16908819344089202,Cao,3,19.02,1,0,0,1225,72.38
607,2025-01-01,2025,Sales,Sales Executive,0,0.2013389905783872,1,0.16908819344089202,Cao,3,20.13,1,0,0,1124,74.66
608,2025-01-01,2025,Human Resources,HR Executive,0,0.0826107915045056,0,0.16908819344089202,Thấp,1,8.26,0,0,1,3504,20.94
610,2025-01-01,2025,Sales,Account Manager,0,0.10667306442957468,0,0.16908819344089202,Trung bình,2,10.67,0,1,0,2849,35.73
611,2025-01-01,2025,Information Technology,QA Engineer,0,0.07430500681162372,0,0.16908819344089202,Thấp,1,7.43,0,0,1,3847,13.2
612,2025-01-01,2025,Operations,Operations Executive,0,0.0956730695791576,0,0.16908819344089202,Thấp,1,9.57,0,0,1,3092,30.24
613,2025-01-01,2025,Sales,Account Manager,0,0.09396289593932669,0,0.16908819344089202,Thấp,1,9.4,0,0,1,3138,29.2
614,2025-01-01,2025,Operations,Operations Executive,0,0.1735628431184352,1,0.16908819344089202,Cao,3,17.36,1,0,0,1435,67.64
615,2025-01-01,2025,Information Technology,IT Support,1,0.32821544962630933,1,0.16908819344089202,Cao,3,32.82,1,0,0,224,94.97
616,2025-01-01,2025,Marketing,Content Specialist,0,0.3565356701393652,1,0.16908819344089202,Cao,3,35.65,1,0,0,141,96.84
618,2025-01-01,2025,Human Resources,HR Manager,0,0.0775090769127618,0,0.16908819344089202,Thấp,1,7.75,0,0,1,3731,15.82
619,2025-01-01,2025,Marketing,Content Specialist,0,0.18632085354093306,1,0.16908819344089202,Cao,3,18.63,1,0,0,1266,71.45
622,2025-01-01,2025,Information Technology,IT Support,0,0.13703081563253156,0,0.16908819344089202,Trung bình,2,13.7,0,1,0,2061,53.51
624,2025-01-01,2025,Operations,Warehouse Supervisor,0,0.06310857201941494,0,0.16908819344089202,Thấp,1,6.31,0,0,1,4212,4.97
626,2025-01-01,2025,Finance,Accountant,0,0.14591413878864065,0,0.16908819344089202,Trung bình,2,14.59,0,1,0,1865,57.93
631,2025-01-01,2025,Finance,Finance Manager,0,0.13166653142271745,0,0.16908819344089202,Trung bình,2,13.17,0,1,0,2204,50.28
632,2025-01-01,2025,Information Technology,Data Analyst,0,0.065689273645913,0,0.16908819344089202,Thấp,1,6.57,0,0,1,4127,6.88
633,2025-01-01,2025,Finance,Accountant,0,0.23403961067847442,1,0.16908819344089202,Cao,3,23.4,1,0,0,793,82.13
636,2025-01-01,2025,Sales,Account Manager,0,0.14794923687782766,0,0.16908819344089202,Trung bình,2,14.79,0,1,0,1826,58.81
637,2025-01-01,2025,Information Technology,IT Support,0,0.10384500398211657,0,0.16908819344089202,Trung bình,2,10.38,0,1,0,2903,34.51
638,2025-01-01,2025,Finance,Accountant,0,0.06516233192619221,0,0.16908819344089202,Thấp,1,6.52,0,0,1,4143,6.52
639,2025-01-01,2025,Human Resources,Recruiter,0,0.26803573959215377,1,0.16908819344089202,Cao,3,26.8,1,0,0,513,88.45
641,2025-01-01,2025,Operations,Operations Manager,0,0.0906385954046212,0,0.16908819344089202,Thấp,1,9.06,0,0,1,3245,26.79
642,2025-01-01,2025,Information Technology,Software Engineer,0,0.1339747437543142,0,0.16908819344089202,Trung bình,2,13.4,0,1,0,2133,51.88
644,2025-01-01,2025,Finance,Accountant,0,0.11579338741481,0,0.16908819344089202,Trung bình,2,11.58,0,1,0,2572,41.98
646,2025-01-01,2025,Finance,Financial Analyst,0,0.20775865231168403,1,0.16908819344089202,Cao,3,20.78,1,0,0,1059,76.12
647,2025-01-01,2025,Marketing,Marketing Manager,0,0.07899394930212282,0,0.16908819344089202,Thấp,1,7.9,0,0,1,3668,17.24
648,2025-01-01,2025,Operations,Warehouse Supervisor,1,0.28631378698831755,1,0.16908819344089202,Cao,3,28.63,1,0,0,387,91.29
649,2025-01-01,2025,Sales,Sales Representative,1,0.15177001696109196,0,0.16908819344089202,Trung bình,2,15.18,0,1,0,1757,60.37
650,2025-01-01,2025,Finance,Financial Analyst,0,0.28149694573873546,1,0.16908819344089202,Cao,3,28.15,1,0,0,417,90.61
651,2025-01-01,2025,Operations,Procurement Specialist,1,0.07123179945437519,0,0.16908819344089202,Thấp,1,7.12,0,0,1,3954,10.79
652,2025-01-01,2025,Sales,Sales Supervisor,0,0.3414455490224186,1,0.16908819344089202,Cao,3,34.14,1,0,0,183,95.89
653,2025-01-01,2025,Sales,Sales Representative,0,0.08075158003576156,0,0.16908819344089202,Thấp,1,8.08,0,0,1,3583,19.16
659,2025-01-01,2025,Sales,Sales Executive,0,0.36433077970308714,1,0.16908819344089202,Cao,3,36.43,1,0,0,122,97.27
661,2025-01-01,2025,Human Resources,HR Manager,0,0.10377201635662374,0,0.16908819344089202,Trung bình,2,10.38,0,1,0,2904,34.48
663,2025-01-01,2025,Human Resources,C&B Specialist,0,0.07762122620219995,0,0.16908819344089202,Thấp,1,7.76,0,0,1,3728,15.89
664,2025-01-01,2025,Information Technology,Data Analyst,1,0.25995313515740326,1,0.16908819344089202,Cao,3,26.0,1,0,0,578,86.98
666,2025-01-01,2025,Information Technology,Data Analyst,0,0.08440954643655649,0,0.16908819344089202,Thấp,1,8.44,0,0,1,3440,22.39
670,2025-01-01,2025,Marketing,Digital Marketing Specialist,0,0.11424009139450259,0,0.16908819344089202,Trung bình,2,11.42,0,1,0,2619,40.92
671,2025-01-01,2025,Human Resources,HR Manager,0,0.09537363294933014,0,0.16908819344089202,Thấp,1,9.54,0,0,1,3103,29.99
673,2025-01-01,2025,Operations,Warehouse Supervisor,0,0.12234944274379361,0,0.16908819344089202,Trung bình,2,12.23,0,1,0,2402,45.81
675,2025-01-01,2025,Operations,Warehouse Supervisor,0,0.10386258698196539,0,0.16908819344089202,Trung bình,2,10.39,0,1,0,2902,34.53
676,2025-01-01,2025,Finance,Finance Manager,0,0.17124515610192062,1,0.16908819344089202,Cao,3,17.12,1,0,0,1458,67.12
680,2025-01-01,2025,Human Resources,C&B Specialist,0,0.1895918005769129,1,0.16908819344089202,Cao,3,18.96,1,0,0,1234,72.17
683,2025-01-01,2025,Human Resources,HR Executive,0,0.1090574634627622,0,0.16908819344089202,Trung bình,2,10.91,0,1,0,2776,37.37
684,2025-01-01,2025,Sales,Sales Supervisor,0,0.12229652849704756,0,0.16908819344089202,Trung bình,2,12.23,0,1,0,2403,45.79
685,2025-01-01,2025,Operations,Procurement Specialist,0,0.0813036569951207,0,0.16908819344089202,Thấp,1,8.13,0,0,1,3557,19.75
691,2025-01-01,2025,Marketing,Marketing Executive,0,0.11124630312189855,0,0.16908819344089202,Trung bình,2,11.12,0,1,0,2715,38.75
692,2025-01-01,2025,Human Resources,C&B Specialist,0,0.21413428564540127,1,0.16908819344089202,Cao,3,21.41,1,0,0,983,77.84
693,2025-01-01,2025,Sales,Sales Supervisor,0,0.17771573156755402,1,0.16908819344089202,Cao,3,17.77,1,0,0,1363,69.26
694,2025-01-01,2025,Marketing,Marketing Manager,0,0.18386753379326456,1,0.16908819344089202,Cao,3,18.39,1,0,0,1292,70.86
696,2025-01-01,2025,Finance,Finance Manager,0,0.14004094133295467,0,0.16908819344089202,Trung bình,2,14.0,0,1,0,1974,55.47
701,2025-01-01,2025,Finance,Financial Analyst,0,0.12191066402024452,0,0.16908819344089202,Trung bình,2,12.19,0,1,0,2414,45.54
703,2025-01-01,2025,Finance,Financial Analyst,0,0.060354154946881025,0,0.16908819344089202,Thấp,1,6.04,0,0,1,4289,3.23
705,2025-01-01,2025,Human Resources,C&B Specialist,0,0.07941682707678145,0,0.16908819344089202,Thấp,1,7.94,0,0,1,3648,17.69
709,2025-01-01,2025,Marketing,Digital Marketing Specialist,0,0.2764839841871441,1,0.16908819344089202,Cao,3,27.65,1,0,0,454,89.78
710,2025-01-01,2025,Information Technology,Data Analyst,0,0.07697225260547078,0,0.16908819344089202,Thấp,1,7.7,0,0,1,3747,15.46
715,2025-01-01,2025,Information Technology,IT Support,0,0.11289755387750901,0,0.16908819344089202,Trung bình,2,11.29,0,1,0,2662,39.95
720,2025-01-01,2025,Sales,Sales Representative,1,0.17705775931972217,1,0.16908819344089202,Cao,3,17.71,1,0,0,1377,68.95
721,2025-01-01,2025,Marketing,Digital Marketing Specialist,0,0.22505456908796237,1,0.16908819344089202,Cao,3,22.51,1,0,0,864,80.52
731,2025-01-01,2025,Sales,Sales Representative,0,0.19996561244061078,1,0.16908819344089202,Cao,3,20.0,1,0,0,1141,74.27
734,2025-01-01,2025,Finance,Internal Auditor,0,0.12410195587012218,0,0.16908819344089202,Trung bình,2,12.41,0,1,0,2357,46.83
735,2025-01-01,2025,Information Technology,Data Analyst,0,0.059325383703874114,0,0.16908819344089202,Thấp,1,5.93,0,0,1,4317,2.6
736,2025-01-01,2025,Operations,Operations Manager,0,0.4445041123121078,1,0.16908819344089202,Cao,3,44.45,1,0,0,14,99.71
738,2025-01-01,2025,Operations,Operations Manager,0,0.0735608586884212,0,0.16908819344089202,Thấp,1,7.36,0,0,1,3886,12.32
744,2025-01-01,2025,Information Technology,Software Engineer,0,0.3182940141635736,1,0.16908819344089202,Cao,3,31.83,1,0,0,259,94.18
745,2025-01-01,2025,Operations,Procurement Specialist,0,0.10034267558652375,0,0.16908819344089202,Trung bình,2,10.03,0,1,0,2987,32.61
748,2025-01-01,2025,Information Technology,Data Analyst,0,0.09391393518625703,0,0.16908819344089202,Thấp,1,9.39,0,0,1,3139,29.18
750,2025-01-01,2025,Finance,Financial Analyst,0,0.14298332399716326,0,0.16908819344089202,Trung bình,2,14.3,0,1,0,1912,56.87
752,2025-01-01,2025,Sales,Sales Executive,0,0.05815958027103522,0,0.16908819344089202,Thấp,1,5.82,0,0,1,4333,2.23
753,2025-01-01,2025,Marketing,Marketing Executive,0,0.3048328114450834,1,0.16908819344089202,Cao,3,30.48,1,0,0,316,92.89
758,2025-01-01,2025,Operations,Procurement Specialist,0,0.09291762617272115,0,0.16908819344089202,Thấp,1,9.29,0,0,1,3162,28.66
759,2025-01-01,2025,Sales,Sales Executive,0,0.11579692922386478,0,0.16908819344089202,Trung bình,2,11.58,0,1,0,2571,42.0
764,2025-01-01,2025,Human Resources,HR Executive,0,0.06487065761708304,0,0.16908819344089202,Thấp,1,6.49,0,0,1,4156,6.23
766,2025-01-01,2025,Finance,Internal Auditor,0,0.11915934841561532,0,0.16908819344089202,Trung bình,2,11.92,0,1,0,2493,43.76
768,2025-01-01,2025,Sales,Sales Supervisor,0,0.08313739345287595,0,0.16908819344089202,Thấp,1,8.31,0,0,1,3481,21.46
770,2025-01-01,2025,Information Technology,System Administrator,0,0.08537427312730343,0,0.16908819344089202,Thấp,1,8.54,0,0,1,3408,23.11
771,2025-01-01,2025,Finance,Internal Auditor,0,0.1481832838139589,0,0.16908819344089202,Trung bình,2,14.82,0,1,0,1821,58.93
773,2025-01-01,2025,Operations,Warehouse Supervisor,0,0.25991161647202454,1,0.16908819344089202,Cao,3,25.99,1,0,0,579,86.96
775,2025-01-01,2025,Finance,Accountant,0,0.09399747961704664,0,0.16908819344089202,Thấp,1,9.4,0,0,1,3134,29.29
776,2025-01-01,2025,Marketing,Marketing Executive,0,0.06969082059963988,0,0.16908819344089202,Thấp,1,6.97,0,0,1,4005,9.64
777,2025-01-01,2025,Operations,Warehouse Supervisor,0,0.08154443609047567,0,0.16908819344089202,Thấp,1,8.15,0,0,1,3544,20.04
779,2025-01-01,2025,Finance,Finance Manager,1,0.292084407227789,1,0.16908819344089202,Cao,3,29.21,1,0,0,363,91.83
784,2025-01-01,2025,Sales,Sales Executive,0,0.12972963260542864,0,0.16908819344089202,Trung bình,2,12.97,0,1,0,2249,49.27
786,2025-01-01,2025,Operations,Warehouse Supervisor,0,0.13066241613236018,0,0.16908819344089202,Trung bình,2,13.07,0,1,0,2227,49.76
787,2025-01-01,2025,Finance,Financial Analyst,0,0.07968622965140128,0,0.16908819344089202,Thấp,1,7.97,0,0,1,3637,17.94
789,2025-01-01,2025,Sales,Sales Representative,0,0.12062849687576645,0,0.16908819344089202,Trung bình,2,12.06,0,1,0,2454,44.64
790,2025-01-01,2025,Marketing,Content Specialist,0,0.12054010722714037,0,0.16908819344089202,Trung bình,2,12.05,0,1,0,2455,44.62
791,2025-01-01,2025,Sales,Sales Supervisor,0,0.11338417301748367,0,0.16908819344089202,Trung bình,2,11.34,0,1,0,2644,40.35
792,2025-01-01,2025,Information Technology,Data Analyst,0,0.13254528520988562,0,0.16908819344089202,Trung bình,2,13.25,0,1,0,2178,50.87
796,2025-01-01,2025,Information Technology,Software Engineer,0,0.20244517294671643,1,0.16908819344089202,Cao,3,20.24,1,0,0,1111,74.95
798,2025-01-01,2025,Finance,Finance Manager,0,0.06791612725936019,0,0.16908819344089202,Thấp,1,6.79,0,0,1,4063,8.33
799,2025-01-01,2025,Operations,Warehouse Supervisor,0,0.1667530546896307,0,0.16908819344089202,Trung bình,2,16.68,0,1,0,1517,65.79
800,2025-01-01,2025,Marketing,Marketing Manager,0,0.13175252431075501,0,0.16908819344089202,Trung bình,2,13.18,0,1,0,2200,50.37
802,2025-01-01,2025,Marketing,Marketing Executive,0,0.24724001180583272,1,0.16908819344089202,Cao,3,24.72,1,0,0,685,84.56
803,2025-01-01,2025,Finance,Financial Analyst,0,0.2140817150242172,1,0.16908819344089202,Cao,3,21.41,1,0,0,985,77.79
804,2025-01-01,2025,Information Technology,QA Engineer,0,0.07510914673510587,0,0.16908819344089202,Thấp,1,7.51,0,0,1,3817,13.88
805,2025-01-01,2025,Information Technology,Software Engineer,0,0.110213460825662,0,0.16908819344089202,Trung bình,2,11.02,0,1,0,2746,38.05
811,2025-01-01,2025,Operations,Procurement Specialist,0,0.1729947766205366,1,0.16908819344089202,Cao,3,17.3,1,0,0,1440,67.52
813,2025-01-01,2025,Sales,Account Manager,0,0.06789523812785814,0,0.16908819344089202,Thấp,1,6.79,0,0,1,4064,8.31
815,2025-01-01,2025,Sales,Sales Supervisor,0,0.14207405629929895,0,0.16908819344089202,Trung bình,2,14.21,0,1,0,1935,56.35
816,2025-01-01,2025,Marketing,Digital Marketing Specialist,0,0.10869221661037663,0,0.16908819344089202,Trung bình,2,10.87,0,1,0,2787,37.12
818,2025-01-01,2025,Finance,Financial Analyst,0,0.07679291478569722,0,0.16908819344089202,Thấp,1,7.68,0,0,1,3753,15.32
819,2025-01-01,2025,Sales,Sales Executive,0,0.07687399119521174,0,0.16908819344089202,Thấp,1,7.69,0,0,1,3751,15.37
820,2025-01-01,2025,Information Technology,QA Engineer,0,0.11930734834801965,0,0.16908819344089202,Trung bình,2,11.93,0,1,0,2492,43.78
821,2025-01-01,2025,Human Resources,HR Executive,0,0.08210324022897954,0,0.16908819344089202,Thấp,1,8.21,0,0,1,3523,20.51
824,2025-01-01,2025,Marketing,Digital Marketing Specialist,0,0.07829577341854398,0,0.16908819344089202,Thấp,1,7.83,0,0,1,3695,16.63
825,2025-01-01,2025,Human Resources,HR Manager,0,0.10120584934569249,0,0.16908819344089202,Trung bình,2,10.12,0,1,0,2968,33.04
826,2025-01-01,2025,Operations,Operations Executive,1,0.1610328445863092,0,0.16908819344089202,Trung bình,2,16.1,0,1,0,1600,63.91
832,2025-01-01,2025,Human Resources,C&B Specialist,0,0.15870379127721818,0,0.16908819344089202,Trung bình,2,15.87,0,1,0,1643,62.94
835,2025-01-01,2025,Human Resources,Recruiter,0,0.13256042984462504,0,0.16908819344089202,Trung bình,2,13.26,0,1,0,2176,50.91
836,2025-01-01,2025,Human Resources,Recruiter,0,0.0791228949529538,0,0.16908819344089202,Thấp,1,7.91,0,0,1,3660,17.42
837,2025-01-01,2025,Finance,Finance Manager,0,0.335798371200495,1,0.16908819344089202,Cao,3,33.58,1,0,0,199,95.53
842,2025-01-01,2025,Human Resources,C&B Specialist,1,0.29253823271930407,1,0.16908819344089202,Cao,3,29.25,1,0,0,360,91.9
845,2025-01-01,2025,Sales,Account Manager,0,0.18062727964961647,1,0.16908819344089202,Cao,3,18.06,1,0,0,1328,70.05
846,2025-01-01,2025,Sales,Account Manager,0,0.06330653718183277,0,0.16908819344089202,Thấp,1,6.33,0,0,1,4204,5.15
849,2025-01-01,2025,Sales,Sales Supervisor,0,0.09625625835872265,0,0.16908819344089202,Thấp,1,9.63,0,0,1,3082,30.47
852,2025-01-01,2025,Finance,Finance Manager,0,0.09842574979847209,0,0.16908819344089202,Thấp,1,9.84,0,0,1,3043,31.35
854,2025-01-01,2025,Human Resources,HR Executive,0,0.2261017875772013,1,0.16908819344089202,Cao,3,22.61,1,0,0,857,80.68
856,2025-01-01,2025,Finance,Internal Auditor,0,0.08544465234997693,0,0.16908819344089202,Thấp,1,8.54,0,0,1,3402,23.25
857,2025-01-01,2025,Operations,Operations Manager,0,0.19007194289927637,1,0.16908819344089202,Cao,3,19.01,1,0,0,1227,72.33
858,2025-01-01,2025,Finance,Accountant,1,0.3420844045855904,1,0.16908819344089202,Cao,3,34.21,1,0,0,178,96.01
860,2025-01-01,2025,Sales,Sales Supervisor,0,0.15460186890265548,0,0.16908819344089202,Trung bình,2,15.46,0,1,0,1705,61.54
862,2025-01-01,2025,Marketing,Digital Marketing Specialist,0,0.057485910425231726,0,0.16908819344089202,Thấp,1,5.75,0,0,1,4354,1.76
863,2025-01-01,2025,Marketing,Marketing Executive,0,0.09188379874162327,0,0.16908819344089202,Thấp,1,9.19,0,0,1,3201,27.78
866,2025-01-01,2025,Marketing,Content Specialist,0,0.11009430985430822,0,0.16908819344089202,Trung bình,2,11.01,0,1,0,2748,38.0
869,2025-01-01,2025,Sales,Sales Supervisor,0,0.38574180930785934,1,0.16908819344089202,Cao,3,38.57,1,0,0,77,98.28
870,2025-01-01,2025,Finance,Accountant,0,0.06743038153537279,0,0.16908819344089202,Thấp,1,6.74,0,0,1,4076,8.03
874,2025-01-01,2025,Marketing,Digital Marketing Specialist,0,0.25380461651177666,1,0.16908819344089202,Cao,3,25.38,1,0,0,623,85.96
881,2025-01-01,2025,Human Resources,C&B Specialist,0,0.11718675220543212,0,0.16908819344089202,Trung bình,2,11.72,0,1,0,2529,42.95
882,2025-01-01,2025,Human Resources,Recruiter,0,0.13061168175113466,0,0.16908819344089202,Trung bình,2,13.06,0,1,0,2230,49.7
883,2025-01-01,2025,Marketing,Digital Marketing Specialist,0,0.07041350627501351,0,0.16908819344089202,Thấp,1,7.04,0,0,1,3987,10.04
888,2025-01-01,2025,Operations,Operations Manager,0,0.12298754239661887,0,0.16908819344089202,Trung bình,2,12.3,0,1,0,2389,46.11
889,2025-01-01,2025,Finance,Internal Auditor,0,0.2230790720711284,1,0.16908819344089202,Cao,3,22.31,1,0,0,888,79.98
890,2025-01-01,2025,Operations,Operations Executive,0,0.08649956827669542,0,0.16908819344089202,Thấp,1,8.65,0,0,1,3371,23.94
891,2025-01-01,2025,Marketing,Digital Marketing Specialist,0,0.07911951650452251,0,0.16908819344089202,Thấp,1,7.91,0,0,1,3661,17.4
892,2025-01-01,2025,Marketing,Marketing Executive,0,0.12373042366319414,0,0.16908819344089202,Trung bình,2,12.37,0,1,0,2368,46.58
895,2025-01-01,2025,Finance,Finance Manager,0,0.08089981451946071,0,0.16908819344089202,Thấp,1,8.09,0,0,1,3578,19.27
896,2025-01-01,2025,Human Resources,Recruiter,0,0.20577260426698346,1,0.16908819344089202,Cao,3,20.58,1,0,0,1084,75.56
898,2025-01-01,2025,Sales,Sales Executive,0,0.1398466111598729,0,0.16908819344089202,Trung bình,2,13.98,0,1,0,1977,55.41
899,2025-01-01,2025,Information Technology,System Administrator,0,0.07807416710817476,0,0.16908819344089202,Thấp,1,7.81,0,0,1,3705,16.41
900,2025-01-01,2025,Information Technology,IT Support,0,0.2384126166456018,1,0.16908819344089202,Cao,3,23.84,1,0,0,745,83.21
904,2025-01-01,2025,Human Resources,HR Manager,0,0.2324661446651676,1,0.16908819344089202,Cao,3,23.25,1,0,0,808,81.79
905,2025-01-01,2025,Finance,Accountant,0,0.17729363272598783,1,0.16908819344089202,Cao,3,17.73,1,0,0,1373,69.04
913,2025-01-01,2025,Sales,Account Manager,0,0.17577673815337475,1,0.16908819344089202,Cao,3,17.58,1,0,0,1397,68.49
914,2025-01-01,2025,Marketing,Content Specialist,0,0.0780482761956288,0,0.16908819344089202,Thấp,1,7.8,0,0,1,3708,16.34
919,2025-01-01,2025,Human Resources,C&B Specialist,0,0.2691492828756057,1,0.16908819344089202,Cao,3,26.91,1,0,0,505,88.63
924,2025-01-01,2025,Human Resources,HR Manager,0,0.24822705875344062,1,0.16908819344089202,Cao,3,24.82,1,0,0,677,84.74
928,2025-01-01,2025,Finance,Financial Analyst,0,0.16830892580334147,0,0.16908819344089202,Trung bình,2,16.83,0,1,0,1501,66.15
933,2025-01-01,2025,Finance,Finance Manager,0,0.21449830192716257,1,0.16908819344089202,Cao,3,21.45,1,0,0,979,77.93
934,2025-01-01,2025,Finance,Accountant,0,0.06230892353021743,0,0.16908819344089202,Thấp,1,6.23,0,0,1,4236,4.42
936,2025-01-01,2025,Human Resources,HR Manager,1,0.14446986415289287,0,0.16908819344089202,Trung bình,2,14.45,0,1,0,1883,57.53
941,2025-01-01,2025,Operations,Procurement Specialist,0,0.08508471404737047,0,0.16908819344089202,Thấp,1,8.51,0,0,1,3419,22.86
942,2025-01-01,2025,Finance,Internal Auditor,1,0.22319901499781636,1,0.16908819344089202,Cao,3,22.32,1,0,0,887,80.0
947,2025-01-01,2025,Operations,Operations Executive,0,0.2589852414932292,1,0.16908819344089202,Cao,3,25.9,1,0,0,588,86.75
949,2025-01-01,2025,Finance,Financial Analyst,0,0.16902007174777806,0,0.16908819344089202,Trung bình,2,16.9,0,1,0,1491,66.37
951,2025-01-01,2025,Information Technology,IT Support,1,0.07190143967104858,0,0.16908819344089202,Thấp,1,7.19,0,0,1,3931,11.31
953,2025-01-01,2025,Human Resources,C&B Specialist,1,0.10824189247889004,0,0.16908819344089202,Trung bình,2,10.82,0,1,0,2803,36.76
954,2025-01-01,2025,Information Technology,Data Analyst,0,0.16472178768470247,0,0.16908819344089202,Trung bình,2,16.47,0,1,0,1549,65.06
957,2025-01-01,2025,Human Resources,Recruiter,0,0.07491652376592263,0,0.16908819344089202,Thấp,1,7.49,0,0,1,3822,13.77
958,2025-01-01,2025,Finance,Financial Analyst,0,0.06829775146596832,0,0.16908819344089202,Thấp,1,6.83,0,0,1,4052,8.58
964,2025-01-01,2025,Finance,Finance Manager,0,0.06975001165786955,0,0.16908819344089202,Thấp,1,6.98,0,0,1,4002,9.7
967,2025-01-01,2025,Information Technology,QA Engineer,0,0.1003915858966387,0,0.16908819344089202,Trung bình,2,10.04,0,1,0,2986,32.63
968,2025-01-01,2025,Marketing,Marketing Executive,0,0.12118453500679709,0,0.16908819344089202,Trung bình,2,12.12,0,1,0,2435,45.07
970,2025-01-01,2025,Information Technology,System Administrator,0,0.15301627631585601,0,0.16908819344089202,Trung bình,2,15.3,0,1,0,1736,60.84
974,2025-01-01,2025,Sales,Sales Supervisor,1,0.13143027463135618,0,0.16908819344089202,Trung bình,2,13.14,0,1,0,2209,50.17
976,2025-01-01,2025,Sales,Sales Executive,0,0.2015217780320037,1,0.16908819344089202,Cao,3,20.15,1,0,0,1122,74.7
977,2025-01-01,2025,Human Resources,HR Manager,0,0.172960696992811,1,0.16908819344089202,Cao,3,17.3,1,0,0,1442,67.48
978,2025-01-01,2025,Information Technology,Software Engineer,0,0.2503776020748226,1,0.16908819344089202,Cao,3,25.04,1,0,0,649,85.38
985,2025-01-01,2025,Finance,Finance Manager,0,0.07726364030990424,0,0.16908819344089202,Thấp,1,7.73,0,0,1,3737,15.68
987,2025-01-01,2025,Information Technology,QA Engineer,1,0.26595810155267896,1,0.16908819344089202,Cao,3,26.6,1,0,0,527,88.13
990,2025-01-01,2025,Operations,Warehouse Supervisor,0,0.1901207652955603,1,0.16908819344089202,Cao,3,19.01,1,0,0,1226,72.35
993,2025-01-01,2025,Marketing,Content Specialist,0,0.20838426231874263,1,0.16908819344089202,Cao,3,20.84,1,0,0,1050,76.33
995,2025-01-01,2025,Operations,Operations Manager,0,0.0714751146101028,0,0.16908819344089202,Thấp,1,7.15,0,0,1,3948,10.92
998,2025-01-01,2025,Operations,Procurement Specialist,0,0.07873332540251342,0,0.16908819344089202,Thấp,1,7.87,0,0,1,3678,17.02
1001,2025-01-01,2025,Marketing,Content Specialist,0,0.11987217946105089,0,0.16908819344089202,Trung bình,2,11.99,0,1,0,2479,44.08
1002,2025-01-01,2025,Operations,Operations Executive,0,0.20605505127860327,1,0.16908819344089202,Cao,3,20.61,1,0,0,1080,75.65
1003,2025-01-01,2025,Marketing,Digital Marketing Specialist,0,0.20604276936903498,1,0.16908819344089202,Cao,3,20.6,1,0,0,1081,75.63
1007,2025-01-01,2025,Operations,Operations Manager,0,0.1176435284961777,0,0.16908819344089202,Trung bình,2,11.76,0,1,0,2522,43.11
1010,2025-01-01,2025,Operations,Procurement Specialist,0,0.18318937596793144,1,0.16908819344089202,Cao,3,18.32,1,0,0,1301,70.66
1012,2025-01-01,2025,Marketing,Content Specialist,0,0.1836887085799372,1,0.16908819344089202,Cao,3,18.37,1,0,0,1294,70.82
1016,2025-01-01,2025,Finance,Finance Manager,0,0.1098302321683379,0,0.16908819344089202,Trung bình,2,10.98,0,1,0,2754,37.87
1017,2025-01-01,2025,Human Resources,C&B Specialist,0,0.15370690585373037,0,0.16908819344089202,Trung bình,2,15.37,0,1,0,1722,61.16
1020,2025-01-01,2025,Information Technology,Data Analyst,0,0.36650282458713646,1,0.16908819344089202,Cao,3,36.65,1,0,0,114,97.45
1021,2025-01-01,2025,Finance,Financial Analyst,0,0.11989938267361412,0,0.16908819344089202,Trung bình,2,11.99,0,1,0,2477,44.12
1022,2025-01-01,2025,Marketing,Marketing Executive,0,0.20474918160005331,1,0.16908819344089202,Cao,3,20.47,1,0,0,1095,75.31
1025,2025-01-01,2025,Finance,Internal Auditor,0,0.1380150067742714,0,0.16908819344089202,Trung bình,2,13.8,0,1,0,2032,54.16
1029,2025-01-01,2025,Human Resources,HR Executive,0,0.14129781443612868,0,0.16908819344089202,Trung bình,2,14.13,0,1,0,1951,55.99
1032,2025-01-01,2025,Finance,Financial Analyst,0,0.08714407997263253,0,0.16908819344089202,Thấp,1,8.71,0,0,1,3344,24.55
1036,2025-01-01,2025,Information Technology,QA Engineer,0,0.09903364700743092,0,0.16908819344089202,Thấp,1,9.9,0,0,1,3026,31.73
1040,2025-01-01,2025,Operations,Procurement Specialist,0,0.1255110885158261,0,0.16908819344089202,Trung bình,2,12.55,0,1,0,2323,47.6
1041,2025-01-01,2025,Operations,Warehouse Supervisor,0,0.1372190930044975,0,0.16908819344089202,Trung bình,2,13.72,0,1,0,2054,53.67
1042,2025-01-01,2025,Information Technology,System Administrator,0,0.12186178667981473,0,0.16908819344089202,Trung bình,2,12.19,0,1,0,2417,45.48
1043,2025-01-01,2025,Finance,Accountant,1,0.38670031235955704,1,0.16908819344089202,Cao,3,38.67,1,0,0,76,98.31
1044,2025-01-01,2025,Sales,Account Manager,0,0.08465183133260876,0,0.16908819344089202,Thấp,1,8.47,0,0,1,3434,22.52
1045,2025-01-01,2025,Information Technology,QA Engineer,0,0.19817000784142422,1,0.16908819344089202,Cao,3,19.82,1,0,0,1155,73.96
1051,2025-01-01,2025,Operations,Operations Manager,0,0.08578888098553265,0,0.16908819344089202,Thấp,1,8.58,0,0,1,3388,23.56
1053,2025-01-01,2025,Information Technology,IT Support,0,0.08850053993346471,0,0.16908819344089202,Thấp,1,8.85,0,0,1,3305,25.43
1055,2025-01-01,2025,Finance,Finance Manager,0,0.1357319180074506,0,0.16908819344089202,Trung bình,2,13.57,0,1,0,2091,52.83
1059,2025-01-01,2025,Finance,Finance Manager,0,0.08669249086914996,0,0.16908819344089202,Thấp,1,8.67,0,0,1,3367,24.04
1064,2025-01-01,2025,Sales,Sales Representative,0,0.07614875668637874,0,0.16908819344089202,Thấp,1,7.61,0,0,1,3781,14.69
1074,2025-01-01,2025,Sales,Sales Supervisor,0,0.14793438215246463,0,0.16908819344089202,Trung bình,2,14.79,0,1,0,1827,58.79
1075,2025-01-01,2025,Human Resources,C&B Specialist,1,0.06228465805315123,0,0.16908819344089202,Thấp,1,6.23,0,0,1,4237,4.4
1076,2025-01-01,2025,Finance,Accountant,0,0.3685297213485122,1,0.16908819344089202,Cao,3,36.85,1,0,0,110,97.54
1078,2025-01-01,2025,Information Technology,Data Analyst,0,0.1201346458771381,0,0.16908819344089202,Trung bình,2,12.01,0,1,0,2469,44.3
1082,2025-01-01,2025,Information Technology,Data Analyst,0,0.23441244671056533,1,0.16908819344089202,Cao,3,23.44,1,0,0,785,82.31
1083,2025-01-01,2025,Finance,Accountant,1,0.22730686349801696,1,0.16908819344089202,Cao,3,22.73,1,0,0,849,80.86
1085,2025-01-01,2025,Human Resources,Recruiter,0,0.13349000364065436,0,0.16908819344089202,Trung bình,2,13.35,0,1,0,2148,51.55
1086,2025-01-01,2025,Human Resources,HR Executive,0,0.07912525470125925,0,0.16908819344089202,Thấp,1,7.91,0,0,1,3659,17.45
1088,2025-01-01,2025,Information Technology,Data Analyst,0,0.07375704157770356,0,0.16908819344089202,Thấp,1,7.38,0,0,1,3877,12.53
1091,2025-01-01,2025,Human Resources,HR Executive,0,0.060964956332319305,0,0.16908819344089202,Thấp,1,6.1,0,0,1,4271,3.63
1093,2025-01-01,2025,Sales,Account Manager,0,0.07888481378512394,0,0.16908819344089202,Thấp,1,7.89,0,0,1,3670,17.2
1096,2025-01-01,2025,Human Resources,C&B Specialist,0,0.06856882795602201,0,0.16908819344089202,Thấp,1,6.86,0,0,1,4040,8.85
1100,2025-01-01,2025,Finance,Finance Manager,0,0.06537075756963566,0,0.16908819344089202,Thấp,1,6.54,0,0,1,4138,6.64
1109,2025-01-01,2025,Information Technology,Software Engineer,0,0.33008563662606066,1,0.16908819344089202,Cao,3,33.01,1,0,0,221,95.03
1118,2025-01-01,2025,Marketing,Digital Marketing Specialist,0,0.10856154337094961,0,0.16908819344089202,Trung bình,2,10.86,0,1,0,2790,37.06
1119,2025-01-01,2025,Information Technology,QA Engineer,0,0.2033356867988302,1,0.16908819344089202,Cao,3,20.33,1,0,0,1107,75.04
1121,2025-01-01,2025,Marketing,Marketing Executive,0,0.22149340791145963,1,0.16908819344089202,Cao,3,22.15,1,0,0,900,79.71
1125,2025-01-01,2025,Human Resources,HR Executive,0,0.17155184340113852,1,0.16908819344089202,Cao,3,17.16,1,0,0,1455,67.19
1129,2025-01-01,2025,Finance,Accountant,0,0.1002608263752457,0,0.16908819344089202,Trung bình,2,10.03,0,1,0,2990,32.54
1132,2025-01-01,2025,Operations,Operations Executive,0,0.11772187210244318,0,0.16908819344089202,Trung bình,2,11.77,0,1,0,2521,43.13
1139,2025-01-01,2025,Finance,Financial Analyst,0,0.12693465238431922,0,0.16908819344089202,Trung bình,2,12.69,0,1,0,2301,48.09
1140,2025-01-01,2025,Operations,Warehouse Supervisor,0,0.12945133649704949,0,0.16908819344089202,Trung bình,2,12.95,0,1,0,2259,49.04
1141,2025-01-01,2025,Operations,Operations Executive,0,0.19894452519582068,1,0.16908819344089202,Cao,3,19.89,1,0,0,1146,74.16
1142,2025-01-01,2025,Operations,Procurement Specialist,0,0.13471727850003276,0,0.16908819344089202,Trung bình,2,13.47,0,1,0,2120,52.18
1144,2025-01-01,2025,Marketing,Marketing Executive,0,0.22130554828385252,1,0.16908819344089202,Cao,3,22.13,1,0,0,902,79.67
1146,2025-01-01,2025,Operations,Warehouse Supervisor,0,0.0862498059329377,0,0.16908819344089202,Thấp,1,8.62,0,0,1,3381,23.72
1147,2025-01-01,2025,Human Resources,HR Executive,0,0.2503613134541164,1,0.16908819344089202,Cao,3,25.04,1,0,0,650,85.35
1154,2025-01-01,2025,Information Technology,Data Analyst,0,0.1678408659729748,0,0.16908819344089202,Trung bình,2,16.78,0,1,0,1509,65.97
1155,2025-01-01,2025,Marketing,Content Specialist,1,0.3874670872888632,1,0.16908819344089202,Cao,3,38.75,1,0,0,73,98.38
1157,2025-01-01,2025,Marketing,Digital Marketing Specialist,0,0.07103331396927186,0,0.16908819344089202,Thấp,1,7.1,0,0,1,3965,10.54
1160,2025-01-01,2025,Sales,Sales Supervisor,0,0.1942468849359013,1,0.16908819344089202,Cao,3,19.42,1,0,0,1190,73.17
1162,2025-01-01,2025,Sales,Sales Supervisor,0,0.08090956291038297,0,0.16908819344089202,Thấp,1,8.09,0,0,1,3576,19.32
1163,2025-01-01,2025,Sales,Sales Supervisor,0,0.19863223580976216,1,0.16908819344089202,Cao,3,19.86,1,0,0,1148,74.11
1164,2025-01-01,2025,Operations,Procurement Specialist,0,0.14921328273642873,0,0.16908819344089202,Trung bình,2,14.92,0,1,0,1810,59.17
1165,2025-01-01,2025,Finance,Financial Analyst,0,0.14327177282624068,0,0.16908819344089202,Trung bình,2,14.33,0,1,0,1908,56.96
1172,2025-01-01,2025,Marketing,Marketing Executive,0,0.13612562605659007,0,0.16908819344089202,Trung bình,2,13.61,0,1,0,2083,53.01
1174,2025-01-01,2025,Human Resources,C&B Specialist,1,0.08631144286573461,0,0.16908819344089202,Thấp,1,8.63,0,0,1,3378,23.79
1176,2025-01-01,2025,Human Resources,C&B Specialist,0,0.2507167702435222,1,0.16908819344089202,Cao,3,25.07,1,0,0,646,85.44
1178,2025-01-01,2025,Human Resources,HR Executive,1,0.2534848668856004,1,0.16908819344089202,Cao,3,25.35,1,0,0,626,85.89
1180,2025-01-01,2025,Sales,Sales Supervisor,1,0.2940730528152753,1,0.16908819344089202,Cao,3,29.41,1,0,0,356,91.99
1182,2025-01-01,2025,Sales,Sales Supervisor,0,0.07047139831284595,0,0.16908819344089202,Thấp,1,7.05,0,0,1,3985,10.09
1184,2025-01-01,2025,Human Resources,Recruiter,0,0.1291158930326526,0,0.16908819344089202,Trung bình,2,12.91,0,1,0,2265,48.91
1190,2025-01-01,2025,Human Resources,Recruiter,0,0.11541793567312406,0,0.16908819344089202,Trung bình,2,11.54,0,1,0,2584,41.71
1193,2025-01-01,2025,Human Resources,C&B Specialist,0,0.07978548880623777,0,0.16908819344089202,Thấp,1,7.98,0,0,1,3630,18.1
1195,2025-01-01,2025,Human Resources,C&B Specialist,0,0.13682070136898947,0,0.16908819344089202,Trung bình,2,13.68,0,1,0,2068,53.35
1201,2025-01-01,2025,Marketing,Marketing Manager,0,0.24213246526773294,1,0.16908819344089202,Cao,3,24.21,1,0,0,718,83.82
1202,2025-01-01,2025,Sales,Sales Executive,0,0.17726131549544344,1,0.16908819344089202,Cao,3,17.73,1,0,0,1374,69.01
1203,2025-01-01,2025,Operations,Operations Executive,1,0.2835587581762113,1,0.16908819344089202,Cao,3,28.36,1,0,0,407,90.84
1204,2025-01-01,2025,Finance,Accountant,0,0.059342279975015684,0,0.16908819344089202,Thấp,1,5.93,0,0,1,4316,2.62
1205,2025-01-01,2025,Finance,Internal Auditor,0,0.14797169572866253,0,0.16908819344089202,Trung bình,2,14.8,0,1,0,1825,58.84
1207,2025-01-01,2025,Operations,Operations Manager,1,0.21704914898389271,1,0.16908819344089202,Cao,3,21.7,1,0,0,951,78.56
1208,2025-01-01,2025,Marketing,Marketing Manager,1,0.2789186900249733,1,0.16908819344089202,Cao,3,27.89,1,0,0,435,90.21
1209,2025-01-01,2025,Marketing,Digital Marketing Specialist,0,0.2041032475781581,1,0.16908819344089202,Cao,3,20.41,1,0,0,1099,75.22
1213,2025-01-01,2025,Information Technology,System Administrator,0,0.12603758691788144,0,0.16908819344089202,Trung bình,2,12.6,0,1,0,2317,47.73
1215,2025-01-01,2025,Information Technology,IT Support,0,0.31853426952279446,1,0.16908819344089202,Cao,3,31.85,1,0,0,256,94.25
1216,2025-01-01,2025,Human Resources,Recruiter,0,0.2082121264596425,1,0.16908819344089202,Cao,3,20.82,1,0,0,1053,76.26
1222,2025-01-01,2025,Marketing,Digital Marketing Specialist,0,0.1101120959106827,0,0.16908819344089202,Trung bình,2,11.01,0,1,0,2747,38.03
1227,2025-01-01,2025,Information Technology,System Administrator,0,0.08680334932263173,0,0.16908819344089202,Thấp,1,8.68,0,0,1,3353,24.35
1229,2025-01-01,2025,Sales,Sales Representative,0,0.2245756565728749,1,0.16908819344089202,Cao,3,22.46,1,0,0,870,80.39
1235,2025-01-01,2025,Human Resources,Recruiter,0,0.07357179447617124,0,0.16908819344089202,Thấp,1,7.36,0,0,1,3885,12.34
1238,2025-01-01,2025,Operations,Warehouse Supervisor,0,0.14425130868510747,0,0.16908819344089202,Trung bình,2,14.43,0,1,0,1889,57.39
1239,2025-01-01,2025,Sales,Account Manager,1,0.1276529864809559,0,0.16908819344089202,Trung bình,2,12.77,0,1,0,2283,48.5
1242,2025-01-01,2025,Finance,Accountant,0,0.11210945444439674,0,0.16908819344089202,Trung bình,2,11.21,0,1,0,2685,39.43
1243,2025-01-01,2025,Human Resources,HR Executive,0,0.1363241671003131,0,0.16908819344089202,Trung bình,2,13.63,0,1,0,2078,53.13
1245,2025-01-01,2025,Information Technology,Software Engineer,0,0.14936374213638767,0,0.16908819344089202,Trung bình,2,14.94,0,1,0,1806,59.26
1248,2025-01-01,2025,Marketing,Marketing Executive,0,0.14404633190966074,0,0.16908819344089202,Trung bình,2,14.4,0,1,0,1891,57.35
1250,2025-01-01,2025,Operations,Operations Executive,1,0.11306569160013638,0,0.16908819344089202,Trung bình,2,11.31,0,1,0,2657,40.06
1251,2025-01-01,2025,Information Technology,System Administrator,0,0.1052687227798158,0,0.16908819344089202,Trung bình,2,10.53,0,1,0,2875,35.14
1253,2025-01-01,2025,Finance,Accountant,0,0.07287244279254679,0,0.16908819344089202,Thấp,1,7.29,0,0,1,3902,11.96
1255,2025-01-01,2025,Finance,Finance Manager,0,0.13915961515956235,0,0.16908819344089202,Trung bình,2,13.92,0,1,0,2002,54.84
1256,2025-01-01,2025,Marketing,Marketing Executive,0,0.09982586803277672,0,0.16908819344089202,Thấp,1,9.98,0,0,1,3006,32.18
1261,2025-01-01,2025,Marketing,Marketing Manager,0,0.15801934360330194,0,0.16908819344089202,Trung bình,2,15.8,0,1,0,1656,62.65
1264,2025-01-01,2025,Finance,Financial Analyst,0,0.07535394191472544,0,0.16908819344089202,Thấp,1,7.54,0,0,1,3805,14.15
1267,2025-01-01,2025,Operations,Procurement Specialist,0,0.08815461811340354,0,0.16908819344089202,Thấp,1,8.82,0,0,1,3320,25.1
1268,2025-01-01,2025,Operations,Operations Executive,0,0.0945150226781379,0,0.16908819344089202,Thấp,1,9.45,0,0,1,3120,29.61
1269,2025-01-01,2025,Human Resources,HR Executive,0,0.08846365447037256,0,0.16908819344089202,Thấp,1,8.85,0,0,1,3308,25.37
1271,2025-01-01,2025,Finance,Internal Auditor,0,0.08945114025284565,0,0.16908819344089202,Thấp,1,8.95,0,0,1,3282,25.95
1272,2025-01-01,2025,Sales,Account Manager,0,0.0831335018936636,0,0.16908819344089202,Thấp,1,8.31,0,0,1,3482,21.44
1276,2025-01-01,2025,Marketing,Content Specialist,0,0.24154037935000042,1,0.16908819344089202,Cao,3,24.15,1,0,0,722,83.73
1281,2025-01-01,2025,Human Resources,HR Executive,0,0.20811089323001336,1,0.16908819344089202,Cao,3,20.81,1,0,0,1055,76.21
1283,2025-01-01,2025,Human Resources,Recruiter,1,0.15853262121895959,0,0.16908819344089202,Trung bình,2,15.85,0,1,0,1646,62.88
1284,2025-01-01,2025,Marketing,Content Specialist,0,0.13936816530867746,0,0.16908819344089202,Trung bình,2,13.94,0,1,0,1998,54.93
1291,2025-01-01,2025,Operations,Operations Executive,1,0.1431951732394798,0,0.16908819344089202,Trung bình,2,14.32,0,1,0,1910,56.92
1294,2025-01-01,2025,Information Technology,Software Engineer,0,0.08507005495394977,0,0.16908819344089202,Thấp,1,8.51,0,0,1,3421,22.82
1295,2025-01-01,2025,Operations,Operations Executive,0,0.07932987510716426,0,0.16908819344089202,Thấp,1,7.93,0,0,1,3651,17.63
1299,2025-01-01,2025,Information Technology,QA Engineer,1,0.40886735843814137,1,0.16908819344089202,Cao,3,40.89,1,0,0,32,99.3
1300,2025-01-01,2025,Human Resources,Recruiter,0,0.07055459343587199,0,0.16908819344089202,Thấp,1,7.06,0,0,1,3980,10.2
1301,2025-01-01,2025,Human Resources,HR Manager,0,0.06339026487621521,0,0.16908819344089202,Thấp,1,6.34,0,0,1,4201,5.21
1305,2025-01-01,2025,Marketing,Content Specialist,0,0.2785041073947731,1,0.16908819344089202,Cao,3,27.85,1,0,0,440,90.09
1306,2025-01-01,2025,Finance,Financial Analyst,1,0.1319070525786307,0,0.16908819344089202,Trung bình,2,13.19,0,1,0,2198,50.42
1307,2025-01-01,2025,Sales,Sales Supervisor,0,0.06317402549810014,0,0.16908819344089202,Thấp,1,6.32,0,0,1,4209,5.03
1308,2025-01-01,2025,Human Resources,HR Executive,0,0.1369666048079567,0,0.16908819344089202,Trung bình,2,13.7,0,1,0,2062,53.49
1310,2025-01-01,2025,Marketing,Content Specialist,0,0.13286551583506961,0,0.16908819344089202,Trung bình,2,13.29,0,1,0,2165,51.16
1314,2025-01-01,2025,Sales,Sales Executive,0,0.18958768031639037,1,0.16908819344089202,Cao,3,18.96,1,0,0,1235,72.15
1316,2025-01-01,2025,Finance,Finance Manager,0,0.2845144382650152,1,0.16908819344089202,Cao,3,28.45,1,0,0,400,91.0
1317,2025-01-01,2025,Human Resources,HR Executive,1,0.06525858695501872,0,0.16908819344089202,Thấp,1,6.53,0,0,1,4140,6.59
1319,2025-01-01,2025,Human Resources,C&B Specialist,0,0.0723474591659104,0,0.16908819344089202,Thấp,1,7.23,0,0,1,3918,11.6
1320,2025-01-01,2025,Finance,Accountant,0,0.16332549442438948,0,0.16908819344089202,Trung bình,2,16.33,0,1,0,1568,64.64
1325,2025-01-01,2025,Information Technology,IT Support,0,0.10966728956152416,0,0.16908819344089202,Trung bình,2,10.97,0,1,0,2761,37.71
1327,2025-01-01,2025,Information Technology,Software Engineer,0,0.08215102099880892,0,0.16908819344089202,Thấp,1,8.22,0,0,1,3520,20.58
1329,2025-01-01,2025,Operations,Warehouse Supervisor,0,0.12314735980014424,0,0.16908819344089202,Trung bình,2,12.31,0,1,0,2381,46.29
1332,2025-01-01,2025,Information Technology,IT Support,0,0.09075091721416205,0,0.16908819344089202,Thấp,1,9.08,0,0,1,3241,26.88
1337,2025-01-01,2025,Information Technology,IT Support,0,0.06260423579459692,0,0.16908819344089202,Thấp,1,6.26,0,0,1,4227,4.63
1341,2025-01-01,2025,Information Technology,Data Analyst,0,0.0895965012493191,0,0.16908819344089202,Thấp,1,8.96,0,0,1,3276,26.09
1343,2025-01-01,2025,Sales,Sales Representative,1,0.2411200915995956,1,0.16908819344089202,Cao,3,24.11,1,0,0,726,83.64
1347,2025-01-01,2025,Operations,Procurement Specialist,0,0.11906840567128278,0,0.16908819344089202,Trung bình,2,11.91,0,1,0,2497,43.67
1348,2025-01-01,2025,Finance,Finance Manager,1,0.10343474329215512,0,0.16908819344089202,Trung bình,2,10.34,0,1,0,2912,34.3
1349,2025-01-01,2025,Information Technology,Software Engineer,0,0.22350217677907064,1,0.16908819344089202,Cao,3,22.35,1,0,0,883,80.09
1352,2025-01-01,2025,Marketing,Marketing Manager,0,0.11196514464494864,0,0.16908819344089202,Trung bình,2,11.2,0,1,0,2688,39.36
1356,2025-01-01,2025,Information Technology,System Administrator,0,0.18550102751088854,1,0.16908819344089202,Cao,3,18.55,1,0,0,1278,71.18
1360,2025-01-01,2025,Marketing,Marketing Executive,0,0.13795949142562228,0,0.16908819344089202,Trung bình,2,13.8,0,1,0,2033,54.14
1361,2025-01-01,2025,Finance,Finance Manager,0,0.21340624011984513,1,0.16908819344089202,Cao,3,21.34,1,0,0,994,77.59
1362,2025-01-01,2025,Finance,Financial Analyst,0,0.18707767095944627,1,0.16908819344089202,Cao,3,18.71,1,0,0,1255,71.7
1365,2025-01-01,2025,Finance,Financial Analyst,0,0.3535665989018586,1,0.16908819344089202,Cao,3,35.36,1,0,0,147,96.71
1366,2025-01-01,2025,Operations,Warehouse Supervisor,0,0.1230529779297582,0,0.16908819344089202,Trung bình,2,12.31,0,1,0,2384,46.22
1372,2025-01-01,2025,Marketing,Content Specialist,0,0.13639695970617344,0,0.16908819344089202,Trung bình,2,13.64,0,1,0,2076,53.17
1375,2025-01-01,2025,Finance,Finance Manager,0,0.07703231854406872,0,0.16908819344089202,Thấp,1,7.7,0,0,1,3745,15.5
1376,2025-01-01,2025,Sales,Sales Representative,0,0.061439162278348364,0,0.16908819344089202,Thấp,1,6.14,0,0,1,4254,4.02
1380,2025-01-01,2025,Marketing,Digital Marketing Specialist,0,0.12686788959845294,0,0.16908819344089202,Trung bình,2,12.69,0,1,0,2304,48.03
1383,2025-01-01,2025,Sales,Sales Supervisor,0,0.1585088229242634,0,0.16908819344089202,Trung bình,2,15.85,0,1,0,1647,62.85
1386,2025-01-01,2025,Marketing,Digital Marketing Specialist,1,0.3534431091294254,1,0.16908819344089202,Cao,3,35.34,1,0,0,148,96.68
1388,2025-01-01,2025,Marketing,Digital Marketing Specialist,0,0.1776826248828881,1,0.16908819344089202,Cao,3,17.77,1,0,0,1365,69.22
1392,2025-01-01,2025,Finance,Financial Analyst,0,0.16332194742774095,0,0.16908819344089202,Trung bình,2,16.33,0,1,0,1569,64.61
1393,2025-01-01,2025,Sales,Sales Supervisor,0,0.11213633062074528,0,0.16908819344089202,Trung bình,2,11.21,0,1,0,2684,39.45
1394,2025-01-01,2025,Marketing,Content Specialist,0,0.09460642130262659,0,0.16908819344089202,Thấp,1,9.46,0,0,1,3119,29.63
1395,2025-01-01,2025,Human Resources,HR Manager,0,0.0702379467310921,0,0.16908819344089202,Thấp,1,7.02,0,0,1,3990,9.98
1397,2025-01-01,2025,Finance,Accountant,0,0.0864883582653096,0,0.16908819344089202,Thấp,1,8.65,0,0,1,3372,23.92
1398,2025-01-01,2025,Operations,Warehouse Supervisor,0,0.13354165172029944,0,0.16908819344089202,Trung bình,2,13.35,0,1,0,2146,51.59
1399,2025-01-01,2025,Finance,Finance Manager,0,0.06820409399304432,0,0.16908819344089202,Thấp,1,6.82,0,0,1,4053,8.55
1402,2025-01-01,2025,Marketing,Digital Marketing Specialist,0,0.07333348303975389,0,0.16908819344089202,Thấp,1,7.33,0,0,1,3893,12.16
1404,2025-01-01,2025,Finance,Finance Manager,0,0.13890906836294417,0,0.16908819344089202,Trung bình,2,13.89,0,1,0,2007,54.73
1406,2025-01-01,2025,Sales,Sales Supervisor,0,0.2156056141534707,1,0.16908819344089202,Cao,3,21.56,1,0,0,969,78.15
1407,2025-01-01,2025,Operations,Operations Manager,0,0.09921581400496218,0,0.16908819344089202,Thấp,1,9.92,0,0,1,3024,31.78
1410,2025-01-01,2025,Information Technology,IT Support,0,0.1639536343799797,0,0.16908819344089202,Trung bình,2,16.4,0,1,0,1561,64.79
1412,2025-01-01,2025,Sales,Account Manager,0,0.08303295272937213,0,0.16908819344089202,Thấp,1,8.3,0,0,1,3487,21.33
1413,2025-01-01,2025,Human Resources,HR Manager,0,0.2686048558717142,1,0.16908819344089202,Cao,3,26.86,1,0,0,510,88.51
1415,2025-01-01,2025,Sales,Sales Executive,0,0.23460280588724705,1,0.16908819344089202,Cao,3,23.46,1,0,0,783,82.35
1418,2025-01-01,2025,Marketing,Marketing Executive,0,0.2868157647787914,1,0.16908819344089202,Cao,3,28.68,1,0,0,385,91.33
1421,2025-01-01,2025,Marketing,Content Specialist,1,0.14065864732399852,0,0.16908819344089202,Trung bình,2,14.07,0,1,0,1963,55.72
1425,2025-01-01,2025,Human Resources,HR Executive,0,0.15025097623423664,0,0.16908819344089202,Trung bình,2,15.03,0,1,0,1785,59.74
1428,2025-01-01,2025,Sales,Sales Supervisor,1,0.07616042731377369,0,0.16908819344089202,Thấp,1,7.62,0,0,1,3779,14.74
1429,2025-01-01,2025,Information Technology,IT Support,0,0.18847661568647237,1,0.16908819344089202,Cao,3,18.85,1,0,0,1244,71.95
1430,2025-01-01,2025,Operations,Warehouse Supervisor,0,0.12775868253851153,0,0.16908819344089202,Trung bình,2,12.78,0,1,0,2281,48.54
1431,2025-01-01,2025,Finance,Internal Auditor,0,0.2801939435010564,1,0.16908819344089202,Cao,3,28.02,1,0,0,428,90.36
1432,2025-01-01,2025,Sales,Sales Supervisor,0,0.14001838672789282,0,0.16908819344089202,Trung bình,2,14.0,0,1,0,1975,55.45
1433,2025-01-01,2025,Finance,Internal Auditor,0,0.2693542975205157,1,0.16908819344089202,Cao,3,26.94,1,0,0,503,88.67
1434,2025-01-01,2025,Marketing,Content Specialist,1,0.29916175717595794,1,0.16908819344089202,Cao,3,29.92,1,0,0,336,92.44
1437,2025-01-01,2025,Marketing,Content Specialist,0,0.18618042414562164,1,0.16908819344089202,Cao,3,18.62,1,0,0,1267,71.43
1438,2025-01-01,2025,Information Technology,QA Engineer,0,0.25339865790967125,1,0.16908819344089202,Cao,3,25.34,1,0,0,629,85.83
1439,2025-01-01,2025,Information Technology,Software Engineer,1,0.40076938159282816,1,0.16908819344089202,Cao,3,40.08,1,0,0,54,98.8
1443,2025-01-01,2025,Finance,Internal Auditor,0,0.17994031386039125,1,0.16908819344089202,Cao,3,17.99,1,0,0,1336,69.87
1446,2025-01-01,2025,Operations,Operations Executive,0,0.10753840359213139,0,0.16908819344089202,Trung bình,2,10.75,0,1,0,2827,36.22
1448,2025-01-01,2025,Human Resources,HR Executive,0,0.054410886689981945,0,0.16908819344089202,Thấp,1,5.44,0,0,1,4400,0.72
1450,2025-01-01,2025,Operations,Warehouse Supervisor,0,0.098427675951935,0,0.16908819344089202,Thấp,1,9.84,0,0,1,3042,31.37
1453,2025-01-01,2025,Finance,Internal Auditor,0,0.0673457768408091,0,0.16908819344089202,Thấp,1,6.73,0,0,1,4077,8.01
1456,2025-01-01,2025,Sales,Sales Representative,0,0.14998158478130427,0,0.16908819344089202,Trung bình,2,15.0,0,1,0,1791,59.6
1457,2025-01-01,2025,Human Resources,Recruiter,0,0.36584810060866224,1,0.16908819344089202,Cao,3,36.58,1,0,0,117,97.38
1460,2025-01-01,2025,Human Resources,Recruiter,0,0.09539792656986738,0,0.16908819344089202,Thấp,1,9.54,0,0,1,3102,30.02
1461,2025-01-01,2025,Human Resources,HR Manager,1,0.34985423922238257,1,0.16908819344089202,Cao,3,34.99,1,0,0,153,96.57
1462,2025-01-01,2025,Operations,Operations Manager,1,0.15862054970265316,0,0.16908819344089202,Trung bình,2,15.86,0,1,0,1644,62.92
1464,2025-01-01,2025,Information Technology,System Administrator,0,0.0645644463138445,0,0.16908819344089202,Thấp,1,6.46,0,0,1,4163,6.07
1465,2025-01-01,2025,Information Technology,QA Engineer,1,0.40639924534785854,1,0.16908819344089202,Cao,3,40.64,1,0,0,41,99.1
1466,2025-01-01,2025,Information Technology,IT Support,0,0.40848723681686505,1,0.16908819344089202,Cao,3,40.85,1,0,0,33,99.28
1470,2025-01-01,2025,Marketing,Marketing Executive,0,0.06732345628415971,0,0.16908819344089202,Thấp,1,6.73,0,0,1,4079,7.97
1474,2025-01-01,2025,Marketing,Marketing Executive,0,0.0666479683338877,0,0.16908819344089202,Thấp,1,6.66,0,0,1,4098,7.54
1475,2025-01-01,2025,Finance,Accountant,0,0.062077253504341706,0,0.16908819344089202,Thấp,1,6.21,0,0,1,4243,4.27
1478,2025-01-01,2025,Marketing,Content Specialist,0,0.09947862056626176,0,0.16908819344089202,Thấp,1,9.95,0,0,1,3013,32.02
1479,2025-01-01,2025,Sales,Sales Supervisor,0,0.07223475169762626,0,0.16908819344089202,Thấp,1,7.22,0,0,1,3921,11.53
1480,2025-01-01,2025,Human Resources,C&B Specialist,0,0.07799903936431676,0,0.16908819344089202,Thấp,1,7.8,0,0,1,3711,16.27
1481,2025-01-01,2025,Information Technology,System Administrator,0,0.060836109019480715,0,0.16908819344089202,Thấp,1,6.08,0,0,1,4279,3.45
1482,2025-01-01,2025,Human Resources,HR Manager,0,0.1649482362385851,0,0.16908819344089202,Trung bình,2,16.49,0,1,0,1543,65.2
1484,2025-01-01,2025,Information Technology,System Administrator,0,0.08256180226459357,0,0.16908819344089202,Thấp,1,8.26,0,0,1,3507,20.88
1486,2025-01-01,2025,Operations,Operations Executive,0,0.15656891866433084,0,0.16908819344089202,Trung bình,2,15.66,0,1,0,1676,62.2
1490,2025-01-01,2025,Finance,Accountant,0,0.0779724377430636,0,0.16908819344089202,Thấp,1,7.8,0,0,1,3713,16.23
1491,2025-01-01,2025,Sales,Sales Supervisor,0,0.06231534990958595,0,0.16908819344089202,Thấp,1,6.23,0,0,1,4234,4.47
1493,2025-01-01,2025,Human Resources,C&B Specialist,0,0.13289663505926297,0,0.16908819344089202,Trung bình,2,13.29,0,1,0,2164,51.18
1496,2025-01-01,2025,Human Resources,HR Manager,0,0.10312485874023347,0,0.16908819344089202,Trung bình,2,10.31,0,1,0,2916,34.21
1498,2025-01-01,2025,Finance,Finance Manager,0,0.0781529520655859,0,0.16908819344089202,Thấp,1,7.82,0,0,1,3700,16.52
1499,2025-01-01,2025,Marketing,Marketing Executive,0,0.15940567115633214,0,0.16908819344089202,Trung bình,2,15.94,0,1,0,1628,63.28
1500,2025-01-01,2025,Finance,Financial Analyst,0,0.10205009965428746,0,0.16908819344089202,Trung bình,2,10.21,0,1,0,2951,33.42
1506,2025-01-01,2025,Marketing,Marketing Manager,0,0.06318307681458818,0,0.16908819344089202,Thấp,1,6.32,0,0,1,4208,5.06
1508,2025-01-01,2025,Marketing,Digital Marketing Specialist,0,0.1443632623590652,0,0.16908819344089202,Trung bình,2,14.44,0,1,0,1887,57.44
1509,2025-01-01,2025,Operations,Operations Executive,0,0.1926832084888947,1,0.16908819344089202,Cao,3,19.27,1,0,0,1201,72.92
1511,2025-01-01,2025,Operations,Procurement Specialist,0,0.17291038618998664,1,0.16908819344089202,Cao,3,17.29,1,0,0,1443,67.46
1512,2025-01-01,2025,Human Resources,HR Manager,0,0.10754789945224989,0,0.16908819344089202,Trung bình,2,10.75,0,1,0,2826,36.24
1513,2025-01-01,2025,Marketing,Marketing Manager,0,0.1332235333985984,0,0.16908819344089202,Trung bình,2,13.32,0,1,0,2155,51.39
1516,2025-01-01,2025,Information Technology,System Administrator,0,0.22075927449510577,1,0.16908819344089202,Cao,3,22.08,1,0,0,906,79.58
1517,2025-01-01,2025,Operations,Procurement Specialist,0,0.10824769107164696,0,0.16908819344089202,Trung bình,2,10.82,0,1,0,2802,36.79
1519,2025-01-01,2025,Finance,Accountant,1,0.23517347824515905,1,0.16908819344089202,Cao,3,23.52,1,0,0,776,82.51
1523,2025-01-01,2025,Sales,Sales Supervisor,0,0.17486524943309945,1,0.16908819344089202,Cao,3,17.49,1,0,0,1409,68.22
1525,2025-01-01,2025,Operations,Procurement Specialist,0,0.15292866055188303,0,0.16908819344089202,Trung bình,2,15.29,0,1,0,1737,60.82
1526,2025-01-01,2025,Information Technology,Software Engineer,0,0.0637575587824052,0,0.16908819344089202,Thấp,1,6.38,0,0,1,4192,5.42
1528,2025-01-01,2025,Marketing,Digital Marketing Specialist,0,0.06022922535180063,0,0.16908819344089202,Thấp,1,6.02,0,0,1,4292,3.16
1529,2025-01-01,2025,Human Resources,C&B Specialist,0,0.05966062706774309,0,0.16908819344089202,Thấp,1,5.97,0,0,1,4306,2.84
1530,2025-01-01,2025,Marketing,Marketing Executive,0,0.09705014591385629,0,0.16908819344089202,Thấp,1,9.71,0,0,1,3064,30.87
1532,2025-01-01,2025,Human Resources,Recruiter,0,0.07790546104935932,0,0.16908819344089202,Thấp,1,7.79,0,0,1,3715,16.18
1535,2025-01-01,2025,Sales,Account Manager,0,0.08782360142865007,0,0.16908819344089202,Thấp,1,8.78,0,0,1,3326,24.96
1536,2025-01-01,2025,Sales,Sales Executive,1,0.09621558815466641,0,0.16908819344089202,Thấp,1,9.62,0,0,1,3084,30.42
1537,2025-01-01,2025,Marketing,Digital Marketing Specialist,0,0.07857379347337501,0,0.16908819344089202,Thấp,1,7.86,0,0,1,3683,16.9
1540,2025-01-01,2025,Information Technology,System Administrator,0,0.06090694324339714,0,0.16908819344089202,Thấp,1,6.09,0,0,1,4276,3.52
1542,2025-01-01,2025,Human Resources,HR Executive,1,0.24514540630106496,1,0.16908819344089202,Cao,3,24.51,1,0,0,699,84.25
1543,2025-01-01,2025,Sales,Sales Executive,0,0.06032051674688332,0,0.16908819344089202,Thấp,1,6.03,0,0,1,4291,3.18
1546,2025-01-01,2025,Marketing,Digital Marketing Specialist,1,0.22481212465282718,1,0.16908819344089202,Cao,3,22.48,1,0,0,865,80.5
1547,2025-01-01,2025,Operations,Warehouse Supervisor,0,0.21280389502274175,1,0.16908819344089202,Cao,3,21.28,1,0,0,1004,77.36
1548,2025-01-01,2025,Finance,Finance Manager,0,0.14772426573549885,0,0.16908819344089202,Trung bình,2,14.77,0,1,0,1832,58.68
1550,2025-01-01,2025,Marketing,Content Specialist,0,0.12478412808737598,0,0.16908819344089202,Trung bình,2,12.48,0,1,0,2342,47.17
1557,2025-01-01,2025,Finance,Internal Auditor,0,0.06643140314408855,0,0.16908819344089202,Thấp,1,6.64,0,0,1,4107,7.33
1559,2025-01-01,2025,Operations,Operations Manager,0,0.08434599494843266,0,0.16908819344089202,Thấp,1,8.43,0,0,1,3442,22.34
1560,2025-01-01,2025,Finance,Internal Auditor,1,0.23054214171441104,1,0.16908819344089202,Cao,3,23.05,1,0,0,826,81.38
1562,2025-01-01,2025,Human Resources,C&B Specialist,1,0.23102530187395293,1,0.16908819344089202,Cao,3,23.1,1,0,0,821,81.49
1564,2025-01-01,2025,Sales,Account Manager,0,0.09495283160592129,0,0.16908819344089202,Thấp,1,9.5,0,0,1,3114,29.74
1565,2025-01-01,2025,Marketing,Content Specialist,0,0.24631991195377695,1,0.16908819344089202,Cao,3,24.63,1,0,0,691,84.43
1568,2025-01-01,2025,Finance,Internal Auditor,1,0.1412094183698849,0,0.16908819344089202,Trung bình,2,14.12,0,1,0,1955,55.9
1570,2025-01-01,2025,Information Technology,Software Engineer,0,0.13367625017343343,0,0.16908819344089202,Trung bình,2,13.37,0,1,0,2143,51.66
1571,2025-01-01,2025,Finance,Financial Analyst,0,0.06072653326540455,0,0.16908819344089202,Thấp,1,6.07,0,0,1,4284,3.34
1576,2025-01-01,2025,Operations,Warehouse Supervisor,0,0.1016029703892214,0,0.16908819344089202,Trung bình,2,10.16,0,1,0,2958,33.27
1579,2025-01-01,2025,Operations,Operations Executive,0,0.2522799873253687,1,0.16908819344089202,Cao,3,25.23,1,0,0,638,85.62
1581,2025-01-01,2025,Information Technology,System Administrator,0,0.17725965961914214,1,0.16908819344089202,Cao,3,17.73,1,0,0,1375,68.99
1584,2025-01-01,2025,Finance,Financial Analyst,0,0.06909798201161287,0,0.16908819344089202,Thấp,1,6.91,0,0,1,4026,9.16
1585,2025-01-01,2025,Sales,Sales Representative,0,0.11136989518622512,0,0.16908819344089202,Trung bình,2,11.14,0,1,0,2709,38.89
1586,2025-01-01,2025,Marketing,Digital Marketing Specialist,0,0.1366856214496025,0,0.16908819344089202,Trung bình,2,13.67,0,1,0,2070,53.31
1589,2025-01-01,2025,Information Technology,IT Support,0,0.21195039018152914,1,0.16908819344089202,Cao,3,21.2,1,0,0,1012,77.18
1590,2025-01-01,2025,Finance,Internal Auditor,1,0.21704993544842552,1,0.16908819344089202,Cao,3,21.7,1,0,0,950,78.58
1591,2025-01-01,2025,Finance,Finance Manager,1,0.10686059117682949,0,0.16908819344089202,Trung bình,2,10.69,0,1,0,2846,35.79
1592,2025-01-01,2025,Marketing,Marketing Manager,1,0.05681561067548293,0,0.16908819344089202,Thấp,1,5.68,0,0,1,4367,1.47
1593,2025-01-01,2025,Sales,Sales Executive,1,0.17572088140590764,1,0.16908819344089202,Cao,3,17.57,1,0,0,1398,68.47
1598,2025-01-01,2025,Marketing,Digital Marketing Specialist,0,0.12190935965831338,0,0.16908819344089202,Trung bình,2,12.19,0,1,0,2415,45.52
1600,2025-01-01,2025,Human Resources,HR Manager,1,0.28841284204439055,1,0.16908819344089202,Cao,3,28.84,1,0,0,380,91.45
1603,2025-01-01,2025,Information Technology,Data Analyst,1,0.2995221111492585,1,0.16908819344089202,Cao,3,29.95,1,0,0,333,92.51
1604,2025-01-01,2025,Human Resources,HR Manager,0,0.08095953036261755,0,0.16908819344089202,Thấp,1,8.1,0,0,1,3573,19.39
1605,2025-01-01,2025,Information Technology,System Administrator,0,0.3407928589257939,1,0.16908819344089202,Cao,3,34.08,1,0,0,186,95.82
1611,2025-01-01,2025,Finance,Financial Analyst,0,0.18887319631481145,1,0.16908819344089202,Cao,3,18.89,1,0,0,1239,72.06
1612,2025-01-01,2025,Information Technology,Data Analyst,0,0.09861041357122617,0,0.16908819344089202,Thấp,1,9.86,0,0,1,3037,31.48
1618,2025-01-01,2025,Information Technology,System Administrator,0,0.21981288619719588,1,0.16908819344089202,Cao,3,21.98,1,0,0,922,79.21
1620,2025-01-01,2025,Sales,Sales Executive,0,0.08930219604474306,0,0.16908819344089202,Thấp,1,8.93,0,0,1,3287,25.84
1621,2025-01-01,2025,Information Technology,Software Engineer,0,0.09140939738674284,0,0.16908819344089202,Thấp,1,9.14,0,0,1,3216,27.44
1623,2025-01-01,2025,Human Resources,HR Manager,0,0.3952774115032555,1,0.16908819344089202,Cao,3,39.53,1,0,0,63,98.6
1624,2025-01-01,2025,Sales,Sales Representative,0,0.11045439472608493,0,0.16908819344089202,Trung bình,2,11.05,0,1,0,2740,38.19
1629,2025-01-01,2025,Human Resources,Recruiter,0,0.08282949663360903,0,0.16908819344089202,Thấp,1,8.28,0,0,1,3493,21.19
1630,2025-01-01,2025,Information Technology,Software Engineer,0,0.1659745015277256,0,0.16908819344089202,Trung bình,2,16.6,0,1,0,1532,65.45
1631,2025-01-01,2025,Finance,Financial Analyst,0,0.21194226551971782,1,0.16908819344089202,Cao,3,21.19,1,0,0,1013,77.16
1636,2025-01-01,2025,Marketing,Marketing Manager,0,0.08677009904659694,0,0.16908819344089202,Thấp,1,8.68,0,0,1,3357,24.26
1639,2025-01-01,2025,Operations,Procurement Specialist,0,0.07388648621945325,0,0.16908819344089202,Thấp,1,7.39,0,0,1,3868,12.73
1640,2025-01-01,2025,Marketing,Marketing Executive,0,0.17654931222960754,1,0.16908819344089202,Cao,3,17.65,1,0,0,1387,68.72
1642,2025-01-01,2025,Marketing,Marketing Manager,0,0.10127294729652919,0,0.16908819344089202,Trung bình,2,10.13,0,1,0,2966,33.09
1643,2025-01-01,2025,Finance,Financial Analyst,0,0.08101801337741431,0,0.16908819344089202,Thấp,1,8.1,0,0,1,3570,19.45
1645,2025-01-01,2025,Marketing,Marketing Manager,0,0.0626312538634175,0,0.16908819344089202,Thấp,1,6.26,0,0,1,4224,4.69
1646,2025-01-01,2025,Human Resources,C&B Specialist,0,0.16810726893337102,0,0.16908819344089202,Trung bình,2,16.81,0,1,0,1504,66.08
1647,2025-01-01,2025,Human Resources,HR Executive,0,0.13257115983083528,0,0.16908819344089202,Trung bình,2,13.26,0,1,0,2174,50.96
1648,2025-01-01,2025,Information Technology,QA Engineer,0,0.15663464380834394,0,0.16908819344089202,Trung bình,2,15.66,0,1,0,1675,62.22
1649,2025-01-01,2025,Finance,Finance Manager,0,0.26097273568231844,1,0.16908819344089202,Cao,3,26.1,1,0,0,571,87.14
1651,2025-01-01,2025,Human Resources,HR Manager,0,0.11707255947981779,0,0.16908819344089202,Trung bình,2,11.71,0,1,0,2534,42.83
1655,2025-01-01,2025,Operations,Warehouse Supervisor,0,0.10149401774580552,0,0.16908819344089202,Trung bình,2,10.15,0,1,0,2962,33.18
1657,2025-01-01,2025,Information Technology,Software Engineer,0,0.13863568088575529,0,0.16908819344089202,Trung bình,2,13.86,0,1,0,2018,54.48
1659,2025-01-01,2025,Operations,Operations Manager,0,0.13478079622920128,0,0.16908819344089202,Trung bình,2,13.48,0,1,0,2118,52.22
1663,2025-01-01,2025,Operations,Operations Executive,0,0.099852708989271,0,0.16908819344089202,Thấp,1,9.99,0,0,1,3004,32.23
1665,2025-01-01,2025,Information Technology,IT Support,0,0.09930909889573881,0,0.16908819344089202,Thấp,1,9.93,0,0,1,3022,31.82
1670,2025-01-01,2025,Human Resources,C&B Specialist,1,0.07094194709009627,0,0.16908819344089202,Thấp,1,7.09,0,0,1,3968,10.47
1673,2025-01-01,2025,Human Resources,Recruiter,1,0.17045612814097896,1,0.16908819344089202,Cao,3,17.05,1,0,0,1474,66.76
1676,2025-01-01,2025,Sales,Account Manager,0,0.19554650974490925,1,0.16908819344089202,Cao,3,19.55,1,0,0,1176,73.48
1678,2025-01-01,2025,Operations,Operations Executive,0,0.2524283531348706,1,0.16908819344089202,Cao,3,25.24,1,0,0,636,85.67
1679,2025-01-01,2025,Information Technology,System Administrator,0,0.1649401544303093,0,0.16908819344089202,Trung bình,2,16.49,0,1,0,1544,65.18
1680,2025-01-01,2025,Information Technology,Data Analyst,1,0.36944663984345794,1,0.16908819344089202,Cao,3,36.94,1,0,0,107,97.61
1684,2025-01-01,2025,Human Resources,HR Manager,0,0.15248068099628156,0,0.16908819344089202,Trung bình,2,15.25,0,1,0,1740,60.75
1686,2025-01-01,2025,Marketing,Content Specialist,0,0.10938721895569953,0,0.16908819344089202,Trung bình,2,10.94,0,1,0,2766,37.6
1687,2025-01-01,2025,Marketing,Marketing Manager,0,0.22972271292366273,1,0.16908819344089202,Cao,3,22.97,1,0,0,831,81.27
1688,2025-01-01,2025,Operations,Operations Executive,0,0.08678611202502741,0,0.16908819344089202,Thấp,1,8.68,0,0,1,3355,24.31
1692,2025-01-01,2025,Human Resources,HR Executive,0,0.09985108805502461,0,0.16908819344089202,Thấp,1,9.99,0,0,1,3005,32.2
1694,2025-01-01,2025,Sales,Sales Supervisor,0,0.06345958441863403,0,0.16908819344089202,Thấp,1,6.35,0,0,1,4200,5.24
1698,2025-01-01,2025,Finance,Accountant,0,0.05572249219707988,0,0.16908819344089202,Thấp,1,5.57,0,0,1,4381,1.15
1699,2025-01-01,2025,Finance,Internal Auditor,0,0.1382147319276439,0,0.16908819344089202,Trung bình,2,13.82,0,1,0,2029,54.23
1701,2025-01-01,2025,Sales,Sales Representative,0,0.29705062217127415,1,0.16908819344089202,Cao,3,29.71,1,0,0,343,92.28
1703,2025-01-01,2025,Operations,Procurement Specialist,0,0.09069515992029964,0,0.16908819344089202,Thấp,1,9.07,0,0,1,3243,26.83
1705,2025-01-01,2025,Information Technology,Data Analyst,0,0.07432325530920987,0,0.16908819344089202,Thấp,1,7.43,0,0,1,3846,13.23
1708,2025-01-01,2025,Information Technology,Software Engineer,0,0.10023408266751091,0,0.16908819344089202,Trung bình,2,10.02,0,1,0,2992,32.5
1709,2025-01-01,2025,Marketing,Marketing Manager,1,0.05736159668954829,0,0.16908819344089202,Thấp,1,5.74,0,0,1,4357,1.69
1711,2025-01-01,2025,Information Technology,IT Support,0,0.0537623959810234,0,0.16908819344089202,Thấp,1,5.38,0,0,1,4409,0.52
1717,2025-01-01,2025,Sales,Sales Representative,1,0.15887675018056485,0,0.16908819344089202,Trung bình,2,15.89,0,1,0,1641,62.99
1718,2025-01-01,2025,Sales,Account Manager,0,0.13900810980865885,0,0.16908819344089202,Trung bình,2,13.9,0,1,0,2004,54.8
1727,2025-01-01,2025,Sales,Sales Representative,0,0.24890924562955188,1,0.16908819344089202,Cao,3,24.89,1,0,0,664,85.04
1728,2025-01-01,2025,Sales,Account Manager,1,0.1569403546356333,0,0.16908819344089202,Trung bình,2,15.69,0,1,0,1670,62.33
1729,2025-01-01,2025,Information Technology,Data Analyst,0,0.40615886333322226,1,0.16908819344089202,Cao,3,40.62,1,0,0,43,99.05
1730,2025-01-01,2025,Sales,Sales Representative,0,0.15329375901998651,0,0.16908819344089202,Trung bình,2,15.33,0,1,0,1730,60.98
1731,2025-01-01,2025,Human Resources,Recruiter,0,0.16016217688383375,0,0.16908819344089202,Trung bình,2,16.02,0,1,0,1617,63.53
1733,2025-01-01,2025,Sales,Sales Representative,0,0.06968209142231306,0,0.16908819344089202,Thấp,1,6.97,0,0,1,4007,9.59
1734,2025-01-01,2025,Sales,Sales Supervisor,0,0.13846156067160473,0,0.16908819344089202,Trung bình,2,13.85,0,1,0,2023,54.37
1743,2025-01-01,2025,Marketing,Marketing Manager,0,0.05900254709955501,0,0.16908819344089202,Thấp,1,5.9,0,0,1,4321,2.51
1745,2025-01-01,2025,Finance,Accountant,0,0.07199864865523029,0,0.16908819344089202,Thấp,1,7.2,0,0,1,3926,11.42
1747,2025-01-01,2025,Marketing,Marketing Executive,0,0.1311727061701765,0,0.16908819344089202,Trung bình,2,13.12,0,1,0,2215,50.03
1749,2025-01-01,2025,Marketing,Digital Marketing Specialist,0,0.09116271009294329,0,0.16908819344089202,Thấp,1,9.12,0,0,1,3226,27.22
1751,2025-01-01,2025,Human Resources,HR Executive,0,0.12110898557530038,0,0.16908819344089202,Trung bình,2,12.11,0,1,0,2437,45.02
1752,2025-01-01,2025,Marketing,Marketing Manager,0,0.10248001564959065,0,0.16908819344089202,Trung bình,2,10.25,0,1,0,2931,33.87
1760,2025-01-01,2025,Human Resources,C&B Specialist,0,0.37322973322314174,1,0.16908819344089202,Cao,3,37.32,1,0,0,97,97.83
1761,2025-01-01,2025,Marketing,Marketing Manager,0,0.16215307736425283,0,0.16908819344089202,Trung bình,2,16.22,0,1,0,1581,64.34
1762,2025-01-01,2025,Operations,Operations Manager,0,0.09280809719315401,0,0.16908819344089202,Thấp,1,9.28,0,0,1,3166,28.57
1764,2025-01-01,2025,Human Resources,HR Manager,0,0.12684855317766325,0,0.16908819344089202,Trung bình,2,12.68,0,1,0,2305,48.0
1765,2025-01-01,2025,Sales,Sales Executive,0,0.11144224884905322,0,0.16908819344089202,Trung bình,2,11.14,0,1,0,2707,38.93
1767,2025-01-01,2025,Marketing,Marketing Executive,0,0.21133424000913797,1,0.16908819344089202,Cao,3,21.13,1,0,0,1017,77.07
1768,2025-01-01,2025,Operations,Warehouse Supervisor,1,0.1231627029310543,0,0.16908819344089202,Trung bình,2,12.32,0,1,0,2380,46.31
1771,2025-01-01,2025,Marketing,Marketing Executive,1,0.15614039661966897,0,0.16908819344089202,Trung bình,2,15.61,0,1,0,1683,62.04
1773,2025-01-01,2025,Human Resources,HR Manager,0,0.08042562779488392,0,0.16908819344089202,Thấp,1,8.04,0,0,1,3599,18.8
1774,2025-01-01,2025,Marketing,Content Specialist,0,0.17297219753309437,1,0.16908819344089202,Cao,3,17.3,1,0,0,1441,67.5
1775,2025-01-01,2025,Sales,Account Manager,0,0.08250535751569024,0,0.16908819344089202,Thấp,1,8.25,0,0,1,3511,20.79
1778,2025-01-01,2025,Information Technology,Data Analyst,0,0.251148752124905,1,0.16908819344089202,Cao,3,25.11,1,0,0,644,85.49
1781,2025-01-01,2025,Operations,Warehouse Supervisor,0,0.08130886157068738,0,0.16908819344089202,Thấp,1,8.13,0,0,1,3556,19.77
1787,2025-01-01,2025,Information Technology,IT Support,1,0.21376890366282092,1,0.16908819344089202,Cao,3,21.38,1,0,0,989,77.7
1790,2025-01-01,2025,Information Technology,Software Engineer,1,0.092334905487438,0,0.16908819344089202,Thấp,1,9.23,0,0,1,3186,28.12
1792,2025-01-01,2025,Information Technology,Software Engineer,0,0.20059637881851386,1,0.16908819344089202,Cao,3,20.06,1,0,0,1132,74.48
1796,2025-01-01,2025,Operations,Operations Manager,0,0.10149988250251915,0,0.16908819344089202,Trung bình,2,10.15,0,1,0,2961,33.2
1798,2025-01-01,2025,Sales,Sales Executive,0,0.25070340658484747,1,0.16908819344089202,Cao,3,25.07,1,0,0,647,85.42
1799,2025-01-01,2025,Finance,Finance Manager,0,0.06231087851967041,0,0.16908819344089202,Thấp,1,6.23,0,0,1,4235,4.45
1802,2025-01-01,2025,Marketing,Marketing Executive,1,0.2789491638964749,1,0.16908819344089202,Cao,3,27.89,1,0,0,434,90.23
1805,2025-01-01,2025,Human Resources,Recruiter,1,0.3846243800420945,1,0.16908819344089202,Cao,3,38.46,1,0,0,81,98.19
1808,2025-01-01,2025,Marketing,Content Specialist,0,0.06972011438803194,0,0.16908819344089202,Thấp,1,6.97,0,0,1,4003,9.68
1815,2025-01-01,2025,Marketing,Marketing Executive,0,0.22742751285072482,1,0.16908819344089202,Cao,3,22.74,1,0,0,847,80.91
1818,2025-01-01,2025,Information Technology,Software Engineer,0,0.11876055304431726,0,0.16908819344089202,Trung bình,2,11.88,0,1,0,2504,43.51
1820,2025-01-01,2025,Information Technology,QA Engineer,0,0.2354299374476798,1,0.16908819344089202,Cao,3,23.54,1,0,0,772,82.6
1824,2025-01-01,2025,Finance,Internal Auditor,0,0.06270933647328479,0,0.16908819344089202,Thấp,1,6.27,0,0,1,4222,4.74
1829,2025-01-01,2025,Information Technology,IT Support,0,0.19846984215317712,1,0.16908819344089202,Cao,3,19.85,1,0,0,1150,74.07
1833,2025-01-01,2025,Finance,Finance Manager,0,0.13845030105536332,0,0.16908819344089202,Trung bình,2,13.85,0,1,0,2024,54.34
1837,2025-01-01,2025,Marketing,Content Specialist,1,0.29513301877341575,1,0.16908819344089202,Cao,3,29.51,1,0,0,353,92.06
1838,2025-01-01,2025,Information Technology,IT Support,0,0.07350793052144015,0,0.16908819344089202,Thấp,1,7.35,0,0,1,3888,12.28
1839,2025-01-01,2025,Human Resources,HR Executive,0,0.05955171158250466,0,0.16908819344089202,Thấp,1,5.96,0,0,1,4309,2.78
1843,2025-01-01,2025,Marketing,Marketing Executive,0,0.21717443448548446,1,0.16908819344089202,Cao,3,21.72,1,0,0,949,78.61
1847,2025-01-01,2025,Sales,Sales Supervisor,0,0.16518414128808417,0,0.16908819344089202,Trung bình,2,16.52,0,1,0,1540,65.27
1848,2025-01-01,2025,Finance,Finance Manager,1,0.09080277296965562,0,0.16908819344089202,Thấp,1,9.08,0,0,1,3239,26.92
1850,2025-01-01,2025,Sales,Sales Supervisor,1,0.21591101380978414,1,0.16908819344089202,Cao,3,21.59,1,0,0,963,78.29
1851,2025-01-01,2025,Information Technology,Software Engineer,1,0.1397591375502125,0,0.16908819344089202,Trung bình,2,13.98,0,1,0,1982,55.29
1852,2025-01-01,2025,Sales,Sales Representative,0,0.07001596049417155,0,0.16908819344089202,Thấp,1,7.0,0,0,1,3995,9.86
1854,2025-01-01,2025,Information Technology,QA Engineer,0,0.06261770994754658,0,0.16908819344089202,Thấp,1,6.26,0,0,1,4226,4.65
1857,2025-01-01,2025,Sales,Sales Representative,0,0.12453490668477545,0,0.16908819344089202,Trung bình,2,12.45,0,1,0,2349,47.01
1859,2025-01-01,2025,Information Technology,Data Analyst,0,0.09525032122659458,0,0.16908819344089202,Thấp,1,9.53,0,0,1,3107,29.9
1861,2025-01-01,2025,Information Technology,Software Engineer,0,0.26519341383927353,1,0.16908819344089202,Cao,3,26.52,1,0,0,532,88.02
1865,2025-01-01,2025,Marketing,Marketing Executive,1,0.18006440474330745,1,0.16908819344089202,Cao,3,18.01,1,0,0,1335,69.89
1872,2025-01-01,2025,Sales,Sales Representative,0,0.1296510813416175,0,0.16908819344089202,Trung bình,2,12.97,0,1,0,2253,49.18
1875,2025-01-01,2025,Sales,Sales Executive,1,0.36557870884869265,1,0.16908819344089202,Cao,3,36.56,1,0,0,118,97.36
1878,2025-01-01,2025,Information Technology,System Administrator,0,0.07117188630606977,0,0.16908819344089202,Thấp,1,7.12,0,0,1,3957,10.72
1883,2025-01-01,2025,Finance,Accountant,0,0.29567915842602166,1,0.16908819344089202,Cao,3,29.57,1,0,0,351,92.1
1884,2025-01-01,2025,Sales,Account Manager,0,0.06776559876618923,0,0.16908819344089202,Thấp,1,6.78,0,0,1,4065,8.28
1886,2025-01-01,2025,Information Technology,System Administrator,0,0.1620457521212866,0,0.16908819344089202,Trung bình,2,16.2,0,1,0,1583,64.3
1887,2025-01-01,2025,Marketing,Marketing Executive,0,0.06897433698258734,0,0.16908819344089202,Thấp,1,6.9,0,0,1,4030,9.07
1889,2025-01-01,2025,Information Technology,QA Engineer,0,0.12708079108233092,0,0.16908819344089202,Trung bình,2,12.71,0,1,0,2297,48.18
1891,2025-01-01,2025,Finance,Internal Auditor,0,0.08252080122743549,0,0.16908819344089202,Thấp,1,8.25,0,0,1,3509,20.83
1892,2025-01-01,2025,Sales,Sales Executive,0,0.1858298518609292,1,0.16908819344089202,Cao,3,18.58,1,0,0,1270,71.36
1894,2025-01-01,2025,Finance,Financial Analyst,0,0.07126555561203794,0,0.16908819344089202,Thấp,1,7.13,0,0,1,3952,10.83
1895,2025-01-01,2025,Information Technology,Data Analyst,0,0.06278480736783637,0,0.16908819344089202,Thấp,1,6.28,0,0,1,4220,4.78
1900,2025-01-01,2025,Information Technology,System Administrator,0,0.11118147686773829,0,0.16908819344089202,Trung bình,2,11.12,0,1,0,2717,38.7
1901,2025-01-01,2025,Finance,Internal Auditor,0,0.08032630717044034,0,0.16908819344089202,Thấp,1,8.03,0,0,1,3606,18.64
1903,2025-01-01,2025,Finance,Financial Analyst,0,0.3030183469983875,1,0.16908819344089202,Cao,3,30.3,1,0,0,324,92.71
1905,2025-01-01,2025,Finance,Financial Analyst,1,0.1590874116298469,0,0.16908819344089202,Trung bình,2,15.91,0,1,0,1635,63.12
1906,2025-01-01,2025,Information Technology,Software Engineer,0,0.13068473989026613,0,0.16908819344089202,Trung bình,2,13.07,0,1,0,2226,49.79
1909,2025-01-01,2025,Marketing,Marketing Executive,0,0.15901202987529284,0,0.16908819344089202,Trung bình,2,15.9,0,1,0,1639,63.03
1910,2025-01-01,2025,Information Technology,IT Support,0,0.055401546030979215,0,0.16908819344089202,Thấp,1,5.54,0,0,1,4390,0.95
1912,2025-01-01,2025,Operations,Operations Manager,1,0.2896181625607721,1,0.16908819344089202,Cao,3,28.96,1,0,0,374,91.58
1914,2025-01-01,2025,Marketing,Marketing Executive,0,0.07673116009626167,0,0.16908819344089202,Thấp,1,7.67,0,0,1,3758,15.21
1916,2025-01-01,2025,Information Technology,QA Engineer,0,0.11094075612921496,0,0.16908819344089202,Trung bình,2,11.09,0,1,0,2728,38.46
1917,2025-01-01,2025,Human Resources,HR Executive,0,0.08738946355114652,0,0.16908819344089202,Thấp,1,8.74,0,0,1,3334,24.78
1919,2025-01-01,2025,Human Resources,Recruiter,0,0.12614075897973046,0,0.16908819344089202,Trung bình,2,12.61,0,1,0,2313,47.82
1921,2025-01-01,2025,Sales,Sales Executive,0,0.1118450834033198,0,0.16908819344089202,Trung bình,2,11.18,0,1,0,2693,39.25
1922,2025-01-01,2025,Marketing,Marketing Manager,0,0.1636546648475252,0,0.16908819344089202,Trung bình,2,16.37,0,1,0,1565,64.7
1923,2025-01-01,2025,Sales,Account Manager,0,0.08089161289514168,0,0.16908819344089202,Thấp,1,8.09,0,0,1,3580,19.23
1924,2025-01-01,2025,Marketing,Content Specialist,0,0.11243451561754751,0,0.16908819344089202,Trung bình,2,11.24,0,1,0,2673,39.7
1926,2025-01-01,2025,Human Resources,HR Manager,0,0.13945932841026,0,0.16908819344089202,Trung bình,2,13.95,0,1,0,1995,55.0
1927,2025-01-01,2025,Marketing,Content Specialist,1,0.11558876303277534,0,0.16908819344089202,Trung bình,2,11.56,0,1,0,2579,41.82
1930,2025-01-01,2025,Sales,Account Manager,0,0.132365340675264,0,0.16908819344089202,Trung bình,2,13.24,0,1,0,2185,50.71
1931,2025-01-01,2025,Information Technology,IT Support,0,0.08058735023942983,0,0.16908819344089202,Thấp,1,8.06,0,0,1,3593,18.93
1934,2025-01-01,2025,Human Resources,HR Executive,0,0.3982891760327323,1,0.16908819344089202,Cao,3,39.83,1,0,0,58,98.71
1935,2025-01-01,2025,Finance,Accountant,1,0.2627252862027975,1,0.16908819344089202,Cao,3,26.27,1,0,0,559,87.41
1937,2025-01-01,2025,Finance,Finance Manager,0,0.14659929591548254,0,0.16908819344089202,Trung bình,2,14.66,0,1,0,1853,58.2
1938,2025-01-01,2025,Sales,Account Manager,0,0.06404782310617263,0,0.16908819344089202,Thấp,1,6.4,0,0,1,4183,5.62
1939,2025-01-01,2025,Human Resources,HR Executive,1,0.3181167641929686,1,0.16908819344089202,Cao,3,31.81,1,0,0,260,94.15
1940,2025-01-01,2025,Operations,Operations Executive,1,0.2860281726191742,1,0.16908819344089202,Cao,3,28.6,1,0,0,390,91.22
1942,2025-01-01,2025,Information Technology,IT Support,0,0.06516011958818076,0,0.16908819344089202,Thấp,1,6.52,0,0,1,4144,6.5
1943,2025-01-01,2025,Sales,Account Manager,0,0.11248017035645574,0,0.16908819344089202,Trung bình,2,11.25,0,1,0,2672,39.72
1946,2025-01-01,2025,Operations,Operations Manager,0,0.08677736818290402,0,0.16908819344089202,Thấp,1,8.68,0,0,1,3356,24.28
1949,2025-01-01,2025,Finance,Finance Manager,1,0.1480800229806987,0,0.16908819344089202,Trung bình,2,14.81,0,1,0,1823,58.88
1950,2025-01-01,2025,Sales,Sales Supervisor,0,0.06853983722646909,0,0.16908819344089202,Thấp,1,6.85,0,0,1,4042,8.8
1951,2025-01-01,2025,Operations,Warehouse Supervisor,0,0.1505390800825241,0,0.16908819344089202,Trung bình,2,15.05,0,1,0,1780,59.85
1954,2025-01-01,2025,Operations,Operations Manager,0,0.272997515353949,1,0.16908819344089202,Cao,3,27.3,1,0,0,476,89.28
1955,2025-01-01,2025,Finance,Internal Auditor,0,0.17577992108896928,1,0.16908819344089202,Cao,3,17.58,1,0,0,1396,68.52
1956,2025-01-01,2025,Human Resources,HR Executive,0,0.1318716922650759,0,0.16908819344089202,Trung bình,2,13.19,0,1,0,2199,50.39
1958,2025-01-01,2025,Sales,Sales Representative,0,0.12864680447475976,0,0.16908819344089202,Trung bình,2,12.86,0,1,0,2271,48.77
1962,2025-01-01,2025,Operations,Operations Manager,1,0.3610592620139576,1,0.16908819344089202,Cao,3,36.11,1,0,0,132,97.04
1964,2025-01-01,2025,Sales,Sales Supervisor,1,0.40420491324857905,1,0.16908819344089202,Cao,3,40.42,1,0,0,48,98.94
1965,2025-01-01,2025,Marketing,Marketing Manager,0,0.11942486842694609,0,0.16908819344089202,Trung bình,2,11.94,0,1,0,2488,43.87
1966,2025-01-01,2025,Finance,Financial Analyst,0,0.08627955702996494,0,0.16908819344089202,Thấp,1,8.63,0,0,1,3379,23.76
1967,2025-01-01,2025,Information Technology,IT Support,0,0.2057180624262902,1,0.16908819344089202,Cao,3,20.57,1,0,0,1086,75.51
1968,2025-01-01,2025,Human Resources,HR Executive,0,0.11342983830279674,0,0.16908819344089202,Trung bình,2,11.34,0,1,0,2640,40.44
1969,2025-01-01,2025,Human Resources,Recruiter,0,0.18439865523133167,1,0.16908819344089202,Cao,3,18.44,1,0,0,1286,71.0
1970,2025-01-01,2025,Sales,Sales Representative,0,0.055792806195442836,0,0.16908819344089202,Thấp,1,5.58,0,0,1,4377,1.24
1971,2025-01-01,2025,Marketing,Digital Marketing Specialist,0,0.09898174525585655,0,0.16908819344089202,Thấp,1,9.9,0,0,1,3029,31.66
1973,2025-01-01,2025,Marketing,Digital Marketing Specialist,0,0.0668710162738665,0,0.16908819344089202,Thấp,1,6.69,0,0,1,4094,7.63
1974,2025-01-01,2025,Human Resources,HR Manager,0,0.22457580418320286,1,0.16908819344089202,Cao,3,22.46,1,0,0,869,80.41
1975,2025-01-01,2025,Operations,Warehouse Supervisor,1,0.4299806681618017,1,0.16908819344089202,Cao,3,43.0,1,0,0,21,99.55
1976,2025-01-01,2025,Human Resources,Recruiter,0,0.30329395220781213,1,0.16908819344089202,Cao,3,30.33,1,0,0,322,92.76
1977,2025-01-01,2025,Operations,Procurement Specialist,0,0.25390684978099326,1,0.16908819344089202,Cao,3,25.39,1,0,0,620,86.03
1979,2025-01-01,2025,Human Resources,HR Manager,0,0.13567879694759413,0,0.16908819344089202,Trung bình,2,13.57,0,1,0,2093,52.79
1980,2025-01-01,2025,Sales,Sales Representative,1,0.18466313685254504,1,0.16908819344089202,Cao,3,18.47,1,0,0,1285,71.02
1983,2025-01-01,2025,Finance,Internal Auditor,0,0.10921774600416193,0,0.16908819344089202,Trung bình,2,10.92,0,1,0,2771,37.49
1984,2025-01-01,2025,Human Resources,HR Manager,0,0.1747610020417561,1,0.16908819344089202,Cao,3,17.48,1,0,0,1410,68.2
1986,2025-01-01,2025,Marketing,Marketing Executive,0,0.1268679613706524,0,0.16908819344089202,Trung bình,2,12.69,0,1,0,2303,48.05
1987,2025-01-01,2025,Sales,Sales Executive,0,0.07259875981770875,0,0.16908819344089202,Thấp,1,7.26,0,0,1,3912,11.74
1990,2025-01-01,2025,Operations,Operations Executive,0,0.11993518355661276,0,0.16908819344089202,Trung bình,2,11.99,0,1,0,2475,44.17
1992,2025-01-01,2025,Information Technology,IT Support,0,0.1809928143892945,1,0.16908819344089202,Cao,3,18.1,1,0,0,1322,70.19
1993,2025-01-01,2025,Human Resources,Recruiter,0,0.08396585450923277,0,0.16908819344089202,Thấp,1,8.4,0,0,1,3463,21.87
1994,2025-01-01,2025,Sales,Sales Representative,0,0.132118805618318,0,0.16908819344089202,Trung bình,2,13.21,0,1,0,2191,50.58
1997,2025-01-01,2025,Sales,Sales Representative,0,0.2650146197009943,1,0.16908819344089202,Cao,3,26.5,1,0,0,535,87.95
2000,2025-01-01,2025,Information Technology,Data Analyst,0,0.06815593984441164,0,0.16908819344089202,Thấp,1,6.82,0,0,1,4054,8.53
2001,2025-01-01,2025,Human Resources,C&B Specialist,0,0.06584936835843806,0,0.16908819344089202,Thấp,1,6.58,0,0,1,4119,7.06
2003,2025-01-01,2025,Finance,Finance Manager,0,0.09547257237249443,0,0.16908819344089202,Thấp,1,9.55,0,0,1,3100,30.06
2005,2025-01-01,2025,Marketing,Marketing Manager,0,0.26868270388692195,1,0.16908819344089202,Cao,3,26.87,1,0,0,508,88.56
2007,2025-01-01,2025,Sales,Sales Supervisor,0,0.17361155426635938,1,0.16908819344089202,Cao,3,17.36,1,0,0,1433,67.68
2008,2025-01-01,2025,Human Resources,Recruiter,0,0.12571381645475416,0,0.16908819344089202,Trung bình,2,12.57,0,1,0,2321,47.64
2009,2025-01-01,2025,Sales,Sales Executive,0,0.11398004548219842,0,0.16908819344089202,Trung bình,2,11.4,0,1,0,2627,40.74
2011,2025-01-01,2025,Marketing,Marketing Manager,0,0.056067852322057306,0,0.16908819344089202,Thấp,1,5.61,0,0,1,4372,1.35
2013,2025-01-01,2025,Marketing,Marketing Manager,0,0.08340889767686639,0,0.16908819344089202,Thấp,1,8.34,0,0,1,3475,21.6
2019,2025-01-01,2025,Human Resources,C&B Specialist,0,0.0765400468083974,0,0.16908819344089202,Thấp,1,7.65,0,0,1,3765,15.05
2024,2025-01-01,2025,Human Resources,HR Executive,0,0.1702853855140774,1,0.16908819344089202,Cao,3,17.03,1,0,0,1477,66.69
2025,2025-01-01,2025,Information Technology,System Administrator,0,0.2342334235636182,1,0.16908819344089202,Cao,3,23.42,1,0,0,789,82.22
2027,2025-01-01,2025,Finance,Finance Manager,0,0.07476079288010659,0,0.16908819344089202,Thấp,1,7.48,0,0,1,3829,13.61
2029,2025-01-01,2025,Information Technology,System Administrator,0,0.12609346067311275,0,0.16908819344089202,Trung bình,2,12.61,0,1,0,2314,47.8
2030,2025-01-01,2025,Finance,Finance Manager,0,0.1412929972755878,0,0.16908819344089202,Trung bình,2,14.13,0,1,0,1952,55.97
2031,2025-01-01,2025,Human Resources,HR Executive,0,0.098030548323306,0,0.16908819344089202,Thấp,1,9.8,0,0,1,3048,31.23
2033,2025-01-01,2025,Information Technology,Data Analyst,0,0.07522839651272055,0,0.16908819344089202,Thấp,1,7.52,0,0,1,3815,13.92
2037,2025-01-01,2025,Information Technology,Software Engineer,0,0.21910109170429626,1,0.16908819344089202,Cao,3,21.91,1,0,0,930,79.03
2041,2025-01-01,2025,Information Technology,IT Support,0,0.12651760190783043,0,0.16908819344089202,Trung bình,2,12.65,0,1,0,2308,47.94
2043,2025-01-01,2025,Marketing,Content Specialist,1,0.15077575155024361,0,0.16908819344089202,Trung bình,2,15.08,0,1,0,1772,60.03
2049,2025-01-01,2025,Operations,Warehouse Supervisor,0,0.06337834466196006,0,0.16908819344089202,Thấp,1,6.34,0,0,1,4202,5.19
2050,2025-01-01,2025,Finance,Financial Analyst,0,0.15812235344596354,0,0.16908819344089202,Trung bình,2,15.81,0,1,0,1654,62.69
2052,2025-01-01,2025,Marketing,Content Specialist,0,0.06402377923748136,0,0.16908819344089202,Thấp,1,6.4,0,0,1,4184,5.6
2053,2025-01-01,2025,Finance,Accountant,0,0.10970933897335344,0,0.16908819344089202,Trung bình,2,10.97,0,1,0,2759,37.76
2055,2025-01-01,2025,Marketing,Marketing Executive,0,0.05171191190884374,0,0.16908819344089202,Thấp,1,5.17,0,0,1,4418,0.32
2056,2025-01-01,2025,Marketing,Marketing Manager,0,0.18582791239822322,1,0.16908819344089202,Cao,3,18.58,1,0,0,1272,71.32
2057,2025-01-01,2025,Operations,Procurement Specialist,0,0.09044321851961093,0,0.16908819344089202,Thấp,1,9.04,0,0,1,3253,26.61
2059,2025-01-01,2025,Sales,Sales Executive,0,0.15884476265583572,0,0.16908819344089202,Trung bình,2,15.88,0,1,0,1642,62.97
2064,2025-01-01,2025,Operations,Operations Executive,0,0.11655717713473955,0,0.16908819344089202,Trung bình,2,11.66,0,1,0,2547,42.54
2065,2025-01-01,2025,Finance,Financial Analyst,0,0.1225907871275877,0,0.16908819344089202,Trung bình,2,12.26,0,1,0,2397,45.93
2067,2025-01-01,2025,Human Resources,HR Executive,0,0.20645105945018993,1,0.16908819344089202,Cao,3,20.65,1,0,0,1076,75.74
2069,2025-01-01,2025,Finance,Finance Manager,0,0.1926480852116187,1,0.16908819344089202,Cao,3,19.26,1,0,0,1203,72.87
2071,2025-01-01,2025,Information Technology,System Administrator,0,0.2000358287586658,1,0.16908819344089202,Cao,3,20.0,1,0,0,1139,74.32
2073,2025-01-01,2025,Sales,Sales Executive,0,0.08008944489517629,0,0.16908819344089202,Thấp,1,8.01,0,0,1,3614,18.46
2078,2025-01-01,2025,Operations,Operations Executive,1,0.29158526051968087,1,0.16908819344089202,Cao,3,29.16,1,0,0,364,91.81
2080,2025-01-01,2025,Operations,Warehouse Supervisor,0,0.11585516218570636,0,0.16908819344089202,Trung bình,2,11.59,0,1,0,2566,42.11
2083,2025-01-01,2025,Information Technology,Software Engineer,0,0.24969999175312158,1,0.16908819344089202,Cao,3,24.97,1,0,0,660,85.13
2084,2025-01-01,2025,Operations,Warehouse Supervisor,0,0.15412171022994312,0,0.16908819344089202,Trung bình,2,15.41,0,1,0,1712,61.39
2089,2025-01-01,2025,Sales,Sales Representative,0,0.0697003073124136,0,0.16908819344089202,Thấp,1,6.97,0,0,1,4004,9.66
2096,2025-01-01,2025,Operations,Operations Executive,1,0.11646164348380812,0,0.16908819344089202,Trung bình,2,11.65,0,1,0,2549,42.5
2098,2025-01-01,2025,Marketing,Marketing Executive,0,0.05083090162004978,0,0.16908819344089202,Thấp,1,5.08,0,0,1,4425,0.16
2099,2025-01-01,2025,Operations,Warehouse Supervisor,0,0.16295360294507205,0,0.16908819344089202,Trung bình,2,16.3,0,1,0,1572,64.55
2101,2025-01-01,2025,Sales,Account Manager,0,0.1876344483626554,1,0.16908819344089202,Cao,3,18.76,1,0,0,1250,71.81
2102,2025-01-01,2025,Sales,Sales Representative,0,0.17454812481020496,1,0.16908819344089202,Cao,3,17.45,1,0,0,1417,68.04
2103,2025-01-01,2025,Sales,Account Manager,0,0.06401854814993291,0,0.16908819344089202,Thấp,1,6.4,0,0,1,4185,5.57
2106,2025-01-01,2025,Information Technology,Data Analyst,0,0.2353344000533608,1,0.16908819344089202,Cao,3,23.53,1,0,0,774,82.55
2107,2025-01-01,2025,Human Resources,Recruiter,0,0.1608392556416238,0,0.16908819344089202,Trung bình,2,16.08,0,1,0,1604,63.82
2109,2025-01-01,2025,Information Technology,Software Engineer,0,0.05995293231193184,0,0.16908819344089202,Thấp,1,6.0,0,0,1,4299,3.0
2112,2025-01-01,2025,Operations,Procurement Specialist,0,0.14779004139863317,0,0.16908819344089202,Trung bình,2,14.78,0,1,0,1830,58.72
2114,2025-01-01,2025,Marketing,Digital Marketing Specialist,0,0.17225607735061066,1,0.16908819344089202,Cao,3,17.23,1,0,0,1449,67.32
2117,2025-01-01,2025,Sales,Account Manager,0,0.13256008196619917,0,0.16908819344089202,Trung bình,2,13.26,0,1,0,2177,50.89
2118,2025-01-01,2025,Information Technology,Software Engineer,0,0.08882913130092338,0,0.16908819344089202,Thấp,1,8.88,0,0,1,3298,25.59
2120,2025-01-01,2025,Operations,Warehouse Supervisor,0,0.3077741095008556,1,0.16908819344089202,Cao,3,30.78,1,0,0,301,93.23
2121,2025-01-01,2025,Marketing,Digital Marketing Specialist,0,0.18531179706071493,1,0.16908819344089202,Cao,3,18.53,1,0,0,1279,71.16
2124,2025-01-01,2025,Finance,Finance Manager,0,0.10017920477221595,0,0.16908819344089202,Trung bình,2,10.02,0,1,0,2994,32.45
2125,2025-01-01,2025,Operations,Procurement Specialist,1,0.23149160236906005,1,0.16908819344089202,Cao,3,23.15,1,0,0,817,81.58
2127,2025-01-01,2025,Sales,Sales Representative,0,0.11452397193365774,0,0.16908819344089202,Trung bình,2,11.45,0,1,0,2606,41.21
2130,2025-01-01,2025,Operations,Operations Manager,0,0.08686997113902191,0,0.16908819344089202,Thấp,1,8.69,0,0,1,3352,24.37
2135,2025-01-01,2025,Marketing,Content Specialist,0,0.13651663847285336,0,0.16908819344089202,Trung bình,2,13.65,0,1,0,2075,53.19
2136,2025-01-01,2025,Human Resources,HR Executive,0,0.05751634920428167,0,0.16908819344089202,Thấp,1,5.75,0,0,1,4353,1.78
2137,2025-01-01,2025,Finance,Internal Auditor,0,0.20157889084324698,1,0.16908819344089202,Cao,3,20.16,1,0,0,1120,74.75
2139,2025-01-01,2025,Information Technology,QA Engineer,0,0.07614405225013958,0,0.16908819344089202,Thấp,1,7.61,0,0,1,3782,14.67
2140,2025-01-01,2025,Operations,Operations Executive,0,0.08488950660665902,0,0.16908819344089202,Thấp,1,8.49,0,0,1,3431,22.59
2141,2025-01-01,2025,Information Technology,System Administrator,0,0.14137578326907332,0,0.16908819344089202,Trung bình,2,14.14,0,1,0,1950,56.01
2144,2025-01-01,2025,Finance,Accountant,0,0.08043558252761807,0,0.16908819344089202,Thấp,1,8.04,0,0,1,3598,18.82
2145,2025-01-01,2025,Information Technology,Software Engineer,0,0.3063031077361252,1,0.16908819344089202,Cao,3,30.63,1,0,0,306,93.12
2151,2025-01-01,2025,Sales,Sales Supervisor,0,0.1568022195151126,0,0.16908819344089202,Trung bình,2,15.68,0,1,0,1671,62.31
2154,2025-01-01,2025,Sales,Sales Executive,0,0.058379892194669554,0,0.16908819344089202,Thấp,1,5.84,0,0,1,4330,2.3
2156,2025-01-01,2025,Information Technology,Software Engineer,0,0.0962166449375673,0,0.16908819344089202,Thấp,1,9.62,0,0,1,3083,30.44
2158,2025-01-01,2025,Human Resources,Recruiter,0,0.11062145617947673,0,0.16908819344089202,Trung bình,2,11.06,0,1,0,2737,38.25
2159,2025-01-01,2025,Human Resources,C&B Specialist,0,0.05559499668395728,0,0.16908819344089202,Thấp,1,5.56,0,0,1,4384,1.08
2161,2025-01-01,2025,Sales,Sales Supervisor,0,0.11432194057537877,0,0.16908819344089202,Trung bình,2,11.43,0,1,0,2614,41.03
2166,2025-01-01,2025,Operations,Procurement Specialist,0,0.10973631923230788,0,0.16908819344089202,Trung bình,2,10.97,0,1,0,2757,37.8
2171,2025-01-01,2025,Information Technology,Data Analyst,1,0.25063590105410055,1,0.16908819344089202,Cao,3,25.06,1,0,0,648,85.4
2172,2025-01-01,2025,Information Technology,IT Support,0,0.13704907236653605,0,0.16908819344089202,Trung bình,2,13.7,0,1,0,2060,53.53
2175,2025-01-01,2025,Human Resources,HR Manager,1,0.32231555625430997,1,0.16908819344089202,Cao,3,32.23,1,0,0,245,94.49
2176,2025-01-01,2025,Sales,Sales Supervisor,0,0.2539132423599409,1,0.16908819344089202,Cao,3,25.39,1,0,0,619,86.05
2177,2025-01-01,2025,Marketing,Content Specialist,0,0.05069793517853664,0,0.16908819344089202,Thấp,1,5.07,0,0,1,4426,0.14
2178,2025-01-01,2025,Marketing,Content Specialist,0,0.2692726894568534,1,0.16908819344089202,Cao,3,26.93,1,0,0,504,88.65
2180,2025-01-01,2025,Marketing,Marketing Manager,0,0.07341495168736176,0,0.16908819344089202,Thấp,1,7.34,0,0,1,3890,12.23
2182,2025-01-01,2025,Operations,Operations Executive,0,0.08957735447359871,0,0.16908819344089202,Thấp,1,8.96,0,0,1,3278,26.04
2183,2025-01-01,2025,Human Resources,HR Executive,0,0.12092321072339823,0,0.16908819344089202,Trung bình,2,12.09,0,1,0,2443,44.89
2184,2025-01-01,2025,Operations,Operations Manager,0,0.16646760058033966,0,0.16908819344089202,Trung bình,2,16.65,0,1,0,1529,65.52
2188,2025-01-01,2025,Sales,Sales Supervisor,0,0.32879528906757793,1,0.16908819344089202,Cao,3,32.88,1,0,0,223,94.99
2195,2025-01-01,2025,Marketing,Digital Marketing Specialist,0,0.09025326982666984,0,0.16908819344089202,Thấp,1,9.03,0,0,1,3261,26.43
2196,2025-01-01,2025,Marketing,Digital Marketing Specialist,1,0.19644387042128056,1,0.16908819344089202,Cao,3,19.64,1,0,0,1170,73.62
2197,2025-01-01,2025,Sales,Account Manager,0,0.06753458470496983,0,0.16908819344089202,Thấp,1,6.75,0,0,1,4071,8.15
2201,2025-01-01,2025,Marketing,Marketing Executive,0,0.1517070228128471,0,0.16908819344089202,Trung bình,2,15.17,0,1,0,1758,60.35
2203,2025-01-01,2025,Finance,Accountant,0,0.1683516965459665,0,0.16908819344089202,Trung bình,2,16.84,0,1,0,1500,66.17
2207,2025-01-01,2025,Operations,Warehouse Supervisor,0,0.17778400910161926,1,0.16908819344089202,Cao,3,17.78,1,0,0,1361,69.31
2210,2025-01-01,2025,Marketing,Content Specialist,1,0.2643050134153752,1,0.16908819344089202,Cao,3,26.43,1,0,0,544,87.75
2211,2025-01-01,2025,Human Resources,HR Manager,0,0.08690031044431641,0,0.16908819344089202,Thấp,1,8.69,0,0,1,3350,24.42
2212,2025-01-01,2025,Human Resources,HR Manager,0,0.07579846193674024,0,0.16908819344089202,Thấp,1,7.58,0,0,1,3792,14.44
2214,2025-01-01,2025,Marketing,Marketing Manager,0,0.13075873488801573,0,0.16908819344089202,Trung bình,2,13.08,0,1,0,2222,49.88
2215,2025-01-01,2025,Human Resources,HR Executive,0,0.06525512475259615,0,0.16908819344089202,Thấp,1,6.53,0,0,1,4141,6.57
2216,2025-01-01,2025,Operations,Operations Executive,0,0.07570896201021479,0,0.16908819344089202,Thấp,1,7.57,0,0,1,3794,14.4
2218,2025-01-01,2025,Information Technology,QA Engineer,0,0.08763308822433814,0,0.16908819344089202,Thấp,1,8.76,0,0,1,3329,24.89
2221,2025-01-01,2025,Finance,Accountant,1,0.11637786933977658,0,0.16908819344089202,Trung bình,2,11.64,0,1,0,2553,42.41
2222,2025-01-01,2025,Human Resources,Recruiter,0,0.10886905267190906,0,0.16908819344089202,Trung bình,2,10.89,0,1,0,2781,37.26
2223,2025-01-01,2025,Information Technology,Software Engineer,0,0.09630502020866671,0,0.16908819344089202,Thấp,1,9.63,0,0,1,3079,30.53
2228,2025-01-01,2025,Human Resources,HR Executive,0,0.12838920090028266,0,0.16908819344089202,Trung bình,2,12.84,0,1,0,2275,48.68
2231,2025-01-01,2025,Information Technology,Data Analyst,0,0.06293942571111355,0,0.16908819344089202,Thấp,1,6.29,0,0,1,4216,4.87
2233,2025-01-01,2025,Human Resources,HR Manager,0,0.24767586945231548,1,0.16908819344089202,Cao,3,24.77,1,0,0,680,84.68
2234,2025-01-01,2025,Operations,Warehouse Supervisor,0,0.19740283904594855,1,0.16908819344089202,Cao,3,19.74,1,0,0,1161,73.82
2239,2025-01-01,2025,Operations,Operations Manager,0,0.16840669657064253,0,0.16908819344089202,Trung bình,2,16.84,0,1,0,1499,66.19
2243,2025-01-01,2025,Marketing,Marketing Executive,0,0.21054702364475075,1,0.16908819344089202,Cao,3,21.05,1,0,0,1023,76.94
2244,2025-01-01,2025,Operations,Procurement Specialist,0,0.29606141072635594,1,0.16908819344089202,Cao,3,29.61,1,0,0,348,92.17
2248,2025-01-01,2025,Finance,Finance Manager,0,0.07551824992175976,0,0.16908819344089202,Thấp,1,7.55,0,0,1,3801,14.24
2250,2025-01-01,2025,Marketing,Marketing Executive,0,0.05218216916354367,0,0.16908819344089202,Thấp,1,5.22,0,0,1,4416,0.36
2254,2025-01-01,2025,Sales,Sales Supervisor,0,0.07592954996857992,0,0.16908819344089202,Thấp,1,7.59,0,0,1,3784,14.62
2256,2025-01-01,2025,Operations,Operations Manager,0,0.11363757868835442,0,0.16908819344089202,Trung bình,2,11.36,0,1,0,2635,40.56
2259,2025-01-01,2025,Human Resources,Recruiter,0,0.06684415600664172,0,0.16908819344089202,Thấp,1,6.68,0,0,1,4095,7.61
2268,2025-01-01,2025,Operations,Operations Manager,1,0.12968372299206657,0,0.16908819344089202,Trung bình,2,12.97,0,1,0,2252,49.2
2270,2025-01-01,2025,Finance,Finance Manager,0,0.39850055165775594,1,0.16908819344089202,Cao,3,39.85,1,0,0,57,98.74
2271,2025-01-01,2025,Information Technology,IT Support,0,0.17356940942668286,1,0.16908819344089202,Cao,3,17.36,1,0,0,1434,67.66
2275,2025-01-01,2025,Finance,Finance Manager,0,0.11427052902248311,0,0.16908819344089202,Trung bình,2,11.43,0,1,0,2616,40.98
2279,2025-01-01,2025,Marketing,Marketing Manager,0,0.20994849853107117,1,0.16908819344089202,Cao,3,20.99,1,0,0,1033,76.71
2283,2025-01-01,2025,Human Resources,HR Executive,0,0.06366912468906603,0,0.16908819344089202,Thấp,1,6.37,0,0,1,4196,5.33
2287,2025-01-01,2025,Information Technology,IT Support,0,0.13434672049234395,0,0.16908819344089202,Trung bình,2,13.43,0,1,0,2127,52.02
2291,2025-01-01,2025,Finance,Internal Auditor,0,0.08566340389388293,0,0.16908819344089202,Thấp,1,8.57,0,0,1,3395,23.4
2295,2025-01-01,2025,Information Technology,QA Engineer,0,0.07708420297628679,0,0.16908819344089202,Thấp,1,7.71,0,0,1,3744,15.53
2297,2025-01-01,2025,Information Technology,IT Support,1,0.12882102917848837,0,0.16908819344089202,Trung bình,2,12.88,0,1,0,2268,48.84
2299,2025-01-01,2025,Information Technology,IT Support,0,0.2635691873433849,1,0.16908819344089202,Cao,3,26.36,1,0,0,551,87.59
2302,2025-01-01,2025,Operations,Operations Executive,0,0.3061154727125948,1,0.16908819344089202,Cao,3,30.61,1,0,0,308,93.07
2304,2025-01-01,2025,Sales,Account Manager,1,0.10933062128881711,0,0.16908819344089202,Trung bình,2,10.93,0,1,0,2769,37.53
2307,2025-01-01,2025,Operations,Warehouse Supervisor,0,0.062030763939315975,0,0.16908819344089202,Thấp,1,6.2,0,0,1,4246,4.2
2311,2025-01-01,2025,Sales,Sales Executive,1,0.31410135031911385,1,0.16908819344089202,Cao,3,31.41,1,0,0,278,93.75
2313,2025-01-01,2025,Sales,Sales Executive,0,0.1978650246599446,1,0.16908819344089202,Cao,3,19.79,1,0,0,1157,73.91
2314,2025-01-01,2025,Marketing,Content Specialist,0,0.16892090529241677,0,0.16908819344089202,Trung bình,2,16.89,0,1,0,1492,66.35
2316,2025-01-01,2025,Sales,Sales Executive,0,0.14329867727731502,0,0.16908819344089202,Trung bình,2,14.33,0,1,0,1906,57.01
2317,2025-01-01,2025,Marketing,Marketing Executive,0,0.10259902137526068,0,0.16908819344089202,Trung bình,2,10.26,0,1,0,2930,33.9
2318,2025-01-01,2025,Operations,Procurement Specialist,0,0.25609916095395385,1,0.16908819344089202,Cao,3,25.61,1,0,0,602,86.44
2320,2025-01-01,2025,Finance,Accountant,0,0.20535507203240666,1,0.16908819344089202,Cao,3,20.54,1,0,0,1091,75.4
2321,2025-01-01,2025,Information Technology,IT Support,0,0.2500137918776809,1,0.16908819344089202,Cao,3,25.0,1,0,0,654,85.26
2323,2025-01-01,2025,Operations,Warehouse Supervisor,0,0.25719160082654846,1,0.16908819344089202,Cao,3,25.72,1,0,0,597,86.55
2324,2025-01-01,2025,Information Technology,Data Analyst,0,0.09256440629618243,0,0.16908819344089202,Thấp,1,9.26,0,0,1,3174,28.39
2326,2025-01-01,2025,Human Resources,Recruiter,0,0.17625135270693604,1,0.16908819344089202,Cao,3,17.63,1,0,0,1390,68.65
2327,2025-01-01,2025,Marketing,Marketing Manager,0,0.2370936175926169,1,0.16908819344089202,Cao,3,23.71,1,0,0,760,82.87
2328,2025-01-01,2025,Sales,Account Manager,0,0.3083202013912457,1,0.16908819344089202,Cao,3,30.83,1,0,0,299,93.27
2329,2025-01-01,2025,Information Technology,Software Engineer,0,0.11226486506445592,0,0.16908819344089202,Trung bình,2,11.23,0,1,0,2679,39.56
2330,2025-01-01,2025,Sales,Sales Supervisor,0,0.08143502626860846,0,0.16908819344089202,Thấp,1,8.14,0,0,1,3551,19.88
2331,2025-01-01,2025,Human Resources,C&B Specialist,1,0.13197101825572224,0,0.16908819344089202,Trung bình,2,13.2,0,1,0,2195,50.49
2334,2025-01-01,2025,Sales,Sales Executive,1,0.22645921323125062,1,0.16908819344089202,Cao,3,22.65,1,0,0,853,80.77
2336,2025-01-01,2025,Sales,Sales Representative,0,0.07526945550919706,0,0.16908819344089202,Thấp,1,7.53,0,0,1,3812,13.99
2337,2025-01-01,2025,Finance,Financial Analyst,0,0.08679138704117233,0,0.16908819344089202,Thấp,1,8.68,0,0,1,3354,24.33
2340,2025-01-01,2025,Sales,Sales Representative,0,0.13214712543484342,0,0.16908819344089202,Trung bình,2,13.21,0,1,0,2188,50.64
2344,2025-01-01,2025,Operations,Procurement Specialist,0,0.08718974150849167,0,0.16908819344089202,Thấp,1,8.72,0,0,1,3339,24.67
2345,2025-01-01,2025,Sales,Sales Executive,0,0.06256492788700692,0,0.16908819344089202,Thấp,1,6.26,0,0,1,4228,4.6
2346,2025-01-01,2025,Operations,Procurement Specialist,0,0.1191277492363497,0,0.16908819344089202,Trung bình,2,11.91,0,1,0,2496,43.69
2347,2025-01-01,2025,Finance,Financial Analyst,0,0.23749824150412688,1,0.16908819344089202,Cao,3,23.75,1,0,0,757,82.94
2348,2025-01-01,2025,Information Technology,Software Engineer,1,0.19545742489189386,1,0.16908819344089202,Cao,3,19.55,1,0,0,1178,73.44
2349,2025-01-01,2025,Sales,Sales Supervisor,0,0.08195669958273116,0,0.16908819344089202,Thấp,1,8.2,0,0,1,3530,20.36
2354,2025-01-01,2025,Sales,Sales Executive,0,0.2837401800453034,1,0.16908819344089202,Cao,3,28.37,1,0,0,405,90.88
2355,2025-01-01,2025,Operations,Operations Manager,0,0.1317202032436183,0,0.16908819344089202,Trung bình,2,13.17,0,1,0,2202,50.33
2364,2025-01-01,2025,Marketing,Content Specialist,0,0.12063455774680112,0,0.16908819344089202,Trung bình,2,12.06,0,1,0,2453,44.66
2366,2025-01-01,2025,Marketing,Marketing Executive,1,0.45790010517001634,1,0.16908819344089202,Cao,3,45.79,1,0,0,10,99.8
2370,2025-01-01,2025,Operations,Procurement Specialist,0,0.35756389955252393,1,0.16908819344089202,Cao,3,35.76,1,0,0,138,96.91
2373,2025-01-01,2025,Operations,Operations Manager,0,0.2043226010268315,1,0.16908819344089202,Cao,3,20.43,1,0,0,1098,75.24
2375,2025-01-01,2025,Operations,Warehouse Supervisor,1,0.4070578026411926,1,0.16908819344089202,Cao,3,40.71,1,0,0,37,99.19
2381,2025-01-01,2025,Human Resources,HR Executive,0,0.29108684755615416,1,0.16908819344089202,Cao,3,29.11,1,0,0,366,91.76
2382,2025-01-01,2025,Human Resources,HR Manager,0,0.06915207197519399,0,0.16908819344089202,Thấp,1,6.92,0,0,1,4025,9.19
2386,2025-01-01,2025,Operations,Operations Executive,0,0.08153695742442539,0,0.16908819344089202,Thấp,1,8.15,0,0,1,3545,20.02
2387,2025-01-01,2025,Information Technology,QA Engineer,0,0.2710402207076214,1,0.16908819344089202,Cao,3,27.1,1,0,0,487,89.03
2388,2025-01-01,2025,Finance,Internal Auditor,0,0.06198247450756378,0,0.16908819344089202,Thấp,1,6.2,0,0,1,4248,4.15
2392,2025-01-01,2025,Operations,Procurement Specialist,0,0.07959227563798693,0,0.16908819344089202,Thấp,1,7.96,0,0,1,3641,17.85
2394,2025-01-01,2025,Sales,Sales Supervisor,0,0.06578687598175453,0,0.16908819344089202,Thấp,1,6.58,0,0,1,4125,6.93
2395,2025-01-01,2025,Sales,Sales Executive,1,0.23419547178607047,1,0.16908819344089202,Cao,3,23.42,1,0,0,790,82.19
2399,2025-01-01,2025,Human Resources,HR Manager,0,0.08028799486258748,0,0.16908819344089202,Thấp,1,8.03,0,0,1,3608,18.6
2400,2025-01-01,2025,Information Technology,Data Analyst,0,0.0826736418527617,0,0.16908819344089202,Thấp,1,8.27,0,0,1,3499,21.06
2401,2025-01-01,2025,Marketing,Marketing Executive,0,0.1223580087061754,0,0.16908819344089202,Trung bình,2,12.24,0,1,0,2401,45.84
2403,2025-01-01,2025,Human Resources,HR Executive,0,0.1805914216887977,1,0.16908819344089202,Cao,3,18.06,1,0,0,1329,70.03
2406,2025-01-01,2025,Marketing,Marketing Executive,0,0.1264397699459517,0,0.16908819344089202,Trung bình,2,12.64,0,1,0,2310,47.89
2411,2025-01-01,2025,Information Technology,Software Engineer,0,0.370156743127688,1,0.16908819344089202,Cao,3,37.02,1,0,0,106,97.63
2412,2025-01-01,2025,Marketing,Content Specialist,0,0.13230553627932864,0,0.16908819344089202,Trung bình,2,13.23,0,1,0,2187,50.67
2413,2025-01-01,2025,Sales,Account Manager,0,0.31182024960748067,1,0.16908819344089202,Cao,3,31.18,1,0,0,289,93.5
2414,2025-01-01,2025,Operations,Procurement Specialist,1,0.3933425548107338,1,0.16908819344089202,Cao,3,39.33,1,0,0,65,98.56
2415,2025-01-01,2025,Information Technology,Software Engineer,0,0.16012887027244205,0,0.16908819344089202,Trung bình,2,16.01,0,1,0,1618,63.51
2417,2025-01-01,2025,Human Resources,Recruiter,0,0.33478797732951954,1,0.16908819344089202,Cao,3,33.48,1,0,0,201,95.49
2419,2025-01-01,2025,Information Technology,Data Analyst,0,0.0915059463405505,0,0.16908819344089202,Thấp,1,9.15,0,0,1,3213,27.51
2420,2025-01-01,2025,Marketing,Marketing Manager,0,0.10895417293001235,0,0.16908819344089202,Trung bình,2,10.9,0,1,0,2778,37.33
2422,2025-01-01,2025,Marketing,Marketing Manager,0,0.06378612900790441,0,0.16908819344089202,Thấp,1,6.38,0,0,1,4190,5.46
2423,2025-01-01,2025,Marketing,Marketing Executive,1,0.12135618905283996,0,0.16908819344089202,Trung bình,2,12.14,0,1,0,2433,45.11
2428,2025-01-01,2025,Sales,Sales Executive,0,0.13119725122376968,0,0.16908819344089202,Trung bình,2,13.12,0,1,0,2214,50.06
2429,2025-01-01,2025,Human Resources,HR Manager,0,0.15330129938546258,0,0.16908819344089202,Trung bình,2,15.33,0,1,0,1729,61.0
2430,2025-01-01,2025,Information Technology,Data Analyst,0,0.0969648478808706,0,0.16908819344089202,Thấp,1,9.7,0,0,1,3066,30.83
2431,2025-01-01,2025,Marketing,Content Specialist,0,0.13961182247297366,0,0.16908819344089202,Trung bình,2,13.96,0,1,0,1988,55.16
2432,2025-01-01,2025,Information Technology,Software Engineer,0,0.07589500512360102,0,0.16908819344089202,Thấp,1,7.59,0,0,1,3786,14.58
2434,2025-01-01,2025,Operations,Warehouse Supervisor,0,0.13048792223103717,0,0.16908819344089202,Trung bình,2,13.05,0,1,0,2236,49.56
2436,2025-01-01,2025,Marketing,Marketing Executive,0,0.1330651140197275,0,0.16908819344089202,Trung bình,2,13.31,0,1,0,2160,51.28
2439,2025-01-01,2025,Finance,Accountant,0,0.33216397655166263,1,0.16908819344089202,Cao,3,33.22,1,0,0,211,95.26
2441,2025-01-01,2025,Marketing,Marketing Manager,0,0.07690965847203958,0,0.16908819344089202,Thấp,1,7.69,0,0,1,3748,15.44
2442,2025-01-01,2025,Finance,Accountant,0,0.0738281890364349,0,0.16908819344089202,Thấp,1,7.38,0,0,1,3871,12.66
2447,2025-01-01,2025,Sales,Sales Executive,0,0.0849262322302738,0,0.16908819344089202,Thấp,1,8.49,0,0,1,3428,22.66
2449,2025-01-01,2025,Marketing,Digital Marketing Specialist,0,0.17250304778863557,1,0.16908819344089202,Cao,3,17.25,1,0,0,1448,67.34
2451,2025-01-01,2025,Information Technology,Software Engineer,0,0.09629726531168835,0,0.16908819344089202,Thấp,1,9.63,0,0,1,3080,30.51
2452,2025-01-01,2025,Human Resources,Recruiter,0,0.17413459103937085,1,0.16908819344089202,Cao,3,17.41,1,0,0,1424,67.89
2455,2025-01-01,2025,Information Technology,IT Support,0,0.22097859230512432,1,0.16908819344089202,Cao,3,22.1,1,0,0,904,79.62
2457,2025-01-01,2025,Operations,Procurement Specialist,0,0.08150850535091356,0,0.16908819344089202,Thấp,1,8.15,0,0,1,3547,19.97
2458,2025-01-01,2025,Finance,Accountant,0,0.11352928677846295,0,0.16908819344089202,Trung bình,2,11.35,0,1,0,2638,40.49
2459,2025-01-01,2025,Operations,Warehouse Supervisor,0,0.38922280185580577,1,0.16908819344089202,Cao,3,38.92,1,0,0,72,98.4
2461,2025-01-01,2025,Finance,Internal Auditor,0,0.08302746166173688,0,0.16908819344089202,Thấp,1,8.3,0,0,1,3488,21.3
2469,2025-01-01,2025,Information Technology,IT Support,0,0.20747891076435324,1,0.16908819344089202,Cao,3,20.75,1,0,0,1063,76.03
2470,2025-01-01,2025,Information Technology,Data Analyst,0,0.060322129007123804,0,0.16908819344089202,Thấp,1,6.03,0,0,1,4290,3.2
2471,2025-01-01,2025,Finance,Financial Analyst,0,0.10437825049394131,0,0.16908819344089202,Trung bình,2,10.44,0,1,0,2893,34.73
2473,2025-01-01,2025,Marketing,Marketing Manager,0,0.10195036881886643,0,0.16908819344089202,Trung bình,2,10.2,0,1,0,2953,33.38
2474,2025-01-01,2025,Human Resources,Recruiter,1,0.19111495654666075,1,0.16908819344089202,Cao,3,19.11,1,0,0,1218,72.53
2477,2025-01-01,2025,Information Technology,System Administrator,0,0.10080816437263336,0,0.16908819344089202,Trung bình,2,10.08,0,1,0,2977,32.84
2479,2025-01-01,2025,Sales,Sales Representative,0,0.10587068579137536,0,0.16908819344089202,Trung bình,2,10.59,0,1,0,2865,35.36
2482,2025-01-01,2025,Information Technology,Software Engineer,1,0.19823044208668686,1,0.16908819344089202,Cao,3,19.82,1,0,0,1153,74.0
2483,2025-01-01,2025,Finance,Financial Analyst,0,0.07175149716247164,0,0.16908819344089202,Thấp,1,7.18,0,0,1,3939,11.13
2485,2025-01-01,2025,Marketing,Content Specialist,0,0.216590365453311,1,0.16908819344089202,Cao,3,21.66,1,0,0,955,78.47
2493,2025-01-01,2025,Operations,Procurement Specialist,0,0.26454285536214667,1,0.16908819344089202,Cao,3,26.45,1,0,0,539,87.86
2494,2025-01-01,2025,Information Technology,Software Engineer,0,0.11320815294101669,0,0.16908819344089202,Trung bình,2,11.32,0,1,0,2651,40.19
2496,2025-01-01,2025,Human Resources,HR Executive,0,0.08026076178337917,0,0.16908819344089202,Thấp,1,8.03,0,0,1,3611,18.53
2499,2025-01-01,2025,Finance,Finance Manager,0,0.10273124993664917,0,0.16908819344089202,Trung bình,2,10.27,0,1,0,2924,34.03
2501,2025-01-01,2025,Operations,Warehouse Supervisor,0,0.08191307004116405,0,0.16908819344089202,Thấp,1,8.19,0,0,1,3532,20.31
2502,2025-01-01,2025,Sales,Sales Executive,0,0.2315730164710841,1,0.16908819344089202,Cao,3,23.16,1,0,0,816,81.61
2503,2025-01-01,2025,Sales,Sales Executive,0,0.07361399106548651,0,0.16908819344089202,Thấp,1,7.36,0,0,1,3883,12.39
2504,2025-01-01,2025,Information Technology,Data Analyst,0,0.203151586175157,1,0.16908819344089202,Cao,3,20.32,1,0,0,1108,75.02
2508,2025-01-01,2025,Operations,Operations Manager,1,0.17695837147146803,1,0.16908819344089202,Cao,3,17.7,1,0,0,1379,68.9
2511,2025-01-01,2025,Finance,Accountant,0,0.22031331906802318,1,0.16908819344089202,Cao,3,22.03,1,0,0,915,79.37
2512,2025-01-01,2025,Information Technology,Software Engineer,0,0.11457028684257163,0,0.16908819344089202,Trung bình,2,11.46,0,1,0,2605,41.23
2515,2025-01-01,2025,Information Technology,QA Engineer,0,0.13933452247178602,0,0.16908819344089202,Trung bình,2,13.93,0,1,0,1999,54.91
2516,2025-01-01,2025,Finance,Finance Manager,0,0.33060180130495387,1,0.16908819344089202,Cao,3,33.06,1,0,0,219,95.08
2520,2025-01-01,2025,Finance,Accountant,0,0.05574715040419926,0,0.16908819344089202,Thấp,1,5.57,0,0,1,4378,1.22
2522,2025-01-01,2025,Operations,Procurement Specialist,0,0.08380877997602626,0,0.16908819344089202,Thấp,1,8.38,0,0,1,3467,21.78
2524,2025-01-01,2025,Finance,Internal Auditor,0,0.1354014528287905,0,0.16908819344089202,Trung bình,2,13.54,0,1,0,2102,52.58
2525,2025-01-01,2025,Human Resources,HR Manager,0,0.3714633132515551,1,0.16908819344089202,Cao,3,37.15,1,0,0,103,97.7
2526,2025-01-01,2025,Marketing,Content Specialist,0,0.20339263191777407,1,0.16908819344089202,Cao,3,20.34,1,0,0,1105,75.08
2527,2025-01-01,2025,Finance,Finance Manager,0,0.05599276105120549,0,0.16908819344089202,Thấp,1,5.6,0,0,1,4373,1.33
2530,2025-01-01,2025,Information Technology,System Administrator,0,0.13446128690069625,0,0.16908819344089202,Trung bình,2,13.45,0,1,0,2124,52.09
2531,2025-01-01,2025,Human Resources,Recruiter,0,0.10426864453679965,0,0.16908819344089202,Trung bình,2,10.43,0,1,0,2896,34.66
2533,2025-01-01,2025,Operations,Warehouse Supervisor,0,0.08498951502473187,0,0.16908819344089202,Thấp,1,8.5,0,0,1,3423,22.77
2537,2025-01-01,2025,Operations,Procurement Specialist,0,0.07101361387728139,0,0.16908819344089202,Thấp,1,7.1,0,0,1,3966,10.52
2539,2025-01-01,2025,Marketing,Content Specialist,1,0.06747997254523791,0,0.16908819344089202,Thấp,1,6.75,0,0,1,4074,8.08
2542,2025-01-01,2025,Operations,Warehouse Supervisor,0,0.08877237974224216,0,0.16908819344089202,Thấp,1,8.88,0,0,1,3300,25.55
2547,2025-01-01,2025,Finance,Finance Manager,0,0.12038444315677263,0,0.16908819344089202,Trung bình,2,12.04,0,1,0,2462,44.46
2549,2025-01-01,2025,Information Technology,Data Analyst,0,0.06348544463496529,0,0.16908819344089202,Thấp,1,6.35,0,0,1,4199,5.26
2550,2025-01-01,2025,Marketing,Digital Marketing Specialist,0,0.31749840277883634,1,0.16908819344089202,Cao,3,31.75,1,0,0,261,94.13
2551,2025-01-01,2025,Information Technology,IT Support,0,0.27768176218626955,1,0.16908819344089202,Cao,3,27.77,1,0,0,447,89.93
2554,2025-01-01,2025,Marketing,Marketing Manager,0,0.17958455318186947,1,0.16908819344089202,Cao,3,17.96,1,0,0,1341,69.76
2557,2025-01-01,2025,Marketing,Marketing Executive,0,0.21204336174511043,1,0.16908819344089202,Cao,3,21.2,1,0,0,1009,77.25
2558,2025-01-01,2025,Marketing,Content Specialist,0,0.07755033299196415,0,0.16908819344089202,Thấp,1,7.76,0,0,1,3729,15.87
2560,2025-01-01,2025,Sales,Sales Executive,0,0.10046025900136786,0,0.16908819344089202,Trung bình,2,10.05,0,1,0,2985,32.66
2561,2025-01-01,2025,Marketing,Digital Marketing Specialist,0,0.13711713734094166,0,0.16908819344089202,Trung bình,2,13.71,0,1,0,2058,53.58
2563,2025-01-01,2025,Operations,Operations Manager,0,0.1386552407056585,0,0.16908819344089202,Trung bình,2,13.87,0,1,0,2017,54.5
2564,2025-01-01,2025,Marketing,Marketing Manager,0,0.17487287566923443,1,0.16908819344089202,Cao,3,17.49,1,0,0,1408,68.25
2566,2025-01-01,2025,Marketing,Marketing Executive,0,0.12172274802647337,0,0.16908819344089202,Trung bình,2,12.17,0,1,0,2423,45.34
2568,2025-01-01,2025,Finance,Finance Manager,0,0.3138149458550165,1,0.16908819344089202,Cao,3,31.38,1,0,0,281,93.68
2569,2025-01-01,2025,Information Technology,QA Engineer,1,0.297723440706276,1,0.16908819344089202,Cao,3,29.77,1,0,0,341,92.33
2571,2025-01-01,2025,Information Technology,System Administrator,0,0.059655967555602964,0,0.16908819344089202,Thấp,1,5.97,0,0,1,4307,2.82
2572,2025-01-01,2025,Finance,Accountant,0,0.1700388487999925,1,0.16908819344089202,Cao,3,17.0,1,0,0,1480,66.62
2573,2025-01-01,2025,Sales,Sales Executive,1,0.1333684794893458,0,0.16908819344089202,Trung bình,2,13.34,0,1,0,2152,51.46
2574,2025-01-01,2025,Information Technology,QA Engineer,0,0.20733872354110847,1,0.16908819344089202,Cao,3,20.73,1,0,0,1065,75.99
2576,2025-01-01,2025,Human Resources,Recruiter,1,0.19984611450912554,1,0.16908819344089202,Cao,3,19.98,1,0,0,1143,74.23
2577,2025-01-01,2025,Marketing,Content Specialist,0,0.11644740248394217,0,0.16908819344089202,Trung bình,2,11.64,0,1,0,2550,42.47
2579,2025-01-01,2025,Operations,Procurement Specialist,0,0.08289473701097798,0,0.16908819344089202,Thấp,1,8.29,0,0,1,3491,21.24
2581,2025-01-01,2025,Marketing,Digital Marketing Specialist,0,0.05948023757372895,0,0.16908819344089202,Thấp,1,5.95,0,0,1,4313,2.69
2584,2025-01-01,2025,Sales,Sales Supervisor,0,0.10389741399496906,0,0.16908819344089202,Trung bình,2,10.39,0,1,0,2900,34.57
2585,2025-01-01,2025,Sales,Account Manager,0,0.14849665122138467,0,0.16908819344089202,Trung bình,2,14.85,0,1,0,1814,59.08
2587,2025-01-01,2025,Marketing,Digital Marketing Specialist,0,0.0693216466750491,0,0.16908819344089202,Thấp,1,6.93,0,0,1,4019,9.32
2588,2025-01-01,2025,Marketing,Marketing Manager,0,0.24026607091817795,1,0.16908819344089202,Cao,3,24.03,1,0,0,731,83.53
2593,2025-01-01,2025,Finance,Accountant,0,0.14356826505392464,0,0.16908819344089202,Trung bình,2,14.36,0,1,0,1900,57.14
2596,2025-01-01,2025,Marketing,Content Specialist,0,0.15302478092013994,0,0.16908819344089202,Trung bình,2,15.3,0,1,0,1735,60.87
2597,2025-01-01,2025,Finance,Accountant,0,0.3164818891272473,1,0.16908819344089202,Cao,3,31.65,1,0,0,264,94.06
2599,2025-01-01,2025,Sales,Account Manager,0,0.07766754934467189,0,0.16908819344089202,Thấp,1,7.77,0,0,1,3725,15.96
2602,2025-01-01,2025,Operations,Warehouse Supervisor,1,0.2752691210501782,1,0.16908819344089202,Cao,3,27.53,1,0,0,461,89.62
2605,2025-01-01,2025,Human Resources,Recruiter,1,0.24492479413667131,1,0.16908819344089202,Cao,3,24.49,1,0,0,702,84.18
2607,2025-01-01,2025,Operations,Warehouse Supervisor,1,0.1798065780327458,1,0.16908819344089202,Cao,3,17.98,1,0,0,1339,69.8
2609,2025-01-01,2025,Operations,Operations Manager,1,0.08697438906126702,0,0.16908819344089202,Thấp,1,8.7,0,0,1,3349,24.44
2614,2025-01-01,2025,Information Technology,Data Analyst,0,0.057591359721006166,0,0.16908819344089202,Thấp,1,5.76,0,0,1,4350,1.85
2615,2025-01-01,2025,Information Technology,System Administrator,0,0.18367011005859435,1,0.16908819344089202,Cao,3,18.37,1,0,0,1295,70.8
2616,2025-01-01,2025,Human Resources,HR Manager,0,0.07221189165244646,0,0.16908819344089202,Thấp,1,7.22,0,0,1,3922,11.51
2618,2025-01-01,2025,Human Resources,HR Manager,0,0.32107969042992324,1,0.16908819344089202,Cao,3,32.11,1,0,0,248,94.43
2623,2025-01-01,2025,Operations,Warehouse Supervisor,0,0.13373665048172734,0,0.16908819344089202,Trung bình,2,13.37,0,1,0,2140,51.73
2624,2025-01-01,2025,Operations,Warehouse Supervisor,0,0.09236875963624455,0,0.16908819344089202,Thấp,1,9.24,0,0,1,3184,28.17
2626,2025-01-01,2025,Marketing,Marketing Executive,0,0.15004042609924034,0,0.16908819344089202,Trung bình,2,15.0,0,1,0,1790,59.63
2629,2025-01-01,2025,Human Resources,C&B Specialist,0,0.0727440398798894,0,0.16908819344089202,Thấp,1,7.27,0,0,1,3906,11.87
2630,2025-01-01,2025,Operations,Procurement Specialist,1,0.12742469154761146,0,0.16908819344089202,Trung bình,2,12.74,0,1,0,2292,48.3
2635,2025-01-01,2025,Finance,Accountant,0,0.08518686319436544,0,0.16908819344089202,Thấp,1,8.52,0,0,1,3416,22.93
2637,2025-01-01,2025,Human Resources,C&B Specialist,0,0.05971362087079764,0,0.16908819344089202,Thấp,1,5.97,0,0,1,4305,2.87
2639,2025-01-01,2025,Finance,Internal Auditor,0,0.17654771060987323,1,0.16908819344089202,Cao,3,17.65,1,0,0,1388,68.7
2640,2025-01-01,2025,Human Resources,C&B Specialist,0,0.06280959179813102,0,0.16908819344089202,Thấp,1,6.28,0,0,1,4219,4.81
2642,2025-01-01,2025,Operations,Warehouse Supervisor,0,0.1924255685244887,1,0.16908819344089202,Cao,3,19.24,1,0,0,1205,72.83
2643,2025-01-01,2025,Marketing,Content Specialist,0,0.1734147302233313,1,0.16908819344089202,Cao,3,17.34,1,0,0,1437,67.59
2644,2025-01-01,2025,Information Technology,IT Support,0,0.3059221519224348,1,0.16908819344089202,Cao,3,30.59,1,0,0,309,93.05
2645,2025-01-01,2025,Marketing,Digital Marketing Specialist,0,0.23511974484791126,1,0.16908819344089202,Cao,3,23.51,1,0,0,777,82.49
2646,2025-01-01,2025,Sales,Sales Supervisor,0,0.0790712633328725,0,0.16908819344089202,Thấp,1,7.91,0,0,1,3664,17.33
2647,2025-01-01,2025,Human Resources,HR Manager,0,0.08995432556080177,0,0.16908819344089202,Thấp,1,9.0,0,0,1,3268,26.27
2650,2025-01-01,2025,Operations,Operations Manager,0,0.09198189236024695,0,0.16908819344089202,Thấp,1,9.2,0,0,1,3197,27.87
2653,2025-01-01,2025,Marketing,Marketing Manager,1,0.11730809722099979,0,0.16908819344089202,Trung bình,2,11.73,0,1,0,2525,43.04
2654,2025-01-01,2025,Operations,Warehouse Supervisor,1,0.3487308455987398,1,0.16908819344089202,Cao,3,34.87,1,0,0,158,96.46
2655,2025-01-01,2025,Human Resources,HR Manager,0,0.2544233044247871,1,0.16908819344089202,Cao,3,25.44,1,0,0,617,86.1
2656,2025-01-01,2025,Sales,Sales Supervisor,0,0.05939791828247891,0,0.16908819344089202,Thấp,1,5.94,0,0,1,4314,2.66
2659,2025-01-01,2025,Information Technology,Data Analyst,0,0.14332612647712564,0,0.16908819344089202,Trung bình,2,14.33,0,1,0,1903,57.08
2661,2025-01-01,2025,Sales,Sales Executive,0,0.07960019618655707,0,0.16908819344089202,Thấp,1,7.96,0,0,1,3640,17.87
2664,2025-01-01,2025,Sales,Sales Executive,0,0.3307025570116991,1,0.16908819344089202,Cao,3,33.07,1,0,0,218,95.1
2668,2025-01-01,2025,Finance,Financial Analyst,0,0.20910400554142416,1,0.16908819344089202,Cao,3,20.91,1,0,0,1045,76.44
2669,2025-01-01,2025,Finance,Accountant,0,0.15219526947009526,0,0.16908819344089202,Trung bình,2,15.22,0,1,0,1746,60.62
2670,2025-01-01,2025,Sales,Account Manager,0,0.13385129092555842,0,0.16908819344089202,Trung bình,2,13.39,0,1,0,2136,51.82
2671,2025-01-01,2025,Sales,Sales Representative,0,0.09900419763739496,0,0.16908819344089202,Thấp,1,9.9,0,0,1,3028,31.69
2673,2025-01-01,2025,Information Technology,QA Engineer,0,0.274115898951082,1,0.16908819344089202,Cao,3,27.41,1,0,0,469,89.44
2675,2025-01-01,2025,Human Resources,Recruiter,0,0.09523112427039837,0,0.16908819344089202,Thấp,1,9.52,0,0,1,3108,29.88
2677,2025-01-01,2025,Sales,Account Manager,0,0.11708711720292096,0,0.16908819344089202,Trung bình,2,11.71,0,1,0,2533,42.86
2679,2025-01-01,2025,Operations,Warehouse Supervisor,1,0.14086305283745207,0,0.16908819344089202,Trung bình,2,14.09,0,1,0,1958,55.83
2680,2025-01-01,2025,Marketing,Digital Marketing Specialist,0,0.09719143214860952,0,0.16908819344089202,Thấp,1,9.72,0,0,1,3063,30.9
2681,2025-01-01,2025,Information Technology,Data Analyst,1,0.07410479997339968,0,0.16908819344089202,Thấp,1,7.41,0,0,1,3856,13.0
2682,2025-01-01,2025,Marketing,Content Specialist,0,0.2386150067568405,1,0.16908819344089202,Cao,3,23.86,1,0,0,741,83.3
2688,2025-01-01,2025,Marketing,Content Specialist,0,0.2616019793555316,1,0.16908819344089202,Cao,3,26.16,1,0,0,566,87.25
2689,2025-01-01,2025,Human Resources,HR Manager,0,0.07908569358979066,0,0.16908819344089202,Thấp,1,7.91,0,0,1,3663,17.35
2692,2025-01-01,2025,Finance,Accountant,0,0.054431661069885874,0,0.16908819344089202,Thấp,1,5.44,0,0,1,4399,0.74
2694,2025-01-01,2025,Operations,Operations Executive,0,0.1746441813779513,1,0.16908819344089202,Cao,3,17.46,1,0,0,1415,68.09
2695,2025-01-01,2025,Information Technology,Software Engineer,0,0.21932484721177484,1,0.16908819344089202,Cao,3,21.93,1,0,0,927,79.1
2697,2025-01-01,2025,Human Resources,HR Manager,0,0.07531053852164098,0,0.16908819344089202,Thấp,1,7.53,0,0,1,3809,14.06
2702,2025-01-01,2025,Human Resources,C&B Specialist,0,0.06380003115606017,0,0.16908819344089202,Thấp,1,6.38,0,0,1,4189,5.48
2705,2025-01-01,2025,Operations,Operations Manager,0,0.06706803863470027,0,0.16908819344089202,Thấp,1,6.71,0,0,1,4088,7.76
2707,2025-01-01,2025,Finance,Accountant,0,0.11992801384164355,0,0.16908819344089202,Trung bình,2,11.99,0,1,0,2476,44.14
2709,2025-01-01,2025,Finance,Finance Manager,1,0.16048028833177264,0,0.16908819344089202,Trung bình,2,16.05,0,1,0,1609,63.71
2710,2025-01-01,2025,Finance,Accountant,1,0.25382834745583205,1,0.16908819344089202,Cao,3,25.38,1,0,0,622,85.99
2711,2025-01-01,2025,Operations,Operations Executive,0,0.1465953854686254,0,0.16908819344089202,Trung bình,2,14.66,0,1,0,1854,58.18
2712,2025-01-01,2025,Marketing,Content Specialist,1,0.2154432314635055,1,0.16908819344089202,Cao,3,21.54,1,0,0,971,78.11
2713,2025-01-01,2025,Human Resources,C&B Specialist,0,0.3137887305536428,1,0.16908819344089202,Cao,3,31.38,1,0,0,282,93.66
2716,2025-01-01,2025,Marketing,Marketing Executive,0,0.11000236040944121,0,0.16908819344089202,Trung bình,2,11.0,0,1,0,2749,37.98
2719,2025-01-01,2025,Marketing,Content Specialist,0,0.09372218005257632,0,0.16908819344089202,Thấp,1,9.37,0,0,1,3144,29.07
2721,2025-01-01,2025,Marketing,Marketing Manager,1,0.24815366375223022,1,0.16908819344089202,Cao,3,24.82,1,0,0,678,84.72
2724,2025-01-01,2025,Marketing,Marketing Executive,0,0.1793365569684617,1,0.16908819344089202,Cao,3,17.93,1,0,0,1343,69.71
2726,2025-01-01,2025,Human Resources,C&B Specialist,0,0.09164549443092652,0,0.16908819344089202,Thấp,1,9.16,0,0,1,3208,27.62
2727,2025-01-01,2025,Marketing,Content Specialist,0,0.15246374419853695,0,0.16908819344089202,Trung bình,2,15.25,0,1,0,1741,60.73
2729,2025-01-01,2025,Marketing,Marketing Manager,0,0.08875063954249744,0,0.16908819344089202,Thấp,1,8.88,0,0,1,3301,25.52
2730,2025-01-01,2025,Sales,Account Manager,0,0.07429785624493311,0,0.16908819344089202,Thấp,1,7.43,0,0,1,3848,13.18
2734,2025-01-01,2025,Sales,Sales Supervisor,0,0.13272407784827217,0,0.16908819344089202,Trung bình,2,13.27,0,1,0,2170,51.05
2735,2025-01-01,2025,Finance,Accountant,1,0.20046622824967136,1,0.16908819344089202,Cao,3,20.05,1,0,0,1134,74.43
2738,2025-01-01,2025,Finance,Accountant,0,0.07339785062971863,0,0.16908819344089202,Thấp,1,7.34,0,0,1,3892,12.19
2740,2025-01-01,2025,Operations,Warehouse Supervisor,1,0.3410833929676244,1,0.16908819344089202,Cao,3,34.11,1,0,0,185,95.85
2741,2025-01-01,2025,Operations,Procurement Specialist,0,0.10760353247731658,0,0.16908819344089202,Trung bình,2,10.76,0,1,0,2824,36.29
2743,2025-01-01,2025,Sales,Sales Executive,0,0.06751886220526432,0,0.16908819344089202,Thấp,1,6.75,0,0,1,4072,8.12
2744,2025-01-01,2025,Marketing,Digital Marketing Specialist,0,0.06656443803542882,0,0.16908819344089202,Thấp,1,6.66,0,0,1,4101,7.47
2745,2025-01-01,2025,Marketing,Marketing Executive,0,0.11332629595311149,0,0.16908819344089202,Trung bình,2,11.33,0,1,0,2646,40.31
2746,2025-01-01,2025,Sales,Sales Executive,0,0.2860453053084186,1,0.16908819344089202,Cao,3,28.6,1,0,0,388,91.27
2747,2025-01-01,2025,Operations,Warehouse Supervisor,0,0.15524072233791328,0,0.16908819344089202,Trung bình,2,15.52,0,1,0,1695,61.77
2753,2025-01-01,2025,Information Technology,QA Engineer,0,0.08426002209627205,0,0.16908819344089202,Thấp,1,8.43,0,0,1,3446,22.25
2754,2025-01-01,2025,Operations,Operations Manager,1,0.4873093922637085,1,0.16908819344089202,Cao,3,48.73,1,0,0,3,99.95
2756,2025-01-01,2025,Information Technology,Software Engineer,0,0.16094984459206782,0,0.16908819344089202,Trung bình,2,16.09,0,1,0,1602,63.87
2758,2025-01-01,2025,Finance,Accountant,0,0.06805248812767616,0,0.16908819344089202,Thấp,1,6.81,0,0,1,4057,8.46
2760,2025-01-01,2025,Human Resources,C&B Specialist,0,0.15189999332983034,0,0.16908819344089202,Trung bình,2,15.19,0,1,0,1752,60.48
2764,2025-01-01,2025,Information Technology,QA Engineer,0,0.2967681673516337,1,0.16908819344089202,Cao,3,29.68,1,0,0,345,92.24
2765,2025-01-01,2025,Operations,Procurement Specialist,0,0.09555714266639084,0,0.16908819344089202,Thấp,1,9.56,0,0,1,3098,30.11
2767,2025-01-01,2025,Human Resources,Recruiter,0,0.22351979612786232,1,0.16908819344089202,Cao,3,22.35,1,0,0,882,80.12
2770,2025-01-01,2025,Human Resources,Recruiter,0,0.10236214368510008,0,0.16908819344089202,Trung bình,2,10.24,0,1,0,2936,33.76
2771,2025-01-01,2025,Sales,Sales Representative,0,0.18937786016811278,1,0.16908819344089202,Cao,3,18.94,1,0,0,1236,72.13
2774,2025-01-01,2025,Human Resources,HR Manager,0,0.12375255158393164,0,0.16908819344089202,Trung bình,2,12.38,0,1,0,2366,46.63
2775,2025-01-01,2025,Human Resources,HR Manager,0,0.12687187525108834,0,0.16908819344089202,Trung bình,2,12.69,0,1,0,2302,48.07
2778,2025-01-01,2025,Marketing,Digital Marketing Specialist,0,0.13962550341546584,0,0.16908819344089202,Trung bình,2,13.96,0,1,0,1987,55.18
2780,2025-01-01,2025,Finance,Internal Auditor,0,0.14233110626316675,0,0.16908819344089202,Trung bình,2,14.23,0,1,0,1927,56.53
2781,2025-01-01,2025,Sales,Sales Representative,0,0.1369011320197991,0,0.16908819344089202,Trung bình,2,13.69,0,1,0,2066,53.4
2784,2025-01-01,2025,Marketing,Marketing Executive,0,0.055529530227028424,0,0.16908819344089202,Thấp,1,5.55,0,0,1,4388,0.99
2785,2025-01-01,2025,Marketing,Marketing Manager,0,0.1245793589773011,0,0.16908819344089202,Trung bình,2,12.46,0,1,0,2348,47.03
2786,2025-01-01,2025,Human Resources,HR Manager,0,0.24641295461981064,1,0.16908819344089202,Cao,3,24.64,1,0,0,690,84.45
2787,2025-01-01,2025,Finance,Accountant,0,0.21091406703615634,1,0.16908819344089202,Cao,3,21.09,1,0,0,1021,76.98
2790,2025-01-01,2025,Information Technology,System Administrator,0,0.10829355464138786,0,0.16908819344089202,Trung bình,2,10.83,0,1,0,2799,36.85
2795,2025-01-01,2025,Human Resources,HR Manager,0,0.10654788925747669,0,0.16908819344089202,Trung bình,2,10.65,0,1,0,2852,35.66
2799,2025-01-01,2025,Marketing,Content Specialist,0,0.09174349402541651,0,0.16908819344089202,Thấp,1,9.17,0,0,1,3206,27.67
2803,2025-01-01,2025,Sales,Account Manager,0,0.06284828608902059,0,0.16908819344089202,Thấp,1,6.28,0,0,1,4218,4.83
2804,2025-01-01,2025,Human Resources,Recruiter,0,0.19205547056889014,1,0.16908819344089202,Cao,3,19.21,1,0,0,1207,72.78
2806,2025-01-01,2025,Human Resources,HR Executive,0,0.06584826762702468,0,0.16908819344089202,Thấp,1,6.58,0,0,1,4120,7.04
2810,2025-01-01,2025,Operations,Procurement Specialist,0,0.07646734462711506,0,0.16908819344089202,Thấp,1,7.65,0,0,1,3768,14.99
2811,2025-01-01,2025,Information Technology,Data Analyst,1,0.29300037864134976,1,0.16908819344089202,Cao,3,29.3,1,0,0,359,91.92
2814,2025-01-01,2025,Marketing,Marketing Executive,0,0.05251892067164638,0,0.16908819344089202,Thấp,1,5.25,0,0,1,4413,0.43
2815,2025-01-01,2025,Marketing,Marketing Manager,0,0.1312775460526151,0,0.16908819344089202,Trung bình,2,13.13,0,1,0,2213,50.08
2816,2025-01-01,2025,Sales,Sales Representative,1,0.1476380886156506,0,0.16908819344089202,Trung bình,2,14.76,0,1,0,1837,58.56
2819,2025-01-01,2025,Human Resources,Recruiter,0,0.1581544929935485,0,0.16908819344089202,Trung bình,2,15.82,0,1,0,1653,62.72
2820,2025-01-01,2025,Human Resources,Recruiter,0,0.07312095045641083,0,0.16908819344089202,Thấp,1,7.31,0,0,1,3898,12.05
2821,2025-01-01,2025,Finance,Financial Analyst,0,0.25734961826325825,1,0.16908819344089202,Cao,3,25.73,1,0,0,596,86.57
2822,2025-01-01,2025,Information Technology,Data Analyst,0,0.07905751000181453,0,0.16908819344089202,Thấp,1,7.91,0,0,1,3665,17.31
2823,2025-01-01,2025,Operations,Operations Manager,0,0.08708026585130131,0,0.16908819344089202,Thấp,1,8.71,0,0,1,3346,24.51
2824,2025-01-01,2025,Information Technology,QA Engineer,0,0.11620642410495731,0,0.16908819344089202,Trung bình,2,11.62,0,1,0,2558,42.29
2826,2025-01-01,2025,Operations,Procurement Specialist,1,0.26876735646009475,1,0.16908819344089202,Cao,3,26.88,1,0,0,507,88.58
2829,2025-01-01,2025,Operations,Operations Executive,0,0.2699960270484414,1,0.16908819344089202,Cao,3,27.0,1,0,0,498,88.78
2832,2025-01-01,2025,Finance,Finance Manager,0,0.150772946865578,0,0.16908819344089202,Trung bình,2,15.08,0,1,0,1773,60.01
2834,2025-01-01,2025,Marketing,Marketing Manager,0,0.07122883734611142,0,0.16908819344089202,Thấp,1,7.12,0,0,1,3956,10.74
2837,2025-01-01,2025,Sales,Account Manager,1,0.1483170029089829,0,0.16908819344089202,Trung bình,2,14.83,0,1,0,1819,58.97
2838,2025-01-01,2025,Marketing,Marketing Manager,1,0.10339199011366945,0,0.16908819344089202,Trung bình,2,10.34,0,1,0,2914,34.26
2840,2025-01-01,2025,Information Technology,QA Engineer,1,0.1553804857915461,0,0.16908819344089202,Trung bình,2,15.54,0,1,0,1693,61.81
2845,2025-01-01,2025,Sales,Sales Executive,0,0.15841494237930245,0,0.16908819344089202,Trung bình,2,15.84,0,1,0,1649,62.81
2846,2025-01-01,2025,Operations,Procurement Specialist,0,0.15183600459686702,0,0.16908819344089202,Trung bình,2,15.18,0,1,0,1754,60.44
2855,2025-01-01,2025,Operations,Operations Manager,0,0.22291253702443986,1,0.16908819344089202,Cao,3,22.29,1,0,0,890,79.94
2860,2025-01-01,2025,Marketing,Marketing Manager,0,0.13072543987392357,0,0.16908819344089202,Trung bình,2,13.07,0,1,0,2225,49.81
2862,2025-01-01,2025,Human Resources,HR Manager,0,0.13602482896156542,0,0.16908819344089202,Trung bình,2,13.6,0,1,0,2088,52.9
2863,2025-01-01,2025,Marketing,Marketing Executive,0,0.12194119394944511,0,0.16908819344089202,Trung bình,2,12.19,0,1,0,2410,45.63
2864,2025-01-01,2025,Operations,Operations Executive,0,0.08797771504232647,0,0.16908819344089202,Thấp,1,8.8,0,0,1,3323,25.03
2877,2025-01-01,2025,Finance,Accountant,0,0.226118275445094,1,0.16908819344089202,Cao,3,22.61,1,0,0,856,80.7
2878,2025-01-01,2025,Sales,Sales Representative,0,0.12386110582447124,0,0.16908819344089202,Trung bình,2,12.39,0,1,0,2365,46.65
2881,2025-01-01,2025,Information Technology,Data Analyst,0,0.26293401998324306,1,0.16908819344089202,Cao,3,26.29,1,0,0,558,87.43
2884,2025-01-01,2025,Operations,Warehouse Supervisor,0,0.06510510725717022,0,0.16908819344089202,Thấp,1,6.51,0,0,1,4145,6.48
2885,2025-01-01,2025,Information Technology,Data Analyst,0,0.21991464400731672,1,0.16908819344089202,Cao,3,21.99,1,0,0,919,79.28
2886,2025-01-01,2025,Marketing,Marketing Manager,1,0.14990360316752424,0,0.16908819344089202,Trung bình,2,14.99,0,1,0,1794,59.54
2887,2025-01-01,2025,Human Resources,HR Executive,0,0.09280364389054455,0,0.16908819344089202,Thấp,1,9.28,0,0,1,3167,28.55
2893,2025-01-01,2025,Human Resources,C&B Specialist,0,0.06134793839584525,0,0.16908819344089202,Thấp,1,6.13,0,0,1,4259,3.9
2894,2025-01-01,2025,Marketing,Marketing Manager,0,0.2523607375089478,1,0.16908819344089202,Cao,3,25.24,1,0,0,637,85.65
2898,2025-01-01,2025,Human Resources,Recruiter,0,0.06420627499760599,0,0.16908819344089202,Thấp,1,6.42,0,0,1,4179,5.71
2901,2025-01-01,2025,Information Technology,QA Engineer,1,0.19708473289554784,1,0.16908819344089202,Cao,3,19.71,1,0,0,1165,73.73
2902,2025-01-01,2025,Marketing,Digital Marketing Specialist,0,0.05706450953762591,0,0.16908819344089202,Thấp,1,5.71,0,0,1,4363,1.56
2909,2025-01-01,2025,Finance,Financial Analyst,0,0.2716858922707525,1,0.16908819344089202,Cao,3,27.17,1,0,0,484,89.1
2913,2025-01-01,2025,Finance,Accountant,0,0.08038874979064428,0,0.16908819344089202,Thấp,1,8.04,0,0,1,3603,18.71
2919,2025-01-01,2025,Sales,Account Manager,0,0.17404699712362648,1,0.16908819344089202,Cao,3,17.4,1,0,0,1425,67.86
2920,2025-01-01,2025,Sales,Sales Executive,0,0.2365421303831747,1,0.16908819344089202,Cao,3,23.65,1,0,0,765,82.76
2921,2025-01-01,2025,Information Technology,IT Support,0,0.15057514654721008,0,0.16908819344089202,Trung bình,2,15.06,0,1,0,1779,59.87
2922,2025-01-01,2025,Human Resources,C&B Specialist,1,0.18372902991671966,1,0.16908819344089202,Cao,3,18.37,1,0,0,1293,70.84
2924,2025-01-01,2025,Operations,Operations Manager,0,0.15100022765403612,0,0.16908819344089202,Trung bình,2,15.1,0,1,0,1769,60.1
2926,2025-01-01,2025,Information Technology,Software Engineer,1,0.2773711807123995,1,0.16908819344089202,Cao,3,27.74,1,0,0,450,89.87
2928,2025-01-01,2025,Information Technology,Data Analyst,0,0.09558952959728553,0,0.16908819344089202,Thấp,1,9.56,0,0,1,3096,30.15
2929,2025-01-01,2025,Finance,Internal Auditor,0,0.21890933213427013,1,0.16908819344089202,Cao,3,21.89,1,0,0,934,78.94
2934,2025-01-01,2025,Operations,Operations Executive,0,0.1420840589243101,0,0.16908819344089202,Trung bình,2,14.21,0,1,0,1934,56.38
2936,2025-01-01,2025,Marketing,Content Specialist,0,0.28106478572911275,1,0.16908819344089202,Cao,3,28.11,1,0,0,421,90.52
2937,2025-01-01,2025,Information Technology,IT Support,0,0.143647779267268,0,0.16908819344089202,Trung bình,2,14.36,0,1,0,1898,57.19
2942,2025-01-01,2025,Marketing,Marketing Executive,0,0.0932264646245367,0,0.16908819344089202,Thấp,1,9.32,0,0,1,3156,28.8
2944,2025-01-01,2025,Information Technology,IT Support,0,0.21850501313806275,1,0.16908819344089202,Cao,3,21.85,1,0,0,938,78.85
2945,2025-01-01,2025,Marketing,Marketing Manager,0,0.12152096544559629,0,0.16908819344089202,Trung bình,2,12.15,0,1,0,2428,45.23
2946,2025-01-01,2025,Information Technology,QA Engineer,0,0.10049076973043038,0,0.16908819344089202,Trung bình,2,10.05,0,1,0,2982,32.72
2949,2025-01-01,2025,Marketing,Digital Marketing Specialist,1,0.14552493370053193,0,0.16908819344089202,Trung bình,2,14.55,0,1,0,1872,57.77
2950,2025-01-01,2025,Finance,Accountant,0,0.12402670863187579,0,0.16908819344089202,Trung bình,2,12.4,0,1,0,2360,46.76
2954,2025-01-01,2025,Marketing,Content Specialist,0,0.2638372411486046,1,0.16908819344089202,Cao,3,26.38,1,0,0,549,87.63
2955,2025-01-01,2025,Information Technology,Data Analyst,0,0.07951758203977878,0,0.16908819344089202,Thấp,1,7.95,0,0,1,3644,17.78
2957,2025-01-01,2025,Finance,Accountant,0,0.2518052187788527,1,0.16908819344089202,Cao,3,25.18,1,0,0,640,85.58
2960,2025-01-01,2025,Operations,Operations Executive,0,0.266570376653602,1,0.16908819344089202,Cao,3,26.66,1,0,0,523,88.22
2961,2025-01-01,2025,Information Technology,Software Engineer,1,0.23342420516073906,1,0.16908819344089202,Cao,3,23.34,1,0,0,798,82.01
2963,2025-01-01,2025,Marketing,Marketing Executive,0,0.1087925666777208,0,0.16908819344089202,Trung bình,2,10.88,0,1,0,2783,37.22
2964,2025-01-01,2025,Operations,Operations Executive,0,0.07623297561125096,0,0.16908819344089202,Thấp,1,7.62,0,0,1,3776,14.8
2967,2025-01-01,2025,Finance,Financial Analyst,0,0.10988445899052426,0,0.16908819344089202,Trung bình,2,10.99,0,1,0,2752,37.91
2968,2025-01-01,2025,Human Resources,C&B Specialist,0,0.0579024520809186,0,0.16908819344089202,Thấp,1,5.79,0,0,1,4342,2.03
2969,2025-01-01,2025,Sales,Sales Representative,0,0.0978512407770467,0,0.16908819344089202,Thấp,1,9.79,0,0,1,3054,31.1
2972,2025-01-01,2025,Marketing,Content Specialist,0,0.11518487914999101,0,0.16908819344089202,Trung bình,2,11.52,0,1,0,2589,41.59
2975,2025-01-01,2025,Human Resources,HR Executive,0,0.33101790988513075,1,0.16908819344089202,Cao,3,33.1,1,0,0,216,95.15
2978,2025-01-01,2025,Finance,Finance Manager,0,0.0992624369025585,0,0.16908819344089202,Thấp,1,9.93,0,0,1,3023,31.8
2985,2025-01-01,2025,Sales,Sales Representative,0,0.1440537789718975,0,0.16908819344089202,Trung bình,2,14.41,0,1,0,1890,57.37
2986,2025-01-01,2025,Sales,Account Manager,0,0.26194821657446,1,0.16908819344089202,Cao,3,26.19,1,0,0,564,87.29
2990,2025-01-01,2025,Human Resources,HR Manager,0,0.12003885347034758,0,0.16908819344089202,Trung bình,2,12.0,0,1,0,2472,44.23
2991,2025-01-01,2025,Information Technology,Data Analyst,0,0.1499058475062084,0,0.16908819344089202,Trung bình,2,14.99,0,1,0,1793,59.56
2994,2025-01-01,2025,Information Technology,Software Engineer,0,0.08267070154227264,0,0.16908819344089202,Thấp,1,8.27,0,0,1,3500,21.03
2995,2025-01-01,2025,Marketing,Content Specialist,0,0.22204914578120485,1,0.16908819344089202,Cao,3,22.2,1,0,0,898,79.76
2996,2025-01-01,2025,Information Technology,IT Support,0,0.24973051212568645,1,0.16908819344089202,Cao,3,24.97,1,0,0,659,85.15
2997,2025-01-01,2025,Sales,Sales Supervisor,0,0.10214552057601477,0,0.16908819344089202,Trung bình,2,10.21,0,1,0,2948,33.49
2998,2025-01-01,2025,Operations,Operations Manager,1,0.1203351856384216,0,0.16908819344089202,Trung bình,2,12.03,0,1,0,2464,44.41
3000,2025-01-01,2025,Finance,Internal Auditor,0,0.09255661393785039,0,0.16908819344089202,Thấp,1,9.26,0,0,1,3175,28.37
3004,2025-01-01,2025,Marketing,Marketing Manager,1,0.11230011987819118,0,0.16908819344089202,Trung bình,2,11.23,0,1,0,2677,39.61
3005,2025-01-01,2025,Marketing,Marketing Manager,0,0.04878103384492972,0,0.16908819344089202,Thấp,1,4.88,0,0,1,4430,0.05
3006,2025-01-01,2025,Information Technology,System Administrator,0,0.07964982046048255,0,0.16908819344089202,Thấp,1,7.96,0,0,1,3638,17.92
3011,2025-01-01,2025,Sales,Sales Executive,1,0.0885118792764021,0,0.16908819344089202,Thấp,1,8.85,0,0,1,3304,25.46
3014,2025-01-01,2025,Marketing,Marketing Manager,0,0.10061398907499765,0,0.16908819344089202,Trung bình,2,10.06,0,1,0,2979,32.79
3016,2025-01-01,2025,Information Technology,Data Analyst,0,0.3549947930421188,1,0.16908819344089202,Cao,3,35.5,1,0,0,143,96.8
3017,2025-01-01,2025,Human Resources,HR Executive,1,0.3480788433082708,1,0.16908819344089202,Cao,3,34.81,1,0,0,162,96.37
3018,2025-01-01,2025,Information Technology,Data Analyst,1,0.1081127482835582,0,0.16908819344089202,Trung bình,2,10.81,0,1,0,2807,36.67
3027,2025-01-01,2025,Marketing,Marketing Executive,0,0.16764835086499458,0,0.16908819344089202,Trung bình,2,16.76,0,1,0,1510,65.94
3031,2025-01-01,2025,Operations,Warehouse Supervisor,0,0.12701595315254036,0,0.16908819344089202,Trung bình,2,12.7,0,1,0,2298,48.16
3032,2025-01-01,2025,Human Resources,C&B Specialist,0,0.09110972401848723,0,0.16908819344089202,Thấp,1,9.11,0,0,1,3227,27.19
3034,2025-01-01,2025,Operations,Warehouse Supervisor,0,0.08563692702477493,0,0.16908819344089202,Thấp,1,8.56,0,0,1,3396,23.38
3035,2025-01-01,2025,Human Resources,HR Manager,0,0.14956217841253774,0,0.16908819344089202,Trung bình,2,14.96,0,1,0,1804,59.31
3038,2025-01-01,2025,Marketing,Digital Marketing Specialist,0,0.08434254115562466,0,0.16908819344089202,Thấp,1,8.43,0,0,1,3443,22.32
3041,2025-01-01,2025,Human Resources,HR Executive,0,0.07469793660601934,0,0.16908819344089202,Thấp,1,7.47,0,0,1,3832,13.54
3044,2025-01-01,2025,Human Resources,C&B Specialist,0,0.1427017033252096,0,0.16908819344089202,Trung bình,2,14.27,0,1,0,1920,56.69
3045,2025-01-01,2025,Operations,Operations Executive,0,0.13967465274957896,0,0.16908819344089202,Trung bình,2,13.97,0,1,0,1984,55.25
3047,2025-01-01,2025,Human Resources,C&B Specialist,0,0.25332345578104315,1,0.16908819344089202,Cao,3,25.33,1,0,0,630,85.8
3049,2025-01-01,2025,Finance,Finance Manager,0,0.10668836994604033,0,0.16908819344089202,Trung bình,2,10.67,0,1,0,2847,35.77
3050,2025-01-01,2025,Human Resources,C&B Specialist,0,0.14080524663378705,0,0.16908819344089202,Trung bình,2,14.08,0,1,0,1959,55.81
3051,2025-01-01,2025,Information Technology,System Administrator,0,0.25585544418626216,1,0.16908819344089202,Cao,3,25.59,1,0,0,603,86.41
3052,2025-01-01,2025,Human Resources,Recruiter,0,0.15732124040250325,0,0.16908819344089202,Trung bình,2,15.73,0,1,0,1663,62.49
3054,2025-01-01,2025,Marketing,Marketing Manager,0,0.1250577472617407,0,0.16908819344089202,Trung bình,2,12.51,0,1,0,2335,47.33
3056,2025-01-01,2025,Operations,Operations Manager,0,0.1119343381158295,0,0.16908819344089202,Trung bình,2,11.19,0,1,0,2689,39.34
3057,2025-01-01,2025,Finance,Finance Manager,0,0.18831617860845604,1,0.16908819344089202,Cao,3,18.83,1,0,0,1245,71.93
3059,2025-01-01,2025,Human Resources,C&B Specialist,0,0.07497196491432631,0,0.16908819344089202,Thấp,1,7.5,0,0,1,3820,13.81
3061,2025-01-01,2025,Marketing,Digital Marketing Specialist,0,0.07732380280241005,0,0.16908819344089202,Thấp,1,7.73,0,0,1,3735,15.73
3062,2025-01-01,2025,Operations,Operations Manager,0,0.3680889714042829,1,0.16908819344089202,Cao,3,36.81,1,0,0,111,97.52
3064,2025-01-01,2025,Finance,Accountant,0,0.2781297906822362,1,0.16908819344089202,Cao,3,27.81,1,0,0,444,90.0
3066,2025-01-01,2025,Human Resources,HR Manager,0,0.10838781290822616,0,0.16908819344089202,Trung bình,2,10.84,0,1,0,2793,36.99
3068,2025-01-01,2025,Human Resources,HR Executive,0,0.2548762542808402,1,0.16908819344089202,Cao,3,25.49,1,0,0,609,86.28
3070,2025-01-01,2025,Marketing,Marketing Manager,0,0.10834230977366498,0,0.16908819344089202,Trung bình,2,10.83,0,1,0,2796,36.92
3072,2025-01-01,2025,Sales,Sales Representative,0,0.08118336126012846,0,0.16908819344089202,Thấp,1,8.12,0,0,1,3564,19.59
3073,2025-01-01,2025,Finance,Finance Manager,1,0.1115147986937122,0,0.16908819344089202,Trung bình,2,11.15,0,1,0,2704,39.0
3074,2025-01-01,2025,Marketing,Marketing Manager,0,0.2037803754735332,1,0.16908819344089202,Cao,3,20.38,1,0,0,1103,75.13
3075,2025-01-01,2025,Finance,Accountant,1,0.1808927184753001,1,0.16908819344089202,Cao,3,18.09,1,0,0,1324,70.14
3084,2025-01-01,2025,Operations,Procurement Specialist,0,0.14283971341563625,0,0.16908819344089202,Trung bình,2,14.28,0,1,0,1915,56.8
3086,2025-01-01,2025,Operations,Operations Manager,0,0.12508525205712726,0,0.16908819344089202,Trung bình,2,12.51,0,1,0,2334,47.35
3088,2025-01-01,2025,Information Technology,QA Engineer,0,0.21539548537293982,1,0.16908819344089202,Cao,3,21.54,1,0,0,972,78.09
3092,2025-01-01,2025,Marketing,Marketing Manager,0,0.1917055236392439,1,0.16908819344089202,Cao,3,19.17,1,0,0,1212,72.67
3093,2025-01-01,2025,Marketing,Marketing Manager,1,0.10529524799828793,0,0.16908819344089202,Trung bình,2,10.53,0,1,0,2874,35.16
3098,2025-01-01,2025,Operations,Operations Executive,0,0.09182738974697219,0,0.16908819344089202,Thấp,1,9.18,0,0,1,3204,27.71
3099,2025-01-01,2025,Information Technology,IT Support,0,0.25808556356801626,1,0.16908819344089202,Cao,3,25.81,1,0,0,592,86.66
3101,2025-01-01,2025,Human Resources,HR Manager,0,0.2847247901792046,1,0.16908819344089202,Cao,3,28.47,1,0,0,396,91.09
3102,2025-01-01,2025,Human Resources,C&B Specialist,0,0.10064924701995727,0,0.16908819344089202,Trung bình,2,10.06,0,1,0,2978,32.81
3105,2025-01-01,2025,Finance,Finance Manager,0,0.20927783339382924,1,0.16908819344089202,Cao,3,20.93,1,0,0,1041,76.53
3106,2025-01-01,2025,Finance,Finance Manager,0,0.16927699882499528,1,0.16908819344089202,Cao,3,16.93,1,0,0,1486,66.49
3107,2025-01-01,2025,Sales,Sales Representative,0,0.12353522036337115,0,0.16908819344089202,Trung bình,2,12.35,0,1,0,2371,46.51
3110,2025-01-01,2025,Finance,Finance Manager,0,0.10719862854075311,0,0.16908819344089202,Trung bình,2,10.72,0,1,0,2836,36.02
3111,2025-01-01,2025,Sales,Account Manager,1,0.1555531916801083,0,0.16908819344089202,Trung bình,2,15.56,0,1,0,1692,61.84
3112,2025-01-01,2025,Information Technology,Data Analyst,1,0.07000771770790164,0,0.16908819344089202,Thấp,1,7.0,0,0,1,3996,9.84
3113,2025-01-01,2025,Finance,Internal Auditor,0,0.06426314452734214,0,0.16908819344089202,Thấp,1,6.43,0,0,1,4176,5.78
3115,2025-01-01,2025,Marketing,Marketing Manager,0,0.27850517365454336,1,0.16908819344089202,Cao,3,27.85,1,0,0,439,90.12
3117,2025-01-01,2025,Finance,Financial Analyst,1,0.2081620656568624,1,0.16908819344089202,Cao,3,20.82,1,0,0,1054,76.24
3118,2025-01-01,2025,Sales,Sales Supervisor,0,0.05232840464607397,0,0.16908819344089202,Thấp,1,5.23,0,0,1,4415,0.38
3122,2025-01-01,2025,Marketing,Content Specialist,0,0.20015705436860218,1,0.16908819344089202,Cao,3,20.02,1,0,0,1137,74.36
3123,2025-01-01,2025,Sales,Account Manager,0,0.1522083757665171,0,0.16908819344089202,Trung bình,2,15.22,0,1,0,1745,60.64
3125,2025-01-01,2025,Information Technology,Software Engineer,1,0.34069669563000504,1,0.16908819344089202,Cao,3,34.07,1,0,0,187,95.8
3126,2025-01-01,2025,Information Technology,QA Engineer,0,0.12419735648789709,0,0.16908819344089202,Trung bình,2,12.42,0,1,0,2356,46.85
3129,2025-01-01,2025,Marketing,Digital Marketing Specialist,0,0.07292167722141604,0,0.16908819344089202,Thấp,1,7.29,0,0,1,3900,12.01
3131,2025-01-01,2025,Marketing,Marketing Executive,0,0.19764357795868986,1,0.16908819344089202,Cao,3,19.76,1,0,0,1159,73.87
3134,2025-01-01,2025,Operations,Operations Manager,0,0.28149212419307235,1,0.16908819344089202,Cao,3,28.15,1,0,0,418,90.59
3135,2025-01-01,2025,Human Resources,Recruiter,0,0.11322959768135829,0,0.16908819344089202,Trung bình,2,11.32,0,1,0,2650,40.22
3136,2025-01-01,2025,Human Resources,Recruiter,1,0.31252733561624396,1,0.16908819344089202,Cao,3,31.25,1,0,0,286,93.57
3137,2025-01-01,2025,Marketing,Marketing Executive,0,0.06247674080922361,0,0.16908819344089202,Thấp,1,6.25,0,0,1,4231,4.54
3138,2025-01-01,2025,Sales,Sales Executive,0,0.08235378692837429,0,0.16908819344089202,Thấp,1,8.24,0,0,1,3515,20.7
3144,2025-01-01,2025,Sales,Sales Supervisor,0,0.37652388391304265,1,0.16908819344089202,Cao,3,37.65,1,0,0,94,97.9
3145,2025-01-01,2025,Information Technology,System Administrator,0,0.2633315418683978,1,0.16908819344089202,Cao,3,26.33,1,0,0,555,87.5
3146,2025-01-01,2025,Information Technology,QA Engineer,0,0.10124410616472827,0,0.16908819344089202,Trung bình,2,10.12,0,1,0,2967,33.06
3150,2025-01-01,2025,Human Resources,Recruiter,0,0.132481020829275,0,0.16908819344089202,Trung bình,2,13.25,0,1,0,2181,50.8
3154,2025-01-01,2025,Finance,Finance Manager,0,0.06500804970581421,0,0.16908819344089202,Thấp,1,6.5,0,0,1,4149,6.39
3157,2025-01-01,2025,Marketing,Marketing Executive,0,0.06430592372217941,0,0.16908819344089202,Thấp,1,6.43,0,0,1,4171,5.89
3163,2025-01-01,2025,Finance,Financial Analyst,0,0.3258279592291029,1,0.16908819344089202,Cao,3,32.58,1,0,0,230,94.83
3165,2025-01-01,2025,Marketing,Marketing Manager,0,0.12007813735153512,0,0.16908819344089202,Trung bình,2,12.01,0,1,0,2471,44.26
3167,2025-01-01,2025,Information Technology,System Administrator,0,0.15066127600184456,0,0.16908819344089202,Trung bình,2,15.07,0,1,0,1778,59.9
3168,2025-01-01,2025,Human Resources,HR Manager,0,0.1698487825109998,1,0.16908819344089202,Cao,3,16.98,1,0,0,1481,66.6
3170,2025-01-01,2025,Marketing,Digital Marketing Specialist,0,0.15606205051715294,0,0.16908819344089202,Trung bình,2,15.61,0,1,0,1684,62.02
3171,2025-01-01,2025,Human Resources,HR Manager,0,0.2482617171965331,1,0.16908819344089202,Cao,3,24.83,1,0,0,675,84.79
3172,2025-01-01,2025,Sales,Sales Executive,1,0.2407150343235018,1,0.16908819344089202,Cao,3,24.07,1,0,0,730,83.55
3174,2025-01-01,2025,Finance,Finance Manager,0,0.35846715212928487,1,0.16908819344089202,Cao,3,35.85,1,0,0,135,96.98
3176,2025-01-01,2025,Human Resources,HR Executive,0,0.23701351811736104,1,0.16908819344089202,Cao,3,23.7,1,0,0,763,82.8
3178,2025-01-01,2025,Marketing,Content Specialist,0,0.07111601536860052,0,0.16908819344089202,Thấp,1,7.11,0,0,1,3958,10.7
3180,2025-01-01,2025,Information Technology,System Administrator,0,0.24187341908489315,1,0.16908819344089202,Cao,3,24.19,1,0,0,720,83.77
3181,2025-01-01,2025,Finance,Finance Manager,0,0.09241737052428568,0,0.16908819344089202,Thấp,1,9.24,0,0,1,3181,28.23
3182,2025-01-01,2025,Sales,Sales Executive,0,0.10350205815049263,0,0.16908819344089202,Trung bình,2,10.35,0,1,0,2909,34.37
3184,2025-01-01,2025,Human Resources,HR Executive,0,0.05761597927525573,0,0.16908819344089202,Thấp,1,5.76,0,0,1,4347,1.92
3185,2025-01-01,2025,Information Technology,Data Analyst,1,0.2037042360120269,1,0.16908819344089202,Cao,3,20.37,1,0,0,1104,75.11
3186,2025-01-01,2025,Human Resources,HR Executive,0,0.12539262351985772,0,0.16908819344089202,Trung bình,2,12.54,0,1,0,2326,47.53
3189,2025-01-01,2025,Sales,Sales Executive,1,0.2602999578665265,1,0.16908819344089202,Cao,3,26.03,1,0,0,575,87.05
3190,2025-01-01,2025,Marketing,Marketing Manager,1,0.3112712814987559,1,0.16908819344089202,Cao,3,31.13,1,0,0,291,93.46
3191,2025-01-01,2025,Human Resources,C&B Specialist,0,0.06174530357678745,0,0.16908819344089202,Thấp,1,6.17,0,0,1,4250,4.11
3192,2025-01-01,2025,Information Technology,Software Engineer,0,0.06852723910623243,0,0.16908819344089202,Thấp,1,6.85,0,0,1,4043,8.78
3195,2025-01-01,2025,Information Technology,QA Engineer,0,0.08330807638786059,0,0.16908819344089202,Thấp,1,8.33,0,0,1,3477,21.55
3196,2025-01-01,2025,Operations,Warehouse Supervisor,0,0.20657727896605485,1,0.16908819344089202,Cao,3,20.66,1,0,0,1075,75.76
3199,2025-01-01,2025,Human Resources,C&B Specialist,0,0.25472523462587765,1,0.16908819344089202,Cao,3,25.47,1,0,0,611,86.23
3200,2025-01-01,2025,Human Resources,HR Executive,0,0.082276974013564,0,0.16908819344089202,Thấp,1,8.23,0,0,1,3517,20.65
3201,2025-01-01,2025,Marketing,Content Specialist,1,0.22125130132549287,1,0.16908819344089202,Cao,3,22.13,1,0,0,903,79.64
3202,2025-01-01,2025,Operations,Operations Manager,0,0.28044763814624857,1,0.16908819344089202,Cao,3,28.04,1,0,0,424,90.45
3205,2025-01-01,2025,Human Resources,Recruiter,0,0.1232282659106911,0,0.16908819344089202,Trung bình,2,12.32,0,1,0,2377,46.38
3206,2025-01-01,2025,Marketing,Marketing Executive,0,0.07067473415135268,0,0.16908819344089202,Thấp,1,7.07,0,0,1,3977,10.27
3207,2025-01-01,2025,Marketing,Content Specialist,0,0.07574121441669163,0,0.16908819344089202,Thấp,1,7.57,0,0,1,3793,14.42
3208,2025-01-01,2025,Finance,Accountant,0,0.08047775640606736,0,0.16908819344089202,Thấp,1,8.05,0,0,1,3596,18.87
3210,2025-01-01,2025,Operations,Operations Executive,0,0.09255219023489172,0,0.16908819344089202,Thấp,1,9.26,0,0,1,3177,28.32
3212,2025-01-01,2025,Marketing,Marketing Manager,0,0.057904480284450464,0,0.16908819344089202,Thấp,1,5.79,0,0,1,4341,2.05
3215,2025-01-01,2025,Sales,Sales Supervisor,0,0.06929211915240546,0,0.16908819344089202,Thấp,1,6.93,0,0,1,4021,9.28
3216,2025-01-01,2025,Information Technology,IT Support,0,0.07765818092215734,0,0.16908819344089202,Thấp,1,7.77,0,0,1,3726,15.93
3217,2025-01-01,2025,Information Technology,Data Analyst,0,0.11434842427436576,0,0.16908819344089202,Trung bình,2,11.43,0,1,0,2611,41.1
3224,2025-01-01,2025,Operations,Warehouse Supervisor,0,0.09425171092234942,0,0.16908819344089202,Thấp,1,9.43,0,0,1,3130,29.38
3228,2025-01-01,2025,Human Resources,HR Manager,0,0.11362417885838219,0,0.16908819344089202,Trung bình,2,11.36,0,1,0,2636,40.53
3233,2025-01-01,2025,Human Resources,HR Manager,0,0.34729622340648925,1,0.16908819344089202,Cao,3,34.73,1,0,0,164,96.32
3238,2025-01-01,2025,Sales,Sales Supervisor,1,0.3661316706609161,1,0.16908819344089202,Cao,3,36.61,1,0,0,115,97.43
3240,2025-01-01,2025,Operations,Operations Executive,0,0.07091838343718222,0,0.16908819344089202,Thấp,1,7.09,0,0,1,3970,10.43
3242,2025-01-01,2025,Information Technology,Software Engineer,0,0.13297963270590243,0,0.16908819344089202,Trung bình,2,13.3,0,1,0,2162,51.23
3246,2025-01-01,2025,Sales,Account Manager,0,0.121715959523646,0,0.16908819344089202,Trung bình,2,12.17,0,1,0,2424,45.32
3247,2025-01-01,2025,Human Resources,Recruiter,0,0.15631469099142278,0,0.16908819344089202,Trung bình,2,15.63,0,1,0,1680,62.11
3248,2025-01-01,2025,Operations,Procurement Specialist,0,0.12177994737074499,0,0.16908819344089202,Trung bình,2,12.18,0,1,0,2420,45.41
3255,2025-01-01,2025,Human Resources,Recruiter,0,0.28551531531831226,1,0.16908819344089202,Cao,3,28.55,1,0,0,393,91.15
3256,2025-01-01,2025,Operations,Operations Manager,0,0.08213810931527286,0,0.16908819344089202,Thấp,1,8.21,0,0,1,3522,20.54
3257,2025-01-01,2025,Marketing,Marketing Executive,0,0.11987754527567122,0,0.16908819344089202,Trung bình,2,11.99,0,1,0,2478,44.1
3262,2025-01-01,2025,Information Technology,Software Engineer,0,0.07710940525466911,0,0.16908819344089202,Thấp,1,7.71,0,0,1,3743,15.55
3263,2025-01-01,2025,Operations,Warehouse Supervisor,0,0.10497215501577328,0,0.16908819344089202,Trung bình,2,10.5,0,1,0,2881,35.0
3264,2025-01-01,2025,Operations,Operations Executive,0,0.24973535755380516,1,0.16908819344089202,Cao,3,24.97,1,0,0,658,85.17
3265,2025-01-01,2025,Operations,Operations Executive,0,0.2503191745028252,1,0.16908819344089202,Cao,3,25.03,1,0,0,652,85.31
3266,2025-01-01,2025,Marketing,Marketing Executive,0,0.11621490584605615,0,0.16908819344089202,Trung bình,2,11.62,0,1,0,2557,42.32
3267,2025-01-01,2025,Marketing,Marketing Manager,0,0.24912341659975004,1,0.16908819344089202,Cao,3,24.91,1,0,0,662,85.08
3269,2025-01-01,2025,Human Resources,C&B Specialist,0,0.20635452335527094,1,0.16908819344089202,Cao,3,20.64,1,0,0,1077,75.72
3270,2025-01-01,2025,Marketing,Marketing Manager,0,0.16922017245477894,1,0.16908819344089202,Cao,3,16.92,1,0,0,1488,66.44
3273,2025-01-01,2025,Sales,Sales Representative,0,0.11618764060907073,0,0.16908819344089202,Trung bình,2,11.62,0,1,0,2560,42.25
3274,2025-01-01,2025,Marketing,Marketing Executive,0,0.20712164790852472,1,0.16908819344089202,Cao,3,20.71,1,0,0,1068,75.92
3275,2025-01-01,2025,Sales,Sales Executive,0,0.06390105311397994,0,0.16908819344089202,Thấp,1,6.39,0,0,1,4187,5.53
3276,2025-01-01,2025,Sales,Sales Representative,0,0.10160174301314387,0,0.16908819344089202,Trung bình,2,10.16,0,1,0,2959,33.24
3280,2025-01-01,2025,Marketing,Content Specialist,0,0.12097001110531688,0,0.16908819344089202,Trung bình,2,12.1,0,1,0,2441,44.93
3283,2025-01-01,2025,Marketing,Content Specialist,0,0.13423955119382777,0,0.16908819344089202,Trung bình,2,13.42,0,1,0,2128,52.0
3285,2025-01-01,2025,Human Resources,HR Executive,0,0.18643849763295886,1,0.16908819344089202,Cao,3,18.64,1,0,0,1262,71.54
3287,2025-01-01,2025,Human Resources,HR Executive,0,0.23750739479802443,1,0.16908819344089202,Cao,3,23.75,1,0,0,756,82.96
3292,2025-01-01,2025,Information Technology,Data Analyst,0,0.09198932345255761,0,0.16908819344089202,Thấp,1,9.2,0,0,1,3196,27.89
3295,2025-01-01,2025,Finance,Financial Analyst,0,0.17734366976088123,1,0.16908819344089202,Cao,3,17.73,1,0,0,1372,69.06
3297,2025-01-01,2025,Human Resources,HR Manager,0,0.1427306404307109,0,0.16908819344089202,Trung bình,2,14.27,0,1,0,1917,56.76
3298,2025-01-01,2025,Marketing,Digital Marketing Specialist,0,0.1340730128150496,0,0.16908819344089202,Trung bình,2,13.41,0,1,0,2132,51.91
3299,2025-01-01,2025,Finance,Finance Manager,1,0.29467453763620416,1,0.16908819344089202,Cao,3,29.47,1,0,0,354,92.03
3300,2025-01-01,2025,Sales,Sales Representative,0,0.3847915691710534,1,0.16908819344089202,Cao,3,38.48,1,0,0,80,98.22
3302,2025-01-01,2025,Human Resources,C&B Specialist,0,0.11320660579768588,0,0.16908819344089202,Trung bình,2,11.32,0,1,0,2652,40.17
3303,2025-01-01,2025,Information Technology,Data Analyst,0,0.06550735260976481,0,0.16908819344089202,Thấp,1,6.55,0,0,1,4135,6.7
3305,2025-01-01,2025,Operations,Procurement Specialist,0,0.15199868556318832,0,0.16908819344089202,Trung bình,2,15.2,0,1,0,1750,60.53
3306,2025-01-01,2025,Finance,Finance Manager,0,0.08049923427592683,0,0.16908819344089202,Thấp,1,8.05,0,0,1,3595,18.89
3313,2025-01-01,2025,Information Technology,IT Support,0,0.26945222827947307,1,0.16908819344089202,Cao,3,26.95,1,0,0,502,88.69
3316,2025-01-01,2025,Finance,Finance Manager,0,0.22633323185565013,1,0.16908819344089202,Cao,3,22.63,1,0,0,854,80.75
3317,2025-01-01,2025,Sales,Sales Executive,1,0.18995042471377607,1,0.16908819344089202,Cao,3,19.0,1,0,0,1230,72.26
3319,2025-01-01,2025,Finance,Accountant,0,0.07656522390405576,0,0.16908819344089202,Thấp,1,7.66,0,0,1,3762,15.12
3320,2025-01-01,2025,Finance,Internal Auditor,0,0.29942758567630406,1,0.16908819344089202,Cao,3,29.94,1,0,0,335,92.46
3322,2025-01-01,2025,Human Resources,HR Manager,0,0.13957852422706,0,0.16908819344089202,Trung bình,2,13.96,0,1,0,1990,55.11
3327,2025-01-01,2025,Operations,Procurement Specialist,0,0.1252541203702679,0,0.16908819344089202,Trung bình,2,12.53,0,1,0,2331,47.42
3329,2025-01-01,2025,Sales,Sales Supervisor,0,0.17443902149052884,1,0.16908819344089202,Cao,3,17.44,1,0,0,1418,68.02
3330,2025-01-01,2025,Sales,Sales Supervisor,0,0.12442456142578211,0,0.16908819344089202,Trung bình,2,12.44,0,1,0,2350,46.99
3337,2025-01-01,2025,Information Technology,Data Analyst,0,0.09944951957887598,0,0.16908819344089202,Thấp,1,9.94,0,0,1,3017,31.93
3342,2025-01-01,2025,Sales,Sales Supervisor,1,0.07667016901005134,0,0.16908819344089202,Thấp,1,7.67,0,0,1,3760,15.17
3345,2025-01-01,2025,Information Technology,System Administrator,1,0.2638843417056833,1,0.16908819344089202,Cao,3,26.39,1,0,0,548,87.66
3348,2025-01-01,2025,Marketing,Content Specialist,1,0.14023074165207505,0,0.16908819344089202,Trung bình,2,14.02,0,1,0,1971,55.54
3349,2025-01-01,2025,Human Resources,HR Manager,0,0.1137479403716289,0,0.16908819344089202,Trung bình,2,11.37,0,1,0,2631,40.65
3357,2025-01-01,2025,Marketing,Marketing Manager,0,0.0997776582107872,0,0.16908819344089202,Thấp,1,9.98,0,0,1,3007,32.16
3358,2025-01-01,2025,Operations,Operations Manager,0,0.10243313922563833,0,0.16908819344089202,Trung bình,2,10.24,0,1,0,2933,33.83
3359,2025-01-01,2025,Finance,Finance Manager,1,0.07528637799557523,0,0.16908819344089202,Thấp,1,7.53,0,0,1,3810,14.04
3362,2025-01-01,2025,Marketing,Digital Marketing Specialist,0,0.06312965086430664,0,0.16908819344089202,Thấp,1,6.31,0,0,1,4211,4.99
3363,2025-01-01,2025,Operations,Operations Manager,0,0.0849943901522597,0,0.16908819344089202,Thấp,1,8.5,0,0,1,3422,22.79
3364,2025-01-01,2025,Information Technology,IT Support,0,0.16919067060894283,1,0.16908819344089202,Cao,3,16.92,1,0,0,1490,66.4
3365,2025-01-01,2025,Sales,Sales Executive,0,0.06844395203119591,0,0.16908819344089202,Thấp,1,6.84,0,0,1,4047,8.69
3368,2025-01-01,2025,Operations,Operations Executive,0,0.15933836601358356,0,0.16908819344089202,Trung bình,2,15.93,0,1,0,1629,63.26
3369,2025-01-01,2025,Marketing,Digital Marketing Specialist,0,0.06697788026591278,0,0.16908819344089202,Thấp,1,6.7,0,0,1,4089,7.74
3370,2025-01-01,2025,Human Resources,C&B Specialist,0,0.08660810841155649,0,0.16908819344089202,Thấp,1,8.66,0,0,1,3370,23.97
3371,2025-01-01,2025,Human Resources,Recruiter,0,0.2614527863022578,1,0.16908819344089202,Cao,3,26.15,1,0,0,567,87.23
3375,2025-01-01,2025,Sales,Sales Supervisor,0,0.20125687608984458,1,0.16908819344089202,Cao,3,20.13,1,0,0,1126,74.61
3379,2025-01-01,2025,Marketing,Digital Marketing Specialist,0,0.058008676414065534,0,0.16908819344089202,Thấp,1,5.8,0,0,1,4336,2.17
3381,2025-01-01,2025,Human Resources,HR Executive,0,0.13035469394675273,0,0.16908819344089202,Trung bình,2,13.04,0,1,0,2237,49.54
3383,2025-01-01,2025,Finance,Accountant,0,0.09249720563599657,0,0.16908819344089202,Thấp,1,9.25,0,0,1,3179,28.28
3384,2025-01-01,2025,Finance,Finance Manager,1,0.24539746039454524,1,0.16908819344089202,Cao,3,24.54,1,0,0,695,84.34
3385,2025-01-01,2025,Sales,Sales Representative,0,0.0867116775324116,0,0.16908819344089202,Thấp,1,8.67,0,0,1,3364,24.1
3392,2025-01-01,2025,Operations,Warehouse Supervisor,0,0.09122361631022337,0,0.16908819344089202,Thấp,1,9.12,0,0,1,3223,27.29
3393,2025-01-01,2025,Sales,Sales Supervisor,0,0.1679586261001075,0,0.16908819344089202,Trung bình,2,16.8,0,1,0,1505,66.06
3394,2025-01-01,2025,Sales,Sales Representative,0,0.1117366656503612,0,0.16908819344089202,Trung bình,2,11.17,0,1,0,2696,39.18
3396,2025-01-01,2025,Sales,Account Manager,0,0.10229396759123993,0,0.16908819344089202,Trung bình,2,10.23,0,1,0,2942,33.63
3397,2025-01-01,2025,Human Resources,C&B Specialist,0,0.2261575855360273,1,0.16908819344089202,Cao,3,22.62,1,0,0,855,80.73
3398,2025-01-01,2025,Marketing,Marketing Manager,0,0.12291482530068779,0,0.16908819344089202,Trung bình,2,12.29,0,1,0,2391,46.06
3400,2025-01-01,2025,Finance,Finance Manager,0,0.09033760657755918,0,0.16908819344089202,Thấp,1,9.03,0,0,1,3259,26.47
3401,2025-01-01,2025,Operations,Operations Executive,0,0.20740265787349169,1,0.16908819344089202,Cao,3,20.74,1,0,0,1064,76.01
3403,2025-01-01,2025,Human Resources,Recruiter,0,0.1406528848966739,0,0.16908819344089202,Trung bình,2,14.07,0,1,0,1964,55.7
3405,2025-01-01,2025,Information Technology,IT Support,0,0.0994992876301143,0,0.16908819344089202,Thấp,1,9.95,0,0,1,3012,32.05
3406,2025-01-01,2025,Information Technology,IT Support,0,0.08775460269282281,0,0.16908819344089202,Thấp,1,8.78,0,0,1,3328,24.92
3408,2025-01-01,2025,Human Resources,C&B Specialist,0,0.12113822600403618,0,0.16908819344089202,Trung bình,2,12.11,0,1,0,2436,45.05
3411,2025-01-01,2025,Sales,Sales Executive,1,0.19482323888805358,1,0.16908819344089202,Cao,3,19.48,1,0,0,1182,73.35
3412,2025-01-01,2025,Finance,Accountant,0,0.11099178106503321,0,0.16908819344089202,Trung bình,2,11.1,0,1,0,2724,38.55
3413,2025-01-01,2025,Finance,Finance Manager,1,0.10560346801222734,0,0.16908819344089202,Trung bình,2,10.56,0,1,0,2870,35.25
3414,2025-01-01,2025,Sales,Sales Executive,0,0.09607551705882947,0,0.16908819344089202,Thấp,1,9.61,0,0,1,3089,30.31
3416,2025-01-01,2025,Finance,Financial Analyst,0,0.10514945552499753,0,0.16908819344089202,Trung bình,2,10.51,0,1,0,2878,35.07
3424,2025-01-01,2025,Information Technology,QA Engineer,0,0.08419668096535014,0,0.16908819344089202,Thấp,1,8.42,0,0,1,3452,22.12
3426,2025-01-01,2025,Operations,Operations Executive,0,0.15789390648295676,0,0.16908819344089202,Trung bình,2,15.79,0,1,0,1657,62.63
3430,2025-01-01,2025,Information Technology,Data Analyst,0,0.08382588744133987,0,0.16908819344089202,Thấp,1,8.38,0,0,1,3466,21.8
3432,2025-01-01,2025,Sales,Sales Supervisor,0,0.09094525790972531,0,0.16908819344089202,Thấp,1,9.09,0,0,1,3235,27.01
3435,2025-01-01,2025,Information Technology,Data Analyst,0,0.10841654832348228,0,0.16908819344089202,Trung bình,2,10.84,0,1,0,2792,37.01
3436,2025-01-01,2025,Finance,Accountant,0,0.08797027205882081,0,0.16908819344089202,Thấp,1,8.8,0,0,1,3324,25.01
3437,2025-01-01,2025,Sales,Account Manager,1,0.34320496033324566,1,0.16908819344089202,Cao,3,34.32,1,0,0,177,96.03
3438,2025-01-01,2025,Finance,Accountant,0,0.15734023735529082,0,0.16908819344089202,Trung bình,2,15.73,0,1,0,1661,62.54
3439,2025-01-01,2025,Human Resources,Recruiter,0,0.1607420536429681,0,0.16908819344089202,Trung bình,2,16.07,0,1,0,1607,63.76
3440,2025-01-01,2025,Marketing,Content Specialist,1,0.07198403046804291,0,0.16908819344089202,Thấp,1,7.2,0,0,1,3927,11.4
3443,2025-01-01,2025,Sales,Account Manager,0,0.3092063292103053,1,0.16908819344089202,Cao,3,30.92,1,0,0,296,93.34
3445,2025-01-01,2025,Information Technology,System Administrator,0,0.12300456599026731,0,0.16908819344089202,Trung bình,2,12.3,0,1,0,2387,46.15
3446,2025-01-01,2025,Sales,Account Manager,0,0.33427359132082807,1,0.16908819344089202,Cao,3,33.43,1,0,0,203,95.44
3449,2025-01-01,2025,Marketing,Marketing Executive,0,0.09021171021860483,0,0.16908819344089202,Thấp,1,9.02,0,0,1,3262,26.4
3455,2025-01-01,2025,Operations,Procurement Specialist,0,0.13440937590980728,0,0.16908819344089202,Trung bình,2,13.44,0,1,0,2125,52.06
3458,2025-01-01,2025,Marketing,Marketing Manager,0,0.06251473490251151,0,0.16908819344089202,Thấp,1,6.25,0,0,1,4229,4.58
3459,2025-01-01,2025,Information Technology,QA Engineer,0,0.08826809942372492,0,0.16908819344089202,Thấp,1,8.83,0,0,1,3316,25.19
3460,2025-01-01,2025,Sales,Account Manager,0,0.150767430415066,0,0.16908819344089202,Trung bình,2,15.08,0,1,0,1774,59.99
3463,2025-01-01,2025,Finance,Financial Analyst,0,0.1355095494035291,0,0.16908819344089202,Trung bình,2,13.55,0,1,0,2100,52.63
3464,2025-01-01,2025,Human Resources,HR Executive,1,0.22849845842721409,1,0.16908819344089202,Cao,3,22.85,1,0,0,839,81.09
3468,2025-01-01,2025,Information Technology,Data Analyst,0,0.14437949367721414,0,0.16908819344089202,Trung bình,2,14.44,0,1,0,1886,57.46
3469,2025-01-01,2025,Information Technology,Data Analyst,0,0.08846765981222579,0,0.16908819344089202,Thấp,1,8.85,0,0,1,3306,25.41
3471,2025-01-01,2025,Operations,Procurement Specialist,1,0.1897905207814661,1,0.16908819344089202,Cao,3,18.98,1,0,0,1231,72.24
3472,2025-01-01,2025,Human Resources,Recruiter,0,0.0943655676045573,0,0.16908819344089202,Thấp,1,9.44,0,0,1,3127,29.45
3475,2025-01-01,2025,Human Resources,HR Manager,0,0.19563848321998673,1,0.16908819344089202,Cao,3,19.56,1,0,0,1174,73.53
3483,2025-01-01,2025,Finance,Accountant,0,0.09164593251878489,0,0.16908819344089202,Thấp,1,9.16,0,0,1,3207,27.65
3486,2025-01-01,2025,Marketing,Marketing Manager,0,0.22285313060006648,1,0.16908819344089202,Cao,3,22.29,1,0,0,892,79.89
3488,2025-01-01,2025,Marketing,Marketing Manager,1,0.24017009669098452,1,0.16908819344089202,Cao,3,24.02,1,0,0,732,83.5
3491,2025-01-01,2025,Sales,Account Manager,1,0.11628229537019093,0,0.16908819344089202,Trung bình,2,11.63,0,1,0,2556,42.34
3492,2025-01-01,2025,Operations,Procurement Specialist,1,0.25917874727315887,1,0.16908819344089202,Cao,3,25.92,1,0,0,583,86.87
3495,2025-01-01,2025,Sales,Sales Executive,0,0.12878457130895887,0,0.16908819344089202,Trung bình,2,12.88,0,1,0,2269,48.82
3498,2025-01-01,2025,Human Resources,C&B Specialist,0,0.06806784915848482,0,0.16908819344089202,Thấp,1,6.81,0,0,1,4056,8.49
3499,2025-01-01,2025,Operations,Operations Manager,0,0.19003142991448313,1,0.16908819344089202,Cao,3,19.0,1,0,0,1228,72.31
3500,2025-01-01,2025,Information Technology,Software Engineer,0,0.08062876696354387,0,0.16908819344089202,Thấp,1,8.06,0,0,1,3590,19.0
3508,2025-01-01,2025,Information Technology,Data Analyst,0,0.2281298783780483,1,0.16908819344089202,Cao,3,22.81,1,0,0,841,81.04
3514,2025-01-01,2025,Finance,Finance Manager,0,0.07458723391966204,0,0.16908819344089202,Thấp,1,7.46,0,0,1,3838,13.41
3516,2025-01-01,2025,Marketing,Marketing Executive,0,0.119538200449766,0,0.16908819344089202,Trung bình,2,11.95,0,1,0,2486,43.92
3517,2025-01-01,2025,Marketing,Digital Marketing Specialist,0,0.13690885786366164,0,0.16908819344089202,Trung bình,2,13.69,0,1,0,2065,53.42
3518,2025-01-01,2025,Marketing,Marketing Manager,0,0.16415999318498678,0,0.16908819344089202,Trung bình,2,16.42,0,1,0,1560,64.82
3520,2025-01-01,2025,Operations,Operations Executive,0,0.14008104187536993,0,0.16908819344089202,Trung bình,2,14.01,0,1,0,1973,55.5
3521,2025-01-01,2025,Finance,Finance Manager,0,0.10443558852697638,0,0.16908819344089202,Trung bình,2,10.44,0,1,0,2891,34.78
3522,2025-01-01,2025,Finance,Internal Auditor,0,0.14279883793789738,0,0.16908819344089202,Trung bình,2,14.28,0,1,0,1916,56.78
3523,2025-01-01,2025,Sales,Sales Executive,0,0.19351522158709866,1,0.16908819344089202,Cao,3,19.35,1,0,0,1195,73.05
3524,2025-01-01,2025,Operations,Warehouse Supervisor,0,0.12544996211770795,0,0.16908819344089202,Trung bình,2,12.54,0,1,0,2325,47.55
3526,2025-01-01,2025,Information Technology,Software Engineer,0,0.11291611424240569,0,0.16908819344089202,Trung bình,2,11.29,0,1,0,2661,39.97
3529,2025-01-01,2025,Marketing,Marketing Executive,0,0.33071028550643866,1,0.16908819344089202,Cao,3,33.07,1,0,0,217,95.13
3530,2025-01-01,2025,Sales,Sales Executive,0,0.12962608365758274,0,0.16908819344089202,Trung bình,2,12.96,0,1,0,2255,49.13
3533,2025-01-01,2025,Marketing,Digital Marketing Specialist,0,0.06451911754298854,0,0.16908819344089202,Thấp,1,6.45,0,0,1,4164,6.05
3536,2025-01-01,2025,Marketing,Content Specialist,0,0.18364080360568705,1,0.16908819344089202,Cao,3,18.36,1,0,0,1296,70.77
3537,2025-01-01,2025,Sales,Account Manager,0,0.19814282767880761,1,0.16908819344089202,Cao,3,19.81,1,0,0,1156,73.93
3538,2025-01-01,2025,Sales,Account Manager,0,0.16671682287882542,0,0.16908819344089202,Trung bình,2,16.67,0,1,0,1520,65.72
3539,2025-01-01,2025,Information Technology,IT Support,0,0.10657717782575547,0,0.16908819344089202,Trung bình,2,10.66,0,1,0,2851,35.68
3543,2025-01-01,2025,Finance,Accountant,0,0.09217104293370995,0,0.16908819344089202,Thấp,1,9.22,0,0,1,3192,27.98
3545,2025-01-01,2025,Marketing,Content Specialist,0,0.2644885641245096,1,0.16908819344089202,Cao,3,26.45,1,0,0,540,87.84
3546,2025-01-01,2025,Sales,Account Manager,0,0.08638286194163741,0,0.16908819344089202,Thấp,1,8.64,0,0,1,3375,23.85
3547,2025-01-01,2025,Information Technology,QA Engineer,0,0.36596803209496204,1,0.16908819344089202,Cao,3,36.6,1,0,0,116,97.4
3548,2025-01-01,2025,Marketing,Content Specialist,0,0.09532827348856611,0,0.16908819344089202,Thấp,1,9.53,0,0,1,3104,29.97
3549,2025-01-01,2025,Marketing,Marketing Manager,0,0.051045249856894126,0,0.16908819344089202,Thấp,1,5.1,0,0,1,4424,0.18
3553,2025-01-01,2025,Human Resources,HR Executive,0,0.28869635179635394,1,0.16908819344089202,Cao,3,28.87,1,0,0,379,91.47
3555,2025-01-01,2025,Human Resources,C&B Specialist,0,0.16455623272040293,0,0.16908819344089202,Trung bình,2,16.46,0,1,0,1552,65.0
3556,2025-01-01,2025,Human Resources,C&B Specialist,0,0.07810597219214013,0,0.16908819344089202,Thấp,1,7.81,0,0,1,3704,16.43
3557,2025-01-01,2025,Marketing,Digital Marketing Specialist,0,0.2515147803704489,1,0.16908819344089202,Cao,3,25.15,1,0,0,642,85.53
3559,2025-01-01,2025,Operations,Operations Manager,1,0.12025989953099232,0,0.16908819344089202,Trung bình,2,12.03,0,1,0,2466,44.37
3561,2025-01-01,2025,Information Technology,IT Support,0,0.06574251374354124,0,0.16908819344089202,Thấp,1,6.57,0,0,1,4126,6.91
3563,2025-01-01,2025,Information Technology,Data Analyst,0,0.10430903306353154,0,0.16908819344089202,Trung bình,2,10.43,0,1,0,2894,34.71
3564,2025-01-01,2025,Sales,Sales Executive,0,0.07909658398978199,0,0.16908819344089202,Thấp,1,7.91,0,0,1,3662,17.38
3566,2025-01-01,2025,Marketing,Content Specialist,1,0.10640900972012264,0,0.16908819344089202,Trung bình,2,10.64,0,1,0,2856,35.57
3568,2025-01-01,2025,Marketing,Marketing Manager,1,0.13571856678134378,0,0.16908819344089202,Trung bình,2,13.57,0,1,0,2092,52.81
3574,2025-01-01,2025,Operations,Warehouse Supervisor,0,0.15241889282058,0,0.16908819344089202,Trung bình,2,15.24,0,1,0,1743,60.69
3576,2025-01-01,2025,Information Technology,IT Support,0,0.07168539311310314,0,0.16908819344089202,Thấp,1,7.17,0,0,1,3941,11.08
3579,2025-01-01,2025,Marketing,Marketing Manager,0,0.18582982283459207,1,0.16908819344089202,Cao,3,18.58,1,0,0,1271,71.34
3580,2025-01-01,2025,Operations,Warehouse Supervisor,1,0.08845722166853626,0,0.16908819344089202,Thấp,1,8.85,0,0,1,3309,25.34
3588,2025-01-01,2025,Sales,Sales Executive,0,0.1535143918957436,0,0.16908819344089202,Trung bình,2,15.35,0,1,0,1725,61.09
3593,2025-01-01,2025,Operations,Operations Executive,0,0.17665865353544113,1,0.16908819344089202,Cao,3,17.67,1,0,0,1383,68.81
3598,2025-01-01,2025,Marketing,Marketing Executive,0,0.08910813999322907,0,0.16908819344089202,Thấp,1,8.91,0,0,1,3291,25.75
3600,2025-01-01,2025,Finance,Financial Analyst,0,0.16100673243466349,0,0.16908819344089202,Trung bình,2,16.1,0,1,0,1601,63.89
3601,2025-01-01,2025,Finance,Financial Analyst,0,0.2198571562333916,1,0.16908819344089202,Cao,3,21.99,1,0,0,920,79.26
3602,2025-01-01,2025,Finance,Finance Manager,0,0.07843297289140176,0,0.16908819344089202,Thấp,1,7.84,0,0,1,3690,16.75
3603,2025-01-01,2025,Information Technology,System Administrator,1,0.2968968382736549,1,0.16908819344089202,Cao,3,29.69,1,0,0,344,92.26
3604,2025-01-01,2025,Information Technology,QA Engineer,0,0.2524372496812356,1,0.16908819344089202,Cao,3,25.24,1,0,0,635,85.69
3608,2025-01-01,2025,Human Resources,C&B Specialist,0,0.11171669274107349,0,0.16908819344089202,Trung bình,2,11.17,0,1,0,2697,39.16
3609,2025-01-01,2025,Marketing,Marketing Manager,1,0.32442876110488666,1,0.16908819344089202,Cao,3,32.44,1,0,0,234,94.74
3610,2025-01-01,2025,Sales,Sales Executive,0,0.3461330752683973,1,0.16908819344089202,Cao,3,34.61,1,0,0,167,96.25
3611,2025-01-01,2025,Sales,Account Manager,0,0.20212020581559828,1,0.16908819344089202,Cao,3,20.21,1,0,0,1114,74.88
3612,2025-01-01,2025,Operations,Warehouse Supervisor,0,0.27605584541682465,1,0.16908819344089202,Cao,3,27.61,1,0,0,457,89.71
3613,2025-01-01,2025,Marketing,Marketing Manager,0,0.19433790200420334,1,0.16908819344089202,Cao,3,19.43,1,0,0,1189,73.19
3617,2025-01-01,2025,Finance,Financial Analyst,0,0.07834033415553832,0,0.16908819344089202,Thấp,1,7.83,0,0,1,3693,16.68
3618,2025-01-01,2025,Information Technology,System Administrator,0,0.08179319339351963,0,0.16908819344089202,Thấp,1,8.18,0,0,1,3538,20.18
3619,2025-01-01,2025,Operations,Operations Executive,0,0.3138926203579003,1,0.16908819344089202,Cao,3,31.39,1,0,0,280,93.7
3622,2025-01-01,2025,Marketing,Content Specialist,0,0.1152385767870158,0,0.16908819344089202,Trung bình,2,11.52,0,1,0,2588,41.62
3623,2025-01-01,2025,Finance,Accountant,0,0.17061711902808138,1,0.16908819344089202,Cao,3,17.06,1,0,0,1471,66.82
3629,2025-01-01,2025,Marketing,Marketing Executive,0,0.12309717806937658,0,0.16908819344089202,Trung bình,2,12.31,0,1,0,2382,46.26
3636,2025-01-01,2025,Marketing,Digital Marketing Specialist,0,0.12193313512369591,0,0.16908819344089202,Trung bình,2,12.19,0,1,0,2412,45.59
3638,2025-01-01,2025,Finance,Internal Auditor,0,0.1236729859154939,0,0.16908819344089202,Trung bình,2,12.37,0,1,0,2369,46.56
3641,2025-01-01,2025,Finance,Internal Auditor,0,0.2490747814178378,1,0.16908819344089202,Cao,3,24.91,1,0,0,663,85.06
3643,2025-01-01,2025,Information Technology,Data Analyst,0,0.13898420699554273,0,0.16908819344089202,Trung bình,2,13.9,0,1,0,2005,54.77
3645,2025-01-01,2025,Finance,Internal Auditor,0,0.06615353322502326,0,0.16908819344089202,Thấp,1,6.62,0,0,1,4113,7.2
3647,2025-01-01,2025,Sales,Sales Executive,0,0.12157545708328894,0,0.16908819344089202,Trung bình,2,12.16,0,1,0,2427,45.25
3650,2025-01-01,2025,Finance,Finance Manager,0,0.3230984727086403,1,0.16908819344089202,Cao,3,32.31,1,0,0,241,94.58
3655,2025-01-01,2025,Information Technology,System Administrator,0,0.06096282309647525,0,0.16908819344089202,Thấp,1,6.1,0,0,1,4272,3.61
3656,2025-01-01,2025,Finance,Finance Manager,0,0.1246043111799351,0,0.16908819344089202,Trung bình,2,12.46,0,1,0,2346,47.08
3660,2025-01-01,2025,Sales,Sales Supervisor,0,0.10916684171923097,0,0.16908819344089202,Trung bình,2,10.92,0,1,0,2773,37.44
3662,2025-01-01,2025,Human Resources,HR Executive,1,0.23363558810528973,1,0.16908819344089202,Cao,3,23.36,1,0,0,794,82.1
3664,2025-01-01,2025,Operations,Operations Executive,0,0.15399755483711192,0,0.16908819344089202,Trung bình,2,15.4,0,1,0,1715,61.32
3666,2025-01-01,2025,Information Technology,IT Support,0,0.07778877655590219,0,0.16908819344089202,Thấp,1,7.78,0,0,1,3719,16.09
3667,2025-01-01,2025,Finance,Internal Auditor,0,0.0994721375039277,0,0.16908819344089202,Thấp,1,9.95,0,0,1,3014,32.0
3668,2025-01-01,2025,Finance,Financial Analyst,1,0.2921346811183845,1,0.16908819344089202,Cao,3,29.21,1,0,0,362,91.85
3672,2025-01-01,2025,Information Technology,QA Engineer,0,0.0917508077823519,0,0.16908819344089202,Thấp,1,9.18,0,0,1,3205,27.69
3675,2025-01-01,2025,Human Resources,C&B Specialist,0,0.17104080175001732,1,0.16908819344089202,Cao,3,17.1,1,0,0,1463,67.01
3676,2025-01-01,2025,Information Technology,System Administrator,0,0.151048646241178,0,0.16908819344089202,Trung bình,2,15.1,0,1,0,1767,60.14
3678,2025-01-01,2025,Sales,Account Manager,0,0.31749330280947996,1,0.16908819344089202,Cao,3,31.75,1,0,0,262,94.11
3679,2025-01-01,2025,Information Technology,System Administrator,0,0.08930408608909589,0,0.16908819344089202,Thấp,1,8.93,0,0,1,3286,25.86
3682,2025-01-01,2025,Operations,Warehouse Supervisor,0,0.09940025670704199,0,0.16908819344089202,Thấp,1,9.94,0,0,1,3019,31.89
3685,2025-01-01,2025,Sales,Sales Representative,0,0.13508280230402825,0,0.16908819344089202,Trung bình,2,13.51,0,1,0,2110,52.4
3686,2025-01-01,2025,Human Resources,C&B Specialist,0,0.16234613668648257,0,0.16908819344089202,Trung bình,2,16.23,0,1,0,1580,64.36
3688,2025-01-01,2025,Operations,Operations Executive,0,0.10339804079287644,0,0.16908819344089202,Trung bình,2,10.34,0,1,0,2913,34.28
3691,2025-01-01,2025,Finance,Finance Manager,0,0.10449503527869987,0,0.16908819344089202,Trung bình,2,10.45,0,1,0,2890,34.8
3695,2025-01-01,2025,Human Resources,C&B Specialist,0,0.19629379967819274,1,0.16908819344089202,Cao,3,19.63,1,0,0,1171,73.6
3698,2025-01-01,2025,Information Technology,Data Analyst,0,0.11217538205109256,0,0.16908819344089202,Trung bình,2,11.22,0,1,0,2683,39.47
3699,2025-01-01,2025,Information Technology,IT Support,0,0.07582466238053424,0,0.16908819344089202,Thấp,1,7.58,0,0,1,3789,14.51
3701,2025-01-01,2025,Operations,Warehouse Supervisor,0,0.1672815765927256,0,0.16908819344089202,Trung bình,2,16.73,0,1,0,1513,65.88
3702,2025-01-01,2025,Sales,Sales Executive,0,0.07553003479161158,0,0.16908819344089202,Thấp,1,7.55,0,0,1,3800,14.26
3705,2025-01-01,2025,Human Resources,HR Manager,1,0.18767291438853392,1,0.16908819344089202,Cao,3,18.77,1,0,0,1249,71.83
3706,2025-01-01,2025,Information Technology,QA Engineer,1,0.12469467414978046,0,0.16908819344089202,Trung bình,2,12.47,0,1,0,2345,47.1
3707,2025-01-01,2025,Sales,Sales Supervisor,0,0.3133882802838303,1,0.16908819344089202,Cao,3,31.34,1,0,0,285,93.59
3708,2025-01-01,2025,Information Technology,System Administrator,0,0.08507842828937819,0,0.16908819344089202,Thấp,1,8.51,0,0,1,3420,22.84
3709,2025-01-01,2025,Operations,Warehouse Supervisor,0,0.10022292915912398,0,0.16908819344089202,Trung bình,2,10.02,0,1,0,2993,32.48
3711,2025-01-01,2025,Information Technology,System Administrator,0,0.106405795895086,0,0.16908819344089202,Trung bình,2,10.64,0,1,0,2857,35.55
3712,2025-01-01,2025,Marketing,Marketing Manager,0,0.2734945970000216,1,0.16908819344089202,Cao,3,27.35,1,0,0,472,89.37
3714,2025-01-01,2025,Marketing,Content Specialist,0,0.13734909984236474,0,0.16908819344089202,Trung bình,2,13.73,0,1,0,2050,53.76
3721,2025-01-01,2025,Finance,Financial Analyst,0,0.13784850789758873,0,0.16908819344089202,Trung bình,2,13.78,0,1,0,2036,54.07
3724,2025-01-01,2025,Information Technology,Data Analyst,0,0.07405779206643091,0,0.16908819344089202,Thấp,1,7.41,0,0,1,3860,12.91
3725,2025-01-01,2025,Finance,Financial Analyst,0,0.11303288658308716,0,0.16908819344089202,Trung bình,2,11.3,0,1,0,2658,40.04
3726,2025-01-01,2025,Finance,Internal Auditor,0,0.20959463056769254,1,0.16908819344089202,Cao,3,20.96,1,0,0,1038,76.6
3727,2025-01-01,2025,Marketing,Marketing Executive,0,0.06334248694937393,0,0.16908819344089202,Thấp,1,6.33,0,0,1,4203,5.17
3728,2025-01-01,2025,Human Resources,HR Executive,0,0.06873276784314897,0,0.16908819344089202,Thấp,1,6.87,0,0,1,4037,8.91
3732,2025-01-01,2025,Operations,Operations Manager,1,0.17566726913666886,1,0.16908819344089202,Cao,3,17.57,1,0,0,1401,68.4
3737,2025-01-01,2025,Marketing,Marketing Executive,0,0.21485853074691263,1,0.16908819344089202,Cao,3,21.49,1,0,0,976,78.0
3740,2025-01-01,2025,Human Resources,HR Manager,0,0.13279886686914197,0,0.16908819344089202,Trung bình,2,13.28,0,1,0,2168,51.09
3741,2025-01-01,2025,Sales,Sales Executive,0,0.15989484563724332,0,0.16908819344089202,Trung bình,2,15.99,0,1,0,1622,63.42
3742,2025-01-01,2025,Operations,Operations Executive,0,0.15845561857125004,0,0.16908819344089202,Trung bình,2,15.85,0,1,0,1648,62.83
3746,2025-01-01,2025,Human Resources,C&B Specialist,0,0.23609996743060474,1,0.16908819344089202,Cao,3,23.61,1,0,0,768,82.69
3749,2025-01-01,2025,Finance,Accountant,0,0.09577195721666638,0,0.16908819344089202,Thấp,1,9.58,0,0,1,3091,30.26
3753,2025-01-01,2025,Operations,Warehouse Supervisor,0,0.3443871241668343,1,0.16908819344089202,Cao,3,34.44,1,0,0,172,96.14
3754,2025-01-01,2025,Finance,Accountant,0,0.21886377098984397,1,0.16908819344089202,Cao,3,21.89,1,0,0,935,78.92
3755,2025-01-01,2025,Operations,Operations Executive,0,0.1180072377600515,0,0.16908819344089202,Trung bình,2,11.8,0,1,0,2514,43.29
3758,2025-01-01,2025,Human Resources,C&B Specialist,0,0.15410744582934174,0,0.16908819344089202,Trung bình,2,15.41,0,1,0,1713,61.36
3760,2025-01-01,2025,Operations,Operations Manager,0,0.21637417435579076,1,0.16908819344089202,Cao,3,21.64,1,0,0,961,78.33
3761,2025-01-01,2025,Human Resources,HR Executive,1,0.22473558291542015,1,0.16908819344089202,Cao,3,22.47,1,0,0,867,80.46
3762,2025-01-01,2025,Finance,Internal Auditor,0,0.1463355007704166,0,0.16908819344089202,Trung bình,2,14.63,0,1,0,1858,58.09
3763,2025-01-01,2025,Marketing,Marketing Executive,0,0.11158516902148118,0,0.16908819344089202,Trung bình,2,11.16,0,1,0,2701,39.07
3765,2025-01-01,2025,Sales,Sales Executive,0,0.13201564442943642,0,0.16908819344089202,Trung bình,2,13.2,0,1,0,2193,50.53
3769,2025-01-01,2025,Sales,Sales Executive,1,0.14294943025706666,0,0.16908819344089202,Trung bình,2,14.29,0,1,0,1914,56.83
3770,2025-01-01,2025,Sales,Sales Representative,0,0.08371043655820909,0,0.16908819344089202,Thấp,1,8.37,0,0,1,3470,21.71
3771,2025-01-01,2025,Sales,Sales Supervisor,0,0.0824512287839238,0,0.16908819344089202,Thấp,1,8.25,0,0,1,3513,20.74
3774,2025-01-01,2025,Human Resources,C&B Specialist,1,0.32342217752298325,1,0.16908819344089202,Cao,3,32.34,1,0,0,239,94.63
3775,2025-01-01,2025,Marketing,Marketing Manager,0,0.27742335269539453,1,0.16908819344089202,Cao,3,27.74,1,0,0,449,89.89
3777,2025-01-01,2025,Finance,Accountant,0,0.10207501405829146,0,0.16908819344089202,Trung bình,2,10.21,0,1,0,2950,33.45
3781,2025-01-01,2025,Finance,Finance Manager,0,0.0630622165169262,0,0.16908819344089202,Thấp,1,6.31,0,0,1,4213,4.94
3784,2025-01-01,2025,Human Resources,Recruiter,0,0.23931053157074406,1,0.16908819344089202,Cao,3,23.93,1,0,0,738,83.37
3786,2025-01-01,2025,Marketing,Digital Marketing Specialist,0,0.10241235034960688,0,0.16908819344089202,Trung bình,2,10.24,0,1,0,2934,33.81
3788,2025-01-01,2025,Human Resources,C&B Specialist,1,0.07132496512740287,0,0.16908819344089202,Thấp,1,7.13,0,0,1,3950,10.88
3790,2025-01-01,2025,Finance,Accountant,1,0.06103306646475271,0,0.16908819344089202,Thấp,1,6.1,0,0,1,4266,3.75
3794,2025-01-01,2025,Information Technology,QA Engineer,0,0.06602480528262383,0,0.16908819344089202,Thấp,1,6.6,0,0,1,4115,7.15
3798,2025-01-01,2025,Operations,Procurement Specialist,0,0.14270174764994797,0,0.16908819344089202,Trung bình,2,14.27,0,1,0,1919,56.71
3799,2025-01-01,2025,Human Resources,C&B Specialist,0,0.20729807228540806,1,0.16908819344089202,Cao,3,20.73,1,0,0,1066,75.96
3800,2025-01-01,2025,Marketing,Content Specialist,0,0.09968563258752595,0,0.16908819344089202,Thấp,1,9.97,0,0,1,3009,32.11
3801,2025-01-01,2025,Finance,Financial Analyst,0,0.14613397370428505,0,0.16908819344089202,Trung bình,2,14.61,0,1,0,1860,58.05
3802,2025-01-01,2025,Finance,Accountant,0,0.08582817324566618,0,0.16908819344089202,Thấp,1,8.58,0,0,1,3387,23.58
3805,2025-01-01,2025,Operations,Procurement Specialist,0,0.06692904927866411,0,0.16908819344089202,Thấp,1,6.69,0,0,1,4091,7.7
3806,2025-01-01,2025,Operations,Operations Executive,0,0.12257454792796141,0,0.16908819344089202,Trung bình,2,12.26,0,1,0,2398,45.9
3808,2025-01-01,2025,Marketing,Content Specialist,0,0.19171398513263335,1,0.16908819344089202,Cao,3,19.17,1,0,0,1211,72.69
3810,2025-01-01,2025,Information Technology,Data Analyst,0,0.1538102929385561,0,0.16908819344089202,Trung bình,2,15.38,0,1,0,1719,61.23
3811,2025-01-01,2025,Finance,Internal Auditor,1,0.26295526914750106,1,0.16908819344089202,Cao,3,26.3,1,0,0,557,87.45
3813,2025-01-01,2025,Marketing,Digital Marketing Specialist,0,0.059940701123860185,0,0.16908819344089202,Thấp,1,5.99,0,0,1,4300,2.98
3815,2025-01-01,2025,Marketing,Content Specialist,0,0.11038376504290866,0,0.16908819344089202,Trung bình,2,11.04,0,1,0,2741,38.16
3816,2025-01-01,2025,Sales,Sales Executive,0,0.0883071825684342,0,0.16908819344089202,Thấp,1,8.83,0,0,1,3315,25.21
3818,2025-01-01,2025,Sales,Sales Representative,0,0.09308140751197291,0,0.16908819344089202,Thấp,1,9.31,0,0,1,3160,28.71
3820,2025-01-01,2025,Human Resources,HR Manager,0,0.11574349538997666,0,0.16908819344089202,Trung bình,2,11.57,0,1,0,2573,41.95
3822,2025-01-01,2025,Marketing,Digital Marketing Specialist,0,0.10873160992813649,0,0.16908819344089202,Trung bình,2,10.87,0,1,0,2786,37.15
3826,2025-01-01,2025,Sales,Sales Supervisor,0,0.2605044130551061,1,0.16908819344089202,Cao,3,26.05,1,0,0,574,87.07
3827,2025-01-01,2025,Information Technology,QA Engineer,0,0.4498684495351903,1,0.16908819344089202,Cao,3,44.99,1,0,0,12,99.75
3828,2025-01-01,2025,Information Technology,Data Analyst,0,0.1653751775067882,0,0.16908819344089202,Trung bình,2,16.54,0,1,0,1539,65.29
3835,2025-01-01,2025,Human Resources,Recruiter,1,0.09765130479566678,0,0.16908819344089202,Thấp,1,9.77,0,0,1,3056,31.05
3838,2025-01-01,2025,Marketing,Marketing Manager,0,0.07054141703441746,0,0.16908819344089202,Thấp,1,7.05,0,0,1,3981,10.18
3840,2025-01-01,2025,Marketing,Marketing Executive,0,0.11670768517623344,0,0.16908819344089202,Trung bình,2,11.67,0,1,0,2542,42.65
3843,2025-01-01,2025,Marketing,Marketing Manager,1,0.17471250084484352,1,0.16908819344089202,Cao,3,17.47,1,0,0,1411,68.18
3845,2025-01-01,2025,Marketing,Content Specialist,0,0.0570355173237366,0,0.16908819344089202,Thấp,1,5.7,0,0,1,4364,1.53
3846,2025-01-01,2025,Operations,Warehouse Supervisor,0,0.07420820172311628,0,0.16908819344089202,Thấp,1,7.42,0,0,1,3852,13.09
3851,2025-01-01,2025,Finance,Internal Auditor,0,0.17436348655083164,1,0.16908819344089202,Cao,3,17.44,1,0,0,1419,68.0
3854,2025-01-01,2025,Sales,Sales Executive,0,0.11473566142132646,0,0.16908819344089202,Trung bình,2,11.47,0,1,0,2600,41.35
3858,2025-01-01,2025,Information Technology,IT Support,0,0.1355622483625216,0,0.16908819344089202,Trung bình,2,13.56,0,1,0,2096,52.72
3862,2025-01-01,2025,Finance,Financial Analyst,1,0.23503083106992975,1,0.16908819344089202,Cao,3,23.5,1,0,0,778,82.46
3867,2025-01-01,2025,Human Resources,HR Manager,0,0.2449313293983234,1,0.16908819344089202,Cao,3,24.49,1,0,0,701,84.2
3868,2025-01-01,2025,Sales,Sales Representative,0,0.06196968539651901,0,0.16908819344089202,Thấp,1,6.2,0,0,1,4249,4.13
3869,2025-01-01,2025,Operations,Procurement Specialist,0,0.06468911502179006,0,0.16908819344089202,Thấp,1,6.47,0,0,1,4159,6.16
3871,2025-01-01,2025,Information Technology,QA Engineer,0,0.24879006641468485,1,0.16908819344089202,Cao,3,24.88,1,0,0,666,84.99
3884,2025-01-01,2025,Finance,Financial Analyst,0,0.23256947702843547,1,0.16908819344089202,Cao,3,23.26,1,0,0,805,81.86
3887,2025-01-01,2025,Finance,Internal Auditor,0,0.08253141217740702,0,0.16908819344089202,Thấp,1,8.25,0,0,1,3508,20.85
3890,2025-01-01,2025,Marketing,Content Specialist,1,0.18232869201576643,1,0.16908819344089202,Cao,3,18.23,1,0,0,1309,70.48
3891,2025-01-01,2025,Sales,Sales Representative,1,0.4859822976361827,1,0.16908819344089202,Cao,3,48.6,1,0,0,4,99.93
3893,2025-01-01,2025,Operations,Operations Executive,0,0.38564956588952126,1,0.16908819344089202,Cao,3,38.56,1,0,0,78,98.26
3895,2025-01-01,2025,Operations,Operations Manager,0,0.19112630412997617,1,0.16908819344089202,Cao,3,19.11,1,0,0,1217,72.56
3897,2025-01-01,2025,Operations,Procurement Specialist,1,0.3909123525983295,1,0.16908819344089202,Cao,3,39.09,1,0,0,70,98.44
3901,2025-01-01,2025,Finance,Financial Analyst,0,0.07451435926265662,0,0.16908819344089202,Thấp,1,7.45,0,0,1,3839,13.38
3902,2025-01-01,2025,Finance,Financial Analyst,0,0.15130562746706977,0,0.16908819344089202,Trung bình,2,15.13,0,1,0,1763,60.23
3904,2025-01-01,2025,Finance,Finance Manager,1,0.32048240717622656,1,0.16908819344089202,Cao,3,32.05,1,0,0,249,94.4
3905,2025-01-01,2025,Information Technology,QA Engineer,0,0.0905010654239776,0,0.16908819344089202,Thấp,1,9.05,0,0,1,3252,26.63
3910,2025-01-01,2025,Information Technology,QA Engineer,0,0.06494877396967842,0,0.16908819344089202,Thấp,1,6.49,0,0,1,4150,6.36
3911,2025-01-01,2025,Information Technology,QA Engineer,0,0.09970387053211006,0,0.16908819344089202,Thấp,1,9.97,0,0,1,3008,32.14
3912,2025-01-01,2025,Sales,Sales Supervisor,0,0.17101318319944242,1,0.16908819344089202,Cao,3,17.1,1,0,0,1464,66.98
3915,2025-01-01,2025,Finance,Internal Auditor,0,0.3692120348207842,1,0.16908819344089202,Cao,3,36.92,1,0,0,108,97.59
3916,2025-01-01,2025,Marketing,Marketing Executive,0,0.23033431067869767,1,0.16908819344089202,Cao,3,23.03,1,0,0,827,81.36
3919,2025-01-01,2025,Marketing,Marketing Manager,0,0.09153264620148512,0,0.16908819344089202,Thấp,1,9.15,0,0,1,3210,27.58
3921,2025-01-01,2025,Human Resources,HR Executive,0,0.26120199027130686,1,0.16908819344089202,Cao,3,26.12,1,0,0,570,87.16
3922,2025-01-01,2025,Marketing,Content Specialist,0,0.10936901515146921,0,0.16908819344089202,Trung bình,2,10.94,0,1,0,2767,37.58
3929,2025-01-01,2025,Operations,Warehouse Supervisor,1,0.43545062232674697,1,0.16908819344089202,Cao,3,43.55,1,0,0,18,99.62
3930,2025-01-01,2025,Operations,Warehouse Supervisor,1,0.32317820994786556,1,0.16908819344089202,Cao,3,32.32,1,0,0,240,94.61
3932,2025-01-01,2025,Sales,Sales Representative,0,0.1155125755074842,0,0.16908819344089202,Trung bình,2,11.55,0,1,0,2581,41.77
3933,2025-01-01,2025,Operations,Procurement Specialist,0,0.06724767647514823,0,0.16908819344089202,Thấp,1,6.72,0,0,1,4083,7.88
3937,2025-01-01,2025,Marketing,Marketing Manager,0,0.0623257367945489,0,0.16908819344089202,Thấp,1,6.23,0,0,1,4233,4.49
3939,2025-01-01,2025,Finance,Finance Manager,0,0.15442208673059987,0,0.16908819344089202,Trung bình,2,15.44,0,1,0,1707,61.5
3940,2025-01-01,2025,Sales,Sales Supervisor,0,0.19268982575396082,1,0.16908819344089202,Cao,3,19.27,1,0,0,1200,72.94
3941,2025-01-01,2025,Operations,Operations Manager,1,0.22424134179657793,1,0.16908819344089202,Cao,3,22.42,1,0,0,875,80.28
3943,2025-01-01,2025,Human Resources,Recruiter,1,0.15532545839666412,0,0.16908819344089202,Trung bình,2,15.53,0,1,0,1694,61.79
3950,2025-01-01,2025,Information Technology,QA Engineer,0,0.13923106290834036,0,0.16908819344089202,Trung bình,2,13.92,0,1,0,2001,54.86
3952,2025-01-01,2025,Operations,Warehouse Supervisor,0,0.16513061823492425,0,0.16908819344089202,Trung bình,2,16.51,0,1,0,1541,65.24
3954,2025-01-01,2025,Human Resources,HR Manager,0,0.11207072530024102,0,0.16908819344089202,Trung bình,2,11.21,0,1,0,2687,39.38
3955,2025-01-01,2025,Finance,Financial Analyst,0,0.16277968660455136,0,0.16908819344089202,Trung bình,2,16.28,0,1,0,1575,64.48
3956,2025-01-01,2025,Operations,Warehouse Supervisor,1,0.31838270593128526,1,0.16908819344089202,Cao,3,31.84,1,0,0,258,94.2
3962,2025-01-01,2025,Operations,Operations Manager,0,0.24878960396136132,1,0.16908819344089202,Cao,3,24.88,1,0,0,667,84.97
3963,2025-01-01,2025,Sales,Sales Supervisor,0,0.07770933433703284,0,0.16908819344089202,Thấp,1,7.77,0,0,1,3723,16.0
3964,2025-01-01,2025,Human Resources,Recruiter,0,0.28214525544171515,1,0.16908819344089202,Cao,3,28.21,1,0,0,415,90.66
3965,2025-01-01,2025,Marketing,Marketing Manager,0,0.05691228706767599,0,0.16908819344089202,Thấp,1,5.69,0,0,1,4365,1.51
3966,2025-01-01,2025,Operations,Operations Manager,0,0.07584537591343446,0,0.16908819344089202,Thấp,1,7.58,0,0,1,3788,14.53
3967,2025-01-01,2025,Operations,Operations Executive,0,0.2639028504763418,1,0.16908819344089202,Cao,3,26.39,1,0,0,547,87.68
3968,2025-01-01,2025,Information Technology,IT Support,0,0.15315951441777392,0,0.16908819344089202,Trung bình,2,15.32,0,1,0,1732,60.93
3971,2025-01-01,2025,Operations,Operations Executive,0,0.07872618937946234,0,0.16908819344089202,Thấp,1,7.87,0,0,1,3680,16.97
3979,2025-01-01,2025,Operations,Operations Executive,1,0.09858997126013289,0,0.16908819344089202,Thấp,1,9.86,0,0,1,3038,31.46
3984,2025-01-01,2025,Information Technology,Software Engineer,0,0.08306963465473549,0,0.16908819344089202,Thấp,1,8.31,0,0,1,3485,21.37
3985,2025-01-01,2025,Sales,Account Manager,0,0.2575525590228126,1,0.16908819344089202,Cao,3,25.76,1,0,0,595,86.59
3986,2025-01-01,2025,Marketing,Marketing Executive,0,0.12202670599762042,0,0.16908819344089202,Trung bình,2,12.2,0,1,0,2406,45.72
3990,2025-01-01,2025,Finance,Finance Manager,1,0.11467062278218855,0,0.16908819344089202,Trung bình,2,11.47,0,1,0,2603,41.28
3995,2025-01-01,2025,Sales,Sales Representative,0,0.10950378426874084,0,0.16908819344089202,Trung bình,2,10.95,0,1,0,2764,37.64
3997,2025-01-01,2025,Human Resources,C&B Specialist,0,0.07854137338470753,0,0.16908819344089202,Thấp,1,7.85,0,0,1,3684,16.88
3998,2025-01-01,2025,Marketing,Content Specialist,0,0.07183229211482695,0,0.16908819344089202,Thấp,1,7.18,0,0,1,3938,11.15
3999,2025-01-01,2025,Operations,Procurement Specialist,0,0.1119294170553395,0,0.16908819344089202,Trung bình,2,11.19,0,1,0,2690,39.31
4000,2025-01-01,2025,Information Technology,System Administrator,0,0.08516949871529711,0,0.16908819344089202,Thấp,1,8.52,0,0,1,3418,22.88
4009,2025-01-01,2025,Sales,Account Manager,0,0.12303231744461773,0,0.16908819344089202,Trung bình,2,12.3,0,1,0,2386,46.17
4011,2025-01-01,2025,Operations,Operations Executive,0,0.12308778760522787,0,0.16908819344089202,Trung bình,2,12.31,0,1,0,2383,46.24
4013,2025-01-01,2025,Information Technology,System Administrator,0,0.09310887906656964,0,0.16908819344089202,Thấp,1,9.31,0,0,1,3159,28.73
4016,2025-01-01,2025,Information Technology,Data Analyst,0,0.08635210972109866,0,0.16908819344089202,Thấp,1,8.64,0,0,1,3377,23.81
4019,2025-01-01,2025,Operations,Warehouse Supervisor,0,0.22433849486495694,1,0.16908819344089202,Cao,3,22.43,1,0,0,874,80.3
4022,2025-01-01,2025,Marketing,Marketing Executive,1,0.1867675038265804,1,0.16908819344089202,Cao,3,18.68,1,0,0,1257,71.65
4024,2025-01-01,2025,Marketing,Marketing Manager,0,0.15081315803638107,0,0.16908819344089202,Trung bình,2,15.08,0,1,0,1770,60.08
4026,2025-01-01,2025,Human Resources,C&B Specialist,0,0.17464496250129444,1,0.16908819344089202,Cao,3,17.46,1,0,0,1414,68.11
4030,2025-01-01,2025,Marketing,Digital Marketing Specialist,0,0.09076247797581463,0,0.16908819344089202,Thấp,1,9.08,0,0,1,3240,26.9
4037,2025-01-01,2025,Sales,Sales Supervisor,0,0.05725922248658775,0,0.16908819344089202,Thấp,1,5.73,0,0,1,4359,1.65
4042,2025-01-01,2025,Operations,Warehouse Supervisor,0,0.0851804588943337,0,0.16908819344089202,Thấp,1,8.52,0,0,1,3417,22.91
4045,2025-01-01,2025,Human Resources,C&B Specialist,0,0.38222479142974985,1,0.16908819344089202,Cao,3,38.22,1,0,0,84,98.13
4046,2025-01-01,2025,Sales,Sales Representative,0,0.07872994295198427,0,0.16908819344089202,Thấp,1,7.87,0,0,1,3679,16.99
4048,2025-01-01,2025,Finance,Accountant,0,0.3122503652943331,1,0.16908819344089202,Cao,3,31.23,1,0,0,288,93.52
4054,2025-01-01,2025,Information Technology,Software Engineer,1,0.284439226929265,1,0.16908819344089202,Cao,3,28.44,1,0,0,401,90.97
4058,2025-01-01,2025,Finance,Financial Analyst,0,0.27208467910338463,1,0.16908819344089202,Cao,3,27.21,1,0,0,483,89.12
4061,2025-01-01,2025,Finance,Internal Auditor,0,0.10046869990029414,0,0.16908819344089202,Trung bình,2,10.05,0,1,0,2984,32.68
4062,2025-01-01,2025,Marketing,Marketing Executive,0,0.10734938409578987,0,0.16908819344089202,Trung bình,2,10.73,0,1,0,2833,36.09
4063,2025-01-01,2025,Information Technology,Data Analyst,0,0.09816466363750924,0,0.16908819344089202,Thấp,1,9.82,0,0,1,3045,31.3
4065,2025-01-01,2025,Human Resources,C&B Specialist,0,0.08407282560258982,0,0.16908819344089202,Thấp,1,8.41,0,0,1,3458,21.98
4067,2025-01-01,2025,Human Resources,Recruiter,0,0.07057514638915773,0,0.16908819344089202,Thấp,1,7.06,0,0,1,3979,10.22
4068,2025-01-01,2025,Human Resources,C&B Specialist,0,0.22852695908249146,1,0.16908819344089202,Cao,3,22.85,1,0,0,838,81.11
4070,2025-01-01,2025,Human Resources,HR Executive,1,0.11224850956745996,0,0.16908819344089202,Trung bình,2,11.22,0,1,0,2680,39.54
4071,2025-01-01,2025,Finance,Financial Analyst,0,0.09396409555922461,0,0.16908819344089202,Thấp,1,9.4,0,0,1,3137,29.23
4072,2025-01-01,2025,Information Technology,Data Analyst,0,0.061617878409324,0,0.16908819344089202,Thấp,1,6.16,0,0,1,4252,4.06
4074,2025-01-01,2025,Operations,Operations Manager,0,0.09945193849421582,0,0.16908819344089202,Thấp,1,9.95,0,0,1,3016,31.96
4075,2025-01-01,2025,Marketing,Content Specialist,0,0.10346977550978993,0,0.16908819344089202,Trung bình,2,10.35,0,1,0,2911,34.33
4077,2025-01-01,2025,Marketing,Marketing Manager,0,0.3148497051763391,1,0.16908819344089202,Cao,3,31.48,1,0,0,274,93.84
4078,2025-01-01,2025,Human Resources,HR Manager,0,0.06578724406883248,0,0.16908819344089202,Thấp,1,6.58,0,0,1,4124,6.95
4079,2025-01-01,2025,Information Technology,IT Support,0,0.08118173917781327,0,0.16908819344089202,Thấp,1,8.12,0,0,1,3565,19.57
4080,2025-01-01,2025,Operations,Procurement Specialist,0,0.090428409024513,0,0.16908819344089202,Thấp,1,9.04,0,0,1,3254,26.59
4081,2025-01-01,2025,Sales,Sales Representative,1,0.341890840685785,1,0.16908819344089202,Cao,3,34.19,1,0,0,180,95.96
4082,2025-01-01,2025,Human Resources,Recruiter,0,0.2208278089388246,1,0.16908819344089202,Cao,3,22.08,1,0,0,905,79.6
4083,2025-01-01,2025,Sales,Sales Supervisor,0,0.09106622093227697,0,0.16908819344089202,Thấp,1,9.11,0,0,1,3229,27.15
4084,2025-01-01,2025,Marketing,Content Specialist,0,0.1423058410838925,0,0.16908819344089202,Trung bình,2,14.23,0,1,0,1929,56.49
4086,2025-01-01,2025,Finance,Finance Manager,0,0.13414169830687353,0,0.16908819344089202,Trung bình,2,13.41,0,1,0,2130,51.95
4088,2025-01-01,2025,Human Resources,Recruiter,1,0.23217413668511985,1,0.16908819344089202,Cao,3,23.22,1,0,0,810,81.74
4090,2025-01-01,2025,Human Resources,C&B Specialist,0,0.20766473579203398,1,0.16908819344089202,Cao,3,20.77,1,0,0,1061,76.08
4094,2025-01-01,2025,Marketing,Marketing Manager,0,0.07072800699799972,0,0.16908819344089202,Thấp,1,7.07,0,0,1,3975,10.31
4095,2025-01-01,2025,Sales,Account Manager,0,0.1938693088709106,1,0.16908819344089202,Cao,3,19.39,1,0,0,1192,73.12
4097,2025-01-01,2025,Information Technology,Data Analyst,0,0.06883241587711533,0,0.16908819344089202,Thấp,1,6.88,0,0,1,4034,8.98
4098,2025-01-01,2025,Sales,Sales Representative,0,0.12927160479511476,0,0.16908819344089202,Trung bình,2,12.93,0,1,0,2263,48.95
4099,2025-01-01,2025,Sales,Sales Supervisor,0,0.1275993936195836,0,0.16908819344089202,Trung bình,2,12.76,0,1,0,2286,48.43
4101,2025-01-01,2025,Sales,Sales Representative,0,0.14330355401668893,0,0.16908819344089202,Trung bình,2,14.33,0,1,0,1905,57.03
4102,2025-01-01,2025,Finance,Accountant,0,0.17426446798732712,1,0.16908819344089202,Cao,3,17.43,1,0,0,1421,67.95
4103,2025-01-01,2025,Marketing,Digital Marketing Specialist,0,0.24875117124084387,1,0.16908819344089202,Cao,3,24.88,1,0,0,668,84.95
4104,2025-01-01,2025,Marketing,Marketing Executive,0,0.1501260571992231,0,0.16908819344089202,Trung bình,2,15.01,0,1,0,1787,59.69
4106,2025-01-01,2025,Information Technology,QA Engineer,0,0.15081308572298674,0,0.16908819344089202,Trung bình,2,15.08,0,1,0,1771,60.05
4107,2025-01-01,2025,Sales,Sales Supervisor,0,0.09138285562039127,0,0.16908819344089202,Thấp,1,9.14,0,0,1,3217,27.42
4108,2025-01-01,2025,Information Technology,Software Engineer,0,0.13729097323463105,0,0.16908819344089202,Trung bình,2,13.73,0,1,0,2052,53.71
4113,2025-01-01,2025,Human Resources,HR Executive,0,0.2966893114175526,1,0.16908819344089202,Cao,3,29.67,1,0,0,346,92.21
4120,2025-01-01,2025,Operations,Procurement Specialist,1,0.17878219650971294,1,0.16908819344089202,Cao,3,17.88,1,0,0,1351,69.53
4121,2025-01-01,2025,Marketing,Marketing Executive,1,0.1214190157507871,0,0.16908819344089202,Trung bình,2,12.14,0,1,0,2430,45.18
4126,2025-01-01,2025,Human Resources,C&B Specialist,0,0.07426861654276766,0,0.16908819344089202,Thấp,1,7.43,0,0,1,3850,13.13
4128,2025-01-01,2025,Marketing,Content Specialist,0,0.05726037216769186,0,0.16908819344089202,Thấp,1,5.73,0,0,1,4358,1.67
4130,2025-01-01,2025,Operations,Procurement Specialist,1,0.27062873456787606,1,0.16908819344089202,Cao,3,27.06,1,0,0,492,88.92
4131,2025-01-01,2025,Human Resources,HR Manager,0,0.2165711054897621,1,0.16908819344089202,Cao,3,21.66,1,0,0,956,78.45
4132,2025-01-01,2025,Human Resources,HR Executive,0,0.17561924416099053,1,0.16908819344089202,Cao,3,17.56,1,0,0,1402,68.38
4134,2025-01-01,2025,Finance,Financial Analyst,0,0.20334446784922555,1,0.16908819344089202,Cao,3,20.33,1,0,0,1106,75.06
4138,2025-01-01,2025,Finance,Accountant,0,0.1766331458969207,1,0.16908819344089202,Cao,3,17.66,1,0,0,1384,68.79
4142,2025-01-01,2025,Operations,Operations Manager,1,0.26507433947526343,1,0.16908819344089202,Cao,3,26.51,1,0,0,534,87.97
4147,2025-01-01,2025,Marketing,Digital Marketing Specialist,0,0.137570643294607,0,0.16908819344089202,Trung bình,2,13.76,0,1,0,2043,53.92
4153,2025-01-01,2025,Human Resources,HR Executive,0,0.08164472011735108,0,0.16908819344089202,Thấp,1,8.16,0,0,1,3542,20.09
4154,2025-01-01,2025,Marketing,Marketing Executive,0,0.06591486302343588,0,0.16908819344089202,Thấp,1,6.59,0,0,1,4116,7.13
4156,2025-01-01,2025,Marketing,Marketing Manager,0,0.16636685396737755,0,0.16908819344089202,Trung bình,2,16.64,0,1,0,1530,65.49
4157,2025-01-01,2025,Information Technology,IT Support,1,0.38053505375831986,1,0.16908819344089202,Cao,3,38.05,1,0,0,87,98.06
4158,2025-01-01,2025,Finance,Accountant,0,0.23067351433720618,1,0.16908819344089202,Cao,3,23.07,1,0,0,823,81.45
4163,2025-01-01,2025,Information Technology,System Administrator,1,0.1639359197833575,0,0.16908819344089202,Trung bình,2,16.39,0,1,0,1562,64.77
4165,2025-01-01,2025,Marketing,Digital Marketing Specialist,0,0.1393765681609623,0,0.16908819344089202,Trung bình,2,13.94,0,1,0,1997,54.95
4166,2025-01-01,2025,Finance,Internal Auditor,0,0.19498998341560855,1,0.16908819344089202,Cao,3,19.5,1,0,0,1181,73.37
4167,2025-01-01,2025,Operations,Warehouse Supervisor,0,0.22810637929715966,1,0.16908819344089202,Cao,3,22.81,1,0,0,842,81.02
4170,2025-01-01,2025,Information Technology,Data Analyst,0,0.12026139085171546,0,0.16908819344089202,Trung bình,2,12.03,0,1,0,2465,44.39
4171,2025-01-01,2025,Operations,Procurement Specialist,1,0.25352370235150173,1,0.16908819344089202,Cao,3,25.35,1,0,0,625,85.92
4176,2025-01-01,2025,Sales,Sales Representative,0,0.21244017420224456,1,0.16908819344089202,Cao,3,21.24,1,0,0,1006,77.32
4177,2025-01-01,2025,Operations,Operations Executive,0,0.2961152555322145,1,0.16908819344089202,Cao,3,29.61,1,0,0,347,92.19
4180,2025-01-01,2025,Sales,Sales Executive,0,0.11094737056608124,0,0.16908819344089202,Trung bình,2,11.09,0,1,0,2727,38.48
4181,2025-01-01,2025,Sales,Account Manager,0,0.1665295658901025,0,0.16908819344089202,Trung bình,2,16.65,0,1,0,1526,65.58
4183,2025-01-01,2025,Information Technology,IT Support,0,0.11032384941544159,0,0.16908819344089202,Trung bình,2,11.03,0,1,0,2745,38.07
4185,2025-01-01,2025,Operations,Operations Manager,0,0.08340744853310661,0,0.16908819344089202,Thấp,1,8.34,0,0,1,3476,21.58
4186,2025-01-01,2025,Human Resources,HR Manager,0,0.07885902356844017,0,0.16908819344089202,Thấp,1,7.89,0,0,1,3672,17.15
4189,2025-01-01,2025,Marketing,Marketing Manager,1,0.2654460535733992,1,0.16908819344089202,Cao,3,26.54,1,0,0,530,88.06
4191,2025-01-01,2025,Marketing,Marketing Manager,1,0.34168744838709375,1,0.16908819344089202,Cao,3,34.17,1,0,0,182,95.92
4192,2025-01-01,2025,Marketing,Content Specialist,0,0.06314340784685636,0,0.16908819344089202,Thấp,1,6.31,0,0,1,4210,5.01
4194,2025-01-01,2025,Marketing,Marketing Executive,1,0.11655669644756979,0,0.16908819344089202,Trung bình,2,11.66,0,1,0,2548,42.52
4197,2025-01-01,2025,Human Resources,Recruiter,0,0.15901585568149743,0,0.16908819344089202,Trung bình,2,15.9,0,1,0,1637,63.08
4198,2025-01-01,2025,Operations,Procurement Specialist,1,0.45711070121972974,1,0.16908819344089202,Cao,3,45.71,1,0,0,11,99.77
4199,2025-01-01,2025,Marketing,Marketing Manager,0,0.06983765440472121,0,0.16908819344089202,Thấp,1,6.98,0,0,1,4000,9.75
4200,2025-01-01,2025,Finance,Financial Analyst,0,0.07957945986497247,0,0.16908819344089202,Thấp,1,7.96,0,0,1,3642,17.83
4201,2025-01-01,2025,Operations,Operations Manager,0,0.09240963106104387,0,0.16908819344089202,Thấp,1,9.24,0,0,1,3182,28.21
4207,2025-01-01,2025,Information Technology,Software Engineer,0,0.1323738714398808,0,0.16908819344089202,Trung bình,2,13.24,0,1,0,2184,50.73
4208,2025-01-01,2025,Human Resources,C&B Specialist,0,0.27254339715101,1,0.16908819344089202,Cao,3,27.25,1,0,0,480,89.19
4209,2025-01-01,2025,Sales,Sales Representative,0,0.08496970823322361,0,0.16908819344089202,Thấp,1,8.5,0,0,1,3425,22.73
4211,2025-01-01,2025,Human Resources,Recruiter,0,0.10302086814844186,0,0.16908819344089202,Trung bình,2,10.3,0,1,0,2920,34.12
4215,2025-01-01,2025,Information Technology,System Administrator,0,0.08301318132973685,0,0.16908819344089202,Thấp,1,8.3,0,0,1,3489,21.28
4219,2025-01-01,2025,Human Resources,HR Manager,1,0.2695509124669774,1,0.16908819344089202,Cao,3,26.96,1,0,0,501,88.72
4220,2025-01-01,2025,Information Technology,Software Engineer,0,0.11339624415230434,0,0.16908819344089202,Trung bình,2,11.34,0,1,0,2643,40.37
4223,2025-01-01,2025,Sales,Sales Executive,1,0.3011336337498987,1,0.16908819344089202,Cao,3,30.11,1,0,0,326,92.67
4225,2025-01-01,2025,Information Technology,Data Analyst,0,0.12297292238319632,0,0.16908819344089202,Trung bình,2,12.3,0,1,0,2390,46.08
4226,2025-01-01,2025,Marketing,Digital Marketing Specialist,0,0.08884220265953227,0,0.16908819344089202,Thấp,1,8.88,0,0,1,3297,25.61
4227,2025-01-01,2025,Human Resources,Recruiter,0,0.33558729883388455,1,0.16908819344089202,Cao,3,33.56,1,0,0,200,95.51
4230,2025-01-01,2025,Finance,Financial Analyst,0,0.1195383917660624,0,0.16908819344089202,Trung bình,2,11.95,0,1,0,2485,43.94
4231,2025-01-01,2025,Operations,Procurement Specialist,0,0.09220815557283607,0,0.16908819344089202,Thấp,1,9.22,0,0,1,3191,28.01
4234,2025-01-01,2025,Information Technology,Data Analyst,0,0.1249053333607726,0,0.16908819344089202,Trung bình,2,12.49,0,1,0,2340,47.21
4235,2025-01-01,2025,Sales,Sales Representative,0,0.18126993026643917,1,0.16908819344089202,Cao,3,18.13,1,0,0,1317,70.3
4236,2025-01-01,2025,Marketing,Content Specialist,0,0.11433922731618604,0,0.16908819344089202,Trung bình,2,11.43,0,1,0,2613,41.05
4239,2025-01-01,2025,Operations,Warehouse Supervisor,0,0.20658249993308087,1,0.16908819344089202,Cao,3,20.66,1,0,0,1074,75.78
4240,2025-01-01,2025,Operations,Operations Manager,0,0.09439099614685381,0,0.16908819344089202,Thấp,1,9.44,0,0,1,3124,29.52
4243,2025-01-01,2025,Sales,Sales Representative,0,0.11261091648508248,0,0.16908819344089202,Trung bình,2,11.26,0,1,0,2670,39.77
4245,2025-01-01,2025,Information Technology,System Administrator,0,0.1275989738690165,0,0.16908819344089202,Trung bình,2,12.76,0,1,0,2287,48.41
4247,2025-01-01,2025,Human Resources,HR Executive,0,0.1386342671459185,0,0.16908819344089202,Trung bình,2,13.86,0,1,0,2019,54.46
4249,2025-01-01,2025,Human Resources,Recruiter,0,0.3153409168144207,1,0.16908819344089202,Cao,3,31.53,1,0,0,271,93.91
4250,2025-01-01,2025,Human Resources,Recruiter,0,0.13716582164952495,0,0.16908819344089202,Trung bình,2,13.72,0,1,0,2057,53.6
4252,2025-01-01,2025,Marketing,Marketing Executive,0,0.17691838866694823,1,0.16908819344089202,Cao,3,17.69,1,0,0,1381,68.86
4253,2025-01-01,2025,Human Resources,Recruiter,0,0.07062117010970549,0,0.16908819344089202,Thấp,1,7.06,0,0,1,3978,10.25
4256,2025-01-01,2025,Marketing,Digital Marketing Specialist,1,0.1892312213473216,1,0.16908819344089202,Cao,3,18.92,1,0,0,1237,72.11
4257,2025-01-01,2025,Marketing,Digital Marketing Specialist,0,0.21389041629752042,1,0.16908819344089202,Cao,3,21.39,1,0,0,987,77.75
4258,2025-01-01,2025,Finance,Finance Manager,0,0.08716197024779333,0,0.16908819344089202,Thấp,1,8.72,0,0,1,3343,24.58
4265,2025-01-01,2025,Sales,Sales Supervisor,0,0.07446758225988064,0,0.16908819344089202,Thấp,1,7.45,0,0,1,3841,13.34
4268,2025-01-01,2025,Information Technology,Data Analyst,1,0.2557402948183954,1,0.16908819344089202,Cao,3,25.57,1,0,0,606,86.35
4271,2025-01-01,2025,Information Technology,IT Support,0,0.07394885955980528,0,0.16908819344089202,Thấp,1,7.39,0,0,1,3867,12.75
4273,2025-01-01,2025,Human Resources,Recruiter,1,0.35440965672291763,1,0.16908819344089202,Cao,3,35.44,1,0,0,145,96.75
4274,2025-01-01,2025,Human Resources,HR Manager,0,0.0788062365786766,0,0.16908819344089202,Thấp,1,7.88,0,0,1,3675,17.08
4280,2025-01-01,2025,Information Technology,QA Engineer,0,0.07124227877355144,0,0.16908819344089202,Thấp,1,7.12,0,0,1,3953,10.81
4283,2025-01-01,2025,Sales,Sales Supervisor,0,0.23644664376844232,1,0.16908819344089202,Cao,3,23.64,1,0,0,767,82.71
4284,2025-01-01,2025,Operations,Operations Executive,1,0.12440677067085838,0,0.16908819344089202,Trung bình,2,12.44,0,1,0,2351,46.96
4285,2025-01-01,2025,Marketing,Content Specialist,0,0.11872961281898119,0,0.16908819344089202,Trung bình,2,11.87,0,1,0,2507,43.44
4286,2025-01-01,2025,Information Technology,Software Engineer,0,0.09883587847624997,0,0.16908819344089202,Thấp,1,9.88,0,0,1,3032,31.6
4289,2025-01-01,2025,Operations,Operations Manager,0,0.3322858299689538,1,0.16908819344089202,Cao,3,33.23,1,0,0,210,95.28
4291,2025-01-01,2025,Marketing,Marketing Manager,0,0.056854473327494,0,0.16908819344089202,Thấp,1,5.69,0,0,1,4366,1.49
4292,2025-01-01,2025,Finance,Financial Analyst,0,0.1743384490257337,1,0.16908819344089202,Cao,3,17.43,1,0,0,1420,67.98
4293,2025-01-01,2025,Finance,Finance Manager,0,0.13949162867221568,0,0.16908819344089202,Trung bình,2,13.95,0,1,0,1994,55.02
4294,2025-01-01,2025,Operations,Warehouse Supervisor,0,0.09407314773310513,0,0.16908819344089202,Thấp,1,9.41,0,0,1,3133,29.32
4295,2025-01-01,2025,Sales,Account Manager,0,0.11272882774084271,0,0.16908819344089202,Trung bình,2,11.27,0,1,0,2667,39.83
4296,2025-01-01,2025,Information Technology,Data Analyst,0,0.2762743547634845,1,0.16908819344089202,Cao,3,27.63,1,0,0,455,89.75
4298,2025-01-01,2025,Sales,Sales Supervisor,0,0.08522677553825782,0,0.16908819344089202,Thấp,1,8.52,0,0,1,3414,22.97
4299,2025-01-01,2025,Finance,Finance Manager,0,0.17373652347556842,1,0.16908819344089202,Cao,3,17.37,1,0,0,1431,67.73
4300,2025-01-01,2025,Marketing,Digital Marketing Specialist,0,0.07078491676445654,0,0.16908819344089202,Thấp,1,7.08,0,0,1,3974,10.34
4309,2025-01-01,2025,Finance,Finance Manager,0,0.11354469122244133,0,0.16908819344089202,Trung bình,2,11.35,0,1,0,2637,40.51
4310,2025-01-01,2025,Human Resources,HR Manager,0,0.2767294134546821,1,0.16908819344089202,Cao,3,27.67,1,0,0,451,89.84
4311,2025-01-01,2025,Human Resources,HR Manager,0,0.07580744543492883,0,0.16908819344089202,Thấp,1,7.58,0,0,1,3790,14.49
4313,2025-01-01,2025,Human Resources,HR Manager,0,0.29383792420242616,1,0.16908819344089202,Cao,3,29.38,1,0,0,357,91.97
4315,2025-01-01,2025,Marketing,Marketing Manager,0,0.3011236114467072,1,0.16908819344089202,Cao,3,30.11,1,0,0,327,92.64
4319,2025-01-01,2025,Marketing,Marketing Manager,0,0.09604885890248238,0,0.16908819344089202,Thấp,1,9.6,0,0,1,3090,30.29
4320,2025-01-01,2025,Information Technology,QA Engineer,0,0.11310862823288702,0,0.16908819344089202,Trung bình,2,11.31,0,1,0,2656,40.08
4321,2025-01-01,2025,Sales,Sales Representative,0,0.11320013231264066,0,0.16908819344089202,Trung bình,2,11.32,0,1,0,2653,40.15
4323,2025-01-01,2025,Marketing,Content Specialist,0,0.10166344482943555,0,0.16908819344089202,Trung bình,2,10.17,0,1,0,2957,33.29
4325,2025-01-01,2025,Finance,Finance Manager,0,0.10999001903891222,0,0.16908819344089202,Trung bình,2,11.0,0,1,0,2750,37.96
4329,2025-01-01,2025,Information Technology,System Administrator,0,0.17787590177977436,1,0.16908819344089202,Cao,3,17.79,1,0,0,1359,69.35
4330,2025-01-01,2025,Human Resources,HR Manager,0,0.17209845910543806,1,0.16908819344089202,Cao,3,17.21,1,0,0,1453,67.23
4335,2025-01-01,2025,Sales,Sales Supervisor,1,0.2424752410485365,1,0.16908819344089202,Cao,3,24.25,1,0,0,717,83.84
4339,2025-01-01,2025,Human Resources,Recruiter,1,0.3249939330451511,1,0.16908819344089202,Cao,3,32.5,1,0,0,233,94.76
4341,2025-01-01,2025,Sales,Sales Supervisor,0,0.057835162172501065,0,0.16908819344089202,Thấp,1,5.78,0,0,1,4344,1.99
4342,2025-01-01,2025,Operations,Operations Executive,0,0.12200130913641528,0,0.16908819344089202,Trung bình,2,12.2,0,1,0,2408,45.68
4344,2025-01-01,2025,Operations,Procurement Specialist,0,0.2176479049233564,1,0.16908819344089202,Cao,3,21.76,1,0,0,944,78.72
4345,2025-01-01,2025,Human Resources,HR Executive,1,0.4724147808953326,1,0.16908819344089202,Cao,3,47.24,1,0,0,5,99.91
4346,2025-01-01,2025,Sales,Account Manager,0,0.07989569285785587,0,0.16908819344089202,Thấp,1,7.99,0,0,1,3624,18.24
4354,2025-01-01,2025,Finance,Accountant,0,0.13414094166389476,0,0.16908819344089202,Trung bình,2,13.41,0,1,0,2131,51.93
4355,2025-01-01,2025,Human Resources,Recruiter,0,0.07482450654626888,0,0.16908819344089202,Thấp,1,7.48,0,0,1,3826,13.68
4358,2025-01-01,2025,Marketing,Content Specialist,0,0.0666870765020275,0,0.16908819344089202,Thấp,1,6.67,0,0,1,4097,7.56
4360,2025-01-01,2025,Finance,Accountant,0,0.26781997047341394,1,0.16908819344089202,Cao,3,26.78,1,0,0,515,88.4
4368,2025-01-01,2025,Marketing,Content Specialist,0,0.08726965553668346,0,0.16908819344089202,Thấp,1,8.73,0,0,1,3337,24.71
4369,2025-01-01,2025,Marketing,Marketing Executive,0,0.10562136378056201,0,0.16908819344089202,Trung bình,2,10.56,0,1,0,2869,35.27
4372,2025-01-01,2025,Operations,Operations Manager,0,0.2521919864195384,1,0.16908819344089202,Cao,3,25.22,1,0,0,639,85.6
4373,2025-01-01,2025,Marketing,Digital Marketing Specialist,0,0.0688037224018123,0,0.16908819344089202,Thấp,1,6.88,0,0,1,4036,8.94
4375,2025-01-01,2025,Marketing,Marketing Executive,0,0.1376626361805567,0,0.16908819344089202,Trung bình,2,13.77,0,1,0,2040,53.98
4381,2025-01-01,2025,Marketing,Digital Marketing Specialist,0,0.1161904028631128,0,0.16908819344089202,Trung bình,2,11.62,0,1,0,2559,42.27
4382,2025-01-01,2025,Marketing,Digital Marketing Specialist,0,0.30018309866585174,1,0.16908819344089202,Cao,3,30.02,1,0,0,331,92.55
4384,2025-01-01,2025,Human Resources,HR Executive,0,0.07441843263255847,0,0.16908819344089202,Thấp,1,7.44,0,0,1,3842,13.32
4389,2025-01-01,2025,Finance,Finance Manager,0,0.06425531088559634,0,0.16908819344089202,Thấp,1,6.43,0,0,1,4177,5.75
4391,2025-01-01,2025,Marketing,Digital Marketing Specialist,0,0.13234778431189542,0,0.16908819344089202,Trung bình,2,13.23,0,1,0,2186,50.69
4393,2025-01-01,2025,Finance,Accountant,0,0.13007017718791858,0,0.16908819344089202,Trung bình,2,13.01,0,1,0,2242,49.42
4396,2025-01-01,2025,Sales,Sales Supervisor,0,0.06642809479254358,0,0.16908819344089202,Thấp,1,6.64,0,0,1,4108,7.31
4398,2025-01-01,2025,Human Resources,HR Executive,0,0.17882802154668165,1,0.16908819344089202,Cao,3,17.88,1,0,0,1350,69.56
4403,2025-01-01,2025,Marketing,Marketing Executive,0,0.1070095164217311,0,0.16908819344089202,Trung bình,2,10.7,0,1,0,2839,35.95
4404,2025-01-01,2025,Marketing,Marketing Manager,0,0.0718789120347515,0,0.16908819344089202,Thấp,1,7.19,0,0,1,3936,11.19
4406,2025-01-01,2025,Finance,Finance Manager,0,0.13718074262002328,0,0.16908819344089202,Trung bình,2,13.72,0,1,0,2055,53.64
4410,2025-01-01,2025,Sales,Sales Supervisor,1,0.2636408458593745,1,0.16908819344089202,Cao,3,26.36,1,0,0,550,87.61
4411,2025-01-01,2025,Marketing,Marketing Executive,0,0.2484033090047723,1,0.16908819344089202,Cao,3,24.84,1,0,0,674,84.81
4412,2025-01-01,2025,Finance,Internal Auditor,0,0.09915862845754,0,0.16908819344089202,Thấp,1,9.92,0,0,1,3025,31.75
4417,2025-01-01,2025,Marketing,Marketing Executive,0,0.055812878864644186,0,0.16908819344089202,Thấp,1,5.58,0,0,1,4376,1.26
4419,2025-01-01,2025,Human Resources,Recruiter,0,0.08553930099359813,0,0.16908819344089202,Thấp,1,8.55,0,0,1,3400,23.29
4421,2025-01-01,2025,Human Resources,HR Executive,0,0.080068577121489,0,0.16908819344089202,Thấp,1,8.01,0,0,1,3615,18.44
4422,2025-01-01,2025,Finance,Financial Analyst,0,0.09963843965136937,0,0.16908819344089202,Thấp,1,9.96,0,0,1,3010,32.09
4423,2025-01-01,2025,Information Technology,Data Analyst,0,0.1961973504404908,1,0.16908819344089202,Cao,3,19.62,1,0,0,1172,73.57
4424,2025-01-01,2025,Human Resources,C&B Specialist,0,0.16785951926458473,0,0.16908819344089202,Trung bình,2,16.79,0,1,0,1507,66.01
4426,2025-01-01,2025,Operations,Operations Executive,1,0.12760281694903383,0,0.16908819344089202,Trung bình,2,12.76,0,1,0,2284,48.48
4427,2025-01-01,2025,Sales,Account Manager,0,0.09368877479172438,0,0.16908819344089202,Thấp,1,9.37,0,0,1,3146,29.02
4428,2025-01-01,2025,Information Technology,Data Analyst,0,0.17488770756886374,1,0.16908819344089202,Cao,3,17.49,1,0,0,1407,68.27
4429,2025-01-01,2025,Finance,Finance Manager,0,0.09939269842180493,0,0.16908819344089202,Thấp,1,9.94,0,0,1,3020,31.87
4431,2025-01-01,2025,Information Technology,Software Engineer,0,0.1143393905759491,0,0.16908819344089202,Trung bình,2,11.43,0,1,0,2612,41.07
4432,2025-01-01,2025,Human Resources,Recruiter,0,0.10488658185479266,0,0.16908819344089202,Trung bình,2,10.49,0,1,0,2883,34.96
4433,2025-01-01,2025,Information Technology,Data Analyst,0,0.06930339294019391,0,0.16908819344089202,Thấp,1,6.93,0,0,1,4020,9.3
4434,2025-01-01,2025,Finance,Finance Manager,0,0.08447646581715713,0,0.16908819344089202,Thấp,1,8.45,0,0,1,3436,22.48
4435,2025-01-01,2025,Finance,Financial Analyst,0,0.08584730860392167,0,0.16908819344089202,Thấp,1,8.58,0,0,1,3386,23.61
4436,2025-01-01,2025,Marketing,Marketing Executive,0,0.05106839974289454,0,0.16908819344089202,Thấp,1,5.11,0,0,1,4423,0.2
4437,2025-01-01,2025,Information Technology,Data Analyst,0,0.10823471979029656,0,0.16908819344089202,Trung bình,2,10.82,0,1,0,2804,36.74
4438,2025-01-01,2025,Sales,Account Manager,0,0.07829360296988871,0,0.16908819344089202,Thấp,1,7.83,0,0,1,3696,16.61
4440,2025-01-01,2025,Sales,Sales Executive,0,0.14479467513319016,0,0.16908819344089202,Trung bình,2,14.48,0,1,0,1878,57.64
4442,2025-01-01,2025,Marketing,Content Specialist,0,0.13056411430573844,0,0.16908819344089202,Trung bình,2,13.06,0,1,0,2232,49.65
4443,2025-01-01,2025,Marketing,Marketing Executive,0,0.2098567026870229,1,0.16908819344089202,Cao,3,20.99,1,0,0,1034,76.69
4446,2025-01-01,2025,Operations,Operations Manager,0,0.2092351872394621,1,0.16908819344089202,Cao,3,20.92,1,0,0,1043,76.48
4448,2025-01-01,2025,Information Technology,System Administrator,0,0.163121484555312,0,0.16908819344089202,Trung bình,2,16.31,0,1,0,1571,64.57
4449,2025-01-01,2025,Finance,Accountant,0,0.11795047403383954,0,0.16908819344089202,Trung bình,2,11.8,0,1,0,2517,43.22
4450,2025-01-01,2025,Human Resources,HR Executive,0,0.14989851248738786,0,0.16908819344089202,Trung bình,2,14.99,0,1,0,1797,59.47
4451,2025-01-01,2025,Sales,Account Manager,0,0.07922528150313547,0,0.16908819344089202,Thấp,1,7.92,0,0,1,3654,17.56
4453,2025-01-01,2025,Operations,Operations Manager,0,0.14154644408502534,0,0.16908819344089202,Trung bình,2,14.15,0,1,0,1943,56.17
4454,2025-01-01,2025,Human Resources,HR Executive,0,0.07850110393921642,0,0.16908819344089202,Thấp,1,7.85,0,0,1,3687,16.81
4459,2025-01-01,2025,Sales,Account Manager,0,0.13566727798297193,0,0.16908819344089202,Trung bình,2,13.57,0,1,0,2095,52.74
4461,2025-01-01,2025,Sales,Sales Representative,1,0.20761543255211928,1,0.16908819344089202,Cao,3,20.76,1,0,0,1062,76.06
4465,2025-01-01,2025,Information Technology,IT Support,1,0.34535246398816516,1,0.16908819344089202,Cao,3,34.54,1,0,0,170,96.19
4466,2025-01-01,2025,Human Resources,HR Manager,0,0.24921567697407218,1,0.16908819344089202,Cao,3,24.92,1,0,0,661,85.1
4467,2025-01-01,2025,Human Resources,Recruiter,0,0.1350162632503555,0,0.16908819344089202,Trung bình,2,13.5,0,1,0,2114,52.31
4468,2025-01-01,2025,Operations,Operations Manager,0,0.1360374817127599,0,0.16908819344089202,Trung bình,2,13.6,0,1,0,2086,52.95
4472,2025-01-01,2025,Sales,Sales Representative,0,0.1806993465401201,1,0.16908819344089202,Cao,3,18.07,1,0,0,1326,70.1
4474,2025-01-01,2025,Operations,Procurement Specialist,1,0.1116275186658147,0,0.16908819344089202,Trung bình,2,11.16,0,1,0,2699,39.11
4475,2025-01-01,2025,Finance,Accountant,0,0.33398977244219813,1,0.16908819344089202,Cao,3,33.4,1,0,0,206,95.37
4476,2025-01-01,2025,Sales,Sales Representative,1,0.1132749290641085,0,0.16908819344089202,Trung bình,2,11.33,0,1,0,2649,40.24
4479,2025-01-01,2025,Information Technology,QA Engineer,1,0.11827585905386664,0,0.16908819344089202,Trung bình,2,11.83,0,1,0,2512,43.33
4480,2025-01-01,2025,Sales,Account Manager,0,0.29444071423683815,1,0.16908819344089202,Cao,3,29.44,1,0,0,355,92.01
4482,2025-01-01,2025,Operations,Operations Manager,1,0.22054935657680275,1,0.16908819344089202,Cao,3,22.05,1,0,0,911,79.46
4483,2025-01-01,2025,Finance,Finance Manager,0,0.24273256656893213,1,0.16908819344089202,Cao,3,24.27,1,0,0,713,83.93
4485,2025-01-01,2025,Sales,Sales Supervisor,0,0.1477438084000721,0,0.16908819344089202,Trung bình,2,14.77,0,1,0,1831,58.7
4492,2025-01-01,2025,Human Resources,HR Manager,0,0.1434149269543939,0,0.16908819344089202,Trung bình,2,14.34,0,1,0,1902,57.1
4495,2025-01-01,2025,Operations,Procurement Specialist,0,0.13848648308802194,0,0.16908819344089202,Trung bình,2,13.85,0,1,0,2022,54.39
4496,2025-01-01,2025,Sales,Sales Executive,0,0.18516082555899346,1,0.16908819344089202,Cao,3,18.52,1,0,0,1281,71.11
4498,2025-01-01,2025,Human Resources,HR Executive,0,0.07935378869848315,0,0.16908819344089202,Thấp,1,7.94,0,0,1,3649,17.67
4499,2025-01-01,2025,Human Resources,HR Executive,0,0.22326307770187376,1,0.16908819344089202,Cao,3,22.33,1,0,0,884,80.07
4500,2025-01-01,2025,Human Resources,Recruiter,1,0.08224086653629965,0,0.16908819344089202,Thấp,1,8.22,0,0,1,3518,20.63
4503,2025-01-01,2025,Finance,Financial Analyst,0,0.13061359805665493,0,0.16908819344089202,Trung bình,2,13.06,0,1,0,2229,49.72
4504,2025-01-01,2025,Finance,Accountant,0,0.07874519391797478,0,0.16908819344089202,Thấp,1,7.87,0,0,1,3676,17.06
4510,2025-01-01,2025,Sales,Sales Executive,0,0.13466613012360804,0,0.16908819344089202,Trung bình,2,13.47,0,1,0,2121,52.16
4515,2025-01-01,2025,Human Resources,C&B Specialist,0,0.10461927433913314,0,0.16908819344089202,Trung bình,2,10.46,0,1,0,2888,34.85
4517,2025-01-01,2025,Information Technology,IT Support,0,0.10802849449694808,0,0.16908819344089202,Trung bình,2,10.8,0,1,0,2811,36.58
4519,2025-01-01,2025,Sales,Sales Executive,0,0.1251235267260037,0,0.16908819344089202,Trung bình,2,12.51,0,1,0,2333,47.37
4521,2025-01-01,2025,Information Technology,QA Engineer,1,0.34850151827106485,1,0.16908819344089202,Cao,3,34.85,1,0,0,159,96.43
4522,2025-01-01,2025,Information Technology,System Administrator,0,0.11672862474337532,0,0.16908819344089202,Trung bình,2,11.67,0,1,0,2541,42.68
4523,2025-01-01,2025,Operations,Operations Executive,0,0.17464893761250297,1,0.16908819344089202,Cao,3,17.46,1,0,0,1413,68.13
4526,2025-01-01,2025,Sales,Sales Representative,0,0.0755596137372724,0,0.16908819344089202,Thấp,1,7.56,0,0,1,3798,14.31
4528,2025-01-01,2025,Marketing,Content Specialist,0,0.3237183136199809,1,0.16908819344089202,Cao,3,32.37,1,0,0,236,94.7
4532,2025-01-01,2025,Finance,Accountant,0,0.1512096084601035,0,0.16908819344089202,Trung bình,2,15.12,0,1,0,1766,60.17
4533,2025-01-01,2025,Sales,Sales Executive,1,0.37067126020015545,1,0.16908819344089202,Cao,3,37.07,1,0,0,105,97.65
4535,2025-01-01,2025,Information Technology,QA Engineer,1,0.15223284127148826,0,0.16908819344089202,Trung bình,2,15.22,0,1,0,1744,60.66
4536,2025-01-01,2025,Marketing,Marketing Executive,0,0.1754838065257826,1,0.16908819344089202,Cao,3,17.55,1,0,0,1403,68.36
4537,2025-01-01,2025,Sales,Sales Representative,0,0.06942463624284513,0,0.16908819344089202,Thấp,1,6.94,0,0,1,4013,9.46
4541,2025-01-01,2025,Sales,Sales Executive,1,0.2335229413148969,1,0.16908819344089202,Cao,3,23.35,1,0,0,796,82.06
4543,2025-01-01,2025,Human Resources,Recruiter,0,0.11032760209433144,0,0.16908819344089202,Trung bình,2,11.03,0,1,0,2743,38.12
4544,2025-01-01,2025,Operations,Procurement Specialist,1,0.34970031222149395,1,0.16908819344089202,Cao,3,34.97,1,0,0,154,96.55
4546,2025-01-01,2025,Marketing,Marketing Manager,0,0.10814013162995943,0,0.16908819344089202,Trung bình,2,10.81,0,1,0,2806,36.7
4550,2025-01-01,2025,Sales,Account Manager,0,0.3257947033603932,1,0.16908819344089202,Cao,3,32.58,1,0,0,231,94.81
4556,2025-01-01,2025,Marketing,Marketing Executive,1,0.1567294859010879,0,0.16908819344089202,Trung bình,2,15.67,0,1,0,1672,62.29
4557,2025-01-01,2025,Information Technology,IT Support,1,0.16283462288133074,0,0.16908819344089202,Trung bình,2,16.28,0,1,0,1574,64.5
4558,2025-01-01,2025,Information Technology,Data Analyst,1,0.29946665010264517,1,0.16908819344089202,Cao,3,29.95,1,0,0,334,92.48
4560,2025-01-01,2025,Operations,Warehouse Supervisor,0,0.09051175456392445,0,0.16908819344089202,Thấp,1,9.05,0,0,1,3250,26.68
4561,2025-01-01,2025,Marketing,Marketing Manager,0,0.05830890902756649,0,0.16908819344089202,Thấp,1,5.83,0,0,1,4331,2.28
4562,2025-01-01,2025,Human Resources,Recruiter,0,0.23858783982542164,1,0.16908819344089202,Cao,3,23.86,1,0,0,742,83.28
4564,2025-01-01,2025,Finance,Accountant,0,0.07395610681380764,0,0.16908819344089202,Thấp,1,7.4,0,0,1,3865,12.8
4568,2025-01-01,2025,Finance,Finance Manager,0,0.10860699766267588,0,0.16908819344089202,Trung bình,2,10.86,0,1,0,2788,37.1
4569,2025-01-01,2025,Operations,Procurement Specialist,0,0.09738815584618986,0,0.16908819344089202,Thấp,1,9.74,0,0,1,3060,30.96
4571,2025-01-01,2025,Information Technology,QA Engineer,0,0.2743601476890817,1,0.16908819344089202,Cao,3,27.44,1,0,0,468,89.46
4573,2025-01-01,2025,Operations,Operations Manager,0,0.11852148182269877,0,0.16908819344089202,Trung bình,2,11.85,0,1,0,2509,43.4
4574,2025-01-01,2025,Operations,Operations Executive,0,0.13998353785613743,0,0.16908819344089202,Trung bình,2,14.0,0,1,0,1976,55.43
4577,2025-01-01,2025,Information Technology,Data Analyst,0,0.2798616775186894,1,0.16908819344089202,Cao,3,27.99,1,0,0,430,90.32
4578,2025-01-01,2025,Operations,Operations Manager,0,0.08992135307880454,0,0.16908819344089202,Thấp,1,8.99,0,0,1,3271,26.2
4580,2025-01-01,2025,Human Resources,Recruiter,1,0.23709128157820117,1,0.16908819344089202,Cao,3,23.71,1,0,0,761,82.85
4584,2025-01-01,2025,Information Technology,Data Analyst,0,0.1331828894855707,0,0.16908819344089202,Trung bình,2,13.32,0,1,0,2157,51.34
4585,2025-01-01,2025,Sales,Sales Representative,0,0.1449269432772609,0,0.16908819344089202,Trung bình,2,14.49,0,1,0,1877,57.66
4586,2025-01-01,2025,Human Resources,C&B Specialist,0,0.09367625052329182,0,0.16908819344089202,Thấp,1,9.37,0,0,1,3148,28.98
4587,2025-01-01,2025,Finance,Internal Auditor,0,0.06072318678465731,0,0.16908819344089202,Thấp,1,6.07,0,0,1,4285,3.32
4592,2025-01-01,2025,Operations,Procurement Specialist,0,0.07151291176913825,0,0.16908819344089202,Thấp,1,7.15,0,0,1,3946,10.97
4594,2025-01-01,2025,Sales,Sales Supervisor,0,0.09744884816419956,0,0.16908819344089202,Thấp,1,9.74,0,0,1,3057,31.03
4595,2025-01-01,2025,Operations,Warehouse Supervisor,0,0.15032198974577554,0,0.16908819344089202,Trung bình,2,15.03,0,1,0,1784,59.76
4596,2025-01-01,2025,Operations,Operations Executive,0,0.22289224420767903,1,0.16908819344089202,Cao,3,22.29,1,0,0,891,79.91
4598,2025-01-01,2025,Sales,Sales Executive,0,0.1273172816595512,0,0.16908819344089202,Trung bình,2,12.73,0,1,0,2294,48.25
4600,2025-01-01,2025,Information Technology,System Administrator,0,0.08053436810948114,0,0.16908819344089202,Thấp,1,8.05,0,0,1,3594,18.91
4602,2025-01-01,2025,Marketing,Content Specialist,0,0.11072978955688625,0,0.16908819344089202,Trung bình,2,11.07,0,1,0,2733,38.34
4603,2025-01-01,2025,Sales,Sales Representative,0,0.07229753849691653,0,0.16908819344089202,Thấp,1,7.23,0,0,1,3920,11.55
4606,2025-01-01,2025,Sales,Sales Executive,0,0.0897587179353692,0,0.16908819344089202,Thấp,1,8.98,0,0,1,3273,26.16
4607,2025-01-01,2025,Sales,Sales Representative,0,0.07985380373784595,0,0.16908819344089202,Thấp,1,7.99,0,0,1,3626,18.19
4608,2025-01-01,2025,Sales,Sales Supervisor,0,0.3301521522029878,1,0.16908819344089202,Cao,3,33.02,1,0,0,220,95.06
4609,2025-01-01,2025,Marketing,Marketing Manager,0,0.1877593980015335,1,0.16908819344089202,Cao,3,18.78,1,0,0,1248,71.86
4610,2025-01-01,2025,Finance,Internal Auditor,0,0.12043885564423668,0,0.16908819344089202,Trung bình,2,12.04,0,1,0,2459,44.53
4612,2025-01-01,2025,Marketing,Marketing Executive,0,0.0855659688194419,0,0.16908819344089202,Thấp,1,8.56,0,0,1,3399,23.31
4614,2025-01-01,2025,Human Resources,HR Executive,0,0.0575870301153205,0,0.16908819344089202,Thấp,1,5.76,0,0,1,4351,1.83
4615,2025-01-01,2025,Marketing,Marketing Manager,0,0.10364950768911871,0,0.16908819344089202,Trung bình,2,10.36,0,1,0,2906,34.44
4616,2025-01-01,2025,Marketing,Content Specialist,0,0.12101243041502215,0,0.16908819344089202,Trung bình,2,12.1,0,1,0,2439,44.98
4617,2025-01-01,2025,Information Technology,System Administrator,0,0.0903094134328589,0,0.16908819344089202,Thấp,1,9.03,0,0,1,3260,26.45
4621,2025-01-01,2025,Information Technology,IT Support,0,0.0994521877049319,0,0.16908819344089202,Thấp,1,9.95,0,0,1,3015,31.98
4622,2025-01-01,2025,Marketing,Content Specialist,0,0.08411920969724695,0,0.16908819344089202,Thấp,1,8.41,0,0,1,3456,22.03
4625,2025-01-01,2025,Marketing,Marketing Executive,0,0.3929269804866834,1,0.16908819344089202,Cao,3,39.29,1,0,0,66,98.53
4626,2025-01-01,2025,Operations,Operations Manager,0,0.13199069268397512,0,0.16908819344089202,Trung bình,2,13.2,0,1,0,2194,50.51
4628,2025-01-01,2025,Information Technology,System Administrator,0,0.13767043425210773,0,0.16908819344089202,Trung bình,2,13.77,0,1,0,2038,54.03
4630,2025-01-01,2025,Operations,Operations Manager,0,0.15572374166463418,0,0.16908819344089202,Trung bình,2,15.57,0,1,0,1688,61.93
4633,2025-01-01,2025,Finance,Accountant,1,0.10764044004669143,0,0.16908819344089202,Trung bình,2,10.76,0,1,0,2823,36.31
4638,2025-01-01,2025,Marketing,Digital Marketing Specialist,1,0.12083850061414544,0,0.16908819344089202,Trung bình,2,12.08,0,1,0,2447,44.8
4639,2025-01-01,2025,Information Technology,System Administrator,0,0.13097402162130148,0,0.16908819344089202,Trung bình,2,13.1,0,1,0,2218,49.97
4640,2025-01-01,2025,Finance,Finance Manager,0,0.0930285908363474,0,0.16908819344089202,Thấp,1,9.3,0,0,1,3161,28.68
4641,2025-01-01,2025,Finance,Financial Analyst,0,0.10213459950650149,0,0.16908819344089202,Trung bình,2,10.21,0,1,0,2949,33.47
4642,2025-01-01,2025,Operations,Warehouse Supervisor,0,0.19567938210891508,1,0.16908819344089202,Cao,3,19.57,1,0,0,1173,73.55
4644,2025-01-01,2025,Operations,Procurement Specialist,0,0.2726731505249963,1,0.16908819344089202,Cao,3,27.27,1,0,0,479,89.21
4650,2025-01-01,2025,Human Resources,HR Executive,0,0.13035406657858445,0,0.16908819344089202,Trung bình,2,13.04,0,1,0,2238,49.51
4651,2025-01-01,2025,Finance,Accountant,0,0.30839614880922656,1,0.16908819344089202,Cao,3,30.84,1,0,0,297,93.32
4652,2025-01-01,2025,Finance,Accountant,0,0.08134962107544236,0,0.16908819344089202,Thấp,1,8.13,0,0,1,3554,19.81
4653,2025-01-01,2025,Marketing,Marketing Manager,0,0.42180575579773416,1,0.16908819344089202,Cao,3,42.18,1,0,0,25,99.46
4659,2025-01-01,2025,Human Resources,C&B Specialist,0,0.06209045894488138,0,0.16908819344089202,Thấp,1,6.21,0,0,1,4242,4.29
4661,2025-01-01,2025,Information Technology,Software Engineer,0,0.13493303528140813,0,0.16908819344089202,Trung bình,2,13.49,0,1,0,2116,52.27
4662,2025-01-01,2025,Information Technology,QA Engineer,1,0.16194227229761923,0,0.16908819344089202,Trung bình,2,16.19,0,1,0,1586,64.23
4663,2025-01-01,2025,Finance,Financial Analyst,0,0.093475706311429,0,0.16908819344089202,Thấp,1,9.35,0,0,1,3152,28.89
4664,2025-01-01,2025,Operations,Operations Manager,0,0.20462115161808733,1,0.16908819344089202,Cao,3,20.46,1,0,0,1096,75.29
4667,2025-01-01,2025,Sales,Sales Representative,0,0.07777327212522081,0,0.16908819344089202,Thấp,1,7.78,0,0,1,3721,16.05
4669,2025-01-01,2025,Marketing,Marketing Executive,0,0.20780967906769626,1,0.16908819344089202,Cao,3,20.78,1,0,0,1058,76.15
4671,2025-01-01,2025,Information Technology,System Administrator,1,0.36496043972517733,1,0.16908819344089202,Cao,3,36.5,1,0,0,119,97.34
4676,2025-01-01,2025,Human Resources,HR Executive,0,0.1530528229770208,0,0.16908819344089202,Trung bình,2,15.31,0,1,0,1734,60.89
4677,2025-01-01,2025,Human Resources,HR Manager,0,0.06968338310170383,0,0.16908819344089202,Thấp,1,6.97,0,0,1,4006,9.61
4679,2025-01-01,2025,Sales,Account Manager,0,0.10740786246840867,0,0.16908819344089202,Trung bình,2,10.74,0,1,0,2832,36.11
4681,2025-01-01,2025,Operations,Operations Manager,0,0.1769423007841177,1,0.16908819344089202,Cao,3,17.69,1,0,0,1380,68.88
4682,2025-01-01,2025,Human Resources,HR Executive,1,0.1352648942057451,0,0.16908819344089202,Trung bình,2,13.53,0,1,0,2105,52.52
4684,2025-01-01,2025,Operations,Operations Executive,0,0.38946354398389454,1,0.16908819344089202,Cao,3,38.95,1,0,0,71,98.42
4685,2025-01-01,2025,Marketing,Marketing Manager,1,0.06494812107872776,0,0.16908819344089202,Thấp,1,6.49,0,0,1,4151,6.34
4686,2025-01-01,2025,Sales,Sales Executive,0,0.22957904936572485,1,0.16908819344089202,Cao,3,22.96,1,0,0,833,81.22
4687,2025-01-01,2025,Marketing,Content Specialist,0,0.10240854915785774,0,0.16908819344089202,Trung bình,2,10.24,0,1,0,2935,33.78
4690,2025-01-01,2025,Marketing,Marketing Manager,0,0.3225530860967226,1,0.16908819344089202,Cao,3,32.26,1,0,0,244,94.52
4693,2025-01-01,2025,Operations,Procurement Specialist,0,0.13880947284942516,0,0.16908819344089202,Trung bình,2,13.88,0,1,0,2011,54.64
4694,2025-01-01,2025,Marketing,Content Specialist,0,0.1030812451227547,0,0.16908819344089202,Trung bình,2,10.31,0,1,0,2918,34.17
4696,2025-01-01,2025,Human Resources,C&B Specialist,0,0.13876290630425092,0,0.16908819344089202,Trung bình,2,13.88,0,1,0,2013,54.59
4704,2025-01-01,2025,Finance,Internal Auditor,0,0.2723608373853591,1,0.16908819344089202,Cao,3,27.24,1,0,0,481,89.17
4705,2025-01-01,2025,Information Technology,System Administrator,0,0.07409705319026576,0,0.16908819344089202,Thấp,1,7.41,0,0,1,3857,12.98
4706,2025-01-01,2025,Human Resources,HR Executive,1,0.24864254322190638,1,0.16908819344089202,Cao,3,24.86,1,0,0,669,84.92
4707,2025-01-01,2025,Information Technology,Software Engineer,0,0.09262729413034478,0,0.16908819344089202,Thấp,1,9.26,0,0,1,3172,28.44
4709,2025-01-01,2025,Sales,Sales Supervisor,0,0.10774026261926636,0,0.16908819344089202,Trung bình,2,10.77,0,1,0,2818,36.43
4710,2025-01-01,2025,Finance,Financial Analyst,0,0.2518026593461977,1,0.16908819344089202,Cao,3,25.18,1,0,0,641,85.56
4711,2025-01-01,2025,Operations,Operations Manager,0,0.21411532471916633,1,0.16908819344089202,Cao,3,21.41,1,0,0,984,77.82
4712,2025-01-01,2025,Finance,Financial Analyst,0,0.11467519803464517,0,0.16908819344089202,Trung bình,2,11.47,0,1,0,2602,41.3
4713,2025-01-01,2025,Marketing,Content Specialist,0,0.14745623684579723,0,0.16908819344089202,Trung bình,2,14.75,0,1,0,1840,58.5
4716,2025-01-01,2025,Human Resources,HR Executive,0,0.14573465883901876,0,0.16908819344089202,Trung bình,2,14.57,0,1,0,1868,57.87
4717,2025-01-01,2025,Sales,Sales Supervisor,1,0.22927102896374,1,0.16908819344089202,Cao,3,22.93,1,0,0,834,81.2
4719,2025-01-01,2025,Marketing,Digital Marketing Specialist,0,0.22563449275395367,1,0.16908819344089202,Cao,3,22.56,1,0,0,861,80.59
4722,2025-01-01,2025,Operations,Warehouse Supervisor,0,0.4666079797083877,1,0.16908819344089202,Cao,3,46.66,1,0,0,7,99.86
4725,2025-01-01,2025,Sales,Sales Executive,0,0.13622530858656967,0,0.16908819344089202,Trung bình,2,13.62,0,1,0,2080,53.08
4727,2025-01-01,2025,Human Resources,C&B Specialist,0,0.12943546047964388,0,0.16908819344089202,Trung bình,2,12.94,0,1,0,2260,49.02
4728,2025-01-01,2025,Sales,Sales Supervisor,0,0.23716014371560984,1,0.16908819344089202,Cao,3,23.72,1,0,0,759,82.89
4729,2025-01-01,2025,Finance,Internal Auditor,0,0.13659129304403644,0,0.16908819344089202,Trung bình,2,13.66,0,1,0,2073,53.24
4730,2025-01-01,2025,Information Technology,Software Engineer,1,0.20224723871463662,1,0.16908819344089202,Cao,3,20.22,1,0,0,1113,74.9
4735,2025-01-01,2025,Information Technology,QA Engineer,0,0.13363953417334912,0,0.16908819344089202,Trung bình,2,13.36,0,1,0,2144,51.64
4736,2025-01-01,2025,Information Technology,System Administrator,0,0.06647359516406194,0,0.16908819344089202,Thấp,1,6.65,0,0,1,4106,7.36
4739,2025-01-01,2025,Human Resources,HR Manager,1,0.09877513266401043,0,0.16908819344089202,Thấp,1,9.88,0,0,1,3034,31.55
4740,2025-01-01,2025,Human Resources,HR Executive,0,0.09397291997701664,0,0.16908819344089202,Thấp,1,9.4,0,0,1,3136,29.25
4741,2025-01-01,2025,Marketing,Marketing Manager,0,0.11547509745330349,0,0.16908819344089202,Trung bình,2,11.55,0,1,0,2583,41.73
4746,2025-01-01,2025,Information Technology,IT Support,0,0.08268568002351011,0,0.16908819344089202,Thấp,1,8.27,0,0,1,3498,21.08
4747,2025-01-01,2025,Operations,Operations Executive,0,0.10876156999843452,0,0.16908819344089202,Trung bình,2,10.88,0,1,0,2784,37.19
4748,2025-01-01,2025,Operations,Warehouse Supervisor,0,0.2011803208053621,1,0.16908819344089202,Cao,3,20.12,1,0,0,1127,74.59
4750,2025-01-01,2025,Finance,Accountant,0,0.06248473711359839,0,0.16908819344089202,Thấp,1,6.25,0,0,1,4230,4.56
4751,2025-01-01,2025,Information Technology,System Administrator,0,0.11665674254223383,0,0.16908819344089202,Trung bình,2,11.67,0,1,0,2543,42.63
4752,2025-01-01,2025,Marketing,Content Specialist,0,0.20056707536396565,1,0.16908819344089202,Cao,3,20.06,1,0,0,1133,74.45
4754,2025-01-01,2025,Finance,Accountant,0,0.2803333029080011,1,0.16908819344089202,Cao,3,28.03,1,0,0,426,90.41
4756,2025-01-01,2025,Sales,Sales Representative,0,0.06567931511812995,0,0.16908819344089202,Thấp,1,6.57,0,0,1,4128,6.86
4757,2025-01-01,2025,Sales,Sales Representative,0,0.40834658888945935,1,0.16908819344089202,Cao,3,40.83,1,0,0,34,99.26
4759,2025-01-01,2025,Marketing,Marketing Executive,1,0.11875272413862288,0,0.16908819344089202,Trung bình,2,11.88,0,1,0,2505,43.49
4764,2025-01-01,2025,Information Technology,System Administrator,0,0.1582414355716826,0,0.16908819344089202,Trung bình,2,15.82,0,1,0,1651,62.76
4767,2025-01-01,2025,Marketing,Digital Marketing Specialist,1,0.331140996087246,1,0.16908819344089202,Cao,3,33.11,1,0,0,214,95.19
4769,2025-01-01,2025,Information Technology,Software Engineer,1,0.21982155953333518,1,0.16908819344089202,Cao,3,21.98,1,0,0,921,79.24
4774,2025-01-01,2025,Sales,Sales Supervisor,0,0.1387669558284713,0,0.16908819344089202,Trung bình,2,13.88,0,1,0,2012,54.62
4775,2025-01-01,2025,Operations,Procurement Specialist,0,0.28120605675337323,1,0.16908819344089202,Cao,3,28.12,1,0,0,420,90.54
4776,2025-01-01,2025,Sales,Account Manager,0,0.1739483515291306,1,0.16908819344089202,Cao,3,17.39,1,0,0,1428,67.8
4778,2025-01-01,2025,Information Technology,Software Engineer,1,0.15778797451363816,0,0.16908819344089202,Trung bình,2,15.78,0,1,0,1658,62.6
4783,2025-01-01,2025,Human Resources,HR Executive,0,0.1403905071856114,0,0.16908819344089202,Trung bình,2,14.04,0,1,0,1970,55.56
4784,2025-01-01,2025,Operations,Operations Manager,0,0.21316563070620106,1,0.16908819344089202,Cao,3,21.32,1,0,0,995,77.57
4785,2025-01-01,2025,Information Technology,IT Support,0,0.2780086778399401,1,0.16908819344089202,Cao,3,27.8,1,0,0,446,89.96
4786,2025-01-01,2025,Human Resources,HR Manager,0,0.10773312109340386,0,0.16908819344089202,Trung bình,2,10.77,0,1,0,2819,36.4
4787,2025-01-01,2025,Sales,Sales Representative,0,0.1042956628865449,0,0.16908819344089202,Trung bình,2,10.43,0,1,0,2895,34.69
4788,2025-01-01,2025,Information Technology,QA Engineer,0,0.1287519025069995,0,0.16908819344089202,Trung bình,2,12.88,0,1,0,2270,48.79
4789,2025-01-01,2025,Sales,Sales Executive,0,0.07852881748129303,0,0.16908819344089202,Thấp,1,7.85,0,0,1,3686,16.84
4792,2025-01-01,2025,Human Resources,HR Executive,0,0.2543116045924243,1,0.16908819344089202,Cao,3,25.43,1,0,0,618,86.08
4800,2025-01-01,2025,Sales,Account Manager,1,0.26763309805994734,1,0.16908819344089202,Cao,3,26.76,1,0,0,517,88.35
4802,2025-01-01,2025,Operations,Operations Executive,0,0.20877691356466188,1,0.16908819344089202,Cao,3,20.88,1,0,0,1047,76.39
4804,2025-01-01,2025,Marketing,Marketing Executive,0,0.14348485417079548,0,0.16908819344089202,Trung bình,2,14.35,0,1,0,1901,57.12
4811,2025-01-01,2025,Sales,Sales Representative,0,0.13454018825577588,0,0.16908819344089202,Trung bình,2,13.45,0,1,0,2123,52.11
4813,2025-01-01,2025,Sales,Account Manager,0,0.11871844308237788,0,0.16908819344089202,Trung bình,2,11.87,0,1,0,2508,43.42
4815,2025-01-01,2025,Sales,Account Manager,0,0.11481181256123724,0,0.16908819344089202,Trung bình,2,11.48,0,1,0,2599,41.37
4816,2025-01-01,2025,Information Technology,System Administrator,0,0.14847760976118424,0,0.16908819344089202,Trung bình,2,14.85,0,1,0,1816,59.04
4821,2025-01-01,2025,Sales,Account Manager,0,0.12040700658367538,0,0.16908819344089202,Trung bình,2,12.04,0,1,0,2461,44.48
4823,2025-01-01,2025,Operations,Operations Manager,1,0.3987809916624997,1,0.16908819344089202,Cao,3,39.88,1,0,0,56,98.76
4824,2025-01-01,2025,Marketing,Digital Marketing Specialist,0,0.11077544312984465,0,0.16908819344089202,Trung bình,2,11.08,0,1,0,2732,38.37
4828,2025-01-01,2025,Information Technology,Data Analyst,0,0.06079292622235586,0,0.16908819344089202,Thấp,1,6.08,0,0,1,4281,3.41
4835,2025-01-01,2025,Human Resources,HR Manager,0,0.078575704685645,0,0.16908819344089202,Thấp,1,7.86,0,0,1,3682,16.93
4841,2025-01-01,2025,Information Technology,Software Engineer,0,0.11688925546100688,0,0.16908819344089202,Trung bình,2,11.69,0,1,0,2538,42.74
4845,2025-01-01,2025,Finance,Accountant,0,0.2444612760637147,1,0.16908819344089202,Cao,3,24.45,1,0,0,705,84.11
4850,2025-01-01,2025,Finance,Finance Manager,0,0.27570140420133393,1,0.16908819344089202,Cao,3,27.57,1,0,0,459,89.66
4852,2025-01-01,2025,Marketing,Marketing Manager,0,0.07888226887885547,0,0.16908819344089202,Thấp,1,7.89,0,0,1,3671,17.17
4855,2025-01-01,2025,Operations,Warehouse Supervisor,0,0.06273590241005539,0,0.16908819344089202,Thấp,1,6.27,0,0,1,4221,4.76
4858,2025-01-01,2025,Marketing,Content Specialist,0,0.10320764848255032,0,0.16908819344089202,Trung bình,2,10.32,0,1,0,2915,34.24
4860,2025-01-01,2025,Sales,Sales Supervisor,1,0.11152485044754229,0,0.16908819344089202,Trung bình,2,11.15,0,1,0,2703,39.02
4863,2025-01-01,2025,Human Resources,Recruiter,0,0.21641734314404062,1,0.16908819344089202,Cao,3,21.64,1,0,0,959,78.38
4866,2025-01-01,2025,Operations,Procurement Specialist,0,0.08323142803648147,0,0.16908819344089202,Thấp,1,8.32,0,0,1,3479,21.51
4867,2025-01-01,2025,Operations,Procurement Specialist,1,0.23797503071442624,1,0.16908819344089202,Cao,3,23.8,1,0,0,749,83.12
4868,2025-01-01,2025,Finance,Accountant,0,0.1983215422727152,1,0.16908819344089202,Cao,3,19.83,1,0,0,1152,74.02
4869,2025-01-01,2025,Information Technology,System Administrator,0,0.1070562186136259,0,0.16908819344089202,Trung bình,2,10.71,0,1,0,2838,35.97
4870,2025-01-01,2025,Finance,Financial Analyst,0,0.2709864115107512,1,0.16908819344089202,Cao,3,27.1,1,0,0,488,89.01
4875,2025-01-01,2025,Information Technology,System Administrator,0,0.13059664402753413,0,0.16908819344089202,Trung bình,2,13.06,0,1,0,2231,49.67
4879,2025-01-01,2025,Human Resources,C&B Specialist,0,0.2137562962603046,1,0.16908819344089202,Cao,3,21.38,1,0,0,991,77.66
4882,2025-01-01,2025,Sales,Sales Executive,0,0.0646658361326966,0,0.16908819344089202,Thấp,1,6.47,0,0,1,4161,6.12
4883,2025-01-01,2025,Marketing,Marketing Manager,1,0.08809652844664823,0,0.16908819344089202,Thấp,1,8.81,0,0,1,3321,25.07
4884,2025-01-01,2025,Sales,Sales Executive,0,0.14726209166420365,0,0.16908819344089202,Trung bình,2,14.73,0,1,0,1844,58.41
4885,2025-01-01,2025,Marketing,Digital Marketing Specialist,0,0.166552829390441,0,0.16908819344089202,Trung bình,2,16.66,0,1,0,1525,65.61
4887,2025-01-01,2025,Operations,Operations Executive,0,0.11112076691909581,0,0.16908819344089202,Trung bình,2,11.11,0,1,0,2718,38.68
4890,2025-01-01,2025,Sales,Sales Representative,0,0.0626669637443225,0,0.16908819344089202,Thấp,1,6.27,0,0,1,4223,4.72
4891,2025-01-01,2025,Sales,Sales Executive,0,0.23486046635026908,1,0.16908819344089202,Cao,3,23.49,1,0,0,780,82.42
4893,2025-01-01,2025,Operations,Operations Executive,1,0.25979295663909513,1,0.16908819344089202,Cao,3,25.98,1,0,0,581,86.91
4894,2025-01-01,2025,Human Resources,C&B Specialist,0,0.07438939379756805,0,0.16908819344089202,Thấp,1,7.44,0,0,1,3845,13.25
4899,2025-01-01,2025,Finance,Financial Analyst,0,0.1474459462347946,0,0.16908819344089202,Trung bình,2,14.74,0,1,0,1841,58.47
4900,2025-01-01,2025,Operations,Operations Manager,0,0.11124956262035585,0,0.16908819344089202,Trung bình,2,11.12,0,1,0,2714,38.77
4901,2025-01-01,2025,Operations,Operations Executive,0,0.23137625753912094,1,0.16908819344089202,Cao,3,23.14,1,0,0,818,81.56
4902,2025-01-01,2025,Human Resources,HR Executive,0,0.12725338793863136,0,0.16908819344089202,Trung bình,2,12.73,0,1,0,2296,48.21
4904,2025-01-01,2025,Human Resources,HR Manager,0,0.16430226827534197,0,0.16908819344089202,Trung bình,2,16.43,0,1,0,1557,64.88
4905,2025-01-01,2025,Information Technology,IT Support,0,0.07200473192704665,0,0.16908819344089202,Thấp,1,7.2,0,0,1,3925,11.44
4907,2025-01-01,2025,Human Resources,HR Executive,0,0.14968237222406303,0,0.16908819344089202,Trung bình,2,14.97,0,1,0,1802,59.35
4910,2025-01-01,2025,Finance,Financial Analyst,0,0.08196806196882117,0,0.16908819344089202,Thấp,1,8.2,0,0,1,3528,20.4
4912,2025-01-01,2025,Marketing,Content Specialist,0,0.12963609504824192,0,0.16908819344089202,Trung bình,2,12.96,0,1,0,2254,49.15
4914,2025-01-01,2025,Finance,Accountant,0,0.07232986391539441,0,0.16908819344089202,Thấp,1,7.23,0,0,1,3919,11.58
4915,2025-01-01,2025,Sales,Sales Supervisor,1,0.3341177122341597,1,0.16908819344089202,Cao,3,33.41,1,0,0,204,95.42
4917,2025-01-01,2025,Operations,Operations Executive,0,0.28044167728763225,1,0.16908819344089202,Cao,3,28.04,1,0,0,425,90.43
4918,2025-01-01,2025,Finance,Internal Auditor,0,0.2329213328091203,1,0.16908819344089202,Cao,3,23.29,1,0,0,801,81.95
4920,2025-01-01,2025,Information Technology,Data Analyst,0,0.07521930440214403,0,0.16908819344089202,Thấp,1,7.52,0,0,1,3816,13.9
4923,2025-01-01,2025,Information Technology,IT Support,0,0.05573593663100245,0,0.16908819344089202,Thấp,1,5.57,0,0,1,4379,1.2
4926,2025-01-01,2025,Human Resources,Recruiter,0,0.1704541068744452,1,0.16908819344089202,Cao,3,17.05,1,0,0,1475,66.73
4927,2025-01-01,2025,Human Resources,HR Executive,0,0.11486458537213741,0,0.16908819344089202,Trung bình,2,11.49,0,1,0,2597,41.41
4928,2025-01-01,2025,Human Resources,HR Manager,0,0.09698179035223803,0,0.16908819344089202,Thấp,1,9.7,0,0,1,3065,30.85
4929,2025-01-01,2025,Marketing,Marketing Manager,1,0.11105406457863577,0,0.16908819344089202,Trung bình,2,11.11,0,1,0,2722,38.59
4930,2025-01-01,2025,Information Technology,Data Analyst,1,0.17107664945517073,1,0.16908819344089202,Cao,3,17.11,1,0,0,1462,67.03
4931,2025-01-01,2025,Sales,Sales Supervisor,0,0.08999002663246636,0,0.16908819344089202,Thấp,1,9.0,0,0,1,3267,26.29
4935,2025-01-01,2025,Operations,Procurement Specialist,0,0.1526564734795682,0,0.16908819344089202,Trung bình,2,15.27,0,1,0,1738,60.8
4936,2025-01-01,2025,Operations,Operations Manager,1,0.08131640727381297,0,0.16908819344089202,Thấp,1,8.13,0,0,1,3555,19.79
4937,2025-01-01,2025,Marketing,Marketing Manager,0,0.13154120298138755,0,0.16908819344089202,Trung bình,2,13.15,0,1,0,2207,50.21
4939,2025-01-01,2025,Finance,Financial Analyst,0,0.11914015815360422,0,0.16908819344089202,Trung bình,2,11.91,0,1,0,2494,43.74
4940,2025-01-01,2025,Marketing,Marketing Executive,0,0.06407350357314687,0,0.16908819344089202,Thấp,1,6.41,0,0,1,4180,5.69
4942,2025-01-01,2025,Human Resources,Recruiter,0,0.21782710080842696,1,0.16908819344089202,Cao,3,21.78,1,0,0,943,78.74
4943,2025-01-01,2025,Marketing,Digital Marketing Specialist,1,0.1798634116301995,1,0.16908819344089202,Cao,3,17.99,1,0,0,1338,69.83
4951,2025-01-01,2025,Finance,Financial Analyst,0,0.17569367669982225,1,0.16908819344089202,Cao,3,17.57,1,0,0,1400,68.43
4953,2025-01-01,2025,Finance,Accountant,0,0.23793013906775162,1,0.16908819344089202,Cao,3,23.79,1,0,0,751,83.07
4956,2025-01-01,2025,Sales,Account Manager,0,0.23406721107224437,1,0.16908819344089202,Cao,3,23.41,1,0,0,792,82.15
4962,2025-01-01,2025,Marketing,Marketing Manager,0,0.17761363327827534,1,0.16908819344089202,Cao,3,17.76,1,0,0,1367,69.17
4964,2025-01-01,2025,Marketing,Marketing Executive,0,0.3167483275892612,1,0.16908819344089202,Cao,3,31.67,1,0,0,263,94.09
4966,2025-01-01,2025,Operations,Warehouse Supervisor,0,0.2571311701400954,1,0.16908819344089202,Cao,3,25.71,1,0,0,598,86.53
4969,2025-01-01,2025,Information Technology,System Administrator,0,0.0791927249053913,0,0.16908819344089202,Thấp,1,7.92,0,0,1,3657,17.49
4970,2025-01-01,2025,Marketing,Marketing Executive,0,0.14496651210468148,0,0.16908819344089202,Trung bình,2,14.5,0,1,0,1876,57.68
4971,2025-01-01,2025,Sales,Sales Executive,0,0.05661893589676577,0,0.16908819344089202,Thấp,1,5.66,0,0,1,4368,1.44
4975,2025-01-01,2025,Sales,Sales Executive,0,0.2318484835359369,1,0.16908819344089202,Cao,3,23.18,1,0,0,813,81.67
4976,2025-01-01,2025,Sales,Account Manager,0,0.07188271576294696,0,0.16908819344089202,Thấp,1,7.19,0,0,1,3935,11.22
4985,2025-01-01,2025,Information Technology,IT Support,0,0.20540356954044392,1,0.16908819344089202,Cao,3,20.54,1,0,0,1090,75.42
4989,2025-01-01,2025,Sales,Account Manager,0,0.0794360293487733,0,0.16908819344089202,Thấp,1,7.94,0,0,1,3647,17.72
4991,2025-01-01,2025,Operations,Operations Executive,0,0.22455669718979365,1,0.16908819344089202,Cao,3,22.46,1,0,0,872,80.34
4994,2025-01-01,2025,Marketing,Digital Marketing Specialist,0,0.08885460264924051,0,0.16908819344089202,Thấp,1,8.89,0,0,1,3296,25.64
5002,2025-01-01,2025,Finance,Financial Analyst,0,0.07843245803565306,0,0.16908819344089202,Thấp,1,7.84,0,0,1,3691,16.72
5003,2025-01-01,2025,Human Resources,Recruiter,0,0.08096059068401944,0,0.16908819344089202,Thấp,1,8.1,0,0,1,3572,19.41
5004,2025-01-01,2025,Information Technology,IT Support,0,0.14438500188350298,0,0.16908819344089202,Trung bình,2,14.44,0,1,0,1885,57.48
5005,2025-01-01,2025,Operations,Procurement Specialist,0,0.21051152472981266,1,0.16908819344089202,Cao,3,21.05,1,0,0,1024,76.91
5007,2025-01-01,2025,Operations,Warehouse Supervisor,0,0.06163985251589123,0,0.16908819344089202,Thấp,1,6.16,0,0,1,4251,4.08
5008,2025-01-01,2025,Finance,Internal Auditor,0,0.0884185848292038,0,0.16908819344089202,Thấp,1,8.84,0,0,1,3310,25.32
5009,2025-01-01,2025,Human Resources,Recruiter,0,0.2727262343200363,1,0.16908819344089202,Cao,3,27.27,1,0,0,478,89.23
5012,2025-01-01,2025,Marketing,Marketing Manager,0,0.05553226281396724,0,0.16908819344089202,Thấp,1,5.55,0,0,1,4387,1.02
5013,2025-01-01,2025,Sales,Sales Executive,0,0.10132190119484331,0,0.16908819344089202,Trung bình,2,10.13,0,1,0,2963,33.15
5014,2025-01-01,2025,Human Resources,C&B Specialist,0,0.08386827141056546,0,0.16908819344089202,Thấp,1,8.39,0,0,1,3465,21.82
5021,2025-01-01,2025,Marketing,Marketing Executive,0,0.07322241574387078,0,0.16908819344089202,Thấp,1,7.32,0,0,1,3896,12.1
5022,2025-01-01,2025,Sales,Sales Executive,0,0.08344515585921054,0,0.16908819344089202,Thấp,1,8.34,0,0,1,3473,21.64
5025,2025-01-01,2025,Marketing,Content Specialist,0,0.06712686986459154,0,0.16908819344089202,Thấp,1,6.71,0,0,1,4085,7.83
5026,2025-01-01,2025,Information Technology,QA Engineer,0,0.1129983919691563,0,0.16908819344089202,Trung bình,2,11.3,0,1,0,2659,40.01
5029,2025-01-01,2025,Human Resources,HR Manager,0,0.0805929114246074,0,0.16908819344089202,Thấp,1,8.06,0,0,1,3591,18.98
5031,2025-01-01,2025,Sales,Sales Representative,0,0.09614556667749193,0,0.16908819344089202,Thấp,1,9.61,0,0,1,3087,30.35
5033,2025-01-01,2025,Finance,Internal Auditor,0,0.153271300469304,0,0.16908819344089202,Trung bình,2,15.33,0,1,0,1731,60.96
5035,2025-01-01,2025,Marketing,Marketing Executive,0,0.21797122152909362,1,0.16908819344089202,Cao,3,21.8,1,0,0,942,78.76
5036,2025-01-01,2025,Finance,Finance Manager,0,0.09037124129317163,0,0.16908819344089202,Thấp,1,9.04,0,0,1,3257,26.52
5037,2025-01-01,2025,Sales,Sales Executive,0,0.08422424944011798,0,0.16908819344089202,Thấp,1,8.42,0,0,1,3448,22.21
5038,2025-01-01,2025,Information Technology,System Administrator,1,0.2788915890766285,1,0.16908819344089202,Cao,3,27.89,1,0,0,436,90.18
5039,2025-01-01,2025,Finance,Accountant,0,0.16142631805327595,0,0.16908819344089202,Trung bình,2,16.14,0,1,0,1594,64.05
5042,2025-01-01,2025,Operations,Procurement Specialist,0,0.08398283582379279,0,0.16908819344089202,Thấp,1,8.4,0,0,1,3461,21.91
5045,2025-01-01,2025,Information Technology,System Administrator,0,0.10889785954837393,0,0.16908819344089202,Trung bình,2,10.89,0,1,0,2780,37.28
5046,2025-01-01,2025,Human Resources,Recruiter,1,0.13053442920378605,0,0.16908819344089202,Trung bình,2,13.05,0,1,0,2234,49.61
5048,2025-01-01,2025,Operations,Procurement Specialist,1,0.21511094484649892,1,0.16908819344089202,Cao,3,21.51,1,0,0,974,78.04
5049,2025-01-01,2025,Marketing,Marketing Manager,0,0.14389209673546907,0,0.16908819344089202,Trung bình,2,14.39,0,1,0,1894,57.28
5052,2025-01-01,2025,Human Resources,HR Executive,0,0.21421017252230945,1,0.16908819344089202,Cao,3,21.42,1,0,0,982,77.86
5053,2025-01-01,2025,Finance,Internal Auditor,0,0.08264415337251528,0,0.16908819344089202,Thấp,1,8.26,0,0,1,3502,20.99
5054,2025-01-01,2025,Information Technology,QA Engineer,0,0.3867512171801759,1,0.16908819344089202,Cao,3,38.68,1,0,0,74,98.35
5056,2025-01-01,2025,Human Resources,C&B Specialist,0,0.09110319568314251,0,0.16908819344089202,Thấp,1,9.11,0,0,1,3228,27.17
5058,2025-01-01,2025,Information Technology,Data Analyst,0,0.19838021761652652,1,0.16908819344089202,Cao,3,19.84,1,0,0,1151,74.05
5059,2025-01-01,2025,Operations,Warehouse Supervisor,1,0.12984801553684996,0,0.16908819344089202,Trung bình,2,12.98,0,1,0,2246,49.33
5064,2025-01-01,2025,Marketing,Content Specialist,0,0.10539293139741246,0,0.16908819344089202,Trung bình,2,10.54,0,1,0,2873,35.18
5068,2025-01-01,2025,Information Technology,Software Engineer,0,0.1524589605112145,0,0.16908819344089202,Trung bình,2,15.25,0,1,0,1742,60.71
5069,2025-01-01,2025,Operations,Procurement Specialist,0,0.08674083902315505,0,0.16908819344089202,Thấp,1,8.67,0,0,1,3361,24.17
5075,2025-01-01,2025,Operations,Warehouse Supervisor,0,0.16727396027156366,0,0.16908819344089202,Trung bình,2,16.73,0,1,0,1514,65.85
5077,2025-01-01,2025,Finance,Financial Analyst,1,0.17703005577440692,1,0.16908819344089202,Cao,3,17.7,1,0,0,1378,68.92
5079,2025-01-01,2025,Finance,Financial Analyst,0,0.24858893644486618,1,0.16908819344089202,Cao,3,24.86,1,0,0,671,84.88
5082,2025-01-01,2025,Information Technology,IT Support,0,0.07103414744599625,0,0.16908819344089202,Thấp,1,7.1,0,0,1,3964,10.56
5084,2025-01-01,2025,Human Resources,HR Manager,0,0.10231518138742765,0,0.16908819344089202,Trung bình,2,10.23,0,1,0,2941,33.65
5086,2025-01-01,2025,Finance,Financial Analyst,0,0.06933839507396297,0,0.16908819344089202,Thấp,1,6.93,0,0,1,4018,9.34
5087,2025-01-01,2025,Information Technology,QA Engineer,1,0.1607035621592414,0,0.16908819344089202,Trung bình,2,16.07,0,1,0,1608,63.73
5088,2025-01-01,2025,Information Technology,IT Support,0,0.07397564280716476,0,0.16908819344089202,Thấp,1,7.4,0,0,1,3864,12.82
5093,2025-01-01,2025,Information Technology,Data Analyst,1,0.2218275905399517,1,0.16908819344089202,Cao,3,22.18,1,0,0,899,79.73
5094,2025-01-01,2025,Marketing,Marketing Manager,0,0.10948245340495232,0,0.16908819344089202,Trung bình,2,10.95,0,1,0,2765,37.62
5098,2025-01-01,2025,Sales,Account Manager,0,0.21287054067435204,1,0.16908819344089202,Cao,3,21.29,1,0,0,999,77.48
5099,2025-01-01,2025,Sales,Sales Representative,0,0.11147405772338334,0,0.16908819344089202,Trung bình,2,11.15,0,1,0,2705,38.98
5101,2025-01-01,2025,Operations,Procurement Specialist,0,0.18568049742476644,1,0.16908819344089202,Cao,3,18.57,1,0,0,1274,71.27
5103,2025-01-01,2025,Marketing,Digital Marketing Specialist,0,0.0906470002035943,0,0.16908819344089202,Thấp,1,9.06,0,0,1,3244,26.81
5106,2025-01-01,2025,Sales,Sales Supervisor,0,0.0926354039824973,0,0.16908819344089202,Thấp,1,9.26,0,0,1,3171,28.46
5107,2025-01-01,2025,Human Resources,Recruiter,0,0.13968164931239357,0,0.16908819344089202,Trung bình,2,13.97,0,1,0,1983,55.27
5109,2025-01-01,2025,Human Resources,HR Manager,0,0.12319471386910268,0,0.16908819344089202,Trung bình,2,12.32,0,1,0,2378,46.36
5115,2025-01-01,2025,Marketing,Marketing Executive,0,0.12318199520689914,0,0.16908819344089202,Trung bình,2,12.32,0,1,0,2379,46.33
5117,2025-01-01,2025,Information Technology,Software Engineer,0,0.11555059069839596,0,0.16908819344089202,Trung bình,2,11.56,0,1,0,2580,41.8
5118,2025-01-01,2025,Information Technology,Software Engineer,0,0.32925656364822464,1,0.16908819344089202,Cao,3,32.93,1,0,0,222,95.01
5119,2025-01-01,2025,Sales,Sales Executive,0,0.3328207572751367,1,0.16908819344089202,Cao,3,33.28,1,0,0,208,95.33
5120,2025-01-01,2025,Information Technology,IT Support,0,0.11487131520913266,0,0.16908819344089202,Trung bình,2,11.49,0,1,0,2596,41.44
5121,2025-01-01,2025,Operations,Operations Executive,0,0.09425112867103796,0,0.16908819344089202,Thấp,1,9.43,0,0,1,3131,29.36
5126,2025-01-01,2025,Finance,Accountant,0,0.19278766725642715,1,0.16908819344089202,Cao,3,19.28,1,0,0,1198,72.99
5127,2025-01-01,2025,Sales,Sales Representative,0,0.08201181543624424,0,0.16908819344089202,Thấp,1,8.2,0,0,1,3526,20.45
5128,2025-01-01,2025,Finance,Internal Auditor,1,0.2891760619409367,1,0.16908819344089202,Cao,3,28.92,1,0,0,378,91.49
5129,2025-01-01,2025,Operations,Procurement Specialist,0,0.07462601898446296,0,0.16908819344089202,Thấp,1,7.46,0,0,1,3837,13.43
5131,2025-01-01,2025,Human Resources,HR Manager,0,0.12646025374578554,0,0.16908819344089202,Trung bình,2,12.65,0,1,0,2309,47.91
5132,2025-01-01,2025,Marketing,Content Specialist,0,0.13742891018605097,0,0.16908819344089202,Trung bình,2,13.74,0,1,0,2047,53.83
5135,2025-01-01,2025,Operations,Operations Manager,0,0.1148512747511037,0,0.16908819344089202,Trung bình,2,11.49,0,1,0,2598,41.39
5138,2025-01-01,2025,Marketing,Digital Marketing Specialist,1,0.1942195292584969,1,0.16908819344089202,Cao,3,19.42,1,0,0,1191,73.14
5139,2025-01-01,2025,Marketing,Digital Marketing Specialist,0,0.07995289244901907,0,0.16908819344089202,Thấp,1,8.0,0,0,1,3620,18.33
5140,2025-01-01,2025,Information Technology,Software Engineer,0,0.1347628995295425,0,0.16908819344089202,Trung bình,2,13.48,0,1,0,2119,52.2
5141,2025-01-01,2025,Finance,Accountant,1,0.2334828600323813,1,0.16908819344089202,Cao,3,23.35,1,0,0,797,82.04
5143,2025-01-01,2025,Marketing,Digital Marketing Specialist,0,0.13113353728372754,0,0.16908819344089202,Trung bình,2,13.11,0,1,0,2217,49.99
5144,2025-01-01,2025,Sales,Sales Representative,0,0.09431014892657909,0,0.16908819344089202,Thấp,1,9.43,0,0,1,3129,29.41
5148,2025-01-01,2025,Marketing,Marketing Executive,0,0.08956992563936862,0,0.16908819344089202,Thấp,1,8.96,0,0,1,3280,26.0
5149,2025-01-01,2025,Marketing,Content Specialist,0,0.11720590966762034,0,0.16908819344089202,Trung bình,2,11.72,0,1,0,2528,42.97
5151,2025-01-01,2025,Operations,Warehouse Supervisor,1,0.2951820304285531,1,0.16908819344089202,Cao,3,29.52,1,0,0,352,92.08
5152,2025-01-01,2025,Operations,Operations Manager,0,0.07805547343843014,0,0.16908819344089202,Thấp,1,7.81,0,0,1,3707,16.36
5155,2025-01-01,2025,Sales,Sales Supervisor,0,0.19327082423854092,1,0.16908819344089202,Cao,3,19.33,1,0,0,1196,73.03
5156,2025-01-01,2025,Human Resources,HR Executive,0,0.07970880825714619,0,0.16908819344089202,Thấp,1,7.97,0,0,1,3635,17.99
5157,2025-01-01,2025,Marketing,Marketing Executive,0,0.054256471364287684,0,0.16908819344089202,Thấp,1,5.43,0,0,1,4403,0.65
5158,2025-01-01,2025,Operations,Warehouse Supervisor,0,0.13148909134150372,0,0.16908819344089202,Trung bình,2,13.15,0,1,0,2208,50.19
5159,2025-01-01,2025,Marketing,Digital Marketing Specialist,0,0.11103219637472586,0,0.16908819344089202,Trung bình,2,11.1,0,1,0,2723,38.57
5161,2025-01-01,2025,Finance,Internal Auditor,0,0.10015252406280212,0,0.16908819344089202,Thấp,1,10.02,0,0,1,2995,32.43
5164,2025-01-01,2025,Information Technology,Software Engineer,0,0.07080771890165276,0,0.16908819344089202,Thấp,1,7.08,0,0,1,3973,10.36
5165,2025-01-01,2025,Marketing,Digital Marketing Specialist,0,0.22266755549532236,1,0.16908819344089202,Cao,3,22.27,1,0,0,894,79.85
5168,2025-01-01,2025,Sales,Sales Executive,0,0.082281413384308,0,0.16908819344089202,Thấp,1,8.23,0,0,1,3516,20.67
5174,2025-01-01,2025,Information Technology,QA Engineer,1,0.2054429331226521,1,0.16908819344089202,Cao,3,20.54,1,0,0,1089,75.45
5175,2025-01-01,2025,Marketing,Marketing Executive,0,0.06792792250298033,0,0.16908819344089202,Thấp,1,6.79,0,0,1,4062,8.35
5176,2025-01-01,2025,Marketing,Content Specialist,0,0.05997748390330868,0,0.16908819344089202,Thấp,1,6.0,0,0,1,4297,3.05
5178,2025-01-01,2025,Operations,Warehouse Supervisor,0,0.11995109157604328,0,0.16908819344089202,Trung bình,2,12.0,0,1,0,2474,44.19
5179,2025-01-01,2025,Sales,Sales Representative,1,0.05581800424488054,0,0.16908819344089202,Thấp,1,5.58,0,0,1,4375,1.29
5181,2025-01-01,2025,Information Technology,IT Support,0,0.07256400629523645,0,0.16908819344089202,Thấp,1,7.26,0,0,1,3913,11.71
5182,2025-01-01,2025,Marketing,Content Specialist,0,0.18565488175562098,1,0.16908819344089202,Cao,3,18.57,1,0,0,1275,71.25
5185,2025-01-01,2025,Sales,Account Manager,0,0.1133834328834796,0,0.16908819344089202,Trung bình,2,11.34,0,1,0,2645,40.33
5190,2025-01-01,2025,Finance,Finance Manager,0,0.09888736881418302,0,0.16908819344089202,Thấp,1,9.89,0,0,1,3030,31.64
5193,2025-01-01,2025,Sales,Sales Supervisor,0,0.07488445742408255,0,0.16908819344089202,Thấp,1,7.49,0,0,1,3823,13.74
5204,2025-01-01,2025,Human Resources,Recruiter,1,0.23585385355009747,1,0.16908819344089202,Cao,3,23.59,1,0,0,770,82.65
5205,2025-01-01,2025,Finance,Accountant,0,0.34925659562022887,1,0.16908819344089202,Cao,3,34.93,1,0,0,156,96.5
5209,2025-01-01,2025,Operations,Operations Manager,1,0.2607315139235786,1,0.16908819344089202,Cao,3,26.07,1,0,0,573,87.09
5213,2025-01-01,2025,Operations,Operations Executive,0,0.09135942235406301,0,0.16908819344089202,Thấp,1,9.14,0,0,1,3218,27.4
5214,2025-01-01,2025,Information Technology,System Administrator,0,0.08734406774852518,0,0.16908819344089202,Thấp,1,8.73,0,0,1,3335,24.76
5215,2025-01-01,2025,Finance,Internal Auditor,0,0.24742188782805646,1,0.16908819344089202,Cao,3,24.74,1,0,0,682,84.63
5216,2025-01-01,2025,Marketing,Digital Marketing Specialist,0,0.16362127950414784,0,0.16908819344089202,Trung bình,2,16.36,0,1,0,1566,64.68
5218,2025-01-01,2025,Finance,Finance Manager,0,0.08272305830364736,0,0.16908819344089202,Thấp,1,8.27,0,0,1,3496,21.12
5222,2025-01-01,2025,Finance,Financial Analyst,0,0.21559506379620938,1,0.16908819344089202,Cao,3,21.56,1,0,0,970,78.13
5223,2025-01-01,2025,Information Technology,IT Support,0,0.05780981738285817,0,0.16908819344089202,Thấp,1,5.78,0,0,1,4346,1.94
5226,2025-01-01,2025,Finance,Financial Analyst,0,0.1394322998541309,0,0.16908819344089202,Trung bình,2,13.94,0,1,0,1996,54.98
5227,2025-01-01,2025,Information Technology,System Administrator,0,0.09616881155542215,0,0.16908819344089202,Thấp,1,9.62,0,0,1,3086,30.38
5229,2025-01-01,2025,Finance,Financial Analyst,0,0.1328081314408412,0,0.16908819344089202,Trung bình,2,13.28,0,1,0,2167,51.12
5230,2025-01-01,2025,Human Resources,Recruiter,1,0.07535091184764384,0,0.16908819344089202,Thấp,1,7.54,0,0,1,3806,14.13
5231,2025-01-01,2025,Information Technology,IT Support,0,0.21885521430735475,1,0.16908819344089202,Cao,3,21.89,1,0,0,936,78.9
5232,2025-01-01,2025,Finance,Finance Manager,0,0.06328765872354994,0,0.16908819344089202,Thấp,1,6.33,0,0,1,4205,5.12
5233,2025-01-01,2025,Information Technology,IT Support,1,0.33623204439563437,1,0.16908819344089202,Cao,3,33.62,1,0,0,197,95.58
5234,2025-01-01,2025,Information Technology,System Administrator,0,0.15179971978393755,0,0.16908819344089202,Trung bình,2,15.18,0,1,0,1756,60.39
5237,2025-01-01,2025,Sales,Sales Executive,1,0.2706461388734878,1,0.16908819344089202,Cao,3,27.06,1,0,0,491,88.94
5240,2025-01-01,2025,Sales,Sales Executive,0,0.11583883526773647,0,0.16908819344089202,Trung bình,2,11.58,0,1,0,2568,42.07
5242,2025-01-01,2025,Human Resources,Recruiter,0,0.07895416297659637,0,0.16908819344089202,Thấp,1,7.9,0,0,1,3669,17.22
5243,2025-01-01,2025,Finance,Finance Manager,0,0.23500985635919983,1,0.16908819344089202,Cao,3,23.5,1,0,0,779,82.44
5244,2025-01-01,2025,Human Resources,Recruiter,1,0.08110975283414998,0,0.16908819344089202,Thấp,1,8.11,0,0,1,3567,19.52
5245,2025-01-01,2025,Information Technology,System Administrator,0,0.07972745243457073,0,0.16908819344089202,Thấp,1,7.97,0,0,1,3634,18.01
5246,2025-01-01,2025,Finance,Accountant,0,0.13353957188963353,0,0.16908819344089202,Trung bình,2,13.35,0,1,0,2147,51.57
5247,2025-01-01,2025,Operations,Operations Executive,0,0.170551967427475,1,0.16908819344089202,Cao,3,17.06,1,0,0,1472,66.8
5248,2025-01-01,2025,Operations,Warehouse Supervisor,0,0.0974000781676123,0,0.16908819344089202,Thấp,1,9.74,0,0,1,3059,30.99
5249,2025-01-01,2025,Sales,Account Manager,0,0.10976532704293705,0,0.16908819344089202,Trung bình,2,10.98,0,1,0,2756,37.82
5250,2025-01-01,2025,Finance,Internal Auditor,0,0.06090394015306826,0,0.16908819344089202,Thấp,1,6.09,0,0,1,4277,3.5
5251,2025-01-01,2025,Finance,Finance Manager,0,0.060125262723143474,0,0.16908819344089202,Thấp,1,6.01,0,0,1,4295,3.09
5252,2025-01-01,2025,Operations,Procurement Specialist,0,0.1381224358349254,0,0.16908819344089202,Trung bình,2,13.81,0,1,0,2030,54.21
5253,2025-01-01,2025,Information Technology,IT Support,0,0.1116163363528008,0,0.16908819344089202,Trung bình,2,11.16,0,1,0,2700,39.09
5255,2025-01-01,2025,Information Technology,QA Engineer,0,0.14104220435508358,0,0.16908819344089202,Trung bình,2,14.1,0,1,0,1956,55.88
5256,2025-01-01,2025,Information Technology,Software Engineer,1,0.1072407428696775,0,0.16908819344089202,Trung bình,2,10.72,0,1,0,2834,36.06
5257,2025-01-01,2025,Marketing,Marketing Manager,0,0.09943398766211607,0,0.16908819344089202,Thấp,1,9.94,0,0,1,3018,31.91
5261,2025-01-01,2025,Human Resources,Recruiter,1,0.12829908125000763,0,0.16908819344089202,Trung bình,2,12.83,0,1,0,2277,48.63
5265,2025-01-01,2025,Sales,Account Manager,0,0.11643010472142294,0,0.16908819344089202,Trung bình,2,11.64,0,1,0,2551,42.45
5266,2025-01-01,2025,Marketing,Marketing Manager,0,0.09040511992776533,0,0.16908819344089202,Thấp,1,9.04,0,0,1,3256,26.54
5268,2025-01-01,2025,Finance,Finance Manager,0,0.07635930111196981,0,0.16908819344089202,Thấp,1,7.64,0,0,1,3773,14.87
5282,2025-01-01,2025,Human Resources,HR Manager,0,0.11222748149475914,0,0.16908819344089202,Trung bình,2,11.22,0,1,0,2681,39.52
5284,2025-01-01,2025,Operations,Operations Manager,0,0.10176316496813108,0,0.16908819344089202,Trung bình,2,10.18,0,1,0,2955,33.33
5291,2025-01-01,2025,Sales,Sales Representative,1,0.4709409956640929,1,0.16908819344089202,Cao,3,47.09,1,0,0,6,99.89
5292,2025-01-01,2025,Sales,Sales Executive,0,0.19720597272044868,1,0.16908819344089202,Cao,3,19.72,1,0,0,1162,73.8
5293,2025-01-01,2025,Information Technology,Data Analyst,0,0.15917107322094542,0,0.16908819344089202,Trung bình,2,15.92,0,1,0,1633,63.17
5294,2025-01-01,2025,Human Resources,HR Executive,0,0.07976431377658096,0,0.16908819344089202,Thấp,1,7.98,0,0,1,3632,18.05
5295,2025-01-01,2025,Marketing,Content Specialist,1,0.06999493022953623,0,0.16908819344089202,Thấp,1,7.0,0,0,1,3997,9.82
5306,2025-01-01,2025,Sales,Account Manager,1,0.4081097695589552,1,0.16908819344089202,Cao,3,40.81,1,0,0,36,99.21
5308,2025-01-01,2025,Operations,Operations Executive,0,0.13175058862901892,0,0.16908819344089202,Trung bình,2,13.18,0,1,0,2201,50.35
5310,2025-01-01,2025,Sales,Sales Representative,0,0.17659067383010013,1,0.16908819344089202,Cao,3,17.66,1,0,0,1386,68.74
5314,2025-01-01,2025,Marketing,Content Specialist,1,0.14577745291218178,0,0.16908819344089202,Trung bình,2,14.58,0,1,0,1866,57.91
5320,2025-01-01,2025,Operations,Warehouse Supervisor,0,0.37436339529247414,1,0.16908819344089202,Cao,3,37.44,1,0,0,96,97.86
5321,2025-01-01,2025,Finance,Finance Manager,0,0.10691396693081681,0,0.16908819344089202,Trung bình,2,10.69,0,1,0,2845,35.82
5323,2025-01-01,2025,Information Technology,IT Support,0,0.25252088360954594,1,0.16908819344089202,Cao,3,25.25,1,0,0,633,85.74
5324,2025-01-01,2025,Human Resources,Recruiter,0,0.10794421024296286,0,0.16908819344089202,Trung bình,2,10.79,0,1,0,2813,36.54
5325,2025-01-01,2025,Sales,Sales Supervisor,0,0.0806623064072785,0,0.16908819344089202,Thấp,1,8.07,0,0,1,3589,19.03
5326,2025-01-01,2025,Marketing,Marketing Executive,0,0.13612013441485765,0,0.16908819344089202,Trung bình,2,13.61,0,1,0,2084,52.99
5331,2025-01-01,2025,Finance,Accountant,0,0.26259597729143247,1,0.16908819344089202,Cao,3,26.26,1,0,0,561,87.36
5333,2025-01-01,2025,Marketing,Marketing Executive,0,0.29106153160555864,1,0.16908819344089202,Cao,3,29.11,1,0,0,368,91.72
5335,2025-01-01,2025,Sales,Sales Representative,0,0.12354119294398373,0,0.16908819344089202,Trung bình,2,12.35,0,1,0,2370,46.54
5336,2025-01-01,2025,Human Resources,C&B Specialist,1,0.12849333894815487,0,0.16908819344089202,Trung bình,2,12.85,0,1,0,2274,48.7
5337,2025-01-01,2025,Information Technology,Data Analyst,1,0.12531224816374872,0,0.16908819344089202,Trung bình,2,12.53,0,1,0,2329,47.46
5338,2025-01-01,2025,Finance,Finance Manager,0,0.11157160319526575,0,0.16908819344089202,Trung bình,2,11.16,0,1,0,2702,39.04
5339,2025-01-01,2025,Information Technology,IT Support,0,0.18911739424604096,1,0.16908819344089202,Cao,3,18.91,1,0,0,1238,72.08
5340,2025-01-01,2025,Operations,Procurement Specialist,1,0.08841766324339422,0,0.16908819344089202,Thấp,1,8.84,0,0,1,3312,25.28
5343,2025-01-01,2025,Marketing,Content Specialist,1,0.26632173821086685,1,0.16908819344089202,Cao,3,26.63,1,0,0,525,88.17
5344,2025-01-01,2025,Information Technology,IT Support,0,0.2806940868711215,1,0.16908819344089202,Cao,3,28.07,1,0,0,422,90.5
5346,2025-01-01,2025,Operations,Procurement Specialist,0,0.10287490560600678,0,0.16908819344089202,Trung bình,2,10.29,0,1,0,2922,34.08
5348,2025-01-01,2025,Marketing,Marketing Manager,0,0.061024925657671286,0,0.16908819344089202,Thấp,1,6.1,0,0,1,4267,3.72
5349,2025-01-01,2025,Sales,Sales Executive,1,0.1561596454059792,0,0.16908819344089202,Trung bình,2,15.62,0,1,0,1682,62.06
5352,2025-01-01,2025,Finance,Accountant,0,0.08421395860348412,0,0.16908819344089202,Thấp,1,8.42,0,0,1,3450,22.16
5354,2025-01-01,2025,Marketing,Content Specialist,0,0.07395175358163518,0,0.16908819344089202,Thấp,1,7.4,0,0,1,3866,12.77
5356,2025-01-01,2025,Marketing,Marketing Manager,0,0.0938745472341926,0,0.16908819344089202,Thấp,1,9.39,0,0,1,3141,29.14
5357,2025-01-01,2025,Human Resources,HR Executive,0,0.10638284023668182,0,0.16908819344089202,Trung bình,2,10.64,0,1,0,2859,35.5
5359,2025-01-01,2025,Sales,Sales Executive,1,0.22691957071048813,1,0.16908819344089202,Cao,3,22.69,1,0,0,851,80.82
5364,2025-01-01,2025,Operations,Procurement Specialist,0,0.254693935650087,1,0.16908819344089202,Cao,3,25.47,1,0,0,612,86.21
5365,2025-01-01,2025,Operations,Operations Executive,0,0.09513094582900844,0,0.16908819344089202,Thấp,1,9.51,0,0,1,3112,29.79
5367,2025-01-01,2025,Human Resources,C&B Specialist,0,0.08571036268839215,0,0.16908819344089202,Thấp,1,8.57,0,0,1,3391,23.49
5368,2025-01-01,2025,Operations,Procurement Specialist,0,0.09642224414972406,0,0.16908819344089202,Thấp,1,9.64,0,0,1,3075,30.63
5370,2025-01-01,2025,Finance,Accountant,0,0.18102329156560362,1,0.16908819344089202,Cao,3,18.1,1,0,0,1320,70.23
5371,2025-01-01,2025,Information Technology,Software Engineer,0,0.17069087130855554,1,0.16908819344089202,Cao,3,17.07,1,0,0,1468,66.89
5373,2025-01-01,2025,Information Technology,IT Support,1,0.4010113542946491,1,0.16908819344089202,Cao,3,40.1,1,0,0,53,98.83
5376,2025-01-01,2025,Marketing,Marketing Executive,0,0.10231962279273993,0,0.16908819344089202,Trung bình,2,10.23,0,1,0,2940,33.67
5377,2025-01-01,2025,Human Resources,Recruiter,0,0.07652633023599542,0,0.16908819344089202,Thấp,1,7.65,0,0,1,3766,15.03
5381,2025-01-01,2025,Information Technology,Data Analyst,0,0.08642851723047884,0,0.16908819344089202,Thấp,1,8.64,0,0,1,3373,23.9
5382,2025-01-01,2025,Operations,Procurement Specialist,1,0.13264583892321535,0,0.16908819344089202,Trung bình,2,13.26,0,1,0,2172,51.0
5383,2025-01-01,2025,Operations,Operations Manager,0,0.07874383667827062,0,0.16908819344089202,Thấp,1,7.87,0,0,1,3677,17.04
5384,2025-01-01,2025,Marketing,Marketing Executive,0,0.05373685171696309,0,0.16908819344089202,Thấp,1,5.37,0,0,1,4411,0.47
5385,2025-01-01,2025,Operations,Operations Manager,0,0.12016641892220051,0,0.16908819344089202,Trung bình,2,12.02,0,1,0,2468,44.32
5387,2025-01-01,2025,Finance,Internal Auditor,0,0.07274335718726817,0,0.16908819344089202,Thấp,1,7.27,0,0,1,3907,11.85
5388,2025-01-01,2025,Human Resources,HR Executive,1,0.06635568656649099,0,0.16908819344089202,Thấp,1,6.64,0,0,1,4111,7.24
5392,2025-01-01,2025,Human Resources,HR Executive,0,0.08895718152244979,0,0.16908819344089202,Thấp,1,8.9,0,0,1,3295,25.66
5394,2025-01-01,2025,Finance,Financial Analyst,1,0.2558508395338346,1,0.16908819344089202,Cao,3,25.59,1,0,0,604,86.39
5395,2025-01-01,2025,Information Technology,QA Engineer,0,0.08110556456030592,0,0.16908819344089202,Thấp,1,8.11,0,0,1,3568,19.5
5397,2025-01-01,2025,Human Resources,HR Manager,0,0.1359350793704922,0,0.16908819344089202,Trung bình,2,13.59,0,1,0,2089,52.88
5399,2025-01-01,2025,Sales,Account Manager,0,0.23114374184126954,1,0.16908819344089202,Cao,3,23.11,1,0,0,819,81.54
5400,2025-01-01,2025,Sales,Sales Representative,0,0.17853219975349183,1,0.16908819344089202,Cao,3,17.85,1,0,0,1353,69.49
5402,2025-01-01,2025,Sales,Sales Executive,0,0.07426284655987044,0,0.16908819344089202,Thấp,1,7.43,0,0,1,3851,13.11
5404,2025-01-01,2025,Sales,Sales Executive,0,0.08491547709875091,0,0.16908819344089202,Thấp,1,8.49,0,0,1,3430,22.61
5406,2025-01-01,2025,Marketing,Marketing Executive,0,0.10932969563200369,0,0.16908819344089202,Trung bình,2,10.93,0,1,0,2770,37.51
5407,2025-01-01,2025,Human Resources,HR Manager,0,0.12122400172477929,0,0.16908819344089202,Trung bình,2,12.12,0,1,0,2434,45.09
5419,2025-01-01,2025,Information Technology,Data Analyst,0,0.31370858622160513,1,0.16908819344089202,Cao,3,31.37,1,0,0,283,93.64
5423,2025-01-01,2025,Human Resources,C&B Specialist,0,0.05397673733148846,0,0.16908819344089202,Thấp,1,5.4,0,0,1,4408,0.54
5427,2025-01-01,2025,Information Technology,IT Support,0,0.09153047702929647,0,0.16908819344089202,Thấp,1,9.15,0,0,1,3211,27.56
5430,2025-01-01,2025,Sales,Sales Representative,0,0.189767165877023,1,0.16908819344089202,Cao,3,18.98,1,0,0,1232,72.22
5433,2025-01-01,2025,Information Technology,Software Engineer,0,0.05400649043524009,0,0.16908819344089202,Thấp,1,5.4,0,0,1,4407,0.56
5438,2025-01-01,2025,Information Technology,System Administrator,0,0.09789825885435542,0,0.16908819344089202,Thấp,1,9.79,0,0,1,3053,31.12
5439,2025-01-01,2025,Finance,Accountant,0,0.18562905573039556,1,0.16908819344089202,Cao,3,18.56,1,0,0,1276,71.23
5440,2025-01-01,2025,Sales,Sales Representative,0,0.2507269206235191,1,0.16908819344089202,Cao,3,25.07,1,0,0,645,85.47
5441,2025-01-01,2025,Finance,Internal Auditor,0,0.06429190492505642,0,0.16908819344089202,Thấp,1,6.43,0,0,1,4173,5.85
5442,2025-01-01,2025,Information Technology,QA Engineer,1,0.16422084389927408,0,0.16908819344089202,Trung bình,2,16.42,0,1,0,1558,64.86
5444,2025-01-01,2025,Finance,Finance Manager,0,0.06690155770124771,0,0.16908819344089202,Thấp,1,6.69,0,0,1,4092,7.67
5447,2025-01-01,2025,Marketing,Marketing Manager,0,0.05984473113142857,0,0.16908819344089202,Thấp,1,5.98,0,0,1,4303,2.91
5449,2025-01-01,2025,Operations,Warehouse Supervisor,0,0.06889348253733191,0,0.16908819344089202,Thấp,1,6.89,0,0,1,4031,9.05
5452,2025-01-01,2025,Sales,Account Manager,0,0.15717251990607892,0,0.16908819344089202,Trung bình,2,15.72,0,1,0,1666,62.42
5453,2025-01-01,2025,Marketing,Digital Marketing Specialist,0,0.28422602937624275,1,0.16908819344089202,Cao,3,28.42,1,0,0,402,90.95
5454,2025-01-01,2025,Finance,Accountant,0,0.23065349789761788,1,0.16908819344089202,Cao,3,23.07,1,0,0,824,81.43
5455,2025-01-01,2025,Sales,Sales Executive,1,0.14845639165682759,0,0.16908819344089202,Trung bình,2,14.85,0,1,0,1817,59.02
5456,2025-01-01,2025,Marketing,Content Specialist,0,0.09202363510931885,0,0.16908819344089202,Thấp,1,9.2,0,0,1,3195,27.92
5459,2025-01-01,2025,Finance,Accountant,0,0.2708945051716806,1,0.16908819344089202,Cao,3,27.09,1,0,0,489,88.99
5461,2025-01-01,2025,Human Resources,HR Executive,0,0.11724460848483675,0,0.16908819344089202,Trung bình,2,11.72,0,1,0,2527,42.99
5463,2025-01-01,2025,Human Resources,Recruiter,0,0.08521547876129687,0,0.16908819344089202,Thấp,1,8.52,0,0,1,3415,22.95
5464,2025-01-01,2025,Operations,Warehouse Supervisor,1,0.17773063344823267,1,0.16908819344089202,Cao,3,17.77,1,0,0,1362,69.28
5465,2025-01-01,2025,Operations,Procurement Specialist,0,0.0807396154473432,0,0.16908819344089202,Thấp,1,8.07,0,0,1,3585,19.12
5466,2025-01-01,2025,Information Technology,Software Engineer,1,0.05582654388597935,0,0.16908819344089202,Thấp,1,5.58,0,0,1,4374,1.31
5467,2025-01-01,2025,Information Technology,Software Engineer,0,0.14221618093786279,0,0.16908819344089202,Trung bình,2,14.22,0,1,0,1931,56.44
5469,2025-01-01,2025,Human Resources,C&B Specialist,1,0.1619189348831557,0,0.16908819344089202,Trung bình,2,16.19,0,1,0,1587,64.21
5470,2025-01-01,2025,Information Technology,IT Support,0,0.1203729690847315,0,0.16908819344089202,Trung bình,2,12.04,0,1,0,2463,44.44
5473,2025-01-01,2025,Sales,Sales Executive,0,0.15474981490029383,0,0.16908819344089202,Trung bình,2,15.47,0,1,0,1702,61.61
5485,2025-01-01,2025,Finance,Internal Auditor,1,0.20601906253988736,1,0.16908819344089202,Cao,3,20.6,1,0,0,1082,75.6
5487,2025-01-01,2025,Sales,Sales Executive,0,0.07952376601067268,0,0.16908819344089202,Thấp,1,7.95,0,0,1,3643,17.81
5491,2025-01-01,2025,Information Technology,System Administrator,0,0.139629675552043,0,0.16908819344089202,Trung bình,2,13.96,0,1,0,1986,55.2
5492,2025-01-01,2025,Marketing,Digital Marketing Specialist,1,0.06556658642883012,0,0.16908819344089202,Thấp,1,6.56,0,0,1,4132,6.77
5494,2025-01-01,2025,Sales,Sales Representative,0,0.24575710043358792,1,0.16908819344089202,Cao,3,24.58,1,0,0,694,84.36
5498,2025-01-01,2025,Human Resources,C&B Specialist,1,0.11189784177181643,0,0.16908819344089202,Trung bình,2,11.19,0,1,0,2691,39.29
5507,2025-01-01,2025,Operations,Operations Executive,0,0.14014917097196378,0,0.16908819344089202,Trung bình,2,14.01,0,1,0,1972,55.52
5508,2025-01-01,2025,Information Technology,System Administrator,0,0.12323937562492408,0,0.16908819344089202,Trung bình,2,12.32,0,1,0,2375,46.42
5511,2025-01-01,2025,Information Technology,System Administrator,0,0.0717498938415863,0,0.16908819344089202,Thấp,1,7.17,0,0,1,3940,11.1
5512,2025-01-01,2025,Marketing,Marketing Executive,0,0.05572725692193212,0,0.16908819344089202,Thấp,1,5.57,0,0,1,4380,1.17
5516,2025-01-01,2025,Operations,Operations Manager,1,0.17913724258109537,1,0.16908819344089202,Cao,3,17.91,1,0,0,1345,69.67
5519,2025-01-01,2025,Operations,Warehouse Supervisor,0,0.14704104062172657,0,0.16908819344089202,Trung bình,2,14.7,0,1,0,1850,58.27
5522,2025-01-01,2025,Operations,Operations Manager,0,0.2001023769297735,1,0.16908819344089202,Cao,3,20.01,1,0,0,1138,74.34
5523,2025-01-01,2025,Information Technology,QA Engineer,0,0.0685795109726901,0,0.16908819344089202,Thấp,1,6.86,0,0,1,4039,8.87
5526,2025-01-01,2025,Human Resources,Recruiter,0,0.14792495728217203,0,0.16908819344089202,Trung bình,2,14.79,0,1,0,1828,58.77
5530,2025-01-01,2025,Finance,Financial Analyst,0,0.16922690543986288,1,0.16908819344089202,Cao,3,16.92,1,0,0,1487,66.46
5531,2025-01-01,2025,Finance,Financial Analyst,0,0.06793832702465928,0,0.16908819344089202,Thấp,1,6.79,0,0,1,4061,8.37
5532,2025-01-01,2025,Marketing,Digital Marketing Specialist,0,0.11585221602453927,0,0.16908819344089202,Trung bình,2,11.59,0,1,0,2567,42.09
5533,2025-01-01,2025,Human Resources,HR Executive,1,0.2374630075159045,1,0.16908819344089202,Cao,3,23.75,1,0,0,758,82.92
5534,2025-01-01,2025,Marketing,Digital Marketing Specialist,0,0.12661171912991198,0,0.16908819344089202,Trung bình,2,12.66,0,1,0,2307,47.96
5536,2025-01-01,2025,Sales,Sales Representative,0,0.12023279229642896,0,0.16908819344089202,Trung bình,2,12.02,0,1,0,2467,44.35
5538,2025-01-01,2025,Finance,Financial Analyst,0,0.07831684656533873,0,0.16908819344089202,Thấp,1,7.83,0,0,1,3694,16.66
5539,2025-01-01,2025,Information Technology,System Administrator,0,0.15946666503266735,0,0.16908819344089202,Trung bình,2,15.95,0,1,0,1627,63.3
5540,2025-01-01,2025,Marketing,Digital Marketing Specialist,0,0.11779657708943458,0,0.16908819344089202,Trung bình,2,11.78,0,1,0,2520,43.15
5541,2025-01-01,2025,Finance,Accountant,0,0.0599612058578719,0,0.16908819344089202,Thấp,1,6.0,0,0,1,4298,3.02
5544,2025-01-01,2025,Operations,Procurement Specialist,0,0.11792076779357129,0,0.16908819344089202,Trung bình,2,11.79,0,1,0,2518,43.2
5545,2025-01-01,2025,Finance,Finance Manager,1,0.21280972322186098,1,0.16908819344089202,Cao,3,21.28,1,0,0,1002,77.41
5546,2025-01-01,2025,Human Resources,C&B Specialist,0,0.06074408455903116,0,0.16908819344089202,Thấp,1,6.07,0,0,1,4282,3.39
5550,2025-01-01,2025,Finance,Financial Analyst,0,0.06659424744336984,0,0.16908819344089202,Thấp,1,6.66,0,0,1,4100,7.49
5553,2025-01-01,2025,Information Technology,IT Support,0,0.09228769309548553,0,0.16908819344089202,Thấp,1,9.23,0,0,1,3189,28.05
5555,2025-01-01,2025,Human Resources,HR Manager,0,0.1775163360856052,1,0.16908819344089202,Cao,3,17.75,1,0,0,1371,69.08
5557,2025-01-01,2025,Sales,Sales Supervisor,0,0.061211303523503645,0,0.16908819344089202,Thấp,1,6.12,0,0,1,4262,3.84
5560,2025-01-01,2025,Finance,Finance Manager,0,0.08435394574934002,0,0.16908819344089202,Thấp,1,8.44,0,0,1,3441,22.37
5561,2025-01-01,2025,Operations,Operations Manager,0,0.06814352223414215,0,0.16908819344089202,Thấp,1,6.81,0,0,1,4055,8.51
5562,2025-01-01,2025,Operations,Procurement Specialist,0,0.28045745149110657,1,0.16908819344089202,Cao,3,28.05,1,0,0,423,90.48
5563,2025-01-01,2025,Operations,Operations Executive,0,0.08341216475738102,0,0.16908819344089202,Thấp,1,8.34,0,0,1,3474,21.62
5564,2025-01-01,2025,Information Technology,IT Support,0,0.23553505692624715,1,0.16908819344089202,Cao,3,23.55,1,0,0,771,82.62
5566,2025-01-01,2025,Human Resources,HR Executive,0,0.1821019812182147,1,0.16908819344089202,Cao,3,18.21,1,0,0,1312,70.41
5567,2025-01-01,2025,Human Resources,HR Manager,0,0.15516970812193856,0,0.16908819344089202,Trung bình,2,15.52,0,1,0,1696,61.75
5571,2025-01-01,2025,Human Resources,HR Executive,0,0.07260098944230756,0,0.16908819344089202,Thấp,1,7.26,0,0,1,3911,11.76
5573,2025-01-01,2025,Marketing,Digital Marketing Specialist,0,0.1937683171481834,1,0.16908819344089202,Cao,3,19.38,1,0,0,1194,73.08
5574,2025-01-01,2025,Marketing,Marketing Executive,0,0.10970392501033804,0,0.16908819344089202,Trung bình,2,10.97,0,1,0,2760,37.73
5581,2025-01-01,2025,Human Resources,C&B Specialist,0,0.1366243485225564,0,0.16908819344089202,Trung bình,2,13.66,0,1,0,2072,53.26
5582,2025-01-01,2025,Finance,Finance Manager,0,0.10829070910319251,0,0.16908819344089202,Trung bình,2,10.83,0,1,0,2800,36.83
5584,2025-01-01,2025,Sales,Sales Supervisor,0,0.17529668571566612,1,0.16908819344089202,Cao,3,17.53,1,0,0,1404,68.34
5585,2025-01-01,2025,Information Technology,Software Engineer,0,0.0895762272991005,0,0.16908819344089202,Thấp,1,8.96,0,0,1,3279,26.02
5586,2025-01-01,2025,Sales,Sales Executive,0,0.08002944968182708,0,0.16908819344089202,Thấp,1,8.0,0,0,1,3618,18.37
5587,2025-01-01,2025,Human Resources,Recruiter,1,0.11938201560577034,0,0.16908819344089202,Trung bình,2,11.94,0,1,0,2490,43.83
5594,2025-01-01,2025,Sales,Sales Supervisor,0,0.18850231240971002,1,0.16908819344089202,Cao,3,18.85,1,0,0,1243,71.97
5596,2025-01-01,2025,Information Technology,QA Engineer,0,0.08172712979039597,0,0.16908819344089202,Thấp,1,8.17,0,0,1,3540,20.13
5598,2025-01-01,2025,Information Technology,System Administrator,0,0.12161606545122643,0,0.16908819344089202,Trung bình,2,12.16,0,1,0,2426,45.27
5603,2025-01-01,2025,Sales,Sales Supervisor,1,0.3123585618682783,1,0.16908819344089202,Cao,3,31.24,1,0,0,287,93.55
5605,2025-01-01,2025,Marketing,Content Specialist,0,0.09987157777511382,0,0.16908819344089202,Thấp,1,9.99,0,0,1,3003,32.25
5606,2025-01-01,2025,Operations,Operations Executive,1,0.17050475112503413,1,0.16908819344089202,Cao,3,17.05,1,0,0,1473,66.78
5608,2025-01-01,2025,Human Resources,HR Executive,0,0.24473128945317807,1,0.16908819344089202,Cao,3,24.47,1,0,0,703,84.16
5609,2025-01-01,2025,Human Resources,Recruiter,0,0.15602656137868431,0,0.16908819344089202,Trung bình,2,15.6,0,1,0,1685,62.0
5614,2025-01-01,2025,Operations,Operations Executive,0,0.15822750023483367,0,0.16908819344089202,Trung bình,2,15.82,0,1,0,1652,62.74
5616,2025-01-01,2025,Finance,Financial Analyst,0,0.08203356857459063,0,0.16908819344089202,Thấp,1,8.2,0,0,1,3525,20.47
5619,2025-01-01,2025,Human Resources,C&B Specialist,0,0.16486863479008637,0,0.16908819344089202,Trung bình,2,16.49,0,1,0,1545,65.15
5620,2025-01-01,2025,Operations,Procurement Specialist,0,0.20530782053222624,1,0.16908819344089202,Cao,3,20.53,1,0,0,1092,75.38
5621,2025-01-01,2025,Operations,Operations Manager,0,0.34438459116287057,1,0.16908819344089202,Cao,3,34.44,1,0,0,173,96.12
5622,2025-01-01,2025,Human Resources,Recruiter,0,0.2099921251030821,1,0.16908819344089202,Cao,3,21.0,1,0,0,1032,76.73
5623,2025-01-01,2025,Information Technology,Data Analyst,0,0.11425958212381936,0,0.16908819344089202,Trung bình,2,11.43,0,1,0,2617,40.96
5624,2025-01-01,2025,Sales,Sales Representative,0,0.21009367009677718,1,0.16908819344089202,Cao,3,21.01,1,0,0,1030,76.78
5626,2025-01-01,2025,Finance,Finance Manager,1,0.14615057863060232,0,0.16908819344089202,Trung bình,2,14.62,0,1,0,1859,58.07
5627,2025-01-01,2025,Marketing,Marketing Executive,0,0.30403493086094663,1,0.16908819344089202,Cao,3,30.4,1,0,0,319,92.82
5633,2025-01-01,2025,Operations,Procurement Specialist,1,0.14848941227143422,0,0.16908819344089202,Trung bình,2,14.85,0,1,0,1815,59.06
5640,2025-01-01,2025,Finance,Accountant,0,0.12221333369302455,0,0.16908819344089202,Trung bình,2,12.22,0,1,0,2404,45.77
5648,2025-01-01,2025,Operations,Operations Manager,0,0.1559855782989001,0,0.16908819344089202,Trung bình,2,15.6,0,1,0,1686,61.97
5649,2025-01-01,2025,Information Technology,System Administrator,0,0.08815900981870631,0,0.16908819344089202,Thấp,1,8.82,0,0,1,3319,25.12
5650,2025-01-01,2025,Operations,Operations Manager,0,0.21637690778025112,1,0.16908819344089202,Cao,3,21.64,1,0,0,960,78.36
5652,2025-01-01,2025,Human Resources,HR Executive,0,0.07933024253195951,0,0.16908819344089202,Thấp,1,7.93,0,0,1,3650,17.65
5653,2025-01-01,2025,Information Technology,Software Engineer,0,0.10880290830945344,0,0.16908819344089202,Trung bình,2,10.88,0,1,0,2782,37.24
5654,2025-01-01,2025,Finance,Financial Analyst,1,0.4255664390208331,1,0.16908819344089202,Cao,3,42.56,1,0,0,24,99.48
5655,2025-01-01,2025,Marketing,Marketing Manager,0,0.3724713518732078,1,0.16908819344089202,Cao,3,37.25,1,0,0,99,97.79
5661,2025-01-01,2025,Information Technology,Software Engineer,0,0.25983984207390287,1,0.16908819344089202,Cao,3,25.98,1,0,0,580,86.93
5663,2025-01-01,2025,Operations,Operations Manager,0,0.21483136678356285,1,0.16908819344089202,Cao,3,21.48,1,0,0,977,77.97
5664,2025-01-01,2025,Operations,Operations Manager,0,0.12617105626986846,0,0.16908819344089202,Trung bình,2,12.62,0,1,0,2312,47.84
5667,2025-01-01,2025,Marketing,Digital Marketing Specialist,0,0.1250414716653166,0,0.16908819344089202,Trung bình,2,12.5,0,1,0,2336,47.3
5670,2025-01-01,2025,Human Resources,Recruiter,0,0.09810126524847745,0,0.16908819344089202,Thấp,1,9.81,0,0,1,3047,31.26
5671,2025-01-01,2025,Human Resources,HR Executive,0,0.060735608799208786,0,0.16908819344089202,Thấp,1,6.07,0,0,1,4283,3.36
5672,2025-01-01,2025,Information Technology,Software Engineer,0,0.08944117097187582,0,0.16908819344089202,Thấp,1,8.94,0,0,1,3283,25.93
5674,2025-01-01,2025,Marketing,Digital Marketing Specialist,0,0.09814290502188153,0,0.16908819344089202,Thấp,1,9.81,0,0,1,3046,31.28
5676,2025-01-01,2025,Finance,Finance Manager,0,0.0672237475310419,0,0.16908819344089202,Thấp,1,6.72,0,0,1,4084,7.85
5678,2025-01-01,2025,Marketing,Marketing Manager,1,0.28244464335457614,1,0.16908819344089202,Cao,3,28.24,1,0,0,413,90.7
5680,2025-01-01,2025,Marketing,Marketing Manager,0,0.06555785931536273,0,0.16908819344089202,Thấp,1,6.56,0,0,1,4133,6.75
5681,2025-01-01,2025,Information Technology,IT Support,0,0.16867460866692405,0,0.16908819344089202,Trung bình,2,16.87,0,1,0,1495,66.28
5684,2025-01-01,2025,Information Technology,IT Support,0,0.11400236739504031,0,0.16908819344089202,Trung bình,2,11.4,0,1,0,2625,40.78
5687,2025-01-01,2025,Operations,Operations Executive,0,0.13679885614512652,0,0.16908819344089202,Trung bình,2,13.68,0,1,0,2069,53.33
5689,2025-01-01,2025,Sales,Sales Executive,0,0.13458136149616573,0,0.16908819344089202,Trung bình,2,13.46,0,1,0,2122,52.13
5690,2025-01-01,2025,Operations,Operations Executive,1,0.23691295589116976,1,0.16908819344089202,Cao,3,23.69,1,0,0,764,82.78
5692,2025-01-01,2025,Sales,Sales Representative,0,0.14183949275752253,0,0.16908819344089202,Trung bình,2,14.18,0,1,0,1939,56.26
5696,2025-01-01,2025,Operations,Procurement Specialist,0,0.17112025520425583,1,0.16908819344089202,Cao,3,17.11,1,0,0,1461,67.05
5698,2025-01-01,2025,Marketing,Marketing Executive,0,0.13868514655097655,0,0.16908819344089202,Trung bình,2,13.87,0,1,0,2016,54.52
5702,2025-01-01,2025,Human Resources,HR Manager,0,0.17364183325198992,1,0.16908819344089202,Cao,3,17.36,1,0,0,1432,67.7
5703,2025-01-01,2025,Human Resources,HR Executive,0,0.1486796941199643,0,0.16908819344089202,Trung bình,2,14.87,0,1,0,1813,59.11
5704,2025-01-01,2025,Marketing,Digital Marketing Specialist,0,0.11832311570294117,0,0.16908819344089202,Trung bình,2,11.83,0,1,0,2511,43.35
5706,2025-01-01,2025,Operations,Operations Manager,1,0.1274698321497497,0,0.16908819344089202,Trung bình,2,12.75,0,1,0,2291,48.32
5707,2025-01-01,2025,Marketing,Content Specialist,0,0.11451232013559999,0,0.16908819344089202,Trung bình,2,11.45,0,1,0,2607,41.19
5710,2025-01-01,2025,Information Technology,QA Engineer,0,0.1566444228388769,0,0.16908819344089202,Trung bình,2,15.66,0,1,0,1674,62.24
5714,2025-01-01,2025,Information Technology,QA Engineer,1,0.14713311296585546,0,0.16908819344089202,Trung bình,2,14.71,0,1,0,1846,58.36
5716,2025-01-01,2025,Marketing,Digital Marketing Specialist,0,0.21048558230420425,1,0.16908819344089202,Cao,3,21.05,1,0,0,1025,76.89
5717,2025-01-01,2025,Sales,Sales Representative,0,0.17754808306003864,1,0.16908819344089202,Cao,3,17.75,1,0,0,1370,69.1
5719,2025-01-01,2025,Human Resources,Recruiter,0,0.10129532492784453,0,0.16908819344089202,Trung bình,2,10.13,0,1,0,2964,33.13
5721,2025-01-01,2025,Information Technology,Software Engineer,0,0.22847158515942334,1,0.16908819344089202,Cao,3,22.85,1,0,0,840,81.07
5727,2025-01-01,2025,Marketing,Marketing Executive,0,0.06405278935385939,0,0.16908819344089202,Thấp,1,6.41,0,0,1,4181,5.66
5729,2025-01-01,2025,Human Resources,C&B Specialist,0,0.3544758321614686,1,0.16908819344089202,Cao,3,35.45,1,0,0,144,96.77
5730,2025-01-01,2025,Marketing,Content Specialist,1,0.18817796889858326,1,0.16908819344089202,Cao,3,18.82,1,0,0,1246,71.9
5731,2025-01-01,2025,Sales,Sales Executive,0,0.09284931860871913,0,0.16908819344089202,Thấp,1,9.28,0,0,1,3164,28.62
5732,2025-01-01,2025,Human Resources,C&B Specialist,0,0.13343631484629198,0,0.16908819344089202,Trung bình,2,13.34,0,1,0,2150,51.5
5733,2025-01-01,2025,Information Technology,QA Engineer,1,0.08791498543324965,0,0.16908819344089202,Thấp,1,8.79,0,0,1,3325,24.98
5736,2025-01-01,2025,Human Resources,C&B Specialist,0,0.08239907650115899,0,0.16908819344089202,Thấp,1,8.24,0,0,1,3514,20.72
5738,2025-01-01,2025,Sales,Sales Representative,0,0.08920601516856999,0,0.16908819344089202,Thấp,1,8.92,0,0,1,3289,25.8
5743,2025-01-01,2025,Operations,Procurement Specialist,0,0.07332790177164851,0,0.16908819344089202,Thấp,1,7.33,0,0,1,3894,12.14
5746,2025-01-01,2025,Information Technology,System Administrator,0,0.18320829407432174,1,0.16908819344089202,Cao,3,18.32,1,0,0,1300,70.68
5748,2025-01-01,2025,Operations,Procurement Specialist,0,0.07796631780671483,0,0.16908819344089202,Thấp,1,7.8,0,0,1,3714,16.2
5749,2025-01-01,2025,Sales,Account Manager,0,0.30500913464630264,1,0.16908819344089202,Cao,3,30.5,1,0,0,314,92.94
5751,2025-01-01,2025,Marketing,Marketing Executive,0,0.19108415445770338,1,0.16908819344089202,Cao,3,19.11,1,0,0,1219,72.51
5753,2025-01-01,2025,Human Resources,HR Manager,1,0.1337936692681652,0,0.16908819344089202,Trung bình,2,13.38,0,1,0,2139,51.75
5755,2025-01-01,2025,Operations,Operations Executive,0,0.2894378546324802,1,0.16908819344089202,Cao,3,28.94,1,0,0,375,91.56
5759,2025-01-01,2025,Information Technology,Data Analyst,0,0.10829865768518156,0,0.16908819344089202,Trung bình,2,10.83,0,1,0,2798,36.88
5763,2025-01-01,2025,Information Technology,Software Engineer,1,0.17421689269061807,1,0.16908819344089202,Cao,3,17.42,1,0,0,1423,67.91
5764,2025-01-01,2025,Information Technology,Data Analyst,1,0.0854108620840623,0,0.16908819344089202,Thấp,1,8.54,0,0,1,3405,23.18
5765,2025-01-01,2025,Sales,Sales Executive,0,0.08674515017805746,0,0.16908819344089202,Thấp,1,8.67,0,0,1,3360,24.19
5766,2025-01-01,2025,Human Resources,HR Executive,0,0.08752939354877196,0,0.16908819344089202,Thấp,1,8.75,0,0,1,3331,24.85
5767,2025-01-01,2025,Human Resources,HR Executive,0,0.08475080027126636,0,0.16908819344089202,Thấp,1,8.48,0,0,1,3433,22.55
5768,2025-01-01,2025,Information Technology,System Administrator,0,0.14811840023861747,0,0.16908819344089202,Trung bình,2,14.81,0,1,0,1822,58.9
5770,2025-01-01,2025,Operations,Operations Executive,0,0.24092699777564566,1,0.16908819344089202,Cao,3,24.09,1,0,0,727,83.62
5771,2025-01-01,2025,Sales,Account Manager,0,0.10693763412008137,0,0.16908819344089202,Trung bình,2,10.69,0,1,0,2843,35.86
5772,2025-01-01,2025,Sales,Sales Supervisor,0,0.08969034201094014,0,0.16908819344089202,Thấp,1,8.97,0,0,1,3274,26.13
5774,2025-01-01,2025,Sales,Account Manager,0,0.21433587344737115,1,0.16908819344089202,Cao,3,21.43,1,0,0,981,77.88
5775,2025-01-01,2025,Information Technology,Software Engineer,0,0.2846028191395367,1,0.16908819344089202,Cao,3,28.46,1,0,0,398,91.04
5779,2025-01-01,2025,Finance,Financial Analyst,0,0.07677250041851108,0,0.16908819344089202,Thấp,1,7.68,0,0,1,3754,15.3
5784,2025-01-01,2025,Marketing,Marketing Executive,0,0.14502061696581664,0,0.16908819344089202,Trung bình,2,14.5,0,1,0,1875,57.71
5786,2025-01-01,2025,Finance,Internal Auditor,0,0.12952156330871495,0,0.16908819344089202,Trung bình,2,12.95,0,1,0,2257,49.09
5787,2025-01-01,2025,Sales,Sales Supervisor,0,0.0640511744328127,0,0.16908819344089202,Thấp,1,6.41,0,0,1,4182,5.64
5788,2025-01-01,2025,Information Technology,QA Engineer,0,0.12175240502001791,0,0.16908819344089202,Trung bình,2,12.18,0,1,0,2422,45.36
5789,2025-01-01,2025,Operations,Procurement Specialist,0,0.18341180214794264,1,0.16908819344089202,Cao,3,18.34,1,0,0,1298,70.73
5790,2025-01-01,2025,Sales,Sales Executive,0,0.2378043283333651,1,0.16908819344089202,Cao,3,23.78,1,0,0,754,83.01
5791,2025-01-01,2025,Sales,Sales Supervisor,1,0.09988746165115403,0,0.16908819344089202,Thấp,1,9.99,0,0,1,3002,32.27
5792,2025-01-01,2025,Information Technology,IT Support,0,0.0595327125513797,0,0.16908819344089202,Thấp,1,5.95,0,0,1,4310,2.75
5794,2025-01-01,2025,Marketing,Digital Marketing Specialist,0,0.1542565841985487,0,0.16908819344089202,Trung bình,2,15.43,0,1,0,1710,61.43
5795,2025-01-01,2025,Finance,Accountant,0,0.13694921106659094,0,0.16908819344089202,Trung bình,2,13.69,0,1,0,2063,53.46
5797,2025-01-01,2025,Finance,Accountant,0,0.05737735270490447,0,0.16908819344089202,Thấp,1,5.74,0,0,1,4356,1.72
5798,2025-01-01,2025,Marketing,Marketing Manager,0,0.1069628820346673,0,0.16908819344089202,Trung bình,2,10.7,0,1,0,2842,35.88
5801,2025-01-01,2025,Sales,Sales Representative,0,0.07782541041804052,0,0.16908819344089202,Thấp,1,7.78,0,0,1,3718,16.11
5804,2025-01-01,2025,Marketing,Digital Marketing Specialist,1,0.21753832302417261,1,0.16908819344089202,Cao,3,21.75,1,0,0,945,78.7
5806,2025-01-01,2025,Finance,Finance Manager,0,0.15009959293869002,0,0.16908819344089202,Trung bình,2,15.01,0,1,0,1788,59.67
5807,2025-01-01,2025,Finance,Accountant,0,0.09349155112957783,0,0.16908819344089202,Thấp,1,9.35,0,0,1,3151,28.91
5809,2025-01-01,2025,Finance,Accountant,0,0.060610435041024244,0,0.16908819344089202,Thấp,1,6.06,0,0,1,4286,3.29
5810,2025-01-01,2025,Information Technology,Data Analyst,1,0.29107444495820195,1,0.16908819344089202,Cao,3,29.11,1,0,0,367,91.74
5811,2025-01-01,2025,Sales,Sales Supervisor,0,0.234503069162474,1,0.16908819344089202,Cao,3,23.45,1,0,0,784,82.33
5813,2025-01-01,2025,Marketing,Marketing Executive,0,0.057199378540581464,0,0.16908819344089202,Thấp,1,5.72,0,0,1,4362,1.58
5814,2025-01-01,2025,Sales,Sales Representative,0,0.1069953436621469,0,0.16908819344089202,Trung bình,2,10.7,0,1,0,2841,35.91
5815,2025-01-01,2025,Marketing,Marketing Executive,1,0.13980432338616233,0,0.16908819344089202,Trung bình,2,13.98,0,1,0,1979,55.36
5817,2025-01-01,2025,Marketing,Marketing Executive,0,0.22352148161393193,1,0.16908819344089202,Cao,3,22.35,1,0,0,881,80.14
5820,2025-01-01,2025,Finance,Finance Manager,0,0.07242505476448952,0,0.16908819344089202,Thấp,1,7.24,0,0,1,3916,11.65
5823,2025-01-01,2025,Sales,Sales Executive,0,0.18115961092484392,1,0.16908819344089202,Cao,3,18.12,1,0,0,1318,70.28
5827,2025-01-01,2025,Marketing,Marketing Executive,0,0.07188344814438712,0,0.16908819344089202,Thấp,1,7.19,0,0,1,3934,11.24
5829,2025-01-01,2025,Operations,Operations Manager,0,0.07992313581629061,0,0.16908819344089202,Thấp,1,7.99,0,0,1,3623,18.26
5831,2025-01-01,2025,Finance,Internal Auditor,0,0.14957921063731186,0,0.16908819344089202,Trung bình,2,14.96,0,1,0,1803,59.33
5835,2025-01-01,2025,Finance,Internal Auditor,0,0.09233475877787503,0,0.16908819344089202,Thấp,1,9.23,0,0,1,3187,28.1
5836,2025-01-01,2025,Operations,Operations Manager,1,0.07107984711407882,0,0.16908819344089202,Thấp,1,7.11,0,0,1,3961,10.63
5839,2025-01-01,2025,Operations,Operations Manager,0,0.21998015768275275,1,0.16908819344089202,Cao,3,22.0,1,0,0,918,79.3
5840,2025-01-01,2025,Marketing,Marketing Manager,0,0.15162651824005904,0,0.16908819344089202,Trung bình,2,15.16,0,1,0,1759,60.32
5842,2025-01-01,2025,Human Resources,HR Manager,0,0.10741327582213395,0,0.16908819344089202,Trung bình,2,10.74,0,1,0,2831,36.13
5844,2025-01-01,2025,Finance,Accountant,1,0.2625676335029922,1,0.16908819344089202,Cao,3,26.26,1,0,0,562,87.34
5845,2025-01-01,2025,Sales,Account Manager,1,0.29769620663298907,1,0.16908819344089202,Cao,3,29.77,1,0,0,342,92.3
5849,2025-01-01,2025,Sales,Sales Executive,0,0.20154899307416438,1,0.16908819344089202,Cao,3,20.15,1,0,0,1121,74.72
5851,2025-01-01,2025,Finance,Finance Manager,0,0.27875324062826307,1,0.16908819344089202,Cao,3,27.88,1,0,0,437,90.16
5853,2025-01-01,2025,Sales,Sales Representative,1,0.17603497610245405,1,0.16908819344089202,Cao,3,17.6,1,0,0,1393,68.58
5855,2025-01-01,2025,Sales,Account Manager,0,0.06427380330854342,0,0.16908819344089202,Thấp,1,6.43,0,0,1,4174,5.82
5856,2025-01-01,2025,Operations,Operations Manager,0,0.07357908535575121,0,0.16908819344089202,Thấp,1,7.36,0,0,1,3884,12.37
5857,2025-01-01,2025,Operations,Operations Manager,0,0.13421949839569614,0,0.16908819344089202,Trung bình,2,13.42,0,1,0,2129,51.97
5858,2025-01-01,2025,Human Resources,HR Manager,0,0.21668495128528634,1,0.16908819344089202,Cao,3,21.67,1,0,0,953,78.52
5860,2025-01-01,2025,Human Resources,HR Manager,0,0.1324764164019709,0,0.16908819344089202,Trung bình,2,13.25,0,1,0,2182,50.78
5861,2025-01-01,2025,Operations,Procurement Specialist,1,0.1321453038789949,0,0.16908819344089202,Trung bình,2,13.21,0,1,0,2189,50.62
5862,2025-01-01,2025,Sales,Sales Executive,0,0.20024679176157945,1,0.16908819344089202,Cao,3,20.02,1,0,0,1136,74.39
5863,2025-01-01,2025,Human Resources,C&B Specialist,0,0.09291749169028728,0,0.16908819344089202,Thấp,1,9.29,0,0,1,3163,28.64
5864,2025-01-01,2025,Sales,Account Manager,0,0.089036431239968,0,0.16908819344089202,Thấp,1,8.9,0,0,1,3292,25.73
5865,2025-01-01,2025,Human Resources,HR Manager,0,0.2118730527744446,1,0.16908819344089202,Cao,3,21.19,1,0,0,1015,77.12
5866,2025-01-01,2025,Human Resources,Recruiter,0,0.08444044428403098,0,0.16908819344089202,Thấp,1,8.44,0,0,1,3437,22.46
5867,2025-01-01,2025,Operations,Procurement Specialist,0,0.315777103455747,1,0.16908819344089202,Cao,3,31.58,1,0,0,270,93.93
5873,2025-01-01,2025,Information Technology,System Administrator,0,0.12264934889908069,0,0.16908819344089202,Trung bình,2,12.26,0,1,0,2396,45.95
5875,2025-01-01,2025,Operations,Operations Manager,1,0.21376058698285755,1,0.16908819344089202,Cao,3,21.38,1,0,0,990,77.68
5876,2025-01-01,2025,Finance,Financial Analyst,0,0.23788580389608582,1,0.16908819344089202,Cao,3,23.79,1,0,0,752,83.05
5880,2025-01-01,2025,Sales,Sales Executive,0,0.054535477508562746,0,0.16908819344089202,Thấp,1,5.45,0,0,1,4398,0.77
5882,2025-01-01,2025,Operations,Operations Executive,1,0.4216168144658675,1,0.16908819344089202,Cao,3,42.16,1,0,0,26,99.44
5883,2025-01-01,2025,Operations,Operations Manager,0,0.0842094650343172,0,0.16908819344089202,Thấp,1,8.42,0,0,1,3451,22.14
5885,2025-01-01,2025,Marketing,Marketing Executive,0,0.21847054245397435,1,0.16908819344089202,Cao,3,21.85,1,0,0,939,78.83
5886,2025-01-01,2025,Human Resources,HR Manager,1,0.11819238462285558,0,0.16908819344089202,Trung bình,2,11.82,0,1,0,2513,43.31
5891,2025-01-01,2025,Operations,Operations Executive,0,0.06199717069397465,0,0.16908819344089202,Thấp,1,6.2,0,0,1,4247,4.18
5893,2025-01-01,2025,Sales,Account Manager,0,0.065529363884914,0,0.16908819344089202,Thấp,1,6.55,0,0,1,4134,6.73
5894,2025-01-01,2025,Information Technology,QA Engineer,0,0.12633423842942848,0,0.16908819344089202,Trung bình,2,12.63,0,1,0,2311,47.87
5895,2025-01-01,2025,Human Resources,Recruiter,1,0.14635839000791853,0,0.16908819344089202,Trung bình,2,14.64,0,1,0,1857,58.11
5896,2025-01-01,2025,Operations,Warehouse Supervisor,0,0.27342015966895417,1,0.16908819344089202,Cao,3,27.34,1,0,0,473,89.35
5898,2025-01-01,2025,Finance,Accountant,0,0.1300333840421775,0,0.16908819344089202,Trung bình,2,13.0,0,1,0,2244,49.38
5901,2025-01-01,2025,Finance,Accountant,0,0.15732356025893723,0,0.16908819344089202,Trung bình,2,15.73,0,1,0,1662,62.51
5902,2025-01-01,2025,Marketing,Marketing Executive,0,0.1855199503795538,1,0.16908819344089202,Cao,3,18.55,1,0,0,1277,71.2
5903,2025-01-01,2025,Operations,Procurement Specialist,0,0.3665173736180005,1,0.16908819344089202,Cao,3,36.65,1,0,0,113,97.47
5906,2025-01-01,2025,Finance,Finance Manager,0,0.0643799718475136,0,0.16908819344089202,Thấp,1,6.44,0,0,1,4170,5.91
5907,2025-01-01,2025,Finance,Accountant,0,0.2515047338777965,1,0.16908819344089202,Cao,3,25.15,1,0,0,643,85.51
5912,2025-01-01,2025,Human Resources,Recruiter,0,0.10024428022830441,0,0.16908819344089202,Trung bình,2,10.02,0,1,0,2991,32.52
5913,2025-01-01,2025,Marketing,Marketing Executive,0,0.23589566545561128,1,0.16908819344089202,Cao,3,23.59,1,0,0,769,82.67
5915,2025-01-01,2025,Sales,Sales Executive,1,0.3068981674313018,1,0.16908819344089202,Cao,3,30.69,1,0,0,304,93.16
5918,2025-01-01,2025,Finance,Accountant,0,0.24691788954403487,1,0.16908819344089202,Cao,3,24.69,1,0,0,688,84.5
5922,2025-01-01,2025,Information Technology,Software Engineer,0,0.12091257597353194,0,0.16908819344089202,Trung bình,2,12.09,0,1,0,2444,44.87
5923,2025-01-01,2025,Finance,Accountant,1,0.3057190316386427,1,0.16908819344089202,Cao,3,30.57,1,0,0,311,93.0
5925,2025-01-01,2025,Information Technology,IT Support,0,0.14902296963866693,0,0.16908819344089202,Trung bình,2,14.9,0,1,0,1811,59.15
5926,2025-01-01,2025,Marketing,Marketing Executive,0,0.0556333401163907,0,0.16908819344089202,Thấp,1,5.56,0,0,1,4382,1.13
5928,2025-01-01,2025,Information Technology,IT Support,0,0.1565334239653634,0,0.16908819344089202,Trung bình,2,15.65,0,1,0,1677,62.18
5930,2025-01-01,2025,Finance,Accountant,0,0.06836667977223232,0,0.16908819344089202,Thấp,1,6.84,0,0,1,4048,8.67
5931,2025-01-01,2025,Human Resources,HR Executive,0,0.1312892826425878,0,0.16908819344089202,Trung bình,2,13.13,0,1,0,2212,50.1
5932,2025-01-01,2025,Sales,Account Manager,0,0.07631075155788046,0,0.16908819344089202,Thấp,1,7.63,0,0,1,3774,14.85
5935,2025-01-01,2025,Sales,Sales Supervisor,0,0.23056050545059448,1,0.16908819344089202,Cao,3,23.06,1,0,0,825,81.4
5938,2025-01-01,2025,Human Resources,C&B Specialist,0,0.18653134665091134,1,0.16908819344089202,Cao,3,18.65,1,0,0,1261,71.56
5941,2025-01-01,2025,Finance,Internal Auditor,1,0.17146467166365836,1,0.16908819344089202,Cao,3,17.15,1,0,0,1456,67.16
5943,2025-01-01,2025,Human Resources,HR Executive,0,0.0735059773598858,0,0.16908819344089202,Thấp,1,7.35,0,0,1,3889,12.25
5946,2025-01-01,2025,Finance,Accountant,0,0.27012090608292144,1,0.16908819344089202,Cao,3,27.01,1,0,0,495,88.85
5949,2025-01-01,2025,Finance,Financial Analyst,0,0.1600162569762108,0,0.16908819344089202,Trung bình,2,16.0,0,1,0,1620,63.46
5954,2025-01-01,2025,Human Resources,HR Manager,0,0.1252814474404178,0,0.16908819344089202,Trung bình,2,12.53,0,1,0,2330,47.44
5958,2025-01-01,2025,Human Resources,Recruiter,0,0.23795240319528346,1,0.16908819344089202,Cao,3,23.8,1,0,0,750,83.1
5960,2025-01-01,2025,Marketing,Marketing Executive,0,0.18024587592728925,1,0.16908819344089202,Cao,3,18.02,1,0,0,1332,69.96
5965,2025-01-01,2025,Sales,Sales Representative,0,0.07047289733412435,0,0.16908819344089202,Thấp,1,7.05,0,0,1,3984,10.11
5968,2025-01-01,2025,Human Resources,HR Executive,1,0.4270586799158446,1,0.16908819344089202,Cao,3,42.71,1,0,0,22,99.53
5971,2025-01-01,2025,Marketing,Digital Marketing Specialist,0,0.1365348996639823,0,0.16908819344089202,Trung bình,2,13.65,0,1,0,2074,53.22
5976,2025-01-01,2025,Operations,Warehouse Supervisor,0,0.12276281826499935,0,0.16908819344089202,Trung bình,2,12.28,0,1,0,2395,45.97
5977,2025-01-01,2025,Human Resources,Recruiter,1,0.4081542516610566,1,0.16908819344089202,Cao,3,40.82,1,0,0,35,99.23
5978,2025-01-01,2025,Marketing,Marketing Executive,0,0.1451531874286082,0,0.16908819344089202,Trung bình,2,14.52,0,1,0,1874,57.73
5980,2025-01-01,2025,Finance,Internal Auditor,0,0.13269755559571134,0,0.16908819344089202,Trung bình,2,13.27,0,1,0,2171,51.03
5981,2025-01-01,2025,Marketing,Marketing Executive,0,0.08151298793493028,0,0.16908819344089202,Thấp,1,8.15,0,0,1,3546,20.0
5982,2025-01-01,2025,Sales,Sales Executive,0,0.08662556216165239,0,0.16908819344089202,Thấp,1,8.66,0,0,1,3369,23.99
5983,2025-01-01,2025,Marketing,Marketing Manager,0,0.10214948815465338,0,0.16908819344089202,Trung bình,2,10.21,0,1,0,2947,33.51
5984,2025-01-01,2025,Sales,Account Manager,0,0.10359327862996415,0,0.16908819344089202,Trung bình,2,10.36,0,1,0,2908,34.39
5987,2025-01-01,2025,Finance,Accountant,0,0.0642331657595803,0,0.16908819344089202,Thấp,1,6.42,0,0,1,4178,5.73
5990,2025-01-01,2025,Sales,Sales Representative,1,0.13511825020474938,0,0.16908819344089202,Trung bình,2,13.51,0,1,0,2106,52.49
5992,2025-01-01,2025,Information Technology,Data Analyst,0,0.08087428561987146,0,0.16908819344089202,Thấp,1,8.09,0,0,1,3581,19.21
5993,2025-01-01,2025,Marketing,Marketing Executive,0,0.28307883212822155,1,0.16908819344089202,Cao,3,28.31,1,0,0,409,90.79
5994,2025-01-01,2025,Human Resources,Recruiter,0,0.14990270380421117,0,0.16908819344089202,Trung bình,2,14.99,0,1,0,1796,59.49
5996,2025-01-01,2025,Operations,Operations Executive,0,0.10101846296186143,0,0.16908819344089202,Trung bình,2,10.1,0,1,0,2974,32.9
5997,2025-01-01,2025,Sales,Account Manager,0,0.19777044305061764,1,0.16908819344089202,Cao,3,19.78,1,0,0,1158,73.89
6001,2025-01-01,2025,Sales,Sales Executive,0,0.45952643101952445,1,0.16908819344089202,Cao,3,45.95,1,0,0,9,99.82
6002,2025-01-01,2025,Information Technology,QA Engineer,0,0.27280744488281633,1,0.16908819344089202,Cao,3,27.28,1,0,0,477,89.26
6005,2025-01-01,2025,Information Technology,System Administrator,0,0.39185985539277335,1,0.16908819344089202,Cao,3,39.19,1,0,0,67,98.51
6010,2025-01-01,2025,Sales,Sales Executive,1,0.18527242871884161,1,0.16908819344089202,Cao,3,18.53,1,0,0,1280,71.14
6015,2025-01-01,2025,Sales,Sales Supervisor,0,0.14872398286521743,0,0.16908819344089202,Trung bình,2,14.87,0,1,0,1812,59.13
6016,2025-01-01,2025,Marketing,Marketing Manager,0,0.11131637468451286,0,0.16908819344089202,Trung bình,2,11.13,0,1,0,2710,38.86
6017,2025-01-01,2025,Human Resources,Recruiter,0,0.2822149949907394,1,0.16908819344089202,Cao,3,28.22,1,0,0,414,90.68
6019,2025-01-01,2025,Sales,Account Manager,0,0.16087662907922967,0,0.16908819344089202,Trung bình,2,16.09,0,1,0,1603,63.85
6020,2025-01-01,2025,Sales,Sales Executive,0,0.1422773939272697,0,0.16908819344089202,Trung bình,2,14.23,0,1,0,1930,56.47
6021,2025-01-01,2025,Finance,Finance Manager,0,0.07407407806324648,0,0.16908819344089202,Thấp,1,7.41,0,0,1,3859,12.93
6022,2025-01-01,2025,Information Technology,Data Analyst,0,0.1480202435713404,0,0.16908819344089202,Trung bình,2,14.8,0,1,0,1824,58.86
6023,2025-01-01,2025,Human Resources,Recruiter,1,0.1685461713741821,0,0.16908819344089202,Trung bình,2,16.85,0,1,0,1497,66.24
6024,2025-01-01,2025,Sales,Sales Representative,0,0.05457461160618989,0,0.16908819344089202,Thấp,1,5.46,0,0,1,4397,0.79
6026,2025-01-01,2025,Operations,Operations Manager,1,0.16133038882156087,0,0.16908819344089202,Trung bình,2,16.13,0,1,0,1597,63.98
6027,2025-01-01,2025,Human Resources,Recruiter,0,0.07364054666690628,0,0.16908819344089202,Thấp,1,7.36,0,0,1,3882,12.41
6029,2025-01-01,2025,Human Resources,Recruiter,1,0.17891810544076162,1,0.16908819344089202,Cao,3,17.89,1,0,0,1349,69.58
6030,2025-01-01,2025,Information Technology,Software Engineer,0,0.06448999048443645,0,0.16908819344089202,Thấp,1,6.45,0,0,1,4165,6.03
6035,2025-01-01,2025,Finance,Internal Auditor,0,0.40693044290692093,1,0.16908819344089202,Cao,3,40.69,1,0,0,38,99.16
6038,2025-01-01,2025,Information Technology,System Administrator,0,0.11065626089160231,0,0.16908819344089202,Trung bình,2,11.07,0,1,0,2736,38.28
6040,2025-01-01,2025,Operations,Warehouse Supervisor,0,0.304971448736662,1,0.16908819344089202,Cao,3,30.5,1,0,0,315,92.91
6041,2025-01-01,2025,Sales,Sales Representative,0,0.08931540287747304,0,0.16908819344089202,Thấp,1,8.93,0,0,1,3285,25.89
6042,2025-01-01,2025,Marketing,Content Specialist,0,0.05557803811044235,0,0.16908819344089202,Thấp,1,5.56,0,0,1,4385,1.06
6043,2025-01-01,2025,Information Technology,QA Engineer,0,0.17830745456711072,1,0.16908819344089202,Cao,3,17.83,1,0,0,1356,69.42
6045,2025-01-01,2025,Sales,Sales Representative,1,0.24764574513119192,1,0.16908819344089202,Cao,3,24.76,1,0,0,681,84.65
6046,2025-01-01,2025,Information Technology,Software Engineer,0,0.0654173094625637,0,0.16908819344089202,Thấp,1,6.54,0,0,1,4137,6.66
6048,2025-01-01,2025,Finance,Accountant,0,0.08259374482902525,0,0.16908819344089202,Thấp,1,8.26,0,0,1,3506,20.9
6052,2025-01-01,2025,Sales,Sales Supervisor,0,0.32127906044315,1,0.16908819344089202,Cao,3,32.13,1,0,0,246,94.47
6053,2025-01-01,2025,Operations,Procurement Specialist,0,0.07813008673578455,0,0.16908819344089202,Thấp,1,7.81,0,0,1,3701,16.5
6061,2025-01-01,2025,Marketing,Content Specialist,0,0.1143927519123663,0,0.16908819344089202,Trung bình,2,11.44,0,1,0,2609,41.14
6062,2025-01-01,2025,Operations,Operations Executive,0,0.08781289218428072,0,0.16908819344089202,Thấp,1,8.78,0,0,1,3327,24.94
6063,2025-01-01,2025,Operations,Operations Executive,0,0.08432193202586268,0,0.16908819344089202,Thấp,1,8.43,0,0,1,3445,22.27
6064,2025-01-01,2025,Information Technology,QA Engineer,0,0.11563718816678276,0,0.16908819344089202,Trung bình,2,11.56,0,1,0,2575,41.91
6067,2025-01-01,2025,Sales,Account Manager,0,0.08718475014936382,0,0.16908819344089202,Thấp,1,8.72,0,0,1,3340,24.64
6069,2025-01-01,2025,Operations,Warehouse Supervisor,0,0.12085283705631461,0,0.16908819344089202,Trung bình,2,12.09,0,1,0,2446,44.82
6072,2025-01-01,2025,Marketing,Marketing Manager,1,0.34835302141346763,1,0.16908819344089202,Cao,3,34.84,1,0,0,161,96.39
6073,2025-01-01,2025,Marketing,Content Specialist,0,0.23461318236258388,1,0.16908819344089202,Cao,3,23.46,1,0,0,782,82.37
6074,2025-01-01,2025,Information Technology,QA Engineer,0,0.19155915498482542,1,0.16908819344089202,Cao,3,19.16,1,0,0,1213,72.65
6079,2025-01-01,2025,Sales,Sales Executive,1,0.33139515464053304,1,0.16908819344089202,Cao,3,33.14,1,0,0,212,95.24
6083,2025-01-01,2025,Marketing,Marketing Executive,0,0.07615193753230547,0,0.16908819344089202,Thấp,1,7.62,0,0,1,3780,14.71
6085,2025-01-01,2025,Finance,Finance Manager,0,0.13245256038030798,0,0.16908819344089202,Trung bình,2,13.25,0,1,0,2183,50.76
6086,2025-01-01,2025,Sales,Sales Supervisor,0,0.06565342405232891,0,0.16908819344089202,Thấp,1,6.57,0,0,1,4129,6.84
6087,2025-01-01,2025,Finance,Internal Auditor,0,0.08542153714293893,0,0.16908819344089202,Thấp,1,8.54,0,0,1,3404,23.2
6088,2025-01-01,2025,Marketing,Marketing Manager,0,0.05524954172794051,0,0.16908819344089202,Thấp,1,5.52,0,0,1,4391,0.93
6089,2025-01-01,2025,Operations,Operations Executive,0,0.18604165267373385,1,0.16908819344089202,Cao,3,18.6,1,0,0,1269,71.38
6090,2025-01-01,2025,Human Resources,HR Manager,0,0.25310125204464895,1,0.16908819344089202,Cao,3,25.31,1,0,0,631,85.78
6092,2025-01-01,2025,Marketing,Digital Marketing Specialist,0,0.08957941925067683,0,0.16908819344089202,Thấp,1,8.96,0,0,1,3277,26.07
6093,2025-01-01,2025,Marketing,Digital Marketing Specialist,0,0.18483751484741304,1,0.16908819344089202,Cao,3,18.48,1,0,0,1284,71.04
6095,2025-01-01,2025,Finance,Accountant,1,0.39695237303344294,1,0.16908819344089202,Cao,3,39.7,1,0,0,61,98.65
6099,2025-01-01,2025,Sales,Account Manager,0,0.08039037824458273,0,0.16908819344089202,Thấp,1,8.04,0,0,1,3602,18.73
6103,2025-01-01,2025,Information Technology,Data Analyst,0,0.32504813053438414,1,0.16908819344089202,Cao,3,32.5,1,0,0,232,94.79
6108,2025-01-01,2025,Sales,Account Manager,0,0.08846444614967403,0,0.16908819344089202,Thấp,1,8.85,0,0,1,3307,25.39
6110,2025-01-01,2025,Marketing,Digital Marketing Specialist,0,0.06845983999261242,0,0.16908819344089202,Thấp,1,6.85,0,0,1,4045,8.73
6116,2025-01-01,2025,Marketing,Digital Marketing Specialist,0,0.07750291355356673,0,0.16908819344089202,Thấp,1,7.75,0,0,1,3732,15.8
6118,2025-01-01,2025,Information Technology,Software Engineer,0,0.20260629195593996,1,0.16908819344089202,Cao,3,20.26,1,0,0,1110,74.97
6119,2025-01-01,2025,Information Technology,Data Analyst,0,0.09009808079564027,0,0.16908819344089202,Thấp,1,9.01,0,0,1,3266,26.31
6121,2025-01-01,2025,Information Technology,Software Engineer,0,0.16044474373916232,0,0.16908819344089202,Trung bình,2,16.04,0,1,0,1611,63.67
6124,2025-01-01,2025,Marketing,Digital Marketing Specialist,0,0.09527497522462752,0,0.16908819344089202,Thấp,1,9.53,0,0,1,3106,29.93
6126,2025-01-01,2025,Sales,Sales Supervisor,0,0.05792882063904492,0,0.16908819344089202,Thấp,1,5.79,0,0,1,4337,2.14
6128,2025-01-01,2025,Finance,Accountant,0,0.09620113781023999,0,0.16908819344089202,Thấp,1,9.62,0,0,1,3085,30.4
6131,2025-01-01,2025,Sales,Sales Executive,0,0.1324882816063298,0,0.16908819344089202,Trung bình,2,13.25,0,1,0,2180,50.82
6137,2025-01-01,2025,Human Resources,HR Manager,0,0.23417149051958405,1,0.16908819344089202,Cao,3,23.42,1,0,0,791,82.17
6140,2025-01-01,2025,Marketing,Digital Marketing Specialist,0,0.14077331958993045,0,0.16908819344089202,Trung bình,2,14.08,0,1,0,1960,55.79
6145,2025-01-01,2025,Finance,Financial Analyst,0,0.24015842005551585,1,0.16908819344089202,Cao,3,24.02,1,0,0,733,83.48
6148,2025-01-01,2025,Marketing,Marketing Manager,0,0.05783231982759445,0,0.16908819344089202,Thấp,1,5.78,0,0,1,4345,1.96
6150,2025-01-01,2025,Information Technology,System Administrator,0,0.11032652159365751,0,0.16908819344089202,Trung bình,2,11.03,0,1,0,2744,38.1
6152,2025-01-01,2025,Information Technology,QA Engineer,1,0.20611000764859025,1,0.16908819344089202,Cao,3,20.61,1,0,0,1078,75.69
6153,2025-01-01,2025,Operations,Warehouse Supervisor,1,0.11313169181074147,0,0.16908819344089202,Trung bình,2,11.31,0,1,0,2654,40.13
6155,2025-01-01,2025,Marketing,Marketing Manager,0,0.2230633094225073,1,0.16908819344089202,Cao,3,22.31,1,0,0,889,79.96
6156,2025-01-01,2025,Human Resources,C&B Specialist,1,0.11977068939429782,0,0.16908819344089202,Trung bình,2,11.98,0,1,0,2481,44.03
6157,2025-01-01,2025,Human Resources,C&B Specialist,0,0.16575427707813464,0,0.16908819344089202,Trung bình,2,16.58,0,1,0,1533,65.43
6160,2025-01-01,2025,Information Technology,Data Analyst,1,0.23427974607028498,1,0.16908819344089202,Cao,3,23.43,1,0,0,788,82.24
6163,2025-01-01,2025,Operations,Operations Manager,0,0.09050194494088473,0,0.16908819344089202,Thấp,1,9.05,0,0,1,3251,26.65
6168,2025-01-01,2025,Operations,Procurement Specialist,0,0.1519591458685081,0,0.16908819344089202,Trung bình,2,15.2,0,1,0,1751,60.51
6176,2025-01-01,2025,Information Technology,IT Support,0,0.2205265300928399,1,0.16908819344089202,Cao,3,22.05,1,0,0,912,79.44
6178,2025-01-01,2025,Sales,Sales Representative,0,0.0814766993074868,0,0.16908819344089202,Thấp,1,8.15,0,0,1,3549,19.93
6179,2025-01-01,2025,Human Resources,HR Executive,0,0.15384059847782272,0,0.16908819344089202,Trung bình,2,15.38,0,1,0,1717,61.27
6182,2025-01-01,2025,Finance,Finance Manager,0,0.1390948495732265,0,0.16908819344089202,Trung bình,2,13.91,0,1,0,2003,54.82
6185,2025-01-01,2025,Marketing,Marketing Executive,0,0.11221439035361541,0,0.16908819344089202,Trung bình,2,11.22,0,1,0,2682,39.49
6187,2025-01-01,2025,Finance,Financial Analyst,0,0.35191697449866105,1,0.16908819344089202,Cao,3,35.19,1,0,0,151,96.61
6188,2025-01-01,2025,Human Resources,C&B Specialist,0,0.0932639017535244,0,0.16908819344089202,Thấp,1,9.33,0,0,1,3154,28.84
6190,2025-01-01,2025,Human Resources,C&B Specialist,0,0.09849101230673468,0,0.16908819344089202,Thấp,1,9.85,0,0,1,3041,31.39
6193,2025-01-01,2025,Sales,Account Manager,0,0.07718388945329048,0,0.16908819344089202,Thấp,1,7.72,0,0,1,3739,15.64
6197,2025-01-01,2025,Human Resources,HR Executive,0,0.23268419359529435,1,0.16908819344089202,Cao,3,23.27,1,0,0,803,81.9
6198,2025-01-01,2025,Marketing,Content Specialist,1,0.2791875438315629,1,0.16908819344089202,Cao,3,27.92,1,0,0,433,90.25
6200,2025-01-01,2025,Operations,Procurement Specialist,0,0.20227823774100523,1,0.16908819344089202,Cao,3,20.23,1,0,0,1112,74.93
6207,2025-01-01,2025,Sales,Account Manager,0,0.08069609623933567,0,0.16908819344089202,Thấp,1,8.07,0,0,1,3588,19.05
6209,2025-01-01,2025,Operations,Operations Executive,0,0.24736966345541986,1,0.16908819344089202,Cao,3,24.74,1,0,0,683,84.61
6213,2025-01-01,2025,Sales,Account Manager,0,0.13212868529862962,0,0.16908819344089202,Trung bình,2,13.21,0,1,0,2190,50.6
6216,2025-01-01,2025,Marketing,Content Specialist,0,0.12673307315326515,0,0.16908819344089202,Trung bình,2,12.67,0,1,0,2306,47.98
6217,2025-01-01,2025,Information Technology,QA Engineer,1,0.2669464384505284,1,0.16908819344089202,Cao,3,26.69,1,0,0,521,88.26
6219,2025-01-01,2025,Finance,Accountant,0,0.057413408337912926,0,0.16908819344089202,Thấp,1,5.74,0,0,1,4355,1.74
6221,2025-01-01,2025,Operations,Warehouse Supervisor,0,0.17874395937190024,1,0.16908819344089202,Cao,3,17.87,1,0,0,1352,69.51
6222,2025-01-01,2025,Human Resources,Recruiter,0,0.22924108314803532,1,0.16908819344089202,Cao,3,22.92,1,0,0,835,81.18
6224,2025-01-01,2025,Operations,Operations Executive,0,0.15922413726797582,0,0.16908819344089202,Trung bình,2,15.92,0,1,0,1630,63.24
6231,2025-01-01,2025,Marketing,Marketing Executive,0,0.19995040670527897,1,0.16908819344089202,Cao,3,20.0,1,0,0,1142,74.25
6232,2025-01-01,2025,Finance,Internal Auditor,1,0.3867346153020455,1,0.16908819344089202,Cao,3,38.67,1,0,0,75,98.33
6233,2025-01-01,2025,Human Resources,HR Executive,0,0.0647153428293878,0,0.16908819344089202,Thấp,1,6.47,0,0,1,4158,6.18
6234,2025-01-01,2025,Sales,Account Manager,1,0.2384677318514954,1,0.16908819344089202,Cao,3,23.85,1,0,0,744,83.23
6236,2025-01-01,2025,Information Technology,System Administrator,0,0.05761519740696758,0,0.16908819344089202,Thấp,1,5.76,0,0,1,4348,1.9
6237,2025-01-01,2025,Sales,Sales Representative,0,0.18264434609220936,1,0.16908819344089202,Cao,3,18.26,1,0,0,1306,70.55
6239,2025-01-01,2025,Marketing,Marketing Executive,0,0.15047698666095122,0,0.16908819344089202,Trung bình,2,15.05,0,1,0,1781,59.83
6240,2025-01-01,2025,Finance,Internal Auditor,0,0.07687409380468217,0,0.16908819344089202,Thấp,1,7.69,0,0,1,3750,15.39
6241,2025-01-01,2025,Information Technology,Software Engineer,0,0.2647821930809912,1,0.16908819344089202,Cao,3,26.48,1,0,0,537,87.9
6242,2025-01-01,2025,Operations,Procurement Specialist,0,0.07029664917967006,0,0.16908819344089202,Thấp,1,7.03,0,0,1,3989,10.0
6248,2025-01-01,2025,Information Technology,IT Support,0,0.12399660559325935,0,0.16908819344089202,Trung bình,2,12.4,0,1,0,2363,46.69
6249,2025-01-01,2025,Marketing,Marketing Manager,0,0.10168224703264653,0,0.16908819344089202,Trung bình,2,10.17,0,1,0,2956,33.31
6250,2025-01-01,2025,Human Resources,HR Executive,0,0.22038397509599272,1,0.16908819344089202,Cao,3,22.04,1,0,0,914,79.4
6251,2025-01-01,2025,Finance,Accountant,0,0.11747195620542908,0,0.16908819344089202,Trung bình,2,11.75,0,1,0,2524,43.06
6253,2025-01-01,2025,Finance,Internal Auditor,0,0.11725707960758697,0,0.16908819344089202,Trung bình,2,11.73,0,1,0,2526,43.02
6255,2025-01-01,2025,Sales,Sales Executive,1,0.08321064254841726,0,0.16908819344089202,Thấp,1,8.32,0,0,1,3480,21.48
6258,2025-01-01,2025,Information Technology,Data Analyst,1,0.16793072696508807,0,0.16908819344089202,Trung bình,2,16.79,0,1,0,1506,66.03
6259,2025-01-01,2025,Human Resources,HR Manager,0,0.31900106515414434,1,0.16908819344089202,Cao,3,31.9,1,0,0,254,94.29
6260,2025-01-01,2025,Marketing,Marketing Executive,0,0.10013245525969655,0,0.16908819344089202,Thấp,1,10.01,0,0,1,2997,32.39
6264,2025-01-01,2025,Sales,Sales Executive,0,0.06978391971858283,0,0.16908819344089202,Thấp,1,6.98,0,0,1,4001,9.73
6266,2025-01-01,2025,Information Technology,Data Analyst,0,0.13629493486868682,0,0.16908819344089202,Trung bình,2,13.63,0,1,0,2079,53.1
6267,2025-01-01,2025,Operations,Operations Executive,0,0.137605506295437,0,0.16908819344089202,Trung bình,2,13.76,0,1,0,2042,53.94
6268,2025-01-01,2025,Marketing,Content Specialist,1,0.058243167983468506,0,0.16908819344089202,Thấp,1,5.82,0,0,1,4332,2.26
6271,2025-01-01,2025,Finance,Financial Analyst,0,0.07506403673049303,0,0.16908819344089202,Thấp,1,7.51,0,0,1,3818,13.86
6272,2025-01-01,2025,Finance,Finance Manager,0,0.13873197861041114,0,0.16908819344089202,Trung bình,2,13.87,0,1,0,2015,54.55
6273,2025-01-01,2025,Human Resources,Recruiter,0,0.14064966725698483,0,0.16908819344089202,Trung bình,2,14.06,0,1,0,1965,55.68
6274,2025-01-01,2025,Finance,Finance Manager,0,0.06444002103088406,0,0.16908819344089202,Thấp,1,6.44,0,0,1,4166,6.0
6276,2025-01-01,2025,Information Technology,System Administrator,0,0.08532097995331207,0,0.16908819344089202,Thấp,1,8.53,0,0,1,3410,23.06
6279,2025-01-01,2025,Marketing,Digital Marketing Specialist,0,0.0923685632240182,0,0.16908819344089202,Thấp,1,9.24,0,0,1,3185,28.14
6280,2025-01-01,2025,Finance,Internal Auditor,0,0.08141087184978366,0,0.16908819344089202,Thấp,1,8.14,0,0,1,3553,19.84
6281,2025-01-01,2025,Finance,Internal Auditor,0,0.15499650598079215,0,0.16908819344089202,Trung bình,2,15.5,0,1,0,1697,61.72
6283,2025-01-01,2025,Information Technology,System Administrator,0,0.2827466330796175,1,0.16908819344089202,Cao,3,28.27,1,0,0,411,90.75
6284,2025-01-01,2025,Human Resources,C&B Specialist,0,0.055202810204486225,0,0.16908819344089202,Thấp,1,5.52,0,0,1,4392,0.9
6294,2025-01-01,2025,Finance,Accountant,0,0.11238529113197099,0,0.16908819344089202,Trung bình,2,11.24,0,1,0,2675,39.65
6295,2025-01-01,2025,Operations,Warehouse Supervisor,1,0.14558602416476926,0,0.16908819344089202,Trung bình,2,14.56,0,1,0,1870,57.82
6297,2025-01-01,2025,Human Resources,HR Manager,0,0.10458854208148254,0,0.16908819344089202,Trung bình,2,10.46,0,1,0,2889,34.82
6299,2025-01-01,2025,Operations,Operations Manager,0,0.07481017572285904,0,0.16908819344089202,Thấp,1,7.48,0,0,1,3827,13.65
6305,2025-01-01,2025,Human Resources,Recruiter,1,0.3675644597818905,1,0.16908819344089202,Cao,3,36.76,1,0,0,112,97.49
6307,2025-01-01,2025,Information Technology,System Administrator,0,0.07273211441210657,0,0.16908819344089202,Thấp,1,7.27,0,0,1,3908,11.83
6308,2025-01-01,2025,Operations,Warehouse Supervisor,1,0.44011499142425814,1,0.16908819344089202,Cao,3,44.01,1,0,0,15,99.68
6312,2025-01-01,2025,Marketing,Marketing Executive,1,0.13842749481050967,0,0.16908819344089202,Trung bình,2,13.84,0,1,0,2027,54.28
6313,2025-01-01,2025,Sales,Sales Supervisor,0,0.13664870735492288,0,0.16908819344089202,Trung bình,2,13.66,0,1,0,2071,53.28
6314,2025-01-01,2025,Finance,Finance Manager,1,0.1378974823247608,0,0.16908819344089202,Trung bình,2,13.79,0,1,0,2035,54.1
6316,2025-01-01,2025,Sales,Account Manager,1,0.36154539956172654,1,0.16908819344089202,Cao,3,36.15,1,0,0,128,97.13
6317,2025-01-01,2025,Finance,Finance Manager,0,0.08409252961807068,0,0.16908819344089202,Thấp,1,8.41,0,0,1,3457,22.0
6322,2025-01-01,2025,Human Resources,HR Executive,0,0.22060259316652842,1,0.16908819344089202,Cao,3,22.06,1,0,0,910,79.49
6323,2025-01-01,2025,Marketing,Marketing Manager,1,0.16467754954637293,0,0.16908819344089202,Trung bình,2,16.47,0,1,0,1550,65.04
6324,2025-01-01,2025,Information Technology,Software Engineer,0,0.10723045866843303,0,0.16908819344089202,Trung bình,2,10.72,0,1,0,2835,36.04
6329,2025-01-01,2025,Human Resources,HR Manager,0,0.08021991619055874,0,0.16908819344089202,Thấp,1,8.02,0,0,1,3613,18.48
6331,2025-01-01,2025,Finance,Financial Analyst,0,0.20595184031687713,1,0.16908819344089202,Cao,3,20.6,1,0,0,1083,75.58
6332,2025-01-01,2025,Sales,Sales Supervisor,0,0.0675456074156877,0,0.16908819344089202,Thấp,1,6.75,0,0,1,4070,8.17
6333,2025-01-01,2025,Sales,Sales Executive,0,0.08526469998835914,0,0.16908819344089202,Thấp,1,8.53,0,0,1,3413,23.0
6340,2025-01-01,2025,Finance,Internal Auditor,0,0.08195857116818193,0,0.16908819344089202,Thấp,1,8.2,0,0,1,3529,20.38
6342,2025-01-01,2025,Information Technology,IT Support,0,0.23830271029988068,1,0.16908819344089202,Cao,3,23.83,1,0,0,746,83.19
6343,2025-01-01,2025,Marketing,Digital Marketing Specialist,0,0.22366381742129618,1,0.16908819344089202,Cao,3,22.37,1,0,0,879,80.19
6344,2025-01-01,2025,Human Resources,HR Manager,0,0.08492556054784685,0,0.16908819344089202,Thấp,1,8.49,0,0,1,3429,22.64
6346,2025-01-01,2025,Finance,Accountant,1,0.09722617500130165,0,0.16908819344089202,Thấp,1,9.72,0,0,1,3062,30.92
6347,2025-01-01,2025,Information Technology,IT Support,0,0.22390319420685525,1,0.16908819344089202,Cao,3,22.39,1,0,0,878,80.21
6350,2025-01-01,2025,Operations,Operations Executive,0,0.08294815540622709,0,0.16908819344089202,Thấp,1,8.29,0,0,1,3490,21.26
6351,2025-01-01,2025,Information Technology,Software Engineer,0,0.08635799933873896,0,0.16908819344089202,Thấp,1,8.64,0,0,1,3376,23.83
6352,2025-01-01,2025,Information Technology,Software Engineer,0,0.06928862232210552,0,0.16908819344089202,Thấp,1,6.93,0,0,1,4022,9.25
6355,2025-01-01,2025,Sales,Account Manager,0,0.2327197854715456,1,0.16908819344089202,Cao,3,23.27,1,0,0,802,81.92
6361,2025-01-01,2025,Information Technology,Software Engineer,1,0.24994873014005112,1,0.16908819344089202,Cao,3,24.99,1,0,0,655,85.24
6362,2025-01-01,2025,Sales,Sales Executive,1,0.29245345847993187,1,0.16908819344089202,Cao,3,29.25,1,0,0,361,91.88
6366,2025-01-01,2025,Marketing,Digital Marketing Specialist,0,0.09410603883812518,0,0.16908819344089202,Thấp,1,9.41,0,0,1,3132,29.34
6367,2025-01-01,2025,Marketing,Content Specialist,0,0.08640087264968406,0,0.16908819344089202,Thấp,1,8.64,0,0,1,3374,23.88
6369,2025-01-01,2025,Finance,Internal Auditor,0,0.23239002298745484,1,0.16908819344089202,Cao,3,23.24,1,0,0,809,81.76
6370,2025-01-01,2025,Finance,Internal Auditor,0,0.07674568770565707,0,0.16908819344089202,Thấp,1,7.67,0,0,1,3757,15.23
6371,2025-01-01,2025,Operations,Warehouse Supervisor,0,0.09152704521060855,0,0.16908819344089202,Thấp,1,9.15,0,0,1,3212,27.53
6376,2025-01-01,2025,Operations,Warehouse Supervisor,1,0.2710420612272184,1,0.16908819344089202,Cao,3,27.1,1,0,0,486,89.05
6377,2025-01-01,2025,Operations,Procurement Specialist,0,0.21064586872597368,1,0.16908819344089202,Cao,3,21.06,1,0,0,1022,76.96
6378,2025-01-01,2025,Finance,Finance Manager,0,0.17991025602946167,1,0.16908819344089202,Cao,3,17.99,1,0,0,1337,69.85
6379,2025-01-01,2025,Operations,Warehouse Supervisor,0,0.1976328129080995,1,0.16908819344089202,Cao,3,19.76,1,0,0,1160,73.84
6381,2025-01-01,2025,Human Resources,C&B Specialist,0,0.07786376751931462,0,0.16908819344089202,Thấp,1,7.79,0,0,1,3717,16.14
6382,2025-01-01,2025,Marketing,Marketing Manager,0,0.0738324457610735,0,0.16908819344089202,Thấp,1,7.38,0,0,1,3870,12.68
6385,2025-01-01,2025,Operations,Warehouse Supervisor,0,0.0803596862834921,0,0.16908819344089202,Thấp,1,8.04,0,0,1,3605,18.66
6386,2025-01-01,2025,Operations,Procurement Specialist,0,0.08346420099060387,0,0.16908819344089202,Thấp,1,8.35,0,0,1,3472,21.67
6388,2025-01-01,2025,Marketing,Digital Marketing Specialist,0,0.06294461470892652,0,0.16908819344089202,Thấp,1,6.29,0,0,1,4215,4.9
6389,2025-01-01,2025,Marketing,Marketing Executive,1,0.1213838396657389,0,0.16908819344089202,Trung bình,2,12.14,0,1,0,2432,45.14
6391,2025-01-01,2025,Operations,Operations Executive,0,0.13503525570913308,0,0.16908819344089202,Trung bình,2,13.5,0,1,0,2113,52.34
6396,2025-01-01,2025,Human Resources,HR Manager,0,0.12802035380867527,0,0.16908819344089202,Trung bình,2,12.8,0,1,0,2279,48.59
6398,2025-01-01,2025,Sales,Sales Supervisor,0,0.0838037418287864,0,0.16908819344089202,Thấp,1,8.38,0,0,1,3468,21.76
6400,2025-01-01,2025,Operations,Operations Manager,0,0.14262079842940006,0,0.16908819344089202,Trung bình,2,14.26,0,1,0,1921,56.67
6401,2025-01-01,2025,Operations,Operations Executive,0,0.08250949012807898,0,0.16908819344089202,Thấp,1,8.25,0,0,1,3510,20.81
6402,2025-01-01,2025,Information Technology,IT Support,1,0.274028117271539,1,0.16908819344089202,Cao,3,27.4,1,0,0,470,89.42
6405,2025-01-01,2025,Finance,Finance Manager,0,0.08759865629503001,0,0.16908819344089202,Thấp,1,8.76,0,0,1,3330,24.87
6407,2025-01-01,2025,Human Resources,Recruiter,0,0.22461803724422752,1,0.16908819344089202,Cao,3,22.46,1,0,0,868,80.43
6410,2025-01-01,2025,Sales,Account Manager,0,0.09849492425432188,0,0.16908819344089202,Thấp,1,9.85,0,0,1,3040,31.42
6414,2025-01-01,2025,Operations,Procurement Specialist,0,0.06733676940747221,0,0.16908819344089202,Thấp,1,6.73,0,0,1,4078,7.99
6420,2025-01-01,2025,Finance,Finance Manager,0,0.107062258928987,0,0.16908819344089202,Trung bình,2,10.71,0,1,0,2837,36.0
6427,2025-01-01,2025,Operations,Operations Manager,0,0.10693519765935408,0,0.16908819344089202,Trung bình,2,10.69,0,1,0,2844,35.84
6430,2025-01-01,2025,Human Resources,Recruiter,0,0.16080456829714337,0,0.16908819344089202,Trung bình,2,16.08,0,1,0,1606,63.78
6431,2025-01-01,2025,Information Technology,System Administrator,1,0.36863420840949424,1,0.16908819344089202,Cao,3,36.86,1,0,0,109,97.56
6432,2025-01-01,2025,Sales,Account Manager,1,0.1424352479815335,0,0.16908819344089202,Trung bình,2,14.24,0,1,0,1924,56.6
6433,2025-01-01,2025,Human Resources,HR Manager,0,0.2905111926327473,1,0.16908819344089202,Cao,3,29.05,1,0,0,372,91.63
6435,2025-01-01,2025,Sales,Account Manager,0,0.18666780474764436,1,0.16908819344089202,Cao,3,18.67,1,0,0,1259,71.61
6440,2025-01-01,2025,Finance,Internal Auditor,0,0.11592116318207199,0,0.16908819344089202,Trung bình,2,11.59,0,1,0,2565,42.13
6442,2025-01-01,2025,Marketing,Marketing Executive,0,0.06441842023521803,0,0.16908819344089202,Thấp,1,6.44,0,0,1,4167,5.98
6445,2025-01-01,2025,Operations,Warehouse Supervisor,0,0.1178091486959862,0,0.16908819344089202,Trung bình,2,11.78,0,1,0,2519,43.17
6446,2025-01-01,2025,Finance,Financial Analyst,0,0.13981234338089013,0,0.16908819344089202,Trung bình,2,13.98,0,1,0,1978,55.38
6447,2025-01-01,2025,Human Resources,Recruiter,0,0.0550693969436195,0,0.16908819344089202,Thấp,1,5.51,0,0,1,4394,0.86
6449,2025-01-01,2025,Finance,Finance Manager,0,0.07659355294554183,0,0.16908819344089202,Thấp,1,7.66,0,0,1,3761,15.14
6450,2025-01-01,2025,Operations,Operations Manager,0,0.1373039384655178,0,0.16908819344089202,Trung bình,2,13.73,0,1,0,2051,53.74
6452,2025-01-01,2025,Human Resources,HR Manager,0,0.07654651592613308,0,0.16908819344089202,Thấp,1,7.65,0,0,1,3763,15.1
6453,2025-01-01,2025,Sales,Sales Supervisor,0,0.15901278259525586,0,0.16908819344089202,Trung bình,2,15.9,0,1,0,1638,63.06
6454,2025-01-01,2025,Finance,Internal Auditor,1,0.08396916914073295,0,0.16908819344089202,Thấp,1,8.4,0,0,1,3462,21.89
6455,2025-01-01,2025,Human Resources,HR Executive,0,0.15802195712042846,0,0.16908819344089202,Trung bình,2,15.8,0,1,0,1655,62.67
6456,2025-01-01,2025,Operations,Procurement Specialist,0,0.17260182639257643,1,0.16908819344089202,Cao,3,17.26,1,0,0,1447,67.37
6458,2025-01-01,2025,Operations,Operations Executive,0,0.13369776937613478,0,0.16908819344089202,Trung bình,2,13.37,0,1,0,2142,51.68
6464,2025-01-01,2025,Human Resources,C&B Specialist,0,0.0740355968772483,0,0.16908819344089202,Thấp,1,7.4,0,0,1,3862,12.86
6465,2025-01-01,2025,Information Technology,IT Support,0,0.0943874788533635,0,0.16908819344089202,Thấp,1,9.44,0,0,1,3125,29.5
6467,2025-01-01,2025,Information Technology,System Administrator,0,0.35304971912804745,1,0.16908819344089202,Cao,3,35.3,1,0,0,149,96.66
6471,2025-01-01,2025,Operations,Operations Executive,0,0.3137077779540837,1,0.16908819344089202,Cao,3,31.37,1,0,0,284,93.61
6472,2025-01-01,2025,Information Technology,System Administrator,0,0.26858912781378685,1,0.16908819344089202,Cao,3,26.86,1,0,0,511,88.49
6473,2025-01-01,2025,Human Resources,C&B Specialist,0,0.08940855884322585,0,0.16908819344089202,Thấp,1,8.94,0,0,1,3284,25.91
6474,2025-01-01,2025,Human Resources,Recruiter,0,0.17176702184797163,1,0.16908819344089202,Cao,3,17.18,1,0,0,1454,67.21
6476,2025-01-01,2025,Finance,Financial Analyst,0,0.07727258937046523,0,0.16908819344089202,Thấp,1,7.73,0,0,1,3736,15.71
6479,2025-01-01,2025,Finance,Internal Auditor,0,0.07711850860533236,0,0.16908819344089202,Thấp,1,7.71,0,0,1,3742,15.57
6480,2025-01-01,2025,Human Resources,Recruiter,0,0.1110600388869144,0,0.16908819344089202,Trung bình,2,11.11,0,1,0,2721,38.61
6483,2025-01-01,2025,Sales,Sales Supervisor,0,0.2524571309004727,1,0.16908819344089202,Cao,3,25.25,1,0,0,634,85.71
6484,2025-01-01,2025,Operations,Operations Executive,0,0.18065386808378361,1,0.16908819344089202,Cao,3,18.07,1,0,0,1327,70.07
6486,2025-01-01,2025,Operations,Procurement Specialist,0,0.3392903768411821,1,0.16908819344089202,Cao,3,33.93,1,0,0,190,95.73
6491,2025-01-01,2025,Operations,Procurement Specialist,0,0.1026368401848091,0,0.16908819344089202,Trung bình,2,10.26,0,1,0,2929,33.92
6493,2025-01-01,2025,Sales,Sales Representative,0,0.24462867158814425,1,0.16908819344089202,Cao,3,24.46,1,0,0,704,84.13
6494,2025-01-01,2025,Operations,Operations Manager,0,0.1830576720420907,1,0.16908819344089202,Cao,3,18.31,1,0,0,1303,70.62
6498,2025-01-01,2025,Sales,Account Manager,0,0.10601991636657661,0,0.16908819344089202,Trung bình,2,10.6,0,1,0,2862,35.43
6499,2025-01-01,2025,Sales,Sales Executive,0,0.21099814684058274,1,0.16908819344089202,Cao,3,21.1,1,0,0,1019,77.03
6501,2025-01-01,2025,Operations,Procurement Specialist,0,0.07243299221064692,0,0.16908819344089202,Thấp,1,7.24,0,0,1,3915,11.67
6502,2025-01-01,2025,Sales,Account Manager,0,0.15039133954531864,0,0.16908819344089202,Trung bình,2,15.04,0,1,0,1783,59.78
6503,2025-01-01,2025,Finance,Financial Analyst,0,0.07468391255817713,0,0.16908819344089202,Thấp,1,7.47,0,0,1,3833,13.52
6504,2025-01-01,2025,Sales,Sales Executive,0,0.06536032032379425,0,0.16908819344089202,Thấp,1,6.54,0,0,1,4139,6.61
6507,2025-01-01,2025,Finance,Accountant,0,0.09357580832123708,0,0.16908819344089202,Thấp,1,9.36,0,0,1,3150,28.93
6509,2025-01-01,2025,Information Technology,IT Support,0,0.07853118014460429,0,0.16908819344089202,Thấp,1,7.85,0,0,1,3685,16.86
6511,2025-01-01,2025,Operations,Operations Manager,0,0.2883475773005449,1,0.16908819344089202,Cao,3,28.83,1,0,0,381,91.42
6512,2025-01-01,2025,Information Technology,IT Support,0,0.10364459526081828,0,0.16908819344089202,Trung bình,2,10.36,0,1,0,2907,34.42
6514,2025-01-01,2025,Sales,Account Manager,0,0.0758050819007433,0,0.16908819344089202,Thấp,1,7.58,0,0,1,3791,14.47
6515,2025-01-01,2025,Marketing,Content Specialist,0,0.059636424179799995,0,0.16908819344089202,Thấp,1,5.96,0,0,1,4308,2.8
6516,2025-01-01,2025,Human Resources,HR Executive,0,0.11954433354213954,0,0.16908819344089202,Trung bình,2,11.95,0,1,0,2484,43.96
6518,2025-01-01,2025,Information Technology,QA Engineer,0,0.10810599164486637,0,0.16908819344089202,Trung bình,2,10.81,0,1,0,2808,36.65
6519,2025-01-01,2025,Sales,Sales Representative,0,0.1200067206314218,0,0.16908819344089202,Trung bình,2,12.0,0,1,0,2473,44.21
6522,2025-01-01,2025,Sales,Sales Executive,0,0.4359877750889751,1,0.16908819344089202,Cao,3,43.6,1,0,0,17,99.64
6523,2025-01-01,2025,Human Resources,C&B Specialist,1,0.23891566000558911,1,0.16908819344089202,Cao,3,23.89,1,0,0,739,83.34
6525,2025-01-01,2025,Information Technology,QA Engineer,0,0.14609704043267963,0,0.16908819344089202,Trung bình,2,14.61,0,1,0,1861,58.02
6526,2025-01-01,2025,Information Technology,IT Support,0,0.4046122913363577,1,0.16908819344089202,Cao,3,40.46,1,0,0,46,98.98
6527,2025-01-01,2025,Marketing,Content Specialist,0,0.13339495554726566,0,0.16908819344089202,Trung bình,2,13.34,0,1,0,2151,51.48
6530,2025-01-01,2025,Human Resources,HR Manager,0,0.4043435323739325,1,0.16908819344089202,Cao,3,40.43,1,0,0,47,98.96
6531,2025-01-01,2025,Finance,Finance Manager,0,0.06101275795661689,0,0.16908819344089202,Thấp,1,6.1,0,0,1,4269,3.68
6534,2025-01-01,2025,Information Technology,Software Engineer,1,0.3778059032353605,1,0.16908819344089202,Cao,3,37.78,1,0,0,91,97.97
6539,2025-01-01,2025,Marketing,Marketing Manager,0,0.0741067774577369,0,0.16908819344089202,Thấp,1,7.41,0,0,1,3855,13.02
6541,2025-01-01,2025,Marketing,Digital Marketing Specialist,0,0.08422009432568009,0,0.16908819344089202,Thấp,1,8.42,0,0,1,3449,22.18
6543,2025-01-01,2025,Human Resources,C&B Specialist,0,0.17470742175601478,1,0.16908819344089202,Cao,3,17.47,1,0,0,1412,68.16
6544,2025-01-01,2025,Information Technology,System Administrator,0,0.09258700810220934,0,0.16908819344089202,Thấp,1,9.26,0,0,1,3173,28.41
6545,2025-01-01,2025,Marketing,Digital Marketing Specialist,0,0.10758427828796116,0,0.16908819344089202,Trung bình,2,10.76,0,1,0,2825,36.27
6546,2025-01-01,2025,Information Technology,IT Support,0,0.20181510577164796,1,0.16908819344089202,Cao,3,20.18,1,0,0,1116,74.84
6547,2025-01-01,2025,Finance,Accountant,0,0.14203917752175396,0,0.16908819344089202,Trung bình,2,14.2,0,1,0,1937,56.31
6548,2025-01-01,2025,Finance,Accountant,0,0.08702515757248198,0,0.16908819344089202,Thấp,1,8.7,0,0,1,3347,24.49
6551,2025-01-01,2025,Information Technology,IT Support,1,0.3358984990707325,1,0.16908819344089202,Cao,3,33.59,1,0,0,198,95.55
6553,2025-01-01,2025,Human Resources,C&B Specialist,0,0.25383959159232816,1,0.16908819344089202,Cao,3,25.38,1,0,0,621,86.01
6555,2025-01-01,2025,Marketing,Content Specialist,0,0.06490528324118366,0,0.16908819344089202,Thấp,1,6.49,0,0,1,4155,6.25
6556,2025-01-01,2025,Sales,Account Manager,0,0.18091459589347944,1,0.16908819344089202,Cao,3,18.09,1,0,0,1323,70.16
6557,2025-01-01,2025,Marketing,Content Specialist,1,0.18347666302469826,1,0.16908819344089202,Cao,3,18.35,1,0,0,1297,70.75
6558,2025-01-01,2025,Sales,Sales Supervisor,0,0.2129262311628292,1,0.16908819344089202,Cao,3,21.29,1,0,0,998,77.5
6560,2025-01-01,2025,Human Resources,HR Executive,0,0.07671191004680553,0,0.16908819344089202,Thấp,1,7.67,0,0,1,3759,15.19
6561,2025-01-01,2025,Operations,Operations Manager,0,0.0912234072762507,0,0.16908819344089202,Thấp,1,9.12,0,0,1,3224,27.26
6562,2025-01-01,2025,Sales,Sales Representative,0,0.051595771035778025,0,0.16908819344089202,Thấp,1,5.16,0,0,1,4419,0.29
6563,2025-01-01,2025,Marketing,Digital Marketing Specialist,1,0.06619587596417335,0,0.16908819344089202,Thấp,1,6.62,0,0,1,4112,7.22
6565,2025-01-01,2025,Finance,Finance Manager,1,0.26645422863040386,1,0.16908819344089202,Cao,3,26.65,1,0,0,524,88.2
6567,2025-01-01,2025,Operations,Operations Executive,0,0.07640991724950771,0,0.16908819344089202,Thấp,1,7.64,0,0,1,3771,14.92
6569,2025-01-01,2025,Operations,Operations Manager,1,0.18387972179687867,1,0.16908819344089202,Cao,3,18.39,1,0,0,1291,70.89
6570,2025-01-01,2025,Marketing,Digital Marketing Specialist,0,0.13957876694993668,0,0.16908819344089202,Trung bình,2,13.96,0,1,0,1989,55.13
6572,2025-01-01,2025,Information Technology,IT Support,0,0.09798225223644257,0,0.16908819344089202,Thấp,1,9.8,0,0,1,3051,31.17
6573,2025-01-01,2025,Sales,Sales Executive,0,0.1079148900266546,0,0.16908819344089202,Trung bình,2,10.79,0,1,0,2814,36.52
6575,2025-01-01,2025,Operations,Warehouse Supervisor,0,0.1556308296777788,0,0.16908819344089202,Trung bình,2,15.56,0,1,0,1690,61.88
6577,2025-01-01,2025,Human Resources,C&B Specialist,0,0.13165688463677508,0,0.16908819344089202,Trung bình,2,13.17,0,1,0,2205,50.26
6578,2025-01-01,2025,Marketing,Marketing Manager,0,0.08098481070449845,0,0.16908819344089202,Thấp,1,8.1,0,0,1,3571,19.43
6583,2025-01-01,2025,Sales,Sales Representative,1,0.09265130964469162,0,0.16908819344089202,Thấp,1,9.27,0,0,1,3170,28.48
6586,2025-01-01,2025,Human Resources,HR Executive,0,0.08143316335856708,0,0.16908819344089202,Thấp,1,8.14,0,0,1,3552,19.86
6588,2025-01-01,2025,Operations,Procurement Specialist,0,0.2028917814116532,1,0.16908819344089202,Cao,3,20.29,1,0,0,1109,74.99
6590,2025-01-01,2025,Sales,Sales Representative,0,0.0798037229020451,0,0.16908819344089202,Thấp,1,7.98,0,0,1,3629,18.12
6591,2025-01-01,2025,Human Resources,HR Manager,0,0.10264028499790627,0,0.16908819344089202,Trung bình,2,10.26,0,1,0,2928,33.94
6592,2025-01-01,2025,Finance,Finance Manager,0,0.07554510343226883,0,0.16908819344089202,Thấp,1,7.55,0,0,1,3799,14.29
6593,2025-01-01,2025,Operations,Operations Executive,0,0.11595972256170896,0,0.16908819344089202,Trung bình,2,11.6,0,1,0,2564,42.16
6595,2025-01-01,2025,Information Technology,Data Analyst,0,0.08194701003133394,0,0.16908819344089202,Thấp,1,8.19,0,0,1,3531,20.33
6600,2025-01-01,2025,Finance,Financial Analyst,1,0.1498106472224768,0,0.16908819344089202,Trung bình,2,14.98,0,1,0,1800,59.4
6604,2025-01-01,2025,Marketing,Digital Marketing Specialist,0,0.06133340191380446,0,0.16908819344089202,Thấp,1,6.13,0,0,1,4260,3.88
6605,2025-01-01,2025,Sales,Account Manager,0,0.10203399483904699,0,0.16908819344089202,Trung bình,2,10.2,0,1,0,2952,33.4
6606,2025-01-01,2025,Finance,Financial Analyst,0,0.15382175622468303,0,0.16908819344089202,Trung bình,2,15.38,0,1,0,1718,61.25
6607,2025-01-01,2025,Finance,Accountant,0,0.07165521019715641,0,0.16908819344089202,Thấp,1,7.17,0,0,1,3942,11.06
6609,2025-01-01,2025,Sales,Sales Supervisor,0,0.13843605112617063,0,0.16908819344089202,Trung bình,2,13.84,0,1,0,2026,54.3
6611,2025-01-01,2025,Sales,Sales Representative,0,0.10616694280235073,0,0.16908819344089202,Trung bình,2,10.62,0,1,0,2861,35.45
6612,2025-01-01,2025,Human Resources,HR Executive,0,0.20715918533360914,1,0.16908819344089202,Cao,3,20.72,1,0,0,1067,75.94
6613,2025-01-01,2025,Human Resources,HR Executive,0,0.298229840340302,1,0.16908819344089202,Cao,3,29.82,1,0,0,339,92.37
6614,2025-01-01,2025,Human Resources,HR Manager,1,0.15468981577116672,0,0.16908819344089202,Trung bình,2,15.47,0,1,0,1703,61.59
6616,2025-01-01,2025,Information Technology,Software Engineer,0,0.1435699051338075,0,0.16908819344089202,Trung bình,2,14.36,0,1,0,1899,57.17
6617,2025-01-01,2025,Finance,Financial Analyst,0,0.13848883342849605,0,0.16908819344089202,Trung bình,2,13.85,0,1,0,2020,54.43
6621,2025-01-01,2025,Operations,Operations Executive,1,0.11799952007807749,0,0.16908819344089202,Trung bình,2,11.8,0,1,0,2516,43.24
6622,2025-01-01,2025,Operations,Operations Executive,0,0.2814802218847256,1,0.16908819344089202,Cao,3,28.15,1,0,0,419,90.57
6624,2025-01-01,2025,Marketing,Marketing Executive,0,0.06663505951274902,0,0.16908819344089202,Thấp,1,6.66,0,0,1,4099,7.52
6626,2025-01-01,2025,Finance,Accountant,0,0.12969639555384485,0,0.16908819344089202,Trung bình,2,12.97,0,1,0,2251,49.22
6627,2025-01-01,2025,Operations,Warehouse Supervisor,1,0.17210914279399078,1,0.16908819344089202,Cao,3,17.21,1,0,0,1452,67.25
6629,2025-01-01,2025,Information Technology,Data Analyst,0,0.08176729968477306,0,0.16908819344089202,Thấp,1,8.18,0,0,1,3539,20.15
6631,2025-01-01,2025,Sales,Sales Executive,1,0.1546301567851064,0,0.16908819344089202,Trung bình,2,15.46,0,1,0,1704,61.57
6632,2025-01-01,2025,Operations,Procurement Specialist,0,0.27340935310397485,1,0.16908819344089202,Cao,3,27.34,1,0,0,474,89.33
6634,2025-01-01,2025,Finance,Financial Analyst,0,0.2503225146679652,1,0.16908819344089202,Cao,3,25.03,1,0,0,651,85.33
6638,2025-01-01,2025,Marketing,Marketing Manager,0,0.05188968307770678,0,0.16908819344089202,Thấp,1,5.19,0,0,1,4417,0.34
6641,2025-01-01,2025,Marketing,Content Specialist,0,0.07001882919864003,0,0.16908819344089202,Thấp,1,7.0,0,0,1,3994,9.88
6644,2025-01-01,2025,Marketing,Content Specialist,0,0.06261781896323186,0,0.16908819344089202,Thấp,1,6.26,0,0,1,4225,4.67
6646,2025-01-01,2025,Finance,Accountant,0,0.3614503832073867,1,0.16908819344089202,Cao,3,36.15,1,0,0,129,97.11
6647,2025-01-01,2025,Marketing,Marketing Executive,0,0.1802369723333916,1,0.16908819344089202,Cao,3,18.02,1,0,0,1333,69.94
6652,2025-01-01,2025,Operations,Procurement Specialist,1,0.08413463513549599,0,0.16908819344089202,Thấp,1,8.41,0,0,1,3455,22.05
6655,2025-01-01,2025,Operations,Operations Manager,0,0.08621222137473045,0,0.16908819344089202,Thấp,1,8.62,0,0,1,3382,23.7
6656,2025-01-01,2025,Finance,Finance Manager,0,0.1120711055433762,0,0.16908819344089202,Trung bình,2,11.21,0,1,0,2686,39.4
6657,2025-01-01,2025,Sales,Sales Representative,0,0.1112700825684081,0,0.16908819344089202,Trung bình,2,11.13,0,1,0,2713,38.79
6658,2025-01-01,2025,Marketing,Digital Marketing Specialist,0,0.06494330265960298,0,0.16908819344089202,Thấp,1,6.49,0,0,1,4153,6.3
6659,2025-01-01,2025,Information Technology,QA Engineer,0,0.2758783873682146,1,0.16908819344089202,Cao,3,27.59,1,0,0,458,89.69
6660,2025-01-01,2025,Finance,Financial Analyst,0,0.15127891417674416,0,0.16908819344089202,Trung bình,2,15.13,0,1,0,1764,60.21
6663,2025-01-01,2025,Information Technology,IT Support,0,0.11901436377902887,0,0.16908819344089202,Trung bình,2,11.9,0,1,0,2500,43.6
6669,2025-01-01,2025,Information Technology,System Administrator,0,0.1955969776941333,1,0.16908819344089202,Cao,3,19.56,1,0,0,1175,73.5
6671,2025-01-01,2025,Sales,Account Manager,0,0.11438918915576445,0,0.16908819344089202,Trung bình,2,11.44,0,1,0,2610,41.12
6672,2025-01-01,2025,Marketing,Marketing Executive,0,0.1600039785627822,0,0.16908819344089202,Trung bình,2,16.0,0,1,0,1621,63.44
6673,2025-01-01,2025,Operations,Procurement Specialist,0,0.07989370750037239,0,0.16908819344089202,Thấp,1,7.99,0,0,1,3625,18.21
6675,2025-01-01,2025,Information Technology,IT Support,0,0.29599932145622,1,0.16908819344089202,Cao,3,29.6,1,0,0,349,92.15
6676,2025-01-01,2025,Human Resources,Recruiter,0,0.15068723357587324,0,0.16908819344089202,Trung bình,2,15.07,0,1,0,1777,59.92
6679,2025-01-01,2025,Finance,Internal Auditor,0,0.08898375522572777,0,0.16908819344089202,Thấp,1,8.9,0,0,1,3293,25.71
6682,2025-01-01,2025,Sales,Account Manager,0,0.110728792596854,0,0.16908819344089202,Trung bình,2,11.07,0,1,0,2734,38.32
6683,2025-01-01,2025,Marketing,Digital Marketing Specialist,0,0.21281628891132318,1,0.16908819344089202,Cao,3,21.28,1,0,0,1001,77.43
6684,2025-01-01,2025,Sales,Sales Representative,0,0.23354165942542526,1,0.16908819344089202,Cao,3,23.35,1,0,0,795,82.08
6686,2025-01-01,2025,Marketing,Digital Marketing Specialist,0,0.1195566137751353,0,0.16908819344089202,Trung bình,2,11.96,0,1,0,2483,43.99
6688,2025-01-01,2025,Operations,Operations Manager,0,0.26132053102852815,1,0.16908819344089202,Cao,3,26.13,1,0,0,569,87.18
6689,2025-01-01,2025,Information Technology,Data Analyst,0,0.33447550500650364,1,0.16908819344089202,Cao,3,33.45,1,0,0,202,95.46
6690,2025-01-01,2025,Information Technology,IT Support,1,0.17037160992917855,1,0.16908819344089202,Cao,3,17.04,1,0,0,1476,66.71
6692,2025-01-01,2025,Marketing,Marketing Manager,0,0.10807232722613293,0,0.16908819344089202,Trung bình,2,10.81,0,1,0,2810,36.61
6695,2025-01-01,2025,Operations,Procurement Specialist,1,0.2792248836696024,1,0.16908819344089202,Cao,3,27.92,1,0,0,432,90.27
6696,2025-01-01,2025,Operations,Operations Executive,0,0.07981714330807826,0,0.16908819344089202,Thấp,1,7.98,0,0,1,3628,18.14
6697,2025-01-01,2025,Operations,Operations Manager,0,0.12238689676276088,0,0.16908819344089202,Trung bình,2,12.24,0,1,0,2400,45.86
6699,2025-01-01,2025,Sales,Sales Representative,1,0.12104847053050169,0,0.16908819344089202,Trung bình,2,12.1,0,1,0,2438,45.0
6700,2025-01-01,2025,Finance,Accountant,0,0.1374950500410624,0,0.16908819344089202,Trung bình,2,13.75,0,1,0,2044,53.89
6705,2025-01-01,2025,Information Technology,Software Engineer,1,0.18253739427357024,1,0.16908819344089202,Cao,3,18.25,1,0,0,1307,70.53
6706,2025-01-01,2025,Marketing,Marketing Manager,0,0.06467052784698551,0,0.16908819344089202,Thấp,1,6.47,0,0,1,4160,6.14
6707,2025-01-01,2025,Information Technology,IT Support,0,0.08122972560071522,0,0.16908819344089202,Thấp,1,8.12,0,0,1,3560,19.68
6708,2025-01-01,2025,Human Resources,HR Executive,0,0.07368298035364057,0,0.16908819344089202,Thấp,1,7.37,0,0,1,3881,12.44
6710,2025-01-01,2025,Sales,Sales Representative,0,0.11123093324697182,0,0.16908819344089202,Trung bình,2,11.12,0,1,0,2716,38.73
6711,2025-01-01,2025,Human Resources,HR Manager,0,0.0775277215270664,0,0.16908819344089202,Thấp,1,7.75,0,0,1,3730,15.84
6712,2025-01-01,2025,Human Resources,Recruiter,0,0.12097576134523808,0,0.16908819344089202,Trung bình,2,12.1,0,1,0,2440,44.96
6713,2025-01-01,2025,Operations,Warehouse Supervisor,1,0.13064638719019842,0,0.16908819344089202,Trung bình,2,13.06,0,1,0,2228,49.74
6718,2025-01-01,2025,Information Technology,Software Engineer,1,0.3524248187054729,1,0.16908819344089202,Cao,3,35.24,1,0,0,150,96.64
6721,2025-01-01,2025,Operations,Operations Manager,0,0.1258097948581511,0,0.16908819344089202,Trung bình,2,12.58,0,1,0,2319,47.69
6722,2025-01-01,2025,Marketing,Content Specialist,0,0.1332025051985141,0,0.16908819344089202,Trung bình,2,13.32,0,1,0,2156,51.37
6723,2025-01-01,2025,Sales,Sales Supervisor,0,0.08443577299836556,0,0.16908819344089202,Thấp,1,8.44,0,0,1,3438,22.43
6728,2025-01-01,2025,Operations,Procurement Specialist,0,0.13890432043152554,0,0.16908819344089202,Trung bình,2,13.89,0,1,0,2008,54.71
6730,2025-01-01,2025,Human Resources,C&B Specialist,0,0.08733098457178987,0,0.16908819344089202,Thấp,1,8.73,0,0,1,3336,24.73
6732,2025-01-01,2025,Sales,Sales Executive,1,0.16708620353820453,0,0.16908819344089202,Trung bình,2,16.71,0,1,0,1516,65.81
6734,2025-01-01,2025,Marketing,Marketing Manager,0,0.19150730523225606,1,0.16908819344089202,Cao,3,19.15,1,0,0,1215,72.6
6735,2025-01-01,2025,Marketing,Digital Marketing Specialist,0,0.15491267122048927,0,0.16908819344089202,Trung bình,2,15.49,0,1,0,1699,61.68
6736,2025-01-01,2025,Marketing,Content Specialist,0,0.06846986924046039,0,0.16908819344089202,Thấp,1,6.85,0,0,1,4044,8.76
6738,2025-01-01,2025,Operations,Operations Executive,0,0.17835721991447512,1,0.16908819344089202,Cao,3,17.84,1,0,0,1355,69.44
6739,2025-01-01,2025,Finance,Accountant,0,0.1353165359931753,0,0.16908819344089202,Trung bình,2,13.53,0,1,0,2103,52.56
6745,2025-01-01,2025,Information Technology,Data Analyst,0,0.22537493670841025,1,0.16908819344089202,Cao,3,22.54,1,0,0,863,80.55
6747,2025-01-01,2025,Marketing,Digital Marketing Specialist,0,0.14765912576831222,0,0.16908819344089202,Trung bình,2,14.77,0,1,0,1834,58.63
6749,2025-01-01,2025,Information Technology,System Administrator,0,0.07375488202558739,0,0.16908819344089202,Thấp,1,7.38,0,0,1,3879,12.48
6756,2025-01-01,2025,Finance,Accountant,0,0.13292987624196062,0,0.16908819344089202,Trung bình,2,13.29,0,1,0,2163,51.21
6757,2025-01-01,2025,Operations,Procurement Specialist,0,0.13620535062527775,0,0.16908819344089202,Trung bình,2,13.62,0,1,0,2081,53.06
6759,2025-01-01,2025,Information Technology,Software Engineer,0,0.10961516533964177,0,0.16908819344089202,Trung bình,2,10.96,0,1,0,2762,37.69
6768,2025-01-01,2025,Marketing,Content Specialist,1,0.1520661443379188,0,0.16908819344089202,Trung bình,2,15.21,0,1,0,1749,60.55
6771,2025-01-01,2025,Sales,Sales Representative,0,0.14367666253514746,0,0.16908819344089202,Trung bình,2,14.37,0,1,0,1896,57.23
6775,2025-01-01,2025,Operations,Operations Manager,0,0.1438679747905586,0,0.16908819344089202,Trung bình,2,14.39,0,1,0,1895,57.26
6784,2025-01-01,2025,Marketing,Marketing Manager,0,0.1198623334909046,0,0.16908819344089202,Trung bình,2,11.99,0,1,0,2480,44.05
6786,2025-01-01,2025,Marketing,Marketing Executive,0,0.3766918780077278,1,0.16908819344089202,Cao,3,37.67,1,0,0,93,97.92
6789,2025-01-01,2025,Marketing,Digital Marketing Specialist,0,0.06986299836910306,0,0.16908819344089202,Thấp,1,6.99,0,0,1,3999,9.77
6793,2025-01-01,2025,Sales,Sales Representative,0,0.21964704741859373,1,0.16908819344089202,Cao,3,21.96,1,0,0,923,79.19
6795,2025-01-01,2025,Operations,Procurement Specialist,1,0.096080239224055,0,0.16908819344089202,Thấp,1,9.61,0,0,1,3088,30.33
6796,2025-01-01,2025,Human Resources,HR Manager,1,0.2298074522432123,1,0.16908819344089202,Cao,3,22.98,1,0,0,830,81.29
6800,2025-01-01,2025,Human Resources,C&B Specialist,0,0.07493579108924744,0,0.16908819344089202,Thấp,1,7.49,0,0,1,3821,13.79
6803,2025-01-01,2025,Marketing,Digital Marketing Specialist,0,0.2139732017811224,1,0.16908819344089202,Cao,3,21.4,1,0,0,986,77.77
6804,2025-01-01,2025,Sales,Sales Supervisor,0,0.06289746121445573,0,0.16908819344089202,Thấp,1,6.29,0,0,1,4217,4.85
6805,2025-01-01,2025,Human Resources,C&B Specialist,0,0.1017869749237857,0,0.16908819344089202,Trung bình,2,10.18,0,1,0,2954,33.36
6810,2025-01-01,2025,Sales,Sales Executive,0,0.24327884030354957,1,0.16908819344089202,Cao,3,24.33,1,0,0,709,84.02
6811,2025-01-01,2025,Finance,Internal Auditor,0,0.11295188767780351,0,0.16908819344089202,Trung bình,2,11.3,0,1,0,2660,39.99
6815,2025-01-01,2025,Human Resources,Recruiter,0,0.16473775404266386,0,0.16908819344089202,Trung bình,2,16.47,0,1,0,1548,65.09
6816,2025-01-01,2025,Sales,Sales Supervisor,1,0.33941779989293264,1,0.16908819344089202,Cao,3,33.94,1,0,0,189,95.76
6819,2025-01-01,2025,Information Technology,System Administrator,0,0.15972043220549695,0,0.16908819344089202,Trung bình,2,15.97,0,1,0,1624,63.37
6820,2025-01-01,2025,Finance,Internal Auditor,0,0.11711604611425505,0,0.16908819344089202,Trung bình,2,11.71,0,1,0,2532,42.88
6823,2025-01-01,2025,Operations,Warehouse Supervisor,1,0.1863914645046365,1,0.16908819344089202,Cao,3,18.64,1,0,0,1264,71.5
6824,2025-01-01,2025,Human Resources,HR Executive,0,0.1349270214612647,0,0.16908819344089202,Trung bình,2,13.49,0,1,0,2117,52.25
6826,2025-01-01,2025,Information Technology,System Administrator,0,0.216754747179517,1,0.16908819344089202,Cao,3,21.68,1,0,0,952,78.54
6830,2025-01-01,2025,Operations,Procurement Specialist,0,0.0909895208271037,0,0.16908819344089202,Thấp,1,9.1,0,0,1,3233,27.06
6834,2025-01-01,2025,Human Resources,HR Manager,1,0.1945370842214798,1,0.16908819344089202,Cao,3,19.45,1,0,0,1186,73.26
6835,2025-01-01,2025,Human Resources,Recruiter,0,0.1628467025693526,0,0.16908819344089202,Trung bình,2,16.28,0,1,0,1573,64.52
6836,2025-01-01,2025,Marketing,Content Specialist,0,0.18052325089990096,1,0.16908819344089202,Cao,3,18.05,1,0,0,1330,70.01
6843,2025-01-01,2025,Sales,Sales Representative,0,0.07842253215032963,0,0.16908819344089202,Thấp,1,7.84,0,0,1,3692,16.7
6844,2025-01-01,2025,Information Technology,IT Support,0,0.16939104435138835,1,0.16908819344089202,Cao,3,16.94,1,0,0,1485,66.51
6851,2025-01-01,2025,Information Technology,System Administrator,0,0.07525948556874935,0,0.16908819344089202,Thấp,1,7.53,0,0,1,3813,13.97
6856,2025-01-01,2025,Information Technology,IT Support,1,0.13889584047078415,0,0.16908819344089202,Trung bình,2,13.89,0,1,0,2009,54.68
6858,2025-01-01,2025,Marketing,Content Specialist,1,0.06388102923634222,0,0.16908819344089202,Thấp,1,6.39,0,0,1,4188,5.51
6865,2025-01-01,2025,Sales,Sales Representative,1,0.0812089965085659,0,0.16908819344089202,Thấp,1,8.12,0,0,1,3562,19.63
6866,2025-01-01,2025,Sales,Account Manager,0,0.11712779406258972,0,0.16908819344089202,Trung bình,2,11.71,0,1,0,2531,42.9
6868,2025-01-01,2025,Sales,Sales Representative,0,0.08089495012168117,0,0.16908819344089202,Thấp,1,8.09,0,0,1,3579,19.25
6869,2025-01-01,2025,Information Technology,Software Engineer,1,0.1687315787529406,0,0.16908819344089202,Trung bình,2,16.87,0,1,0,1494,66.31
6870,2025-01-01,2025,Sales,Sales Executive,1,0.17379194714611054,1,0.16908819344089202,Cao,3,17.38,1,0,0,1429,67.77
6872,2025-01-01,2025,Sales,Sales Supervisor,1,0.22596200887853668,1,0.16908819344089202,Cao,3,22.6,1,0,0,860,80.61
6874,2025-01-01,2025,Finance,Financial Analyst,0,0.26445975345111883,1,0.16908819344089202,Cao,3,26.45,1,0,0,541,87.81
6875,2025-01-01,2025,Finance,Finance Manager,1,0.16671874437171358,0,0.16908819344089202,Trung bình,2,16.67,0,1,0,1519,65.74
6876,2025-01-01,2025,Finance,Financial Analyst,0,0.10831122668240599,0,0.16908819344089202,Trung bình,2,10.83,0,1,0,2797,36.9
6878,2025-01-01,2025,Sales,Account Manager,0,0.1414242463438755,0,0.16908819344089202,Trung bình,2,14.14,0,1,0,1948,56.06
6879,2025-01-01,2025,Marketing,Content Specialist,0,0.19194046961138891,1,0.16908819344089202,Cao,3,19.19,1,0,0,1210,72.71
6881,2025-01-01,2025,Operations,Operations Executive,1,0.409030837526312,1,0.16908819344089202,Cao,3,40.9,1,0,0,31,99.32
6882,2025-01-01,2025,Marketing,Marketing Executive,0,0.1591464384149576,0,0.16908819344089202,Trung bình,2,15.91,0,1,0,1634,63.15
6888,2025-01-01,2025,Human Resources,HR Manager,0,0.1760455600615656,1,0.16908819344089202,Cao,3,17.6,1,0,0,1392,68.61
6890,2025-01-01,2025,Operations,Warehouse Supervisor,0,0.07188794313254093,0,0.16908819344089202,Thấp,1,7.19,0,0,1,3932,11.28
6891,2025-01-01,2025,Sales,Sales Representative,0,0.11404860740112686,0,0.16908819344089202,Trung bình,2,11.4,0,1,0,2624,40.8
6893,2025-01-01,2025,Operations,Procurement Specialist,0,0.2351838842466346,1,0.16908819344089202,Cao,3,23.52,1,0,0,775,82.53
6897,2025-01-01,2025,Marketing,Marketing Executive,0,0.14710648615563565,0,0.16908819344089202,Trung bình,2,14.71,0,1,0,1848,58.32
6898,2025-01-01,2025,Marketing,Digital Marketing Specialist,0,0.11525478907451112,0,0.16908819344089202,Trung bình,2,11.53,0,1,0,2586,41.66
6899,2025-01-01,2025,Information Technology,IT Support,0,0.08414614294243347,0,0.16908819344089202,Thấp,1,8.41,0,0,1,3454,22.07
6900,2025-01-01,2025,Sales,Account Manager,1,0.22475120776251364,1,0.16908819344089202,Cao,3,22.48,1,0,0,866,80.48
6901,2025-01-01,2025,Information Technology,System Administrator,0,0.16784282232079387,0,0.16908819344089202,Trung bình,2,16.78,0,1,0,1508,65.99
6903,2025-01-01,2025,Sales,Sales Executive,0,0.11398143620213534,0,0.16908819344089202,Trung bình,2,11.4,0,1,0,2626,40.76
6906,2025-01-01,2025,Marketing,Marketing Executive,0,0.09124414646010545,0,0.16908819344089202,Thấp,1,9.12,0,0,1,3221,27.33
6907,2025-01-01,2025,Information Technology,System Administrator,1,0.40197188373448856,1,0.16908819344089202,Cao,3,40.2,1,0,0,51,98.87
6911,2025-01-01,2025,Information Technology,Software Engineer,0,0.11841121855720874,0,0.16908819344089202,Trung bình,2,11.84,0,1,0,2510,43.38
6912,2025-01-01,2025,Sales,Sales Supervisor,0,0.15720666329068883,0,0.16908819344089202,Trung bình,2,15.72,0,1,0,1665,62.45
6913,2025-01-01,2025,Information Technology,QA Engineer,0,0.2846841258314581,1,0.16908819344089202,Cao,3,28.47,1,0,0,397,91.06
6915,2025-01-01,2025,Marketing,Marketing Manager,1,0.2017378211395517,1,0.16908819344089202,Cao,3,20.17,1,0,0,1118,74.79
6917,2025-01-01,2025,Finance,Internal Auditor,0,0.1573836619254885,0,0.16908819344089202,Trung bình,2,15.74,0,1,0,1660,62.56
6918,2025-01-01,2025,Information Technology,IT Support,0,0.2054828287544029,1,0.16908819344089202,Cao,3,20.55,1,0,0,1088,75.47
6922,2025-01-01,2025,Information Technology,IT Support,0,0.09870050818145713,0,0.16908819344089202,Thấp,1,9.87,0,0,1,3036,31.51
6923,2025-01-01,2025,Human Resources,Recruiter,0,0.08540042186287769,0,0.16908819344089202,Thấp,1,8.54,0,0,1,3406,23.16
6925,2025-01-01,2025,Human Resources,HR Executive,0,0.1790739708081256,1,0.16908819344089202,Cao,3,17.91,1,0,0,1346,69.65
6926,2025-01-01,2025,Information Technology,Data Analyst,0,0.21374242049822997,1,0.16908819344089202,Cao,3,21.37,1,0,0,992,77.63
6927,2025-01-01,2025,Marketing,Content Specialist,1,0.2720866155254231,1,0.16908819344089202,Cao,3,27.21,1,0,0,482,89.14
6931,2025-01-01,2025,Sales,Sales Representative,0,0.19064849672078127,1,0.16908819344089202,Cao,3,19.06,1,0,0,1221,72.47
6933,2025-01-01,2025,Information Technology,QA Engineer,0,0.11899254703422495,0,0.16908819344089202,Trung bình,2,11.9,0,1,0,2501,43.58
6934,2025-01-01,2025,Marketing,Marketing Manager,1,0.1204241873272768,0,0.16908819344089202,Trung bình,2,12.04,0,1,0,2460,44.5
6935,2025-01-01,2025,Operations,Procurement Specialist,0,0.07594455539982038,0,0.16908819344089202,Thấp,1,7.59,0,0,1,3783,14.65
6937,2025-01-01,2025,Marketing,Marketing Executive,0,0.3116899103504536,1,0.16908819344089202,Cao,3,31.17,1,0,0,290,93.48
6940,2025-01-01,2025,Human Resources,HR Manager,0,0.07401632895798428,0,0.16908819344089202,Thấp,1,7.4,0,0,1,3863,12.84
6943,2025-01-01,2025,Marketing,Digital Marketing Specialist,0,0.24534461914001562,1,0.16908819344089202,Cao,3,24.53,1,0,0,696,84.32
6944,2025-01-01,2025,Finance,Finance Manager,0,0.06102043261745355,0,0.16908819344089202,Thấp,1,6.1,0,0,1,4268,3.7
6945,2025-01-01,2025,Operations,Operations Manager,1,0.38100249703181804,1,0.16908819344089202,Cao,3,38.1,1,0,0,85,98.1
6951,2025-01-01,2025,Operations,Operations Manager,1,0.10919925635422865,0,0.16908819344089202,Trung bình,2,10.92,0,1,0,2772,37.46
6952,2025-01-01,2025,Human Resources,C&B Specialist,0,0.14780631011418005,0,0.16908819344089202,Trung bình,2,14.78,0,1,0,1829,58.75
6955,2025-01-01,2025,Information Technology,QA Engineer,0,0.19151493838295225,1,0.16908819344089202,Cao,3,19.15,1,0,0,1214,72.62
6956,2025-01-01,2025,Information Technology,System Administrator,1,0.1355587659975794,0,0.16908819344089202,Trung bình,2,13.56,0,1,0,2097,52.7
6958,2025-01-01,2025,Sales,Sales Representative,0,0.10741393267439636,0,0.16908819344089202,Trung bình,2,10.74,0,1,0,2830,36.15
6959,2025-01-01,2025,Human Resources,HR Manager,0,0.27995719902016264,1,0.16908819344089202,Cao,3,28.0,1,0,0,429,90.34
6960,2025-01-01,2025,Marketing,Digital Marketing Specialist,0,0.09434662665607776,0,0.16908819344089202,Thấp,1,9.43,0,0,1,3128,29.43
6962,2025-01-01,2025,Finance,Accountant,0,0.21437995188833586,1,0.16908819344089202,Cao,3,21.44,1,0,0,980,77.91
6968,2025-01-01,2025,Operations,Operations Executive,0,0.2842106403066414,1,0.16908819344089202,Cao,3,28.42,1,0,0,403,90.93
6969,2025-01-01,2025,Marketing,Content Specialist,0,0.10094420297440758,0,0.16908819344089202,Trung bình,2,10.09,0,1,0,2975,32.88
6970,2025-01-01,2025,Sales,Sales Representative,0,0.07094005135355766,0,0.16908819344089202,Thấp,1,7.09,0,0,1,3969,10.45
6971,2025-01-01,2025,Human Resources,HR Manager,0,0.07914939039934131,0,0.16908819344089202,Thấp,1,7.91,0,0,1,3658,17.47
6972,2025-01-01,2025,Sales,Account Manager,0,0.08701975971913517,0,0.16908819344089202,Thấp,1,8.7,0,0,1,3348,24.46
6973,2025-01-01,2025,Human Resources,Recruiter,0,0.1416696123095894,0,0.16908819344089202,Trung bình,2,14.17,0,1,0,1940,56.24
6974,2025-01-01,2025,Finance,Financial Analyst,0,0.10640258391432876,0,0.16908819344089202,Trung bình,2,10.64,0,1,0,2858,35.52
6975,2025-01-01,2025,Sales,Sales Executive,0,0.16243723062310828,0,0.16908819344089202,Trung bình,2,16.24,0,1,0,1578,64.41
6977,2025-01-01,2025,Sales,Sales Executive,0,0.062068148817548185,0,0.16908819344089202,Thấp,1,6.21,0,0,1,4244,4.24
6978,2025-01-01,2025,Finance,Financial Analyst,0,0.21311713822423697,1,0.16908819344089202,Cao,3,21.31,1,0,0,996,77.54
6980,2025-01-01,2025,Information Technology,QA Engineer,0,0.09691330463998202,0,0.16908819344089202,Thấp,1,9.69,0,0,1,3067,30.81
6981,2025-01-01,2025,Information Technology,IT Support,0,0.07588081739148823,0,0.16908819344089202,Thấp,1,7.59,0,0,1,3787,14.56
6982,2025-01-01,2025,Finance,Financial Analyst,1,0.33304449530718166,1,0.16908819344089202,Cao,3,33.3,1,0,0,207,95.35
6984,2025-01-01,2025,Information Technology,IT Support,0,0.09994212383714154,0,0.16908819344089202,Thấp,1,9.99,0,0,1,3001,32.3
6988,2025-01-01,2025,Information Technology,System Administrator,0,0.0729071743779593,0,0.16908819344089202,Thấp,1,7.29,0,0,1,3901,11.98
6993,2025-01-01,2025,Finance,Financial Analyst,0,0.06135733594473785,0,0.16908819344089202,Thấp,1,6.14,0,0,1,4258,3.93
6997,2025-01-01,2025,Human Resources,HR Executive,0,0.2849356108086776,1,0.16908819344089202,Cao,3,28.49,1,0,0,395,91.11
6999,2025-01-01,2025,Sales,Sales Executive,0,0.08586542055050896,0,0.16908819344089202,Thấp,1,8.59,0,0,1,3385,23.63
7002,2025-01-01,2025,Operations,Procurement Specialist,0,0.156515050028662,0,0.16908819344089202,Trung bình,2,15.65,0,1,0,1678,62.15
7007,2025-01-01,2025,Finance,Accountant,0,0.11275153837184382,0,0.16908819344089202,Trung bình,2,11.28,0,1,0,2665,39.88
7008,2025-01-01,2025,Finance,Financial Analyst,0,0.0818070904457412,0,0.16908819344089202,Thấp,1,8.18,0,0,1,3536,20.22
7009,2025-01-01,2025,Human Resources,HR Executive,0,0.07008705553533195,0,0.16908819344089202,Thấp,1,7.01,0,0,1,3993,9.91
7010,2025-01-01,2025,Marketing,Marketing Executive,0,0.1027019982538276,0,0.16908819344089202,Trung bình,2,10.27,0,1,0,2926,33.99
7015,2025-01-01,2025,Human Resources,C&B Specialist,0,0.1339706697252329,0,0.16908819344089202,Trung bình,2,13.4,0,1,0,2134,51.86
7016,2025-01-01,2025,Sales,Sales Supervisor,0,0.16420953648891298,0,0.16908819344089202,Trung bình,2,16.42,0,1,0,1559,64.84
7017,2025-01-01,2025,Information Technology,Data Analyst,0,0.1187355634991976,0,0.16908819344089202,Trung bình,2,11.87,0,1,0,2506,43.47
7018,2025-01-01,2025,Finance,Internal Auditor,0,0.29146077602836556,1,0.16908819344089202,Cao,3,29.15,1,0,0,365,91.79
7021,2025-01-01,2025,Human Resources,C&B Specialist,0,0.05808866700375941,0,0.16908819344089202,Thấp,1,5.81,0,0,1,4334,2.21
7025,2025-01-01,2025,Sales,Sales Supervisor,0,0.11696503553016514,0,0.16908819344089202,Trung bình,2,11.7,0,1,0,2537,42.77
7026,2025-01-01,2025,Information Technology,QA Engineer,0,0.2425250130822045,1,0.16908819344089202,Cao,3,24.25,1,0,0,715,83.89
7033,2025-01-01,2025,Information Technology,IT Support,0,0.11098531340281954,0,0.16908819344089202,Trung bình,2,11.1,0,1,0,2725,38.52
7034,2025-01-01,2025,Finance,Finance Manager,0,0.10540121231849336,0,0.16908819344089202,Trung bình,2,10.54,0,1,0,2872,35.21
7036,2025-01-01,2025,Marketing,Content Specialist,0,0.06141946054879369,0,0.16908819344089202,Thấp,1,6.14,0,0,1,4256,3.97
7039,2025-01-01,2025,Sales,Sales Executive,1,0.2537847120622847,1,0.16908819344089202,Cao,3,25.38,1,0,0,624,85.94
7044,2025-01-01,2025,Sales,Sales Executive,0,0.10843402566540526,0,0.16908819344089202,Trung bình,2,10.84,0,1,0,2791,37.03
7046,2025-01-01,2025,Marketing,Digital Marketing Specialist,0,0.1665274541710537,0,0.16908819344089202,Trung bình,2,16.65,0,1,0,1527,65.56
7048,2025-01-01,2025,Operations,Operations Executive,1,0.09036921209329749,0,0.16908819344089202,Thấp,1,9.04,0,0,1,3258,26.5
7054,2025-01-01,2025,Operations,Warehouse Supervisor,0,0.33137245063382054,1,0.16908819344089202,Cao,3,33.14,1,0,0,213,95.22
7056,2025-01-01,2025,Marketing,Content Specialist,0,0.0639517503377659,0,0.16908819344089202,Thấp,1,6.4,0,0,1,4186,5.55
7057,2025-01-01,2025,Operations,Warehouse Supervisor,0,0.09443258150032603,0,0.16908819344089202,Thấp,1,9.44,0,0,1,3122,29.56
7061,2025-01-01,2025,Marketing,Digital Marketing Specialist,1,0.0781233059063025,0,0.16908819344089202,Thấp,1,7.81,0,0,1,3703,16.45
7063,2025-01-01,2025,Operations,Operations Manager,0,0.11583351224063326,0,0.16908819344089202,Trung bình,2,11.58,0,1,0,2569,42.04
7064,2025-01-01,2025,Sales,Sales Representative,0,0.18509384835194007,1,0.16908819344089202,Cao,3,18.51,1,0,0,1283,71.07
7072,2025-01-01,2025,Human Resources,HR Manager,1,0.17098330051006136,1,0.16908819344089202,Cao,3,17.1,1,0,0,1466,66.94
7073,2025-01-01,2025,Operations,Operations Executive,0,0.11067966723502212,0,0.16908819344089202,Trung bình,2,11.07,0,1,0,2735,38.3
7074,2025-01-01,2025,Information Technology,Data Analyst,0,0.09278096549938232,0,0.16908819344089202,Thấp,1,9.28,0,0,1,3168,28.53
7078,2025-01-01,2025,Information Technology,Data Analyst,0,0.11580954085307388,0,0.16908819344089202,Trung bình,2,11.58,0,1,0,2570,42.02
7080,2025-01-01,2025,Human Resources,HR Manager,0,0.25343168863952603,1,0.16908819344089202,Cao,3,25.34,1,0,0,628,85.85
7084,2025-01-01,2025,Sales,Sales Executive,1,0.22866671085802154,1,0.16908819344089202,Cao,3,22.87,1,0,0,836,81.16
7087,2025-01-01,2025,Information Technology,QA Engineer,0,0.17066330468170496,1,0.16908819344089202,Cao,3,17.07,1,0,0,1470,66.85
7088,2025-01-01,2025,Human Resources,Recruiter,1,0.11183739150711375,0,0.16908819344089202,Trung bình,2,11.18,0,1,0,2694,39.22
7089,2025-01-01,2025,Finance,Internal Auditor,0,0.073770034895867,0,0.16908819344089202,Thấp,1,7.38,0,0,1,3876,12.55
7093,2025-01-01,2025,Sales,Sales Supervisor,1,0.3502621327453317,1,0.16908819344089202,Cao,3,35.03,1,0,0,152,96.59
7099,2025-01-01,2025,Sales,Sales Executive,1,0.11396499345801143,0,0.16908819344089202,Trung bình,2,11.4,0,1,0,2628,40.71
7104,2025-01-01,2025,Marketing,Marketing Executive,0,0.21193038541717563,1,0.16908819344089202,Cao,3,21.19,1,0,0,1014,77.14
7105,2025-01-01,2025,Sales,Sales Executive,0,0.13210574368886574,0,0.16908819344089202,Trung bình,2,13.21,0,1,0,2192,50.55
7106,2025-01-01,2025,Marketing,Marketing Manager,0,0.37718921103637926,1,0.16908819344089202,Cao,3,37.72,1,0,0,92,97.95
7110,2025-01-01,2025,Marketing,Marketing Manager,0,0.37241368688755716,1,0.16908819344089202,Cao,3,37.24,1,0,0,100,97.77
7113,2025-01-01,2025,Sales,Sales Executive,0,0.07532811211565864,0,0.16908819344089202,Thấp,1,7.53,0,0,1,3808,14.08
7114,2025-01-01,2025,Information Technology,QA Engineer,0,0.08120609514185063,0,0.16908819344089202,Thấp,1,8.12,0,0,1,3563,19.61
7120,2025-01-01,2025,Operations,Operations Manager,0,0.08570036891737381,0,0.16908819344089202,Thấp,1,8.57,0,0,1,3392,23.47
7121,2025-01-01,2025,Operations,Procurement Specialist,0,0.34623086445307305,1,0.16908819344089202,Cao,3,34.62,1,0,0,166,96.28
7124,2025-01-01,2025,Finance,Financial Analyst,0,0.0838002920288419,0,0.16908819344089202,Thấp,1,8.38,0,0,1,3469,21.73
7125,2025-01-01,2025,Human Resources,HR Manager,1,0.06609199792408132,0,0.16908819344089202,Thấp,1,6.61,0,0,1,4114,7.18
7128,2025-01-01,2025,Finance,Accountant,0,0.1397711144002768,0,0.16908819344089202,Trung bình,2,13.98,0,1,0,1981,55.31
7129,2025-01-01,2025,Marketing,Digital Marketing Specialist,0,0.07081818062643915,0,0.16908819344089202,Thấp,1,7.08,0,0,1,3972,10.38
7130,2025-01-01,2025,Sales,Sales Executive,1,0.16572730563177418,0,0.16908819344089202,Trung bình,2,16.57,0,1,0,1534,65.4
7131,2025-01-01,2025,Sales,Sales Representative,0,0.1307585230183961,0,0.16908819344089202,Trung bình,2,13.08,0,1,0,2223,49.85
7134,2025-01-01,2025,Information Technology,IT Support,0,0.07471602044553965,0,0.16908819344089202,Thấp,1,7.47,0,0,1,3830,13.59
7137,2025-01-01,2025,Marketing,Content Specialist,0,0.3791258923232857,1,0.16908819344089202,Cao,3,37.91,1,0,0,89,98.01
7138,2025-01-01,2025,Information Technology,System Administrator,1,0.23784544592167517,1,0.16908819344089202,Cao,3,23.78,1,0,0,753,83.03
7140,2025-01-01,2025,Information Technology,Software Engineer,1,0.27519229454528843,1,0.16908819344089202,Cao,3,27.52,1,0,0,463,89.57
7142,2025-01-01,2025,Information Technology,Data Analyst,0,0.06558118060619302,0,0.16908819344089202,Thấp,1,6.56,0,0,1,4131,6.79
7143,2025-01-01,2025,Information Technology,System Administrator,0,0.08037663135822491,0,0.16908819344089202,Thấp,1,8.04,0,0,1,3604,18.69
7146,2025-01-01,2025,Marketing,Digital Marketing Specialist,0,0.08074040834571865,0,0.16908819344089202,Thấp,1,8.07,0,0,1,3584,19.14
7147,2025-01-01,2025,Marketing,Marketing Executive,0,0.055617786596469175,0,0.16908819344089202,Thấp,1,5.56,0,0,1,4383,1.11
7149,2025-01-01,2025,Finance,Financial Analyst,1,0.43273208289185905,1,0.16908819344089202,Cao,3,43.27,1,0,0,19,99.59
7151,2025-01-01,2025,Operations,Procurement Specialist,0,0.11882895880613074,0,0.16908819344089202,Trung bình,2,11.88,0,1,0,2503,43.53
7152,2025-01-01,2025,Finance,Internal Auditor,1,0.2686259395201103,1,0.16908819344089202,Cao,3,26.86,1,0,0,509,88.54
7153,2025-01-01,2025,Information Technology,System Administrator,0,0.08025236924471807,0,0.16908819344089202,Thấp,1,8.03,0,0,1,3612,18.51
7155,2025-01-01,2025,Marketing,Content Specialist,0,0.2985407008898702,1,0.16908819344089202,Cao,3,29.85,1,0,0,337,92.42
7158,2025-01-01,2025,Marketing,Marketing Executive,0,0.04816060895394036,0,0.16908819344089202,Thấp,1,4.82,0,0,1,4431,0.02
7165,2025-01-01,2025,Finance,Finance Manager,0,0.10979270338458152,0,0.16908819344089202,Trung bình,2,10.98,0,1,0,2755,37.85
7168,2025-01-01,2025,Information Technology,Data Analyst,0,0.10386684378859856,0,0.16908819344089202,Trung bình,2,10.39,0,1,0,2901,34.55
7170,2025-01-01,2025,Information Technology,IT Support,0,0.1570803072271447,0,0.16908819344089202,Trung bình,2,15.71,0,1,0,1667,62.4
7172,2025-01-01,2025,Human Resources,Recruiter,0,0.1112838926118921,0,0.16908819344089202,Trung bình,2,11.13,0,1,0,2712,38.82
7173,2025-01-01,2025,Information Technology,QA Engineer,0,0.11524869954872997,0,0.16908819344089202,Trung bình,2,11.52,0,1,0,2587,41.64
7178,2025-01-01,2025,Marketing,Digital Marketing Specialist,0,0.09052734037651135,0,0.16908819344089202,Thấp,1,9.05,0,0,1,3248,26.72
7179,2025-01-01,2025,Human Resources,HR Manager,0,0.14305845178582804,0,0.16908819344089202,Trung bình,2,14.31,0,1,0,1911,56.89
7181,2025-01-01,2025,Marketing,Digital Marketing Specialist,0,0.15212757789591386,0,0.16908819344089202,Trung bình,2,15.21,0,1,0,1748,60.57
7182,2025-01-01,2025,Information Technology,IT Support,0,0.06938025708987919,0,0.16908819344089202,Thấp,1,6.94,0,0,1,4015,9.41
7183,2025-01-01,2025,Finance,Finance Manager,1,0.26854033070004724,1,0.16908819344089202,Cao,3,26.85,1,0,0,512,88.47
7184,2025-01-01,2025,Information Technology,IT Support,0,0.11130284123973834,0,0.16908819344089202,Trung bình,2,11.13,0,1,0,2711,38.84
7186,2025-01-01,2025,Marketing,Marketing Manager,0,0.12580279388978183,0,0.16908819344089202,Trung bình,2,12.58,0,1,0,2320,47.66
7188,2025-01-01,2025,Sales,Account Manager,0,0.27304530967328655,1,0.16908819344089202,Cao,3,27.3,1,0,0,475,89.3
7189,2025-01-01,2025,Operations,Operations Executive,0,0.08532927869793802,0,0.16908819344089202,Thấp,1,8.53,0,0,1,3409,23.09
7190,2025-01-01,2025,Finance,Accountant,0,0.06110024960393693,0,0.16908819344089202,Thấp,1,6.11,0,0,1,4265,3.77
7191,2025-01-01,2025,Operations,Warehouse Supervisor,0,0.1574407277803596,0,0.16908819344089202,Trung bình,2,15.74,0,1,0,1659,62.58
7193,2025-01-01,2025,Finance,Accountant,0,0.06964133668415767,0,0.16908819344089202,Thấp,1,6.96,0,0,1,4009,9.55
7194,2025-01-01,2025,Information Technology,Software Engineer,1,0.09375524928340011,0,0.16908819344089202,Thấp,1,9.38,0,0,1,3143,29.09
7196,2025-01-01,2025,Finance,Finance Manager,1,0.1661603915949263,0,0.16908819344089202,Trung bình,2,16.62,0,1,0,1531,65.47
7197,2025-01-01,2025,Operations,Procurement Specialist,0,0.0675825000924343,0,0.16908819344089202,Thấp,1,6.76,0,0,1,4069,8.19
7199,2025-01-01,2025,Sales,Sales Representative,1,0.09937189218131168,0,0.16908819344089202,Thấp,1,9.94,0,0,1,3021,31.84
7202,2025-01-01,2025,Marketing,Content Specialist,0,0.224508785335047,1,0.16908819344089202,Cao,3,22.45,1,0,0,873,80.32
7210,2025-01-01,2025,Finance,Accountant,0,0.1533860776346583,0,0.16908819344089202,Trung bình,2,15.34,0,1,0,1728,61.02
7211,2025-01-01,2025,Sales,Sales Executive,0,0.2486363290628393,1,0.16908819344089202,Cao,3,24.86,1,0,0,670,84.9
7212,2025-01-01,2025,Marketing,Content Specialist,0,0.1946515649661028,1,0.16908819344089202,Cao,3,19.47,1,0,0,1184,73.3
7218,2025-01-01,2025,Operations,Operations Manager,0,0.13079076631975212,0,0.16908819344089202,Trung bình,2,13.08,0,1,0,2221,49.9
7220,2025-01-01,2025,Information Technology,Software Engineer,1,0.36226612486925397,1,0.16908819344089202,Cao,3,36.23,1,0,0,126,97.18
7222,2025-01-01,2025,Information Technology,Software Engineer,0,0.28776691007236094,1,0.16908819344089202,Cao,3,28.78,1,0,0,382,91.4
7223,2025-01-01,2025,Operations,Procurement Specialist,0,0.08029615466772463,0,0.16908819344089202,Thấp,1,8.03,0,0,1,3607,18.62
7224,2025-01-01,2025,Marketing,Marketing Manager,0,0.21092061240217086,1,0.16908819344089202,Cao,3,21.09,1,0,0,1020,77.0
7228,2025-01-01,2025,Marketing,Marketing Executive,0,0.17675809076061538,1,0.16908819344089202,Cao,3,17.68,1,0,0,1382,68.83
7235,2025-01-01,2025,Information Technology,Data Analyst,0,0.13074353690163756,0,0.16908819344089202,Trung bình,2,13.07,0,1,0,2224,49.83
7236,2025-01-01,2025,Sales,Sales Executive,0,0.1356687281295144,0,0.16908819344089202,Trung bình,2,13.57,0,1,0,2094,52.76
7239,2025-01-01,2025,Operations,Warehouse Supervisor,0,0.08577456071289703,0,0.16908819344089202,Thấp,1,8.58,0,0,1,3389,23.54
7242,2025-01-01,2025,Human Resources,HR Executive,0,0.07418406018875111,0,0.16908819344089202,Thấp,1,7.42,0,0,1,3853,13.07
7244,2025-01-01,2025,Marketing,Marketing Executive,0,0.13710805815164642,0,0.16908819344089202,Trung bình,2,13.71,0,1,0,2059,53.55
7247,2025-01-01,2025,Human Resources,HR Manager,0,0.2630624654231375,1,0.16908819344089202,Cao,3,26.31,1,0,0,556,87.47
7248,2025-01-01,2025,Marketing,Marketing Manager,0,0.07107408163006305,0,0.16908819344089202,Thấp,1,7.11,0,0,1,3962,10.61
7252,2025-01-01,2025,Information Technology,System Administrator,0,0.08128926586565853,0,0.16908819344089202,Thấp,1,8.13,0,0,1,3559,19.7
7258,2025-01-01,2025,Human Resources,HR Executive,0,0.18758546040779484,1,0.16908819344089202,Cao,3,18.76,1,0,0,1252,71.77
7259,2025-01-01,2025,Human Resources,Recruiter,0,0.10798378444091272,0,0.16908819344089202,Trung bình,2,10.8,0,1,0,2812,36.56
7263,2025-01-01,2025,Sales,Sales Executive,0,0.18159361351784725,1,0.16908819344089202,Cao,3,18.16,1,0,0,1313,70.39
7264,2025-01-01,2025,Marketing,Digital Marketing Specialist,0,0.07812503444962253,0,0.16908819344089202,Thấp,1,7.81,0,0,1,3702,16.47
7265,2025-01-01,2025,Human Resources,Recruiter,0,0.09386485467172151,0,0.16908819344089202,Thấp,1,9.39,0,0,1,3142,29.11
7268,2025-01-01,2025,Marketing,Marketing Manager,0,0.13324163582454135,0,0.16908819344089202,Trung bình,2,13.32,0,1,0,2154,51.41
7271,2025-01-01,2025,Information Technology,System Administrator,0,0.12051114901311874,0,0.16908819344089202,Trung bình,2,12.05,0,1,0,2456,44.59
7274,2025-01-01,2025,Human Resources,Recruiter,1,0.2910353183892664,1,0.16908819344089202,Cao,3,29.1,1,0,0,370,91.67
7277,2025-01-01,2025,Sales,Account Manager,1,0.1297904759565033,0,0.16908819344089202,Trung bình,2,12.98,0,1,0,2248,49.29
7278,2025-01-01,2025,Information Technology,Software Engineer,0,0.08247298407200855,0,0.16908819344089202,Thấp,1,8.25,0,0,1,3512,20.76
7279,2025-01-01,2025,Human Resources,HR Manager,0,0.12855278314394114,0,0.16908819344089202,Trung bình,2,12.86,0,1,0,2273,48.72
7283,2025-01-01,2025,Human Resources,HR Manager,0,0.0794436235202177,0,0.16908819344089202,Thấp,1,7.94,0,0,1,3646,17.74
7286,2025-01-01,2025,Information Technology,Software Engineer,0,0.09440745901544267,0,0.16908819344089202,Thấp,1,9.44,0,0,1,3123,29.54
7288,2025-01-01,2025,Marketing,Content Specialist,0,0.2653244049988429,1,0.16908819344089202,Cao,3,26.53,1,0,0,531,88.04
7292,2025-01-01,2025,Operations,Procurement Specialist,1,0.0856296619272536,0,0.16908819344089202,Thấp,1,8.56,0,0,1,3397,23.36
7293,2025-01-01,2025,Marketing,Content Specialist,1,0.10972763825216802,0,0.16908819344089202,Trung bình,2,10.97,0,1,0,2758,37.78
7294,2025-01-01,2025,Finance,Accountant,0,0.06583988453447337,0,0.16908819344089202,Thấp,1,6.58,0,0,1,4121,7.02
7295,2025-01-01,2025,Information Technology,QA Engineer,1,0.3418523796491556,1,0.16908819344089202,Cao,3,34.19,1,0,0,181,95.94
7300,2025-01-01,2025,Sales,Sales Representative,0,0.1374353825988417,0,0.16908819344089202,Trung bình,2,13.74,0,1,0,2046,53.85
7302,2025-01-01,2025,Information Technology,System Administrator,0,0.06987053411592939,0,0.16908819344089202,Thấp,1,6.99,0,0,1,3998,9.79
7304,2025-01-01,2025,Human Resources,C&B Specialist,0,0.1590866509350506,0,0.16908819344089202,Trung bình,2,15.91,0,1,0,1636,63.1
7305,2025-01-01,2025,Finance,Internal Auditor,1,0.09103045828389292,0,0.16908819344089202,Thấp,1,9.1,0,0,1,3232,27.08
7306,2025-01-01,2025,Human Resources,HR Executive,0,0.07217589494209517,0,0.16908819344089202,Thấp,1,7.22,0,0,1,3923,11.49
7312,2025-01-01,2025,Finance,Financial Analyst,0,0.12476238717248454,0,0.16908819344089202,Trung bình,2,12.48,0,1,0,2344,47.12
7313,2025-01-01,2025,Marketing,Marketing Executive,0,0.13256191746452178,0,0.16908819344089202,Trung bình,2,13.26,0,1,0,2175,50.94
7314,2025-01-01,2025,Marketing,Content Specialist,0,0.11561952642629296,0,0.16908819344089202,Trung bình,2,11.56,0,1,0,2577,41.86
7315,2025-01-01,2025,Operations,Warehouse Supervisor,0,0.08404823528448925,0,0.16908819344089202,Thấp,1,8.4,0,0,1,3459,21.96
7317,2025-01-01,2025,Information Technology,Data Analyst,0,0.08528012918413454,0,0.16908819344089202,Thấp,1,8.53,0,0,1,3412,23.02
7320,2025-01-01,2025,Operations,Operations Manager,0,0.27834619755577317,1,0.16908819344089202,Cao,3,27.83,1,0,0,442,90.05
7322,2025-01-01,2025,Sales,Sales Supervisor,0,0.08005162749665445,0,0.16908819344089202,Thấp,1,8.01,0,0,1,3616,18.42
7323,2025-01-01,2025,Marketing,Digital Marketing Specialist,0,0.3145704734599825,1,0.16908819344089202,Cao,3,31.46,1,0,0,275,93.82
7325,2025-01-01,2025,Marketing,Marketing Manager,0,0.25794089695087397,1,0.16908819344089202,Cao,3,25.79,1,0,0,593,86.64
7327,2025-01-01,2025,Marketing,Marketing Executive,0,0.12094012689269087,0,0.16908819344089202,Trung bình,2,12.09,0,1,0,2442,44.91
7329,2025-01-01,2025,Sales,Sales Supervisor,0,0.07069516155523033,0,0.16908819344089202,Thấp,1,7.07,0,0,1,3976,10.29
7332,2025-01-01,2025,Human Resources,HR Executive,0,0.13332549440851119,0,0.16908819344089202,Trung bình,2,13.33,0,1,0,2153,51.43
7336,2025-01-01,2025,Operations,Operations Manager,0,0.084889022205676,0,0.16908819344089202,Thấp,1,8.49,0,0,1,3432,22.57
7339,2025-01-01,2025,Sales,Sales Supervisor,0,0.22403767782262313,1,0.16908819344089202,Cao,3,22.4,1,0,0,876,80.25
7343,2025-01-01,2025,Marketing,Marketing Manager,0,0.15068848968337115,0,0.16908819344089202,Trung bình,2,15.07,0,1,0,1776,59.94
7344,2025-01-01,2025,Sales,Sales Representative,0,0.15152326358337734,0,0.16908819344089202,Trung bình,2,15.15,0,1,0,1760,60.3
7350,2025-01-01,2025,Human Resources,Recruiter,0,0.23888586893529842,1,0.16908819344089202,Cao,3,23.89,1,0,0,740,83.32
7354,2025-01-01,2025,Sales,Account Manager,0,0.1569422498007871,0,0.16908819344089202,Trung bình,2,15.69,0,1,0,1669,62.36
7355,2025-01-01,2025,Human Resources,HR Manager,0,0.07485568059367931,0,0.16908819344089202,Thấp,1,7.49,0,0,1,3824,13.72
7357,2025-01-01,2025,Finance,Internal Auditor,0,0.06937019995013964,0,0.16908819344089202,Thấp,1,6.94,0,0,1,4016,9.39
7358,2025-01-01,2025,Finance,Financial Analyst,0,0.06673109038579605,0,0.16908819344089202,Thấp,1,6.67,0,0,1,4096,7.58
7359,2025-01-01,2025,Finance,Internal Auditor,0,0.3071132874871501,1,0.16908819344089202,Cao,3,30.71,1,0,0,303,93.18
7360,2025-01-01,2025,Marketing,Marketing Manager,0,0.05111107511219413,0,0.16908819344089202,Thấp,1,5.11,0,0,1,4422,0.23
7365,2025-01-01,2025,Finance,Internal Auditor,0,0.09556962077681987,0,0.16908819344089202,Thấp,1,9.56,0,0,1,3097,30.13
7368,2025-01-01,2025,Finance,Internal Auditor,0,0.08493362145773807,0,0.16908819344089202,Thấp,1,8.49,0,0,1,3427,22.68
7370,2025-01-01,2025,Finance,Accountant,1,0.3558078551915408,1,0.16908819344089202,Cao,3,35.58,1,0,0,142,96.82
7371,2025-01-01,2025,Operations,Operations Executive,0,0.13531298810440678,0,0.16908819344089202,Trung bình,2,13.53,0,1,0,2104,52.54
7373,2025-01-01,2025,Sales,Sales Supervisor,0,0.06305079632983993,0,0.16908819344089202,Thấp,1,6.31,0,0,1,4214,4.92
7374,2025-01-01,2025,Information Technology,IT Support,1,0.12522103316946903,0,0.16908819344089202,Trung bình,2,12.52,0,1,0,2332,47.39
7380,2025-01-01,2025,Operations,Procurement Specialist,0,0.10350036576752074,0,0.16908819344089202,Trung bình,2,10.35,0,1,0,2910,34.35
7382,2025-01-01,2025,Human Resources,C&B Specialist,0,0.09053481095447515,0,0.16908819344089202,Thấp,1,9.05,0,0,1,3247,26.74
7384,2025-01-01,2025,Operations,Warehouse Supervisor,1,0.15041455345324287,0,0.16908819344089202,Trung bình,2,15.04,0,1,0,1782,59.81
7385,2025-01-01,2025,Information Technology,QA Engineer,0,0.12201801845675031,0,0.16908819344089202,Trung bình,2,12.2,0,1,0,2407,45.7
7389,2025-01-01,2025,Sales,Sales Supervisor,0,0.25467528737857714,1,0.16908819344089202,Cao,3,25.47,1,0,0,615,86.14
7397,2025-01-01,2025,Sales,Sales Representative,1,0.07641402818545737,0,0.16908819344089202,Thấp,1,7.64,0,0,1,3770,14.94
7400,2025-01-01,2025,Information Technology,QA Engineer,0,0.0740957100202101,0,0.16908819344089202,Thấp,1,7.41,0,0,1,3858,12.95
7402,2025-01-01,2025,Operations,Procurement Specialist,0,0.2868531826476734,1,0.16908819344089202,Cao,3,28.69,1,0,0,384,91.36
7405,2025-01-01,2025,Human Resources,Recruiter,0,0.15646126664544252,0,0.16908819344089202,Trung bình,2,15.65,0,1,0,1679,62.13
7409,2025-01-01,2025,Human Resources,HR Executive,0,0.22676273886937678,1,0.16908819344089202,Cao,3,22.68,1,0,0,852,80.79
7414,2025-01-01,2025,Finance,Internal Auditor,0,0.278730510513305,1,0.16908819344089202,Cao,3,27.87,1,0,0,438,90.14
7420,2025-01-01,2025,Operations,Procurement Specialist,0,0.14764843012663223,0,0.16908819344089202,Trung bình,2,14.76,0,1,0,1836,58.59
7421,2025-01-01,2025,Finance,Financial Analyst,0,0.19458440115406744,1,0.16908819344089202,Cao,3,19.46,1,0,0,1185,73.28
7423,2025-01-01,2025,Sales,Sales Executive,0,0.08960980220809872,0,0.16908819344089202,Thấp,1,8.96,0,0,1,3275,26.11
7425,2025-01-01,2025,Finance,Finance Manager,0,0.18681603678387493,1,0.16908819344089202,Cao,3,18.68,1,0,0,1256,71.68
7426,2025-01-01,2025,Finance,Accountant,0,0.07649655350025655,0,0.16908819344089202,Thấp,1,7.65,0,0,1,3767,15.01
7427,2025-01-01,2025,Finance,Internal Auditor,0,0.10951275207078509,0,0.16908819344089202,Trung bình,2,10.95,0,1,0,2763,37.67
7428,2025-01-01,2025,Human Resources,HR Manager,0,0.0987439002752714,0,0.16908819344089202,Thấp,1,9.87,0,0,1,3035,31.53
7430,2025-01-01,2025,Information Technology,System Administrator,0,0.3438668131963281,1,0.16908819344089202,Cao,3,34.39,1,0,0,175,96.07
7431,2025-01-01,2025,Human Resources,C&B Specialist,0,0.06724918697824613,0,0.16908819344089202,Thấp,1,6.72,0,0,1,4082,7.9
7434,2025-01-01,2025,Human Resources,HR Executive,1,0.1789898743846648,1,0.16908819344089202,Cao,3,17.9,1,0,0,1347,69.62
7437,2025-01-01,2025,Human Resources,HR Executive,1,0.1594985334076926,0,0.16908819344089202,Trung bình,2,15.95,0,1,0,1626,63.33
7446,2025-01-01,2025,Finance,Finance Manager,0,0.13007743457106075,0,0.16908819344089202,Trung bình,2,13.01,0,1,0,2241,49.45
7448,2025-01-01,2025,Sales,Sales Executive,0,0.1309592242556787,0,0.16908819344089202,Trung bình,2,13.1,0,1,0,2219,49.94
7449,2025-01-01,2025,Human Resources,Recruiter,1,0.164478512363418,0,0.16908819344089202,Trung bình,2,16.45,0,1,0,1554,64.95
7451,2025-01-01,2025,Sales,Sales Supervisor,1,0.30054882319923026,1,0.16908819344089202,Cao,3,30.05,1,0,0,330,92.58
7452,2025-01-01,2025,Sales,Sales Representative,0,0.05937319602089193,0,0.16908819344089202,Thấp,1,5.94,0,0,1,4315,2.64
7454,2025-01-01,2025,Finance,Financial Analyst,0,0.1793161405231759,1,0.16908819344089202,Cao,3,17.93,1,0,0,1344,69.69
7456,2025-01-01,2025,Sales,Sales Representative,0,0.08673155160921349,0,0.16908819344089202,Thấp,1,8.67,0,0,1,3363,24.13
7458,2025-01-01,2025,Finance,Accountant,0,0.09051324688760101,0,0.16908819344089202,Thấp,1,9.05,0,0,1,3249,26.7
7459,2025-01-01,2025,Finance,Finance Manager,0,0.0799423916390109,0,0.16908819344089202,Thấp,1,7.99,0,0,1,3621,18.3
7463,2025-01-01,2025,Finance,Finance Manager,0,0.18805373352796775,1,0.16908819344089202,Cao,3,18.81,1,0,0,1247,71.88
7464,2025-01-01,2025,Marketing,Digital Marketing Specialist,0,0.15970648415742064,0,0.16908819344089202,Trung bình,2,15.97,0,1,0,1625,63.35
7467,2025-01-01,2025,Operations,Procurement Specialist,0,0.06961450128610751,0,0.16908819344089202,Thấp,1,6.96,0,0,1,4010,9.52
7468,2025-01-01,2025,Marketing,Marketing Manager,0,0.08674731700574792,0,0.16908819344089202,Thấp,1,8.67,0,0,1,3359,24.22
7469,2025-01-01,2025,Operations,Procurement Specialist,0,0.14431720347407503,0,0.16908819344089202,Trung bình,2,14.43,0,1,0,1888,57.41
7470,2025-01-01,2025,Operations,Warehouse Supervisor,0,0.1647651710927415,0,0.16908819344089202,Trung bình,2,16.48,0,1,0,1547,65.11
7471,2025-01-01,2025,Operations,Procurement Specialist,0,0.14841400011838837,0,0.16908819344089202,Trung bình,2,14.84,0,1,0,1818,58.99
7473,2025-01-01,2025,Human Resources,Recruiter,1,0.36115823613970466,1,0.16908819344089202,Cao,3,36.12,1,0,0,131,97.07
7475,2025-01-01,2025,Sales,Sales Executive,0,0.0952301796494775,0,0.16908819344089202,Thấp,1,9.52,0,0,1,3109,29.86
7477,2025-01-01,2025,Sales,Sales Representative,0,0.25758411458742864,1,0.16908819344089202,Cao,3,25.76,1,0,0,594,86.62
7479,2025-01-01,2025,Information Technology,IT Support,0,0.1154762093171758,0,0.16908819344089202,Trung bình,2,11.55,0,1,0,2582,41.75
7481,2025-01-01,2025,Human Resources,HR Manager,0,0.27800948220527116,1,0.16908819344089202,Cao,3,27.8,1,0,0,445,89.98
7485,2025-01-01,2025,Human Resources,C&B Specialist,0,0.1929662431337249,1,0.16908819344089202,Cao,3,19.3,1,0,0,1197,73.01
7487,2025-01-01,2025,Information Technology,QA Engineer,0,0.18641960158759638,1,0.16908819344089202,Cao,3,18.64,1,0,0,1263,71.52
7488,2025-01-01,2025,Marketing,Marketing Manager,0,0.11111325300911713,0,0.16908819344089202,Trung bình,2,11.11,0,1,0,2719,38.66
7491,2025-01-01,2025,Sales,Sales Supervisor,1,0.10235442581288756,0,0.16908819344089202,Trung bình,2,10.24,0,1,0,2938,33.72
7493,2025-01-01,2025,Marketing,Digital Marketing Specialist,0,0.20949907135327314,1,0.16908819344089202,Cao,3,20.95,1,0,0,1039,76.57
7494,2025-01-01,2025,Human Resources,C&B Specialist,0,0.13632732377610682,0,0.16908819344089202,Trung bình,2,13.63,0,1,0,2077,53.15
7497,2025-01-01,2025,Finance,Accountant,0,0.08569604366617216,0,0.16908819344089202,Thấp,1,8.57,0,0,1,3393,23.45
7498,2025-01-01,2025,Marketing,Digital Marketing Specialist,0,0.23326823253464396,1,0.16908819344089202,Cao,3,23.33,1,0,0,800,81.97
7499,2025-01-01,2025,Operations,Operations Executive,0,0.09242307281885852,0,0.16908819344089202,Thấp,1,9.24,0,0,1,3180,28.26
7500,2025-01-01,2025,Sales,Account Manager,0,0.13952896623254957,0,0.16908819344089202,Trung bình,2,13.95,0,1,0,1991,55.09
7502,2025-01-01,2025,Marketing,Marketing Executive,0,0.24274994254889412,1,0.16908819344089202,Cao,3,24.27,1,0,0,712,83.95
7504,2025-01-01,2025,Sales,Sales Representative,0,0.0782373871256575,0,0.16908819344089202,Thấp,1,7.82,0,0,1,3698,16.57
7505,2025-01-01,2025,Sales,Sales Executive,0,0.19923486434441895,1,0.16908819344089202,Cao,3,19.92,1,0,0,1144,74.2
7508,2025-01-01,2025,Sales,Sales Representative,0,0.05922577327437058,0,0.16908819344089202,Thấp,1,5.92,0,0,1,4318,2.57
7509,2025-01-01,2025,Human Resources,Recruiter,0,0.12727674759651544,0,0.16908819344089202,Trung bình,2,12.73,0,1,0,2295,48.23
7514,2025-01-01,2025,Finance,Accountant,0,0.05784487479009877,0,0.16908819344089202,Thấp,1,5.78,0,0,1,4343,2.01
7517,2025-01-01,2025,Human Resources,HR Executive,0,0.06883250119149548,0,0.16908819344089202,Thấp,1,6.88,0,0,1,4033,9.0
7519,2025-01-01,2025,Operations,Procurement Specialist,0,0.14151880387365634,0,0.16908819344089202,Trung bình,2,14.15,0,1,0,1944,56.15
7521,2025-01-01,2025,Human Resources,Recruiter,0,0.12192908344407381,0,0.16908819344089202,Trung bình,2,12.19,0,1,0,2413,45.57
7525,2025-01-01,2025,Human Resources,HR Executive,0,0.19443577116944727,1,0.16908819344089202,Cao,3,19.44,1,0,0,1187,73.23
7526,2025-01-01,2025,Finance,Finance Manager,1,0.22809108791095592,1,0.16908819344089202,Cao,3,22.81,1,0,0,843,81.0
7528,2025-01-01,2025,Information Technology,Software Engineer,0,0.0818895258236551,0,0.16908819344089202,Thấp,1,8.19,0,0,1,3533,20.29
7532,2025-01-01,2025,Information Technology,System Administrator,0,0.31592102258706833,1,0.16908819344089202,Cao,3,31.59,1,0,0,269,93.95
7533,2025-01-01,2025,Finance,Internal Auditor,0,0.1190584340717347,0,0.16908819344089202,Trung bình,2,11.91,0,1,0,2498,43.65
7535,2025-01-01,2025,Marketing,Marketing Executive,1,0.22727199220974167,1,0.16908819344089202,Cao,3,22.73,1,0,0,850,80.84
7539,2025-01-01,2025,Operations,Warehouse Supervisor,1,0.2699997492006303,1,0.16908819344089202,Cao,3,27.0,1,0,0,497,88.81
7540,2025-01-01,2025,Finance,Accountant,0,0.15431905710831553,0,0.16908819344089202,Trung bình,2,15.43,0,1,0,1709,61.45
7541,2025-01-01,2025,Marketing,Marketing Executive,1,0.12146842670973398,0,0.16908819344089202,Trung bình,2,12.15,0,1,0,2429,45.2
7543,2025-01-01,2025,Information Technology,QA Engineer,0,0.15076018625697907,0,0.16908819344089202,Trung bình,2,15.08,0,1,0,1775,59.96
7548,2025-01-01,2025,Marketing,Marketing Executive,0,0.13285547816874885,0,0.16908819344089202,Trung bình,2,13.29,0,1,0,2166,51.14
7549,2025-01-01,2025,Finance,Internal Auditor,0,0.14987675805546427,0,0.16908819344089202,Trung bình,2,14.99,0,1,0,1799,59.42
7553,2025-01-01,2025,Marketing,Digital Marketing Specialist,0,0.07417730110765185,0,0.16908819344089202,Thấp,1,7.42,0,0,1,3854,13.04
7555,2025-01-01,2025,Human Resources,HR Executive,0,0.12985719381723404,0,0.16908819344089202,Trung bình,2,12.99,0,1,0,2245,49.36
7557,2025-01-01,2025,Finance,Finance Manager,0,0.10492168322860444,0,0.16908819344089202,Trung bình,2,10.49,0,1,0,2882,34.98
7559,2025-01-01,2025,Information Technology,Software Engineer,0,0.12864003192931986,0,0.16908819344089202,Trung bình,2,12.86,0,1,0,2272,48.75
7560,2025-01-01,2025,Operations,Operations Manager,0,0.0978217710992564,0,0.16908819344089202,Thấp,1,9.78,0,0,1,3055,31.08
7562,2025-01-01,2025,Information Technology,System Administrator,0,0.3623324620470972,1,0.16908819344089202,Cao,3,36.23,1,0,0,125,97.2
7567,2025-01-01,2025,Operations,Warehouse Supervisor,0,0.0788084798532356,0,0.16908819344089202,Thấp,1,7.88,0,0,1,3674,17.11
7569,2025-01-01,2025,Human Resources,C&B Specialist,1,0.21280618997875703,1,0.16908819344089202,Cao,3,21.28,1,0,0,1003,77.39
7570,2025-01-01,2025,Sales,Sales Representative,1,0.10031136088607687,0,0.16908819344089202,Trung bình,2,10.03,0,1,0,2988,32.59
7571,2025-01-01,2025,Operations,Operations Executive,0,0.14076642309460868,0,0.16908819344089202,Trung bình,2,14.08,0,1,0,1961,55.77
7572,2025-01-01,2025,Finance,Internal Auditor,0,0.09255387306930155,0,0.16908819344089202,Thấp,1,9.26,0,0,1,3176,28.35
7573,2025-01-01,2025,Operations,Operations Executive,0,0.0772009992178078,0,0.16908819344089202,Thấp,1,7.72,0,0,1,3738,15.66
7574,2025-01-01,2025,Operations,Operations Executive,0,0.08309242488646404,0,0.16908819344089202,Thấp,1,8.31,0,0,1,3483,21.42
7575,2025-01-01,2025,Finance,Finance Manager,1,0.14470494653324883,0,0.16908819344089202,Trung bình,2,14.47,0,1,0,1881,57.57
7578,2025-01-01,2025,Human Resources,C&B Specialist,0,0.14988699600257105,0,0.16908819344089202,Trung bình,2,14.99,0,1,0,1798,59.44
7580,2025-01-01,2025,Marketing,Marketing Manager,0,0.08528824121264038,0,0.16908819344089202,Thấp,1,8.53,0,0,1,3411,23.04
7582,2025-01-01,2025,Human Resources,HR Manager,1,0.22537594384346227,1,0.16908819344089202,Cao,3,22.54,1,0,0,862,80.57
7583,2025-01-01,2025,Human Resources,Recruiter,1,0.13887658187980328,0,0.16908819344089202,Trung bình,2,13.89,0,1,0,2010,54.66
7584,2025-01-01,2025,Information Technology,IT Support,0,0.07544079618819237,0,0.16908819344089202,Thấp,1,7.54,0,0,1,3803,14.2
7585,2025-01-01,2025,Operations,Operations Manager,1,0.18334976500464134,1,0.16908819344089202,Cao,3,18.33,1,0,0,1299,70.71
7586,2025-01-01,2025,Operations,Operations Executive,0,0.2101412124465696,1,0.16908819344089202,Cao,3,21.01,1,0,0,1029,76.8
7587,2025-01-01,2025,Information Technology,QA Engineer,1,0.3102235452569379,1,0.16908819344089202,Cao,3,31.02,1,0,0,294,93.39
7588,2025-01-01,2025,Information Technology,System Administrator,0,0.10271958319102337,0,0.16908819344089202,Trung bình,2,10.27,0,1,0,2925,34.01
7592,2025-01-01,2025,Human Resources,HR Executive,0,0.0932285869161092,0,0.16908819344089202,Thấp,1,9.32,0,0,1,3155,28.82
7595,2025-01-01,2025,Human Resources,C&B Specialist,0,0.10399791370569877,0,0.16908819344089202,Trung bình,2,10.4,0,1,0,2898,34.62
7600,2025-01-01,2025,Operations,Warehouse Supervisor,0,0.1107972490474401,0,0.16908819344089202,Trung bình,2,11.08,0,1,0,2731,38.39
7601,2025-01-01,2025,Marketing,Content Specialist,0,0.06640554283484526,0,0.16908819344089202,Thấp,1,6.64,0,0,1,4109,7.29
7605,2025-01-01,2025,Finance,Internal Auditor,0,0.09490065508800273,0,0.16908819344089202,Thấp,1,9.49,0,0,1,3115,29.72
7606,2025-01-01,2025,Finance,Internal Auditor,0,0.0921114684007208,0,0.16908819344089202,Thấp,1,9.21,0,0,1,3194,27.94
7607,2025-01-01,2025,Information Technology,IT Support,0,0.1204948827614772,0,0.16908819344089202,Trung bình,2,12.05,0,1,0,2457,44.57
7608,2025-01-01,2025,Marketing,Marketing Executive,0,0.21911133283905215,1,0.16908819344089202,Cao,3,21.91,1,0,0,929,79.06
7609,2025-01-01,2025,Finance,Accountant,0,0.349189569764358,1,0.16908819344089202,Cao,3,34.92,1,0,0,157,96.48
7611,2025-01-01,2025,Finance,Financial Analyst,0,0.06098034931125509,0,0.16908819344089202,Thấp,1,6.1,0,0,1,4270,3.66
7613,2025-01-01,2025,Operations,Operations Executive,0,0.3644577403064396,1,0.16908819344089202,Cao,3,36.45,1,0,0,121,97.29
7614,2025-01-01,2025,Operations,Warehouse Supervisor,0,0.08441660902771496,0,0.16908819344089202,Thấp,1,8.44,0,0,1,3439,22.41
7617,2025-01-01,2025,Operations,Warehouse Supervisor,1,0.09117217066206813,0,0.16908819344089202,Thấp,1,9.12,0,0,1,3225,27.24
7618,2025-01-01,2025,Finance,Accountant,0,0.30834738954950924,1,0.16908819344089202,Cao,3,30.83,1,0,0,298,93.3
7619,2025-01-01,2025,Sales,Sales Executive,0,0.08992261868788932,0,0.16908819344089202,Thấp,1,8.99,0,0,1,3270,26.22
7620,2025-01-01,2025,Human Resources,HR Manager,0,0.12898639876341406,0,0.16908819344089202,Trung bình,2,12.9,0,1,0,2266,48.88
7622,2025-01-01,2025,Human Resources,Recruiter,1,0.39113620469499766,1,0.16908819344089202,Cao,3,39.11,1,0,0,69,98.47
7623,2025-01-01,2025,Human Resources,C&B Specialist,0,0.3191165906467862,1,0.16908819344089202,Cao,3,31.91,1,0,0,252,94.34
7624,2025-01-01,2025,Information Technology,Data Analyst,1,0.2320986726978914,1,0.16908819344089202,Cao,3,23.21,1,0,0,811,81.72
7627,2025-01-01,2025,Marketing,Content Specialist,0,0.08494963026468948,0,0.16908819344089202,Thấp,1,8.49,0,0,1,3426,22.7
7629,2025-01-01,2025,Human Resources,HR Executive,0,0.06490656608428857,0,0.16908819344089202,Thấp,1,6.49,0,0,1,4154,6.27
7631,2025-01-01,2025,Finance,Internal Auditor,1,0.14770478838304102,0,0.16908819344089202,Trung bình,2,14.77,0,1,0,1833,58.65
7632,2025-01-01,2025,Finance,Finance Manager,0,0.135045918887463,0,0.16908819344089202,Trung bình,2,13.5,0,1,0,2112,52.36
7634,2025-01-01,2025,Marketing,Content Specialist,0,0.054640989940767035,0,0.16908819344089202,Thấp,1,5.46,0,0,1,4396,0.81
7635,2025-01-01,2025,Information Technology,System Administrator,0,0.12199230912627729,0,0.16908819344089202,Trung bình,2,12.2,0,1,0,2409,45.66
7636,2025-01-01,2025,Finance,Internal Auditor,0,0.13894992346425097,0,0.16908819344089202,Trung bình,2,13.89,0,1,0,2006,54.75
7641,2025-01-01,2025,Operations,Operations Executive,1,0.21028730384229785,1,0.16908819344089202,Cao,3,21.03,1,0,0,1028,76.82
7643,2025-01-01,2025,Marketing,Content Specialist,1,0.11329464097990843,0,0.16908819344089202,Trung bình,2,11.33,0,1,0,2648,40.26
7644,2025-01-01,2025,Information Technology,System Administrator,1,0.18758986206354117,1,0.16908819344089202,Cao,3,18.76,1,0,0,1251,71.79
7645,2025-01-01,2025,Information Technology,Data Analyst,0,0.26020239744394674,1,0.16908819344089202,Cao,3,26.02,1,0,0,576,87.02
7654,2025-01-01,2025,Human Resources,Recruiter,0,0.06767090058431154,0,0.16908819344089202,Thấp,1,6.77,0,0,1,4067,8.24
7655,2025-01-01,2025,Human Resources,HR Executive,0,0.16668096468885688,0,0.16908819344089202,Trung bình,2,16.67,0,1,0,1522,65.67
7659,2025-01-01,2025,Information Technology,Data Analyst,0,0.15493485538716195,0,0.16908819344089202,Trung bình,2,15.49,0,1,0,1698,61.7
7663,2025-01-01,2025,Finance,Financial Analyst,0,0.27832132304209944,1,0.16908819344089202,Cao,3,27.83,1,0,0,443,90.02
7665,2025-01-01,2025,Information Technology,Data Analyst,0,0.20044475047132232,1,0.16908819344089202,Cao,3,20.04,1,0,0,1135,74.41
7667,2025-01-01,2025,Information Technology,IT Support,0,0.07618844325267726,0,0.16908819344089202,Thấp,1,7.62,0,0,1,3778,14.76
7668,2025-01-01,2025,Sales,Sales Supervisor,0,0.19997726957135226,1,0.16908819344089202,Cao,3,20.0,1,0,0,1140,74.29
7671,2025-01-01,2025,Finance,Financial Analyst,0,0.09730626794676847,0,0.16908819344089202,Thấp,1,9.73,0,0,1,3061,30.94
7672,2025-01-01,2025,Human Resources,C&B Specialist,0,0.24841080793320056,1,0.16908819344089202,Cao,3,24.84,1,0,0,673,84.83
7673,2025-01-01,2025,Operations,Operations Manager,1,0.13275629831793248,0,0.16908819344089202,Trung bình,2,13.28,0,1,0,2169,51.07
7674,2025-01-01,2025,Sales,Sales Representative,0,0.06882924899624451,0,0.16908819344089202,Thấp,1,6.88,0,0,1,4035,8.96
7675,2025-01-01,2025,Marketing,Content Specialist,0,0.12082069943155273,0,0.16908819344089202,Trung bình,2,12.08,0,1,0,2449,44.75
7684,2025-01-01,2025,Human Resources,C&B Specialist,0,0.0996032548455439,0,0.16908819344089202,Thấp,1,9.96,0,0,1,3011,32.07
7685,2025-01-01,2025,Sales,Account Manager,0,0.2857316349869708,1,0.16908819344089202,Cao,3,28.57,1,0,0,391,91.2
7688,2025-01-01,2025,Human Resources,C&B Specialist,1,0.25908586321725074,1,0.16908819344089202,Cao,3,25.91,1,0,0,587,86.77
7690,2025-01-01,2025,Finance,Financial Analyst,0,0.09641111394891894,0,0.16908819344089202,Thấp,1,9.64,0,0,1,3076,30.6
7695,2025-01-01,2025,Finance,Accountant,0,0.1368373794248319,0,0.16908819344089202,Trung bình,2,13.68,0,1,0,2067,53.37
7696,2025-01-01,2025,Marketing,Marketing Manager,0,0.06429972686943937,0,0.16908819344089202,Thấp,1,6.43,0,0,1,4172,5.87
7697,2025-01-01,2025,Operations,Warehouse Supervisor,0,0.3831644203757781,1,0.16908819344089202,Cao,3,38.32,1,0,0,82,98.17
7700,2025-01-01,2025,Human Resources,C&B Specialist,0,0.05434992812322624,0,0.16908819344089202,Thấp,1,5.43,0,0,1,4402,0.68
7704,2025-01-01,2025,Information Technology,QA Engineer,0,0.14143781287545792,0,0.16908819344089202,Trung bình,2,14.14,0,1,0,1947,56.08
7708,2025-01-01,2025,Human Resources,Recruiter,0,0.06323299197060106,0,0.16908819344089202,Thấp,1,6.32,0,0,1,4207,5.08
7709,2025-01-01,2025,Information Technology,Software Engineer,0,0.10809643291045193,0,0.16908819344089202,Trung bình,2,10.81,0,1,0,2809,36.63
7710,2025-01-01,2025,Information Technology,Software Engineer,0,0.2910433706074399,1,0.16908819344089202,Cao,3,29.1,1,0,0,369,91.69
7711,2025-01-01,2025,Information Technology,IT Support,0,0.1394927493993451,0,0.16908819344089202,Trung bình,2,13.95,0,1,0,1993,55.04
7712,2025-01-01,2025,Human Resources,C&B Specialist,0,0.09104999207498285,0,0.16908819344089202,Thấp,1,9.1,0,0,1,3230,27.13
7715,2025-01-01,2025,Finance,Internal Auditor,0,0.06220242784895553,0,0.16908819344089202,Thấp,1,6.22,0,0,1,4239,4.36
7716,2025-01-01,2025,Marketing,Marketing Executive,0,0.06047518848797278,0,0.16908819344089202,Thấp,1,6.05,0,0,1,4287,3.27
7730,2025-01-01,2025,Finance,Internal Auditor,0,0.08200460727862159,0,0.16908819344089202,Thấp,1,8.2,0,0,1,3527,20.42
7731,2025-01-01,2025,Human Resources,C&B Specialist,0,0.14654692635259964,0,0.16908819344089202,Trung bình,2,14.65,0,1,0,1855,58.16
7733,2025-01-01,2025,Sales,Sales Executive,0,0.07132640516817201,0,0.16908819344089202,Thấp,1,7.13,0,0,1,3949,10.9
7735,2025-01-01,2025,Finance,Finance Manager,0,0.18999547479412388,1,0.16908819344089202,Cao,3,19.0,1,0,0,1229,72.29
7737,2025-01-01,2025,Sales,Account Manager,0,0.11631299370066228,0,0.16908819344089202,Trung bình,2,11.63,0,1,0,2554,42.38
7738,2025-01-01,2025,Human Resources,Recruiter,0,0.13440367044304027,0,0.16908819344089202,Trung bình,2,13.44,0,1,0,2126,52.04
7739,2025-01-01,2025,Marketing,Marketing Manager,0,0.2165173779843469,1,0.16908819344089202,Cao,3,21.65,1,0,0,957,78.42
7741,2025-01-01,2025,Human Resources,Recruiter,0,0.0918813680547717,0,0.16908819344089202,Thấp,1,9.19,0,0,1,3202,27.76
7742,2025-01-01,2025,Human Resources,HR Manager,0,0.10817885201503491,0,0.16908819344089202,Trung bình,2,10.82,0,1,0,2805,36.72
7743,2025-01-01,2025,Human Resources,HR Executive,0,0.07352455038901949,0,0.16908819344089202,Thấp,1,7.35,0,0,1,3887,12.3
7745,2025-01-01,2025,Information Technology,Software Engineer,0,0.12067115928003055,0,0.16908819344089202,Trung bình,2,12.07,0,1,0,2452,44.69
7746,2025-01-01,2025,Information Technology,QA Engineer,1,0.17023506465181132,1,0.16908819344089202,Cao,3,17.02,1,0,0,1478,66.67
7748,2025-01-01,2025,Human Resources,Recruiter,1,0.1137327921127308,0,0.16908819344089202,Trung bình,2,11.37,0,1,0,2632,40.62
7749,2025-01-01,2025,Marketing,Content Specialist,1,0.37957801327044655,1,0.16908819344089202,Cao,3,37.96,1,0,0,88,98.04
7750,2025-01-01,2025,Sales,Sales Supervisor,0,0.16145070326602196,0,0.16908819344089202,Trung bình,2,16.15,0,1,0,1592,64.09
7752,2025-01-01,2025,Sales,Account Manager,0,0.11090877384411267,0,0.16908819344089202,Trung bình,2,11.09,0,1,0,2729,38.43
7754,2025-01-01,2025,Information Technology,Data Analyst,0,0.20101199816943516,1,0.16908819344089202,Cao,3,20.1,1,0,0,1129,74.54
7755,2025-01-01,2025,Marketing,Content Specialist,0,0.20392267603363728,1,0.16908819344089202,Cao,3,20.39,1,0,0,1100,75.2
7757,2025-01-01,2025,Sales,Sales Supervisor,0,0.09090184093644339,0,0.16908819344089202,Thấp,1,9.09,0,0,1,3236,26.99
7767,2025-01-01,2025,Marketing,Marketing Manager,0,0.11934283703235093,0,0.16908819344089202,Trung bình,2,11.93,0,1,0,2491,43.81
7772,2025-01-01,2025,Sales,Account Manager,0,0.13735004801400016,0,0.16908819344089202,Trung bình,2,13.74,0,1,0,2049,53.78
7775,2025-01-01,2025,Sales,Sales Representative,0,0.20501330731281722,1,0.16908819344089202,Cao,3,20.5,1,0,0,1094,75.33
7776,2025-01-01,2025,Finance,Accountant,0,0.11422663839586929,0,0.16908819344089202,Trung bình,2,11.42,0,1,0,2620,40.89
7777,2025-01-01,2025,Information Technology,Data Analyst,0,0.08167858810149407,0,0.16908819344089202,Thấp,1,8.17,0,0,1,3541,20.11
7780,2025-01-01,2025,Information Technology,IT Support,0,0.11036907210656963,0,0.16908819344089202,Trung bình,2,11.04,0,1,0,2742,38.14
7783,2025-01-01,2025,Information Technology,Software Engineer,0,0.1398015290519898,0,0.16908819344089202,Trung bình,2,13.98,0,1,0,1980,55.34
7785,2025-01-01,2025,Finance,Financial Analyst,1,0.18135830329907063,1,0.16908819344089202,Cao,3,18.14,1,0,0,1315,70.35
7787,2025-01-01,2025,Information Technology,QA Engineer,0,0.12082541338121153,0,0.16908819344089202,Trung bình,2,12.08,0,1,0,2448,44.78
7791,2025-01-01,2025,Operations,Procurement Specialist,0,0.10668403561448946,0,0.16908819344089202,Trung bình,2,10.67,0,1,0,2848,35.75
7792,2025-01-01,2025,Information Technology,Data Analyst,0,0.11508272514792887,0,0.16908819344089202,Trung bình,2,11.51,0,1,0,2592,41.53
7793,2025-01-01,2025,Sales,Sales Executive,0,0.2838276261168084,1,0.16908819344089202,Cao,3,28.38,1,0,0,404,90.9
7796,2025-01-01,2025,Information Technology,Data Analyst,0,0.1313280866907063,0,0.16908819344089202,Trung bình,2,13.13,0,1,0,2210,50.15
7797,2025-01-01,2025,Marketing,Content Specialist,0,0.0862766668095811,0,0.16908819344089202,Thấp,1,8.63,0,0,1,3380,23.74
7798,2025-01-01,2025,Finance,Financial Analyst,0,0.06579883667462282,0,0.16908819344089202,Thấp,1,6.58,0,0,1,4122,7.0
7804,2025-01-01,2025,Finance,Finance Manager,0,0.2190691711433046,1,0.16908819344089202,Cao,3,21.91,1,0,0,931,79.01
7805,2025-01-01,2025,Information Technology,QA Engineer,1,0.137670360581917,0,0.16908819344089202,Trung bình,2,13.77,0,1,0,2039,54.01
7809,2025-01-01,2025,Operations,Operations Executive,0,0.058528211420698674,0,0.16908819344089202,Thấp,1,5.85,0,0,1,4327,2.37
7813,2025-01-01,2025,Information Technology,System Administrator,1,0.13132530890272098,0,0.16908819344089202,Trung bình,2,13.13,0,1,0,2211,50.12
7816,2025-01-01,2025,Information Technology,QA Engineer,0,0.06907144394675055,0,0.16908819344089202,Thấp,1,6.91,0,0,1,4027,9.14
7817,2025-01-01,2025,Marketing,Marketing Executive,0,0.22398049681575224,1,0.16908819344089202,Cao,3,22.4,1,0,0,877,80.23
7824,2025-01-01,2025,Finance,Accountant,0,0.05423299640529841,0,0.16908819344089202,Thấp,1,5.42,0,0,1,4404,0.63
7828,2025-01-01,2025,Finance,Internal Auditor,0,0.27059484986356447,1,0.16908819344089202,Cao,3,27.06,1,0,0,493,88.9
7831,2025-01-01,2025,Human Resources,C&B Specialist,0,0.14099341327203502,0,0.16908819344089202,Trung bình,2,14.1,0,1,0,1957,55.86
7834,2025-01-01,2025,Operations,Operations Manager,1,0.09744403427226497,0,0.16908819344089202,Thấp,1,9.74,0,0,1,3058,31.01
7836,2025-01-01,2025,Information Technology,QA Engineer,0,0.16131603139018091,0,0.16908819344089202,Trung bình,2,16.13,0,1,0,1598,63.96
7837,2025-01-01,2025,Finance,Accountant,0,0.1857735223290985,1,0.16908819344089202,Cao,3,18.58,1,0,0,1273,71.29
7840,2025-01-01,2025,Marketing,Content Specialist,0,0.16039397246285683,0,0.16908819344089202,Trung bình,2,16.04,0,1,0,1614,63.6
7842,2025-01-01,2025,Finance,Internal Auditor,0,0.21353256021260827,1,0.16908819344089202,Cao,3,21.35,1,0,0,993,77.61
7845,2025-01-01,2025,Marketing,Content Specialist,0,0.13554237702956082,0,0.16908819344089202,Trung bình,2,13.55,0,1,0,2098,52.67
7847,2025-01-01,2025,Sales,Sales Executive,1,0.11541647399409918,0,0.16908819344089202,Trung bình,2,11.54,0,1,0,2585,41.68
7850,2025-01-01,2025,Human Resources,Recruiter,0,0.19089290569146017,1,0.16908819344089202,Cao,3,19.09,1,0,0,1220,72.49
7852,2025-01-01,2025,Human Resources,HR Executive,0,0.12175928399601578,0,0.16908819344089202,Trung bình,2,12.18,0,1,0,2421,45.38
7854,2025-01-01,2025,Marketing,Content Specialist,0,0.111465157449519,0,0.16908819344089202,Trung bình,2,11.15,0,1,0,2706,38.95
7856,2025-01-01,2025,Operations,Procurement Specialist,0,0.11682297234324893,0,0.16908819344089202,Trung bình,2,11.68,0,1,0,2540,42.7
7857,2025-01-01,2025,Sales,Sales Executive,1,0.39998710811881694,1,0.16908819344089202,Cao,3,40.0,1,0,0,55,98.78
7858,2025-01-01,2025,Finance,Financial Analyst,0,0.09657899130216278,0,0.16908819344089202,Thấp,1,9.66,0,0,1,3073,30.67
7861,2025-01-01,2025,Human Resources,HR Executive,1,0.16044626720861893,0,0.16908819344089202,Trung bình,2,16.04,0,1,0,1610,63.69
7862,2025-01-01,2025,Finance,Accountant,0,0.17123599330790035,1,0.16908819344089202,Cao,3,17.12,1,0,0,1459,67.1
7867,2025-01-01,2025,Operations,Warehouse Supervisor,0,0.11953373735134308,0,0.16908819344089202,Trung bình,2,11.95,0,1,0,2487,43.9
7868,2025-01-01,2025,Finance,Internal Auditor,1,0.1311384167514851,0,0.16908819344089202,Trung bình,2,13.11,0,1,0,2216,50.01
7869,2025-01-01,2025,Information Technology,System Administrator,1,0.31495108841554803,1,0.16908819344089202,Cao,3,31.5,1,0,0,273,93.86
7871,2025-01-01,2025,Information Technology,Software Engineer,0,0.12953761499807562,0,0.16908819344089202,Trung bình,2,12.95,0,1,0,2256,49.11
7872,2025-01-01,2025,Sales,Sales Representative,0,0.24259374585571136,1,0.16908819344089202,Cao,3,24.26,1,0,0,714,83.91
7873,2025-01-01,2025,Finance,Accountant,0,0.37175965846597764,1,0.16908819344089202,Cao,3,37.18,1,0,0,101,97.74
7874,2025-01-01,2025,Human Resources,HR Executive,0,0.1810597744825107,1,0.16908819344089202,Cao,3,18.11,1,0,0,1319,70.26
7876,2025-01-01,2025,Human Resources,C&B Specialist,0,0.05540968087336925,0,0.16908819344089202,Thấp,1,5.54,0,0,1,4389,0.97
7878,2025-01-01,2025,Operations,Operations Executive,1,0.2558087978638106,1,0.16908819344089202,Cao,3,25.58,1,0,0,605,86.37
7879,2025-01-01,2025,Finance,Financial Analyst,0,0.1275624200258483,0,0.16908819344089202,Trung bình,2,12.76,0,1,0,2289,48.36
7882,2025-01-01,2025,Sales,Sales Supervisor,0,0.09487865390501678,0,0.16908819344089202,Thấp,1,9.49,0,0,1,3116,29.7
7885,2025-01-01,2025,Sales,Account Manager,0,0.09471310884958484,0,0.16908819344089202,Thấp,1,9.47,0,0,1,3118,29.65
7886,2025-01-01,2025,Operations,Operations Executive,0,0.30071246658780915,1,0.16908819344089202,Cao,3,30.07,1,0,0,328,92.62
7890,2025-01-01,2025,Sales,Sales Supervisor,1,0.12304889714560567,0,0.16908819344089202,Trung bình,2,12.3,0,1,0,2385,46.2
7898,2025-01-01,2025,Human Resources,C&B Specialist,0,0.12493989640457168,0,0.16908819344089202,Trung bình,2,12.49,0,1,0,2338,47.26
7899,2025-01-01,2025,Information Technology,QA Engineer,1,0.24825709147869043,1,0.16908819344089202,Cao,3,24.83,1,0,0,676,84.77
7900,2025-01-01,2025,Human Resources,C&B Specialist,0,0.0872592044330799,0,0.16908819344089202,Thấp,1,8.73,0,0,1,3338,24.69
7901,2025-01-01,2025,Marketing,Marketing Executive,0,0.3612676302099637,1,0.16908819344089202,Cao,3,36.13,1,0,0,130,97.09
7907,2025-01-01,2025,Marketing,Marketing Manager,0,0.2166729031618981,1,0.16908819344089202,Cao,3,21.67,1,0,0,954,78.49
7908,2025-01-01,2025,Sales,Sales Representative,1,0.11901976803902485,0,0.16908819344089202,Trung bình,2,11.9,0,1,0,2499,43.62
7912,2025-01-01,2025,Sales,Sales Representative,0,0.31858243934950925,1,0.16908819344089202,Cao,3,31.86,1,0,0,255,94.27
7913,2025-01-01,2025,Information Technology,Data Analyst,0,0.24403657348824234,1,0.16908819344089202,Cao,3,24.4,1,0,0,707,84.07
7914,2025-01-01,2025,Sales,Sales Representative,0,0.05864933967890431,0,0.16908819344089202,Thấp,1,5.86,0,0,1,4325,2.41
7915,2025-01-01,2025,Finance,Financial Analyst,0,0.26497305230159296,1,0.16908819344089202,Cao,3,26.5,1,0,0,536,87.93
7916,2025-01-01,2025,Sales,Sales Representative,0,0.07770998333803576,0,0.16908819344089202,Thấp,1,7.77,0,0,1,3722,16.02
7918,2025-01-01,2025,Information Technology,QA Engineer,0,0.1427072570139931,0,0.16908819344089202,Trung bình,2,14.27,0,1,0,1918,56.74
7919,2025-01-01,2025,Operations,Warehouse Supervisor,0,0.12883353559262947,0,0.16908819344089202,Trung bình,2,12.88,0,1,0,2267,48.86
7920,2025-01-01,2025,Operations,Warehouse Supervisor,0,0.13802900360560613,0,0.16908819344089202,Trung bình,2,13.8,0,1,0,2031,54.19
7923,2025-01-01,2025,Information Technology,IT Support,0,0.08929059036520237,0,0.16908819344089202,Thấp,1,8.93,0,0,1,3288,25.82
7924,2025-01-01,2025,Finance,Accountant,1,0.316013852186588,1,0.16908819344089202,Cao,3,31.6,1,0,0,268,93.97
7925,2025-01-01,2025,Sales,Sales Supervisor,0,0.07920980664414046,0,0.16908819344089202,Thấp,1,7.92,0,0,1,3656,17.51
7927,2025-01-01,2025,Operations,Operations Manager,0,0.06438857034428185,0,0.16908819344089202,Thấp,1,6.44,0,0,1,4169,5.94
7929,2025-01-01,2025,Sales,Sales Representative,0,0.0956508692604497,0,0.16908819344089202,Thấp,1,9.57,0,0,1,3094,30.2
7931,2025-01-01,2025,Finance,Finance Manager,0,0.09095655581621707,0,0.16908819344089202,Thấp,1,9.1,0,0,1,3234,27.04
7933,2025-01-01,2025,Information Technology,Software Engineer,0,0.0621145374095977,0,0.16908819344089202,Thấp,1,6.21,0,0,1,4241,4.31
7939,2025-01-01,2025,Marketing,Marketing Manager,0,0.20832328694502236,1,0.16908819344089202,Cao,3,20.83,1,0,0,1052,76.28
7944,2025-01-01,2025,Human Resources,C&B Specialist,1,0.32640743708868397,1,0.16908819344089202,Cao,3,32.64,1,0,0,228,94.88
7945,2025-01-01,2025,Human Resources,C&B Specialist,0,0.09192913593783643,0,0.16908819344089202,Thấp,1,9.19,0,0,1,3199,27.83
7947,2025-01-01,2025,Marketing,Content Specialist,0,0.08091180492330445,0,0.16908819344089202,Thấp,1,8.09,0,0,1,3575,19.34
7948,2025-01-01,2025,Marketing,Marketing Executive,0,0.23821451586637385,1,0.16908819344089202,Cao,3,23.82,1,0,0,747,83.16
7953,2025-01-01,2025,Human Resources,Recruiter,0,0.06899235381406217,0,0.16908819344089202,Thấp,1,6.9,0,0,1,4029,9.1
7954,2025-01-01,2025,Human Resources,HR Executive,0,0.17267183330445462,1,0.16908819344089202,Cao,3,17.27,1,0,0,1446,67.39
7956,2025-01-01,2025,Finance,Internal Auditor,0,0.40119875275022937,1,0.16908819344089202,Cao,3,40.12,1,0,0,52,98.85
7958,2025-01-01,2025,Finance,Finance Manager,0,0.13390631996221894,0,0.16908819344089202,Trung bình,2,13.39,0,1,0,2135,51.84
7960,2025-01-01,2025,Operations,Warehouse Supervisor,0,0.2735364835758716,1,0.16908819344089202,Cao,3,27.35,1,0,0,471,89.39
7961,2025-01-01,2025,Human Resources,Recruiter,0,0.2195218245711142,1,0.16908819344089202,Cao,3,21.95,1,0,0,925,79.15
7963,2025-01-01,2025,Finance,Accountant,0,0.10700845307336984,0,0.16908819344089202,Trung bình,2,10.7,0,1,0,2840,35.93
7964,2025-01-01,2025,Operations,Warehouse Supervisor,1,0.3340262512392445,1,0.16908819344089202,Cao,3,33.4,1,0,0,205,95.4
7967,2025-01-01,2025,Information Technology,Data Analyst,1,0.32308430947628203,1,0.16908819344089202,Cao,3,32.31,1,0,0,242,94.56
7969,2025-01-01,2025,Operations,Warehouse Supervisor,1,0.28922410109135077,1,0.16908819344089202,Cao,3,28.92,1,0,0,377,91.51
7970,2025-01-01,2025,Human Resources,HR Manager,1,0.09566069719838208,0,0.16908819344089202,Thấp,1,9.57,0,0,1,3093,30.22
7974,2025-01-01,2025,Finance,Accountant,0,0.20841685870532806,1,0.16908819344089202,Cao,3,20.84,1,0,0,1048,76.37
7975,2025-01-01,2025,Human Resources,HR Manager,0,0.09361150579857781,0,0.16908819344089202,Thấp,1,9.36,0,0,1,3149,28.96
7977,2025-01-01,2025,Operations,Operations Manager,1,0.3456754774677456,1,0.16908819344089202,Cao,3,34.57,1,0,0,169,96.21
7978,2025-01-01,2025,Information Technology,Data Analyst,0,0.2096815589205109,1,0.16908819344089202,Cao,3,20.97,1,0,0,1037,76.62
7980,2025-01-01,2025,Information Technology,QA Engineer,0,0.1706819223199104,1,0.16908819344089202,Cao,3,17.07,1,0,0,1469,66.87
7984,2025-01-01,2025,Human Resources,C&B Specialist,1,0.2762729509256984,1,0.16908819344089202,Cao,3,27.63,1,0,0,456,89.73
7988,2025-01-01,2025,Sales,Account Manager,0,0.2232072178060661,1,0.16908819344089202,Cao,3,22.32,1,0,0,886,80.03
7990,2025-01-01,2025,Operations,Procurement Specialist,0,0.1926554729112361,1,0.16908819344089202,Cao,3,19.27,1,0,0,1202,72.9
7991,2025-01-01,2025,Information Technology,IT Support,1,0.2864303564930267,1,0.16908819344089202,Cao,3,28.64,1,0,0,386,91.31
7994,2025-01-01,2025,Human Resources,HR Manager,0,0.17623516150285848,1,0.16908819344089202,Cao,3,17.62,1,0,0,1391,68.63
7995,2025-01-01,2025,Finance,Accountant,0,0.10997922009075718,0,0.16908819344089202,Trung bình,2,11.0,0,1,0,2751,37.94
7997,2025-01-01,2025,Marketing,Content Specialist,0,0.0650803881708196,0,0.16908819344089202,Thấp,1,6.51,0,0,1,4146,6.45
7999,2025-01-01,2025,Sales,Sales Executive,0,0.27478124403316023,1,0.16908819344089202,Cao,3,27.48,1,0,0,465,89.53
8000,2025-01-01,2025,Finance,Finance Manager,0,0.33670385213515097,1,0.16908819344089202,Cao,3,33.67,1,0,0,194,95.64
8004,2025-01-01,2025,Operations,Procurement Specialist,0,0.13170550618493906,0,0.16908819344089202,Trung bình,2,13.17,0,1,0,2203,50.3
8007,2025-01-01,2025,Sales,Sales Executive,0,0.08059182856079827,0,0.16908819344089202,Thấp,1,8.06,0,0,1,3592,18.96
8008,2025-01-01,2025,Sales,Sales Executive,0,0.26909239217141834,1,0.16908819344089202,Cao,3,26.91,1,0,0,506,88.6
8009,2025-01-01,2025,Sales,Sales Executive,1,0.24001458931711558,1,0.16908819344089202,Cao,3,24.0,1,0,0,735,83.43
8011,2025-01-01,2025,Sales,Sales Representative,0,0.11167811291328623,0,0.16908819344089202,Trung bình,2,11.17,0,1,0,2698,39.13
8013,2025-01-01,2025,Sales,Sales Executive,0,0.2079691738735884,1,0.16908819344089202,Cao,3,20.8,1,0,0,1056,76.19
8015,2025-01-01,2025,Human Resources,Recruiter,0,0.08144534966839191,0,0.16908819344089202,Thấp,1,8.14,0,0,1,3550,19.91
8017,2025-01-01,2025,Sales,Sales Executive,0,0.09122625091996993,0,0.16908819344089202,Thấp,1,9.12,0,0,1,3222,27.31
8019,2025-01-01,2025,Operations,Operations Manager,1,0.39387955962064225,1,0.16908819344089202,Cao,3,39.39,1,0,0,64,98.58
8020,2025-01-01,2025,Operations,Warehouse Supervisor,0,0.0658673214396077,0,0.16908819344089202,Thấp,1,6.59,0,0,1,4117,7.11
8026,2025-01-01,2025,Sales,Sales Executive,0,0.12080998240621733,0,0.16908819344089202,Trung bình,2,12.08,0,1,0,2450,44.73
8028,2025-01-01,2025,Human Resources,Recruiter,0,0.36449911600788754,1,0.16908819344089202,Cao,3,36.45,1,0,0,120,97.31
8029,2025-01-01,2025,Information Technology,IT Support,0,0.09087899196323225,0,0.16908819344089202,Thấp,1,9.09,0,0,1,3237,26.97
8032,2025-01-01,2025,Sales,Sales Supervisor,0,0.21251762562370372,1,0.16908819344089202,Cao,3,21.25,1,0,0,1005,77.34
8033,2025-01-01,2025,Information Technology,System Administrator,1,0.11517594642663033,0,0.16908819344089202,Trung bình,2,11.52,0,1,0,2591,41.55
8037,2025-01-01,2025,Human Resources,HR Executive,0,0.1665910060223882,0,0.16908819344089202,Trung bình,2,16.66,0,1,0,1524,65.63
8038,2025-01-01,2025,Information Technology,QA Engineer,0,0.37303129649195876,1,0.16908819344089202,Cao,3,37.3,1,0,0,98,97.81
8047,2025-01-01,2025,Marketing,Marketing Manager,0,0.08538284103739781,0,0.16908819344089202,Thấp,1,8.54,0,0,1,3407,23.13
8048,2025-01-01,2025,Finance,Finance Manager,0,0.05846144315095268,0,0.16908819344089202,Thấp,1,5.85,0,0,1,4329,2.32
8052,2025-01-01,2025,Operations,Procurement Specialist,0,0.18389716547172355,1,0.16908819344089202,Cao,3,18.39,1,0,0,1290,70.91
8059,2025-01-01,2025,Sales,Sales Executive,0,0.08670079091544743,0,0.16908819344089202,Thấp,1,8.67,0,0,1,3366,24.06
8060,2025-01-01,2025,Human Resources,Recruiter,0,0.1136437782024696,0,0.16908819344089202,Trung bình,2,11.36,0,1,0,2634,40.58
8062,2025-01-01,2025,Operations,Operations Executive,0,0.06017627864705181,0,0.16908819344089202,Thấp,1,6.02,0,0,1,4293,3.14
8065,2025-01-01,2025,Operations,Operations Manager,0,0.15861909069327837,0,0.16908819344089202,Trung bình,2,15.86,0,1,0,1645,62.9
8067,2025-01-01,2025,Human Resources,HR Executive,0,0.20832896311881216,1,0.16908819344089202,Cao,3,20.83,1,0,0,1051,76.3
8069,2025-01-01,2025,Sales,Sales Executive,0,0.07803273907727133,0,0.16908819344089202,Thấp,1,7.8,0,0,1,3709,16.32
8073,2025-01-01,2025,Human Resources,C&B Specialist,0,0.09399180311259057,0,0.16908819344089202,Thấp,1,9.4,0,0,1,3135,29.27
8074,2025-01-01,2025,Operations,Warehouse Supervisor,1,0.26422751315746673,1,0.16908819344089202,Cao,3,26.42,1,0,0,545,87.72
8077,2025-01-01,2025,Operations,Warehouse Supervisor,0,0.07284317372765689,0,0.16908819344089202,Thấp,1,7.28,0,0,1,3903,11.94
8079,2025-01-01,2025,Sales,Account Manager,0,0.1049756819112938,0,0.16908819344089202,Trung bình,2,10.5,0,1,0,2880,35.03
8081,2025-01-01,2025,Sales,Account Manager,0,0.06711432249230932,0,0.16908819344089202,Thấp,1,6.71,0,0,1,4086,7.81
8082,2025-01-01,2025,Information Technology,Data Analyst,0,0.12478044362531997,0,0.16908819344089202,Trung bình,2,12.48,0,1,0,2343,47.15
8089,2025-01-01,2025,Finance,Internal Auditor,0,0.4395029412353939,1,0.16908819344089202,Cao,3,43.95,1,0,0,16,99.66
8093,2025-01-01,2025,Human Resources,Recruiter,0,0.07040937784480322,0,0.16908819344089202,Thấp,1,7.04,0,0,1,3988,10.02
8094,2025-01-01,2025,Information Technology,QA Engineer,0,0.12279820345921898,0,0.16908819344089202,Trung bình,2,12.28,0,1,0,2393,46.02
8096,2025-01-01,2025,Operations,Operations Manager,0,0.12423436908799751,0,0.16908819344089202,Trung bình,2,12.42,0,1,0,2354,46.9
8098,2025-01-01,2025,Information Technology,IT Support,0,0.1000900806128793,0,0.16908819344089202,Thấp,1,10.01,0,0,1,2999,32.34
8101,2025-01-01,2025,Information Technology,Software Engineer,0,0.20073488423963917,1,0.16908819344089202,Cao,3,20.07,1,0,0,1131,74.5
8104,2025-01-01,2025,Operations,Operations Executive,0,0.11683101870543783,0,0.16908819344089202,Trung bình,2,11.68,0,1,0,2539,42.72
8105,2025-01-01,2025,Finance,Accountant,0,0.12400141209166471,0,0.16908819344089202,Trung bình,2,12.4,0,1,0,2362,46.72
8107,2025-01-01,2025,Marketing,Marketing Manager,0,0.10058684041626355,0,0.16908819344089202,Trung bình,2,10.06,0,1,0,2981,32.75
8109,2025-01-01,2025,Information Technology,Data Analyst,0,0.31089420170109705,1,0.16908819344089202,Cao,3,31.09,1,0,0,292,93.43
8110,2025-01-01,2025,Operations,Operations Executive,1,0.13257271457101294,0,0.16908819344089202,Trung bình,2,13.26,0,1,0,2173,50.98
8113,2025-01-01,2025,Information Technology,System Administrator,1,0.11440387001313544,0,0.16908819344089202,Trung bình,2,11.44,0,1,0,2608,41.16
8116,2025-01-01,2025,Human Resources,HR Manager,0,0.060961128227703616,0,0.16908819344089202,Thấp,1,6.1,0,0,1,4273,3.59
8117,2025-01-01,2025,Operations,Operations Manager,0,0.16041586422465204,0,0.16908819344089202,Trung bình,2,16.04,0,1,0,1613,63.62
8119,2025-01-01,2025,Marketing,Content Specialist,0,0.062366245852450736,0,0.16908819344089202,Thấp,1,6.24,0,0,1,4232,4.51
8121,2025-01-01,2025,Finance,Accountant,0,0.21568630408747608,1,0.16908819344089202,Cao,3,21.57,1,0,0,967,78.2
8123,2025-01-01,2025,Finance,Internal Auditor,0,0.07901189691176287,0,0.16908819344089202,Thấp,1,7.9,0,0,1,3667,17.26
8125,2025-01-01,2025,Human Resources,HR Manager,0,0.2502194553736006,1,0.16908819344089202,Cao,3,25.02,1,0,0,653,85.29
8126,2025-01-01,2025,Information Technology,Data Analyst,0,0.07636147420227397,0,0.16908819344089202,Thấp,1,7.64,0,0,1,3772,14.9
8129,2025-01-01,2025,Marketing,Marketing Manager,0,0.07674764535353769,0,0.16908819344089202,Thấp,1,7.67,0,0,1,3756,15.26
8130,2025-01-01,2025,Human Resources,HR Executive,0,0.12300093606119807,0,0.16908819344089202,Trung bình,2,12.3,0,1,0,2388,46.13
8131,2025-01-01,2025,Sales,Sales Supervisor,0,0.054117637197928184,0,0.16908819344089202,Thấp,1,5.41,0,0,1,4406,0.59
8136,2025-01-01,2025,Sales,Sales Supervisor,0,0.07110192725041924,0,0.16908819344089202,Thấp,1,7.11,0,0,1,3960,10.65
8138,2025-01-01,2025,Marketing,Marketing Executive,0,0.3958550100265771,1,0.16908819344089202,Cao,3,39.59,1,0,0,62,98.62
8139,2025-01-01,2025,Operations,Warehouse Supervisor,0,0.10465734716201022,0,0.16908819344089202,Trung bình,2,10.47,0,1,0,2887,34.87
8141,2025-01-01,2025,Finance,Accountant,0,0.08676017247678125,0,0.16908819344089202,Thấp,1,8.68,0,0,1,3358,24.24
8147,2025-01-01,2025,Human Resources,Recruiter,1,0.24249748291951037,1,0.16908819344089202,Cao,3,24.25,1,0,0,716,83.86
8149,2025-01-01,2025,Marketing,Marketing Manager,1,0.326940544353359,1,0.16908819344089202,Cao,3,32.69,1,0,0,227,94.9
8151,2025-01-01,2025,Information Technology,Software Engineer,0,0.077692303588369,0,0.16908819344089202,Thấp,1,7.77,0,0,1,3724,15.98
8155,2025-01-01,2025,Human Resources,C&B Specialist,0,0.17276388962903247,1,0.16908819344089202,Cao,3,17.28,1,0,0,1445,67.41
8158,2025-01-01,2025,Finance,Financial Analyst,0,0.08262251003457109,0,0.16908819344089202,Thấp,1,8.26,0,0,1,3503,20.97
8159,2025-01-01,2025,Information Technology,Software Engineer,0,0.18865182515806303,1,0.16908819344089202,Cao,3,18.87,1,0,0,1241,72.02
8160,2025-01-01,2025,Information Technology,System Administrator,1,0.1126613504622528,0,0.16908819344089202,Trung bình,2,11.27,0,1,0,2669,39.79
8163,2025-01-01,2025,Finance,Financial Analyst,1,0.21281967112446457,1,0.16908819344089202,Cao,3,21.28,1,0,0,1000,77.45
8165,2025-01-01,2025,Sales,Sales Supervisor,0,0.2010842213128556,1,0.16908819344089202,Cao,3,20.11,1,0,0,1128,74.57
8167,2025-01-01,2025,Marketing,Digital Marketing Specialist,0,0.20573119930759695,1,0.16908819344089202,Cao,3,20.57,1,0,0,1085,75.54
8170,2025-01-01,2025,Human Resources,HR Executive,0,0.16195293185661583,0,0.16908819344089202,Trung bình,2,16.2,0,1,0,1584,64.27
8171,2025-01-01,2025,Information Technology,Software Engineer,0,0.0685878032222095,0,0.16908819344089202,Thấp,1,6.86,0,0,1,4038,8.89
8172,2025-01-01,2025,Human Resources,C&B Specialist,0,0.06087665231349419,0,0.16908819344089202,Thấp,1,6.09,0,0,1,4278,3.48
8173,2025-01-01,2025,Sales,Sales Executive,0,0.19381194473591332,1,0.16908819344089202,Cao,3,19.38,1,0,0,1193,73.1
8178,2025-01-01,2025,Operations,Operations Executive,0,0.12281914590643792,0,0.16908819344089202,Trung bình,2,12.28,0,1,0,2392,46.04
8179,2025-01-01,2025,Sales,Sales Executive,1,0.20446984742686977,1,0.16908819344089202,Cao,3,20.45,1,0,0,1097,75.27
8180,2025-01-01,2025,Information Technology,IT Support,0,0.19195452886823572,1,0.16908819344089202,Cao,3,19.2,1,0,0,1209,72.74
8181,2025-01-01,2025,Information Technology,QA Engineer,1,0.2755544455692792,1,0.16908819344089202,Cao,3,27.56,1,0,0,460,89.64
8183,2025-01-01,2025,Sales,Sales Supervisor,1,0.07381256343372075,0,0.16908819344089202,Thấp,1,7.38,0,0,1,3873,12.62
8185,2025-01-01,2025,Sales,Sales Representative,0,0.1022084441688651,0,0.16908819344089202,Trung bình,2,10.22,0,1,0,2943,33.6
8187,2025-01-01,2025,Marketing,Content Specialist,0,0.304587857000144,1,0.16908819344089202,Cao,3,30.46,1,0,0,317,92.87
8188,2025-01-01,2025,Sales,Sales Executive,1,0.2592302257460651,1,0.16908819344089202,Cao,3,25.92,1,0,0,582,86.89
8189,2025-01-01,2025,Human Resources,C&B Specialist,0,0.07628236546095526,0,0.16908819344089202,Thấp,1,7.63,0,0,1,3775,14.83
8191,2025-01-01,2025,Sales,Sales Executive,0,0.0650328562152511,0,0.16908819344089202,Thấp,1,6.5,0,0,1,4147,6.43
8192,2025-01-01,2025,Finance,Finance Manager,0,0.08047417562485197,0,0.16908819344089202,Thấp,1,8.05,0,0,1,3597,18.84
8194,2025-01-01,2025,Sales,Sales Supervisor,0,0.07950442974973111,0,0.16908819344089202,Thấp,1,7.95,0,0,1,3645,17.76
8198,2025-01-01,2025,Information Technology,Software Engineer,0,0.08071684060784255,0,0.16908819344089202,Thấp,1,8.07,0,0,1,3587,19.07
8199,2025-01-01,2025,Information Technology,Data Analyst,0,0.08839984387458875,0,0.16908819344089202,Thấp,1,8.84,0,0,1,3313,25.25
8206,2025-01-01,2025,Sales,Sales Executive,0,0.16961016002173712,1,0.16908819344089202,Cao,3,16.96,1,0,0,1483,66.55
8207,2025-01-01,2025,Human Resources,HR Executive,0,0.19137508345260945,1,0.16908819344089202,Cao,3,19.14,1,0,0,1216,72.58
8209,2025-01-01,2025,Human Resources,C&B Specialist,0,0.10771205237132508,0,0.16908819344089202,Trung bình,2,10.77,0,1,0,2820,36.38
8211,2025-01-01,2025,Sales,Sales Representative,0,0.11603667263271786,0,0.16908819344089202,Trung bình,2,11.6,0,1,0,2562,42.2
8214,2025-01-01,2025,Finance,Accountant,0,0.0676895658525053,0,0.16908819344089202,Thấp,1,6.77,0,0,1,4066,8.26
8220,2025-01-01,2025,Human Resources,C&B Specialist,0,0.10650600272126666,0,0.16908819344089202,Trung bình,2,10.65,0,1,0,2853,35.64
8224,2025-01-01,2025,Information Technology,Data Analyst,0,0.1371716016685726,0,0.16908819344089202,Trung bình,2,13.72,0,1,0,2056,53.62
8228,2025-01-01,2025,Finance,Financial Analyst,0,0.10750299317824817,0,0.16908819344089202,Trung bình,2,10.75,0,1,0,2829,36.18
8235,2025-01-01,2025,Sales,Sales Executive,0,0.07619612383289638,0,0.16908819344089202,Thấp,1,7.62,0,0,1,3777,14.78
8237,2025-01-01,2025,Sales,Sales Representative,0,0.06586514680295939,0,0.16908819344089202,Thấp,1,6.59,0,0,1,4118,7.09
8239,2025-01-01,2025,Sales,Sales Executive,0,0.3272467102175013,1,0.16908819344089202,Cao,3,32.72,1,0,0,226,94.92
8240,2025-01-01,2025,Marketing,Marketing Manager,0,0.05478367101041686,0,0.16908819344089202,Thấp,1,5.48,0,0,1,4395,0.84
8241,2025-01-01,2025,Marketing,Content Specialist,0,0.22791989496581314,1,0.16908819344089202,Cao,3,22.79,1,0,0,844,80.97
8242,2025-01-01,2025,Information Technology,Software Engineer,0,0.1433241857590965,0,0.16908819344089202,Trung bình,2,14.33,0,1,0,1904,57.05
8243,2025-01-01,2025,Information Technology,IT Support,0,0.13511245572131086,0,0.16908819344089202,Trung bình,2,13.51,0,1,0,2107,52.47
8249,2025-01-01,2025,Sales,Sales Representative,0,0.3617323023005439,1,0.16908819344089202,Cao,3,36.17,1,0,0,127,97.16
8250,2025-01-01,2025,Operations,Operations Manager,0,0.14129298824869355,0,0.16908819344089202,Trung bình,2,14.13,0,1,0,1953,55.95
8259,2025-01-01,2025,Information Technology,QA Engineer,0,0.11638097565855154,0,0.16908819344089202,Trung bình,2,11.64,0,1,0,2552,42.43
8263,2025-01-01,2025,Sales,Sales Executive,0,0.23186369450598462,1,0.16908819344089202,Cao,3,23.19,1,0,0,812,81.7
8264,2025-01-01,2025,Sales,Account Manager,0,0.08879695548682086,0,0.16908819344089202,Thấp,1,8.88,0,0,1,3299,25.57
8268,2025-01-01,2025,Human Resources,C&B Specialist,0,0.06759183495028923,0,0.16908819344089202,Thấp,1,6.76,0,0,1,4068,8.21
8271,2025-01-01,2025,Human Resources,Recruiter,0,0.2120119462576027,1,0.16908819344089202,Cao,3,21.2,1,0,0,1010,77.23
8272,2025-01-01,2025,Sales,Account Manager,0,0.20786627323575202,1,0.16908819344089202,Cao,3,20.79,1,0,0,1057,76.17
8273,2025-01-01,2025,Marketing,Marketing Executive,0,0.07272031973288685,0,0.16908819344089202,Thấp,1,7.27,0,0,1,3909,11.8
8280,2025-01-01,2025,Finance,Financial Analyst,0,0.1041058492141441,0,0.16908819344089202,Trung bình,2,10.41,0,1,0,2897,34.64
8281,2025-01-01,2025,Marketing,Digital Marketing Specialist,0,0.11395662935485644,0,0.16908819344089202,Trung bình,2,11.4,0,1,0,2629,40.69
8282,2025-01-01,2025,Information Technology,Software Engineer,0,0.14608087776487036,0,0.16908819344089202,Trung bình,2,14.61,0,1,0,1862,58.0
8284,2025-01-01,2025,Human Resources,HR Manager,0,0.10235564922150217,0,0.16908819344089202,Trung bình,2,10.24,0,1,0,2937,33.74
8285,2025-01-01,2025,Information Technology,IT Support,0,0.11345508636895017,0,0.16908819344089202,Trung bình,2,11.35,0,1,0,2639,40.46
8286,2025-01-01,2025,Finance,Finance Manager,0,0.08817560574953526,0,0.16908819344089202,Thấp,1,8.82,0,0,1,3318,25.14
8287,2025-01-01,2025,Finance,Accountant,0,0.06139882901633833,0,0.16908819344089202,Thấp,1,6.14,0,0,1,4257,3.95
8288,2025-01-01,2025,Operations,Procurement Specialist,0,0.12922684259409603,0,0.16908819344089202,Trung bình,2,12.92,0,1,0,2264,48.93
8290,2025-01-01,2025,Finance,Finance Manager,0,0.26717758471713354,1,0.16908819344089202,Cao,3,26.72,1,0,0,519,88.31
8292,2025-01-01,2025,Human Resources,HR Executive,0,0.08353333015935362,0,0.16908819344089202,Thấp,1,8.35,0,0,1,3471,21.69
8295,2025-01-01,2025,Human Resources,C&B Specialist,1,0.14048234548376295,0,0.16908819344089202,Trung bình,2,14.05,0,1,0,1967,55.63
8300,2025-01-01,2025,Marketing,Digital Marketing Specialist,0,0.1165699234628772,0,0.16908819344089202,Trung bình,2,11.66,0,1,0,2545,42.59
8308,2025-01-01,2025,Information Technology,System Administrator,0,0.10244652381896781,0,0.16908819344089202,Trung bình,2,10.24,0,1,0,2932,33.85
8310,2025-01-01,2025,Finance,Finance Manager,0,0.16826159144108033,0,0.16908819344089202,Trung bình,2,16.83,0,1,0,1502,66.13
8314,2025-01-01,2025,Sales,Sales Representative,1,0.2815038789488327,1,0.16908819344089202,Cao,3,28.15,1,0,0,416,90.63
8319,2025-01-01,2025,Information Technology,Software Engineer,0,0.1021624153273292,0,0.16908819344089202,Trung bình,2,10.22,0,1,0,2946,33.54
8321,2025-01-01,2025,Sales,Sales Representative,0,0.21717548008300053,1,0.16908819344089202,Cao,3,21.72,1,0,0,948,78.63
8323,2025-01-01,2025,Human Resources,HR Manager,0,0.14666766010822335,0,0.16908819344089202,Trung bình,2,14.67,0,1,0,1852,58.23
8324,2025-01-01,2025,Sales,Sales Supervisor,1,0.2548590037000181,1,0.16908819344089202,Cao,3,25.49,1,0,0,610,86.26
8328,2025-01-01,2025,Marketing,Marketing Manager,0,0.28569818074728137,1,0.16908819344089202,Cao,3,28.57,1,0,0,392,91.18
8331,2025-01-01,2025,Sales,Sales Representative,0,0.23159632550455878,1,0.16908819344089202,Cao,3,23.16,1,0,0,815,81.63
8333,2025-01-01,2025,Operations,Procurement Specialist,0,0.29957839846483253,1,0.16908819344089202,Cao,3,29.96,1,0,0,332,92.53
8334,2025-01-01,2025,Operations,Procurement Specialist,1,0.2643094452652423,1,0.16908819344089202,Cao,3,26.43,1,0,0,543,87.77
8335,2025-01-01,2025,Information Technology,Data Analyst,0,0.07689185659960364,0,0.16908819344089202,Thấp,1,7.69,0,0,1,3749,15.41
8338,2025-01-01,2025,Operations,Operations Executive,0,0.09149158981627856,0,0.16908819344089202,Thấp,1,9.15,0,0,1,3214,27.49
8346,2025-01-01,2025,Information Technology,Software Engineer,0,0.168469128366397,0,0.16908819344089202,Trung bình,2,16.85,0,1,0,1498,66.22
8347,2025-01-01,2025,Operations,Operations Manager,0,0.16019890745049226,0,0.16908819344089202,Trung bình,2,16.02,0,1,0,1616,63.55
8348,2025-01-01,2025,Sales,Sales Supervisor,0,0.26354463349570323,1,0.16908819344089202,Cao,3,26.35,1,0,0,552,87.56
8352,2025-01-01,2025,Marketing,Digital Marketing Specialist,0,0.11229912418052306,0,0.16908819344089202,Trung bình,2,11.23,0,1,0,2678,39.58
8354,2025-01-01,2025,Information Technology,Software Engineer,0,0.16463631118901545,0,0.16908819344089202,Trung bình,2,16.46,0,1,0,1551,65.02
8355,2025-01-01,2025,Marketing,Marketing Manager,0,0.06653580023577974,0,0.16908819344089202,Thấp,1,6.65,0,0,1,4103,7.42
8358,2025-01-01,2025,Operations,Operations Manager,1,0.2697726642228649,1,0.16908819344089202,Cao,3,26.98,1,0,0,500,88.74
8360,2025-01-01,2025,Sales,Sales Representative,0,0.07191410026325568,0,0.16908819344089202,Thấp,1,7.19,0,0,1,3930,11.33
8361,2025-01-01,2025,Marketing,Content Specialist,0,0.2379980202178083,1,0.16908819344089202,Cao,3,23.8,1,0,0,748,83.14
8363,2025-01-01,2025,Human Resources,HR Manager,0,0.09186321504239583,0,0.16908819344089202,Thấp,1,9.19,0,0,1,3203,27.74
8365,2025-01-01,2025,Finance,Finance Manager,0,0.13691997199640515,0,0.16908819344089202,Trung bình,2,13.69,0,1,0,2064,53.44
8367,2025-01-01,2025,Sales,Sales Executive,0,0.06113620350578117,0,0.16908819344089202,Thấp,1,6.11,0,0,1,4264,3.79
8368,2025-01-01,2025,Operations,Procurement Specialist,0,0.08028009474649657,0,0.16908819344089202,Thấp,1,8.03,0,0,1,3610,18.55
8370,2025-01-01,2025,Marketing,Digital Marketing Specialist,0,0.05374223925101972,0,0.16908819344089202,Thấp,1,5.37,0,0,1,4410,0.5
8372,2025-01-01,2025,Sales,Sales Supervisor,0,0.40596681032862375,1,0.16908819344089202,Cao,3,40.6,1,0,0,44,99.03
8373,2025-01-01,2025,Human Resources,Recruiter,0,0.16135589962789323,0,0.16908819344089202,Trung bình,2,16.14,0,1,0,1595,64.03
8385,2025-01-01,2025,Marketing,Marketing Manager,0,0.05437232908733677,0,0.16908819344089202,Thấp,1,5.44,0,0,1,4401,0.7
8387,2025-01-01,2025,Human Resources,HR Executive,0,0.09654357537598282,0,0.16908819344089202,Thấp,1,9.65,0,0,1,3074,30.65
8388,2025-01-01,2025,Finance,Finance Manager,0,0.19915999085713035,1,0.16908819344089202,Cao,3,19.92,1,0,0,1145,74.18
8389,2025-01-01,2025,Sales,Sales Supervisor,1,0.40621436739020483,1,0.16908819344089202,Cao,3,40.62,1,0,0,42,99.07
8391,2025-01-01,2025,Finance,Internal Auditor,0,0.16863620260135945,0,0.16908819344089202,Trung bình,2,16.86,0,1,0,1496,66.26
8392,2025-01-01,2025,Operations,Operations Manager,0,0.3054221937588725,1,0.16908819344089202,Cao,3,30.54,1,0,0,312,92.98
8393,2025-01-01,2025,Human Resources,C&B Specialist,0,0.09880899327738285,0,0.16908819344089202,Thấp,1,9.88,0,0,1,3033,31.57
8396,2025-01-01,2025,Marketing,Marketing Executive,0,0.07195124318272898,0,0.16908819344089202,Thấp,1,7.2,0,0,1,3928,11.37
8397,2025-01-01,2025,Operations,Operations Executive,0,0.2428372069391591,1,0.16908819344089202,Cao,3,24.28,1,0,0,711,83.98
8399,2025-01-01,2025,Human Resources,HR Executive,0,0.06639476204246497,0,0.16908819344089202,Thấp,1,6.64,0,0,1,4110,7.27
8407,2025-01-01,2025,Marketing,Content Specialist,0,0.07149471318970718,0,0.16908819344089202,Thấp,1,7.15,0,0,1,3947,10.95
8408,2025-01-01,2025,Marketing,Marketing Executive,1,0.06965647099041775,0,0.16908819344089202,Thấp,1,6.97,0,0,1,4008,9.57
8413,2025-01-01,2025,Marketing,Digital Marketing Specialist,0,0.14256464170607425,0,0.16908819344089202,Trung bình,2,14.26,0,1,0,1922,56.65
8414,2025-01-01,2025,Sales,Sales Executive,1,0.1860637882885743,1,0.16908819344089202,Cao,3,18.61,1,0,0,1268,71.41
8415,2025-01-01,2025,Information Technology,System Administrator,0,0.2112241178704875,1,0.16908819344089202,Cao,3,21.12,1,0,0,1018,77.05
8416,2025-01-01,2025,Marketing,Marketing Manager,0,0.16034971106540485,0,0.16908819344089202,Trung bình,2,16.03,0,1,0,1615,63.57
8418,2025-01-01,2025,Finance,Accountant,0,0.12598032071940832,0,0.16908819344089202,Trung bình,2,12.6,0,1,0,2318,47.71
8419,2025-01-01,2025,Finance,Internal Auditor,0,0.06942036482381393,0,0.16908819344089202,Thấp,1,6.94,0,0,1,4014,9.43
8420,2025-01-01,2025,Operations,Warehouse Supervisor,0,0.09688455017166228,0,0.16908819344089202,Thấp,1,9.69,0,0,1,3068,30.78
8423,2025-01-01,2025,Information Technology,IT Support,1,0.2158177876496808,1,0.16908819344089202,Cao,3,21.58,1,0,0,965,78.24
8426,2025-01-01,2025,Human Resources,Recruiter,0,0.24883654490233076,1,0.16908819344089202,Cao,3,24.88,1,0,0,665,85.01
8427,2025-01-01,2025,Operations,Warehouse Supervisor,0,0.17842143325718382,1,0.16908819344089202,Cao,3,17.84,1,0,0,1354,69.47
8429,2025-01-01,2025,Marketing,Marketing Executive,0,0.2619885276937018,1,0.16908819344089202,Cao,3,26.2,1,0,0,563,87.32
8430,2025-01-01,2025,Marketing,Content Specialist,0,0.14215233511983932,0,0.16908819344089202,Trung bình,2,14.22,0,1,0,1933,56.4
8431,2025-01-01,2025,Marketing,Marketing Manager,0,0.25664768694684187,1,0.16908819344089202,Cao,3,25.66,1,0,0,599,86.5
8436,2025-01-01,2025,Human Resources,Recruiter,0,0.1612638227167771,0,0.16908819344089202,Trung bình,2,16.13,0,1,0,1599,63.94
8438,2025-01-01,2025,Sales,Sales Executive,0,0.07717959093539017,0,0.16908819344089202,Thấp,1,7.72,0,0,1,3740,15.62
8442,2025-01-01,2025,Sales,Sales Executive,0,0.08717964961245123,0,0.16908819344089202,Thấp,1,8.72,0,0,1,3342,24.6
8443,2025-01-01,2025,Information Technology,IT Support,0,0.1436555589987387,0,0.16908819344089202,Trung bình,2,14.37,0,1,0,1897,57.21
8444,2025-01-01,2025,Marketing,Marketing Executive,0,0.21911490087992003,1,0.16908819344089202,Cao,3,21.91,1,0,0,928,79.08
8446,2025-01-01,2025,Human Resources,HR Executive,0,0.2414870626892302,1,0.16908819344089202,Cao,3,24.15,1,0,0,723,83.71
8447,2025-01-01,2025,Marketing,Digital Marketing Specialist,1,0.21199510301526947,1,0.16908819344089202,Cao,3,21.2,1,0,0,1011,77.21
8450,2025-01-01,2025,Marketing,Content Specialist,0,0.22860864944887496,1,0.16908819344089202,Cao,3,22.86,1,0,0,837,81.13
8457,2025-01-01,2025,Marketing,Marketing Executive,1,0.28356863420901457,1,0.16908819344089202,Cao,3,28.36,1,0,0,406,90.86
8460,2025-01-01,2025,Sales,Sales Supervisor,0,0.13383039618144116,0,0.16908819344089202,Trung bình,2,13.38,0,1,0,2137,51.79
8461,2025-01-01,2025,Marketing,Marketing Executive,0,0.12458270551754329,0,0.16908819344089202,Trung bình,2,12.46,0,1,0,2347,47.05
8463,2025-01-01,2025,Information Technology,Software Engineer,0,0.07972945502970258,0,0.16908819344089202,Thấp,1,7.97,0,0,1,3633,18.03
8466,2025-01-01,2025,Operations,Operations Manager,0,0.21845843964639855,1,0.16908819344089202,Cao,3,21.85,1,0,0,940,78.81
8467,2025-01-01,2025,Operations,Operations Manager,0,0.32019803963110427,1,0.16908819344089202,Cao,3,32.02,1,0,0,251,94.36
8470,2025-01-01,2025,Human Resources,Recruiter,0,0.16733829230824104,0,0.16908819344089202,Trung bình,2,16.73,0,1,0,1512,65.9
8472,2025-01-01,2025,Marketing,Marketing Executive,0,0.109359160980661,0,0.16908819344089202,Trung bình,2,10.94,0,1,0,2768,37.55
8473,2025-01-01,2025,Marketing,Content Specialist,0,0.1170076213623478,0,0.16908819344089202,Trung bình,2,11.7,0,1,0,2536,42.79
8474,2025-01-01,2025,Operations,Operations Executive,0,0.15421146628463409,0,0.16908819344089202,Trung bình,2,15.42,0,1,0,1711,61.41
8480,2025-01-01,2025,Operations,Procurement Specialist,0,0.0797041389248355,0,0.16908819344089202,Thấp,1,7.97,0,0,1,3636,17.96
8481,2025-01-01,2025,Sales,Sales Executive,0,0.06562847603472323,0,0.16908819344089202,Thấp,1,6.56,0,0,1,4130,6.82
8483,2025-01-01,2025,Human Resources,C&B Specialist,0,0.12070027414523787,0,0.16908819344089202,Trung bình,2,12.07,0,1,0,2451,44.71
8488,2025-01-01,2025,Marketing,Marketing Manager,1,0.3807539847846755,1,0.16908819344089202,Cao,3,38.08,1,0,0,86,98.08
8490,2025-01-01,2025,Operations,Procurement Specialist,1,0.1547521982400462,0,0.16908819344089202,Trung bình,2,15.48,0,1,0,1701,61.63
8494,2025-01-01,2025,Operations,Procurement Specialist,0,0.4064278973246622,1,0.16908819344089202,Cao,3,40.64,1,0,0,40,99.12
8495,2025-01-01,2025,Marketing,Content Specialist,0,0.2449578559700956,1,0.16908819344089202,Cao,3,24.5,1,0,0,700,84.22
8498,2025-01-01,2025,Finance,Accountant,0,0.16668120764456107,0,0.16908819344089202,Trung bình,2,16.67,0,1,0,1521,65.7
8499,2025-01-01,2025,Marketing,Marketing Manager,0,0.12502817078797548,0,0.16908819344089202,Trung bình,2,12.5,0,1,0,2337,47.28
8500,2025-01-01,2025,Operations,Operations Manager,0,0.25912903633040785,1,0.16908819344089202,Cao,3,25.91,1,0,0,584,86.84
8501,2025-01-01,2025,Human Resources,Recruiter,0,0.25909358065331617,1,0.16908819344089202,Cao,3,25.91,1,0,0,586,86.8
8506,2025-01-01,2025,Operations,Operations Executive,0,0.12140693498553133,0,0.16908819344089202,Trung bình,2,12.14,0,1,0,2431,45.16
8508,2025-01-01,2025,Marketing,Content Specialist,1,0.1632906341856961,0,0.16908819344089202,Trung bình,2,16.33,0,1,0,1570,64.59
8509,2025-01-01,2025,Human Resources,HR Manager,0,0.19480886667140843,1,0.16908819344089202,Cao,3,19.48,1,0,0,1183,73.32
8511,2025-01-01,2025,Information Technology,Software Engineer,0,0.22283924155659396,1,0.16908819344089202,Cao,3,22.28,1,0,0,893,79.87
8512,2025-01-01,2025,Information Technology,QA Engineer,1,0.3027278178047129,1,0.16908819344089202,Cao,3,30.27,1,0,0,325,92.69
8514,2025-01-01,2025,Operations,Procurement Specialist,0,0.08747296787970936,0,0.16908819344089202,Thấp,1,8.75,0,0,1,3332,24.83
8515,2025-01-01,2025,Sales,Sales Executive,0,0.16270833376858163,0,0.16908819344089202,Trung bình,2,16.27,0,1,0,1576,64.45
8516,2025-01-01,2025,Human Resources,HR Executive,0,0.15404228679582918,0,0.16908819344089202,Trung bình,2,15.4,0,1,0,1714,61.34
8517,2025-01-01,2025,Operations,Operations Manager,1,0.260922070535774,1,0.16908819344089202,Cao,3,26.09,1,0,0,572,87.11
8518,2025-01-01,2025,Human Resources,HR Executive,0,0.10770924271596338,0,0.16908819344089202,Trung bình,2,10.77,0,1,0,2821,36.36
8519,2025-01-01,2025,Finance,Financial Analyst,0,0.08561101561732108,0,0.16908819344089202,Thấp,1,8.56,0,0,1,3398,23.34
8520,2025-01-01,2025,Operations,Operations Manager,1,0.17762458077227408,1,0.16908819344089202,Cao,3,17.76,1,0,0,1366,69.19
8523,2025-01-01,2025,Sales,Sales Representative,0,0.19039119022379575,1,0.16908819344089202,Cao,3,19.04,1,0,0,1224,72.4
8524,2025-01-01,2025,Marketing,Marketing Manager,0,0.10485347004524993,0,0.16908819344089202,Trung bình,2,10.49,0,1,0,2884,34.94
8526,2025-01-01,2025,Marketing,Marketing Manager,0,0.058055223486814175,0,0.16908819344089202,Thấp,1,5.81,0,0,1,4335,2.19
8528,2025-01-01,2025,Sales,Sales Supervisor,0,0.06798851738135803,0,0.16908819344089202,Thấp,1,6.8,0,0,1,4059,8.42
8533,2025-01-01,2025,Finance,Financial Analyst,0,0.10787258845784847,0,0.16908819344089202,Trung bình,2,10.79,0,1,0,2815,36.49
8535,2025-01-01,2025,Sales,Account Manager,0,0.2565474448268887,1,0.16908819344089202,Cao,3,25.65,1,0,0,600,86.48
8541,2025-01-01,2025,Operations,Operations Manager,1,0.14746086462692654,0,0.16908819344089202,Trung bình,2,14.75,0,1,0,1839,58.52
8543,2025-01-01,2025,Sales,Sales Representative,0,0.21210811966911727,1,0.16908819344089202,Cao,3,21.21,1,0,0,1008,77.27
8546,2025-01-01,2025,Finance,Internal Auditor,0,0.1534447769557994,0,0.16908819344089202,Trung bình,2,15.34,0,1,0,1727,61.05
8547,2025-01-01,2025,Sales,Sales Representative,0,0.20977086455079133,1,0.16908819344089202,Cao,3,20.98,1,0,0,1035,76.66
8551,2025-01-01,2025,Operations,Operations Executive,0,0.0925470001972198,0,0.16908819344089202,Thấp,1,9.25,0,0,1,3178,28.3
8553,2025-01-01,2025,Finance,Finance Manager,0,0.08805827292790583,0,0.16908819344089202,Thấp,1,8.81,0,0,1,3322,25.05
8554,2025-01-01,2025,Finance,Accountant,0,0.07925675051820254,0,0.16908819344089202,Thấp,1,7.93,0,0,1,3653,17.58
8555,2025-01-01,2025,Operations,Warehouse Supervisor,0,0.06725153805150776,0,0.16908819344089202,Thấp,1,6.73,0,0,1,4081,7.92
8556,2025-01-01,2025,Finance,Accountant,0,0.11108231680860221,0,0.16908819344089202,Trung bình,2,11.11,0,1,0,2720,38.64
8557,2025-01-01,2025,Marketing,Content Specialist,1,0.14934513790940024,0,0.16908819344089202,Trung bình,2,14.93,0,1,0,1809,59.2
8558,2025-01-01,2025,Sales,Sales Supervisor,0,0.16449105057902352,0,0.16908819344089202,Trung bình,2,16.45,0,1,0,1553,64.97
8561,2025-01-01,2025,Information Technology,QA Engineer,0,0.15369680571923708,0,0.16908819344089202,Trung bình,2,15.37,0,1,0,1723,61.14
8562,2025-01-01,2025,Human Resources,C&B Specialist,0,0.09231433703043819,0,0.16908819344089202,Thấp,1,9.23,0,0,1,3188,28.07
8563,2025-01-01,2025,Finance,Finance Manager,0,0.0637516781743211,0,0.16908819344089202,Thấp,1,6.38,0,0,1,4193,5.39
8567,2025-01-01,2025,Information Technology,QA Engineer,0,0.27004042787058,1,0.16908819344089202,Cao,3,27.0,1,0,0,496,88.83
8568,2025-01-01,2025,Sales,Account Manager,0,0.17341956464901215,1,0.16908819344089202,Cao,3,17.34,1,0,0,1436,67.61
8573,2025-01-01,2025,Operations,Warehouse Supervisor,0,0.18438950941516996,1,0.16908819344089202,Cao,3,18.44,1,0,0,1287,70.98
8579,2025-01-01,2025,Sales,Sales Executive,1,0.149903587110663,0,0.16908819344089202,Trung bình,2,14.99,0,1,0,1795,59.51
8583,2025-01-01,2025,Human Resources,HR Executive,0,0.20379969026190906,1,0.16908819344089202,Cao,3,20.38,1,0,0,1102,75.15
8584,2025-01-01,2025,Marketing,Digital Marketing Specialist,0,0.08113967458069288,0,0.16908819344089202,Thấp,1,8.11,0,0,1,3566,19.54
8587,2025-01-01,2025,Finance,Internal Auditor,0,0.14164605655388873,0,0.16908819344089202,Trung bình,2,14.16,0,1,0,1942,56.19
8592,2025-01-01,2025,Human Resources,Recruiter,0,0.10837030620470932,0,0.16908819344089202,Trung bình,2,10.84,0,1,0,2795,36.94
8593,2025-01-01,2025,Human Resources,Recruiter,0,0.12245673228231943,0,0.16908819344089202,Trung bình,2,12.25,0,1,0,2399,45.88
8600,2025-01-01,2025,Finance,Internal Auditor,0,0.08041374760414717,0,0.16908819344089202,Thấp,1,8.04,0,0,1,3600,18.78
8603,2025-01-01,2025,Information Technology,System Administrator,0,0.15104153760697983,0,0.16908819344089202,Trung bình,2,15.1,0,1,0,1768,60.12
8609,2025-01-01,2025,Finance,Finance Manager,0,0.2669653087551374,1,0.16908819344089202,Cao,3,26.7,1,0,0,520,88.29
8613,2025-01-01,2025,Finance,Accountant,0,0.3164123489827626,1,0.16908819344089202,Cao,3,31.64,1,0,0,265,94.04
8614,2025-01-01,2025,Operations,Operations Executive,0,0.08179475056963804,0,0.16908819344089202,Thấp,1,8.18,0,0,1,3537,20.2
8620,2025-01-01,2025,Finance,Internal Auditor,0,0.10580895118053678,0,0.16908819344089202,Trung bình,2,10.58,0,1,0,2867,35.32
8625,2025-01-01,2025,Marketing,Content Specialist,0,0.11341792906917171,0,0.16908819344089202,Trung bình,2,11.34,0,1,0,2641,40.42
8626,2025-01-01,2025,Marketing,Content Specialist,0,0.14478640863427633,0,0.16908819344089202,Trung bình,2,14.48,0,1,0,1879,57.62
8627,2025-01-01,2025,Marketing,Content Specialist,0,0.0752341520897624,0,0.16908819344089202,Thấp,1,7.52,0,0,1,3814,13.95
8631,2025-01-01,2025,Human Resources,Recruiter,0,0.12483909139482817,0,0.16908819344089202,Trung bình,2,12.48,0,1,0,2341,47.19
8633,2025-01-01,2025,Marketing,Digital Marketing Specialist,0,0.14565129308716301,0,0.16908819344089202,Trung bình,2,14.57,0,1,0,1869,57.84
8634,2025-01-01,2025,Information Technology,IT Support,0,0.12332004197133682,0,0.16908819344089202,Trung bình,2,12.33,0,1,0,2374,46.45
8635,2025-01-01,2025,Marketing,Marketing Executive,0,0.05252681266227099,0,0.16908819344089202,Thấp,1,5.25,0,0,1,4412,0.45
8636,2025-01-01,2025,Marketing,Digital Marketing Specialist,0,0.05135257242923427,0,0.16908819344089202,Thấp,1,5.14,0,0,1,4421,0.25
8637,2025-01-01,2025,Sales,Account Manager,0,0.1824015045267111,1,0.16908819344089202,Cao,3,18.24,1,0,0,1308,70.5
8638,2025-01-01,2025,Operations,Operations Executive,0,0.17400678849162113,1,0.16908819344089202,Cao,3,17.4,1,0,0,1427,67.82
8639,2025-01-01,2025,Marketing,Content Specialist,0,0.25269904722458064,1,0.16908819344089202,Cao,3,25.27,1,0,0,632,85.76
8645,2025-01-01,2025,Sales,Sales Supervisor,0,0.13509111827181974,0,0.16908819344089202,Trung bình,2,13.51,0,1,0,2109,52.43
8647,2025-01-01,2025,Marketing,Marketing Executive,0,0.21311598843717858,1,0.16908819344089202,Cao,3,21.31,1,0,0,997,77.52
8648,2025-01-01,2025,Human Resources,C&B Specialist,0,0.07546356928937482,0,0.16908819344089202,Thấp,1,7.55,0,0,1,3802,14.22
8650,2025-01-01,2025,Information Technology,Data Analyst,0,0.19667172876733294,1,0.16908819344089202,Cao,3,19.67,1,0,0,1169,73.64
8651,2025-01-01,2025,Marketing,Marketing Executive,0,0.09672041944533033,0,0.16908819344089202,Thấp,1,9.67,0,0,1,3071,30.72
8657,2025-01-01,2025,Sales,Sales Representative,0,0.07822180034236272,0,0.16908819344089202,Thấp,1,7.82,0,0,1,3699,16.54
8658,2025-01-01,2025,Sales,Sales Supervisor,0,0.07159408171241101,0,0.16908819344089202,Thấp,1,7.16,0,0,1,3943,11.04
8659,2025-01-01,2025,Finance,Financial Analyst,0,0.16245858490421525,0,0.16908819344089202,Trung bình,2,16.25,0,1,0,1577,64.43
8660,2025-01-01,2025,Operations,Procurement Specialist,0,0.08710882220651373,0,0.16908819344089202,Thấp,1,8.71,0,0,1,3345,24.53
8662,2025-01-01,2025,Sales,Sales Supervisor,0,0.0809088889098544,0,0.16908819344089202,Thấp,1,8.09,0,0,1,3577,19.3
8665,2025-01-01,2025,Finance,Internal Auditor,0,0.10783441060216037,0,0.16908819344089202,Trung bình,2,10.78,0,1,0,2816,36.47
8667,2025-01-01,2025,Human Resources,HR Manager,1,0.1771097500485096,1,0.16908819344089202,Cao,3,17.71,1,0,0,1376,68.97
8671,2025-01-01,2025,Sales,Sales Representative,0,0.0612036272201439,0,0.16908819344089202,Thấp,1,6.12,0,0,1,4263,3.81
8672,2025-01-01,2025,Sales,Sales Executive,0,0.06844781396220286,0,0.16908819344089202,Thấp,1,6.84,0,0,1,4046,8.71
8678,2025-01-01,2025,Finance,Financial Analyst,0,0.1234815794887267,0,0.16908819344089202,Trung bình,2,12.35,0,1,0,2372,46.49
8684,2025-01-01,2025,Finance,Internal Auditor,0,0.13543605406425413,0,0.16908819344089202,Trung bình,2,13.54,0,1,0,2101,52.61
8685,2025-01-01,2025,Marketing,Marketing Manager,0,0.05053645638163837,0,0.16908819344089202,Thấp,1,5.05,0,0,1,4427,0.11
8686,2025-01-01,2025,Information Technology,IT Support,0,0.07740864226979688,0,0.16908819344089202,Thấp,1,7.74,0,0,1,3733,15.78
8688,2025-01-01,2025,Operations,Operations Executive,1,0.23854130103112894,1,0.16908819344089202,Cao,3,23.85,1,0,0,743,83.25
8693,2025-01-01,2025,Information Technology,Data Analyst,1,0.17284991371831582,1,0.16908819344089202,Cao,3,17.28,1,0,0,1444,67.43
8695,2025-01-01,2025,Finance,Internal Auditor,1,0.33255156423676063,1,0.16908819344089202,Cao,3,33.26,1,0,0,209,95.31
8696,2025-01-01,2025,Finance,Finance Manager,0,0.07152379014397417,0,0.16908819344089202,Thấp,1,7.15,0,0,1,3945,10.99
8697,2025-01-01,2025,Sales,Account Manager,0,0.14232023369701616,0,0.16908819344089202,Trung bình,2,14.23,0,1,0,1928,56.51
8698,2025-01-01,2025,Marketing,Marketing Manager,0,0.06920840354280576,0,0.16908819344089202,Thấp,1,6.92,0,0,1,4024,9.21
8699,2025-01-01,2025,Information Technology,IT Support,0,0.059496462759806586,0,0.16908819344089202,Thấp,1,5.95,0,0,1,4312,2.71
8700,2025-01-01,2025,Sales,Account Manager,1,0.13952444085550744,0,0.16908819344089202,Trung bình,2,13.95,0,1,0,1992,55.07
8703,2025-01-01,2025,Operations,Operations Manager,0,0.08451960089020921,0,0.16908819344089202,Thấp,1,8.45,0,0,1,3435,22.5
8705,2025-01-01,2025,Information Technology,Software Engineer,0,0.14970821884418287,0,0.16908819344089202,Trung bình,2,14.97,0,1,0,1801,59.38
8706,2025-01-01,2025,Finance,Financial Analyst,0,0.12276363243670098,0,0.16908819344089202,Trung bình,2,12.28,0,1,0,2394,45.99
8708,2025-01-01,2025,Information Technology,Data Analyst,0,0.28031406321309904,1,0.16908819344089202,Cao,3,28.03,1,0,0,427,90.39
8709,2025-01-01,2025,Marketing,Digital Marketing Specialist,0,0.057610305238892746,0,0.16908819344089202,Thấp,1,5.76,0,0,1,4349,1.87
8717,2025-01-01,2025,Information Technology,System Administrator,1,0.27764250148043157,1,0.16908819344089202,Cao,3,27.76,1,0,0,448,89.91
8718,2025-01-01,2025,Operations,Warehouse Supervisor,0,0.11800489384152814,0,0.16908819344089202,Trung bình,2,11.8,0,1,0,2515,43.26
8719,2025-01-01,2025,Sales,Sales Representative,0,0.07797717728090624,0,0.16908819344089202,Thấp,1,7.8,0,0,1,3712,16.25
8720,2025-01-01,2025,Information Technology,QA Engineer,1,0.17459738818237797,1,0.16908819344089202,Cao,3,17.46,1,0,0,1416,68.07
8721,2025-01-01,2025,Sales,Sales Executive,1,0.21732267320428594,1,0.16908819344089202,Cao,3,21.73,1,0,0,947,78.65
8725,2025-01-01,2025,Finance,Financial Analyst,0,0.11457328235219758,0,0.16908819344089202,Trung bình,2,11.46,0,1,0,2604,41.25
8731,2025-01-01,2025,Human Resources,HR Executive,0,0.11243187984607457,0,0.16908819344089202,Trung bình,2,11.24,0,1,0,2674,39.68
8734,2025-01-01,2025,Marketing,Content Specialist,0,0.0999952363168578,0,0.16908819344089202,Thấp,1,10.0,0,0,1,3000,32.32
8739,2025-01-01,2025,Operations,Operations Manager,0,0.08283663946625582,0,0.16908819344089202,Thấp,1,8.28,0,0,1,3492,21.21
8741,2025-01-01,2025,Sales,Account Manager,0,0.07869512226313667,0,0.16908819344089202,Thấp,1,7.87,0,0,1,3681,16.95
8743,2025-01-01,2025,Information Technology,System Administrator,0,0.10442950189847566,0,0.16908819344089202,Trung bình,2,10.44,0,1,0,2892,34.76
8754,2025-01-01,2025,Finance,Accountant,0,0.08323916818725294,0,0.16908819344089202,Thấp,1,8.32,0,0,1,3478,21.53
8758,2025-01-01,2025,Human Resources,Recruiter,0,0.12815919382491947,0,0.16908819344089202,Trung bình,2,12.82,0,1,0,2278,48.61
8759,2025-01-01,2025,Operations,Operations Executive,0,0.06204962746758241,0,0.16908819344089202,Thấp,1,6.2,0,0,1,4245,4.22
8760,2025-01-01,2025,Human Resources,Recruiter,0,0.10777791822116098,0,0.16908819344089202,Trung bình,2,10.78,0,1,0,2817,36.45
8763,2025-01-01,2025,Marketing,Marketing Manager,0,0.06579491503181051,0,0.16908819344089202,Thấp,1,6.58,0,0,1,4123,6.97
8766,2025-01-01,2025,Human Resources,C&B Specialist,0,0.13573359447824396,0,0.16908819344089202,Trung bình,2,13.57,0,1,0,2090,52.85
8768,2025-01-01,2025,Human Resources,HR Manager,0,0.13197043989373072,0,0.16908819344089202,Trung bình,2,13.2,0,1,0,2196,50.46
8769,2025-01-01,2025,Operations,Operations Manager,0,0.11424210748831735,0,0.16908819344089202,Trung bình,2,11.42,0,1,0,2618,40.94
8771,2025-01-01,2025,Sales,Sales Representative,0,0.14576344220688311,0,0.16908819344089202,Trung bình,2,14.58,0,1,0,1867,57.89
8774,2025-01-01,2025,Sales,Sales Supervisor,0,0.08095905531860502,0,0.16908819344089202,Thấp,1,8.1,0,0,1,3574,19.36
8775,2025-01-01,2025,Operations,Warehouse Supervisor,0,0.28933518748469644,1,0.16908819344089202,Cao,3,28.93,1,0,0,376,91.54
8776,2025-01-01,2025,Marketing,Marketing Executive,0,0.24202283474714387,1,0.16908819344089202,Cao,3,24.2,1,0,0,719,83.8
8777,2025-01-01,2025,Information Technology,Data Analyst,1,0.2546873517482562,1,0.16908819344089202,Cao,3,25.47,1,0,0,613,86.19
8778,2025-01-01,2025,Sales,Sales Supervisor,1,0.1406878367555072,0,0.16908819344089202,Trung bình,2,14.07,0,1,0,1962,55.74
8779,2025-01-01,2025,Human Resources,HR Executive,0,0.08107924130546942,0,0.16908819344089202,Thấp,1,8.11,0,0,1,3569,19.48
8780,2025-01-01,2025,Information Technology,QA Engineer,0,0.20925044742533075,1,0.16908819344089202,Cao,3,20.93,1,0,0,1042,76.51
8781,2025-01-01,2025,Human Resources,C&B Specialist,0,0.12835680299544824,0,0.16908819344089202,Trung bình,2,12.84,0,1,0,2276,48.66
8782,2025-01-01,2025,Human Resources,HR Executive,0,0.14045458352834989,0,0.16908819344089202,Trung bình,2,14.05,0,1,0,1968,55.61
8783,2025-01-01,2025,Sales,Sales Representative,0,0.05151065991903568,0,0.16908819344089202,Thấp,1,5.15,0,0,1,4420,0.27
8784,2025-01-01,2025,Operations,Procurement Specialist,0,0.06082264285593187,0,0.16908819344089202,Thấp,1,6.08,0,0,1,4280,3.43
8786,2025-01-01,2025,Marketing,Digital Marketing Specialist,0,0.05951406116673925,0,0.16908819344089202,Thấp,1,5.95,0,0,1,4311,2.73
8787,2025-01-01,2025,Human Resources,HR Manager,0,0.26405374435139306,1,0.16908819344089202,Cao,3,26.41,1,0,0,546,87.7
8789,2025-01-01,2025,Finance,Accountant,0,0.1544171445938761,0,0.16908819344089202,Trung bình,2,15.44,0,1,0,1708,61.48
8790,2025-01-01,2025,Finance,Financial Analyst,0,0.13779573264427825,0,0.16908819344089202,Trung bình,2,13.78,0,1,0,2037,54.05
8792,2025-01-01,2025,Information Technology,Software Engineer,0,0.08415596273054049,0,0.16908819344089202,Thấp,1,8.42,0,0,1,3453,22.09
8796,2025-01-01,2025,Human Resources,C&B Specialist,0,0.287473574175533,1,0.16908819344089202,Cao,3,28.75,1,0,0,383,91.38
8798,2025-01-01,2025,Marketing,Marketing Executive,0,0.13925089004798627,0,0.16908819344089202,Trung bình,2,13.93,0,1,0,2000,54.89
8801,2025-01-01,2025,Information Technology,QA Engineer,1,0.17376293460403153,1,0.16908819344089202,Cao,3,17.38,1,0,0,1430,67.75
8803,2025-01-01,2025,Sales,Account Manager,0,0.07405173975432501,0,0.16908819344089202,Thấp,1,7.41,0,0,1,3861,12.89
8811,2025-01-01,2025,Information Technology,System Administrator,0,0.10659747641057175,0,0.16908819344089202,Trung bình,2,10.66,0,1,0,2850,35.7
8813,2025-01-01,2025,Human Resources,C&B Specialist,0,0.24684844423034713,1,0.16908819344089202,Cao,3,24.68,1,0,0,689,84.47
8818,2025-01-01,2025,Information Technology,QA Engineer,0,0.09158195904169121,0,0.16908819344089202,Thấp,1,9.16,0,0,1,3209,27.6
8820,2025-01-01,2025,Operations,Warehouse Supervisor,0,0.28309019414460745,1,0.16908819344089202,Cao,3,28.31,1,0,0,408,90.81
8821,2025-01-01,2025,Operations,Operations Executive,0,0.42004636363807873,1,0.16908819344089202,Cao,3,42.0,1,0,0,28,99.39
8822,2025-01-01,2025,Finance,Internal Auditor,0,0.24708918574747632,1,0.16908819344089202,Cao,3,24.71,1,0,0,687,84.52
8823,2025-01-01,2025,Information Technology,Data Analyst,0,0.07985300509716435,0,0.16908819344089202,Thấp,1,7.99,0,0,1,3627,18.17
8824,2025-01-01,2025,Operations,Warehouse Supervisor,0,0.12194095407727402,0,0.16908819344089202,Trung bình,2,12.19,0,1,0,2411,45.61
8825,2025-01-01,2025,Information Technology,Software Engineer,0,0.11490852817025678,0,0.16908819344089202,Trung bình,2,11.49,0,1,0,2594,41.48
8827,2025-01-01,2025,Sales,Sales Supervisor,0,0.17818125479912858,1,0.16908819344089202,Cao,3,17.82,1,0,0,1357,69.4
8828,2025-01-01,2025,Operations,Procurement Specialist,1,0.4931658971483003,1,0.16908819344089202,Cao,3,49.32,1,0,0,2,99.98
8829,2025-01-01,2025,Information Technology,System Administrator,0,0.17222578810934022,1,0.16908819344089202,Cao,3,17.22,1,0,0,1450,67.3
8831,2025-01-01,2025,Finance,Finance Manager,0,0.2153315193754652,1,0.16908819344089202,Cao,3,21.53,1,0,0,973,78.06
8838,2025-01-01,2025,Human Resources,Recruiter,0,0.061423217514664084,0,0.16908819344089202,Thấp,1,6.14,0,0,1,4255,3.99
8841,2025-01-01,2025,Information Technology,System Administrator,0,0.1749042431234706,1,0.16908819344089202,Cao,3,17.49,1,0,0,1406,68.29
8843,2025-01-01,2025,Sales,Sales Supervisor,0,0.10911714674171487,0,0.16908819344089202,Trung bình,2,10.91,0,1,0,2775,37.4
8845,2025-01-01,2025,Operations,Operations Manager,0,0.23264666643387655,1,0.16908819344089202,Cao,3,23.26,1,0,0,804,81.88
8848,2025-01-01,2025,Information Technology,QA Engineer,0,0.3565818700239535,1,0.16908819344089202,Cao,3,35.66,1,0,0,140,96.86
8850,2025-01-01,2025,Sales,Sales Executive,0,0.09449223114384041,0,0.16908819344089202,Thấp,1,9.45,0,0,1,3121,29.59
8854,2025-01-01,2025,Sales,Sales Executive,0,0.1927737362684356,1,0.16908819344089202,Cao,3,19.28,1,0,0,1199,72.96
8856,2025-01-01,2025,Human Resources,HR Manager,0,0.12551197902223582,0,0.16908819344089202,Trung bình,2,12.55,0,1,0,2322,47.62
8857,2025-01-01,2025,Finance,Financial Analyst,0,0.22030014230106995,1,0.16908819344089202,Cao,3,22.03,1,0,0,916,79.35
8858,2025-01-01,2025,Sales,Sales Supervisor,0,0.2680223540855761,1,0.16908819344089202,Cao,3,26.8,1,0,0,514,88.42
8860,2025-01-01,2025,Sales,Account Manager,0,0.3458541735498591,1,0.16908819344089202,Cao,3,34.59,1,0,0,168,96.23
8864,2025-01-01,2025,Marketing,Digital Marketing Specialist,0,0.15920285073054566,0,0.16908819344089202,Trung bình,2,15.92,0,1,0,1631,63.21
8866,2025-01-01,2025,Information Technology,Data Analyst,0,0.1558340165947436,0,0.16908819344089202,Trung bình,2,15.58,0,1,0,1687,61.95
8868,2025-01-01,2025,Information Technology,Software Engineer,0,0.15826471205064147,0,0.16908819344089202,Trung bình,2,15.83,0,1,0,1650,62.78
8873,2025-01-01,2025,Operations,Warehouse Supervisor,0,0.2601856880371782,1,0.16908819344089202,Cao,3,26.02,1,0,0,577,87.0
8874,2025-01-01,2025,Information Technology,Data Analyst,0,0.10294031774310401,0,0.16908819344089202,Trung bình,2,10.29,0,1,0,2921,34.1
8875,2025-01-01,2025,Marketing,Marketing Manager,0,0.10059357368114674,0,0.16908819344089202,Trung bình,2,10.06,0,1,0,2980,32.77
8877,2025-01-01,2025,Information Technology,System Administrator,0,0.2675997939485503,1,0.16908819344089202,Cao,3,26.76,1,0,0,518,88.33
8878,2025-01-01,2025,Information Technology,Data Analyst,0,0.10477780355312613,0,0.16908819344089202,Trung bình,2,10.48,0,1,0,2886,34.89
8882,2025-01-01,2025,Human Resources,Recruiter,0,0.1165661152477562,0,0.16908819344089202,Trung bình,2,11.66,0,1,0,2546,42.56
8883,2025-01-01,2025,Finance,Finance Manager,1,0.15146206195442413,0,0.16908819344089202,Trung bình,2,15.15,0,1,0,1761,60.28
8887,2025-01-01,2025,Sales,Sales Supervisor,0,0.10507236540686883,0,0.16908819344089202,Trung bình,2,10.51,0,1,0,2879,35.05
8890,2025-01-01,2025,Information Technology,Software Engineer,0,0.16235597853886585,0,0.16908819344089202,Trung bình,2,16.24,0,1,0,1579,64.39
8893,2025-01-01,2025,Finance,Finance Manager,0,0.3234546718911828,1,0.16908819344089202,Cao,3,32.35,1,0,0,238,94.65
8899,2025-01-01,2025,Marketing,Digital Marketing Specialist,0,0.2714761311864808,1,0.16908819344089202,Cao,3,27.15,1,0,0,485,89.08
8900,2025-01-01,2025,Human Resources,HR Executive,0,0.07048910321473685,0,0.16908819344089202,Thấp,1,7.05,0,0,1,3983,10.13
8907,2025-01-01,2025,Operations,Warehouse Supervisor,0,0.14594576057627104,0,0.16908819344089202,Trung bình,2,14.59,0,1,0,1864,57.96
8910,2025-01-01,2025,Finance,Internal Auditor,0,0.15619505034208986,0,0.16908819344089202,Trung bình,2,15.62,0,1,0,1681,62.09
8911,2025-01-01,2025,Operations,Operations Executive,0,0.1240895566850391,0,0.16908819344089202,Trung bình,2,12.41,0,1,0,2358,46.81
8912,2025-01-01,2025,Operations,Operations Manager,0,0.14148445476937424,0,0.16908819344089202,Trung bình,2,14.15,0,1,0,1945,56.13
8914,2025-01-01,2025,Sales,Sales Representative,0,0.16339048586664745,0,0.16908819344089202,Trung bình,2,16.34,0,1,0,1567,64.66
8915,2025-01-01,2025,Sales,Account Manager,0,0.1429566104230651,0,0.16908819344089202,Trung bình,2,14.3,0,1,0,1913,56.85
8916,2025-01-01,2025,Finance,Financial Analyst,0,0.12760045724332703,0,0.16908819344089202,Trung bình,2,12.76,0,1,0,2285,48.45
8917,2025-01-01,2025,Sales,Sales Executive,0,0.16190356479820242,0,0.16908819344089202,Trung bình,2,16.19,0,1,0,1588,64.18
8920,2025-01-01,2025,Marketing,Content Specialist,0,0.24134380276877956,1,0.16908819344089202,Cao,3,24.13,1,0,0,725,83.66
8922,2025-01-01,2025,Marketing,Content Specialist,0,0.06955594102373562,0,0.16908819344089202,Thấp,1,6.96,0,0,1,4011,9.5
8923,2025-01-01,2025,Human Resources,Recruiter,0,0.06803301050741312,0,0.16908819344089202,Thấp,1,6.8,0,0,1,4058,8.44
8927,2025-01-01,2025,Finance,Internal Auditor,0,0.1867362682396068,1,0.16908819344089202,Cao,3,18.67,1,0,0,1258,71.63
8928,2025-01-01,2025,Sales,Account Manager,0,0.1057893246970189,0,0.16908819344089202,Trung bình,2,10.58,0,1,0,2868,35.3
8929,2025-01-01,2025,Human Resources,HR Executive,0,0.11487729000360673,0,0.16908819344089202,Trung bình,2,11.49,0,1,0,2595,41.46
8934,2025-01-01,2025,Marketing,Content Specialist,0,0.1643368394886881,0,0.16908819344089202,Trung bình,2,16.43,0,1,0,1556,64.91
8938,2025-01-01,2025,Marketing,Content Specialist,0,0.08866923604921993,0,0.16908819344089202,Thấp,1,8.87,0,0,1,3302,25.5
8939,2025-01-01,2025,Human Resources,HR Executive,0,0.11233596649659601,0,0.16908819344089202,Trung bình,2,11.23,0,1,0,2676,39.63
8944,2025-01-01,2025,Marketing,Content Specialist,0,0.08188603195376709,0,0.16908819344089202,Thấp,1,8.19,0,0,1,3534,20.27
8945,2025-01-01,2025,Human Resources,HR Manager,0,0.21870936617547812,1,0.16908819344089202,Cao,3,21.87,1,0,0,937,78.88
8947,2025-01-01,2025,Operations,Warehouse Supervisor,0,0.11390478628536146,0,0.16908819344089202,Trung bình,2,11.39,0,1,0,2630,40.67
8948,2025-01-01,2025,Information Technology,Software Engineer,1,0.0827581070614146,0,0.16908819344089202,Thấp,1,8.28,0,0,1,3494,21.17
8949,2025-01-01,2025,Marketing,Content Specialist,0,0.10047321896555186,0,0.16908819344089202,Trung bình,2,10.05,0,1,0,2983,32.7
8952,2025-01-01,2025,Human Resources,HR Manager,0,0.08432486412529719,0,0.16908819344089202,Thấp,1,8.43,0,0,1,3444,22.3
8953,2025-01-01,2025,Operations,Operations Manager,0,0.4935985899776487,1,0.16908819344089202,Cao,3,49.36,1,0,0,1,100.0
8954,2025-01-01,2025,Sales,Sales Supervisor,0,0.07467629219690824,0,0.16908819344089202,Thấp,1,7.47,0,0,1,3834,13.5
8957,2025-01-01,2025,Information Technology,Software Engineer,0,0.0980105542274491,0,0.16908819344089202,Thấp,1,9.8,0,0,1,3050,31.19
8959,2025-01-01,2025,Human Resources,C&B Specialist,0,0.14319762968956914,0,0.16908819344089202,Trung bình,2,14.32,0,1,0,1909,56.94
8960,2025-01-01,2025,Information Technology,Data Analyst,0,0.06359327259772639,0,0.16908819344089202,Thấp,1,6.36,0,0,1,4197,5.3
8962,2025-01-01,2025,Sales,Sales Supervisor,1,0.09368423690409228,0,0.16908819344089202,Thấp,1,9.37,0,0,1,3147,29.0
8964,2025-01-01,2025,Sales,Account Manager,0,0.15360939475045124,0,0.16908819344089202,Trung bình,2,15.36,0,1,0,1724,61.11
8965,2025-01-01,2025,Sales,Account Manager,0,0.20135798419870027,1,0.16908819344089202,Cao,3,20.14,1,0,0,1123,74.68
8967,2025-01-01,2025,Sales,Sales Representative,0,0.15451218032378172,0,0.16908819344089202,Trung bình,2,15.45,0,1,0,1706,61.52
8975,2025-01-01,2025,Human Resources,HR Executive,0,0.21960677252036903,1,0.16908819344089202,Cao,3,21.96,1,0,0,924,79.17
8978,2025-01-01,2025,Operations,Operations Manager,0,0.21494997811641325,1,0.16908819344089202,Cao,3,21.49,1,0,0,975,78.02
8980,2025-01-01,2025,Marketing,Marketing Executive,0,0.14756006550134382,0,0.16908819344089202,Trung bình,2,14.76,0,1,0,1838,58.54
8981,2025-01-01,2025,Human Resources,HR Manager,0,0.12165494809386246,0,0.16908819344089202,Trung bình,2,12.17,0,1,0,2425,45.29
8982,2025-01-01,2025,Information Technology,System Administrator,0,0.31911554839668593,1,0.16908819344089202,Cao,3,31.91,1,0,0,253,94.31
8983,2025-01-01,2025,Finance,Internal Auditor,0,0.1125531292961747,0,0.16908819344089202,Trung bình,2,11.26,0,1,0,2671,39.74
8984,2025-01-01,2025,Operations,Operations Executive,0,0.10219452000311273,0,0.16908819344089202,Trung bình,2,10.22,0,1,0,2944,33.58
8985,2025-01-01,2025,Operations,Operations Executive,0,0.14220840515972705,0,0.16908819344089202,Trung bình,2,14.22,0,1,0,1932,56.42
8986,2025-01-01,2025,Human Resources,HR Manager,1,0.1482926810656731,0,0.16908819344089202,Trung bình,2,14.83,0,1,0,1820,58.95
8990,2025-01-01,2025,Marketing,Marketing Executive,0,0.1779519672355913,1,0.16908819344089202,Cao,3,17.8,1,0,0,1358,69.37
8991,2025-01-01,2025,Marketing,Marketing Manager,0,0.11095636094482934,0,0.16908819344089202,Trung bình,2,11.1,0,1,0,2726,38.5
8992,2025-01-01,2025,Marketing,Content Specialist,0,0.2932960092541218,1,0.16908819344089202,Cao,3,29.33,1,0,0,358,91.94
8993,2025-01-01,2025,Marketing,Content Specialist,0,0.15137037102760803,0,0.16908819344089202,Trung bình,2,15.14,0,1,0,1762,60.26
8995,2025-01-01,2025,Finance,Financial Analyst,0,0.17768499413680505,1,0.16908819344089202,Cao,3,17.77,1,0,0,1364,69.24
8997,2025-01-01,2025,Marketing,Marketing Executive,0,0.16170679590388626,0,0.16908819344089202,Trung bình,2,16.17,0,1,0,1590,64.14
8998,2025-01-01,2025,Sales,Account Manager,0,0.07316870807866818,0,0.16908819344089202,Thấp,1,7.32,0,0,1,3897,12.07
9001,2025-01-01,2025,Sales,Sales Supervisor,0,0.07374317236667849,0,0.16908819344089202,Thấp,1,7.37,0,0,1,3880,12.46
9004,2025-01-01,2025,Finance,Accountant,0,0.30392461557970063,1,0.16908819344089202,Cao,3,30.39,1,0,0,320,92.8
9005,2025-01-01,2025,Information Technology,Software Engineer,0,0.14145403575018822,0,0.16908819344089202,Trung bình,2,14.15,0,1,0,1946,56.1
9007,2025-01-01,2025,Finance,Financial Analyst,0,0.15378585322893515,0,0.16908819344089202,Trung bình,2,15.38,0,1,0,1720,61.21
9009,2025-01-01,2025,Information Technology,Data Analyst,0,0.0857636409881319,0,0.16908819344089202,Thấp,1,8.58,0,0,1,3390,23.52
9016,2025-01-01,2025,Sales,Account Manager,0,0.30613661751964705,1,0.16908819344089202,Cao,3,30.61,1,0,0,307,93.09
9017,2025-01-01,2025,Information Technology,Software Engineer,0,0.08917835701532636,0,0.16908819344089202,Thấp,1,8.92,0,0,1,3290,25.77
9018,2025-01-01,2025,Sales,Account Manager,0,0.14327677232145025,0,0.16908819344089202,Trung bình,2,14.33,0,1,0,1907,56.98
9020,2025-01-01,2025,Operations,Operations Executive,0,0.19052217958425818,1,0.16908819344089202,Cao,3,19.05,1,0,0,1223,72.42
9023,2025-01-01,2025,Sales,Sales Supervisor,0,0.23434568584688062,1,0.16908819344089202,Cao,3,23.43,1,0,0,786,82.28
9025,2025-01-01,2025,Operations,Operations Executive,0,0.07381454501285614,0,0.16908819344089202,Thấp,1,7.38,0,0,1,3872,12.64
9026,2025-01-01,2025,Finance,Finance Manager,0,0.12930490907603565,0,0.16908819344089202,Trung bình,2,12.93,0,1,0,2262,48.97
9032,2025-01-01,2025,Information Technology,QA Engineer,1,0.11431967112196423,0,0.16908819344089202,Trung bình,2,11.43,0,1,0,2615,41.01
9033,2025-01-01,2025,Finance,Internal Auditor,0,0.0912924629854504,0,0.16908819344089202,Thấp,1,9.13,0,0,1,3220,27.35
9034,2025-01-01,2025,Human Resources,HR Executive,0,0.1671433034058087,0,0.16908819344089202,Trung bình,2,16.71,0,1,0,1515,65.83
9036,2025-01-01,2025,Information Technology,IT Support,0,0.19712647726370533,1,0.16908819344089202,Cao,3,19.71,1,0,0,1164,73.75
9037,2025-01-01,2025,Finance,Finance Manager,0,0.22752570516076337,1,0.16908819344089202,Cao,3,22.75,1,0,0,845,80.95
9040,2025-01-01,2025,Finance,Financial Analyst,0,0.08305356790231688,0,0.16908819344089202,Thấp,1,8.31,0,0,1,3486,21.35
9043,2025-01-01,2025,Marketing,Content Specialist,0,0.24320126705326028,1,0.16908819344089202,Cao,3,24.32,1,0,0,710,84.0
9045,2025-01-01,2025,Finance,Financial Analyst,0,0.0954062531161648,0,0.16908819344089202,Thấp,1,9.54,0,0,1,3101,30.04
9047,2025-01-01,2025,Marketing,Digital Marketing Specialist,0,0.2070679907113133,1,0.16908819344089202,Cao,3,20.71,1,0,0,1069,75.9
9050,2025-01-01,2025,Human Resources,HR Manager,1,0.1830297118460618,1,0.16908819344089202,Cao,3,18.3,1,0,0,1304,70.59
9053,2025-01-01,2025,Finance,Finance Manager,0,0.0826095249915736,0,0.16908819344089202,Thấp,1,8.26,0,0,1,3505,20.92
9054,2025-01-01,2025,Human Resources,C&B Specialist,0,0.3715250974329107,1,0.16908819344089202,Cao,3,37.15,1,0,0,102,97.72
9055,2025-01-01,2025,Marketing,Content Specialist,1,0.38236591037873346,1,0.16908819344089202,Cao,3,38.24,1,0,0,83,98.15
9059,2025-01-01,2025,Marketing,Marketing Manager,0,0.0575618196670613,0,0.16908819344089202,Thấp,1,5.76,0,0,1,4352,1.81
9060,2025-01-01,2025,Operations,Procurement Specialist,0,0.28456144246222426,1,0.16908819344089202,Cao,3,28.46,1,0,0,399,91.02
9062,2025-01-01,2025,Marketing,Marketing Manager,0,0.1591836859762635,0,0.16908819344089202,Trung bình,2,15.92,0,1,0,1632,63.19
9065,2025-01-01,2025,Information Technology,Data Analyst,0,0.1778528323323185,1,0.16908819344089202,Cao,3,17.79,1,0,0,1360,69.33
9072,2025-01-01,2025,Information Technology,Software Engineer,0,0.06649461916835563,0,0.16908819344089202,Thấp,1,6.65,0,0,1,4105,7.38
9076,2025-01-01,2025,Marketing,Content Specialist,0,0.06427357870846227,0,0.16908819344089202,Thấp,1,6.43,0,0,1,4175,5.8
9077,2025-01-01,2025,Operations,Procurement Specialist,0,0.08039678976521876,0,0.16908819344089202,Thấp,1,8.04,0,0,1,3601,18.75
9080,2025-01-01,2025,Information Technology,System Administrator,0,0.18225579568586733,1,0.16908819344089202,Cao,3,18.23,1,0,0,1311,70.44
9082,2025-01-01,2025,Operations,Operations Manager,0,0.254687117993853,1,0.16908819344089202,Cao,3,25.47,1,0,0,614,86.17
9084,2025-01-01,2025,Operations,Procurement Specialist,1,0.4316805868799619,1,0.16908819344089202,Cao,3,43.17,1,0,0,20,99.57
9094,2025-01-01,2025,Human Resources,C&B Specialist,0,0.2007765756295352,1,0.16908819344089202,Cao,3,20.08,1,0,0,1130,74.52
9095,2025-01-01,2025,Finance,Financial Analyst,1,0.07993293080982604,0,0.16908819344089202,Thấp,1,7.99,0,0,1,3622,18.28
9100,2025-01-01,2025,Sales,Sales Executive,0,0.1534448755739331,0,0.16908819344089202,Trung bình,2,15.34,0,1,0,1726,61.07
9103,2025-01-01,2025,Information Technology,Software Engineer,0,0.22739056567991398,1,0.16908819344089202,Cao,3,22.74,1,0,0,848,80.88
9105,2025-01-01,2025,Human Resources,HR Manager,0,0.07922399103285614,0,0.16908819344089202,Thấp,1,7.92,0,0,1,3655,17.54
9107,2025-01-01,2025,Marketing,Digital Marketing Specialist,0,0.07110624314534941,0,0.16908819344089202,Thấp,1,7.11,0,0,1,3959,10.67
9111,2025-01-01,2025,Information Technology,IT Support,0,0.24790268268736693,1,0.16908819344089202,Cao,3,24.79,1,0,0,679,84.7
9113,2025-01-01,2025,Marketing,Digital Marketing Specialist,0,0.3235848438354919,1,0.16908819344089202,Cao,3,32.36,1,0,0,237,94.67
9114,2025-01-01,2025,Information Technology,Software Engineer,0,0.17661748386313988,1,0.16908819344089202,Cao,3,17.66,1,0,0,1385,68.77
9115,2025-01-01,2025,Sales,Account Manager,0,0.07462927172038569,0,0.16908819344089202,Thấp,1,7.46,0,0,1,3836,13.45
9116,2025-01-01,2025,Sales,Account Manager,0,0.09629246969178201,0,0.16908819344089202,Thấp,1,9.63,0,0,1,3081,30.49
9117,2025-01-01,2025,Sales,Sales Supervisor,0,0.12546466571051568,0,0.16908819344089202,Trung bình,2,12.55,0,1,0,2324,47.57
9128,2025-01-01,2025,Operations,Warehouse Supervisor,0,0.10305736883620452,0,0.16908819344089202,Trung bình,2,10.31,0,1,0,2919,34.15
9132,2025-01-01,2025,Finance,Accountant,0,0.24578015806143058,1,0.16908819344089202,Cao,3,24.58,1,0,0,693,84.38
9133,2025-01-01,2025,Finance,Finance Manager,1,0.10031032281876141,0,0.16908819344089202,Trung bình,2,10.03,0,1,0,2989,32.57
9134,2025-01-01,2025,Sales,Sales Executive,0,0.23339399644907688,1,0.16908819344089202,Cao,3,23.34,1,0,0,799,81.99
9135,2025-01-01,2025,Operations,Procurement Specialist,0,0.08543257308193133,0,0.16908819344089202,Thấp,1,8.54,0,0,1,3403,23.22
9139,2025-01-01,2025,Information Technology,Software Engineer,0,0.11750529876905629,0,0.16908819344089202,Trung bình,2,11.75,0,1,0,2523,43.08
9143,2025-01-01,2025,Sales,Account Manager,0,0.09132119544977012,0,0.16908819344089202,Thấp,1,9.13,0,0,1,3219,27.38
9144,2025-01-01,2025,Sales,Sales Supervisor,1,0.28540986861604123,1,0.16908819344089202,Cao,3,28.54,1,0,0,394,91.13
9146,2025-01-01,2025,Finance,Accountant,0,0.17956684135682538,1,0.16908819344089202,Cao,3,17.96,1,0,0,1342,69.74
9148,2025-01-01,2025,Operations,Operations Manager,0,0.10545645196722075,0,0.16908819344089202,Trung bình,2,10.55,0,1,0,2871,35.23
9149,2025-01-01,2025,Operations,Operations Executive,0,0.13736951547065582,0,0.16908819344089202,Trung bình,2,13.74,0,1,0,2048,53.8
9150,2025-01-01,2025,Finance,Internal Auditor,0,0.13838949410034382,0,0.16908819344089202,Trung bình,2,13.84,0,1,0,2028,54.25
9152,2025-01-01,2025,Information Technology,Data Analyst,0,0.25885378031044154,1,0.16908819344089202,Cao,3,25.89,1,0,0,589,86.73
9153,2025-01-01,2025,Finance,Accountant,0,0.1232295055608336,0,0.16908819344089202,Trung bình,2,12.32,0,1,0,2376,46.4
9155,2025-01-01,2025,Finance,Accountant,0,0.059157076508710535,0,0.16908819344089202,Thấp,1,5.92,0,0,1,4319,2.55
9156,2025-01-01,2025,Operations,Operations Manager,0,0.11564852164119932,0,0.16908819344089202,Trung bình,2,11.56,0,1,0,2574,41.93
9158,2025-01-01,2025,Sales,Sales Supervisor,0,0.06883691073061987,0,0.16908819344089202,Thấp,1,6.88,0,0,1,4032,9.03
9165,2025-01-01,2025,Information Technology,Software Engineer,0,0.07976719047738985,0,0.16908819344089202,Thấp,1,7.98,0,0,1,3631,18.08
9170,2025-01-01,2025,Information Technology,Data Analyst,0,0.14708199309007888,0,0.16908819344089202,Trung bình,2,14.71,0,1,0,1849,58.29
9171,2025-01-01,2025,Information Technology,System Administrator,0,0.07788409817975132,0,0.16908819344089202,Thấp,1,7.79,0,0,1,3716,16.16
9172,2025-01-01,2025,Operations,Operations Executive,0,0.23249281796858565,1,0.16908819344089202,Cao,3,23.25,1,0,0,807,81.81
9173,2025-01-01,2025,Human Resources,HR Manager,0,0.12948499471983302,0,0.16908819344089202,Trung bình,2,12.95,0,1,0,2258,49.06
9174,2025-01-01,2025,Marketing,Content Specialist,0,0.11330010872934627,0,0.16908819344089202,Trung bình,2,11.33,0,1,0,2647,40.28
9176,2025-01-01,2025,Operations,Procurement Specialist,0,0.23645054095938559,1,0.16908819344089202,Cao,3,23.65,1,0,0,766,82.74
9177,2025-01-01,2025,Operations,Operations Executive,0,0.27462307405931285,1,0.16908819344089202,Cao,3,27.46,1,0,0,467,89.48
9179,2025-01-01,2025,Marketing,Digital Marketing Specialist,0,0.06377076468804245,0,0.16908819344089202,Thấp,1,6.38,0,0,1,4191,5.44
9180,2025-01-01,2025,Human Resources,Recruiter,0,0.113401798449067,0,0.16908819344089202,Trung bình,2,11.34,0,1,0,2642,40.4
9184,2025-01-01,2025,Information Technology,IT Support,0,0.07848616341997557,0,0.16908819344089202,Thấp,1,7.85,0,0,1,3688,16.79
9185,2025-01-01,2025,Information Technology,System Administrator,0,0.11274701924025407,0,0.16908819344089202,Trung bình,2,11.27,0,1,0,2666,39.86
9191,2025-01-01,2025,Finance,Internal Auditor,0,0.10092778304820081,0,0.16908819344089202,Trung bình,2,10.09,0,1,0,2976,32.86
9193,2025-01-01,2025,Marketing,Marketing Executive,0,0.14739027835948873,0,0.16908819344089202,Trung bình,2,14.74,0,1,0,1842,58.45
9194,2025-01-01,2025,Information Technology,System Administrator,1,0.32619837174067845,1,0.16908819344089202,Cao,3,32.62,1,0,0,229,94.85
9201,2025-01-01,2025,Sales,Sales Supervisor,0,0.18663493347873672,1,0.16908819344089202,Cao,3,18.66,1,0,0,1260,71.59
9205,2025-01-01,2025,Human Resources,C&B Specialist,1,0.09390081310205622,0,0.16908819344089202,Thấp,1,9.39,0,0,1,3140,29.16
9206,2025-01-01,2025,Information Technology,QA Engineer,0,0.14250591683522695,0,0.16908819344089202,Trung bình,2,14.25,0,1,0,1923,56.62
9208,2025-01-01,2025,Human Resources,HR Executive,0,0.05790571862086536,0,0.16908819344089202,Thấp,1,5.79,0,0,1,4340,2.08
9209,2025-01-01,2025,Finance,Financial Analyst,0,0.09146518977335721,0,0.16908819344089202,Thấp,1,9.15,0,0,1,3215,27.47
9210,2025-01-01,2025,Marketing,Marketing Executive,0,0.07802618395524988,0,0.16908819344089202,Thấp,1,7.8,0,0,1,3710,16.29
9215,2025-01-01,2025,Sales,Sales Representative,0,0.07448687488545601,0,0.16908819344089202,Thấp,1,7.45,0,0,1,3840,13.36
9217,2025-01-01,2025,Marketing,Marketing Manager,0,0.06833870270150826,0,0.16908819344089202,Thấp,1,6.83,0,0,1,4050,8.62
9218,2025-01-01,2025,Finance,Financial Analyst,0,0.10899036525761119,0,0.16908819344089202,Trung bình,2,10.9,0,1,0,2777,37.35
9219,2025-01-01,2025,Information Technology,Data Analyst,0,0.14953204981116466,0,0.16908819344089202,Trung bình,2,14.95,0,1,0,1805,59.29
9221,2025-01-01,2025,Information Technology,Data Analyst,0,0.07676929336705371,0,0.16908819344089202,Thấp,1,7.68,0,0,1,3755,15.28
9223,2025-01-01,2025,Human Resources,HR Manager,0,0.3365461716061327,1,0.16908819344089202,Cao,3,33.65,1,0,0,195,95.62
9227,2025-01-01,2025,Sales,Sales Supervisor,0,0.06856286545903889,0,0.16908819344089202,Thấp,1,6.86,0,0,1,4041,8.82
9228,2025-01-01,2025,Operations,Warehouse Supervisor,0,0.231086921877067,1,0.16908819344089202,Cao,3,23.11,1,0,0,820,81.52
9229,2025-01-01,2025,Finance,Finance Manager,0,0.12045518148519048,0,0.16908819344089202,Trung bình,2,12.05,0,1,0,2458,44.55
9231,2025-01-01,2025,Human Resources,C&B Specialist,0,0.27658356419269103,1,0.16908819344089202,Cao,3,27.66,1,0,0,453,89.8
9233,2025-01-01,2025,Sales,Sales Executive,0,0.20774065890394047,1,0.16908819344089202,Cao,3,20.77,1,0,0,1060,76.1
9234,2025-01-01,2025,Marketing,Marketing Manager,0,0.06830370593949638,0,0.16908819344089202,Thấp,1,6.83,0,0,1,4051,8.6
9236,2025-01-01,2025,Operations,Warehouse Supervisor,0,0.14403760331180493,0,0.16908819344089202,Trung bình,2,14.4,0,1,0,1892,57.32
9237,2025-01-01,2025,Sales,Sales Representative,0,0.12402838948211524,0,0.16908819344089202,Trung bình,2,12.4,0,1,0,2359,46.78
9239,2025-01-01,2025,Human Resources,C&B Specialist,0,0.31419308261746354,1,0.16908819344089202,Cao,3,31.42,1,0,0,277,93.77
9240,2025-01-01,2025,Sales,Sales Supervisor,0,0.25845497061382244,1,0.16908819344089202,Cao,3,25.85,1,0,0,591,86.68
9241,2025-01-01,2025,Marketing,Digital Marketing Specialist,0,0.21044020062089636,1,0.16908819344089202,Cao,3,21.04,1,0,0,1026,76.87
9244,2025-01-01,2025,Finance,Finance Manager,0,0.12430290887949454,0,0.16908819344089202,Trung bình,2,12.43,0,1,0,2353,46.92
9249,2025-01-01,2025,Marketing,Content Specialist,0,0.07192903700514831,0,0.16908819344089202,Thấp,1,7.19,0,0,1,3929,11.35
9250,2025-01-01,2025,Finance,Financial Analyst,0,0.07281497854234228,0,0.16908819344089202,Thấp,1,7.28,0,0,1,3904,11.92
9254,2025-01-01,2025,Operations,Operations Manager,0,0.15007368936855342,0,0.16908819344089202,Trung bình,2,15.01,0,1,0,1789,59.65
9255,2025-01-01,2025,Operations,Warehouse Supervisor,0,0.09268663348007987,0,0.16908819344089202,Thấp,1,9.27,0,0,1,3169,28.5
9257,2025-01-01,2025,Operations,Procurement Specialist,0,0.2678133914090869,1,0.16908819344089202,Cao,3,26.78,1,0,0,516,88.38
9259,2025-01-01,2025,Operations,Operations Executive,0,0.1218771318045362,0,0.16908819344089202,Trung bình,2,12.19,0,1,0,2416,45.5
9260,2025-01-01,2025,Operations,Operations Executive,0,0.18101314128559673,1,0.16908819344089202,Cao,3,18.1,1,0,0,1321,70.21
9266,2025-01-01,2025,Sales,Sales Supervisor,1,0.19719649870294548,1,0.16908819344089202,Cao,3,19.72,1,0,0,1163,73.78
9267,2025-01-01,2025,Marketing,Content Specialist,0,0.1789453372177614,1,0.16908819344089202,Cao,3,17.89,1,0,0,1348,69.6
9269,2025-01-01,2025,Human Resources,Recruiter,1,0.2959582125978422,1,0.16908819344089202,Cao,3,29.6,1,0,0,350,92.12
9273,2025-01-01,2025,Human Resources,Recruiter,1,0.37134700648001057,1,0.16908819344089202,Cao,3,37.13,1,0,0,104,97.68
9277,2025-01-01,2025,Finance,Internal Auditor,0,0.2783855919002284,1,0.16908819344089202,Cao,3,27.84,1,0,0,441,90.07
9281,2025-01-01,2025,Marketing,Marketing Executive,0,0.13873584477673764,0,0.16908819344089202,Trung bình,2,13.87,0,1,0,2014,54.57
9283,2025-01-01,2025,Sales,Account Manager,0,0.11279122238456883,0,0.16908819344089202,Trung bình,2,11.28,0,1,0,2663,39.92
9285,2025-01-01,2025,Marketing,Marketing Executive,0,0.08955518194484849,0,0.16908819344089202,Thấp,1,8.96,0,0,1,3281,25.98
9290,2025-01-01,2025,Human Resources,HR Manager,0,0.17135285995805374,1,0.16908819344089202,Cao,3,17.14,1,0,0,1457,67.14
9291,2025-01-01,2025,Marketing,Marketing Manager,1,0.23021414951669905,1,0.16908819344089202,Cao,3,23.02,1,0,0,829,81.31
9292,2025-01-01,2025,Sales,Account Manager,0,0.3140145575830472,1,0.16908819344089202,Cao,3,31.4,1,0,0,279,93.73
9293,2025-01-01,2025,Human Resources,HR Executive,0,0.07463856524618849,0,0.16908819344089202,Thấp,1,7.46,0,0,1,3835,13.47
9302,2025-01-01,2025,Sales,Sales Executive,1,0.23023145036308107,1,0.16908819344089202,Cao,3,23.02,1,0,0,828,81.34
9303,2025-01-01,2025,Information Technology,IT Support,0,0.11913706855792071,0,0.16908819344089202,Trung bình,2,11.91,0,1,0,2495,43.71
9307,2025-01-01,2025,Finance,Finance Manager,0,0.31846953297723046,1,0.16908819344089202,Cao,3,31.85,1,0,0,257,94.22
9311,2025-01-01,2025,Marketing,Digital Marketing Specialist,0,0.15188703588583777,0,0.16908819344089202,Trung bình,2,15.19,0,1,0,1753,60.46
9315,2025-01-01,2025,Marketing,Content Specialist,0,0.06373590228958505,0,0.16908819344089202,Thấp,1,6.37,0,0,1,4194,5.37
9316,2025-01-01,2025,Operations,Procurement Specialist,0,0.0839411149548729,0,0.16908819344089202,Thấp,1,8.39,0,0,1,3464,21.85
9322,2025-01-01,2025,Operations,Procurement Specialist,0,0.08072037169896738,0,0.16908819344089202,Thấp,1,8.07,0,0,1,3586,19.09
9323,2025-01-01,2025,Marketing,Digital Marketing Specialist,0,0.07568989113734668,0,0.16908819344089202,Thấp,1,7.57,0,0,1,3796,14.35
9324,2025-01-01,2025,Information Technology,System Administrator,0,0.14712629635167015,0,0.16908819344089202,Trung bình,2,14.71,0,1,0,1847,58.34
9325,2025-01-01,2025,Marketing,Marketing Executive,0,0.06158798569930333,0,0.16908819344089202,Thấp,1,6.16,0,0,1,4253,4.04
9326,2025-01-01,2025,Human Resources,Recruiter,0,0.10645565907842226,0,0.16908819344089202,Trung bình,2,10.65,0,1,0,2855,35.59
9327,2025-01-01,2025,Operations,Procurement Specialist,0,0.21623832698555362,1,0.16908819344089202,Cao,3,21.62,1,0,0,962,78.31
9328,2025-01-01,2025,Sales,Sales Supervisor,1,0.16557375280098047,0,0.16908819344089202,Trung bình,2,16.56,0,1,0,1537,65.34
9329,2025-01-01,2025,Operations,Procurement Specialist,1,0.23704975779997725,1,0.16908819344089202,Cao,3,23.7,1,0,0,762,82.83
9331,2025-01-01,2025,Information Technology,IT Support,0,0.060079969966222155,0,0.16908819344089202,Thấp,1,6.01,0,0,1,4296,3.07
9333,2025-01-01,2025,Information Technology,QA Engineer,0,0.08001814017397535,0,0.16908819344089202,Thấp,1,8.0,0,0,1,3619,18.35
9338,2025-01-01,2025,Operations,Procurement Specialist,0,0.13603661435067552,0,0.16908819344089202,Trung bình,2,13.6,0,1,0,2087,52.92
9340,2025-01-01,2025,Human Resources,HR Manager,0,0.05848241362933121,0,0.16908819344089202,Thấp,1,5.85,0,0,1,4328,2.35
9341,2025-01-01,2025,Operations,Operations Executive,0,0.10826690171218056,0,0.16908819344089202,Trung bình,2,10.83,0,1,0,2801,36.81
9342,2025-01-01,2025,Information Technology,Software Engineer,0,0.05984924556359507,0,0.16908819344089202,Thấp,1,5.98,0,0,1,4302,2.93
9346,2025-01-01,2025,Marketing,Marketing Executive,0,0.07235668448036149,0,0.16908819344089202,Thấp,1,7.24,0,0,1,3917,11.62
9347,2025-01-01,2025,Finance,Accountant,0,0.06521623577561553,0,0.16908819344089202,Thấp,1,6.52,0,0,1,4142,6.54
9350,2025-01-01,2025,Finance,Internal Auditor,0,0.13253462835562602,0,0.16908819344089202,Trung bình,2,13.25,0,1,0,2179,50.85
9352,2025-01-01,2025,Sales,Sales Executive,1,0.21895337135697446,1,0.16908819344089202,Cao,3,21.9,1,0,0,932,78.99
9355,2025-01-01,2025,Sales,Account Manager,0,0.12534021678044213,0,0.16908819344089202,Trung bình,2,12.53,0,1,0,2327,47.51
9356,2025-01-01,2025,Information Technology,Data Analyst,0,0.06046497798289612,0,0.16908819344089202,Thấp,1,6.05,0,0,1,4288,3.25
9357,2025-01-01,2025,Information Technology,Software Engineer,0,0.10311707624214961,0,0.16908819344089202,Trung bình,2,10.31,0,1,0,2917,34.19
9359,2025-01-01,2025,Marketing,Marketing Executive,0,0.05989661597588814,0,0.16908819344089202,Thấp,1,5.99,0,0,1,4301,2.96
9360,2025-01-01,2025,Operations,Operations Executive,0,0.18513611171526748,1,0.16908819344089202,Cao,3,18.51,1,0,0,1282,71.09
9361,2025-01-01,2025,Operations,Warehouse Supervisor,0,0.10515050932196472,0,0.16908819344089202,Trung bình,2,10.52,0,1,0,2877,35.09
9363,2025-01-01,2025,Information Technology,Software Engineer,0,0.34954799188980834,1,0.16908819344089202,Cao,3,34.95,1,0,0,155,96.52
9364,2025-01-01,2025,Finance,Financial Analyst,0,0.12750861818112,0,0.16908819344089202,Trung bình,2,12.75,0,1,0,2290,48.34
9366,2025-01-01,2025,Human Resources,HR Manager,1,0.21643499320995796,1,0.16908819344089202,Cao,3,21.64,1,0,0,958,78.4
9367,2025-01-01,2025,Operations,Procurement Specialist,0,0.14674998896944685,0,0.16908819344089202,Trung bình,2,14.67,0,1,0,1851,58.25
9368,2025-01-01,2025,Information Technology,System Administrator,0,0.13196805774058043,0,0.16908819344089202,Trung bình,2,13.2,0,1,0,2197,50.44
9369,2025-01-01,2025,Finance,Accountant,0,0.13794159798732444,0,0.16908819344089202,Trung bình,2,13.79,0,1,0,2034,54.12
9373,2025-01-01,2025,Marketing,Marketing Executive,0,0.11413972331352139,0,0.16908819344089202,Trung bình,2,11.41,0,1,0,2621,40.87
9381,2025-01-01,2025,Marketing,Digital Marketing Specialist,0,0.23540066285459707,1,0.16908819344089202,Cao,3,23.54,1,0,0,773,82.58
9383,2025-01-01,2025,Human Resources,Recruiter,0,0.13163475436389974,0,0.16908819344089202,Trung bình,2,13.16,0,1,0,2206,50.24
9387,2025-01-01,2025,Marketing,Marketing Manager,0,0.05421304118591904,0,0.16908819344089202,Thấp,1,5.42,0,0,1,4405,0.61
9389,2025-01-01,2025,Operations,Warehouse Supervisor,0,0.090625225922313,0,0.16908819344089202,Thấp,1,9.06,0,0,1,3246,26.77
9391,2025-01-01,2025,Information Technology,QA Engineer,0,0.11369349807307354,0,0.16908819344089202,Trung bình,2,11.37,0,1,0,2633,40.6
9394,2025-01-01,2025,Finance,Financial Analyst,0,0.19256732997005274,1,0.16908819344089202,Cao,3,19.26,1,0,0,1204,72.85
9395,2025-01-01,2025,Operations,Warehouse Supervisor,1,0.3475483157511463,1,0.16908819344089202,Cao,3,34.75,1,0,0,163,96.34
9396,2025-01-01,2025,Information Technology,Data Analyst,0,0.07377648684197746,0,0.16908819344089202,Thấp,1,7.38,0,0,1,3875,12.57
9398,2025-01-01,2025,Operations,Operations Manager,0,0.25610929084940853,1,0.16908819344089202,Cao,3,25.61,1,0,0,601,86.46
9400,2025-01-01,2025,Marketing,Marketing Executive,0,0.09020716404261975,0,0.16908819344089202,Thấp,1,9.02,0,0,1,3263,26.38
9403,2025-01-01,2025,Marketing,Marketing Executive,1,0.44531462377409553,1,0.16908819344089202,Cao,3,44.53,1,0,0,13,99.73
9404,2025-01-01,2025,Human Resources,HR Manager,0,0.17651223377488884,1,0.16908819344089202,Cao,3,17.65,1,0,0,1389,68.68
9406,2025-01-01,2025,Human Resources,Recruiter,1,0.09639125809282408,0,0.16908819344089202,Thấp,1,9.64,0,0,1,3077,30.58
9408,2025-01-01,2025,Sales,Sales Executive,0,0.12401995204297092,0,0.16908819344089202,Trung bình,2,12.4,0,1,0,2361,46.74
9409,2025-01-01,2025,Information Technology,Data Analyst,0,0.1613483853421429,0,0.16908819344089202,Trung bình,2,16.13,0,1,0,1596,64.0
9412,2025-01-01,2025,Information Technology,Data Analyst,1,0.12756700562265416,0,0.16908819344089202,Trung bình,2,12.76,0,1,0,2288,48.39
9413,2025-01-01,2025,Human Resources,HR Executive,0,0.29064959138247976,1,0.16908819344089202,Cao,3,29.06,1,0,0,371,91.65
9414,2025-01-01,2025,Marketing,Content Specialist,0,0.09019796643824399,0,0.16908819344089202,Thấp,1,9.02,0,0,1,3264,26.36
9415,2025-01-01,2025,Finance,Internal Auditor,1,0.2666397592656541,1,0.16908819344089202,Cao,3,26.66,1,0,0,522,88.24
9416,2025-01-01,2025,Marketing,Content Specialist,1,0.3543674012784709,1,0.16908819344089202,Cao,3,35.44,1,0,0,146,96.73
9418,2025-01-01,2025,Finance,Finance Manager,0,0.3365124273630931,1,0.16908819344089202,Cao,3,33.65,1,0,0,196,95.6
9422,2025-01-01,2025,Information Technology,IT Support,1,0.3310878479211659,1,0.16908819344089202,Cao,3,33.11,1,0,0,215,95.17
9423,2025-01-01,2025,Human Resources,HR Manager,0,0.2656160154674103,1,0.16908819344089202,Cao,3,26.56,1,0,0,529,88.08
9424,2025-01-01,2025,Marketing,Marketing Manager,0,0.22969750548053744,1,0.16908819344089202,Cao,3,22.97,1,0,0,832,81.25
9425,2025-01-01,2025,Operations,Operations Executive,0,0.08619608125465157,0,0.16908819344089202,Thấp,1,8.62,0,0,1,3383,23.67
9426,2025-01-01,2025,Sales,Sales Representative,0,0.10481567424681874,0,0.16908819344089202,Trung bình,2,10.48,0,1,0,2885,34.91
9428,2025-01-01,2025,Human Resources,Recruiter,0,0.08497820754460954,0,0.16908819344089202,Thấp,1,8.5,0,0,1,3424,22.75
9430,2025-01-01,2025,Operations,Procurement Specialist,0,0.07044714723610847,0,0.16908819344089202,Thấp,1,7.04,0,0,1,3986,10.07
9431,2025-01-01,2025,Operations,Operations Manager,0,0.0982688729987795,0,0.16908819344089202,Thấp,1,9.83,0,0,1,3044,31.32
9432,2025-01-01,2025,Information Technology,QA Engineer,0,0.07122974664471134,0,0.16908819344089202,Thấp,1,7.12,0,0,1,3955,10.77
9434,2025-01-01,2025,Sales,Sales Supervisor,0,0.24363391452714553,1,0.16908819344089202,Cao,3,24.36,1,0,0,708,84.04
9437,2025-01-01,2025,Marketing,Marketing Executive,0,0.08423193673103675,0,0.16908819344089202,Thấp,1,8.42,0,0,1,3447,22.23
9441,2025-01-01,2025,Finance,Financial Analyst,0,0.09632222923689968,0,0.16908819344089202,Thấp,1,9.63,0,0,1,3078,30.56
9442,2025-01-01,2025,Sales,Account Manager,0,0.14990907476582288,0,0.16908819344089202,Trung bình,2,14.99,0,1,0,1792,59.58
9443,2025-01-01,2025,Information Technology,Data Analyst,0,0.3031212529814901,1,0.16908819344089202,Cao,3,30.31,1,0,0,323,92.73
9445,2025-01-01,2025,Sales,Sales Executive,0,0.09041335347593565,0,0.16908819344089202,Thấp,1,9.04,0,0,1,3255,26.56
9446,2025-01-01,2025,Information Technology,Data Analyst,0,0.06749659984021911,0,0.16908819344089202,Thấp,1,6.75,0,0,1,4073,8.1
9449,2025-01-01,2025,Information Technology,QA Engineer,0,0.17423485455491503,1,0.16908819344089202,Cao,3,17.42,1,0,0,1422,67.93
9450,2025-01-01,2025,Marketing,Digital Marketing Specialist,0,0.18144571409062865,1,0.16908819344089202,Cao,3,18.14,1,0,0,1314,70.37
9452,2025-01-01,2025,Sales,Sales Representative,0,0.1331341985430674,0,0.16908819344089202,Trung bình,2,13.31,0,1,0,2159,51.3
9453,2025-01-01,2025,Operations,Operations Manager,0,0.21379280882172627,1,0.16908819344089202,Cao,3,21.38,1,0,0,988,77.73
9455,2025-01-01,2025,Finance,Internal Auditor,0,0.12982196815802557,0,0.16908819344089202,Trung bình,2,12.98,0,1,0,2247,49.31
9456,2025-01-01,2025,Sales,Account Manager,1,0.2544963271055716,1,0.16908819344089202,Cao,3,25.45,1,0,0,616,86.12
9463,2025-01-01,2025,Sales,Sales Representative,0,0.16143960180484315,0,0.16908819344089202,Trung bình,2,16.14,0,1,0,1593,64.07
9464,2025-01-01,2025,Operations,Procurement Specialist,0,0.11267097678023025,0,0.16908819344089202,Trung bình,2,11.27,0,1,0,2668,39.81
9465,2025-01-01,2025,Operations,Warehouse Supervisor,0,0.07082236892114416,0,0.16908819344089202,Thấp,1,7.08,0,0,1,3971,10.4
9466,2025-01-01,2025,Sales,Account Manager,0,0.11665411925556311,0,0.16908819344089202,Trung bình,2,11.67,0,1,0,2544,42.61
9468,2025-01-01,2025,Sales,Account Manager,0,0.26614097992983565,1,0.16908819344089202,Cao,3,26.61,1,0,0,526,88.15
9469,2025-01-01,2025,Marketing,Content Specialist,0,0.27522382259260153,1,0.16908819344089202,Cao,3,27.52,1,0,0,462,89.6
9470,2025-01-01,2025,Finance,Internal Auditor,0,0.26265918799064386,1,0.16908819344089202,Cao,3,26.27,1,0,0,560,87.38
9471,2025-01-01,2025,Operations,Operations Manager,0,0.1171612769754398,0,0.16908819344089202,Trung bình,2,11.72,0,1,0,2530,42.92
9472,2025-01-01,2025,Human Resources,Recruiter,0,0.07713704091555426,0,0.16908819344089202,Thấp,1,7.71,0,0,1,3741,15.59
9473,2025-01-01,2025,Human Resources,C&B Specialist,1,0.1089381870165079,0,0.16908819344089202,Trung bình,2,10.89,0,1,0,2779,37.31
9474,2025-01-01,2025,Human Resources,HR Executive,0,0.14039515068784808,0,0.16908819344089202,Trung bình,2,14.04,0,1,0,1969,55.59
9477,2025-01-01,2025,Information Technology,Data Analyst,0,0.08718448577525739,0,0.16908819344089202,Thấp,1,8.72,0,0,1,3341,24.62
9478,2025-01-01,2025,Marketing,Content Specialist,1,0.3398754036130461,1,0.16908819344089202,Cao,3,33.99,1,0,0,188,95.78
9480,2025-01-01,2025,Operations,Operations Manager,0,0.09437288225940739,0,0.16908819344089202,Thấp,1,9.44,0,0,1,3126,29.47
9481,2025-01-01,2025,Information Technology,Data Analyst,0,0.13765976739119068,0,0.16908819344089202,Trung bình,2,13.77,0,1,0,2041,53.96
9482,2025-01-01,2025,Sales,Account Manager,0,0.40325565269907554,1,0.16908819344089202,Cao,3,40.33,1,0,0,50,98.89
9483,2025-01-01,2025,Operations,Operations Manager,0,0.06835880821782361,0,0.16908819344089202,Thấp,1,6.84,0,0,1,4049,8.64
9484,2025-01-01,2025,Operations,Operations Manager,0,0.08687656609528692,0,0.16908819344089202,Thấp,1,8.69,0,0,1,3351,24.4
9485,2025-01-01,2025,Human Resources,HR Manager,1,0.12701154495183928,0,0.16908819344089202,Trung bình,2,12.7,0,1,0,2299,48.14
9493,2025-01-01,2025,Sales,Sales Representative,1,0.11087210618945216,0,0.16908819344089202,Trung bình,2,11.09,0,1,0,2730,38.41
9496,2025-01-01,2025,Sales,Sales Representative,0,0.144696489063608,0,0.16908819344089202,Trung bình,2,14.47,0,1,0,1882,57.55
9497,2025-01-01,2025,Finance,Finance Manager,0,0.10233819191383951,0,0.16908819344089202,Trung bình,2,10.23,0,1,0,2939,33.69
9498,2025-01-01,2025,Information Technology,System Administrator,0,0.34509286685343343,1,0.16908819344089202,Cao,3,34.51,1,0,0,171,96.16
9501,2025-01-01,2025,Information Technology,QA Engineer,0,0.17511316301926658,1,0.16908819344089202,Cao,3,17.51,1,0,0,1405,68.31
9502,2025-01-01,2025,Finance,Internal Auditor,0,0.18876972809900255,1,0.16908819344089202,Cao,3,18.88,1,0,0,1240,72.04
9503,2025-01-01,2025,Information Technology,Data Analyst,0,0.18638326144453424,1,0.16908819344089202,Cao,3,18.64,1,0,0,1265,71.47
9504,2025-01-01,2025,Information Technology,QA Engineer,0,0.2147861276988505,1,0.16908819344089202,Cao,3,21.48,1,0,0,978,77.95
9505,2025-01-01,2025,Human Resources,HR Manager,0,0.07476789087762355,0,0.16908819344089202,Thấp,1,7.48,0,0,1,3828,13.63
9507,2025-01-01,2025,Operations,Operations Executive,0,0.06746130532808853,0,0.16908819344089202,Thấp,1,6.75,0,0,1,4075,8.06
9510,2025-01-01,2025,Marketing,Marketing Manager,0,0.07016716142870932,0,0.16908819344089202,Thấp,1,7.02,0,0,1,3991,9.95
9512,2025-01-01,2025,Sales,Sales Representative,0,0.08205445745522652,0,0.16908819344089202,Thấp,1,8.21,0,0,1,3524,20.49
9513,2025-01-01,2025,Human Resources,Recruiter,0,0.12532777919898466,0,0.16908819344089202,Trung bình,2,12.53,0,1,0,2328,47.48
9515,2025-01-01,2025,Sales,Sales Executive,0,0.1335507408703659,0,0.16908819344089202,Trung bình,2,13.36,0,1,0,2145,51.61
9516,2025-01-01,2025,Sales,Account Manager,0,0.1636937180808518,0,0.16908819344089202,Trung bình,2,16.37,0,1,0,1564,64.73
9519,2025-01-01,2025,Marketing,Content Specialist,0,0.0563512672936312,0,0.16908819344089202,Thấp,1,5.64,0,0,1,4369,1.42
9521,2025-01-01,2025,Finance,Finance Manager,0,0.09213221633092994,0,0.16908819344089202,Thấp,1,9.21,0,0,1,3193,27.96
9522,2025-01-01,2025,Operations,Operations Executive,0,0.09222714811208738,0,0.16908819344089202,Thấp,1,9.22,0,0,1,3190,28.03
9523,2025-01-01,2025,Human Resources,C&B Specialist,0,0.058787131916340364,0,0.16908819344089202,Thấp,1,5.88,0,0,1,4323,2.46
9524,2025-01-01,2025,Marketing,Marketing Manager,1,0.42075837718211856,1,0.16908819344089202,Cao,3,42.08,1,0,0,27,99.41
9527,2025-01-01,2025,Operations,Operations Manager,0,0.21936678897057874,1,0.16908819344089202,Cao,3,21.94,1,0,0,926,79.12
9530,2025-01-01,2025,Marketing,Content Specialist,0,0.08566982489351738,0,0.16908819344089202,Thấp,1,8.57,0,0,1,3394,23.43
9532,2025-01-01,2025,Marketing,Marketing Manager,0,0.18039764556063842,1,0.16908819344089202,Cao,3,18.04,1,0,0,1331,69.98
9534,2025-01-01,2025,Sales,Sales Supervisor,0,0.4258167424938908,1,0.16908819344089202,Cao,3,42.58,1,0,0,23,99.5
9536,2025-01-01,2025,Operations,Procurement Specialist,0,0.2618504095404158,1,0.16908819344089202,Cao,3,26.19,1,0,0,565,87.27
9539,2025-01-01,2025,Finance,Finance Manager,0,0.21153767912332266,1,0.16908819344089202,Cao,3,21.15,1,0,0,1016,77.09
9542,2025-01-01,2025,Information Technology,IT Support,0,0.13606471752896449,0,0.16908819344089202,Trung bình,2,13.61,0,1,0,2085,52.97
9543,2025-01-01,2025,Finance,Accountant,1,0.36329881102923606,1,0.16908819344089202,Cao,3,36.33,1,0,0,124,97.22
9546,2025-01-01,2025,Sales,Sales Representative,1,0.1968840215027886,1,0.16908819344089202,Cao,3,19.69,1,0,0,1166,73.71
9547,2025-01-01,2025,Finance,Finance Manager,0,0.07591348411510407,0,0.16908819344089202,Thấp,1,7.59,0,0,1,3785,14.6
9549,2025-01-01,2025,Finance,Accountant,0,0.13379807819243644,0,0.16908819344089202,Trung bình,2,13.38,0,1,0,2138,51.77
9552,2025-01-01,2025,Human Resources,HR Executive,0,0.22746920262866552,1,0.16908819344089202,Cao,3,22.75,1,0,0,846,80.93
9554,2025-01-01,2025,Operations,Warehouse Supervisor,0,0.11055751562956875,0,0.16908819344089202,Trung bình,2,11.06,0,1,0,2738,38.23
9556,2025-01-01,2025,Finance,Internal Auditor,0,0.0928101596672208,0,0.16908819344089202,Thấp,1,9.28,0,0,1,3165,28.59
9560,2025-01-01,2025,Finance,Financial Analyst,0,0.20607183808017748,1,0.16908819344089202,Cao,3,20.61,1,0,0,1079,75.67
9561,2025-01-01,2025,Sales,Sales Representative,0,0.10594787414887988,0,0.16908819344089202,Trung bình,2,10.59,0,1,0,2864,35.39
9565,2025-01-01,2025,Human Resources,HR Executive,0,0.1064686945177501,0,0.16908819344089202,Trung bình,2,10.65,0,1,0,2854,35.61
9567,2025-01-01,2025,Sales,Account Manager,1,0.4114544088490329,1,0.16908819344089202,Cao,3,41.15,1,0,0,30,99.35
9568,2025-01-01,2025,Operations,Warehouse Supervisor,0,0.08401036340794979,0,0.16908819344089202,Thấp,1,8.4,0,0,1,3460,21.94
9569,2025-01-01,2025,Sales,Sales Supervisor,0,0.1569782266977973,0,0.16908819344089202,Trung bình,2,15.7,0,1,0,1668,62.38
9570,2025-01-01,2025,Sales,Sales Representative,0,0.0985522137444757,0,0.16908819344089202,Thấp,1,9.86,0,0,1,3039,31.44
9573,2025-01-01,2025,Finance,Financial Analyst,0,0.2484637947726876,1,0.16908819344089202,Cao,3,24.85,1,0,0,672,84.86
9575,2025-01-01,2025,Information Technology,System Administrator,1,0.19202002990768086,1,0.16908819344089202,Cao,3,19.2,1,0,0,1208,72.76
9576,2025-01-01,2025,Finance,Internal Auditor,1,0.17756440600679926,1,0.16908819344089202,Cao,3,17.76,1,0,0,1368,69.15
9579,2025-01-01,2025,Marketing,Marketing Manager,0,0.4051651413811921,1,0.16908819344089202,Cao,3,40.52,1,0,0,45,99.01
9581,2025-01-01,2025,Information Technology,Data Analyst,0,0.19868297140814567,1,0.16908819344089202,Cao,3,19.87,1,0,0,1147,74.14
9582,2025-01-01,2025,Sales,Sales Executive,0,0.056209622835530444,0,0.16908819344089202,Thấp,1,5.62,0,0,1,4370,1.4
9584,2025-01-01,2025,Information Technology,IT Support,0,0.07827872837140833,0,0.16908819344089202,Thấp,1,7.83,0,0,1,3697,16.59
9588,2025-01-01,2025,Finance,Accountant,0,0.0886197041374276,0,0.16908819344089202,Thấp,1,8.86,0,0,1,3303,25.48
9589,2025-01-01,2025,Marketing,Content Specialist,0,0.14441051820038373,0,0.16908819344089202,Trung bình,2,14.44,0,1,0,1884,57.5
9590,2025-01-01,2025,Marketing,Marketing Executive,0,0.11561714788391171,0,0.16908819344089202,Trung bình,2,11.56,0,1,0,2578,41.84
9592,2025-01-01,2025,Human Resources,HR Manager,0,0.27074564628690684,1,0.16908819344089202,Cao,3,27.07,1,0,0,490,88.96
9595,2025-01-01,2025,Operations,Operations Executive,0,0.16964963744914086,1,0.16908819344089202,Cao,3,16.96,1,0,0,1482,66.58
9596,2025-01-01,2025,Sales,Sales Supervisor,0,0.1465051585604788,0,0.16908819344089202,Trung bình,2,14.65,0,1,0,1856,58.14
9597,2025-01-01,2025,Sales,Sales Executive,0,0.08673438331749111,0,0.16908819344089202,Thấp,1,8.67,0,0,1,3362,24.15
9601,2025-01-01,2025,Marketing,Digital Marketing Specialist,0,0.24137718485491372,1,0.16908819344089202,Cao,3,24.14,1,0,0,724,83.68
9604,2025-01-01,2025,Sales,Sales Representative,0,0.08308511971443942,0,0.16908819344089202,Thấp,1,8.31,0,0,1,3484,21.39
9605,2025-01-01,2025,Finance,Internal Auditor,0,0.1276601945068452,0,0.16908819344089202,Trung bình,2,12.77,0,1,0,2282,48.52
9607,2025-01-01,2025,Finance,Accountant,0,0.07187580029072885,0,0.16908819344089202,Thấp,1,7.19,0,0,1,3937,11.17
9608,2025-01-01,2025,Finance,Financial Analyst,1,0.22061199433298953,1,0.16908819344089202,Cao,3,22.06,1,0,0,909,79.51
9610,2025-01-01,2025,Human Resources,HR Manager,0,0.060911955224718616,0,0.16908819344089202,Thấp,1,6.09,0,0,1,4275,3.54
9615,2025-01-01,2025,Sales,Sales Supervisor,1,0.20501621519265048,1,0.16908819344089202,Cao,3,20.5,1,0,0,1093,75.36
9617,2025-01-01,2025,Finance,Financial Analyst,0,0.08148642501430951,0,0.16908819344089202,Thấp,1,8.15,0,0,1,3548,19.95
9623,2025-01-01,2025,Sales,Sales Supervisor,0,0.05790593598938011,0,0.16908819344089202,Thấp,1,5.79,0,0,1,4339,2.1
9625,2025-01-01,2025,Finance,Internal Auditor,0,0.315156925051986,1,0.16908819344089202,Cao,3,31.52,1,0,0,272,93.88
9626,2025-01-01,2025,Information Technology,IT Support,0,0.16820502844544039,0,0.16908819344089202,Trung bình,2,16.82,0,1,0,1503,66.1
9627,2025-01-01,2025,Marketing,Digital Marketing Specialist,1,0.12375132481598444,0,0.16908819344089202,Trung bình,2,12.38,0,1,0,2367,46.6
9628,2025-01-01,2025,Sales,Sales Supervisor,0,0.06948928328604241,0,0.16908819344089202,Thấp,1,6.95,0,0,1,4012,9.48
9629,2025-01-01,2025,Marketing,Digital Marketing Specialist,0,0.17005017868868766,1,0.16908819344089202,Cao,3,17.01,1,0,0,1479,66.64
9632,2025-01-01,2025,Finance,Internal Auditor,1,0.1740305063527397,1,0.16908819344089202,Cao,3,17.4,1,0,0,1426,67.84
9636,2025-01-01,2025,Finance,Finance Manager,0,0.0770189134972379,0,0.16908819344089202,Thấp,1,7.7,0,0,1,3746,15.48
9637,2025-01-01,2025,Sales,Account Manager,0,0.0873904265252868,0,0.16908819344089202,Thấp,1,8.74,0,0,1,3333,24.8
9639,2025-01-01,2025,Human Resources,Recruiter,0,0.14478252332432753,0,0.16908819344089202,Trung bình,2,14.48,0,1,0,1880,57.59
9643,2025-01-01,2025,Human Resources,HR Manager,0,0.1493622471531922,0,0.16908819344089202,Trung bình,2,14.94,0,1,0,1807,59.24
9644,2025-01-01,2025,Sales,Sales Executive,0,0.06124732233747865,0,0.16908819344089202,Thấp,1,6.12,0,0,1,4261,3.86
9648,2025-01-01,2025,Information Technology,Data Analyst,0,0.09341222738045339,0,0.16908819344089202,Thấp,1,9.34,0,0,1,3153,28.86
9652,2025-01-01,2025,Marketing,Content Specialist,0,0.06797335403657803,0,0.16908819344089202,Thấp,1,6.8,0,0,1,4060,8.4
9655,2025-01-01,2025,Finance,Finance Manager,1,0.40686353060205416,1,0.16908819344089202,Cao,3,40.69,1,0,0,39,99.14
9658,2025-01-01,2025,Operations,Operations Executive,0,0.07764040551708823,0,0.16908819344089202,Thấp,1,7.76,0,0,1,3727,15.91
9661,2025-01-01,2025,Operations,Operations Executive,1,0.32435944206611256,1,0.16908819344089202,Cao,3,32.44,1,0,0,235,94.72
9663,2025-01-01,2025,Operations,Warehouse Supervisor,0,0.11055380967350197,0,0.16908819344089202,Trung bình,2,11.06,0,1,0,2739,38.21
9665,2025-01-01,2025,Marketing,Marketing Manager,1,0.32299313477412295,1,0.16908819344089202,Cao,3,32.3,1,0,0,243,94.54
9669,2025-01-01,2025,Marketing,Content Specialist,0,0.13025336994525077,0,0.16908819344089202,Trung bình,2,13.03,0,1,0,2239,49.49
9670,2025-01-01,2025,Human Resources,C&B Specialist,0,0.12179357996844153,0,0.16908819344089202,Trung bình,2,12.18,0,1,0,2419,45.43
9672,2025-01-01,2025,Finance,Finance Manager,0,0.20174098926934428,1,0.16908819344089202,Cao,3,20.17,1,0,0,1117,74.81
9673,2025-01-01,2025,Sales,Sales Executive,1,0.26137565840398014,1,0.16908819344089202,Cao,3,26.14,1,0,0,568,87.2
9674,2025-01-01,2025,Information Technology,IT Support,0,0.20680416045074293,1,0.16908819344089202,Cao,3,20.68,1,0,0,1071,75.85
9678,2025-01-01,2025,Human Resources,HR Executive,0,0.06695691755106671,0,0.16908819344089202,Thấp,1,6.7,0,0,1,4090,7.72
9683,2025-01-01,2025,Finance,Internal Auditor,0,0.06494708646302692,0,0.16908819344089202,Thấp,1,6.49,0,0,1,4152,6.32
9684,2025-01-01,2025,Human Resources,HR Manager,0,0.06730746547534344,0,0.16908819344089202,Thấp,1,6.73,0,0,1,4080,7.94
9685,2025-01-01,2025,Sales,Sales Representative,0,0.06653822509310298,0,0.16908819344089202,Thấp,1,6.65,0,0,1,4102,7.45
9687,2025-01-01,2025,Sales,Sales Executive,1,0.11939394052202551,0,0.16908819344089202,Trung bình,2,11.94,0,1,0,2489,43.85
9688,2025-01-01,2025,Information Technology,Data Analyst,1,0.1260525562481399,0,0.16908819344089202,Trung bình,2,12.61,0,1,0,2316,47.75
9689,2025-01-01,2025,Marketing,Content Specialist,0,0.24986917039662038,1,0.16908819344089202,Cao,3,24.99,1,0,0,656,85.22
9690,2025-01-01,2025,Human Resources,Recruiter,1,0.4033808177065623,1,0.16908819344089202,Cao,3,40.34,1,0,0,49,98.92
9693,2025-01-01,2025,Operations,Operations Manager,0,0.10585569440974489,0,0.16908819344089202,Trung bình,2,10.59,0,1,0,2866,35.34
9694,2025-01-01,2025,Marketing,Content Specialist,0,0.12215873075809433,0,0.16908819344089202,Trung bình,2,12.22,0,1,0,2405,45.75
9696,2025-01-01,2025,Marketing,Digital Marketing Specialist,0,0.18397621977080295,1,0.16908819344089202,Cao,3,18.4,1,0,0,1289,70.93
9697,2025-01-01,2025,Human Resources,C&B Specialist,0,0.3744592296920965,1,0.16908819344089202,Cao,3,37.45,1,0,0,95,97.88
9703,2025-01-01,2025,Human Resources,HR Executive,1,0.09551918299253102,0,0.16908819344089202,Thấp,1,9.55,0,0,1,3099,30.08
9705,2025-01-01,2025,Finance,Internal Auditor,0,0.09072764471035943,0,0.16908819344089202,Thấp,1,9.07,0,0,1,3242,26.86
9706,2025-01-01,2025,Marketing,Digital Marketing Specialist,0,0.21589202875387126,1,0.16908819344089202,Cao,3,21.59,1,0,0,964,78.27
9710,2025-01-01,2025,Information Technology,IT Support,0,0.11896534221937254,0,0.16908819344089202,Trung bình,2,11.9,0,1,0,2502,43.56
9712,2025-01-01,2025,Operations,Operations Executive,1,0.14604274045754806,0,0.16908819344089202,Trung bình,2,14.6,0,1,0,1863,57.98
9714,2025-01-01,2025,Information Technology,IT Support,0,0.143970438634101,0,0.16908819344089202,Trung bình,2,14.4,0,1,0,1893,57.3
9716,2025-01-01,2025,Human Resources,HR Manager,0,0.1801313255931454,1,0.16908819344089202,Cao,3,18.01,1,0,0,1334,69.92
9719,2025-01-01,2025,Marketing,Marketing Executive,0,0.07565916865733445,0,0.16908819344089202,Thấp,1,7.57,0,0,1,3797,14.33
9724,2025-01-01,2025,Sales,Account Manager,1,0.3850335684517141,1,0.16908819344089202,Cao,3,38.5,1,0,0,79,98.24
9726,2025-01-01,2025,Human Resources,C&B Specialist,0,0.10128854440362943,0,0.16908819344089202,Trung bình,2,10.13,0,1,0,2965,33.11
9729,2025-01-01,2025,Marketing,Content Specialist,0,0.07506384993796673,0,0.16908819344089202,Thấp,1,7.51,0,0,1,3819,13.83
9730,2025-01-01,2025,Marketing,Content Specialist,0,0.2205229903024019,1,0.16908819344089202,Cao,3,22.05,1,0,0,913,79.42
9732,2025-01-01,2025,Operations,Operations Manager,1,0.1688662477328962,0,0.16908819344089202,Trung bình,2,16.89,0,1,0,1493,66.33
9733,2025-01-01,2025,Marketing,Marketing Manager,0,0.07386405053844107,0,0.16908819344089202,Thấp,1,7.39,0,0,1,3869,12.71
9737,2025-01-01,2025,Finance,Accountant,0,0.078483946803767,0,0.16908819344089202,Thấp,1,7.85,0,0,1,3689,16.77
9739,2025-01-01,2025,Finance,Internal Auditor,1,0.27500076486053365,1,0.16908819344089202,Cao,3,27.5,1,0,0,464,89.55
9741,2025-01-01,2025,Operations,Procurement Specialist,1,0.39780635205914044,1,0.16908819344089202,Cao,3,39.78,1,0,0,59,98.69
9742,2025-01-01,2025,Human Resources,HR Manager,0,0.10522367522622417,0,0.16908819344089202,Trung bình,2,10.52,0,1,0,2876,35.12
9743,2025-01-01,2025,Information Technology,QA Engineer,0,0.3484789887720598,1,0.16908819344089202,Cao,3,34.85,1,0,0,160,96.41
9746,2025-01-01,2025,Human Resources,HR Executive,0,0.06462954208286331,0,0.16908819344089202,Thấp,1,6.46,0,0,1,4162,6.09
9747,2025-01-01,2025,Finance,Finance Manager,0,0.20660585352397998,1,0.16908819344089202,Cao,3,20.66,1,0,0,1073,75.81
9750,2025-01-01,2025,Information Technology,IT Support,0,0.21035978155454663,1,0.16908819344089202,Cao,3,21.04,1,0,0,1027,76.84
9757,2025-01-01,2025,Information Technology,IT Support,0,0.0579129574959715,0,0.16908819344089202,Thấp,1,5.79,0,0,1,4338,2.12
9760,2025-01-01,2025,Marketing,Marketing Executive,0,0.10598744561416534,0,0.16908819344089202,Trung bình,2,10.6,0,1,0,2863,35.41
9762,2025-01-01,2025,Information Technology,Software Engineer,0,0.2462336282763367,1,0.16908819344089202,Cao,3,24.62,1,0,0,692,84.41
9765,2025-01-01,2025,Finance,Financial Analyst,1,0.19519577742512514,1,0.16908819344089202,Cao,3,19.52,1,0,0,1179,73.41
9766,2025-01-01,2025,Human Resources,C&B Specialist,0,0.17304655829526328,1,0.16908819344089202,Cao,3,17.3,1,0,0,1439,67.55
9769,2025-01-01,2025,Marketing,Marketing Executive,0,0.22264877698289764,1,0.16908819344089202,Cao,3,22.26,1,0,0,895,79.82
9771,2025-01-01,2025,Sales,Account Manager,0,0.2587630966075776,1,0.16908819344089202,Cao,3,25.88,1,0,0,590,86.71
9772,2025-01-01,2025,Human Resources,C&B Specialist,0,0.18268738276210933,1,0.16908819344089202,Cao,3,18.27,1,0,0,1305,70.57
9774,2025-01-01,2025,Operations,Warehouse Supervisor,0,0.16434065368717887,0,0.16908819344089202,Trung bình,2,16.43,0,1,0,1555,64.93
9775,2025-01-01,2025,Sales,Sales Executive,0,0.3278657019650726,1,0.16908819344089202,Cao,3,32.79,1,0,0,225,94.94
9779,2025-01-01,2025,Finance,Internal Auditor,0,0.06926312941335695,0,0.16908819344089202,Thấp,1,6.93,0,0,1,4023,9.23
9786,2025-01-01,2025,Finance,Accountant,0,0.07340461668573096,0,0.16908819344089202,Thấp,1,7.34,0,0,1,3891,12.21
9791,2025-01-01,2025,Operations,Procurement Specialist,0,0.153750933837253,0,0.16908819344089202,Trung bình,2,15.38,0,1,0,1721,61.18
9792,2025-01-01,2025,Human Resources,C&B Specialist,0,0.31616065796316223,1,0.16908819344089202,Cao,3,31.62,1,0,0,266,94.02
9794,2025-01-01,2025,Information Technology,System Administrator,0,0.05888015875126773,0,0.16908819344089202,Thấp,1,5.89,0,0,1,4322,2.48
9795,2025-01-01,2025,Finance,Internal Auditor,0,0.20703575915290678,1,0.16908819344089202,Cao,3,20.7,1,0,0,1070,75.87
9797,2025-01-01,2025,Marketing,Marketing Executive,0,0.2656624627750899,1,0.16908819344089202,Cao,3,26.57,1,0,0,528,88.11
9799,2025-01-01,2025,Marketing,Marketing Executive,0,0.08217814780937922,0,0.16908819344089202,Thấp,1,8.22,0,0,1,3519,20.6
9801,2025-01-01,2025,Operations,Operations Manager,1,0.3913325107887803,1,0.16908819344089202,Cao,3,39.13,1,0,0,68,98.49
9804,2025-01-01,2025,Human Resources,HR Executive,0,0.25912195996439846,1,0.16908819344089202,Cao,3,25.91,1,0,0,585,86.82
9805,2025-01-01,2025,Marketing,Marketing Manager,0,0.206674026824219,1,0.16908819344089202,Cao,3,20.67,1,0,0,1072,75.83
9809,2025-01-01,2025,Sales,Sales Representative,0,0.14935492662075917,0,0.16908819344089202,Trung bình,2,14.94,0,1,0,1808,59.22
9811,2025-01-01,2025,Finance,Financial Analyst,0,0.07964379455531463,0,0.16908819344089202,Thấp,1,7.96,0,0,1,3639,17.9
9817,2025-01-01,2025,Marketing,Marketing Executive,1,0.17117267973682895,1,0.16908819344089202,Cao,3,17.12,1,0,0,1460,67.07
9818,2025-01-01,2025,Human Resources,C&B Specialist,0,0.07528307307406382,0,0.16908819344089202,Thấp,1,7.53,0,0,1,3811,14.01
9819,2025-01-01,2025,Operations,Procurement Specialist,1,0.3592828332347626,1,0.16908819344089202,Cao,3,35.93,1,0,0,134,97.0
9821,2025-01-01,2025,Information Technology,IT Support,1,0.23174350054866874,1,0.16908819344089202,Cao,3,23.17,1,0,0,814,81.65
9822,2025-01-01,2025,Marketing,Digital Marketing Specialist,1,0.14138965095376585,0,0.16908819344089202,Trung bình,2,14.14,0,1,0,1949,56.04
9828,2025-01-01,2025,Information Technology,Software Engineer,0,0.14235973576592817,0,0.16908819344089202,Trung bình,2,14.24,0,1,0,1925,56.58
9833,2025-01-01,2025,Finance,Accountant,0,0.16194969088636307,0,0.16908819344089202,Trung bình,2,16.19,0,1,0,1585,64.25
9836,2025-01-01,2025,Marketing,Marketing Manager,0,0.05720844835645782,0,0.16908819344089202,Thấp,1,5.72,0,0,1,4361,1.6
9843,2025-01-01,2025,Finance,Accountant,0,0.24154818564379119,1,0.16908819344089202,Cao,3,24.15,1,0,0,721,83.75
9847,2025-01-01,2025,Information Technology,QA Engineer,0,0.15389837865094808,0,0.16908819344089202,Trung bình,2,15.39,0,1,0,1716,61.3
9849,2025-01-01,2025,Operations,Operations Executive,0,0.07104521324944083,0,0.16908819344089202,Thấp,1,7.1,0,0,1,3963,10.58
9850,2025-01-01,2025,Marketing,Content Specialist,0,0.0643890401564305,0,0.16908819344089202,Thấp,1,6.44,0,0,1,4168,5.96
9853,2025-01-01,2025,Information Technology,IT Support,0,0.22069687924025005,1,0.16908819344089202,Cao,3,22.07,1,0,0,907,79.55
9854,2025-01-01,2025,Human Resources,Recruiter,0,0.11563186467979988,0,0.16908819344089202,Trung bình,2,11.56,0,1,0,2576,41.89
9857,2025-01-01,2025,Marketing,Digital Marketing Specialist,0,0.11613460263413643,0,0.16908819344089202,Trung bình,2,11.61,0,1,0,2561,42.23
9860,2025-01-01,2025,Sales,Sales Supervisor,0,0.1502156726512188,0,0.16908819344089202,Trung bình,2,15.02,0,1,0,1786,59.72
9862,2025-01-01,2025,Information Technology,IT Support,0,0.049171840608853795,0,0.16908819344089202,Thấp,1,4.92,0,0,1,4429,0.07
9870,2025-01-01,2025,Marketing,Marketing Executive,0,0.05554198728754596,0,0.16908819344089202,Thấp,1,5.55,0,0,1,4386,1.04
9871,2025-01-01,2025,Human Resources,HR Manager,0,0.20188118677444977,1,0.16908819344089202,Cao,3,20.19,1,0,0,1115,74.86
9872,2025-01-01,2025,Information Technology,IT Support,0,0.14186856109990445,0,0.16908819344089202,Trung bình,2,14.19,0,1,0,1938,56.29
9873,2025-01-01,2025,Finance,Finance Manager,0,0.0812944053298979,0,0.16908819344089202,Thấp,1,8.13,0,0,1,3558,19.72
9874,2025-01-01,2025,Information Technology,System Administrator,0,0.06688482287537396,0,0.16908819344089202,Thấp,1,6.69,0,0,1,4093,7.65
9875,2025-01-01,2025,Human Resources,Recruiter,0,0.2181221575105134,1,0.16908819344089202,Cao,3,21.81,1,0,0,941,78.79
9877,2025-01-01,2025,Human Resources,HR Manager,0,0.17583018361706387,1,0.16908819344089202,Cao,3,17.58,1,0,0,1394,68.56
9879,2025-01-01,2025,Marketing,Marketing Executive,0,0.07642225323223377,0,0.16908819344089202,Thấp,1,7.64,0,0,1,3769,14.96
9880,2025-01-01,2025,Finance,Internal Auditor,0,0.17569548926977832,1,0.16908819344089202,Cao,3,17.57,1,0,0,1399,68.45
9882,2025-01-01,2025,Finance,Internal Auditor,0,0.16648658267769087,0,0.16908819344089202,Trung bình,2,16.65,0,1,0,1528,65.54
9884,2025-01-01,2025,Operations,Procurement Specialist,0,0.08547997222394141,0,0.16908819344089202,Thấp,1,8.55,0,0,1,3401,23.27
9886,2025-01-01,2025,Human Resources,C&B Specialist,0,0.10398371744868683,0,0.16908819344089202,Trung bình,2,10.4,0,1,0,2899,34.6
9887,2025-01-01,2025,Sales,Account Manager,0,0.10103554262030584,0,0.16908819344089202,Trung bình,2,10.1,0,1,0,2973,32.93
9892,2025-01-01,2025,Sales,Sales Executive,0,0.35974051216616226,1,0.16908819344089202,Cao,3,35.97,1,0,0,133,97.02
9894,2025-01-01,2025,Human Resources,HR Manager,0,0.11630164834308519,0,0.16908819344089202,Trung bình,2,11.63,0,1,0,2555,42.36
9895,2025-01-01,2025,Finance,Financial Analyst,0,0.08028305524408268,0,0.16908819344089202,Thấp,1,8.03,0,0,1,3609,18.57
9896,2025-01-01,2025,Marketing,Marketing Manager,0,0.07209931319915644,0,0.16908819344089202,Thấp,1,7.21,0,0,1,3924,11.46
9897,2025-01-01,2025,Information Technology,Data Analyst,0,0.1823019788864325,1,0.16908819344089202,Cao,3,18.23,1,0,0,1310,70.46
9902,2025-01-01,2025,Information Technology,IT Support,0,0.09237409114417346,0,0.16908819344089202,Thấp,1,9.24,0,0,1,3183,28.19
9903,2025-01-01,2025,Sales,Sales Supervisor,0,0.07654059616166392,0,0.16908819344089202,Thấp,1,7.65,0,0,1,3764,15.08
9906,2025-01-01,2025,Marketing,Content Specialist,0,0.05620652933736881,0,0.16908819344089202,Thấp,1,5.62,0,0,1,4371,1.38
9907,2025-01-01,2025,Operations,Operations Manager,1,0.1600180700859226,0,0.16908819344089202,Trung bình,2,16.0,0,1,0,1619,63.48
9908,2025-01-01,2025,Marketing,Marketing Executive,0,0.05238476173314912,0,0.16908819344089202,Thấp,1,5.24,0,0,1,4414,0.41
9909,2025-01-01,2025,Information Technology,Data Analyst,1,0.21894066744261786,1,0.16908819344089202,Cao,3,21.89,1,0,0,933,78.97
9910,2025-01-01,2025,Operations,Procurement Specialist,0,0.14720639998502014,0,0.16908819344089202,Trung bình,2,14.72,0,1,0,1845,58.38
9912,2025-01-01,2025,Marketing,Marketing Executive,0,0.16552334938619917,0,0.16908819344089202,Trung bình,2,16.55,0,1,0,1538,65.31
9913,2025-01-01,2025,Marketing,Marketing Manager,0,0.058757215362679686,0,0.16908819344089202,Thấp,1,5.88,0,0,1,4324,2.44
9914,2025-01-01,2025,Sales,Sales Supervisor,0,0.2646161702462295,1,0.16908819344089202,Cao,3,26.46,1,0,0,538,87.88
9915,2025-01-01,2025,Human Resources,C&B Specialist,0,0.12185617884876158,0,0.16908819344089202,Trung bình,2,12.19,0,1,0,2418,45.45
9916,2025-01-01,2025,Human Resources,HR Executive,0,0.09316816778662904,0,0.16908819344089202,Thấp,1,9.32,0,0,1,3157,28.77
9917,2025-01-01,2025,Marketing,Digital Marketing Specialist,0,0.19442967301656974,1,0.16908819344089202,Cao,3,19.44,1,0,0,1188,73.21
9924,2025-01-01,2025,Information Technology,IT Support,1,0.3390196683073835,1,0.16908819344089202,Cao,3,33.9,1,0,0,192,95.69
9926,2025-01-01,2025,Human Resources,C&B Specialist,0,0.10112062614870991,0,0.16908819344089202,Trung bình,2,10.11,0,1,0,2971,32.97
9927,2025-01-01,2025,Information Technology,System Administrator,0,0.31608179426703514,1,0.16908819344089202,Cao,3,31.61,1,0,0,267,94.0
9929,2025-01-01,2025,Information Technology,Data Analyst,1,0.24735019141144632,1,0.16908819344089202,Cao,3,24.74,1,0,0,684,84.59
9932,2025-01-01,2025,Marketing,Marketing Manager,0,0.23950431455775534,1,0.16908819344089202,Cao,3,23.95,1,0,0,737,83.39
9933,2025-01-01,2025,Human Resources,HR Manager,0,0.17069726032885277,1,0.16908819344089202,Cao,3,17.07,1,0,0,1467,66.91
9939,2025-01-01,2025,Sales,Account Manager,0,0.13966148662089864,0,0.16908819344089202,Trung bình,2,13.97,0,1,0,1985,55.22
9940,2025-01-01,2025,Human Resources,C&B Specialist,0,0.18731502230235358,1,0.16908819344089202,Cao,3,18.73,1,0,0,1253,71.74
9944,2025-01-01,2025,Operations,Operations Manager,0,0.10108272530630934,0,0.16908819344089202,Trung bình,2,10.11,0,1,0,2972,32.95
9945,2025-01-01,2025,Finance,Financial Analyst,0,0.14165758401935324,0,0.16908819344089202,Trung bình,2,14.17,0,1,0,1941,56.22
9946,2025-01-01,2025,Finance,Finance Manager,0,0.058574184263712525,0,0.16908819344089202,Thấp,1,5.86,0,0,1,4326,2.39
9948,2025-01-01,2025,Human Resources,HR Executive,1,0.2346891710307192,1,0.16908819344089202,Cao,3,23.47,1,0,0,781,82.4
9949,2025-01-01,2025,Information Technology,System Administrator,0,0.2056719951969949,1,0.16908819344089202,Cao,3,20.57,1,0,0,1087,75.49
9950,2025-01-01,2025,Human Resources,HR Manager,0,0.24522332073485978,1,0.16908819344089202,Cao,3,24.52,1,0,0,698,84.27
9951,2025-01-01,2025,Sales,Sales Representative,0,0.09790475459651875,0,0.16908819344089202,Thấp,1,9.79,0,0,1,3052,31.14
9953,2025-01-01,2025,Finance,Financial Analyst,0,0.08831121623830078,0,0.16908819344089202,Thấp,1,8.83,0,0,1,3314,25.23
9956,2025-01-01,2025,Information Technology,Data Analyst,0,0.09884698243126872,0,0.16908819344089202,Thấp,1,9.88,0,0,1,3031,31.62
9961,2025-01-01,2025,Marketing,Marketing Manager,1,0.1637671200034135,0,0.16908819344089202,Trung bình,2,16.38,0,1,0,1563,64.75
9966,2025-01-01,2025,Information Technology,IT Support,0,0.1608269808631317,0,0.16908819344089202,Trung bình,2,16.08,0,1,0,1605,63.8
9968,2025-01-01,2025,Sales,Sales Executive,0,0.07777574932739802,0,0.16908819344089202,Thấp,1,7.78,0,0,1,3720,16.07
9969,2025-01-01,2025,Operations,Operations Executive,1,0.3057557519803139,1,0.16908819344089202,Cao,3,30.58,1,0,0,310,93.03
9970,2025-01-01,2025,Information Technology,System Administrator,1,0.059835272754349515,0,0.16908819344089202,Thấp,1,5.98,0,0,1,4304,2.89
9971,2025-01-01,2025,Marketing,Content Specialist,0,0.07303535105374781,0,0.16908819344089202,Thấp,1,7.3,0,0,1,3899,12.03
9972,2025-01-01,2025,Finance,Accountant,0,0.08670723674592391,0,0.16908819344089202,Thấp,1,8.67,0,0,1,3365,24.08
9976,2025-01-01,2025,Sales,Sales Representative,0,0.1083765926547866,0,0.16908819344089202,Trung bình,2,10.84,0,1,0,2794,36.97
9980,2025-01-01,2025,Finance,Finance Manager,0,0.20166288552298225,1,0.16908819344089202,Cao,3,20.17,1,0,0,1119,74.77
9981,2025-01-01,2025,Sales,Sales Supervisor,0,0.13303410053383039,0,0.16908819344089202,Trung bình,2,13.3,0,1,0,2161,51.25
9982,2025-01-01,2025,Information Technology,Software Engineer,0,0.13373086878647714,0,0.16908819344089202,Trung bình,2,13.37,0,1,0,2141,51.7
9984,2025-01-01,2025,Finance,Accountant,0,0.1967686050861424,1,0.16908819344089202,Cao,3,19.68,1,0,0,1167,73.69
9985,2025-01-01,2025,Information Technology,Data Analyst,0,0.1151828591077355,0,0.16908819344089202,Trung bình,2,11.52,0,1,0,2590,41.57
9987,2025-01-01,2025,Finance,Finance Manager,1,0.22068728289370468,1,0.16908819344089202,Cao,3,22.07,1,0,0,908,79.53
9990,2025-01-01,2025,Finance,Accountant,0,0.06092176829037099,0,0.16908819344089202,Thấp,1,6.09,0,0,1,4274,3.57
9996,2025-01-01,2025,Finance,Finance Manager,0,0.07738596279065955,0,0.16908819344089202,Thấp,1,7.74,0,0,1,3734,15.75
9997,2025-01-01,2025,Finance,Accountant,0,0.27032073669127854,1,0.16908819344089202,Cao,3,27.03,1,0,0,494,88.87
9998,2025-01-01,2025,Information Technology,System Administrator,0,0.09475252997512076,0,0.16908819344089202,Thấp,1,9.48,0,0,1,3117,29.68
