MaNV,NgayThang,Nam,PhongBan,ChucDanh,CapBacCongViec,Tuoi,KhoangCachTuNha,SoLuongDuAn,SoGioTrungBinhThang,LamThemGio,DiemDanhGiaHieuSuat,DiemHaiLongCongViec,DiemHaiLongMoiTruong,ThuNhapThang,SoNamTaiCongTy,SoNamTuLanThangChucCuoi,DuocThangChucNamTruoc,ThucTeNghiViec,XacSuatNghiViec,DiemNguyCo,DuDoanNghiViec,NguongDuDoan,MucRuiRo,ThuTuRuiRo,LaRuiRoCao,XepHangNguyCo,PhanViNguyCo,MoHinh,PhienBanMoHinh
1,2025-01-01,2025,Sales,Sales Representative,1,55,35,4,171,False,4,2,1,10148000,4,4,False,0,0.16167629373915002,16.17,0,0.16908819344089202,Trung bình,2,0,1591,64.12,Random Forest,RF_2025_V1
3,2025-01-01,2025,Finance,Finance Manager,1,49,16,1,223,True,3,4,4,10925000,5,5,False,0,0.23431505974563624,23.43,1,0.16908819344089202,Cao,3,1,787,82.26,Random Forest,RF_2025_V1
4,2025-01-01,2025,Human Resources,Recruiter,1,52,6,4,194,True,4,4,3,12565000,1,1,False,0,0.12785989304771342,12.79,0,0.16908819344089202,Trung bình,2,0,2280,48.57,Random Forest,RF_2025_V1
5,2025-01-01,2025,Information Technology,IT Support,4,48,15,1,198,True,4,3,4,39627000,14,1,False,0,0.13005450589932777,13.01,0,0.16908819344089202,Trung bình,2,0,2243,49.4,Random Forest,RF_2025_V1
10,2025-01-01,2025,Human Resources,C&B Specialist,4,45,35,4,192,False,3,2,3,50395000,11,5,False,1,0.14557161551723388,14.56,0,0.16908819344089202,Trung bình,2,0,1871,57.8,Random Forest,RF_2025_V1
13,2025-01-01,2025,Sales,Sales Executive,3,33,35,5,211,True,3,2,1,21133000,11,0,True,1,0.30830178177603834,30.83,1,0.16908819344089202,Cao,3,1,300,93.25,Random Forest,RF_2025_V1
21,2025-01-01,2025,Human Resources,Recruiter,4,39,32,4,226,True,3,4,1,67023000,5,5,False,0,0.30535020349251324,30.54,1,0.16908819344089202,Cao,3,1,313,92.96,Random Forest,RF_2025_V1
24,2025-01-01,2025,Sales,Sales Representative,2,44,12,6,190,False,2,2,2,27225000,10,10,False,1,0.18964489694514755,18.96,1,0.16908819344089202,Cao,3,1,1233,72.2,Random Forest,RF_2025_V1
28,2025-01-01,2025,Human Resources,C&B Specialist,2,43,7,1,155,False,2,3,2,24226000,6,6,False,1,0.1170517718176499,11.71,0,0.16908819344089202,Trung bình,2,0,2535,42.81,Random Forest,RF_2025_V1
29,2025-01-01,2025,Human Resources,Recruiter,1,50,10,3,160,False,3,2,3,13274000,11,11,False,1,0.13494846707436042,13.49,0,0.16908819344089202,Trung bình,2,0,2115,52.29,Random Forest,RF_2025_V1
30,2025-01-01,2025,Operations,Procurement Specialist,1,30,16,1,189,True,3,4,3,8308000,1,1,False,0,0.1547614823657908,15.48,0,0.16908819344089202,Trung bình,2,0,1700,61.66,Random Forest,RF_2025_V1
31,2025-01-01,2025,Sales,Sales Supervisor,2,31,38,2,203,True,3,3,4,18028000,1,1,False,0,0.13051234546237417,13.05,0,0.16908819344089202,Trung bình,2,0,2235,49.58,Random Forest,RF_2025_V1
32,2025-01-01,2025,Finance,Finance Manager,2,36,3,1,144,False,4,4,3,28173000,6,6,False,0,0.07483862673271797,7.48,0,0.16908819344089202,Thấp,1,0,3825,13.7,Random Forest,RF_2025_V1
37,2025-01-01,2025,Information Technology,QA Engineer,5,43,2,8,218,True,4,1,3,57408000,2,1,False,1,0.2552270079944629,25.52,1,0.16908819344089202,Cao,3,1,607,86.32,Random Forest,RF_2025_V1
38,2025-01-01,2025,Human Resources,HR Executive,3,29,19,2,206,False,4,1,4,24691000,1,1,False,0,0.1274171197917677,12.74,0,0.16908819344089202,Trung bình,2,0,2293,48.27,Random Forest,RF_2025_V1
39,2025-01-01,2025,Human Resources,C&B Specialist,1,45,11,2,173,False,2,4,3,17839000,14,14,False,0,0.10267188952310713,10.27,0,0.16908819344089202,Trung bình,2,0,2927,33.97,Random Forest,RF_2025_V1
41,2025-01-01,2025,Sales,Account Manager,2,51,23,6,236,True,5,4,4,26627000,10,10,False,1,0.2897680780235251,28.98,1,0.16908819344089202,Cao,3,1,373,91.6,Random Forest,RF_2025_V1
43,2025-01-01,2025,Marketing,Digital Marketing Specialist,1,25,32,2,228,True,4,4,4,11762000,4,4,False,0,0.2091957708735387,20.92,1,0.16908819344089202,Cao,3,1,1044,76.46,Random Forest,RF_2025_V1
44,2025-01-01,2025,Marketing,Digital Marketing Specialist,2,43,35,2,151,False,4,4,4,24138000,6,6,False,0,0.062166911748166576,6.22,0,0.16908819344089202,Thấp,1,0,4240,4.33,Random Forest,RF_2025_V1
48,2025-01-01,2025,Information Technology,QA Engineer,3,42,19,4,217,False,4,1,2,25423000,1,1,False,0,0.19207058749787034,19.21,1,0.16908819344089202,Cao,3,1,1206,72.81,Random Forest,RF_2025_V1
54,2025-01-01,2025,Marketing,Marketing Executive,3,47,38,4,171,False,2,4,3,39538000,9,9,False,0,0.05722495018543241,5.72,0,0.16908819344089202,Thấp,1,0,4360,1.62,Random Forest,RF_2025_V1
60,2025-01-01,2025,Finance,Internal Auditor,1,29,9,2,163,False,3,4,3,15300000,3,3,False,0,0.06324353969986705,6.32,0,0.16908819344089202,Thấp,1,0,4206,5.1,Random Forest,RF_2025_V1
62,2025-01-01,2025,Finance,Financial Analyst,1,25,26,3,219,True,3,4,4,11626000,2,2,False,0,0.15265282614758754,15.27,0,0.16908819344089202,Trung bình,2,0,1739,60.78,Random Forest,RF_2025_V1
63,2025-01-01,2025,Information Technology,Data Analyst,1,26,20,2,152,False,4,3,4,9977000,2,2,False,0,0.060172118770976134,6.02,0,0.16908819344089202,Thấp,1,0,4294,3.11,Random Forest,RF_2025_V1
64,2025-01-01,2025,Marketing,Marketing Executive,3,40,19,6,202,False,4,3,3,36239000,13,13,False,0,0.09197510713156622,9.2,0,0.16908819344089202,Thấp,1,0,3198,27.85,Random Forest,RF_2025_V1
65,2025-01-01,2025,Finance,Internal Auditor,4,33,6,4,201,True,2,1,1,47116000,8,1,False,0,0.27476469991849745,27.48,1,0.16908819344089202,Cao,3,1,466,89.51,Random Forest,RF_2025_V1
66,2025-01-01,2025,Information Technology,IT Support,2,35,11,3,209,False,3,1,3,23690000,5,5,False,0,0.1412523326807182,14.13,0,0.16908819344089202,Trung bình,2,0,1954,55.92,Random Forest,RF_2025_V1
70,2025-01-01,2025,Operations,Operations Executive,5,48,25,2,136,False,4,4,3,66907000,7,3,False,0,0.07327152815029074,7.33,0,0.16908819344089202,Thấp,1,0,3895,12.12,Random Forest,RF_2025_V1
71,2025-01-01,2025,Operations,Warehouse Supervisor,1,28,9,2,151,False,3,1,1,8358000,1,1,False,0,0.15981178010496055,15.98,0,0.16908819344089202,Trung bình,2,0,1623,63.39,Random Forest,RF_2025_V1
72,2025-01-01,2025,Information Technology,IT Support,4,52,26,3,207,True,4,3,3,51948000,15,5,False,0,0.1648596977182205,16.49,0,0.16908819344089202,Trung bình,2,0,1546,65.13,Random Forest,RF_2025_V1
73,2025-01-01,2025,Sales,Sales Representative,1,45,21,3,232,True,4,2,1,9267000,1,1,False,1,0.3574730636837862,35.75,1,0.16908819344089202,Cao,3,1,139,96.89,Random Forest,RF_2025_V1
74,2025-01-01,2025,Human Resources,Recruiter,2,30,40,4,192,False,5,3,2,21035000,3,3,False,1,0.07380175023122522,7.38,0,0.16908819344089202,Thấp,1,0,3874,12.59,Random Forest,RF_2025_V1
76,2025-01-01,2025,Sales,Sales Representative,2,49,31,1,173,False,3,4,2,19445000,14,14,False,0,0.12387235158182608,12.39,0,0.16908819344089202,Trung bình,2,0,2364,46.67,Random Forest,RF_2025_V1
78,2025-01-01,2025,Human Resources,C&B Specialist,1,27,7,3,206,True,3,3,3,15735000,5,5,False,0,0.1674621301433847,16.75,0,0.16908819344089202,Trung bình,2,0,1511,65.92,Random Forest,RF_2025_V1
79,2025-01-01,2025,Marketing,Digital Marketing Specialist,3,39,12,2,203,True,3,4,4,47729000,15,15,False,0,0.1757998418778965,17.58,1,0.16908819344089202,Cao,3,1,1395,68.54,Random Forest,RF_2025_V1
80,2025-01-01,2025,Information Technology,Data Analyst,1,25,27,2,182,False,3,2,3,11814000,3,3,False,0,0.08979134980166507,8.98,0,0.16908819344089202,Thấp,1,0,3272,26.18,Random Forest,RF_2025_V1
82,2025-01-01,2025,Operations,Warehouse Supervisor,2,50,39,3,198,False,3,1,4,25134000,14,14,False,0,0.1604356129528209,16.04,0,0.16908819344089202,Trung bình,2,0,1612,63.64,Random Forest,RF_2025_V1
83,2025-01-01,2025,Operations,Operations Executive,3,31,15,4,229,False,3,1,2,38151000,3,3,False,1,0.22455881896448546,22.46,1,0.16908819344089202,Cao,3,1,871,80.37,Random Forest,RF_2025_V1
85,2025-01-01,2025,Finance,Financial Analyst,1,39,21,4,261,True,4,2,4,12665000,2,2,False,0,0.3107656055554474,31.08,1,0.16908819344089202,Cao,3,1,293,93.41,Random Forest,RF_2025_V1
88,2025-01-01,2025,Operations,Warehouse Supervisor,4,31,34,3,185,True,3,3,4,46784000,4,4,False,0,0.1556672706414897,15.57,0,0.16908819344089202,Trung bình,2,0,1689,61.9,Random Forest,RF_2025_V1
91,2025-01-01,2025,Sales,Sales Executive,2,45,39,3,208,False,4,3,3,18905000,8,6,False,1,0.07903471406966328,7.9,0,0.16908819344089202,Thấp,1,0,3666,17.29,Random Forest,RF_2025_V1
92,2025-01-01,2025,Operations,Operations Executive,2,53,15,3,231,True,2,2,3,26901000,14,14,False,1,0.397644330894956,39.76,1,0.16908819344089202,Cao,3,1,60,98.67,Random Forest,RF_2025_V1
95,2025-01-01,2025,Finance,Financial Analyst,2,31,10,2,176,False,2,2,4,17705000,3,1,False,0,0.10217567160348587,10.22,0,0.16908819344089202,Trung bình,2,0,2945,33.56,Random Forest,RF_2025_V1
98,2025-01-01,2025,Information Technology,IT Support,3,39,19,1,177,False,3,1,4,53512000,9,9,False,0,0.13848755206643282,13.85,0,0.16908819344089202,Trung bình,2,0,2021,54.41,Random Forest,RF_2025_V1
102,2025-01-01,2025,Marketing,Digital Marketing Specialist,2,28,37,5,258,True,3,4,2,21039000,1,1,False,0,0.2766637905685632,27.67,1,0.16908819344089202,Cao,3,1,452,89.82,Random Forest,RF_2025_V1
103,2025-01-01,2025,Finance,Internal Auditor,1,55,12,3,195,False,3,3,3,12919000,5,5,False,0,0.08273037899928842,8.27,0,0.16908819344089202,Thấp,1,0,3495,21.15,Random Forest,RF_2025_V1
104,2025-01-01,2025,Human Resources,HR Manager,4,55,35,4,192,False,3,3,4,37290000,9,0,True,0,0.07251866142339572,7.25,0,0.16908819344089202,Thấp,1,0,3914,11.69,Random Forest,RF_2025_V1
109,2025-01-01,2025,Information Technology,Software Engineer,2,43,31,4,207,True,4,2,3,20962000,3,3,False,0,0.2376618680041319,23.77,1,0.16908819344089202,Cao,3,1,755,82.98,Random Forest,RF_2025_V1
110,2025-01-01,2025,Marketing,Content Specialist,2,47,29,3,216,True,5,2,4,12972000,2,1,False,0,0.18421061104959988,18.42,1,0.16908819344089202,Cao,3,1,1288,70.95,Random Forest,RF_2025_V1
115,2025-01-01,2025,Human Resources,C&B Specialist,4,53,27,2,191,False,2,3,2,40225000,3,2,False,0,0.07470113109377154,7.47,0,0.16908819344089202,Thấp,1,0,3831,13.56,Random Forest,RF_2025_V1
118,2025-01-01,2025,Information Technology,Software Engineer,2,54,24,8,257,True,4,1,4,18141000,8,3,False,0,0.36405326710711744,36.41,1,0.16908819344089202,Cao,3,1,123,97.25,Random Forest,RF_2025_V1
120,2025-01-01,2025,Operations,Warehouse Supervisor,3,25,12,7,221,False,4,4,4,24737000,2,2,False,0,0.13055690387893856,13.06,0,0.16908819344089202,Trung bình,2,0,2233,49.63,Random Forest,RF_2025_V1
121,2025-01-01,2025,Human Resources,HR Manager,1,43,40,3,206,False,4,4,4,10133000,1,1,False,1,0.07156335673548034,7.16,0,0.16908819344089202,Thấp,1,0,3944,11.01,Random Forest,RF_2025_V1
125,2025-01-01,2025,Finance,Internal Auditor,3,39,37,2,239,True,3,4,2,26438000,9,4,False,0,0.3434356517782972,34.34,1,0.16908819344089202,Cao,3,1,176,96.05,Random Forest,RF_2025_V1
126,2025-01-01,2025,Marketing,Marketing Executive,4,37,2,5,219,False,3,2,4,63942000,5,5,False,0,0.18083218366580187,18.08,1,0.16908819344089202,Cao,3,1,1325,70.12,Random Forest,RF_2025_V1
127,2025-01-01,2025,Finance,Finance Manager,2,47,18,4,193,False,3,1,3,18151000,7,5,False,0,0.1355156573498931,13.55,0,0.16908819344089202,Trung bình,2,0,2099,52.65,Random Forest,RF_2025_V1
128,2025-01-01,2025,Finance,Accountant,1,38,28,4,190,True,3,4,1,19104000,13,13,False,0,0.22221890515721113,22.22,1,0.16908819344089202,Cao,3,1,897,79.78,Random Forest,RF_2025_V1
129,2025-01-01,2025,Sales,Account Manager,4,29,9,3,190,False,5,4,4,48556000,4,4,False,0,0.07052129536185345,7.05,0,0.16908819344089202,Thấp,1,0,3982,10.16,Random Forest,RF_2025_V1
130,2025-01-01,2025,Marketing,Digital Marketing Specialist,3,34,22,1,184,True,3,4,3,28782000,4,2,False,0,0.12694455190487375,12.69,0,0.16908819344089202,Trung bình,2,0,2300,48.12,Random Forest,RF_2025_V1
131,2025-01-01,2025,Sales,Sales Executive,4,45,27,3,198,False,2,3,4,65995000,14,6,False,0,0.08993573721166498,8.99,0,0.16908819344089202,Thấp,1,0,3269,26.25,Random Forest,RF_2025_V1
136,2025-01-01,2025,Sales,Sales Executive,2,31,16,2,127,False,3,3,3,21635000,5,5,False,0,0.07885154194571378,7.89,0,0.16908819344089202,Thấp,1,0,3673,17.13,Random Forest,RF_2025_V1
138,2025-01-01,2025,Sales,Sales Executive,3,28,4,6,186,False,3,4,4,26008000,5,1,False,0,0.08214191115398775,8.21,0,0.16908819344089202,Thấp,1,0,3521,20.56,Random Forest,RF_2025_V1
139,2025-01-01,2025,Sales,Sales Representative,1,33,6,3,199,True,4,3,4,9755000,2,2,False,0,0.10157809839651992,10.16,0,0.16908819344089202,Trung bình,2,0,2960,33.22,Random Forest,RF_2025_V1
140,2025-01-01,2025,Human Resources,HR Executive,1,39,30,2,194,False,3,4,2,10937000,1,1,False,0,0.09677153502949506,9.68,0,0.16908819344089202,Thấp,1,0,3070,30.74,Random Forest,RF_2025_V1
143,2025-01-01,2025,Operations,Procurement Specialist,2,42,34,1,195,False,4,4,2,25852000,6,6,False,0,0.11598281601163822,11.6,0,0.16908819344089202,Trung bình,2,0,2563,42.18,Random Forest,RF_2025_V1
146,2025-01-01,2025,Finance,Internal Auditor,2,37,8,4,227,True,4,4,3,24372000,8,8,False,0,0.2826586333639269,28.27,1,0.16908819344089202,Cao,3,1,412,90.72,Random Forest,RF_2025_V1
149,2025-01-01,2025,Human Resources,Recruiter,3,25,40,3,201,False,4,4,4,35845000,1,1,False,0,0.09015898740470364,9.02,0,0.16908819344089202,Thấp,1,0,3265,26.34,Random Forest,RF_2025_V1
151,2025-01-01,2025,Information Technology,Software Engineer,3,49,32,2,177,False,3,4,4,46844000,6,6,False,0,0.0712727106368709,7.13,0,0.16908819344089202,Thấp,1,0,3951,10.86,Random Forest,RF_2025_V1
152,2025-01-01,2025,Human Resources,HR Manager,2,36,3,1,194,False,5,4,3,20043000,5,3,False,0,0.06708128289742306,6.71,0,0.16908819344089202,Thấp,1,0,4087,7.79,Random Forest,RF_2025_V1
153,2025-01-01,2025,Marketing,Digital Marketing Specialist,1,33,34,6,237,True,3,3,2,15065000,4,4,False,0,0.3788130008755853,37.88,1,0.16908819344089202,Cao,3,1,90,97.99,Random Forest,RF_2025_V1
158,2025-01-01,2025,Information Technology,Data Analyst,2,41,9,2,204,False,4,3,4,24869000,4,4,False,0,0.08154706734050607,8.15,0,0.16908819344089202,Thấp,1,0,3543,20.06,Random Forest,RF_2025_V1
161,2025-01-01,2025,Sales,Sales Representative,4,37,9,4,207,False,4,4,3,80476000,13,13,False,1,0.08841840790463859,8.84,0,0.16908819344089202,Thấp,1,0,3311,25.3,Random Forest,RF_2025_V1
162,2025-01-01,2025,Marketing,Content Specialist,1,41,40,4,192,False,3,2,4,9987000,5,5,False,0,0.13348278429641355,13.35,0,0.16908819344089202,Trung bình,2,0,2149,51.52,Random Forest,RF_2025_V1
166,2025-01-01,2025,Information Technology,QA Engineer,4,40,29,1,206,True,2,3,2,65495000,9,5,False,0,0.2201556800182633,22.02,1,0.16908819344089202,Cao,3,1,917,79.33,Random Forest,RF_2025_V1
167,2025-01-01,2025,Marketing,Digital Marketing Specialist,2,45,32,3,186,False,2,4,1,17402000,9,2,False,1,0.0968497991136984,9.68,0,0.16908819344089202,Thấp,1,0,3069,30.76,Random Forest,RF_2025_V1
170,2025-01-01,2025,Operations,Procurement Specialist,4,48,4,2,201,False,5,4,4,46525000,2,2,False,0,0.06542391241251383,6.54,0,0.16908819344089202,Thấp,1,0,4136,6.68,Random Forest,RF_2025_V1
171,2025-01-01,2025,Sales,Sales Representative,3,41,6,4,190,False,4,4,1,35662000,14,14,False,0,0.1195823117784304,11.96,0,0.16908819344089202,Trung bình,2,0,2482,44.01,Random Forest,RF_2025_V1
175,2025-01-01,2025,Information Technology,Data Analyst,1,43,16,3,191,False,5,2,4,13749000,2,2,False,0,0.09311624670624181,9.31,0,0.16908819344089202,Thấp,1,0,3158,28.75,Random Forest,RF_2025_V1
176,2025-01-01,2025,Information Technology,Software Engineer,3,25,40,8,209,False,3,3,2,36979000,1,1,False,0,0.11468316523017132,11.47,0,0.16908819344089202,Trung bình,2,0,2601,41.32,Random Forest,RF_2025_V1
178,2025-01-01,2025,Sales,Sales Supervisor,2,55,1,3,176,False,4,2,3,13086000,1,1,False,0,0.11186997581158141,11.19,0,0.16908819344089202,Trung bình,2,0,2692,39.27,Random Forest,RF_2025_V1
180,2025-01-01,2025,Marketing,Marketing Manager,1,52,37,2,167,False,3,3,3,9377000,2,2,False,0,0.05045916927964872,5.05,0,0.16908819344089202,Thấp,1,0,4428,0.09,Random Forest,RF_2025_V1
181,2025-01-01,2025,Information Technology,IT Support,2,28,34,3,225,False,2,3,3,16448000,2,2,False,0,0.10752046334417467,10.75,0,0.16908819344089202,Trung bình,2,0,2828,36.2,Random Forest,RF_2025_V1
182,2025-01-01,2025,Sales,Sales Supervisor,4,29,29,2,178,False,4,2,2,48019000,4,0,True,0,0.15121212336870105,15.12,0,0.16908819344089202,Trung bình,2,0,1765,60.19,Random Forest,RF_2025_V1
184,2025-01-01,2025,Marketing,Content Specialist,2,46,36,4,164,False,3,4,3,19499000,10,3,False,0,0.0551982720103279,5.52,0,0.16908819344089202,Thấp,1,0,4393,0.88,Random Forest,RF_2025_V1
185,2025-01-01,2025,Marketing,Content Specialist,4,33,3,7,216,False,3,4,1,65767000,8,8,False,0,0.15560976942941354,15.56,0,0.16908819344089202,Trung bình,2,0,1691,61.86,Random Forest,RF_2025_V1
187,2025-01-01,2025,Finance,Accountant,2,29,10,1,172,False,3,3,4,21215000,4,4,False,0,0.07375668472915337,7.38,0,0.16908819344089202,Thấp,1,0,3878,12.5,Random Forest,RF_2025_V1
189,2025-01-01,2025,Finance,Financial Analyst,2,33,40,4,215,False,3,3,4,12776000,2,1,False,0,0.07265624378043946,7.27,0,0.16908819344089202,Thấp,1,0,3910,11.78,Random Forest,RF_2025_V1
190,2025-01-01,2025,Sales,Sales Representative,1,45,8,3,173,True,3,1,2,11252000,4,4,False,0,0.3042046740131165,30.42,1,0.16908819344089202,Cao,3,1,318,92.85,Random Forest,RF_2025_V1
192,2025-01-01,2025,Operations,Procurement Specialist,1,35,31,3,219,True,3,2,1,12869000,4,4,False,0,0.3390318703011356,33.9,1,0.16908819344089202,Cao,3,1,191,95.71,Random Forest,RF_2025_V1
193,2025-01-01,2025,Information Technology,Data Analyst,1,53,14,1,143,False,3,2,2,9580000,2,2,False,0,0.13844161744025268,13.84,0,0.16908819344089202,Trung bình,2,0,2025,54.32,Random Forest,RF_2025_V1
194,2025-01-01,2025,Finance,Financial Analyst,3,55,39,2,179,False,2,1,3,29530000,3,3,False,0,0.10117127789622528,10.12,0,0.16908819344089202,Trung bình,2,0,2969,33.02,Random Forest,RF_2025_V1
195,2025-01-01,2025,Information Technology,QA Engineer,2,39,25,3,203,False,4,2,4,24078000,4,4,False,0,0.14731832745570003,14.73,0,0.16908819344089202,Trung bình,2,0,1843,58.43,Random Forest,RF_2025_V1
198,2025-01-01,2025,Finance,Finance Manager,3,36,28,4,167,False,4,3,2,52295000,7,7,False,0,0.10987466566502467,10.99,0,0.16908819344089202,Trung bình,2,0,2753,37.89,Random Forest,RF_2025_V1
199,2025-01-01,2025,Information Technology,IT Support,4,52,18,4,203,False,4,3,4,61488000,9,4,False,0,0.07532832283276,7.53,0,0.16908819344089202,Thấp,1,0,3807,14.11,Random Forest,RF_2025_V1
200,2025-01-01,2025,Operations,Warehouse Supervisor,2,51,12,2,195,False,3,3,2,13872000,2,2,False,0,0.08821516787181616,8.82,0,0.16908819344089202,Thấp,1,0,3317,25.16,Random Forest,RF_2025_V1
201,2025-01-01,2025,Information Technology,IT Support,3,30,7,5,215,False,3,3,3,31407000,7,3,False,0,0.07569741384430731,7.57,0,0.16908819344089202,Thấp,1,0,3795,14.38,Random Forest,RF_2025_V1
205,2025-01-01,2025,Operations,Operations Manager,2,33,29,6,233,False,4,3,3,14793000,1,1,False,0,0.1657238309523423,16.57,0,0.16908819344089202,Trung bình,2,0,1535,65.38,Random Forest,RF_2025_V1
206,2025-01-01,2025,Information Technology,QA Engineer,2,38,9,3,181,False,4,4,4,21348000,1,1,False,0,0.08003861403688756,8.0,0,0.16908819344089202,Thấp,1,0,3617,18.39,Random Forest,RF_2025_V1
210,2025-01-01,2025,Sales,Sales Executive,1,44,9,5,183,False,3,2,4,8049000,1,1,False,0,0.09900988624780037,9.9,0,0.16908819344089202,Thấp,1,0,3027,31.71,Random Forest,RF_2025_V1
211,2025-01-01,2025,Finance,Financial Analyst,1,52,16,1,183,False,4,4,2,11349000,14,14,False,0,0.1308081462256836,13.08,0,0.16908819344089202,Trung bình,2,0,2220,49.92,Random Forest,RF_2025_V1
213,2025-01-01,2025,Sales,Sales Supervisor,1,46,27,2,208,False,3,4,2,10986000,4,4,False,0,0.12089604293406929,12.09,0,0.16908819344089202,Trung bình,2,0,2445,44.84,Random Forest,RF_2025_V1
216,2025-01-01,2025,Operations,Operations Executive,2,52,18,2,205,True,4,3,2,12000000,2,0,True,0,0.1666430422600521,16.66,0,0.16908819344089202,Trung bình,2,0,1523,65.65,Random Forest,RF_2025_V1
218,2025-01-01,2025,Information Technology,IT Support,1,44,34,4,245,True,3,3,1,11202000,1,1,False,0,0.27948972960502616,27.95,1,0.16908819344089202,Cao,3,1,431,90.3,Random Forest,RF_2025_V1
219,2025-01-01,2025,Finance,Internal Auditor,4,29,10,5,231,True,4,3,1,76136000,8,8,False,0,0.34108358824835877,34.11,1,0.16908819344089202,Cao,3,1,184,95.87,Random Forest,RF_2025_V1
222,2025-01-01,2025,Sales,Sales Executive,2,55,20,4,201,True,3,3,3,13164000,12,0,True,0,0.13744396187250751,13.74,0,0.16908819344089202,Trung bình,2,0,2045,53.87,Random Forest,RF_2025_V1
223,2025-01-01,2025,Marketing,Digital Marketing Specialist,2,50,12,3,191,True,4,2,2,14705000,14,4,False,0,0.3211561410610987,32.12,1,0.16908819344089202,Cao,3,1,247,94.45,Random Forest,RF_2025_V1
224,2025-01-01,2025,Operations,Warehouse Supervisor,1,54,6,1,179,False,5,2,2,13277000,12,12,False,0,0.20381000177259978,20.38,1,0.16908819344089202,Cao,3,1,1101,75.17,Random Forest,RF_2025_V1
228,2025-01-01,2025,Information Technology,Data Analyst,4,27,14,4,166,False,5,2,4,62283000,6,3,False,0,0.12345751379831342,12.35,0,0.16908819344089202,Trung bình,2,0,2373,46.47,Random Forest,RF_2025_V1
229,2025-01-01,2025,Human Resources,C&B Specialist,3,42,13,1,197,True,3,4,4,26925000,6,0,True,0,0.14234979761959418,14.23,0,0.16908819344089202,Trung bình,2,0,1926,56.56,Random Forest,RF_2025_V1
233,2025-01-01,2025,Sales,Account Manager,3,37,38,1,212,True,3,4,4,53254000,8,8,False,0,0.18129105644528565,18.13,1,0.16908819344089202,Cao,3,1,1316,70.32,Random Forest,RF_2025_V1
234,2025-01-01,2025,Finance,Accountant,4,49,39,7,230,True,4,4,3,40069000,11,2,False,0,0.24007889956520373,24.01,1,0.16908819344089202,Cao,3,1,734,83.46,Random Forest,RF_2025_V1
236,2025-01-01,2025,Marketing,Content Specialist,4,30,10,3,172,False,3,1,3,50668000,2,2,False,0,0.09528586680457385,9.53,0,0.16908819344089202,Thấp,1,0,3105,29.95,Random Forest,RF_2025_V1
237,2025-01-01,2025,Operations,Operations Manager,2,38,21,6,238,True,4,2,1,21063000,13,0,True,1,0.46114126710449826,46.11,1,0.16908819344089202,Cao,3,1,8,99.84,Random Forest,RF_2025_V1
238,2025-01-01,2025,Human Resources,HR Manager,2,43,16,4,207,False,3,3,2,21551000,15,15,False,0,0.15216808919142646,15.22,0,0.16908819344089202,Trung bình,2,0,1747,60.6,Random Forest,RF_2025_V1
241,2025-01-01,2025,Finance,Internal Auditor,2,54,2,2,217,True,3,3,1,22282000,2,2,False,0,0.19056315413122352,19.06,1,0.16908819344089202,Cao,3,1,1222,72.44,Random Forest,RF_2025_V1
244,2025-01-01,2025,Marketing,Marketing Executive,4,49,22,5,231,True,4,3,4,42329000,10,1,False,1,0.223217482824377,22.32,1,0.16908819344089202,Cao,3,1,885,80.05,Random Forest,RF_2025_V1
245,2025-01-01,2025,Finance,Finance Manager,3,46,5,3,181,False,4,2,3,29454000,13,2,False,0,0.11407827367278443,11.41,0,0.16908819344089202,Trung bình,2,0,2622,40.85,Random Forest,RF_2025_V1
249,2025-01-01,2025,Marketing,Marketing Executive,1,46,21,2,162,False,2,3,3,9324000,1,1,False,0,0.06936691950730023,6.94,0,0.16908819344089202,Thấp,1,0,4017,9.37,Random Forest,RF_2025_V1
250,2025-01-01,2025,Marketing,Marketing Executive,2,38,34,3,221,True,3,4,2,23154000,4,4,False,1,0.30332589940726207,30.33,1,0.16908819344089202,Cao,3,1,321,92.78,Random Forest,RF_2025_V1
252,2025-01-01,2025,Information Technology,Data Analyst,2,55,25,4,222,False,3,4,1,21125000,4,4,False,0,0.17755245490980504,17.76,1,0.16908819344089202,Cao,3,1,1369,69.13,Random Forest,RF_2025_V1
253,2025-01-01,2025,Sales,Sales Representative,1,45,28,3,189,False,4,2,1,13963000,9,9,False,0,0.16944130276947345,16.94,1,0.16908819344089202,Cao,3,1,1484,66.53,Random Forest,RF_2025_V1
255,2025-01-01,2025,Sales,Sales Executive,2,50,9,2,185,True,4,4,2,17986000,8,5,False,1,0.2093215364853984,20.93,1,0.16908819344089202,Cao,3,1,1040,76.55,Random Forest,RF_2025_V1
257,2025-01-01,2025,Sales,Sales Executive,1,28,34,3,146,False,4,3,2,11899000,1,1,False,0,0.11505762607521601,11.51,0,0.16908819344089202,Trung bình,2,0,2593,41.5,Random Forest,RF_2025_V1
259,2025-01-01,2025,Sales,Sales Representative,2,27,27,4,176,True,4,2,4,17618000,4,1,False,0,0.19852781604644926,19.85,1,0.16908819344089202,Cao,3,1,1149,74.09,Random Forest,RF_2025_V1
262,2025-01-01,2025,Operations,Operations Manager,2,31,13,2,163,False,5,3,2,14543000,1,0,True,1,0.11277935746418237,11.28,0,0.16908819344089202,Trung bình,2,0,2664,39.9,Random Forest,RF_2025_V1
268,2025-01-01,2025,Information Technology,QA Engineer,2,34,31,3,167,False,4,2,3,15646000,6,0,True,0,0.13510100397086583,13.51,0,0.16908819344089202,Trung bình,2,0,2108,52.45,Random Forest,RF_2025_V1
272,2025-01-01,2025,Sales,Account Manager,3,47,9,2,159,False,4,2,2,48170000,15,15,False,0,0.20906166152386282,20.91,1,0.16908819344089202,Cao,3,1,1046,76.42,Random Forest,RF_2025_V1
273,2025-01-01,2025,Human Resources,Recruiter,3,34,26,3,186,False,3,1,4,26398000,4,1,False,0,0.10629081353003894,10.63,0,0.16908819344089202,Trung bình,2,0,2860,35.48,Random Forest,RF_2025_V1
275,2025-01-01,2025,Information Technology,IT Support,2,27,2,1,171,False,3,3,4,18682000,2,2,False,0,0.05907446734866055,5.91,0,0.16908819344089202,Thấp,1,0,4320,2.53,Random Forest,RF_2025_V1
277,2025-01-01,2025,Operations,Operations Manager,4,47,11,3,177,False,1,2,1,41165000,10,1,False,0,0.16499180206834574,16.5,0,0.16908819344089202,Trung bình,2,0,1542,65.22,Random Forest,RF_2025_V1
278,2025-01-01,2025,Marketing,Marketing Manager,2,36,8,5,191,False,4,3,3,29675000,8,8,False,0,0.0648030884822687,6.48,0,0.16908819344089202,Thấp,1,0,4157,6.21,Random Forest,RF_2025_V1
282,2025-01-01,2025,Marketing,Marketing Manager,1,25,5,1,166,False,4,3,2,10661000,1,1,False,0,0.11311551205685962,11.31,0,0.16908819344089202,Trung bình,2,0,2655,40.1,Random Forest,RF_2025_V1
284,2025-01-01,2025,Finance,Finance Manager,2,42,13,3,193,False,4,2,4,27376000,13,13,False,0,0.13618763853681537,13.62,0,0.16908819344089202,Trung bình,2,0,2082,53.04,Random Forest,RF_2025_V1
285,2025-01-01,2025,Finance,Financial Analyst,4,35,21,2,216,True,3,1,4,60336000,5,5,False,0,0.24443431778074076,24.44,1,0.16908819344089202,Cao,3,1,706,84.09,Random Forest,RF_2025_V1
286,2025-01-01,2025,Sales,Account Manager,2,40,40,4,189,False,3,4,4,24435000,8,8,False,0,0.0728043681517763,7.28,0,0.16908819344089202,Thấp,1,0,3905,11.89,Random Forest,RF_2025_V1
288,2025-01-01,2025,Sales,Sales Executive,1,51,34,4,224,False,4,3,3,11554000,2,2,False,0,0.1001351659916605,10.01,0,0.16908819344089202,Thấp,1,0,2996,32.41,Random Forest,RF_2025_V1
289,2025-01-01,2025,Human Resources,Recruiter,2,27,1,3,188,False,3,2,4,18920000,4,4,False,0,0.13507550797655113,13.51,0,0.16908819344089202,Trung bình,2,0,2111,52.38,Random Forest,RF_2025_V1
290,2025-01-01,2025,Information Technology,QA Engineer,1,43,32,3,224,True,4,2,3,9616000,2,2,False,1,0.3064739164792241,30.65,1,0.16908819344089202,Cao,3,1,305,93.14,Random Forest,RF_2025_V1
296,2025-01-01,2025,Finance,Financial Analyst,1,48,16,3,182,False,2,4,4,10193000,1,1,False,0,0.07011689847738914,7.01,0,0.16908819344089202,Thấp,1,0,3992,9.93,Random Forest,RF_2025_V1
298,2025-01-01,2025,Human Resources,HR Manager,2,39,12,4,215,False,4,2,1,16618000,9,3,False,0,0.16214916202685803,16.21,0,0.16908819344089202,Trung bình,2,0,1582,64.32,Random Forest,RF_2025_V1
299,2025-01-01,2025,Marketing,Marketing Manager,3,25,36,4,169,False,4,4,1,24425000,2,2,False,0,0.08269670050434927,8.27,0,0.16908819344089202,Thấp,1,0,3497,21.1,Random Forest,RF_2025_V1
302,2025-01-01,2025,Operations,Operations Manager,1,34,27,1,218,True,3,1,4,12746000,5,5,False,1,0.2634385859695797,26.34,1,0.16908819344089202,Cao,3,1,553,87.54,Random Forest,RF_2025_V1
304,2025-01-01,2025,Information Technology,Data Analyst,1,44,37,1,209,False,5,4,3,10820000,15,15,False,0,0.10283191232333226,10.28,0,0.16908819344089202,Trung bình,2,0,2923,34.06,Random Forest,RF_2025_V1
309,2025-01-01,2025,Operations,Operations Executive,2,35,9,2,188,True,3,2,1,14173000,2,2,False,1,0.25496135523549834,25.5,1,0.16908819344089202,Cao,3,1,608,86.3,Random Forest,RF_2025_V1
310,2025-01-01,2025,Marketing,Content Specialist,2,51,5,1,194,True,2,2,3,19510000,1,1,False,0,0.22601506476796904,22.6,1,0.16908819344089202,Cao,3,1,859,80.64,Random Forest,RF_2025_V1
311,2025-01-01,2025,Marketing,Marketing Manager,1,40,1,1,198,True,5,3,3,17073000,10,10,False,0,0.16189438928743893,16.19,0,0.16908819344089202,Trung bình,2,0,1589,64.16,Random Forest,RF_2025_V1
314,2025-01-01,2025,Human Resources,Recruiter,4,39,1,5,204,False,4,4,1,38364000,3,2,False,0,0.09369808929203266,9.37,0,0.16908819344089202,Thấp,1,0,3145,29.05,Random Forest,RF_2025_V1
321,2025-01-01,2025,Information Technology,System Administrator,1,46,14,4,182,False,4,2,4,12792000,3,3,False,0,0.08618463156487909,8.62,0,0.16908819344089202,Thấp,1,0,3384,23.65,Random Forest,RF_2025_V1
323,2025-01-01,2025,Operations,Warehouse Supervisor,2,47,22,8,244,False,4,1,4,19004000,1,1,False,0,0.23098314764389546,23.1,1,0.16908819344089202,Cao,3,1,822,81.47,Random Forest,RF_2025_V1
330,2025-01-01,2025,Information Technology,System Administrator,1,32,8,1,178,True,4,3,3,7445000,1,1,False,0,0.13017467043204636,13.02,0,0.16908819344089202,Trung bình,2,0,2240,49.47,Random Forest,RF_2025_V1
331,2025-01-01,2025,Marketing,Marketing Executive,3,51,31,5,219,True,4,3,4,31720000,5,5,False,0,0.19676752256936805,19.68,1,0.16908819344089202,Cao,3,1,1168,73.66,Random Forest,RF_2025_V1
332,2025-01-01,2025,Operations,Operations Manager,5,40,34,6,210,False,4,4,4,101368000,10,0,True,0,0.0950090081693984,9.5,0,0.16908819344089202,Thấp,1,0,3113,29.77,Random Forest,RF_2025_V1
335,2025-01-01,2025,Information Technology,Data Analyst,3,30,16,2,154,False,3,3,2,28514000,3,3,False,0,0.08896026812791043,8.9,0,0.16908819344089202,Thấp,1,0,3294,25.68,Random Forest,RF_2025_V1
338,2025-01-01,2025,Marketing,Marketing Manager,3,34,34,4,192,True,4,4,4,32414000,2,2,False,0,0.10764948028669936,10.76,0,0.16908819344089202,Trung bình,2,0,2822,36.33,Random Forest,RF_2025_V1
339,2025-01-01,2025,Finance,Finance Manager,2,55,30,4,209,False,2,1,2,17405000,1,1,False,0,0.1589174391034279,15.89,0,0.16908819344089202,Trung bình,2,0,1640,63.01,Random Forest,RF_2025_V1
341,2025-01-01,2025,Information Technology,Data Analyst,2,55,19,2,173,False,2,3,4,17686000,8,4,False,0,0.08122130601275906,8.12,0,0.16908819344089202,Thấp,1,0,3561,19.66,Random Forest,RF_2025_V1
346,2025-01-01,2025,Sales,Sales Supervisor,4,54,12,6,245,True,3,3,3,43465000,1,1,False,0,0.23256234108070586,23.26,1,0.16908819344089202,Cao,3,1,806,81.83,Random Forest,RF_2025_V1
347,2025-01-01,2025,Marketing,Digital Marketing Specialist,2,41,30,1,170,False,5,4,3,23711000,4,4,False,0,0.062247816324124856,6.22,0,0.16908819344089202,Thấp,1,0,4238,4.38,Random Forest,RF_2025_V1
351,2025-01-01,2025,Finance,Financial Analyst,1,52,38,6,238,True,3,3,1,12840000,3,3,False,0,0.30739967373067556,30.74,1,0.16908819344089202,Cao,3,1,302,93.21,Random Forest,RF_2025_V1
353,2025-01-01,2025,Sales,Sales Executive,1,50,17,2,163,False,3,3,3,9922000,4,4,False,0,0.07098084964153868,7.1,0,0.16908819344089202,Thấp,1,0,3967,10.49,Random Forest,RF_2025_V1
354,2025-01-01,2025,Sales,Sales Representative,4,32,34,3,198,True,3,4,4,36710000,1,1,False,0,0.12606919750127377,12.61,0,0.16908819344089202,Trung bình,2,0,2315,47.78,Random Forest,RF_2025_V1
356,2025-01-01,2025,Information Technology,Data Analyst,2,25,1,5,179,False,3,4,2,25328000,5,5,False,0,0.12493808316644434,12.49,0,0.16908819344089202,Trung bình,2,0,2339,47.24,Random Forest,RF_2025_V1
365,2025-01-01,2025,Information Technology,Software Engineer,1,31,38,4,155,False,4,1,4,8990000,1,1,False,0,0.10115434669907356,10.12,0,0.16908819344089202,Trung bình,2,0,2970,32.99,Random Forest,RF_2025_V1
366,2025-01-01,2025,Operations,Operations Executive,1,38,5,2,188,False,3,1,3,12581000,2,2,False,0,0.09801566321140334,9.8,0,0.16908819344089202,Thấp,1,0,3049,31.21,Random Forest,RF_2025_V1
367,2025-01-01,2025,Marketing,Content Specialist,2,30,31,5,241,True,5,3,2,13281000,1,1,False,0,0.24523339794824936,24.52,1,0.16908819344089202,Cao,3,1,697,84.29,Random Forest,RF_2025_V1
368,2025-01-01,2025,Operations,Warehouse Supervisor,2,35,32,3,185,False,2,2,4,22004000,4,4,False,0,0.1406190418038509,14.06,0,0.16908819344089202,Trung bình,2,0,1966,55.65,Random Forest,RF_2025_V1
371,2025-01-01,2025,Marketing,Content Specialist,2,39,16,3,201,False,3,4,2,22136000,8,8,False,0,0.10371378765353041,10.37,0,0.16908819344089202,Trung bình,2,0,2905,34.46,Random Forest,RF_2025_V1
372,2025-01-01,2025,Finance,Financial Analyst,5,37,14,2,203,True,3,4,3,73426000,13,5,False,0,0.17212612904015798,17.21,1,0.16908819344089202,Cao,3,1,1451,67.28,Random Forest,RF_2025_V1
374,2025-01-01,2025,Sales,Sales Representative,1,37,19,1,174,False,5,2,1,13543000,6,6,False,0,0.16920573303252737,16.92,1,0.16908819344089202,Cao,3,1,1489,66.42,Random Forest,RF_2025_V1
378,2025-01-01,2025,Human Resources,HR Executive,5,54,28,5,195,False,3,3,3,65904000,13,2,False,0,0.07686623513684748,7.69,0,0.16908819344089202,Thấp,1,0,3752,15.35,Random Forest,RF_2025_V1
379,2025-01-01,2025,Finance,Internal Auditor,2,34,35,3,161,False,3,3,4,19328000,12,1,False,0,0.06373020838162781,6.37,0,0.16908819344089202,Thấp,1,0,4195,5.35,Random Forest,RF_2025_V1
380,2025-01-01,2025,Finance,Financial Analyst,3,28,21,7,217,False,4,2,3,25653000,2,2,False,0,0.15313313816430163,15.31,0,0.16908819344089202,Trung bình,2,0,1733,60.91,Random Forest,RF_2025_V1
384,2025-01-01,2025,Human Resources,Recruiter,1,31,40,2,196,True,4,2,2,10299000,1,1,False,0,0.24088693283853282,24.09,1,0.16908819344089202,Cao,3,1,728,83.59,Random Forest,RF_2025_V1
385,2025-01-01,2025,Operations,Warehouse Supervisor,2,49,27,3,205,True,3,4,3,16965000,14,5,False,0,0.1830905187664161,18.31,1,0.16908819344089202,Cao,3,1,1302,70.64,Random Forest,RF_2025_V1
387,2025-01-01,2025,Operations,Warehouse Supervisor,3,44,14,3,177,False,3,3,4,27113000,2,2,False,0,0.06501643297299843,6.5,0,0.16908819344089202,Thấp,1,0,4148,6.41,Random Forest,RF_2025_V1
388,2025-01-01,2025,Human Resources,HR Manager,2,50,24,5,205,False,3,4,3,17535000,3,3,False,0,0.0635146148740233,6.35,0,0.16908819344089202,Thấp,1,0,4198,5.28,Random Forest,RF_2025_V1
389,2025-01-01,2025,Marketing,Content Specialist,2,51,11,2,216,True,3,3,3,28689000,6,6,False,0,0.15182236109102162,15.18,0,0.16908819344089202,Trung bình,2,0,1755,60.42,Random Forest,RF_2025_V1
391,2025-01-01,2025,Information Technology,IT Support,4,26,21,3,230,False,3,4,1,44246000,3,0,True,0,0.17964599931484915,17.96,1,0.16908819344089202,Cao,3,1,1340,69.78,Random Forest,RF_2025_V1
394,2025-01-01,2025,Finance,Financial Analyst,3,30,1,5,230,True,2,4,4,37654000,2,2,False,0,0.2213258930263566,22.13,1,0.16908819344089202,Cao,3,1,901,79.69,Random Forest,RF_2025_V1
395,2025-01-01,2025,Human Resources,Recruiter,2,41,36,3,242,True,3,1,2,20137000,14,6,False,1,0.41782704419639743,41.78,1,0.16908819344089202,Cao,3,1,29,99.37,Random Forest,RF_2025_V1
402,2025-01-01,2025,Sales,Sales Representative,3,40,21,2,188,False,4,4,3,51061000,6,6,False,0,0.07926063005603569,7.93,0,0.16908819344089202,Thấp,1,0,3652,17.6,Random Forest,RF_2025_V1
405,2025-01-01,2025,Information Technology,Software Engineer,5,50,19,2,229,True,4,4,3,67400000,11,2,False,0,0.1982127027932677,19.82,1,0.16908819344089202,Cao,3,1,1154,73.98,Random Forest,RF_2025_V1
406,2025-01-01,2025,Human Resources,C&B Specialist,2,26,8,1,145,True,4,2,3,19568000,5,5,False,0,0.24719073443044653,24.72,1,0.16908819344089202,Cao,3,1,686,84.54,Random Forest,RF_2025_V1
408,2025-01-01,2025,Operations,Operations Manager,1,34,4,2,182,False,4,3,3,11089000,1,1,False,0,0.08668920498460432,8.67,0,0.16908819344089202,Thấp,1,0,3368,24.01,Random Forest,RF_2025_V1
411,2025-01-01,2025,Human Resources,HR Manager,4,44,35,4,205,False,4,2,2,38708000,1,1,False,0,0.15730951563153925,15.73,0,0.16908819344089202,Trung bình,2,0,1664,62.47,Random Forest,RF_2025_V1
413,2025-01-01,2025,Human Resources,HR Manager,2,26,6,4,177,False,1,3,2,18596000,1,1,False,0,0.10010754398284986,10.01,0,0.16908819344089202,Thấp,1,0,2998,32.36,Random Forest,RF_2025_V1
414,2025-01-01,2025,Sales,Sales Executive,1,47,21,5,230,True,5,4,3,14499000,10,10,False,0,0.25347459160645086,25.35,1,0.16908819344089202,Cao,3,1,627,85.87,Random Forest,RF_2025_V1
418,2025-01-01,2025,Information Technology,Software Engineer,2,26,15,5,178,False,3,1,3,26902000,4,4,False,0,0.14765413500749328,14.77,0,0.16908819344089202,Trung bình,2,0,1835,58.61,Random Forest,RF_2025_V1
419,2025-01-01,2025,Finance,Internal Auditor,2,25,34,6,230,False,2,3,2,23369000,5,5,False,0,0.21238745228029068,21.24,1,0.16908819344089202,Cao,3,1,1007,77.3,Random Forest,RF_2025_V1
423,2025-01-01,2025,Finance,Internal Auditor,2,27,16,3,175,False,4,2,3,20675000,1,1,False,0,0.11406124972006244,11.41,0,0.16908819344089202,Trung bình,2,0,2623,40.83,Random Forest,RF_2025_V1
424,2025-01-01,2025,Marketing,Marketing Executive,1,43,29,5,186,False,2,4,3,7900000,1,1,False,0,0.07188351725704191,7.19,0,0.16908819344089202,Thấp,1,0,3933,11.26,Random Forest,RF_2025_V1
431,2025-01-01,2025,Finance,Financial Analyst,3,39,22,4,207,False,4,3,4,26732000,1,1,False,0,0.0818145316471408,8.18,0,0.16908819344089202,Thấp,1,0,3535,20.24,Random Forest,RF_2025_V1
433,2025-01-01,2025,Sales,Sales Supervisor,2,33,26,3,179,False,4,1,3,16171000,1,1,False,0,0.10916254674632027,10.92,0,0.16908819344089202,Trung bình,2,0,2774,37.42,Random Forest,RF_2025_V1
434,2025-01-01,2025,Human Resources,Recruiter,3,52,35,4,227,True,5,3,4,39296000,3,3,False,0,0.19549523931769286,19.55,1,0.16908819344089202,Cao,3,1,1177,73.46,Random Forest,RF_2025_V1
435,2025-01-01,2025,Finance,Internal Auditor,3,33,11,3,201,False,2,3,2,24919000,10,1,False,0,0.09513818528377588,9.51,0,0.16908819344089202,Thấp,1,0,3111,29.81,Random Forest,RF_2025_V1
436,2025-01-01,2025,Sales,Account Manager,1,25,18,6,228,True,4,3,2,14903000,4,4,False,0,0.3376087776258504,33.76,1,0.16908819344089202,Cao,3,1,193,95.67,Random Forest,RF_2025_V1
437,2025-01-01,2025,Finance,Accountant,4,30,20,1,219,True,4,1,4,71215000,8,0,True,0,0.2235472852766809,22.35,1,0.16908819344089202,Cao,3,1,880,80.16,Random Forest,RF_2025_V1
438,2025-01-01,2025,Marketing,Digital Marketing Specialist,1,52,8,4,189,False,3,2,4,17264000,9,9,False,0,0.13317198416502002,13.32,0,0.16908819344089202,Trung bình,2,0,2158,51.32,Random Forest,RF_2025_V1
444,2025-01-01,2025,Human Resources,C&B Specialist,2,40,19,4,214,True,4,1,4,18641000,3,3,False,0,0.21570080329178717,21.57,1,0.16908819344089202,Cao,3,1,966,78.22,Random Forest,RF_2025_V1
447,2025-01-01,2025,Marketing,Marketing Manager,2,39,37,3,171,False,4,4,1,22041000,9,9,False,0,0.11179833862778833,11.18,0,0.16908819344089202,Trung bình,2,0,2695,39.2,Random Forest,RF_2025_V1
448,2025-01-01,2025,Marketing,Digital Marketing Specialist,1,48,19,3,224,True,5,2,2,9168000,1,1,False,0,0.3468912982601399,34.69,1,0.16908819344089202,Cao,3,1,165,96.3,Random Forest,RF_2025_V1
450,2025-01-01,2025,Marketing,Content Specialist,4,50,12,6,215,False,4,4,3,35000000,13,0,True,0,0.09518670521196211,9.52,0,0.16908819344089202,Thấp,1,0,3110,29.84,Random Forest,RF_2025_V1
451,2025-01-01,2025,Marketing,Content Specialist,4,42,25,3,221,True,3,2,3,42231000,14,3,False,1,0.26507921367093007,26.51,1,0.16908819344089202,Cao,3,1,533,87.99,Random Forest,RF_2025_V1
454,2025-01-01,2025,Information Technology,QA Engineer,1,34,17,4,221,True,5,4,2,11265000,2,2,False,0,0.24983670521165374,24.98,1,0.16908819344089202,Cao,3,1,657,85.2,Random Forest,RF_2025_V1
459,2025-01-01,2025,Information Technology,IT Support,1,25,11,2,191,False,4,1,2,16521000,5,5,False,0,0.18856256593184761,18.86,1,0.16908819344089202,Cao,3,1,1242,71.99,Random Forest,RF_2025_V1
460,2025-01-01,2025,Marketing,Digital Marketing Specialist,2,38,9,3,212,True,4,3,3,20946000,9,9,False,0,0.16673925286008193,16.67,0,0.16908819344089202,Trung bình,2,0,1518,65.76,Random Forest,RF_2025_V1
464,2025-01-01,2025,Information Technology,Software Engineer,3,51,31,6,210,False,3,4,1,45986000,5,5,False,0,0.1297259262036555,12.97,0,0.16908819344089202,Trung bình,2,0,2250,49.24,Random Forest,RF_2025_V1
467,2025-01-01,2025,Finance,Financial Analyst,1,44,32,5,209,True,3,4,4,15755000,9,9,False,0,0.18721642834798172,18.72,1,0.16908819344089202,Cao,3,1,1254,71.72,Random Forest,RF_2025_V1
469,2025-01-01,2025,Sales,Sales Supervisor,1,55,23,3,236,True,3,4,2,15617000,12,12,False,0,0.3420078303211748,34.2,1,0.16908819344089202,Cao,3,1,179,95.98,Random Forest,RF_2025_V1
477,2025-01-01,2025,Sales,Sales Representative,1,55,29,4,171,False,4,4,1,8906000,3,3,False,0,0.0742875262444378,7.43,0,0.16908819344089202,Thấp,1,0,3849,13.16,Random Forest,RF_2025_V1
479,2025-01-01,2025,Information Technology,QA Engineer,1,46,4,4,187,False,3,4,2,11042000,6,6,False,0,0.12430765590039336,12.43,0,0.16908819344089202,Trung bình,2,0,2352,46.94,Random Forest,RF_2025_V1
480,2025-01-01,2025,Information Technology,QA Engineer,1,32,20,7,180,False,5,2,4,10248000,1,1,False,0,0.1655764562874708,16.56,0,0.16908819344089202,Trung bình,2,0,1536,65.36,Random Forest,RF_2025_V1
481,2025-01-01,2025,Human Resources,HR Executive,2,39,24,6,228,True,4,4,3,17343000,1,1,False,0,0.3006346412167135,30.06,1,0.16908819344089202,Cao,3,1,329,92.6,Random Forest,RF_2025_V1
482,2025-01-01,2025,Human Resources,Recruiter,1,46,4,6,226,True,3,4,2,11788000,6,6,False,1,0.3575980758219716,35.76,1,0.16908819344089202,Cao,3,1,137,96.93,Random Forest,RF_2025_V1
483,2025-01-01,2025,Information Technology,Software Engineer,2,39,13,7,252,True,5,3,1,15646000,13,3,False,0,0.3576572417079942,35.77,1,0.16908819344089202,Cao,3,1,136,96.95,Random Forest,RF_2025_V1
488,2025-01-01,2025,Operations,Operations Executive,3,27,7,8,191,False,3,2,3,28144000,6,5,False,0,0.1730632333974593,17.31,1,0.16908819344089202,Cao,3,1,1438,67.57,Random Forest,RF_2025_V1
489,2025-01-01,2025,Information Technology,Software Engineer,2,41,19,2,179,False,4,2,3,12675000,2,0,True,0,0.10874197050820525,10.87,0,0.16908819344089202,Trung bình,2,0,2785,37.17,Random Forest,RF_2025_V1
490,2025-01-01,2025,Finance,Internal Auditor,3,54,5,2,137,False,3,2,1,35722000,4,4,False,0,0.19509456289627072,19.51,1,0.16908819344089202,Cao,3,1,1180,73.39,Random Forest,RF_2025_V1
491,2025-01-01,2025,Human Resources,HR Manager,1,55,32,3,190,False,3,3,2,9444000,2,2,False,0,0.07439063423207004,7.44,0,0.16908819344089202,Thấp,1,0,3844,13.27,Random Forest,RF_2025_V1
492,2025-01-01,2025,Human Resources,Recruiter,1,48,28,5,231,True,3,4,1,12499000,4,4,False,1,0.3145607324597792,31.46,1,0.16908819344089202,Cao,3,1,276,93.79,Random Forest,RF_2025_V1
494,2025-01-01,2025,Operations,Operations Manager,3,25,9,4,209,True,3,4,3,25429000,3,1,False,0,0.14530977435014392,14.53,0,0.16908819344089202,Trung bình,2,0,1873,57.75,Random Forest,RF_2025_V1
495,2025-01-01,2025,Operations,Warehouse Supervisor,3,41,23,2,203,True,3,1,2,27371000,15,0,True,0,0.2860428495500963,28.6,1,0.16908819344089202,Cao,3,1,389,91.24,Random Forest,RF_2025_V1
497,2025-01-01,2025,Sales,Sales Representative,1,52,32,4,231,True,1,4,1,10856000,4,4,False,0,0.29819205091078727,29.82,1,0.16908819344089202,Cao,3,1,340,92.35,Random Forest,RF_2025_V1
499,2025-01-01,2025,Information Technology,Data Analyst,3,53,39,1,174,True,2,2,1,50012000,13,13,False,0,0.31002684763756555,31.0,1,0.16908819344089202,Cao,3,1,295,93.36,Random Forest,RF_2025_V1
501,2025-01-01,2025,Sales,Sales Representative,3,29,28,1,216,True,4,3,3,29508000,6,1,False,0,0.13728230508433217,13.73,0,0.16908819344089202,Trung bình,2,0,2053,53.69,Random Forest,RF_2025_V1
505,2025-01-01,2025,Finance,Accountant,1,46,7,2,214,True,4,4,1,11400000,4,4,False,0,0.22261773650943192,22.26,1,0.16908819344089202,Cao,3,1,896,79.8,Random Forest,RF_2025_V1
508,2025-01-01,2025,Operations,Procurement Specialist,4,38,27,3,181,False,2,1,3,35467000,3,0,True,0,0.11137137878260214,11.14,0,0.16908819344089202,Trung bình,2,0,2708,38.91,Random Forest,RF_2025_V1
515,2025-01-01,2025,Operations,Operations Executive,2,42,25,4,178,False,5,2,2,20815000,1,1,False,1,0.17101244696929702,17.1,1,0.16908819344089202,Cao,3,1,1465,66.96,Random Forest,RF_2025_V1
518,2025-01-01,2025,Information Technology,Data Analyst,2,43,29,3,176,False,4,1,4,20742000,2,2,False,0,0.09103886893813458,9.1,0,0.16908819344089202,Thấp,1,0,3231,27.1,Random Forest,RF_2025_V1
527,2025-01-01,2025,Human Resources,HR Manager,3,28,1,3,204,True,3,3,1,52817000,6,6,False,0,0.20976264884528517,20.98,1,0.16908819344089202,Cao,3,1,1036,76.64,Random Forest,RF_2025_V1
529,2025-01-01,2025,Human Resources,HR Manager,5,50,19,3,234,True,3,3,4,87371000,6,4,False,1,0.21733620679812404,21.73,1,0.16908819344089202,Cao,3,1,946,78.67,Random Forest,RF_2025_V1
530,2025-01-01,2025,Operations,Operations Executive,2,36,18,4,204,True,3,3,3,21599000,1,1,False,0,0.14204141389401265,14.2,0,0.16908819344089202,Trung bình,2,0,1936,56.33,Random Forest,RF_2025_V1
532,2025-01-01,2025,Human Resources,C&B Specialist,3,55,34,4,212,False,4,1,1,23154000,13,2,False,0,0.15665382407867123,15.67,0,0.16908819344089202,Trung bình,2,0,1673,62.27,Random Forest,RF_2025_V1
533,2025-01-01,2025,Marketing,Digital Marketing Specialist,1,50,40,3,201,False,4,1,2,13077000,2,2,False,0,0.12009626305487124,12.01,0,0.16908819344089202,Trung bình,2,0,2470,44.28,Random Forest,RF_2025_V1
542,2025-01-01,2025,Human Resources,Recruiter,3,32,5,6,198,False,4,4,4,37606000,3,3,False,0,0.08077093474688186,8.08,0,0.16908819344089202,Thấp,1,0,3582,19.18,Random Forest,RF_2025_V1
543,2025-01-01,2025,Marketing,Digital Marketing Specialist,4,51,12,5,222,False,4,2,4,47049000,1,1,False,0,0.21001303576074748,21.0,1,0.16908819344089202,Cao,3,1,1031,76.75,Random Forest,RF_2025_V1
547,2025-01-01,2025,Operations,Procurement Specialist,3,37,39,1,157,False,3,4,2,35143000,3,3,False,0,0.0744117536807965,7.44,0,0.16908819344089202,Thấp,1,0,3843,13.29,Random Forest,RF_2025_V1
549,2025-01-01,2025,Human Resources,HR Manager,3,34,24,4,258,True,4,3,3,33215000,7,4,False,0,0.23979177699956353,23.98,1,0.16908819344089202,Cao,3,1,736,83.41,Random Forest,RF_2025_V1
550,2025-01-01,2025,Human Resources,HR Manager,4,54,35,3,204,False,3,4,3,51777000,4,1,False,0,0.07805913132347818,7.81,0,0.16908819344089202,Thấp,1,0,3706,16.38,Random Forest,RF_2025_V1
552,2025-01-01,2025,Sales,Sales Supervisor,5,41,36,4,209,True,2,1,2,66571000,6,2,False,0,0.264376040193553,26.44,1,0.16908819344089202,Cao,3,1,542,87.79,Random Forest,RF_2025_V1
553,2025-01-01,2025,Marketing,Content Specialist,1,28,35,4,259,True,3,2,3,17192000,8,8,False,1,0.3442413669417878,34.42,1,0.16908819344089202,Cao,3,1,174,96.1,Random Forest,RF_2025_V1
555,2025-01-01,2025,Marketing,Marketing Executive,2,27,5,2,200,True,4,2,3,21019000,6,3,False,0,0.2083937261479142,20.84,1,0.16908819344089202,Cao,3,1,1049,76.35,Random Forest,RF_2025_V1
561,2025-01-01,2025,Operations,Procurement Specialist,2,28,9,4,177,False,4,4,2,18540000,6,1,False,0,0.09559841677621116,9.56,0,0.16908819344089202,Thấp,1,0,3095,30.17,Random Forest,RF_2025_V1
562,2025-01-01,2025,Marketing,Marketing Executive,1,44,11,8,261,True,2,3,4,11463000,2,2,False,1,0.2697934184902077,26.98,1,0.16908819344089202,Cao,3,1,499,88.76,Random Forest,RF_2025_V1
563,2025-01-01,2025,Marketing,Digital Marketing Specialist,3,51,19,3,187,True,3,4,3,22025000,3,2,False,0,0.12940886000906912,12.94,0,0.16908819344089202,Trung bình,2,0,2261,49.0,Random Forest,RF_2025_V1
564,2025-01-01,2025,Operations,Operations Executive,2,43,2,1,163,False,4,2,4,13612000,1,1,False,0,0.10858902973484627,10.86,0,0.16908819344089202,Trung bình,2,0,2789,37.08,Random Forest,RF_2025_V1
565,2025-01-01,2025,Operations,Warehouse Supervisor,5,52,26,2,240,True,3,4,4,64144000,11,1,False,0,0.21563477161577838,21.56,1,0.16908819344089202,Cao,3,1,968,78.18,Random Forest,RF_2025_V1
567,2025-01-01,2025,Human Resources,C&B Specialist,3,39,14,2,188,False,2,1,3,21967000,1,1,False,0,0.12421392112064507,12.42,0,0.16908819344089202,Trung bình,2,0,2355,46.87,Random Forest,RF_2025_V1
568,2025-01-01,2025,Operations,Procurement Specialist,4,30,2,5,203,False,4,4,3,59490000,9,2,False,0,0.0664961260429092,6.65,0,0.16908819344089202,Thấp,1,0,4104,7.4,Random Forest,RF_2025_V1
575,2025-01-01,2025,Human Resources,Recruiter,2,26,4,6,274,True,4,3,2,17925000,5,2,False,0,0.32034464822452285,32.03,1,0.16908819344089202,Cao,3,1,250,94.38,Random Forest,RF_2025_V1
583,2025-01-01,2025,Human Resources,Recruiter,5,50,32,5,223,True,4,3,4,87423000,11,5,False,0,0.24082255907853073,24.08,1,0.16908819344089202,Cao,3,1,729,83.57,Random Forest,RF_2025_V1
584,2025-01-01,2025,Finance,Accountant,1,33,9,1,191,False,3,2,4,14032000,3,3,False,0,0.09192376730395224,9.19,0,0.16908819344089202,Thấp,1,0,3200,27.8,Random Forest,RF_2025_V1
585,2025-01-01,2025,Finance,Internal Auditor,2,49,2,1,167,False,4,1,4,18690000,3,3,False,0,0.09671308398038926,9.67,0,0.16908819344089202,Thấp,1,0,3072,30.69,Random Forest,RF_2025_V1
586,2025-01-01,2025,Human Resources,HR Manager,1,52,34,7,217,True,2,4,2,10601000,1,1,False,1,0.22603525022084586,22.6,1,0.16908819344089202,Cao,3,1,858,80.66,Random Forest,RF_2025_V1
589,2025-01-01,2025,Human Resources,Recruiter,2,29,27,1,207,True,4,2,1,16315000,3,3,False,0,0.26336216522314476,26.34,1,0.16908819344089202,Cao,3,1,554,87.52,Random Forest,RF_2025_V1
590,2025-01-01,2025,Information Technology,Data Analyst,3,55,14,4,173,False,4,3,1,29991000,2,2,False,0,0.09081314934544871,9.08,0,0.16908819344089202,Thấp,1,0,3238,26.95,Random Forest,RF_2025_V1
591,2025-01-01,2025,Finance,Finance Manager,2,38,8,3,214,False,2,3,3,22820000,2,2,False,0,0.06900364217493626,6.9,0,0.16908819344089202,Thấp,1,0,4028,9.12,Random Forest,RF_2025_V1
593,2025-01-01,2025,Marketing,Content Specialist,3,51,30,7,223,True,4,3,2,31894000,9,2,False,0,0.2983633858082482,29.84,1,0.16908819344089202,Cao,3,1,338,92.39,Random Forest,RF_2025_V1
595,2025-01-01,2025,Human Resources,HR Manager,3,31,23,3,211,True,4,3,1,43193000,4,4,False,0,0.20128572797513639,20.13,1,0.16908819344089202,Cao,3,1,1125,74.63,Random Forest,RF_2025_V1
598,2025-01-01,2025,Information Technology,Data Analyst,2,47,36,2,186,False,1,3,4,24767000,11,11,False,0,0.08264684625348773,8.26,0,0.16908819344089202,Thấp,1,0,3501,21.01,Random Forest,RF_2025_V1
599,2025-01-01,2025,Operations,Operations Manager,2,27,13,3,175,False,4,3,4,15950000,3,0,True,0,0.07540490770628296,7.54,0,0.16908819344089202,Thấp,1,0,3804,14.17,Random Forest,RF_2025_V1
600,2025-01-01,2025,Finance,Internal Auditor,1,36,21,5,235,True,3,4,3,12613000,4,4,False,0,0.2830037194709184,28.3,1,0.16908819344089202,Cao,3,1,410,90.77,Random Forest,RF_2025_V1
602,2025-01-01,2025,Human Resources,HR Manager,2,28,11,1,207,False,4,2,1,18302000,7,4,False,0,0.19016383197919548,19.02,1,0.16908819344089202,Cao,3,1,1225,72.38,Random Forest,RF_2025_V1
607,2025-01-01,2025,Sales,Sales Executive,3,44,13,5,228,True,4,3,3,39524000,3,3,False,0,0.2013389905783872,20.13,1,0.16908819344089202,Cao,3,1,1124,74.66,Random Forest,RF_2025_V1
608,2025-01-01,2025,Human Resources,HR Executive,1,30,1,3,158,False,4,4,2,12514000,2,2,False,0,0.0826107915045056,8.26,0,0.16908819344089202,Thấp,1,0,3504,20.94,Random Forest,RF_2025_V1
610,2025-01-01,2025,Sales,Account Manager,1,38,17,8,199,False,4,3,4,9751000,4,4,False,0,0.10667306442957468,10.67,0,0.16908819344089202,Trung bình,2,0,2849,35.73,Random Forest,RF_2025_V1
611,2025-01-01,2025,Information Technology,QA Engineer,5,55,26,1,178,False,4,4,4,55000000,14,0,True,0,0.07430500681162372,7.43,0,0.16908819344089202,Thấp,1,0,3847,13.2,Random Forest,RF_2025_V1
612,2025-01-01,2025,Operations,Operations Executive,2,52,32,5,204,False,4,2,4,18868000,3,3,False,0,0.0956730695791576,9.57,0,0.16908819344089202,Thấp,1,0,3092,30.24,Random Forest,RF_2025_V1
613,2025-01-01,2025,Sales,Account Manager,5,36,22,8,197,False,3,4,3,68206000,5,1,False,0,0.09396289593932669,9.4,0,0.16908819344089202,Thấp,1,0,3138,29.2,Random Forest,RF_2025_V1
614,2025-01-01,2025,Operations,Operations Executive,2,33,27,2,154,True,4,4,1,16123000,12,1,False,0,0.1735628431184352,17.36,1,0.16908819344089202,Cao,3,1,1435,67.64,Random Forest,RF_2025_V1
615,2025-01-01,2025,Information Technology,IT Support,1,46,25,6,235,True,3,4,2,9733000,2,2,False,1,0.32821544962630933,32.82,1,0.16908819344089202,Cao,3,1,224,94.97,Random Forest,RF_2025_V1
616,2025-01-01,2025,Marketing,Content Specialist,3,37,39,6,249,True,4,2,4,36916000,11,11,False,0,0.3565356701393652,35.65,1,0.16908819344089202,Cao,3,1,141,96.84,Random Forest,RF_2025_V1
618,2025-01-01,2025,Human Resources,HR Manager,2,30,27,4,179,False,2,3,2,18503000,3,3,False,0,0.0775090769127618,7.75,0,0.16908819344089202,Thấp,1,0,3731,15.82,Random Forest,RF_2025_V1
619,2025-01-01,2025,Marketing,Content Specialist,4,53,29,2,165,True,4,2,3,63454000,8,1,False,0,0.18632085354093306,18.63,1,0.16908819344089202,Cao,3,1,1266,71.45,Random Forest,RF_2025_V1
622,2025-01-01,2025,Information Technology,IT Support,2,29,33,5,204,True,5,3,4,14061000,4,1,False,0,0.13703081563253156,13.7,0,0.16908819344089202,Trung bình,2,0,2061,53.51,Random Forest,RF_2025_V1
624,2025-01-01,2025,Operations,Warehouse Supervisor,3,30,35,1,174,False,5,4,3,24541000,2,2,False,0,0.06310857201941494,6.31,0,0.16908819344089202,Thấp,1,0,4212,4.97,Random Forest,RF_2025_V1
626,2025-01-01,2025,Finance,Accountant,4,37,3,2,179,False,4,1,1,41723000,12,2,False,0,0.14591413878864065,14.59,0,0.16908819344089202,Trung bình,2,0,1865,57.93,Random Forest,RF_2025_V1
631,2025-01-01,2025,Finance,Finance Manager,2,27,22,4,184,False,4,2,4,23060000,4,4,False,0,0.13166653142271745,13.17,0,0.16908819344089202,Trung bình,2,0,2204,50.28,Random Forest,RF_2025_V1
632,2025-01-01,2025,Information Technology,Data Analyst,2,31,22,2,200,False,4,4,3,16240000,2,2,False,0,0.065689273645913,6.57,0,0.16908819344089202,Thấp,1,0,4127,6.88,Random Forest,RF_2025_V1
633,2025-01-01,2025,Finance,Accountant,3,51,33,1,240,True,3,4,4,33956000,5,5,False,0,0.23403961067847442,23.4,1,0.16908819344089202,Cao,3,1,793,82.13,Random Forest,RF_2025_V1
636,2025-01-01,2025,Sales,Account Manager,2,35,18,2,182,False,2,1,4,18347000,5,4,False,0,0.14794923687782766,14.79,0,0.16908819344089202,Trung bình,2,0,1826,58.81,Random Forest,RF_2025_V1
637,2025-01-01,2025,Information Technology,IT Support,3,36,34,4,192,False,3,1,4,29855000,6,2,False,0,0.10384500398211657,10.38,0,0.16908819344089202,Trung bình,2,0,2903,34.51,Random Forest,RF_2025_V1
638,2025-01-01,2025,Finance,Accountant,1,37,40,2,181,False,4,4,3,10171000,1,1,False,0,0.06516233192619221,6.52,0,0.16908819344089202,Thấp,1,0,4143,6.52,Random Forest,RF_2025_V1
639,2025-01-01,2025,Human Resources,Recruiter,1,46,30,7,209,True,3,1,4,12214000,2,2,False,0,0.26803573959215377,26.8,1,0.16908819344089202,Cao,3,1,513,88.45,Random Forest,RF_2025_V1
641,2025-01-01,2025,Operations,Operations Manager,2,52,17,4,191,False,3,3,3,20508000,11,11,False,0,0.0906385954046212,9.06,0,0.16908819344089202,Thấp,1,0,3245,26.79,Random Forest,RF_2025_V1
642,2025-01-01,2025,Information Technology,Software Engineer,3,48,18,2,216,True,4,3,4,21324000,3,1,False,0,0.1339747437543142,13.4,0,0.16908819344089202,Trung bình,2,0,2133,51.88,Random Forest,RF_2025_V1
644,2025-01-01,2025,Finance,Accountant,3,45,32,1,180,True,4,3,3,35236000,2,2,False,0,0.11579338741481,11.58,0,0.16908819344089202,Trung bình,2,0,2572,41.98,Random Forest,RF_2025_V1
646,2025-01-01,2025,Finance,Financial Analyst,2,26,27,4,203,True,4,3,2,14831000,4,4,False,0,0.20775865231168403,20.78,1,0.16908819344089202,Cao,3,1,1059,76.12,Random Forest,RF_2025_V1
647,2025-01-01,2025,Marketing,Marketing Manager,3,30,20,5,185,False,2,4,4,20000000,1,0,True,0,0.07899394930212282,7.9,0,0.16908819344089202,Thấp,1,0,3668,17.24,Random Forest,RF_2025_V1
648,2025-01-01,2025,Operations,Warehouse Supervisor,3,35,11,8,262,True,3,3,3,27916000,1,1,False,1,0.28631378698831755,28.63,1,0.16908819344089202,Cao,3,1,387,91.29,Random Forest,RF_2025_V1
649,2025-01-01,2025,Sales,Sales Representative,2,31,29,3,213,False,4,1,2,14073000,3,1,False,1,0.15177001696109196,15.18,0,0.16908819344089202,Trung bình,2,0,1757,60.37,Random Forest,RF_2025_V1
650,2025-01-01,2025,Finance,Financial Analyst,1,26,1,2,207,True,3,2,4,15197000,6,6,False,0,0.28149694573873546,28.15,1,0.16908819344089202,Cao,3,1,417,90.61,Random Forest,RF_2025_V1
651,2025-01-01,2025,Operations,Procurement Specialist,2,42,31,2,198,False,3,4,3,15644000,2,0,True,1,0.07123179945437519,7.12,0,0.16908819344089202,Thấp,1,0,3954,10.79,Random Forest,RF_2025_V1
652,2025-01-01,2025,Sales,Sales Supervisor,1,32,9,3,234,True,3,2,2,14065000,3,3,False,0,0.3414455490224186,34.14,1,0.16908819344089202,Cao,3,1,183,95.89,Random Forest,RF_2025_V1
653,2025-01-01,2025,Sales,Sales Representative,1,54,2,4,190,False,4,3,2,12475000,3,3,False,0,0.08075158003576156,8.08,0,0.16908819344089202,Thấp,1,0,3583,19.16,Random Forest,RF_2025_V1
659,2025-01-01,2025,Sales,Sales Executive,3,53,22,4,224,True,5,2,4,45010000,11,11,False,0,0.36433077970308714,36.43,1,0.16908819344089202,Cao,3,1,122,97.27,Random Forest,RF_2025_V1
661,2025-01-01,2025,Human Resources,HR Manager,4,46,27,6,190,False,5,3,2,49540000,1,1,False,0,0.10377201635662374,10.38,0,0.16908819344089202,Trung bình,2,0,2904,34.48,Random Forest,RF_2025_V1
663,2025-01-01,2025,Human Resources,C&B Specialist,1,48,19,3,194,False,4,4,2,8532000,2,2,False,0,0.07762122620219995,7.76,0,0.16908819344089202,Thấp,1,0,3728,15.89,Random Forest,RF_2025_V1
664,2025-01-01,2025,Information Technology,Data Analyst,1,48,15,4,199,True,2,1,2,12231000,2,2,False,1,0.25995313515740326,26.0,1,0.16908819344089202,Cao,3,1,578,86.98,Random Forest,RF_2025_V1
666,2025-01-01,2025,Information Technology,Data Analyst,1,44,3,6,176,False,5,3,3,12789000,2,2,False,0,0.08440954643655649,8.44,0,0.16908819344089202,Thấp,1,0,3440,22.39,Random Forest,RF_2025_V1
670,2025-01-01,2025,Marketing,Digital Marketing Specialist,1,25,23,6,209,False,5,4,2,9771000,1,1,False,0,0.11424009139450259,11.42,0,0.16908819344089202,Trung bình,2,0,2619,40.92,Random Forest,RF_2025_V1
671,2025-01-01,2025,Human Resources,HR Manager,1,44,16,3,217,False,4,3,3,12805000,5,5,False,0,0.09537363294933014,9.54,0,0.16908819344089202,Thấp,1,0,3103,29.99,Random Forest,RF_2025_V1
673,2025-01-01,2025,Operations,Warehouse Supervisor,1,55,37,2,172,False,2,4,2,18494000,8,8,False,0,0.12234944274379361,12.23,0,0.16908819344089202,Trung bình,2,0,2402,45.81,Random Forest,RF_2025_V1
675,2025-01-01,2025,Operations,Warehouse Supervisor,2,26,38,4,162,False,3,3,2,13903000,2,1,False,0,0.10386258698196539,10.39,0,0.16908819344089202,Trung bình,2,0,2902,34.53,Random Forest,RF_2025_V1
676,2025-01-01,2025,Finance,Finance Manager,2,48,34,4,218,True,5,3,3,17419000,11,6,False,0,0.17124515610192062,17.12,1,0.16908819344089202,Cao,3,1,1458,67.12,Random Forest,RF_2025_V1
680,2025-01-01,2025,Human Resources,C&B Specialist,3,46,29,3,188,False,3,2,2,44947000,11,11,False,0,0.1895918005769129,18.96,1,0.16908819344089202,Cao,3,1,1234,72.17,Random Forest,RF_2025_V1
683,2025-01-01,2025,Human Resources,HR Executive,1,49,15,1,167,False,4,4,2,11986000,7,7,False,0,0.1090574634627622,10.91,0,0.16908819344089202,Trung bình,2,0,2776,37.37,Random Forest,RF_2025_V1
684,2025-01-01,2025,Sales,Sales Supervisor,3,30,30,4,188,True,3,3,4,29126000,3,3,False,0,0.12229652849704756,12.23,0,0.16908819344089202,Trung bình,2,0,2403,45.79,Random Forest,RF_2025_V1
685,2025-01-01,2025,Operations,Procurement Specialist,2,29,4,4,175,False,3,3,4,22845000,4,4,False,0,0.0813036569951207,8.13,0,0.16908819344089202,Thấp,1,0,3557,19.75,Random Forest,RF_2025_V1
691,2025-01-01,2025,Marketing,Marketing Executive,1,46,32,3,185,True,2,4,3,9569000,3,3,False,0,0.11124630312189855,11.12,0,0.16908819344089202,Trung bình,2,0,2715,38.75,Random Forest,RF_2025_V1
692,2025-01-01,2025,Human Resources,C&B Specialist,2,40,7,5,219,False,3,2,2,20082000,9,9,False,0,0.21413428564540127,21.41,1,0.16908819344089202,Cao,3,1,983,77.84,Random Forest,RF_2025_V1
693,2025-01-01,2025,Sales,Sales Supervisor,2,52,25,6,223,False,4,1,4,21176000,3,3,False,0,0.17771573156755402,17.77,1,0.16908819344089202,Cao,3,1,1363,69.26,Random Forest,RF_2025_V1
694,2025-01-01,2025,Marketing,Marketing Manager,3,39,35,3,197,False,4,2,1,32827000,10,6,False,0,0.18386753379326456,18.39,1,0.16908819344089202,Cao,3,1,1292,70.86,Random Forest,RF_2025_V1
696,2025-01-01,2025,Finance,Finance Manager,1,47,37,4,167,False,5,3,1,16080000,14,14,False,0,0.14004094133295467,14.0,0,0.16908819344089202,Trung bình,2,0,1974,55.47,Random Forest,RF_2025_V1
701,2025-01-01,2025,Finance,Financial Analyst,2,34,15,3,206,False,3,3,1,32478000,10,10,False,0,0.12191066402024452,12.19,0,0.16908819344089202,Trung bình,2,0,2414,45.54,Random Forest,RF_2025_V1
703,2025-01-01,2025,Finance,Financial Analyst,1,25,23,2,163,False,4,3,3,8901000,3,3,False,0,0.060354154946881025,6.04,0,0.16908819344089202,Thấp,1,0,4289,3.23,Random Forest,RF_2025_V1
705,2025-01-01,2025,Human Resources,C&B Specialist,1,34,37,2,197,False,4,4,3,14084000,12,12,False,0,0.07941682707678145,7.94,0,0.16908819344089202,Thấp,1,0,3648,17.69,Random Forest,RF_2025_V1
709,2025-01-01,2025,Marketing,Digital Marketing Specialist,2,43,11,5,232,True,4,4,2,19876000,6,0,True,0,0.2764839841871441,27.65,1,0.16908819344089202,Cao,3,1,454,89.78,Random Forest,RF_2025_V1
710,2025-01-01,2025,Information Technology,Data Analyst,1,40,22,2,172,False,3,3,3,11999000,5,5,False,0,0.07697225260547078,7.7,0,0.16908819344089202,Thấp,1,0,3747,15.46,Random Forest,RF_2025_V1
715,2025-01-01,2025,Information Technology,IT Support,1,27,11,3,159,False,3,3,1,10326000,1,1,False,0,0.11289755387750901,11.29,0,0.16908819344089202,Trung bình,2,0,2662,39.95,Random Forest,RF_2025_V1
720,2025-01-01,2025,Sales,Sales Representative,3,48,18,2,198,False,3,2,2,33173000,4,4,False,1,0.17705775931972217,17.71,1,0.16908819344089202,Cao,3,1,1377,68.95,Random Forest,RF_2025_V1
721,2025-01-01,2025,Marketing,Digital Marketing Specialist,2,55,26,4,203,True,3,1,4,18921000,15,6,False,0,0.22505456908796237,22.51,1,0.16908819344089202,Cao,3,1,864,80.52,Random Forest,RF_2025_V1
731,2025-01-01,2025,Sales,Sales Representative,2,35,11,3,227,True,4,3,4,15305000,13,3,False,0,0.19996561244061078,20.0,1,0.16908819344089202,Cao,3,1,1141,74.27,Random Forest,RF_2025_V1
734,2025-01-01,2025,Finance,Internal Auditor,1,33,20,1,190,False,5,4,2,16964000,6,6,False,0,0.12410195587012218,12.41,0,0.16908819344089202,Trung bình,2,0,2357,46.83,Random Forest,RF_2025_V1
735,2025-01-01,2025,Information Technology,Data Analyst,2,35,39,3,181,False,3,4,3,21500000,3,3,False,0,0.059325383703874114,5.93,0,0.16908819344089202,Thấp,1,0,4317,2.6,Random Forest,RF_2025_V1
736,2025-01-01,2025,Operations,Operations Manager,1,32,12,7,240,True,4,1,1,12006000,3,3,False,0,0.4445041123121078,44.45,1,0.16908819344089202,Cao,3,1,14,99.71,Random Forest,RF_2025_V1
738,2025-01-01,2025,Operations,Operations Manager,2,43,27,3,215,False,3,4,4,13796000,4,2,False,0,0.0735608586884212,7.36,0,0.16908819344089202,Thấp,1,0,3886,12.32,Random Forest,RF_2025_V1
744,2025-01-01,2025,Information Technology,Software Engineer,1,43,38,5,221,True,4,4,1,15014000,4,4,False,0,0.3182940141635736,31.83,1,0.16908819344089202,Cao,3,1,259,94.18,Random Forest,RF_2025_V1
745,2025-01-01,2025,Operations,Procurement Specialist,4,25,32,6,213,False,3,4,4,64225000,4,4,False,0,0.10034267558652375,10.03,0,0.16908819344089202,Trung bình,2,0,2987,32.61,Random Forest,RF_2025_V1
748,2025-01-01,2025,Information Technology,Data Analyst,2,55,22,2,174,False,4,1,4,21800000,2,2,False,0,0.09391393518625703,9.39,0,0.16908819344089202,Thấp,1,0,3139,29.18,Random Forest,RF_2025_V1
750,2025-01-01,2025,Finance,Financial Analyst,3,51,25,5,205,True,4,4,4,29898000,7,1,False,0,0.14298332399716326,14.3,0,0.16908819344089202,Trung bình,2,0,1912,56.87,Random Forest,RF_2025_V1
752,2025-01-01,2025,Sales,Sales Executive,1,26,34,1,182,False,3,3,3,13615000,2,2,False,0,0.05815958027103522,5.82,0,0.16908819344089202,Thấp,1,0,4333,2.23,Random Forest,RF_2025_V1
753,2025-01-01,2025,Marketing,Marketing Executive,4,29,21,4,245,True,3,1,4,37655000,7,1,False,0,0.3048328114450834,30.48,1,0.16908819344089202,Cao,3,1,316,92.89,Random Forest,RF_2025_V1
758,2025-01-01,2025,Operations,Procurement Specialist,4,37,11,4,200,False,2,3,1,35000000,10,0,True,0,0.09291762617272115,9.29,0,0.16908819344089202,Thấp,1,0,3162,28.66,Random Forest,RF_2025_V1
759,2025-01-01,2025,Sales,Sales Executive,2,45,25,2,193,False,5,3,1,14354000,1,0,True,0,0.11579692922386478,11.58,0,0.16908819344089202,Trung bình,2,0,2571,42.0,Random Forest,RF_2025_V1
764,2025-01-01,2025,Human Resources,HR Executive,1,50,10,2,185,False,4,3,3,8803000,3,3,False,0,0.06487065761708304,6.49,0,0.16908819344089202,Thấp,1,0,4156,6.23,Random Forest,RF_2025_V1
766,2025-01-01,2025,Finance,Internal Auditor,1,32,4,1,177,False,3,4,2,17543000,6,6,False,0,0.11915934841561532,11.92,0,0.16908819344089202,Trung bình,2,0,2493,43.76,Random Forest,RF_2025_V1
768,2025-01-01,2025,Sales,Sales Supervisor,2,55,4,3,189,False,3,4,2,21915000,2,2,False,0,0.08313739345287595,8.31,0,0.16908819344089202,Thấp,1,0,3481,21.46,Random Forest,RF_2025_V1
770,2025-01-01,2025,Information Technology,System Administrator,2,26,3,5,201,False,4,3,2,15182000,2,2,False,0,0.08537427312730343,8.54,0,0.16908819344089202,Thấp,1,0,3408,23.11,Random Forest,RF_2025_V1
771,2025-01-01,2025,Finance,Internal Auditor,3,31,23,3,202,True,5,3,2,37750000,3,3,False,0,0.1481832838139589,14.82,0,0.16908819344089202,Trung bình,2,0,1821,58.93,Random Forest,RF_2025_V1
773,2025-01-01,2025,Operations,Warehouse Supervisor,2,51,40,2,207,True,3,2,2,17976000,2,2,False,0,0.25991161647202454,25.99,1,0.16908819344089202,Cao,3,1,579,86.96,Random Forest,RF_2025_V1
775,2025-01-01,2025,Finance,Accountant,3,46,31,6,212,False,3,4,2,24042000,12,3,False,0,0.09399747961704664,9.4,0,0.16908819344089202,Thấp,1,0,3134,29.29,Random Forest,RF_2025_V1
776,2025-01-01,2025,Marketing,Marketing Executive,1,38,26,2,191,False,3,3,4,12557000,12,12,False,0,0.06969082059963988,6.97,0,0.16908819344089202,Thấp,1,0,4005,9.64,Random Forest,RF_2025_V1
777,2025-01-01,2025,Operations,Warehouse Supervisor,2,54,32,4,177,False,5,4,4,20959000,9,0,True,0,0.08154443609047567,8.15,0,0.16908819344089202,Thấp,1,0,3544,20.04,Random Forest,RF_2025_V1
779,2025-01-01,2025,Finance,Finance Manager,3,51,38,5,199,True,4,2,2,20226000,6,0,True,1,0.292084407227789,29.21,1,0.16908819344089202,Cao,3,1,363,91.83,Random Forest,RF_2025_V1
784,2025-01-01,2025,Sales,Sales Executive,4,33,37,3,220,False,3,3,3,39111000,2,0,True,0,0.12972963260542864,12.97,0,0.16908819344089202,Trung bình,2,0,2249,49.27,Random Forest,RF_2025_V1
786,2025-01-01,2025,Operations,Warehouse Supervisor,1,50,29,3,216,True,4,3,4,10232000,2,2,False,0,0.13066241613236018,13.07,0,0.16908819344089202,Trung bình,2,0,2227,49.76,Random Forest,RF_2025_V1
787,2025-01-01,2025,Finance,Financial Analyst,2,51,34,5,180,False,4,4,4,22990000,8,8,False,0,0.07968622965140128,7.97,0,0.16908819344089202,Thấp,1,0,3637,17.94,Random Forest,RF_2025_V1
789,2025-01-01,2025,Sales,Sales Representative,1,25,14,3,188,False,3,2,3,7749000,1,1,False,0,0.12062849687576645,12.06,0,0.16908819344089202,Trung bình,2,0,2454,44.64,Random Forest,RF_2025_V1
790,2025-01-01,2025,Marketing,Content Specialist,2,36,8,3,241,False,2,3,4,17921000,5,2,False,0,0.12054010722714037,12.05,0,0.16908819344089202,Trung bình,2,0,2455,44.62,Random Forest,RF_2025_V1
791,2025-01-01,2025,Sales,Sales Supervisor,2,42,27,4,177,False,3,1,4,13618000,13,0,True,0,0.11338417301748367,11.34,0,0.16908819344089202,Trung bình,2,0,2644,40.35,Random Forest,RF_2025_V1
792,2025-01-01,2025,Information Technology,Data Analyst,1,55,25,2,217,True,4,4,4,9735000,1,1,False,0,0.13254528520988562,13.25,0,0.16908819344089202,Trung bình,2,0,2178,50.87,Random Forest,RF_2025_V1
796,2025-01-01,2025,Information Technology,Software Engineer,3,27,18,4,238,True,5,4,4,28787000,2,2,False,0,0.20244517294671643,20.24,1,0.16908819344089202,Cao,3,1,1111,74.95,Random Forest,RF_2025_V1
798,2025-01-01,2025,Finance,Finance Manager,2,30,40,2,180,False,3,4,4,17178000,10,5,False,0,0.06791612725936019,6.79,0,0.16908819344089202,Thấp,1,0,4063,8.33,Random Forest,RF_2025_V1
799,2025-01-01,2025,Operations,Warehouse Supervisor,1,44,38,1,173,True,4,3,2,10533000,1,1,False,0,0.1667530546896307,16.68,0,0.16908819344089202,Trung bình,2,0,1517,65.79,Random Forest,RF_2025_V1
800,2025-01-01,2025,Marketing,Marketing Manager,1,34,30,5,207,False,3,3,2,13290000,5,5,False,0,0.13175252431075501,13.18,0,0.16908819344089202,Trung bình,2,0,2200,50.37,Random Forest,RF_2025_V1
802,2025-01-01,2025,Marketing,Marketing Executive,1,48,4,8,210,False,4,2,1,13749000,14,14,False,0,0.24724001180583272,24.72,1,0.16908819344089202,Cao,3,1,685,84.56,Random Forest,RF_2025_V1
803,2025-01-01,2025,Finance,Financial Analyst,2,42,25,5,221,True,5,4,3,19426000,3,3,False,0,0.2140817150242172,21.41,1,0.16908819344089202,Cao,3,1,985,77.79,Random Forest,RF_2025_V1
804,2025-01-01,2025,Information Technology,QA Engineer,2,29,2,1,174,False,3,4,4,26266000,6,6,False,0,0.07510914673510587,7.51,0,0.16908819344089202,Thấp,1,0,3817,13.88,Random Forest,RF_2025_V1
805,2025-01-01,2025,Information Technology,Software Engineer,3,35,9,2,167,False,3,2,3,24410000,4,3,False,0,0.110213460825662,11.02,0,0.16908819344089202,Trung bình,2,0,2746,38.05,Random Forest,RF_2025_V1
811,2025-01-01,2025,Operations,Procurement Specialist,3,43,18,5,210,False,4,2,2,21321000,7,1,False,0,0.1729947766205366,17.3,1,0.16908819344089202,Cao,3,1,1440,67.52,Random Forest,RF_2025_V1
813,2025-01-01,2025,Sales,Account Manager,2,31,38,2,182,False,3,3,4,16678000,11,1,False,0,0.06789523812785814,6.79,0,0.16908819344089202,Thấp,1,0,4064,8.31,Random Forest,RF_2025_V1
815,2025-01-01,2025,Sales,Sales Supervisor,5,53,25,5,186,False,3,1,3,106301000,11,5,False,0,0.14207405629929895,14.21,0,0.16908819344089202,Trung bình,2,0,1935,56.35,Random Forest,RF_2025_V1
816,2025-01-01,2025,Marketing,Digital Marketing Specialist,3,44,3,4,167,False,3,3,1,35830000,13,4,False,0,0.10869221661037663,10.87,0,0.16908819344089202,Trung bình,2,0,2787,37.12,Random Forest,RF_2025_V1
818,2025-01-01,2025,Finance,Financial Analyst,5,43,6,3,199,False,3,4,4,72384000,5,2,False,0,0.07679291478569722,7.68,0,0.16908819344089202,Thấp,1,0,3753,15.32,Random Forest,RF_2025_V1
819,2025-01-01,2025,Sales,Sales Executive,1,43,1,2,182,False,2,3,3,9774000,1,1,False,0,0.07687399119521174,7.69,0,0.16908819344089202,Thấp,1,0,3751,15.37,Random Forest,RF_2025_V1
820,2025-01-01,2025,Information Technology,QA Engineer,1,42,5,4,186,False,3,4,2,12460000,5,5,False,0,0.11930734834801965,11.93,0,0.16908819344089202,Trung bình,2,0,2492,43.78,Random Forest,RF_2025_V1
821,2025-01-01,2025,Human Resources,HR Executive,1,31,33,4,168,False,4,1,4,13265000,3,3,False,0,0.08210324022897954,8.21,0,0.16908819344089202,Thấp,1,0,3523,20.51,Random Forest,RF_2025_V1
824,2025-01-01,2025,Marketing,Digital Marketing Specialist,4,53,39,2,179,False,2,4,2,42853000,5,3,False,0,0.07829577341854398,7.83,0,0.16908819344089202,Thấp,1,0,3695,16.63,Random Forest,RF_2025_V1
825,2025-01-01,2025,Human Resources,HR Manager,5,34,16,3,176,False,4,4,1,91636000,11,5,False,0,0.10120584934569249,10.12,0,0.16908819344089202,Trung bình,2,0,2968,33.04,Random Forest,RF_2025_V1
826,2025-01-01,2025,Operations,Operations Executive,3,52,18,3,206,True,4,4,1,24300000,3,2,False,1,0.1610328445863092,16.1,0,0.16908819344089202,Trung bình,2,0,1600,63.91,Random Forest,RF_2025_V1
832,2025-01-01,2025,Human Resources,C&B Specialist,3,49,29,3,211,True,3,4,2,29461000,5,1,False,0,0.15870379127721818,15.87,0,0.16908819344089202,Trung bình,2,0,1643,62.94,Random Forest,RF_2025_V1
835,2025-01-01,2025,Human Resources,Recruiter,3,35,39,1,214,True,4,4,3,20000000,3,0,True,0,0.13256042984462504,13.26,0,0.16908819344089202,Trung bình,2,0,2176,50.91,Random Forest,RF_2025_V1
836,2025-01-01,2025,Human Resources,Recruiter,2,34,11,5,197,False,3,4,4,23676000,5,5,False,0,0.0791228949529538,7.91,0,0.16908819344089202,Thấp,1,0,3660,17.42,Random Forest,RF_2025_V1
837,2025-01-01,2025,Finance,Finance Manager,4,50,18,4,233,True,3,4,2,62330000,7,7,False,0,0.335798371200495,33.58,1,0.16908819344089202,Cao,3,1,199,95.53,Random Forest,RF_2025_V1
842,2025-01-01,2025,Human Resources,C&B Specialist,3,44,5,4,238,True,2,4,2,20848000,15,1,False,1,0.29253823271930407,29.25,1,0.16908819344089202,Cao,3,1,360,91.9,Random Forest,RF_2025_V1
845,2025-01-01,2025,Sales,Account Manager,3,44,12,6,198,False,4,1,4,42877000,9,9,False,0,0.18062727964961647,18.06,1,0.16908819344089202,Cao,3,1,1328,70.05,Random Forest,RF_2025_V1
846,2025-01-01,2025,Sales,Account Manager,1,25,5,5,183,False,3,4,4,9870000,2,2,False,0,0.06330653718183277,6.33,0,0.16908819344089202,Thấp,1,0,4204,5.15,Random Forest,RF_2025_V1
849,2025-01-01,2025,Sales,Sales Supervisor,2,29,38,4,166,False,3,2,4,13393000,2,0,True,0,0.09625625835872265,9.63,0,0.16908819344089202,Thấp,1,0,3082,30.47,Random Forest,RF_2025_V1
852,2025-01-01,2025,Finance,Finance Manager,3,25,4,6,199,False,3,4,3,36764000,1,1,False,0,0.09842574979847209,9.84,0,0.16908819344089202,Thấp,1,0,3043,31.35,Random Forest,RF_2025_V1
854,2025-01-01,2025,Human Resources,HR Executive,3,43,5,3,217,True,3,2,4,23750000,4,1,False,0,0.2261017875772013,22.61,1,0.16908819344089202,Cao,3,1,857,80.68,Random Forest,RF_2025_V1
856,2025-01-01,2025,Finance,Internal Auditor,2,42,17,3,170,False,3,4,3,20606000,13,13,False,0,0.08544465234997693,8.54,0,0.16908819344089202,Thấp,1,0,3402,23.25,Random Forest,RF_2025_V1
857,2025-01-01,2025,Operations,Operations Manager,3,31,20,2,176,False,5,2,1,27464000,4,4,False,0,0.19007194289927637,19.01,1,0.16908819344089202,Cao,3,1,1227,72.33,Random Forest,RF_2025_V1
858,2025-01-01,2025,Finance,Accountant,3,34,8,6,242,True,3,2,3,24164000,14,0,True,1,0.3420844045855904,34.21,1,0.16908819344089202,Cao,3,1,178,96.01,Random Forest,RF_2025_V1
860,2025-01-01,2025,Sales,Sales Supervisor,1,46,14,3,208,True,3,3,1,12190000,3,3,False,0,0.15460186890265548,15.46,0,0.16908819344089202,Trung bình,2,0,1705,61.54,Random Forest,RF_2025_V1
862,2025-01-01,2025,Marketing,Digital Marketing Specialist,1,42,13,4,185,False,3,3,3,9940000,2,2,False,0,0.057485910425231726,5.75,0,0.16908819344089202,Thấp,1,0,4354,1.76,Random Forest,RF_2025_V1
863,2025-01-01,2025,Marketing,Marketing Executive,3,54,5,7,212,False,5,4,4,29534000,10,6,False,0,0.09188379874162327,9.19,0,0.16908819344089202,Thấp,1,0,3201,27.78,Random Forest,RF_2025_V1
866,2025-01-01,2025,Marketing,Content Specialist,2,49,9,8,215,False,4,3,3,19765000,14,5,False,0,0.11009430985430822,11.01,0,0.16908819344089202,Trung bình,2,0,2748,38.0,Random Forest,RF_2025_V1
869,2025-01-01,2025,Sales,Sales Supervisor,1,48,32,2,221,True,3,2,2,14824000,5,5,False,0,0.38574180930785934,38.57,1,0.16908819344089202,Cao,3,1,77,98.28,Random Forest,RF_2025_V1
870,2025-01-01,2025,Finance,Accountant,3,46,27,3,189,False,3,4,4,20000000,4,0,True,0,0.06743038153537279,6.74,0,0.16908819344089202,Thấp,1,0,4076,8.03,Random Forest,RF_2025_V1
874,2025-01-01,2025,Marketing,Digital Marketing Specialist,2,32,26,4,212,True,2,2,2,16021000,6,2,False,0,0.25380461651177666,25.38,1,0.16908819344089202,Cao,3,1,623,85.96,Random Forest,RF_2025_V1
881,2025-01-01,2025,Human Resources,C&B Specialist,2,29,29,5,205,False,3,4,1,18556000,5,5,False,0,0.11718675220543212,11.72,0,0.16908819344089202,Trung bình,2,0,2529,42.95,Random Forest,RF_2025_V1
882,2025-01-01,2025,Human Resources,Recruiter,1,48,35,5,194,False,4,1,3,14329000,9,9,False,0,0.13061168175113466,13.06,0,0.16908819344089202,Trung bình,2,0,2230,49.7,Random Forest,RF_2025_V1
883,2025-01-01,2025,Marketing,Digital Marketing Specialist,2,50,10,3,202,False,3,3,4,19992000,4,4,False,0,0.07041350627501351,7.04,0,0.16908819344089202,Thấp,1,0,3987,10.04,Random Forest,RF_2025_V1
888,2025-01-01,2025,Operations,Operations Manager,5,33,36,3,198,False,3,1,3,63948000,11,0,True,0,0.12298754239661887,12.3,0,0.16908819344089202,Trung bình,2,0,2389,46.11,Random Forest,RF_2025_V1
889,2025-01-01,2025,Finance,Internal Auditor,1,49,22,5,251,False,4,4,1,15280000,14,14,False,0,0.2230790720711284,22.31,1,0.16908819344089202,Cao,3,1,888,79.98,Random Forest,RF_2025_V1
890,2025-01-01,2025,Operations,Operations Executive,1,54,22,2,170,False,3,4,4,13389000,7,7,False,0,0.08649956827669542,8.65,0,0.16908819344089202,Thấp,1,0,3371,23.94,Random Forest,RF_2025_V1
891,2025-01-01,2025,Marketing,Digital Marketing Specialist,1,46,26,4,206,False,4,4,4,11636000,12,12,False,0,0.07911951650452251,7.91,0,0.16908819344089202,Thấp,1,0,3661,17.4,Random Forest,RF_2025_V1
892,2025-01-01,2025,Marketing,Marketing Executive,1,50,32,6,206,False,3,4,2,11837000,1,1,False,0,0.12373042366319414,12.37,0,0.16908819344089202,Trung bình,2,0,2368,46.58,Random Forest,RF_2025_V1
895,2025-01-01,2025,Finance,Finance Manager,3,44,30,3,196,False,4,3,3,29848000,1,1,False,0,0.08089981451946071,8.09,0,0.16908819344089202,Thấp,1,0,3578,19.27,Random Forest,RF_2025_V1
896,2025-01-01,2025,Human Resources,Recruiter,3,38,19,3,225,True,4,4,3,23205000,2,2,False,0,0.20577260426698346,20.58,1,0.16908819344089202,Cao,3,1,1084,75.56,Random Forest,RF_2025_V1
898,2025-01-01,2025,Sales,Sales Executive,4,32,6,1,168,False,4,1,3,49015000,5,5,False,0,0.1398466111598729,13.98,0,0.16908819344089202,Trung bình,2,0,1977,55.41,Random Forest,RF_2025_V1
899,2025-01-01,2025,Information Technology,System Administrator,2,34,33,4,171,False,2,3,3,21722000,6,6,False,0,0.07807416710817476,7.81,0,0.16908819344089202,Thấp,1,0,3705,16.41,Random Forest,RF_2025_V1
900,2025-01-01,2025,Information Technology,IT Support,2,28,17,1,197,True,2,4,2,24501000,8,8,False,0,0.2384126166456018,23.84,1,0.16908819344089202,Cao,3,1,745,83.21,Random Forest,RF_2025_V1
904,2025-01-01,2025,Human Resources,HR Manager,1,31,6,1,219,True,3,1,4,14205000,3,3,False,0,0.2324661446651676,23.25,1,0.16908819344089202,Cao,3,1,808,81.79,Random Forest,RF_2025_V1
905,2025-01-01,2025,Finance,Accountant,1,25,23,3,203,True,3,4,4,11301000,4,4,False,0,0.17729363272598783,17.73,1,0.16908819344089202,Cao,3,1,1373,69.04,Random Forest,RF_2025_V1
913,2025-01-01,2025,Sales,Account Manager,1,33,34,2,211,True,3,4,3,18206000,11,11,False,0,0.17577673815337475,17.58,1,0.16908819344089202,Cao,3,1,1397,68.49,Random Forest,RF_2025_V1
914,2025-01-01,2025,Marketing,Content Specialist,1,29,17,4,167,False,2,3,3,12456000,1,1,False,0,0.0780482761956288,7.8,0,0.16908819344089202,Thấp,1,0,3708,16.34,Random Forest,RF_2025_V1
919,2025-01-01,2025,Human Resources,C&B Specialist,1,43,22,7,253,True,3,3,4,12201000,2,2,False,0,0.2691492828756057,26.91,1,0.16908819344089202,Cao,3,1,505,88.63,Random Forest,RF_2025_V1
924,2025-01-01,2025,Human Resources,HR Manager,1,38,21,1,207,True,4,2,1,8428000,1,1,False,0,0.24822705875344062,24.82,1,0.16908819344089202,Cao,3,1,677,84.74,Random Forest,RF_2025_V1
928,2025-01-01,2025,Finance,Financial Analyst,2,28,12,4,214,True,4,4,2,20548000,2,2,False,0,0.16830892580334147,16.83,0,0.16908819344089202,Trung bình,2,0,1501,66.15,Random Forest,RF_2025_V1
933,2025-01-01,2025,Finance,Finance Manager,3,55,23,4,237,True,3,3,3,27076000,2,2,False,0,0.21449830192716257,21.45,1,0.16908819344089202,Cao,3,1,979,77.93,Random Forest,RF_2025_V1
934,2025-01-01,2025,Finance,Accountant,5,44,32,1,167,False,4,3,4,55000000,8,0,True,0,0.06230892353021743,6.23,0,0.16908819344089202,Thấp,1,0,4236,4.42,Random Forest,RF_2025_V1
936,2025-01-01,2025,Human Resources,HR Manager,1,42,39,1,207,True,3,3,4,12430000,1,1,False,1,0.14446986415289287,14.45,0,0.16908819344089202,Trung bình,2,0,1883,57.53,Random Forest,RF_2025_V1
941,2025-01-01,2025,Operations,Procurement Specialist,1,45,34,5,214,False,4,4,3,13837000,9,9,False,0,0.08508471404737047,8.51,0,0.16908819344089202,Thấp,1,0,3419,22.86,Random Forest,RF_2025_V1
942,2025-01-01,2025,Finance,Internal Auditor,2,54,12,4,233,True,3,3,4,15120000,14,2,False,1,0.22319901499781636,22.32,1,0.16908819344089202,Cao,3,1,887,80.0,Random Forest,RF_2025_V1
947,2025-01-01,2025,Operations,Operations Executive,1,48,23,3,224,True,4,4,2,7938000,1,1,False,0,0.2589852414932292,25.9,1,0.16908819344089202,Cao,3,1,588,86.75,Random Forest,RF_2025_V1
949,2025-01-01,2025,Finance,Financial Analyst,1,28,4,4,213,False,3,1,3,13337000,4,4,False,0,0.16902007174777806,16.9,0,0.16908819344089202,Trung bình,2,0,1491,66.37,Random Forest,RF_2025_V1
951,2025-01-01,2025,Information Technology,IT Support,1,47,5,2,172,False,2,3,4,15803000,5,5,False,1,0.07190143967104858,7.19,0,0.16908819344089202,Thấp,1,0,3931,11.31,Random Forest,RF_2025_V1
953,2025-01-01,2025,Human Resources,C&B Specialist,2,25,24,8,214,False,3,4,4,20596000,5,5,False,1,0.10824189247889004,10.82,0,0.16908819344089202,Trung bình,2,0,2803,36.76,Random Forest,RF_2025_V1
954,2025-01-01,2025,Information Technology,Data Analyst,4,30,20,1,209,True,4,4,2,35000000,1,0,True,0,0.16472178768470247,16.47,0,0.16908819344089202,Trung bình,2,0,1549,65.06,Random Forest,RF_2025_V1
957,2025-01-01,2025,Human Resources,Recruiter,1,29,28,4,173,False,2,4,3,13985000,9,9,False,0,0.07491652376592263,7.49,0,0.16908819344089202,Thấp,1,0,3822,13.77,Random Forest,RF_2025_V1
958,2025-01-01,2025,Finance,Financial Analyst,3,34,11,4,205,False,3,3,4,31568000,2,2,False,0,0.06829775146596832,6.83,0,0.16908819344089202,Thấp,1,0,4052,8.58,Random Forest,RF_2025_V1
964,2025-01-01,2025,Finance,Finance Manager,3,25,3,2,190,False,5,3,4,22094000,5,2,False,0,0.06975001165786955,6.98,0,0.16908819344089202,Thấp,1,0,4002,9.7,Random Forest,RF_2025_V1
967,2025-01-01,2025,Information Technology,QA Engineer,2,31,1,2,183,False,5,3,2,13967000,5,2,False,0,0.1003915858966387,10.04,0,0.16908819344089202,Trung bình,2,0,2986,32.63,Random Forest,RF_2025_V1
968,2025-01-01,2025,Marketing,Marketing Executive,5,36,30,1,176,False,5,2,3,59824000,11,1,False,0,0.12118453500679709,12.12,0,0.16908819344089202,Trung bình,2,0,2435,45.07,Random Forest,RF_2025_V1
970,2025-01-01,2025,Information Technology,System Administrator,3,25,8,3,202,False,3,2,2,22473000,1,1,False,0,0.15301627631585601,15.3,0,0.16908819344089202,Trung bình,2,0,1736,60.84,Random Forest,RF_2025_V1
974,2025-01-01,2025,Sales,Sales Supervisor,1,55,2,5,188,False,4,2,3,11248000,6,6,False,1,0.13143027463135618,13.14,0,0.16908819344089202,Trung bình,2,0,2209,50.17,Random Forest,RF_2025_V1
976,2025-01-01,2025,Sales,Sales Executive,2,35,36,2,195,True,3,3,1,25504000,5,5,False,0,0.2015217780320037,20.15,1,0.16908819344089202,Cao,3,1,1122,74.7,Random Forest,RF_2025_V1
977,2025-01-01,2025,Human Resources,HR Manager,4,45,8,3,208,True,2,3,3,58946000,8,8,False,0,0.172960696992811,17.3,1,0.16908819344089202,Cao,3,1,1442,67.48,Random Forest,RF_2025_V1
978,2025-01-01,2025,Information Technology,Software Engineer,2,55,28,1,184,True,4,2,4,18308000,5,5,False,0,0.2503776020748226,25.04,1,0.16908819344089202,Cao,3,1,649,85.38,Random Forest,RF_2025_V1
985,2025-01-01,2025,Finance,Finance Manager,2,35,12,2,195,False,4,4,4,19577000,9,6,False,0,0.07726364030990424,7.73,0,0.16908819344089202,Thấp,1,0,3737,15.68,Random Forest,RF_2025_V1
987,2025-01-01,2025,Information Technology,QA Engineer,1,48,22,3,189,True,3,2,4,10903000,7,7,False,1,0.26595810155267896,26.6,1,0.16908819344089202,Cao,3,1,527,88.13,Random Forest,RF_2025_V1
990,2025-01-01,2025,Operations,Warehouse Supervisor,1,27,2,6,220,False,3,2,4,12109000,1,1,False,0,0.1901207652955603,19.01,1,0.16908819344089202,Cao,3,1,1226,72.35,Random Forest,RF_2025_V1
993,2025-01-01,2025,Marketing,Content Specialist,1,33,30,2,210,True,2,4,1,13579000,6,6,False,0,0.20838426231874263,20.84,1,0.16908819344089202,Cao,3,1,1050,76.33,Random Forest,RF_2025_V1
995,2025-01-01,2025,Operations,Operations Manager,5,28,7,3,199,False,3,4,3,59681000,7,1,False,0,0.0714751146101028,7.15,0,0.16908819344089202,Thấp,1,0,3948,10.92,Random Forest,RF_2025_V1
998,2025-01-01,2025,Operations,Procurement Specialist,5,55,21,2,190,False,5,3,4,64294000,15,2,False,0,0.07873332540251342,7.87,0,0.16908819344089202,Thấp,1,0,3678,17.02,Random Forest,RF_2025_V1
1001,2025-01-01,2025,Marketing,Content Specialist,2,54,22,3,159,False,3,2,3,14904000,1,1,False,0,0.11987217946105089,11.99,0,0.16908819344089202,Trung bình,2,0,2479,44.08,Random Forest,RF_2025_V1
1002,2025-01-01,2025,Operations,Operations Executive,1,42,27,5,224,False,4,4,2,13922000,5,5,False,0,0.20605505127860327,20.61,1,0.16908819344089202,Cao,3,1,1080,75.65,Random Forest,RF_2025_V1
1003,2025-01-01,2025,Marketing,Digital Marketing Specialist,4,30,38,1,183,True,3,2,4,38265000,6,1,False,0,0.20604276936903498,20.6,1,0.16908819344089202,Cao,3,1,1081,75.63,Random Forest,RF_2025_V1
1007,2025-01-01,2025,Operations,Operations Manager,1,51,7,2,181,False,3,3,2,16332000,12,12,False,0,0.1176435284961777,11.76,0,0.16908819344089202,Trung bình,2,0,2522,43.11,Random Forest,RF_2025_V1
1010,2025-01-01,2025,Operations,Procurement Specialist,1,30,9,5,191,True,4,3,2,8452000,1,1,False,0,0.18318937596793144,18.32,1,0.16908819344089202,Cao,3,1,1301,70.66,Random Forest,RF_2025_V1
1012,2025-01-01,2025,Marketing,Content Specialist,2,41,5,3,219,True,3,4,1,24254000,3,3,False,0,0.1836887085799372,18.37,1,0.16908819344089202,Cao,3,1,1294,70.82,Random Forest,RF_2025_V1
1016,2025-01-01,2025,Finance,Finance Manager,4,52,2,2,183,False,2,1,3,39357000,4,2,False,0,0.1098302321683379,10.98,0,0.16908819344089202,Trung bình,2,0,2754,37.87,Random Forest,RF_2025_V1
1017,2025-01-01,2025,Human Resources,C&B Specialist,4,31,36,4,161,False,3,2,2,42925000,1,1,False,0,0.15370690585373037,15.37,0,0.16908819344089202,Trung bình,2,0,1722,61.16,Random Forest,RF_2025_V1
1020,2025-01-01,2025,Information Technology,Data Analyst,4,48,26,6,238,True,4,2,3,49129000,7,5,False,0,0.36650282458713646,36.65,1,0.16908819344089202,Cao,3,1,114,97.45,Random Forest,RF_2025_V1
1021,2025-01-01,2025,Finance,Financial Analyst,1,54,20,8,198,False,4,4,2,17124000,7,7,False,0,0.11989938267361412,11.99,0,0.16908819344089202,Trung bình,2,0,2477,44.12,Random Forest,RF_2025_V1
1022,2025-01-01,2025,Marketing,Marketing Executive,2,54,23,6,199,False,2,1,1,15589000,11,1,False,0,0.20474918160005331,20.47,1,0.16908819344089202,Cao,3,1,1095,75.31,Random Forest,RF_2025_V1
1025,2025-01-01,2025,Finance,Internal Auditor,4,35,29,3,172,False,4,4,1,89153000,15,15,False,0,0.1380150067742714,13.8,0,0.16908819344089202,Trung bình,2,0,2032,54.16,Random Forest,RF_2025_V1
1029,2025-01-01,2025,Human Resources,HR Executive,1,48,26,3,152,False,3,2,2,11740000,2,2,False,0,0.14129781443612868,14.13,0,0.16908819344089202,Trung bình,2,0,1951,55.99,Random Forest,RF_2025_V1
1032,2025-01-01,2025,Finance,Financial Analyst,2,53,27,4,159,False,4,4,3,25847000,5,5,False,0,0.08714407997263253,8.71,0,0.16908819344089202,Thấp,1,0,3344,24.55,Random Forest,RF_2025_V1
1036,2025-01-01,2025,Information Technology,QA Engineer,2,52,1,3,167,False,4,3,4,21741000,6,6,False,0,0.09903364700743092,9.9,0,0.16908819344089202,Thấp,1,0,3026,31.73,Random Forest,RF_2025_V1
1040,2025-01-01,2025,Operations,Procurement Specialist,1,38,5,2,187,False,4,3,1,10675000,12,12,False,0,0.1255110885158261,12.55,0,0.16908819344089202,Trung bình,2,0,2323,47.6,Random Forest,RF_2025_V1
1041,2025-01-01,2025,Operations,Warehouse Supervisor,3,43,18,5,203,True,3,4,4,27628000,5,3,False,0,0.1372190930044975,13.72,0,0.16908819344089202,Trung bình,2,0,2054,53.67,Random Forest,RF_2025_V1
1042,2025-01-01,2025,Information Technology,System Administrator,3,28,1,5,202,False,2,4,2,35635000,8,6,False,0,0.12186178667981473,12.19,0,0.16908819344089202,Trung bình,2,0,2417,45.48,Random Forest,RF_2025_V1
1043,2025-01-01,2025,Finance,Accountant,1,53,16,6,216,True,2,1,2,13968000,9,9,False,1,0.38670031235955704,38.67,1,0.16908819344089202,Cao,3,1,76,98.31,Random Forest,RF_2025_V1
1044,2025-01-01,2025,Sales,Account Manager,1,29,34,3,202,False,3,4,4,10661000,6,6,False,0,0.08465183133260876,8.47,0,0.16908819344089202,Thấp,1,0,3434,22.52,Random Forest,RF_2025_V1
1045,2025-01-01,2025,Information Technology,QA Engineer,2,39,31,5,230,False,5,2,3,14830000,3,3,False,0,0.19817000784142422,19.82,1,0.16908819344089202,Cao,3,1,1155,73.96,Random Forest,RF_2025_V1
1051,2025-01-01,2025,Operations,Operations Manager,3,25,11,3,206,False,4,4,4,20000000,4,0,True,0,0.08578888098553265,8.58,0,0.16908819344089202,Thấp,1,0,3388,23.56,Random Forest,RF_2025_V1
1053,2025-01-01,2025,Information Technology,IT Support,2,35,33,6,205,False,3,3,3,19137000,5,4,False,0,0.08850053993346471,8.85,0,0.16908819344089202,Thấp,1,0,3305,25.43,Random Forest,RF_2025_V1
1055,2025-01-01,2025,Finance,Finance Manager,3,37,18,4,191,False,2,1,3,33426000,4,4,False,0,0.1357319180074506,13.57,0,0.16908819344089202,Trung bình,2,0,2091,52.83,Random Forest,RF_2025_V1
1059,2025-01-01,2025,Finance,Finance Manager,1,33,25,2,166,False,3,2,4,9768000,2,2,False,0,0.08669249086914996,8.67,0,0.16908819344089202,Thấp,1,0,3367,24.04,Random Forest,RF_2025_V1
1064,2025-01-01,2025,Sales,Sales Representative,2,50,18,5,171,False,3,4,4,22754000,5,5,False,0,0.07614875668637874,7.61,0,0.16908819344089202,Thấp,1,0,3781,14.69,Random Forest,RF_2025_V1
1074,2025-01-01,2025,Sales,Sales Supervisor,2,38,38,2,170,False,4,2,1,22725000,2,2,False,0,0.14793438215246463,14.79,0,0.16908819344089202,Trung bình,2,0,1827,58.79,Random Forest,RF_2025_V1
1075,2025-01-01,2025,Human Resources,C&B Specialist,3,43,23,3,149,False,3,4,3,32155000,5,2,False,1,0.06228465805315123,6.23,0,0.16908819344089202,Thấp,1,0,4237,4.4,Random Forest,RF_2025_V1
1076,2025-01-01,2025,Finance,Accountant,1,28,20,3,229,True,3,2,4,12465000,5,5,False,0,0.3685297213485122,36.85,1,0.16908819344089202,Cao,3,1,110,97.54,Random Forest,RF_2025_V1
1078,2025-01-01,2025,Information Technology,Data Analyst,2,54,3,4,191,False,4,1,3,13035000,1,0,True,0,0.1201346458771381,12.01,0,0.16908819344089202,Trung bình,2,0,2469,44.3,Random Forest,RF_2025_V1
1082,2025-01-01,2025,Information Technology,Data Analyst,4,30,39,7,244,True,4,3,4,36540000,9,1,False,0,0.23441244671056533,23.44,1,0.16908819344089202,Cao,3,1,785,82.31,Random Forest,RF_2025_V1
1083,2025-01-01,2025,Finance,Accountant,2,49,36,1,214,True,3,4,1,16712000,4,4,False,1,0.22730686349801696,22.73,1,0.16908819344089202,Cao,3,1,849,80.86,Random Forest,RF_2025_V1
1085,2025-01-01,2025,Human Resources,Recruiter,3,44,37,5,201,False,3,2,4,47562000,10,10,False,0,0.13349000364065436,13.35,0,0.16908819344089202,Trung bình,2,0,2148,51.55,Random Forest,RF_2025_V1
1086,2025-01-01,2025,Human Resources,HR Executive,3,25,17,4,171,False,4,4,2,29505000,3,3,False,0,0.07912525470125925,7.91,0,0.16908819344089202,Thấp,1,0,3659,17.45,Random Forest,RF_2025_V1
1088,2025-01-01,2025,Information Technology,Data Analyst,4,50,27,3,212,False,4,3,4,35000000,4,0,True,0,0.07375704157770356,7.38,0,0.16908819344089202,Thấp,1,0,3877,12.53,Random Forest,RF_2025_V1
1091,2025-01-01,2025,Human Resources,HR Executive,2,38,19,4,198,False,2,4,4,16672000,2,2,False,0,0.060964956332319305,6.1,0,0.16908819344089202,Thấp,1,0,4271,3.63,Random Forest,RF_2025_V1
1093,2025-01-01,2025,Sales,Account Manager,1,41,39,2,155,False,3,3,2,10986000,3,3,False,0,0.07888481378512394,7.89,0,0.16908819344089202,Thấp,1,0,3670,17.2,Random Forest,RF_2025_V1
1096,2025-01-01,2025,Human Resources,C&B Specialist,1,47,40,2,177,False,2,4,4,16892000,5,5,False,0,0.06856882795602201,6.86,0,0.16908819344089202,Thấp,1,0,4040,8.85,Random Forest,RF_2025_V1
1100,2025-01-01,2025,Finance,Finance Manager,2,25,5,1,167,False,4,4,4,18244000,3,1,False,0,0.06537075756963566,6.54,0,0.16908819344089202,Thấp,1,0,4138,6.64,Random Forest,RF_2025_V1
1109,2025-01-01,2025,Information Technology,Software Engineer,2,44,5,7,230,True,4,1,3,22835000,12,2,False,0,0.33008563662606066,33.01,1,0.16908819344089202,Cao,3,1,221,95.03,Random Forest,RF_2025_V1
1118,2025-01-01,2025,Marketing,Digital Marketing Specialist,2,54,40,1,161,False,3,2,4,15733000,4,1,False,0,0.10856154337094961,10.86,0,0.16908819344089202,Trung bình,2,0,2790,37.06,Random Forest,RF_2025_V1
1119,2025-01-01,2025,Information Technology,QA Engineer,1,49,27,1,224,True,4,4,3,9856000,3,3,False,0,0.2033356867988302,20.33,1,0.16908819344089202,Cao,3,1,1107,75.04,Random Forest,RF_2025_V1
1121,2025-01-01,2025,Marketing,Marketing Executive,2,35,17,4,207,True,4,4,1,20949000,11,5,False,0,0.22149340791145963,22.15,1,0.16908819344089202,Cao,3,1,900,79.71,Random Forest,RF_2025_V1
1125,2025-01-01,2025,Human Resources,HR Executive,2,48,30,3,193,True,3,4,4,28424000,13,13,False,0,0.17155184340113852,17.16,1,0.16908819344089202,Cao,3,1,1455,67.19,Random Forest,RF_2025_V1
1129,2025-01-01,2025,Finance,Accountant,1,40,12,2,199,False,3,4,2,17951000,7,7,False,0,0.1002608263752457,10.03,0,0.16908819344089202,Trung bình,2,0,2990,32.54,Random Forest,RF_2025_V1
1132,2025-01-01,2025,Operations,Operations Executive,2,41,35,3,179,False,4,4,2,20808000,13,13,False,0,0.11772187210244318,11.77,0,0.16908819344089202,Trung bình,2,0,2521,43.13,Random Forest,RF_2025_V1
1139,2025-01-01,2025,Finance,Financial Analyst,3,54,22,6,219,False,2,4,4,42462000,12,12,False,0,0.12693465238431922,12.69,0,0.16908819344089202,Trung bình,2,0,2301,48.09,Random Forest,RF_2025_V1
1140,2025-01-01,2025,Operations,Warehouse Supervisor,3,36,18,3,189,False,4,2,3,26470000,6,1,False,0,0.12945133649704949,12.95,0,0.16908819344089202,Trung bình,2,0,2259,49.04,Random Forest,RF_2025_V1
1141,2025-01-01,2025,Operations,Operations Executive,2,29,12,5,197,True,3,3,4,15767000,4,4,False,0,0.19894452519582068,19.89,1,0.16908819344089202,Cao,3,1,1146,74.16,Random Forest,RF_2025_V1
1142,2025-01-01,2025,Operations,Procurement Specialist,3,43,13,2,206,False,5,2,3,30707000,5,5,False,0,0.13471727850003276,13.47,0,0.16908819344089202,Trung bình,2,0,2120,52.18,Random Forest,RF_2025_V1
1144,2025-01-01,2025,Marketing,Marketing Executive,1,40,39,5,220,True,3,3,4,10052000,5,5,False,0,0.22130554828385252,22.13,1,0.16908819344089202,Cao,3,1,902,79.67,Random Forest,RF_2025_V1
1146,2025-01-01,2025,Operations,Warehouse Supervisor,1,31,12,2,204,False,3,3,2,8329000,2,2,False,0,0.0862498059329377,8.62,0,0.16908819344089202,Thấp,1,0,3381,23.72,Random Forest,RF_2025_V1
1147,2025-01-01,2025,Human Resources,HR Executive,1,28,29,1,179,True,3,1,4,12255000,4,4,False,0,0.2503613134541164,25.04,1,0.16908819344089202,Cao,3,1,650,85.35,Random Forest,RF_2025_V1
1154,2025-01-01,2025,Information Technology,Data Analyst,2,55,39,7,196,False,3,2,2,23353000,5,5,False,0,0.1678408659729748,16.78,0,0.16908819344089202,Trung bình,2,0,1509,65.97,Random Forest,RF_2025_V1
1155,2025-01-01,2025,Marketing,Content Specialist,1,32,32,8,248,True,4,2,2,8822000,2,2,False,1,0.3874670872888632,38.75,1,0.16908819344089202,Cao,3,1,73,98.38,Random Forest,RF_2025_V1
1157,2025-01-01,2025,Marketing,Digital Marketing Specialist,1,38,37,2,162,False,4,4,4,8569000,1,1,False,0,0.07103331396927186,7.1,0,0.16908819344089202,Thấp,1,0,3965,10.54,Random Forest,RF_2025_V1
1160,2025-01-01,2025,Sales,Sales Supervisor,2,36,28,2,183,False,5,1,2,15439000,8,4,False,0,0.1942468849359013,19.42,1,0.16908819344089202,Cao,3,1,1190,73.17,Random Forest,RF_2025_V1
1162,2025-01-01,2025,Sales,Sales Supervisor,3,26,24,6,209,False,3,3,3,27522000,3,3,False,0,0.08090956291038297,8.09,0,0.16908819344089202,Thấp,1,0,3576,19.32,Random Forest,RF_2025_V1
1163,2025-01-01,2025,Sales,Sales Supervisor,3,47,8,2,215,True,4,4,1,24413000,11,3,False,0,0.19863223580976216,19.86,1,0.16908819344089202,Cao,3,1,1148,74.11,Random Forest,RF_2025_V1
1164,2025-01-01,2025,Operations,Procurement Specialist,2,45,5,4,203,True,3,4,3,15902000,2,2,False,0,0.14921328273642873,14.92,0,0.16908819344089202,Trung bình,2,0,1810,59.17,Random Forest,RF_2025_V1
1165,2025-01-01,2025,Finance,Financial Analyst,2,25,39,4,180,False,4,1,3,19381000,4,4,False,0,0.14327177282624068,14.33,0,0.16908819344089202,Trung bình,2,0,1908,56.96,Random Forest,RF_2025_V1
1172,2025-01-01,2025,Marketing,Marketing Executive,2,52,13,8,219,False,4,3,3,17941000,1,1,False,0,0.13612562605659007,13.61,0,0.16908819344089202,Trung bình,2,0,2083,53.01,Random Forest,RF_2025_V1
1174,2025-01-01,2025,Human Resources,C&B Specialist,4,28,25,3,181,False,3,3,2,50151000,6,1,False,1,0.08631144286573461,8.63,0,0.16908819344089202,Thấp,1,0,3378,23.79,Random Forest,RF_2025_V1
1176,2025-01-01,2025,Human Resources,C&B Specialist,2,42,2,4,190,True,3,2,3,17463000,4,4,False,0,0.2507167702435222,25.07,1,0.16908819344089202,Cao,3,1,646,85.44,Random Forest,RF_2025_V1
1178,2025-01-01,2025,Human Resources,HR Executive,2,27,25,3,202,True,3,2,1,14390000,2,2,False,1,0.2534848668856004,25.35,1,0.16908819344089202,Cao,3,1,626,85.89,Random Forest,RF_2025_V1
1180,2025-01-01,2025,Sales,Sales Supervisor,3,43,15,6,248,True,4,4,1,30435000,2,2,False,1,0.2940730528152753,29.41,1,0.16908819344089202,Cao,3,1,356,91.99,Random Forest,RF_2025_V1
1182,2025-01-01,2025,Sales,Sales Supervisor,3,40,20,3,170,False,5,4,4,23881000,1,1,False,0,0.07047139831284595,7.05,0,0.16908819344089202,Thấp,1,0,3985,10.09,Random Forest,RF_2025_V1
1184,2025-01-01,2025,Human Resources,Recruiter,2,42,36,3,186,False,3,1,4,30088000,6,6,False,0,0.1291158930326526,12.91,0,0.16908819344089202,Trung bình,2,0,2265,48.91,Random Forest,RF_2025_V1
1190,2025-01-01,2025,Human Resources,Recruiter,1,37,4,4,201,False,3,4,2,15892000,9,9,False,0,0.11541793567312406,11.54,0,0.16908819344089202,Trung bình,2,0,2584,41.71,Random Forest,RF_2025_V1
1193,2025-01-01,2025,Human Resources,C&B Specialist,3,52,32,5,182,False,3,3,1,27566000,3,2,False,0,0.07978548880623777,7.98,0,0.16908819344089202,Thấp,1,0,3630,18.1,Random Forest,RF_2025_V1
1195,2025-01-01,2025,Human Resources,C&B Specialist,4,28,36,2,187,False,4,1,4,35000000,1,0,True,0,0.13682070136898947,13.68,0,0.16908819344089202,Trung bình,2,0,2068,53.35,Random Forest,RF_2025_V1
1201,2025-01-01,2025,Marketing,Marketing Manager,3,45,11,7,232,True,4,4,3,29854000,1,1,False,0,0.24213246526773294,24.21,1,0.16908819344089202,Cao,3,1,718,83.82,Random Forest,RF_2025_V1
1202,2025-01-01,2025,Sales,Sales Executive,2,55,11,3,208,True,4,4,3,26784000,13,13,False,0,0.17726131549544344,17.73,1,0.16908819344089202,Cao,3,1,1374,69.01,Random Forest,RF_2025_V1
1203,2025-01-01,2025,Operations,Operations Executive,2,33,21,7,225,True,4,4,3,20444000,1,1,False,1,0.2835587581762113,28.36,1,0.16908819344089202,Cao,3,1,407,90.84,Random Forest,RF_2025_V1
1204,2025-01-01,2025,Finance,Accountant,1,30,17,5,209,False,3,4,4,9247000,2,2,False,0,0.059342279975015684,5.93,0,0.16908819344089202,Thấp,1,0,4316,2.62,Random Forest,RF_2025_V1
1205,2025-01-01,2025,Finance,Internal Auditor,1,25,16,6,207,False,4,2,4,8786000,1,1,False,0,0.14797169572866253,14.8,0,0.16908819344089202,Trung bình,2,0,1825,58.84,Random Forest,RF_2025_V1
1207,2025-01-01,2025,Operations,Operations Manager,3,47,10,4,237,True,5,4,3,26700000,13,1,False,1,0.21704914898389271,21.7,1,0.16908819344089202,Cao,3,1,951,78.56,Random Forest,RF_2025_V1
1208,2025-01-01,2025,Marketing,Marketing Manager,3,40,11,2,211,True,3,2,1,21419000,4,1,False,1,0.2789186900249733,27.89,1,0.16908819344089202,Cao,3,1,435,90.21,Random Forest,RF_2025_V1
1209,2025-01-01,2025,Marketing,Digital Marketing Specialist,3,25,38,1,222,True,3,3,3,29495000,3,3,False,0,0.2041032475781581,20.41,1,0.16908819344089202,Cao,3,1,1099,75.22,Random Forest,RF_2025_V1
1213,2025-01-01,2025,Information Technology,System Administrator,1,28,40,3,206,True,4,3,3,11240000,2,2,False,0,0.12603758691788144,12.6,0,0.16908819344089202,Trung bình,2,0,2317,47.73,Random Forest,RF_2025_V1
1215,2025-01-01,2025,Information Technology,IT Support,4,30,16,6,215,True,5,2,4,52907000,7,6,False,0,0.31853426952279446,31.85,1,0.16908819344089202,Cao,3,1,256,94.25,Random Forest,RF_2025_V1
1216,2025-01-01,2025,Human Resources,Recruiter,3,28,26,3,245,True,2,3,4,37399000,3,3,False,0,0.2082121264596425,20.82,1,0.16908819344089202,Cao,3,1,1053,76.26,Random Forest,RF_2025_V1
1222,2025-01-01,2025,Marketing,Digital Marketing Specialist,1,48,10,6,213,False,5,3,2,9678000,2,2,False,0,0.1101120959106827,11.01,0,0.16908819344089202,Trung bình,2,0,2747,38.03,Random Forest,RF_2025_V1
1227,2025-01-01,2025,Information Technology,System Administrator,1,54,9,3,194,False,3,1,4,9871000,3,3,False,0,0.08680334932263173,8.68,0,0.16908819344089202,Thấp,1,0,3353,24.35,Random Forest,RF_2025_V1
1229,2025-01-01,2025,Sales,Sales Representative,2,53,7,2,216,True,5,3,1,21159000,6,4,False,0,0.2245756565728749,22.46,1,0.16908819344089202,Cao,3,1,870,80.39,Random Forest,RF_2025_V1
1235,2025-01-01,2025,Human Resources,Recruiter,3,29,25,3,168,False,3,4,2,39296000,3,3,False,0,0.07357179447617124,7.36,0,0.16908819344089202,Thấp,1,0,3885,12.34,Random Forest,RF_2025_V1
1238,2025-01-01,2025,Operations,Warehouse Supervisor,3,36,29,5,210,False,3,2,2,43090000,3,3,False,0,0.14425130868510747,14.43,0,0.16908819344089202,Trung bình,2,0,1889,57.39,Random Forest,RF_2025_V1
1239,2025-01-01,2025,Sales,Account Manager,4,36,34,3,192,False,4,1,3,52742000,1,1,False,1,0.1276529864809559,12.77,0,0.16908819344089202,Trung bình,2,0,2283,48.5,Random Forest,RF_2025_V1
1242,2025-01-01,2025,Finance,Accountant,5,39,8,3,180,False,3,3,2,79617000,14,5,False,0,0.11210945444439674,11.21,0,0.16908819344089202,Trung bình,2,0,2685,39.43,Random Forest,RF_2025_V1
1243,2025-01-01,2025,Human Resources,HR Executive,1,48,21,5,183,False,4,1,4,12153000,13,13,False,0,0.1363241671003131,13.63,0,0.16908819344089202,Trung bình,2,0,2078,53.13,Random Forest,RF_2025_V1
1245,2025-01-01,2025,Information Technology,Software Engineer,2,25,33,1,202,False,3,1,3,25179000,5,5,False,0,0.14936374213638767,14.94,0,0.16908819344089202,Trung bình,2,0,1806,59.26,Random Forest,RF_2025_V1
1248,2025-01-01,2025,Marketing,Marketing Executive,2,28,27,3,235,False,5,4,3,14875000,4,1,False,0,0.14404633190966074,14.4,0,0.16908819344089202,Trung bình,2,0,1891,57.35,Random Forest,RF_2025_V1
1250,2025-01-01,2025,Operations,Operations Executive,2,51,26,2,192,False,5,2,4,15449000,5,3,False,1,0.11306569160013638,11.31,0,0.16908819344089202,Trung bình,2,0,2657,40.06,Random Forest,RF_2025_V1
1251,2025-01-01,2025,Information Technology,System Administrator,1,45,19,3,175,False,3,2,4,10103000,1,1,False,0,0.1052687227798158,10.53,0,0.16908819344089202,Trung bình,2,0,2875,35.14,Random Forest,RF_2025_V1
1253,2025-01-01,2025,Finance,Accountant,5,46,29,5,172,False,2,4,4,79710000,8,0,True,0,0.07287244279254679,7.29,0,0.16908819344089202,Thấp,1,0,3902,11.96,Random Forest,RF_2025_V1
1255,2025-01-01,2025,Finance,Finance Manager,2,32,30,4,178,False,4,1,4,20191000,9,9,False,0,0.13915961515956235,13.92,0,0.16908819344089202,Trung bình,2,0,2002,54.84,Random Forest,RF_2025_V1
1256,2025-01-01,2025,Marketing,Marketing Executive,2,25,2,4,191,False,2,2,4,14768000,2,2,False,0,0.09982586803277672,9.98,0,0.16908819344089202,Thấp,1,0,3006,32.18,Random Forest,RF_2025_V1
1261,2025-01-01,2025,Marketing,Marketing Manager,3,43,18,6,226,False,4,3,4,20000000,4,0,True,0,0.15801934360330194,15.8,0,0.16908819344089202,Trung bình,2,0,1656,62.65,Random Forest,RF_2025_V1
1264,2025-01-01,2025,Finance,Financial Analyst,5,27,17,4,197,False,3,4,3,66373000,7,3,False,0,0.07535394191472544,7.54,0,0.16908819344089202,Thấp,1,0,3805,14.15,Random Forest,RF_2025_V1
1267,2025-01-01,2025,Operations,Procurement Specialist,1,26,6,2,169,False,2,3,4,9896000,1,1,False,0,0.08815461811340354,8.82,0,0.16908819344089202,Thấp,1,0,3320,25.1,Random Forest,RF_2025_V1
1268,2025-01-01,2025,Operations,Operations Executive,1,55,17,1,184,False,2,3,3,11305000,1,1,False,0,0.0945150226781379,9.45,0,0.16908819344089202,Thấp,1,0,3120,29.61,Random Forest,RF_2025_V1
1269,2025-01-01,2025,Human Resources,HR Executive,2,32,8,1,217,False,3,3,3,17857000,9,6,False,0,0.08846365447037256,8.85,0,0.16908819344089202,Thấp,1,0,3308,25.37,Random Forest,RF_2025_V1
1271,2025-01-01,2025,Finance,Internal Auditor,2,35,28,6,216,False,3,3,4,14673000,5,3,False,0,0.08945114025284565,8.95,0,0.16908819344089202,Thấp,1,0,3282,25.95,Random Forest,RF_2025_V1
1272,2025-01-01,2025,Sales,Account Manager,1,31,35,3,178,False,4,4,4,15349000,6,6,False,0,0.0831335018936636,8.31,0,0.16908819344089202,Thấp,1,0,3482,21.44,Random Forest,RF_2025_V1
1276,2025-01-01,2025,Marketing,Content Specialist,3,28,23,3,237,True,4,3,3,37796000,5,5,False,0,0.24154037935000042,24.15,1,0.16908819344089202,Cao,3,1,722,83.73,Random Forest,RF_2025_V1
1281,2025-01-01,2025,Human Resources,HR Executive,2,28,40,4,187,True,5,2,4,14662000,5,2,False,0,0.20811089323001336,20.81,1,0.16908819344089202,Cao,3,1,1055,76.21,Random Forest,RF_2025_V1
1283,2025-01-01,2025,Human Resources,Recruiter,4,28,31,4,217,True,4,4,3,65963000,6,6,False,1,0.15853262121895959,15.85,0,0.16908819344089202,Trung bình,2,0,1646,62.88,Random Forest,RF_2025_V1
1284,2025-01-01,2025,Marketing,Content Specialist,1,52,37,2,195,False,5,2,4,15190000,8,8,False,0,0.13936816530867746,13.94,0,0.16908819344089202,Trung bình,2,0,1998,54.93,Random Forest,RF_2025_V1
1291,2025-01-01,2025,Operations,Operations Executive,1,32,15,4,206,False,2,2,2,9870000,2,2,False,1,0.1431951732394798,14.32,0,0.16908819344089202,Trung bình,2,0,1910,56.92,Random Forest,RF_2025_V1
1294,2025-01-01,2025,Information Technology,Software Engineer,2,50,39,6,189,False,2,3,3,24179000,9,4,False,0,0.08507005495394977,8.51,0,0.16908819344089202,Thấp,1,0,3421,22.82,Random Forest,RF_2025_V1
1295,2025-01-01,2025,Operations,Operations Executive,3,36,19,3,185,False,2,3,3,26958000,13,3,False,0,0.07932987510716426,7.93,0,0.16908819344089202,Thấp,1,0,3651,17.63,Random Forest,RF_2025_V1
1299,2025-01-01,2025,Information Technology,QA Engineer,1,39,6,8,260,True,3,4,2,14448000,13,13,False,1,0.40886735843814137,40.89,1,0.16908819344089202,Cao,3,1,32,99.3,Random Forest,RF_2025_V1
1300,2025-01-01,2025,Human Resources,Recruiter,3,32,4,1,196,False,4,3,4,28113000,12,1,False,0,0.07055459343587199,7.06,0,0.16908819344089202,Thấp,1,0,3980,10.2,Random Forest,RF_2025_V1
1301,2025-01-01,2025,Human Resources,HR Manager,2,45,5,2,162,False,4,4,3,12683000,5,1,False,0,0.06339026487621521,6.34,0,0.16908819344089202,Thấp,1,0,4201,5.21,Random Forest,RF_2025_V1
1305,2025-01-01,2025,Marketing,Content Specialist,2,53,6,5,215,True,3,1,2,14692000,1,1,False,0,0.2785041073947731,27.85,1,0.16908819344089202,Cao,3,1,440,90.09,Random Forest,RF_2025_V1
1306,2025-01-01,2025,Finance,Financial Analyst,3,54,36,1,182,True,5,4,3,21599000,2,1,False,1,0.1319070525786307,13.19,0,0.16908819344089202,Trung bình,2,0,2198,50.42,Random Forest,RF_2025_V1
1307,2025-01-01,2025,Sales,Sales Supervisor,5,48,28,2,192,False,4,4,4,63271000,11,2,False,0,0.06317402549810014,6.32,0,0.16908819344089202,Thấp,1,0,4209,5.03,Random Forest,RF_2025_V1
1308,2025-01-01,2025,Human Resources,HR Executive,1,50,7,2,181,False,2,1,4,13008000,5,5,False,0,0.1369666048079567,13.7,0,0.16908819344089202,Trung bình,2,0,2062,53.49,Random Forest,RF_2025_V1
1310,2025-01-01,2025,Marketing,Content Specialist,2,33,6,8,216,False,3,4,1,15970000,12,4,False,0,0.13286551583506961,13.29,0,0.16908819344089202,Trung bình,2,0,2165,51.16,Random Forest,RF_2025_V1
1314,2025-01-01,2025,Sales,Sales Executive,2,50,14,1,235,True,2,4,4,15038000,13,3,False,0,0.18958768031639037,18.96,1,0.16908819344089202,Cao,3,1,1235,72.15,Random Forest,RF_2025_V1
1316,2025-01-01,2025,Finance,Finance Manager,3,48,23,5,241,False,4,2,2,45062000,9,9,False,0,0.2845144382650152,28.45,1,0.16908819344089202,Cao,3,1,400,91.0,Random Forest,RF_2025_V1
1317,2025-01-01,2025,Human Resources,HR Executive,4,33,8,2,192,False,4,3,4,55386000,9,4,False,1,0.06525858695501872,6.53,0,0.16908819344089202,Thấp,1,0,4140,6.59,Random Forest,RF_2025_V1
1319,2025-01-01,2025,Human Resources,C&B Specialist,2,38,40,4,162,False,4,3,3,29214000,9,9,False,0,0.0723474591659104,7.23,0,0.16908819344089202,Thấp,1,0,3918,11.6,Random Forest,RF_2025_V1
1320,2025-01-01,2025,Finance,Accountant,2,30,26,1,202,True,4,3,2,12000000,1,0,True,0,0.16332549442438948,16.33,0,0.16908819344089202,Trung bình,2,0,1568,64.64,Random Forest,RF_2025_V1
1325,2025-01-01,2025,Information Technology,IT Support,2,36,3,2,143,False,4,2,4,19901000,1,1,False,0,0.10966728956152416,10.97,0,0.16908819344089202,Trung bình,2,0,2761,37.71,Random Forest,RF_2025_V1
1327,2025-01-01,2025,Information Technology,Software Engineer,2,29,20,3,178,False,2,4,3,31115000,6,6,False,0,0.08215102099880892,8.22,0,0.16908819344089202,Thấp,1,0,3520,20.58,Random Forest,RF_2025_V1
1329,2025-01-01,2025,Operations,Warehouse Supervisor,2,32,27,3,187,False,3,3,1,20620000,7,6,False,0,0.12314735980014424,12.31,0,0.16908819344089202,Trung bình,2,0,2381,46.29,Random Forest,RF_2025_V1
1332,2025-01-01,2025,Information Technology,IT Support,3,49,3,7,199,False,4,3,4,45783000,7,7,False,0,0.09075091721416205,9.08,0,0.16908819344089202,Thấp,1,0,3241,26.88,Random Forest,RF_2025_V1
1337,2025-01-01,2025,Information Technology,IT Support,4,42,39,5,200,False,3,4,3,39845000,8,1,False,0,0.06260423579459692,6.26,0,0.16908819344089202,Thấp,1,0,4227,4.63,Random Forest,RF_2025_V1
1341,2025-01-01,2025,Information Technology,Data Analyst,1,36,13,4,185,False,1,2,3,8139000,2,2,False,0,0.0895965012493191,8.96,0,0.16908819344089202,Thấp,1,0,3276,26.09,Random Forest,RF_2025_V1
1343,2025-01-01,2025,Sales,Sales Representative,3,49,2,5,216,True,3,3,1,34238000,11,5,False,1,0.2411200915995956,24.11,1,0.16908819344089202,Cao,3,1,726,83.64,Random Forest,RF_2025_V1
1347,2025-01-01,2025,Operations,Procurement Specialist,4,25,23,2,214,True,3,3,4,54304000,2,2,False,0,0.11906840567128278,11.91,0,0.16908819344089202,Trung bình,2,0,2497,43.67,Random Forest,RF_2025_V1
1348,2025-01-01,2025,Finance,Finance Manager,2,54,28,1,162,False,5,1,4,18471000,10,2,False,1,0.10343474329215512,10.34,0,0.16908819344089202,Trung bình,2,0,2912,34.3,Random Forest,RF_2025_V1
1349,2025-01-01,2025,Information Technology,Software Engineer,3,33,8,1,230,True,1,4,3,21891000,2,1,False,0,0.22350217677907064,22.35,1,0.16908819344089202,Cao,3,1,883,80.09,Random Forest,RF_2025_V1
1352,2025-01-01,2025,Marketing,Marketing Manager,1,51,32,1,176,False,4,4,2,13791000,12,12,False,0,0.11196514464494864,11.2,0,0.16908819344089202,Trung bình,2,0,2688,39.36,Random Forest,RF_2025_V1
1356,2025-01-01,2025,Information Technology,System Administrator,2,36,9,2,213,True,3,4,3,25504000,5,5,False,0,0.18550102751088854,18.55,1,0.16908819344089202,Cao,3,1,1278,71.18,Random Forest,RF_2025_V1
1360,2025-01-01,2025,Marketing,Marketing Executive,1,41,38,4,214,True,3,4,4,9389000,1,1,False,0,0.13795949142562228,13.8,0,0.16908819344089202,Trung bình,2,0,2033,54.14,Random Forest,RF_2025_V1
1361,2025-01-01,2025,Finance,Finance Manager,3,25,40,6,235,False,3,2,4,30548000,1,1,False,0,0.21340624011984513,21.34,1,0.16908819344089202,Cao,3,1,994,77.59,Random Forest,RF_2025_V1
1362,2025-01-01,2025,Finance,Financial Analyst,1,39,23,2,213,True,2,4,3,13512000,4,4,False,0,0.18707767095944627,18.71,1,0.16908819344089202,Cao,3,1,1255,71.7,Random Forest,RF_2025_V1
1365,2025-01-01,2025,Finance,Financial Analyst,2,48,35,4,225,True,3,1,3,23058000,10,10,False,0,0.3535665989018586,35.36,1,0.16908819344089202,Cao,3,1,147,96.71,Random Forest,RF_2025_V1
1366,2025-01-01,2025,Operations,Warehouse Supervisor,5,32,29,2,175,True,4,4,4,81399000,12,1,False,0,0.1230529779297582,12.31,0,0.16908819344089202,Trung bình,2,0,2384,46.22,Random Forest,RF_2025_V1
1372,2025-01-01,2025,Marketing,Content Specialist,2,42,16,1,184,False,4,2,3,18552000,14,0,True,0,0.13639695970617344,13.64,0,0.16908819344089202,Trung bình,2,0,2076,53.17,Random Forest,RF_2025_V1
1375,2025-01-01,2025,Finance,Finance Manager,1,32,8,4,182,False,4,3,4,14838000,6,6,False,0,0.07703231854406872,7.7,0,0.16908819344089202,Thấp,1,0,3745,15.5,Random Forest,RF_2025_V1
1376,2025-01-01,2025,Sales,Sales Representative,4,55,38,2,156,False,3,4,4,61923000,3,3,False,0,0.061439162278348364,6.14,0,0.16908819344089202,Thấp,1,0,4254,4.02,Random Forest,RF_2025_V1
1380,2025-01-01,2025,Marketing,Digital Marketing Specialist,2,42,10,1,204,True,5,3,3,20961000,13,2,False,0,0.12686788959845294,12.69,0,0.16908819344089202,Trung bình,2,0,2304,48.03,Random Forest,RF_2025_V1
1383,2025-01-01,2025,Sales,Sales Supervisor,2,53,3,6,237,False,3,3,3,14164000,3,2,False,0,0.1585088229242634,15.85,0,0.16908819344089202,Trung bình,2,0,1647,62.85,Random Forest,RF_2025_V1
1386,2025-01-01,2025,Marketing,Digital Marketing Specialist,1,37,7,5,232,True,4,2,4,10701000,5,5,False,1,0.3534431091294254,35.34,1,0.16908819344089202,Cao,3,1,148,96.68,Random Forest,RF_2025_V1
1388,2025-01-01,2025,Marketing,Digital Marketing Specialist,2,33,6,4,159,False,4,1,1,22259000,12,0,True,0,0.1776826248828881,17.77,1,0.16908819344089202,Cao,3,1,1365,69.22,Random Forest,RF_2025_V1
1392,2025-01-01,2025,Finance,Financial Analyst,4,43,24,3,177,True,3,4,3,52129000,15,6,False,0,0.16332194742774095,16.33,0,0.16908819344089202,Trung bình,2,0,1569,64.61,Random Forest,RF_2025_V1
1393,2025-01-01,2025,Sales,Sales Supervisor,4,51,18,3,183,True,4,4,3,47075000,3,3,False,0,0.11213633062074528,11.21,0,0.16908819344089202,Trung bình,2,0,2684,39.45,Random Forest,RF_2025_V1
1394,2025-01-01,2025,Marketing,Content Specialist,2,44,35,3,210,False,1,3,2,19203000,1,1,False,0,0.09460642130262659,9.46,0,0.16908819344089202,Thấp,1,0,3119,29.63,Random Forest,RF_2025_V1
1395,2025-01-01,2025,Human Resources,HR Manager,1,27,32,3,173,False,4,4,2,8982000,2,2,False,0,0.0702379467310921,7.02,0,0.16908819344089202,Thấp,1,0,3990,9.98,Random Forest,RF_2025_V1
1397,2025-01-01,2025,Finance,Accountant,2,42,39,1,181,False,3,3,1,24805000,7,1,False,0,0.0864883582653096,8.65,0,0.16908819344089202,Thấp,1,0,3372,23.92,Random Forest,RF_2025_V1
1398,2025-01-01,2025,Operations,Warehouse Supervisor,1,28,19,4,175,False,3,3,2,18219000,7,7,False,0,0.13354165172029944,13.35,0,0.16908819344089202,Trung bình,2,0,2146,51.59,Random Forest,RF_2025_V1
1399,2025-01-01,2025,Finance,Finance Manager,3,49,25,4,189,False,5,3,4,24632000,3,0,True,0,0.06820409399304432,6.82,0,0.16908819344089202,Thấp,1,0,4053,8.55,Random Forest,RF_2025_V1
1402,2025-01-01,2025,Marketing,Digital Marketing Specialist,3,44,3,5,178,False,4,3,3,22675000,1,1,False,0,0.07333348303975389,7.33,0,0.16908819344089202,Thấp,1,0,3893,12.16,Random Forest,RF_2025_V1
1404,2025-01-01,2025,Finance,Finance Manager,1,51,3,3,172,False,2,1,4,15168000,14,14,False,0,0.13890906836294417,13.89,0,0.16908819344089202,Trung bình,2,0,2007,54.73,Random Forest,RF_2025_V1
1406,2025-01-01,2025,Sales,Sales Supervisor,2,43,1,1,194,True,4,4,2,19723000,5,5,False,0,0.2156056141534707,21.56,1,0.16908819344089202,Cao,3,1,969,78.15,Random Forest,RF_2025_V1
1407,2025-01-01,2025,Operations,Operations Manager,2,44,5,6,208,False,4,4,2,13714000,3,2,False,0,0.09921581400496218,9.92,0,0.16908819344089202,Thấp,1,0,3024,31.78,Random Forest,RF_2025_V1
1410,2025-01-01,2025,Information Technology,IT Support,1,34,30,1,194,True,4,4,4,17041000,8,8,False,0,0.1639536343799797,16.4,0,0.16908819344089202,Trung bình,2,0,1561,64.79,Random Forest,RF_2025_V1
1412,2025-01-01,2025,Sales,Account Manager,2,30,30,3,201,False,2,3,2,14210000,2,1,False,0,0.08303295272937213,8.3,0,0.16908819344089202,Thấp,1,0,3487,21.33,Random Forest,RF_2025_V1
1413,2025-01-01,2025,Human Resources,HR Manager,2,51,23,4,217,True,4,4,2,24910000,12,12,False,0,0.2686048558717142,26.86,1,0.16908819344089202,Cao,3,1,510,88.51,Random Forest,RF_2025_V1
1415,2025-01-01,2025,Sales,Sales Executive,2,48,20,6,221,False,5,2,3,26034000,10,10,False,0,0.23460280588724705,23.46,1,0.16908819344089202,Cao,3,1,783,82.35,Random Forest,RF_2025_V1
1418,2025-01-01,2025,Marketing,Marketing Executive,2,30,7,3,233,True,5,2,3,16296000,1,1,False,0,0.2868157647787914,28.68,1,0.16908819344089202,Cao,3,1,385,91.33,Random Forest,RF_2025_V1
1421,2025-01-01,2025,Marketing,Content Specialist,1,48,33,3,202,False,4,1,4,12647000,10,10,False,1,0.14065864732399852,14.07,0,0.16908819344089202,Trung bình,2,0,1963,55.72,Random Forest,RF_2025_V1
1425,2025-01-01,2025,Human Resources,HR Executive,3,43,38,3,165,False,3,2,3,48703000,15,15,False,0,0.15025097623423664,15.03,0,0.16908819344089202,Trung bình,2,0,1785,59.74,Random Forest,RF_2025_V1
1428,2025-01-01,2025,Sales,Sales Supervisor,4,47,9,1,153,False,4,3,1,50169000,2,2,False,1,0.07616042731377369,7.62,0,0.16908819344089202,Thấp,1,0,3779,14.74,Random Forest,RF_2025_V1
1429,2025-01-01,2025,Information Technology,IT Support,5,50,30,3,239,True,3,3,4,67532000,11,3,False,0,0.18847661568647237,18.85,1,0.16908819344089202,Cao,3,1,1244,71.95,Random Forest,RF_2025_V1
1430,2025-01-01,2025,Operations,Warehouse Supervisor,2,36,25,3,204,False,3,2,3,19412000,8,1,False,0,0.12775868253851153,12.78,0,0.16908819344089202,Trung bình,2,0,2281,48.54,Random Forest,RF_2025_V1
1431,2025-01-01,2025,Finance,Internal Auditor,1,29,24,5,241,True,3,3,2,8501000,1,1,False,0,0.2801939435010564,28.02,1,0.16908819344089202,Cao,3,1,428,90.36,Random Forest,RF_2025_V1
1432,2025-01-01,2025,Sales,Sales Supervisor,1,27,37,6,222,False,2,3,4,11448000,6,6,False,0,0.14001838672789282,14.0,0,0.16908819344089202,Trung bình,2,0,1975,55.45,Random Forest,RF_2025_V1
1433,2025-01-01,2025,Finance,Internal Auditor,3,35,22,2,192,True,4,1,3,33743000,7,7,False,0,0.2693542975205157,26.94,1,0.16908819344089202,Cao,3,1,503,88.67,Random Forest,RF_2025_V1
1434,2025-01-01,2025,Marketing,Content Specialist,1,32,23,1,222,True,4,2,3,19026000,6,6,False,1,0.29916175717595794,29.92,1,0.16908819344089202,Cao,3,1,336,92.44,Random Forest,RF_2025_V1
1437,2025-01-01,2025,Marketing,Content Specialist,3,46,20,2,189,True,4,2,4,29706000,2,2,False,0,0.18618042414562164,18.62,1,0.16908819344089202,Cao,3,1,1267,71.43,Random Forest,RF_2025_V1
1438,2025-01-01,2025,Information Technology,QA Engineer,1,25,24,4,235,True,4,3,2,11846000,2,2,False,0,0.25339865790967125,25.34,1,0.16908819344089202,Cao,3,1,629,85.83,Random Forest,RF_2025_V1
1439,2025-01-01,2025,Information Technology,Software Engineer,3,42,12,3,240,True,3,2,1,24295000,4,3,False,1,0.40076938159282816,40.08,1,0.16908819344089202,Cao,3,1,54,98.8,Random Forest,RF_2025_V1
1443,2025-01-01,2025,Finance,Internal Auditor,1,33,18,3,197,True,2,4,3,10761000,6,6,False,0,0.17994031386039125,17.99,1,0.16908819344089202,Cao,3,1,1336,69.87,Random Forest,RF_2025_V1
1446,2025-01-01,2025,Operations,Operations Executive,4,50,22,1,203,False,2,3,2,36822000,4,1,False,0,0.10753840359213139,10.75,0,0.16908819344089202,Trung bình,2,0,2827,36.22,Random Forest,RF_2025_V1
1448,2025-01-01,2025,Human Resources,HR Executive,3,38,21,3,146,False,4,4,4,30489000,2,2,False,0,0.054410886689981945,5.44,0,0.16908819344089202,Thấp,1,0,4400,0.72,Random Forest,RF_2025_V1
1450,2025-01-01,2025,Operations,Warehouse Supervisor,5,44,5,8,203,False,3,4,3,95147000,12,4,False,0,0.098427675951935,9.84,0,0.16908819344089202,Thấp,1,0,3042,31.37,Random Forest,RF_2025_V1
1453,2025-01-01,2025,Finance,Internal Auditor,1,41,6,3,178,False,3,3,3,10952000,3,3,False,0,0.0673457768408091,6.73,0,0.16908819344089202,Thấp,1,0,4077,8.01,Random Forest,RF_2025_V1
1456,2025-01-01,2025,Sales,Sales Representative,1,32,29,8,221,False,2,4,4,11476000,9,9,False,0,0.14998158478130427,15.0,0,0.16908819344089202,Trung bình,2,0,1791,59.6,Random Forest,RF_2025_V1
1457,2025-01-01,2025,Human Resources,Recruiter,3,42,31,5,227,True,3,1,4,46935000,11,11,False,0,0.36584810060866224,36.58,1,0.16908819344089202,Cao,3,1,117,97.38,Random Forest,RF_2025_V1
1460,2025-01-01,2025,Human Resources,Recruiter,3,38,14,8,218,False,3,4,4,24622000,4,2,False,0,0.09539792656986738,9.54,0,0.16908819344089202,Thấp,1,0,3102,30.02,Random Forest,RF_2025_V1
1461,2025-01-01,2025,Human Resources,HR Manager,3,29,3,2,234,True,4,1,1,36198000,2,2,False,1,0.34985423922238257,34.99,1,0.16908819344089202,Cao,3,1,153,96.57,Random Forest,RF_2025_V1
1462,2025-01-01,2025,Operations,Operations Manager,3,47,9,6,170,False,4,2,4,32790000,4,4,False,1,0.15862054970265316,15.86,0,0.16908819344089202,Trung bình,2,0,1644,62.92,Random Forest,RF_2025_V1
1464,2025-01-01,2025,Information Technology,System Administrator,2,43,37,4,199,False,3,3,4,21403000,2,2,False,0,0.0645644463138445,6.46,0,0.16908819344089202,Thấp,1,0,4163,6.07,Random Forest,RF_2025_V1
1465,2025-01-01,2025,Information Technology,QA Engineer,3,41,28,6,233,True,2,2,3,50035000,14,14,False,1,0.40639924534785854,40.64,1,0.16908819344089202,Cao,3,1,41,99.1,Random Forest,RF_2025_V1
1466,2025-01-01,2025,Information Technology,IT Support,5,48,18,6,222,True,3,1,1,93458000,8,6,False,0,0.40848723681686505,40.85,1,0.16908819344089202,Cao,3,1,33,99.28,Random Forest,RF_2025_V1
1470,2025-01-01,2025,Marketing,Marketing Executive,4,28,25,4,204,False,4,4,4,41292000,8,1,False,0,0.06732345628415971,6.73,0,0.16908819344089202,Thấp,1,0,4079,7.97,Random Forest,RF_2025_V1
1474,2025-01-01,2025,Marketing,Marketing Executive,2,49,36,2,166,False,4,4,3,27529000,7,7,False,0,0.0666479683338877,6.66,0,0.16908819344089202,Thấp,1,0,4098,7.54,Random Forest,RF_2025_V1
1475,2025-01-01,2025,Finance,Accountant,2,31,18,5,189,False,3,4,4,13281000,3,1,False,0,0.062077253504341706,6.21,0,0.16908819344089202,Thấp,1,0,4243,4.27,Random Forest,RF_2025_V1
1478,2025-01-01,2025,Marketing,Content Specialist,3,39,15,8,215,False,4,4,4,27945000,9,5,False,0,0.09947862056626176,9.95,0,0.16908819344089202,Thấp,1,0,3013,32.02,Random Forest,RF_2025_V1
1479,2025-01-01,2025,Sales,Sales Supervisor,1,47,29,2,192,False,4,4,3,12944000,1,1,False,0,0.07223475169762626,7.22,0,0.16908819344089202,Thấp,1,0,3921,11.53,Random Forest,RF_2025_V1
1480,2025-01-01,2025,Human Resources,C&B Specialist,1,41,19,3,185,False,5,4,4,11877000,10,10,False,0,0.07799903936431676,7.8,0,0.16908819344089202,Thấp,1,0,3711,16.27,Random Forest,RF_2025_V1
1481,2025-01-01,2025,Information Technology,System Administrator,2,39,31,3,185,False,4,3,3,16008000,2,2,False,0,0.060836109019480715,6.08,0,0.16908819344089202,Thấp,1,0,4279,3.45,Random Forest,RF_2025_V1
1482,2025-01-01,2025,Human Resources,HR Manager,1,36,15,5,187,True,5,3,2,11601000,3,3,False,0,0.1649482362385851,16.49,0,0.16908819344089202,Trung bình,2,0,1543,65.2,Random Forest,RF_2025_V1
1484,2025-01-01,2025,Information Technology,System Administrator,1,34,27,1,176,False,3,1,4,9843000,2,2,False,0,0.08256180226459357,8.26,0,0.16908819344089202,Thấp,1,0,3507,20.88,Random Forest,RF_2025_V1
1486,2025-01-01,2025,Operations,Operations Executive,3,34,16,3,182,False,3,2,1,33759000,2,2,False,0,0.15656891866433084,15.66,0,0.16908819344089202,Trung bình,2,0,1676,62.2,Random Forest,RF_2025_V1
1490,2025-01-01,2025,Finance,Accountant,2,28,4,2,161,False,2,4,4,21043000,1,1,False,0,0.0779724377430636,7.8,0,0.16908819344089202,Thấp,1,0,3713,16.23,Random Forest,RF_2025_V1
1491,2025-01-01,2025,Sales,Sales Supervisor,3,45,27,3,189,False,4,4,3,22499000,3,2,False,0,0.06231534990958595,6.23,0,0.16908819344089202,Thấp,1,0,4234,4.47,Random Forest,RF_2025_V1
1493,2025-01-01,2025,Human Resources,C&B Specialist,3,27,12,2,182,True,5,4,2,25254000,2,2,False,0,0.13289663505926297,13.29,0,0.16908819344089202,Trung bình,2,0,2164,51.18,Random Forest,RF_2025_V1
1496,2025-01-01,2025,Human Resources,HR Manager,3,42,26,3,190,False,5,3,2,20000000,5,0,True,0,0.10312485874023347,10.31,0,0.16908819344089202,Trung bình,2,0,2916,34.21,Random Forest,RF_2025_V1
1498,2025-01-01,2025,Finance,Finance Manager,2,43,4,3,209,False,3,4,3,21925000,4,4,False,0,0.0781529520655859,7.82,0,0.16908819344089202,Thấp,1,0,3700,16.52,Random Forest,RF_2025_V1
1499,2025-01-01,2025,Marketing,Marketing Executive,4,26,14,1,191,True,3,3,2,46864000,1,1,False,0,0.15940567115633214,15.94,0,0.16908819344089202,Trung bình,2,0,1628,63.28,Random Forest,RF_2025_V1
1500,2025-01-01,2025,Finance,Financial Analyst,1,54,39,2,179,False,4,4,2,17708000,9,9,False,0,0.10205009965428746,10.21,0,0.16908819344089202,Trung bình,2,0,2951,33.42,Random Forest,RF_2025_V1
1506,2025-01-01,2025,Marketing,Marketing Manager,2,44,7,4,184,False,3,4,4,20097000,5,5,False,0,0.06318307681458818,6.32,0,0.16908819344089202,Thấp,1,0,4208,5.06,Random Forest,RF_2025_V1
1508,2025-01-01,2025,Marketing,Digital Marketing Specialist,2,47,17,2,252,False,2,3,3,15967000,10,4,False,0,0.1443632623590652,14.44,0,0.16908819344089202,Trung bình,2,0,1887,57.44,Random Forest,RF_2025_V1
1509,2025-01-01,2025,Operations,Operations Executive,2,27,5,2,173,False,5,2,2,21167000,5,5,False,0,0.1926832084888947,19.27,1,0.16908819344089202,Cao,3,1,1201,72.92,Random Forest,RF_2025_V1
1511,2025-01-01,2025,Operations,Procurement Specialist,3,36,33,4,214,True,5,4,2,29345000,3,3,False,0,0.17291038618998664,17.29,1,0.16908819344089202,Cao,3,1,1443,67.46,Random Forest,RF_2025_V1
1512,2025-01-01,2025,Human Resources,HR Manager,5,37,28,4,201,False,4,3,1,93932000,13,2,False,0,0.10754789945224989,10.75,0,0.16908819344089202,Trung bình,2,0,2826,36.24,Random Forest,RF_2025_V1
1513,2025-01-01,2025,Marketing,Marketing Manager,3,29,33,7,194,False,4,1,4,35563000,1,1,False,0,0.1332235333985984,13.32,0,0.16908819344089202,Trung bình,2,0,2155,51.39,Random Forest,RF_2025_V1
1516,2025-01-01,2025,Information Technology,System Administrator,2,49,33,5,219,True,3,4,4,32835000,10,10,False,0,0.22075927449510577,22.08,1,0.16908819344089202,Cao,3,1,906,79.58,Random Forest,RF_2025_V1
1517,2025-01-01,2025,Operations,Procurement Specialist,1,50,17,2,160,False,4,2,4,8751000,1,1,False,0,0.10824769107164696,10.82,0,0.16908819344089202,Trung bình,2,0,2802,36.79,Random Forest,RF_2025_V1
1519,2025-01-01,2025,Finance,Accountant,4,54,32,2,237,False,4,1,2,37911000,14,1,False,1,0.23517347824515905,23.52,1,0.16908819344089202,Cao,3,1,776,82.51,Random Forest,RF_2025_V1
1523,2025-01-01,2025,Sales,Sales Supervisor,2,52,6,5,206,False,5,1,2,17735000,5,2,False,0,0.17486524943309945,17.49,1,0.16908819344089202,Cao,3,1,1409,68.22,Random Forest,RF_2025_V1
1525,2025-01-01,2025,Operations,Procurement Specialist,1,50,8,5,208,False,3,2,2,8391000,2,2,False,0,0.15292866055188303,15.29,0,0.16908819344089202,Trung bình,2,0,1737,60.82,Random Forest,RF_2025_V1
1526,2025-01-01,2025,Information Technology,Software Engineer,2,45,15,5,191,False,4,4,3,20499000,3,3,False,0,0.0637575587824052,6.38,0,0.16908819344089202,Thấp,1,0,4192,5.42,Random Forest,RF_2025_V1
1528,2025-01-01,2025,Marketing,Digital Marketing Specialist,4,48,21,2,156,False,4,4,4,39821000,7,0,True,0,0.06022922535180063,6.02,0,0.16908819344089202,Thấp,1,0,4292,3.16,Random Forest,RF_2025_V1
1529,2025-01-01,2025,Human Resources,C&B Specialist,2,37,31,2,173,False,4,3,4,15293000,2,0,True,0,0.05966062706774309,5.97,0,0.16908819344089202,Thấp,1,0,4306,2.84,Random Forest,RF_2025_V1
1530,2025-01-01,2025,Marketing,Marketing Executive,1,47,8,3,176,False,3,4,1,9937000,1,1,False,0,0.09705014591385629,9.71,0,0.16908819344089202,Thấp,1,0,3064,30.87,Random Forest,RF_2025_V1
1532,2025-01-01,2025,Human Resources,Recruiter,1,33,4,3,168,False,3,4,4,9205000,1,1,False,0,0.07790546104935932,7.79,0,0.16908819344089202,Thấp,1,0,3715,16.18,Random Forest,RF_2025_V1
1535,2025-01-01,2025,Sales,Account Manager,5,25,20,5,198,False,4,4,3,72004000,5,1,False,0,0.08782360142865007,8.78,0,0.16908819344089202,Thấp,1,0,3326,24.96,Random Forest,RF_2025_V1
1536,2025-01-01,2025,Sales,Sales Executive,3,51,32,4,173,False,3,4,1,40987000,11,11,False,1,0.09621558815466641,9.62,0,0.16908819344089202,Thấp,1,0,3084,30.42,Random Forest,RF_2025_V1
1537,2025-01-01,2025,Marketing,Digital Marketing Specialist,4,49,39,3,159,False,3,4,2,42919000,9,1,False,0,0.07857379347337501,7.86,0,0.16908819344089202,Thấp,1,0,3683,16.9,Random Forest,RF_2025_V1
1540,2025-01-01,2025,Information Technology,System Administrator,2,25,32,4,161,False,4,4,4,16407000,2,0,True,0,0.06090694324339714,6.09,0,0.16908819344089202,Thấp,1,0,4276,3.52,Random Forest,RF_2025_V1
1542,2025-01-01,2025,Human Resources,HR Executive,1,41,22,5,213,True,3,4,2,15654000,8,8,False,1,0.24514540630106496,24.51,1,0.16908819344089202,Cao,3,1,699,84.25,Random Forest,RF_2025_V1
1543,2025-01-01,2025,Sales,Sales Executive,4,49,9,4,205,False,4,4,3,44053000,2,2,False,0,0.06032051674688332,6.03,0,0.16908819344089202,Thấp,1,0,4291,3.18,Random Forest,RF_2025_V1
1546,2025-01-01,2025,Marketing,Digital Marketing Specialist,1,49,40,2,213,True,3,1,4,13858000,7,7,False,1,0.22481212465282718,22.48,1,0.16908819344089202,Cao,3,1,865,80.5,Random Forest,RF_2025_V1
1547,2025-01-01,2025,Operations,Warehouse Supervisor,2,27,1,4,215,True,4,3,1,15832000,1,1,False,0,0.21280389502274175,21.28,1,0.16908819344089202,Cao,3,1,1004,77.36,Random Forest,RF_2025_V1
1548,2025-01-01,2025,Finance,Finance Manager,1,42,31,1,162,False,3,2,3,16786000,15,15,False,0,0.14772426573549885,14.77,0,0.16908819344089202,Trung bình,2,0,1832,58.68,Random Forest,RF_2025_V1
1550,2025-01-01,2025,Marketing,Content Specialist,3,25,30,3,199,True,3,4,3,34375000,2,2,False,0,0.12478412808737598,12.48,0,0.16908819344089202,Trung bình,2,0,2342,47.17,Random Forest,RF_2025_V1
1557,2025-01-01,2025,Finance,Internal Auditor,5,36,1,1,189,False,4,4,3,64923000,8,2,False,0,0.06643140314408855,6.64,0,0.16908819344089202,Thấp,1,0,4107,7.33,Random Forest,RF_2025_V1
1559,2025-01-01,2025,Operations,Operations Manager,2,40,1,6,202,False,5,3,3,22757000,2,2,False,0,0.08434599494843266,8.43,0,0.16908819344089202,Thấp,1,0,3442,22.34,Random Forest,RF_2025_V1
1560,2025-01-01,2025,Finance,Internal Auditor,3,49,17,4,221,True,5,3,4,25931000,14,0,True,1,0.23054214171441104,23.05,1,0.16908819344089202,Cao,3,1,826,81.38,Random Forest,RF_2025_V1
1562,2025-01-01,2025,Human Resources,C&B Specialist,2,54,38,4,204,True,3,2,4,14176000,1,1,False,1,0.23102530187395293,23.1,1,0.16908819344089202,Cao,3,1,821,81.49,Random Forest,RF_2025_V1
1564,2025-01-01,2025,Sales,Account Manager,1,36,18,1,185,False,4,4,2,10642000,1,1,False,0,0.09495283160592129,9.5,0,0.16908819344089202,Thấp,1,0,3114,29.74,Random Forest,RF_2025_V1
1565,2025-01-01,2025,Marketing,Content Specialist,1,25,34,1,199,True,4,2,2,12552000,2,2,False,0,0.24631991195377695,24.63,1,0.16908819344089202,Cao,3,1,691,84.43,Random Forest,RF_2025_V1
1568,2025-01-01,2025,Finance,Internal Auditor,3,54,7,3,177,False,4,1,4,35831000,14,6,False,1,0.1412094183698849,14.12,0,0.16908819344089202,Trung bình,2,0,1955,55.9,Random Forest,RF_2025_V1
1570,2025-01-01,2025,Information Technology,Software Engineer,1,28,15,3,206,True,3,3,4,10622000,3,3,False,0,0.13367625017343343,13.37,0,0.16908819344089202,Trung bình,2,0,2143,51.66,Random Forest,RF_2025_V1
1571,2025-01-01,2025,Finance,Financial Analyst,4,35,16,3,166,False,3,3,4,51047000,4,2,False,0,0.06072653326540455,6.07,0,0.16908819344089202,Thấp,1,0,4284,3.34,Random Forest,RF_2025_V1
1576,2025-01-01,2025,Operations,Warehouse Supervisor,3,43,32,4,177,False,3,3,2,34003000,9,1,False,0,0.1016029703892214,10.16,0,0.16908819344089202,Trung bình,2,0,2958,33.27,Random Forest,RF_2025_V1
1579,2025-01-01,2025,Operations,Operations Executive,3,34,25,2,215,True,5,2,2,25696000,1,1,False,0,0.2522799873253687,25.23,1,0.16908819344089202,Cao,3,1,638,85.62,Random Forest,RF_2025_V1
1581,2025-01-01,2025,Information Technology,System Administrator,2,35,6,3,209,True,4,3,3,18953000,13,4,False,0,0.17725965961914214,17.73,1,0.16908819344089202,Cao,3,1,1375,68.99,Random Forest,RF_2025_V1
1584,2025-01-01,2025,Finance,Financial Analyst,1,28,25,4,214,False,3,3,4,12574000,3,3,False,0,0.06909798201161287,6.91,0,0.16908819344089202,Thấp,1,0,4026,9.16,Random Forest,RF_2025_V1
1585,2025-01-01,2025,Sales,Sales Representative,3,30,18,6,216,False,4,4,4,34956000,10,10,False,0,0.11136989518622512,11.14,0,0.16908819344089202,Trung bình,2,0,2709,38.89,Random Forest,RF_2025_V1
1586,2025-01-01,2025,Marketing,Digital Marketing Specialist,3,44,2,3,204,False,3,2,3,33444000,15,5,False,0,0.1366856214496025,13.67,0,0.16908819344089202,Trung bình,2,0,2070,53.31,Random Forest,RF_2025_V1
1589,2025-01-01,2025,Information Technology,IT Support,3,25,30,1,193,True,3,2,3,37491000,3,3,False,0,0.21195039018152914,21.2,1,0.16908819344089202,Cao,3,1,1012,77.18,Random Forest,RF_2025_V1
1590,2025-01-01,2025,Finance,Internal Auditor,3,31,23,7,220,False,3,2,3,23499000,4,0,True,1,0.21704993544842552,21.7,1,0.16908819344089202,Cao,3,1,950,78.58,Random Forest,RF_2025_V1
1591,2025-01-01,2025,Finance,Finance Manager,1,27,37,1,149,False,3,1,4,8387000,1,1,False,1,0.10686059117682949,10.69,0,0.16908819344089202,Trung bình,2,0,2846,35.79,Random Forest,RF_2025_V1
1592,2025-01-01,2025,Marketing,Marketing Manager,1,46,23,3,196,False,3,4,4,8653000,3,3,False,1,0.05681561067548293,5.68,0,0.16908819344089202,Thấp,1,0,4367,1.47,Random Forest,RF_2025_V1
1593,2025-01-01,2025,Sales,Sales Executive,2,54,27,1,167,False,3,2,2,21692000,8,8,False,1,0.17572088140590764,17.57,1,0.16908819344089202,Cao,3,1,1398,68.47,Random Forest,RF_2025_V1
1598,2025-01-01,2025,Marketing,Digital Marketing Specialist,5,50,28,2,175,False,3,1,3,64881000,8,2,False,0,0.12190935965831338,12.19,0,0.16908819344089202,Trung bình,2,0,2415,45.52,Random Forest,RF_2025_V1
1600,2025-01-01,2025,Human Resources,HR Manager,1,34,6,5,225,True,3,2,3,8856000,2,2,False,1,0.28841284204439055,28.84,1,0.16908819344089202,Cao,3,1,380,91.45,Random Forest,RF_2025_V1
1603,2025-01-01,2025,Information Technology,Data Analyst,3,46,9,4,229,True,4,2,3,24931000,3,3,False,1,0.2995221111492585,29.95,1,0.16908819344089202,Cao,3,1,333,92.51,Random Forest,RF_2025_V1
1604,2025-01-01,2025,Human Resources,HR Manager,1,45,10,1,174,False,3,3,4,14285000,10,10,False,0,0.08095953036261755,8.1,0,0.16908819344089202,Thấp,1,0,3573,19.39,Random Forest,RF_2025_V1
1605,2025-01-01,2025,Information Technology,System Administrator,3,48,14,8,258,True,3,3,1,26836000,14,0,True,0,0.3407928589257939,34.08,1,0.16908819344089202,Cao,3,1,186,95.82,Random Forest,RF_2025_V1
1611,2025-01-01,2025,Finance,Financial Analyst,5,32,11,5,211,False,2,2,2,92646000,10,1,False,0,0.18887319631481145,18.89,1,0.16908819344089202,Cao,3,1,1239,72.06,Random Forest,RF_2025_V1
1612,2025-01-01,2025,Information Technology,Data Analyst,2,41,12,1,164,False,2,2,3,16741000,2,2,False,0,0.09861041357122617,9.86,0,0.16908819344089202,Thấp,1,0,3037,31.48,Random Forest,RF_2025_V1
1618,2025-01-01,2025,Information Technology,System Administrator,3,55,39,5,199,True,2,4,2,28098000,12,5,False,0,0.21981288619719588,21.98,1,0.16908819344089202,Cao,3,1,922,79.21,Random Forest,RF_2025_V1
1620,2025-01-01,2025,Sales,Sales Executive,2,33,2,5,173,False,4,1,4,22102000,3,3,False,0,0.08930219604474306,8.93,0,0.16908819344089202,Thấp,1,0,3287,25.84,Random Forest,RF_2025_V1
1621,2025-01-01,2025,Information Technology,Software Engineer,4,38,32,4,183,False,4,4,1,37253000,9,1,False,0,0.09140939738674284,9.14,0,0.16908819344089202,Thấp,1,0,3216,27.44,Random Forest,RF_2025_V1
1623,2025-01-01,2025,Human Resources,HR Manager,3,39,28,6,225,True,3,3,1,38812000,15,15,False,0,0.3952774115032555,39.53,1,0.16908819344089202,Cao,3,1,63,98.6,Random Forest,RF_2025_V1
1624,2025-01-01,2025,Sales,Sales Representative,2,40,22,2,161,False,4,1,3,18237000,1,1,False,0,0.11045439472608493,11.05,0,0.16908819344089202,Trung bình,2,0,2740,38.19,Random Forest,RF_2025_V1
1629,2025-01-01,2025,Human Resources,Recruiter,2,42,13,3,161,False,4,3,4,18721000,4,4,False,0,0.08282949663360903,8.28,0,0.16908819344089202,Thấp,1,0,3493,21.19,Random Forest,RF_2025_V1
1630,2025-01-01,2025,Information Technology,Software Engineer,4,52,9,2,149,False,3,2,1,44933000,15,3,False,0,0.1659745015277256,16.6,0,0.16908819344089202,Trung bình,2,0,1532,65.45,Random Forest,RF_2025_V1
1631,2025-01-01,2025,Finance,Financial Analyst,1,55,16,3,182,True,4,1,4,11644000,2,2,False,0,0.21194226551971782,21.19,1,0.16908819344089202,Cao,3,1,1013,77.16,Random Forest,RF_2025_V1
1636,2025-01-01,2025,Marketing,Marketing Manager,4,43,13,3,177,False,2,4,2,45525000,8,1,False,0,0.08677009904659694,8.68,0,0.16908819344089202,Thấp,1,0,3357,24.26,Random Forest,RF_2025_V1
1639,2025-01-01,2025,Operations,Procurement Specialist,2,36,32,6,200,False,3,4,4,22626000,2,2,False,0,0.07388648621945325,7.39,0,0.16908819344089202,Thấp,1,0,3868,12.73,Random Forest,RF_2025_V1
1640,2025-01-01,2025,Marketing,Marketing Executive,2,39,11,4,191,False,3,2,2,23779000,7,7,False,0,0.17654931222960754,17.65,1,0.16908819344089202,Cao,3,1,1387,68.72,Random Forest,RF_2025_V1
1642,2025-01-01,2025,Marketing,Marketing Manager,3,52,31,2,181,False,4,2,3,25298000,2,1,False,0,0.10127294729652919,10.13,0,0.16908819344089202,Trung bình,2,0,2966,33.09,Random Forest,RF_2025_V1
1643,2025-01-01,2025,Finance,Financial Analyst,2,39,11,4,206,False,4,4,4,19718000,1,1,False,0,0.08101801337741431,8.1,0,0.16908819344089202,Thấp,1,0,3570,19.45,Random Forest,RF_2025_V1
1645,2025-01-01,2025,Marketing,Marketing Manager,1,43,40,5,186,False,3,3,4,11343000,6,6,False,0,0.0626312538634175,6.26,0,0.16908819344089202,Thấp,1,0,4224,4.69,Random Forest,RF_2025_V1
1646,2025-01-01,2025,Human Resources,C&B Specialist,2,35,29,2,210,True,3,4,3,17539000,4,4,False,0,0.16810726893337102,16.81,0,0.16908819344089202,Trung bình,2,0,1504,66.08,Random Forest,RF_2025_V1
1647,2025-01-01,2025,Human Resources,HR Executive,2,26,35,1,206,True,3,3,3,14383000,5,1,False,0,0.13257115983083528,13.26,0,0.16908819344089202,Trung bình,2,0,2174,50.96,Random Forest,RF_2025_V1
1648,2025-01-01,2025,Information Technology,QA Engineer,2,49,14,5,189,False,4,2,4,23145000,4,4,False,0,0.15663464380834394,15.66,0,0.16908819344089202,Trung bình,2,0,1675,62.22,Random Forest,RF_2025_V1
1649,2025-01-01,2025,Finance,Finance Manager,2,36,21,3,201,True,2,2,4,22705000,9,9,False,0,0.26097273568231844,26.1,1,0.16908819344089202,Cao,3,1,571,87.14,Random Forest,RF_2025_V1
1651,2025-01-01,2025,Human Resources,HR Manager,2,48,20,1,166,False,3,3,1,20950000,4,4,False,0,0.11707255947981779,11.71,0,0.16908819344089202,Trung bình,2,0,2534,42.83,Random Forest,RF_2025_V1
1655,2025-01-01,2025,Operations,Warehouse Supervisor,2,26,28,1,179,False,2,2,3,13965000,3,2,False,0,0.10149401774580552,10.15,0,0.16908819344089202,Trung bình,2,0,2962,33.18,Random Forest,RF_2025_V1
1657,2025-01-01,2025,Information Technology,Software Engineer,1,32,13,2,187,False,4,2,4,12307000,4,4,False,0,0.13863568088575529,13.86,0,0.16908819344089202,Trung bình,2,0,2018,54.48,Random Forest,RF_2025_V1
1659,2025-01-01,2025,Operations,Operations Manager,3,51,40,3,163,False,2,2,3,20000000,11,0,True,0,0.13478079622920128,13.48,0,0.16908819344089202,Trung bình,2,0,2118,52.22,Random Forest,RF_2025_V1
1663,2025-01-01,2025,Operations,Operations Executive,2,25,34,4,176,False,4,2,3,18351000,3,3,False,0,0.099852708989271,9.99,0,0.16908819344089202,Thấp,1,0,3004,32.23,Random Forest,RF_2025_V1
1665,2025-01-01,2025,Information Technology,IT Support,2,26,25,2,179,False,3,3,2,19894000,1,1,False,0,0.09930909889573881,9.93,0,0.16908819344089202,Thấp,1,0,3022,31.82,Random Forest,RF_2025_V1
1670,2025-01-01,2025,Human Resources,C&B Specialist,3,30,14,4,185,False,3,3,4,20000000,2,0,True,1,0.07094194709009627,7.09,0,0.16908819344089202,Thấp,1,0,3968,10.47,Random Forest,RF_2025_V1
1673,2025-01-01,2025,Human Resources,Recruiter,3,52,1,6,196,False,3,2,3,29178000,7,6,False,1,0.17045612814097896,17.05,1,0.16908819344089202,Cao,3,1,1474,66.76,Random Forest,RF_2025_V1
1676,2025-01-01,2025,Sales,Account Manager,5,39,26,4,219,True,3,4,3,110805000,15,4,False,0,0.19554650974490925,19.55,1,0.16908819344089202,Cao,3,1,1176,73.48,Random Forest,RF_2025_V1
1678,2025-01-01,2025,Operations,Operations Executive,2,25,38,4,252,True,3,3,3,18924000,1,1,False,0,0.2524283531348706,25.24,1,0.16908819344089202,Cao,3,1,636,85.67,Random Forest,RF_2025_V1
1679,2025-01-01,2025,Information Technology,System Administrator,1,25,35,4,218,True,4,4,2,10850000,3,3,False,0,0.1649401544303093,16.49,0,0.16908819344089202,Trung bình,2,0,1544,65.18,Random Forest,RF_2025_V1
1680,2025-01-01,2025,Information Technology,Data Analyst,3,27,20,4,228,True,2,1,1,24050000,1,1,False,1,0.36944663984345794,36.94,1,0.16908819344089202,Cao,3,1,107,97.61,Random Forest,RF_2025_V1
1684,2025-01-01,2025,Human Resources,HR Manager,2,38,33,2,175,False,3,2,1,20468000,9,3,False,0,0.15248068099628156,15.25,0,0.16908819344089202,Trung bình,2,0,1740,60.75,Random Forest,RF_2025_V1
1686,2025-01-01,2025,Marketing,Content Specialist,3,48,10,1,176,False,3,1,4,34509000,1,1,False,0,0.10938721895569953,10.94,0,0.16908819344089202,Trung bình,2,0,2766,37.6,Random Forest,RF_2025_V1
1687,2025-01-01,2025,Marketing,Marketing Manager,2,51,32,5,203,True,3,2,3,20772000,15,5,False,0,0.22972271292366273,22.97,1,0.16908819344089202,Cao,3,1,831,81.27,Random Forest,RF_2025_V1
1688,2025-01-01,2025,Operations,Operations Executive,4,31,39,4,199,False,2,4,3,73454000,6,6,False,0,0.08678611202502741,8.68,0,0.16908819344089202,Thấp,1,0,3355,24.31,Random Forest,RF_2025_V1
1692,2025-01-01,2025,Human Resources,HR Executive,3,28,30,3,214,False,5,3,2,24949000,6,2,False,0,0.09985108805502461,9.99,0,0.16908819344089202,Thấp,1,0,3005,32.2,Random Forest,RF_2025_V1
1694,2025-01-01,2025,Sales,Sales Supervisor,3,49,20,5,197,False,4,3,4,35934000,2,2,False,0,0.06345958441863403,6.35,0,0.16908819344089202,Thấp,1,0,4200,5.24,Random Forest,RF_2025_V1
1698,2025-01-01,2025,Finance,Accountant,2,51,32,4,180,False,4,3,4,16516000,2,2,False,0,0.05572249219707988,5.57,0,0.16908819344089202,Thấp,1,0,4381,1.15,Random Forest,RF_2025_V1
1699,2025-01-01,2025,Finance,Internal Auditor,2,55,13,2,212,True,4,3,3,13224000,9,2,False,0,0.1382147319276439,13.82,0,0.16908819344089202,Trung bình,2,0,2029,54.23,Random Forest,RF_2025_V1
1701,2025-01-01,2025,Sales,Sales Representative,2,28,23,6,205,True,4,2,2,18474000,2,2,False,0,0.29705062217127415,29.71,1,0.16908819344089202,Cao,3,1,343,92.28,Random Forest,RF_2025_V1
1703,2025-01-01,2025,Operations,Procurement Specialist,1,33,25,2,166,False,4,2,4,11753000,2,2,False,0,0.09069515992029964,9.07,0,0.16908819344089202,Thấp,1,0,3243,26.83,Random Forest,RF_2025_V1
1705,2025-01-01,2025,Information Technology,Data Analyst,4,36,6,5,188,False,3,4,3,54688000,10,4,False,0,0.07432325530920987,7.43,0,0.16908819344089202,Thấp,1,0,3846,13.23,Random Forest,RF_2025_V1
1708,2025-01-01,2025,Information Technology,Software Engineer,1,37,8,5,193,False,4,2,3,10106000,2,2,False,0,0.10023408266751091,10.02,0,0.16908819344089202,Trung bình,2,0,2992,32.5,Random Forest,RF_2025_V1
1709,2025-01-01,2025,Marketing,Marketing Manager,1,32,15,1,190,False,3,4,4,11772000,3,3,False,1,0.05736159668954829,5.74,0,0.16908819344089202,Thấp,1,0,4357,1.69,Random Forest,RF_2025_V1
1711,2025-01-01,2025,Information Technology,IT Support,1,38,17,1,168,False,3,3,4,8576000,2,2,False,0,0.0537623959810234,5.38,0,0.16908819344089202,Thấp,1,0,4409,0.52,Random Forest,RF_2025_V1
1717,2025-01-01,2025,Sales,Sales Representative,2,30,31,4,190,True,4,3,4,25148000,4,4,False,1,0.15887675018056485,15.89,0,0.16908819344089202,Trung bình,2,0,1641,62.99,Random Forest,RF_2025_V1
1718,2025-01-01,2025,Sales,Account Manager,3,43,18,1,215,True,3,3,4,35773000,8,2,False,0,0.13900810980865885,13.9,0,0.16908819344089202,Trung bình,2,0,2004,54.8,Random Forest,RF_2025_V1
1727,2025-01-01,2025,Sales,Sales Representative,2,45,20,1,222,True,2,3,3,20137000,9,9,False,0,0.24890924562955188,24.89,1,0.16908819344089202,Cao,3,1,664,85.04,Random Forest,RF_2025_V1
1728,2025-01-01,2025,Sales,Account Manager,3,50,1,2,208,True,4,4,1,29178000,3,3,False,1,0.1569403546356333,15.69,0,0.16908819344089202,Trung bình,2,0,1670,62.33,Random Forest,RF_2025_V1
1729,2025-01-01,2025,Information Technology,Data Analyst,3,32,39,7,220,True,2,2,1,31772000,8,8,False,0,0.40615886333322226,40.62,1,0.16908819344089202,Cao,3,1,43,99.05,Random Forest,RF_2025_V1
1730,2025-01-01,2025,Sales,Sales Representative,2,26,14,4,219,False,4,2,3,13834000,1,1,False,0,0.15329375901998651,15.33,0,0.16908819344089202,Trung bình,2,0,1730,60.98,Random Forest,RF_2025_V1
1731,2025-01-01,2025,Human Resources,Recruiter,2,25,24,1,170,False,3,2,2,12273000,1,0,True,0,0.16016217688383375,16.02,0,0.16908819344089202,Trung bình,2,0,1617,63.53,Random Forest,RF_2025_V1
1733,2025-01-01,2025,Sales,Sales Representative,4,46,13,3,214,False,4,3,3,36871000,2,1,False,0,0.06968209142231306,6.97,0,0.16908819344089202,Thấp,1,0,4007,9.59,Random Forest,RF_2025_V1
1734,2025-01-01,2025,Sales,Sales Supervisor,2,29,30,6,200,False,2,2,3,18470000,1,1,False,0,0.13846156067160473,13.85,0,0.16908819344089202,Trung bình,2,0,2023,54.37,Random Forest,RF_2025_V1
1743,2025-01-01,2025,Marketing,Marketing Manager,2,51,4,4,202,False,3,4,4,22633000,11,6,False,0,0.05900254709955501,5.9,0,0.16908819344089202,Thấp,1,0,4321,2.51,Random Forest,RF_2025_V1
1745,2025-01-01,2025,Finance,Accountant,2,48,18,2,200,False,4,3,4,15311000,14,3,False,0,0.07199864865523029,7.2,0,0.16908819344089202,Thấp,1,0,3926,11.42,Random Forest,RF_2025_V1
1747,2025-01-01,2025,Marketing,Marketing Executive,5,37,21,5,161,False,4,2,3,99014000,13,6,False,0,0.1311727061701765,13.12,0,0.16908819344089202,Trung bình,2,0,2215,50.03,Random Forest,RF_2025_V1
1749,2025-01-01,2025,Marketing,Digital Marketing Specialist,5,47,31,2,161,False,4,3,1,73796000,3,1,False,0,0.09116271009294329,9.12,0,0.16908819344089202,Thấp,1,0,3226,27.22,Random Forest,RF_2025_V1
1751,2025-01-01,2025,Human Resources,HR Executive,3,33,10,4,172,False,3,2,3,35237000,10,0,True,0,0.12110898557530038,12.11,0,0.16908819344089202,Trung bình,2,0,2437,45.02,Random Forest,RF_2025_V1
1752,2025-01-01,2025,Marketing,Marketing Manager,1,53,31,5,210,False,4,2,4,8871000,3,3,False,0,0.10248001564959065,10.25,0,0.16908819344089202,Trung bình,2,0,2931,33.87,Random Forest,RF_2025_V1
1760,2025-01-01,2025,Human Resources,C&B Specialist,4,34,38,4,262,True,4,2,1,55553000,14,1,False,0,0.37322973322314174,37.32,1,0.16908819344089202,Cao,3,1,97,97.83,Random Forest,RF_2025_V1
1761,2025-01-01,2025,Marketing,Marketing Manager,1,25,26,2,196,False,5,1,1,7970000,1,1,False,0,0.16215307736425283,16.22,0,0.16908819344089202,Trung bình,2,0,1581,64.34,Random Forest,RF_2025_V1
1762,2025-01-01,2025,Operations,Operations Manager,4,33,10,1,201,False,5,3,1,39740000,9,0,True,0,0.09280809719315401,9.28,0,0.16908819344089202,Thấp,1,0,3166,28.57,Random Forest,RF_2025_V1
1764,2025-01-01,2025,Human Resources,HR Manager,1,46,30,4,171,False,3,2,1,12556000,2,2,False,0,0.12684855317766325,12.68,0,0.16908819344089202,Trung bình,2,0,2305,48.0,Random Forest,RF_2025_V1
1765,2025-01-01,2025,Sales,Sales Executive,2,49,9,4,205,True,4,3,4,17253000,3,3,False,0,0.11144224884905322,11.14,0,0.16908819344089202,Trung bình,2,0,2707,38.93,Random Forest,RF_2025_V1
1767,2025-01-01,2025,Marketing,Marketing Executive,2,38,30,4,236,True,4,3,3,17053000,7,2,False,0,0.21133424000913797,21.13,1,0.16908819344089202,Cao,3,1,1017,77.07,Random Forest,RF_2025_V1
1768,2025-01-01,2025,Operations,Warehouse Supervisor,2,30,15,2,181,False,2,2,4,15769000,9,1,False,1,0.1231627029310543,12.32,0,0.16908819344089202,Trung bình,2,0,2380,46.31,Random Forest,RF_2025_V1
1771,2025-01-01,2025,Marketing,Marketing Executive,1,27,40,1,195,False,4,2,1,13517000,4,4,False,1,0.15614039661966897,15.61,0,0.16908819344089202,Trung bình,2,0,1683,62.04,Random Forest,RF_2025_V1
1773,2025-01-01,2025,Human Resources,HR Manager,3,44,25,2,157,False,2,4,4,27472000,13,4,False,0,0.08042562779488392,8.04,0,0.16908819344089202,Thấp,1,0,3599,18.8,Random Forest,RF_2025_V1
1774,2025-01-01,2025,Marketing,Content Specialist,2,29,23,1,195,True,4,4,2,20663000,7,1,False,0,0.17297219753309437,17.3,1,0.16908819344089202,Cao,3,1,1441,67.5,Random Forest,RF_2025_V1
1775,2025-01-01,2025,Sales,Account Manager,3,48,21,6,194,False,4,3,3,20000000,3,0,True,0,0.08250535751569024,8.25,0,0.16908819344089202,Thấp,1,0,3511,20.79,Random Forest,RF_2025_V1
1778,2025-01-01,2025,Information Technology,Data Analyst,1,48,17,2,219,True,2,4,2,9487000,4,4,False,0,0.251148752124905,25.11,1,0.16908819344089202,Cao,3,1,644,85.49,Random Forest,RF_2025_V1
1781,2025-01-01,2025,Operations,Warehouse Supervisor,3,38,22,3,172,False,4,4,4,44658000,6,6,False,0,0.08130886157068738,8.13,0,0.16908819344089202,Thấp,1,0,3556,19.77,Random Forest,RF_2025_V1
1787,2025-01-01,2025,Information Technology,IT Support,3,44,9,3,213,True,5,1,3,35546000,2,2,False,1,0.21376890366282092,21.38,1,0.16908819344089202,Cao,3,1,989,77.7,Random Forest,RF_2025_V1
1790,2025-01-01,2025,Information Technology,Software Engineer,2,43,29,6,181,False,3,4,1,20414000,2,2,False,1,0.092334905487438,9.23,0,0.16908819344089202,Thấp,1,0,3186,28.12,Random Forest,RF_2025_V1
1792,2025-01-01,2025,Information Technology,Software Engineer,3,42,17,2,178,False,3,1,1,33342000,8,8,False,0,0.20059637881851386,20.06,1,0.16908819344089202,Cao,3,1,1132,74.48,Random Forest,RF_2025_V1
1796,2025-01-01,2025,Operations,Operations Manager,1,28,33,3,178,False,3,3,4,13340000,5,5,False,0,0.10149988250251915,10.15,0,0.16908819344089202,Trung bình,2,0,2961,33.2,Random Forest,RF_2025_V1
1798,2025-01-01,2025,Sales,Sales Executive,2,44,8,3,227,True,4,3,3,28373000,8,8,False,0,0.25070340658484747,25.07,1,0.16908819344089202,Cao,3,1,647,85.42,Random Forest,RF_2025_V1
1799,2025-01-01,2025,Finance,Finance Manager,1,39,28,4,202,False,5,4,3,10240000,2,2,False,0,0.06231087851967041,6.23,0,0.16908819344089202,Thấp,1,0,4235,4.45,Random Forest,RF_2025_V1
1802,2025-01-01,2025,Marketing,Marketing Executive,4,39,7,2,226,True,3,2,4,43105000,6,3,False,1,0.2789491638964749,27.89,1,0.16908819344089202,Cao,3,1,434,90.23,Random Forest,RF_2025_V1
1805,2025-01-01,2025,Human Resources,Recruiter,2,27,30,4,242,True,4,2,2,13948000,1,1,False,1,0.3846243800420945,38.46,1,0.16908819344089202,Cao,3,1,81,98.19,Random Forest,RF_2025_V1
1808,2025-01-01,2025,Marketing,Content Specialist,2,51,39,1,150,False,4,3,3,19566000,1,1,False,0,0.06972011438803194,6.97,0,0.16908819344089202,Thấp,1,0,4003,9.68,Random Forest,RF_2025_V1
1815,2025-01-01,2025,Marketing,Marketing Executive,1,41,38,5,222,False,4,1,4,13978000,4,4,False,0,0.22742751285072482,22.74,1,0.16908819344089202,Cao,3,1,847,80.91,Random Forest,RF_2025_V1
1818,2025-01-01,2025,Information Technology,Software Engineer,1,43,8,4,218,False,4,3,2,12558000,1,1,False,0,0.11876055304431726,11.88,0,0.16908819344089202,Trung bình,2,0,2504,43.51,Random Forest,RF_2025_V1
1820,2025-01-01,2025,Information Technology,QA Engineer,1,29,31,5,259,True,3,4,4,14916000,3,3,False,0,0.2354299374476798,23.54,1,0.16908819344089202,Cao,3,1,772,82.6,Random Forest,RF_2025_V1
1824,2025-01-01,2025,Finance,Internal Auditor,4,35,18,3,185,False,3,3,4,41835000,10,1,False,0,0.06270933647328479,6.27,0,0.16908819344089202,Thấp,1,0,4222,4.74,Random Forest,RF_2025_V1
1829,2025-01-01,2025,Information Technology,IT Support,4,47,4,8,213,False,3,1,1,43178000,11,2,False,0,0.19846984215317712,19.85,1,0.16908819344089202,Cao,3,1,1150,74.07,Random Forest,RF_2025_V1
1833,2025-01-01,2025,Finance,Finance Manager,2,39,22,1,196,False,3,1,3,27822000,6,6,False,0,0.13845030105536332,13.85,0,0.16908819344089202,Trung bình,2,0,2024,54.34,Random Forest,RF_2025_V1
1837,2025-01-01,2025,Marketing,Content Specialist,4,26,33,3,225,True,3,2,3,76859000,5,5,False,1,0.29513301877341575,29.51,1,0.16908819344089202,Cao,3,1,353,92.06,Random Forest,RF_2025_V1
1838,2025-01-01,2025,Information Technology,IT Support,3,52,28,3,207,False,4,4,4,31369000,14,3,False,0,0.07350793052144015,7.35,0,0.16908819344089202,Thấp,1,0,3888,12.28,Random Forest,RF_2025_V1
1839,2025-01-01,2025,Human Resources,HR Executive,1,38,36,4,181,False,4,3,4,11125000,2,2,False,0,0.05955171158250466,5.96,0,0.16908819344089202,Thấp,1,0,4309,2.78,Random Forest,RF_2025_V1
1843,2025-01-01,2025,Marketing,Marketing Executive,4,31,19,2,231,True,4,4,3,52707000,9,1,False,0,0.21717443448548446,21.72,1,0.16908819344089202,Cao,3,1,949,78.61,Random Forest,RF_2025_V1
1847,2025-01-01,2025,Sales,Sales Supervisor,4,27,39,7,218,False,2,1,2,40340000,3,2,False,0,0.16518414128808417,16.52,0,0.16908819344089202,Trung bình,2,0,1540,65.27,Random Forest,RF_2025_V1
1848,2025-01-01,2025,Finance,Finance Manager,3,48,3,3,175,False,3,3,2,21678000,7,0,True,1,0.09080277296965562,9.08,0,0.16908819344089202,Thấp,1,0,3239,26.92,Random Forest,RF_2025_V1
1850,2025-01-01,2025,Sales,Sales Supervisor,5,51,38,3,208,True,3,2,3,72094000,3,2,False,1,0.21591101380978414,21.59,1,0.16908819344089202,Cao,3,1,963,78.29,Random Forest,RF_2025_V1
1851,2025-01-01,2025,Information Technology,Software Engineer,2,31,31,1,180,True,2,4,4,13308000,1,1,False,1,0.1397591375502125,13.98,0,0.16908819344089202,Trung bình,2,0,1982,55.29,Random Forest,RF_2025_V1
1852,2025-01-01,2025,Sales,Sales Representative,2,51,4,4,203,False,2,3,4,18396000,3,3,False,0,0.07001596049417155,7.0,0,0.16908819344089202,Thấp,1,0,3995,9.86,Random Forest,RF_2025_V1
1854,2025-01-01,2025,Information Technology,QA Engineer,5,35,4,3,178,False,4,4,4,81093000,12,0,True,0,0.06261770994754658,6.26,0,0.16908819344089202,Thấp,1,0,4226,4.65,Random Forest,RF_2025_V1
1857,2025-01-01,2025,Sales,Sales Representative,1,45,19,7,186,False,4,3,2,11533000,12,12,False,0,0.12453490668477545,12.45,0,0.16908819344089202,Trung bình,2,0,2349,47.01,Random Forest,RF_2025_V1
1859,2025-01-01,2025,Information Technology,Data Analyst,1,45,18,1,197,False,4,2,4,13170000,2,2,False,0,0.09525032122659458,9.53,0,0.16908819344089202,Thấp,1,0,3107,29.9,Random Forest,RF_2025_V1
1861,2025-01-01,2025,Information Technology,Software Engineer,1,55,11,1,211,True,4,2,3,14993000,4,4,False,0,0.26519341383927353,26.52,1,0.16908819344089202,Cao,3,1,532,88.02,Random Forest,RF_2025_V1
1865,2025-01-01,2025,Marketing,Marketing Executive,4,28,18,4,246,False,5,4,2,36822000,1,0,True,1,0.18006440474330745,18.01,1,0.16908819344089202,Cao,3,1,1335,69.89,Random Forest,RF_2025_V1
1872,2025-01-01,2025,Sales,Sales Representative,1,45,32,3,165,False,4,1,3,12992000,13,13,False,0,0.1296510813416175,12.97,0,0.16908819344089202,Trung bình,2,0,2253,49.18,Random Forest,RF_2025_V1
1875,2025-01-01,2025,Sales,Sales Executive,2,32,26,4,230,True,5,2,1,17686000,3,1,False,1,0.36557870884869265,36.56,1,0.16908819344089202,Cao,3,1,118,97.36,Random Forest,RF_2025_V1
1878,2025-01-01,2025,Information Technology,System Administrator,1,40,15,5,166,False,4,4,4,10344000,1,1,False,0,0.07117188630606977,7.12,0,0.16908819344089202,Thấp,1,0,3957,10.72,Random Forest,RF_2025_V1
1883,2025-01-01,2025,Finance,Accountant,3,35,7,7,244,True,4,4,2,36649000,1,1,False,0,0.29567915842602166,29.57,1,0.16908819344089202,Cao,3,1,351,92.1,Random Forest,RF_2025_V1
1884,2025-01-01,2025,Sales,Account Manager,2,43,34,4,218,False,5,4,4,17210000,3,3,False,0,0.06776559876618923,6.78,0,0.16908819344089202,Thấp,1,0,4065,8.28,Random Forest,RF_2025_V1
1886,2025-01-01,2025,Information Technology,System Administrator,5,47,35,4,189,False,3,1,1,60594000,3,2,False,0,0.1620457521212866,16.2,0,0.16908819344089202,Trung bình,2,0,1583,64.3,Random Forest,RF_2025_V1
1887,2025-01-01,2025,Marketing,Marketing Executive,1,41,38,4,207,False,4,3,4,11201000,1,1,False,0,0.06897433698258734,6.9,0,0.16908819344089202,Thấp,1,0,4030,9.07,Random Forest,RF_2025_V1
1889,2025-01-01,2025,Information Technology,QA Engineer,4,54,16,8,216,False,3,3,4,58960000,6,6,False,0,0.12708079108233092,12.71,0,0.16908819344089202,Trung bình,2,0,2297,48.18,Random Forest,RF_2025_V1
1891,2025-01-01,2025,Finance,Internal Auditor,3,28,11,4,207,False,4,3,3,22578000,8,2,False,0,0.08252080122743549,8.25,0,0.16908819344089202,Thấp,1,0,3509,20.83,Random Forest,RF_2025_V1
1892,2025-01-01,2025,Sales,Sales Executive,5,51,39,6,229,False,3,4,2,78677000,10,5,False,0,0.1858298518609292,18.58,1,0.16908819344089202,Cao,3,1,1270,71.36,Random Forest,RF_2025_V1
1894,2025-01-01,2025,Finance,Financial Analyst,3,54,25,3,198,False,4,4,3,29174000,2,2,False,0,0.07126555561203794,7.13,0,0.16908819344089202,Thấp,1,0,3952,10.83,Random Forest,RF_2025_V1
1895,2025-01-01,2025,Information Technology,Data Analyst,4,40,24,4,168,False,3,4,3,39612000,4,2,False,0,0.06278480736783637,6.28,0,0.16908819344089202,Thấp,1,0,4220,4.78,Random Forest,RF_2025_V1
1900,2025-01-01,2025,Information Technology,System Administrator,2,45,18,3,212,False,2,4,2,16549000,15,3,False,0,0.11118147686773829,11.12,0,0.16908819344089202,Trung bình,2,0,2717,38.7,Random Forest,RF_2025_V1
1901,2025-01-01,2025,Finance,Internal Auditor,3,54,31,3,208,False,3,4,3,29184000,2,2,False,0,0.08032630717044034,8.03,0,0.16908819344089202,Thấp,1,0,3606,18.64,Random Forest,RF_2025_V1
1903,2025-01-01,2025,Finance,Financial Analyst,1,55,26,5,227,True,4,2,4,10928000,1,1,False,0,0.3030183469983875,30.3,1,0.16908819344089202,Cao,3,1,324,92.71,Random Forest,RF_2025_V1
1905,2025-01-01,2025,Finance,Financial Analyst,1,50,4,3,167,False,5,1,4,12660000,14,14,False,1,0.1590874116298469,15.91,0,0.16908819344089202,Trung bình,2,0,1635,63.12,Random Forest,RF_2025_V1
1906,2025-01-01,2025,Information Technology,Software Engineer,1,42,14,7,189,False,3,3,2,10244000,4,4,False,0,0.13068473989026613,13.07,0,0.16908819344089202,Trung bình,2,0,2226,49.79,Random Forest,RF_2025_V1
1909,2025-01-01,2025,Marketing,Marketing Executive,2,49,26,1,166,False,2,1,2,13397000,1,1,False,0,0.15901202987529284,15.9,0,0.16908819344089202,Trung bình,2,0,1639,63.03,Random Forest,RF_2025_V1
1910,2025-01-01,2025,Information Technology,IT Support,3,52,30,1,163,False,3,3,4,26630000,2,2,False,0,0.055401546030979215,5.54,0,0.16908819344089202,Thấp,1,0,4390,0.95,Random Forest,RF_2025_V1
1912,2025-01-01,2025,Operations,Operations Manager,2,39,25,5,245,True,4,4,2,18284000,4,1,False,1,0.2896181625607721,28.96,1,0.16908819344089202,Cao,3,1,374,91.58,Random Forest,RF_2025_V1
1914,2025-01-01,2025,Marketing,Marketing Executive,1,26,17,1,164,False,4,3,4,9641000,1,1,False,0,0.07673116009626167,7.67,0,0.16908819344089202,Thấp,1,0,3758,15.21,Random Forest,RF_2025_V1
1916,2025-01-01,2025,Information Technology,QA Engineer,2,49,40,1,169,False,2,4,1,17939000,12,4,False,0,0.11094075612921496,11.09,0,0.16908819344089202,Trung bình,2,0,2728,38.46,Random Forest,RF_2025_V1
1917,2025-01-01,2025,Human Resources,HR Executive,2,51,18,7,207,False,3,3,3,17819000,12,6,False,0,0.08738946355114652,8.74,0,0.16908819344089202,Thấp,1,0,3334,24.78,Random Forest,RF_2025_V1
1919,2025-01-01,2025,Human Resources,Recruiter,4,25,8,1,200,True,4,4,4,42287000,1,1,False,0,0.12614075897973046,12.61,0,0.16908819344089202,Trung bình,2,0,2313,47.82,Random Forest,RF_2025_V1
1921,2025-01-01,2025,Sales,Sales Executive,1,50,28,2,185,False,3,3,2,16231000,10,10,False,0,0.1118450834033198,11.18,0,0.16908819344089202,Trung bình,2,0,2693,39.25,Random Forest,RF_2025_V1
1922,2025-01-01,2025,Marketing,Marketing Manager,3,54,36,6,218,False,4,1,4,26352000,9,3,False,0,0.1636546648475252,16.37,0,0.16908819344089202,Trung bình,2,0,1565,64.7,Random Forest,RF_2025_V1
1923,2025-01-01,2025,Sales,Account Manager,3,29,22,2,159,False,3,3,4,35571000,5,5,False,0,0.08089161289514168,8.09,0,0.16908819344089202,Thấp,1,0,3580,19.23,Random Forest,RF_2025_V1
1924,2025-01-01,2025,Marketing,Content Specialist,2,36,35,2,181,True,4,3,3,19715000,2,2,False,0,0.11243451561754751,11.24,0,0.16908819344089202,Trung bình,2,0,2673,39.7,Random Forest,RF_2025_V1
1926,2025-01-01,2025,Human Resources,HR Manager,1,27,27,4,213,False,3,2,4,13800000,4,4,False,0,0.13945932841026,13.95,0,0.16908819344089202,Trung bình,2,0,1995,55.0,Random Forest,RF_2025_V1
1927,2025-01-01,2025,Marketing,Content Specialist,2,32,18,4,196,False,5,1,4,19234000,1,1,False,1,0.11558876303277534,11.56,0,0.16908819344089202,Trung bình,2,0,2579,41.82,Random Forest,RF_2025_V1
1930,2025-01-01,2025,Sales,Account Manager,4,48,10,7,206,False,4,3,1,48640000,8,4,False,0,0.132365340675264,13.24,0,0.16908819344089202,Trung bình,2,0,2185,50.71,Random Forest,RF_2025_V1
1931,2025-01-01,2025,Information Technology,IT Support,1,27,6,4,188,False,4,3,4,13593000,4,4,False,0,0.08058735023942983,8.06,0,0.16908819344089202,Thấp,1,0,3593,18.93,Random Forest,RF_2025_V1
1934,2025-01-01,2025,Human Resources,HR Executive,1,55,21,6,251,True,5,3,2,19096000,9,9,False,0,0.3982891760327323,39.83,1,0.16908819344089202,Cao,3,1,58,98.71,Random Forest,RF_2025_V1
1935,2025-01-01,2025,Finance,Accountant,5,55,12,4,213,True,3,1,1,60946000,4,0,True,1,0.2627252862027975,26.27,1,0.16908819344089202,Cao,3,1,559,87.41,Random Forest,RF_2025_V1
1937,2025-01-01,2025,Finance,Finance Manager,2,30,35,4,192,False,4,2,2,12849000,1,1,False,0,0.14659929591548254,14.66,0,0.16908819344089202,Trung bình,2,0,1853,58.2,Random Forest,RF_2025_V1
1938,2025-01-01,2025,Sales,Account Manager,3,51,29,3,157,False,5,4,4,24996000,9,3,False,0,0.06404782310617263,6.4,0,0.16908819344089202,Thấp,1,0,4183,5.62,Random Forest,RF_2025_V1
1939,2025-01-01,2025,Human Resources,HR Executive,1,28,38,5,204,True,3,2,2,13410000,5,5,False,1,0.3181167641929686,31.81,1,0.16908819344089202,Cao,3,1,260,94.15,Random Forest,RF_2025_V1
1940,2025-01-01,2025,Operations,Operations Executive,4,37,3,3,223,True,4,3,1,41230000,15,3,False,1,0.2860281726191742,28.6,1,0.16908819344089202,Cao,3,1,390,91.22,Random Forest,RF_2025_V1
1942,2025-01-01,2025,Information Technology,IT Support,2,48,23,6,182,False,3,4,4,23518000,11,2,False,0,0.06516011958818076,6.52,0,0.16908819344089202,Thấp,1,0,4144,6.5,Random Forest,RF_2025_V1
1943,2025-01-01,2025,Sales,Account Manager,2,44,33,1,173,False,2,1,3,20266000,2,2,False,0,0.11248017035645574,11.25,0,0.16908819344089202,Trung bình,2,0,2672,39.72,Random Forest,RF_2025_V1
1946,2025-01-01,2025,Operations,Operations Manager,1,38,4,3,205,False,3,3,1,10827000,2,2,False,0,0.08677736818290402,8.68,0,0.16908819344089202,Thấp,1,0,3356,24.28,Random Forest,RF_2025_V1
1949,2025-01-01,2025,Finance,Finance Manager,4,43,19,3,170,False,5,2,2,41980000,11,3,False,1,0.1480800229806987,14.81,0,0.16908819344089202,Trung bình,2,0,1823,58.88,Random Forest,RF_2025_V1
1950,2025-01-01,2025,Sales,Sales Supervisor,2,28,8,4,212,False,4,3,3,19113000,3,3,False,0,0.06853983722646909,6.85,0,0.16908819344089202,Thấp,1,0,4042,8.8,Random Forest,RF_2025_V1
1951,2025-01-01,2025,Operations,Warehouse Supervisor,1,40,35,5,197,False,4,3,2,17379000,14,14,False,0,0.1505390800825241,15.05,0,0.16908819344089202,Trung bình,2,0,1780,59.85,Random Forest,RF_2025_V1
1954,2025-01-01,2025,Operations,Operations Manager,2,25,8,4,220,True,3,3,1,12202000,4,0,True,0,0.272997515353949,27.3,1,0.16908819344089202,Cao,3,1,476,89.28,Random Forest,RF_2025_V1
1955,2025-01-01,2025,Finance,Internal Auditor,4,37,12,7,230,False,3,3,4,52346000,8,5,False,0,0.17577992108896928,17.58,1,0.16908819344089202,Cao,3,1,1396,68.52,Random Forest,RF_2025_V1
1956,2025-01-01,2025,Human Resources,HR Executive,2,26,33,3,212,True,3,3,4,14731000,5,3,False,0,0.1318716922650759,13.19,0,0.16908819344089202,Trung bình,2,0,2199,50.39,Random Forest,RF_2025_V1
1958,2025-01-01,2025,Sales,Sales Representative,3,25,11,3,197,True,4,3,4,24745000,1,0,True,0,0.12864680447475976,12.86,0,0.16908819344089202,Trung bình,2,0,2271,48.77,Random Forest,RF_2025_V1
1962,2025-01-01,2025,Operations,Operations Manager,1,32,18,7,246,True,4,3,1,10020000,1,1,False,1,0.3610592620139576,36.11,1,0.16908819344089202,Cao,3,1,132,97.04,Random Forest,RF_2025_V1
1964,2025-01-01,2025,Sales,Sales Supervisor,2,28,38,7,275,True,3,1,3,15855000,6,4,False,1,0.40420491324857905,40.42,1,0.16908819344089202,Cao,3,1,48,98.94,Random Forest,RF_2025_V1
1965,2025-01-01,2025,Marketing,Marketing Manager,1,42,26,2,187,False,4,2,4,12671000,4,4,False,0,0.11942486842694609,11.94,0,0.16908819344089202,Trung bình,2,0,2488,43.87,Random Forest,RF_2025_V1
1966,2025-01-01,2025,Finance,Financial Analyst,4,54,36,5,166,False,3,4,3,56653000,12,5,False,0,0.08627955702996494,8.63,0,0.16908819344089202,Thấp,1,0,3379,23.76,Random Forest,RF_2025_V1
1967,2025-01-01,2025,Information Technology,IT Support,4,38,29,3,219,True,4,2,3,48440000,3,3,False,0,0.2057180624262902,20.57,1,0.16908819344089202,Cao,3,1,1086,75.51,Random Forest,RF_2025_V1
1968,2025-01-01,2025,Human Resources,HR Executive,3,42,18,1,183,False,4,2,4,21394000,9,1,False,0,0.11342983830279674,11.34,0,0.16908819344089202,Trung bình,2,0,2640,40.44,Random Forest,RF_2025_V1
1969,2025-01-01,2025,Human Resources,Recruiter,2,40,10,4,215,True,2,4,4,26855000,13,13,False,0,0.18439865523133167,18.44,1,0.16908819344089202,Cao,3,1,1286,71.0,Random Forest,RF_2025_V1
1970,2025-01-01,2025,Sales,Sales Representative,2,35,19,4,151,False,5,3,3,22210000,3,3,False,0,0.055792806195442836,5.58,0,0.16908819344089202,Thấp,1,0,4377,1.24,Random Forest,RF_2025_V1
1971,2025-01-01,2025,Marketing,Digital Marketing Specialist,2,53,9,3,199,False,3,4,3,28013000,15,15,False,0,0.09898174525585655,9.9,0,0.16908819344089202,Thấp,1,0,3029,31.66,Random Forest,RF_2025_V1
1973,2025-01-01,2025,Marketing,Digital Marketing Specialist,1,29,30,1,146,False,3,3,3,10625000,6,6,False,0,0.0668710162738665,6.69,0,0.16908819344089202,Thấp,1,0,4094,7.63,Random Forest,RF_2025_V1
1974,2025-01-01,2025,Human Resources,HR Manager,2,38,14,4,219,True,4,2,3,17070000,2,2,False,0,0.22457580418320286,22.46,1,0.16908819344089202,Cao,3,1,869,80.41,Random Forest,RF_2025_V1
1975,2025-01-01,2025,Operations,Warehouse Supervisor,1,38,20,7,251,True,4,2,2,8351000,1,1,False,1,0.4299806681618017,43.0,1,0.16908819344089202,Cao,3,1,21,99.55,Random Forest,RF_2025_V1
1976,2025-01-01,2025,Human Resources,Recruiter,4,37,17,1,252,True,3,4,2,66161000,5,5,False,0,0.30329395220781213,30.33,1,0.16908819344089202,Cao,3,1,322,92.76,Random Forest,RF_2025_V1
1977,2025-01-01,2025,Operations,Procurement Specialist,1,26,38,4,206,True,4,1,3,13074000,3,3,False,0,0.25390684978099326,25.39,1,0.16908819344089202,Cao,3,1,620,86.03,Random Forest,RF_2025_V1
1979,2025-01-01,2025,Human Resources,HR Manager,1,25,34,5,223,False,5,3,3,7798000,1,1,False,0,0.13567879694759413,13.57,0,0.16908819344089202,Trung bình,2,0,2093,52.79,Random Forest,RF_2025_V1
1980,2025-01-01,2025,Sales,Sales Representative,2,49,6,2,187,True,3,3,3,29947000,14,14,False,1,0.18466313685254504,18.47,1,0.16908819344089202,Cao,3,1,1285,71.02,Random Forest,RF_2025_V1
1983,2025-01-01,2025,Finance,Internal Auditor,1,29,20,4,200,False,4,2,4,10381000,1,1,False,0,0.10921774600416193,10.92,0,0.16908819344089202,Trung bình,2,0,2771,37.49,Random Forest,RF_2025_V1
1984,2025-01-01,2025,Human Resources,HR Manager,2,51,19,1,185,True,3,4,2,12000000,2,0,True,0,0.1747610020417561,17.48,1,0.16908819344089202,Cao,3,1,1410,68.2,Random Forest,RF_2025_V1
1986,2025-01-01,2025,Marketing,Marketing Executive,5,53,8,4,180,False,4,2,4,82008000,7,2,False,0,0.1268679613706524,12.69,0,0.16908819344089202,Trung bình,2,0,2303,48.05,Random Forest,RF_2025_V1
1987,2025-01-01,2025,Sales,Sales Executive,1,32,2,3,174,False,3,4,3,12724000,4,4,False,0,0.07259875981770875,7.26,0,0.16908819344089202,Thấp,1,0,3912,11.74,Random Forest,RF_2025_V1
1990,2025-01-01,2025,Operations,Operations Executive,2,40,17,1,165,False,3,4,2,25577000,13,13,False,0,0.11993518355661276,11.99,0,0.16908819344089202,Trung bình,2,0,2475,44.17,Random Forest,RF_2025_V1
1992,2025-01-01,2025,Information Technology,IT Support,2,55,6,5,215,True,3,4,4,27837000,13,13,False,0,0.1809928143892945,18.1,1,0.16908819344089202,Cao,3,1,1322,70.19,Random Forest,RF_2025_V1
1993,2025-01-01,2025,Human Resources,Recruiter,1,52,7,1,166,False,4,4,3,11398000,1,1,False,0,0.08396585450923277,8.4,0,0.16908819344089202,Thấp,1,0,3463,21.87,Random Forest,RF_2025_V1
1994,2025-01-01,2025,Sales,Sales Representative,2,29,32,2,162,False,3,2,4,16140000,4,4,False,0,0.132118805618318,13.21,0,0.16908819344089202,Trung bình,2,0,2191,50.58,Random Forest,RF_2025_V1
1997,2025-01-01,2025,Sales,Sales Representative,3,42,9,3,217,True,4,2,3,35742000,8,6,False,0,0.2650146197009943,26.5,1,0.16908819344089202,Cao,3,1,535,87.95,Random Forest,RF_2025_V1
2000,2025-01-01,2025,Information Technology,Data Analyst,5,52,12,1,166,False,3,3,3,55000000,11,0,True,0,0.06815593984441164,6.82,0,0.16908819344089202,Thấp,1,0,4054,8.53,Random Forest,RF_2025_V1
2001,2025-01-01,2025,Human Resources,C&B Specialist,4,44,32,2,192,False,4,4,4,57362000,5,0,True,0,0.06584936835843806,6.58,0,0.16908819344089202,Thấp,1,0,4119,7.06,Random Forest,RF_2025_V1
2003,2025-01-01,2025,Finance,Finance Manager,2,54,26,3,192,False,4,2,4,14355000,2,2,False,0,0.09547257237249443,9.55,0,0.16908819344089202,Thấp,1,0,3100,30.06,Random Forest,RF_2025_V1
2005,2025-01-01,2025,Marketing,Marketing Manager,4,31,10,5,251,True,2,3,1,38684000,4,2,False,0,0.26868270388692195,26.87,1,0.16908819344089202,Cao,3,1,508,88.56,Random Forest,RF_2025_V1
2007,2025-01-01,2025,Sales,Sales Supervisor,3,41,6,5,176,False,5,1,2,27190000,14,3,False,0,0.17361155426635938,17.36,1,0.16908819344089202,Cao,3,1,1433,67.68,Random Forest,RF_2025_V1
2008,2025-01-01,2025,Human Resources,Recruiter,3,45,40,4,184,False,2,1,4,46142000,7,7,False,0,0.12571381645475416,12.57,0,0.16908819344089202,Trung bình,2,0,2321,47.64,Random Forest,RF_2025_V1
2009,2025-01-01,2025,Sales,Sales Executive,2,50,35,4,207,False,3,3,2,31174000,8,8,False,0,0.11398004548219842,11.4,0,0.16908819344089202,Trung bình,2,0,2627,40.74,Random Forest,RF_2025_V1
2011,2025-01-01,2025,Marketing,Marketing Manager,2,40,20,3,187,False,2,4,3,18792000,7,2,False,0,0.056067852322057306,5.61,0,0.16908819344089202,Thấp,1,0,4372,1.35,Random Forest,RF_2025_V1
2013,2025-01-01,2025,Marketing,Marketing Manager,1,30,20,4,196,False,3,3,1,11837000,2,2,False,0,0.08340889767686639,8.34,0,0.16908819344089202,Thấp,1,0,3475,21.6,Random Forest,RF_2025_V1
2019,2025-01-01,2025,Human Resources,C&B Specialist,3,37,15,4,185,False,3,3,4,55301000,9,9,False,0,0.0765400468083974,7.65,0,0.16908819344089202,Thấp,1,0,3765,15.05,Random Forest,RF_2025_V1
2024,2025-01-01,2025,Human Resources,HR Executive,3,29,14,3,230,False,2,4,3,23999000,1,0,True,0,0.1702853855140774,17.03,1,0.16908819344089202,Cao,3,1,1477,66.69,Random Forest,RF_2025_V1
2025,2025-01-01,2025,Information Technology,System Administrator,1,29,27,2,196,True,3,2,3,11049000,1,1,False,0,0.2342334235636182,23.42,1,0.16908819344089202,Cao,3,1,789,82.22,Random Forest,RF_2025_V1
2027,2025-01-01,2025,Finance,Finance Manager,1,51,18,3,218,False,4,4,4,9937000,1,1,False,0,0.07476079288010659,7.48,0,0.16908819344089202,Thấp,1,0,3829,13.61,Random Forest,RF_2025_V1
2029,2025-01-01,2025,Information Technology,System Administrator,3,33,18,2,187,False,3,2,3,22595000,5,0,True,0,0.12609346067311275,12.61,0,0.16908819344089202,Trung bình,2,0,2314,47.8,Random Forest,RF_2025_V1
2030,2025-01-01,2025,Finance,Finance Manager,2,45,35,6,210,False,3,2,4,17821000,1,1,False,0,0.1412929972755878,14.13,0,0.16908819344089202,Trung bình,2,0,1952,55.97,Random Forest,RF_2025_V1
2031,2025-01-01,2025,Human Resources,HR Executive,2,26,1,5,205,False,3,4,3,20320000,1,1,False,0,0.098030548323306,9.8,0,0.16908819344089202,Thấp,1,0,3048,31.23,Random Forest,RF_2025_V1
2033,2025-01-01,2025,Information Technology,Data Analyst,1,41,31,3,192,False,4,4,4,12642000,1,1,False,0,0.07522839651272055,7.52,0,0.16908819344089202,Thấp,1,0,3815,13.92,Random Forest,RF_2025_V1
2037,2025-01-01,2025,Information Technology,Software Engineer,2,30,8,2,200,True,4,1,4,14203000,2,2,False,0,0.21910109170429626,21.91,1,0.16908819344089202,Cao,3,1,930,79.03,Random Forest,RF_2025_V1
2041,2025-01-01,2025,Information Technology,IT Support,2,55,25,5,205,False,4,1,3,16819000,1,1,False,0,0.12651760190783043,12.65,0,0.16908819344089202,Trung bình,2,0,2308,47.94,Random Forest,RF_2025_V1
2043,2025-01-01,2025,Marketing,Content Specialist,2,31,26,5,200,True,4,4,4,30011000,7,7,False,1,0.15077575155024361,15.08,0,0.16908819344089202,Trung bình,2,0,1772,60.03,Random Forest,RF_2025_V1
2049,2025-01-01,2025,Operations,Warehouse Supervisor,1,46,37,4,159,False,3,4,3,14122000,3,3,False,0,0.06337834466196006,6.34,0,0.16908819344089202,Thấp,1,0,4202,5.19,Random Forest,RF_2025_V1
2050,2025-01-01,2025,Finance,Financial Analyst,2,25,8,1,157,False,3,2,4,27047000,5,5,False,0,0.15812235344596354,15.81,0,0.16908819344089202,Trung bình,2,0,1654,62.69,Random Forest,RF_2025_V1
2052,2025-01-01,2025,Marketing,Content Specialist,2,36,31,1,139,False,3,4,3,18724000,10,6,False,0,0.06402377923748136,6.4,0,0.16908819344089202,Thấp,1,0,4184,5.6,Random Forest,RF_2025_V1
2053,2025-01-01,2025,Finance,Accountant,1,34,25,1,168,True,4,3,4,9220000,1,1,False,0,0.10970933897335344,10.97,0,0.16908819344089202,Trung bình,2,0,2759,37.76,Random Forest,RF_2025_V1
2055,2025-01-01,2025,Marketing,Marketing Executive,3,41,30,1,175,False,4,4,4,22928000,11,2,False,0,0.05171191190884374,5.17,0,0.16908819344089202,Thấp,1,0,4418,0.32,Random Forest,RF_2025_V1
2056,2025-01-01,2025,Marketing,Marketing Manager,4,41,17,5,182,True,3,1,4,44745000,8,1,False,0,0.18582791239822322,18.58,1,0.16908819344089202,Cao,3,1,1272,71.32,Random Forest,RF_2025_V1
2057,2025-01-01,2025,Operations,Procurement Specialist,1,42,23,7,196,False,5,4,4,11970000,1,1,False,0,0.09044321851961093,9.04,0,0.16908819344089202,Thấp,1,0,3253,26.61,Random Forest,RF_2025_V1
2059,2025-01-01,2025,Sales,Sales Executive,2,26,1,1,200,True,2,4,1,14819000,2,2,False,0,0.15884476265583572,15.88,0,0.16908819344089202,Trung bình,2,0,1642,62.97,Random Forest,RF_2025_V1
2064,2025-01-01,2025,Operations,Operations Executive,1,40,29,1,176,True,5,4,3,9404000,2,2,False,0,0.11655717713473955,11.66,0,0.16908819344089202,Trung bình,2,0,2547,42.54,Random Forest,RF_2025_V1
2065,2025-01-01,2025,Finance,Financial Analyst,1,41,12,6,223,False,2,4,4,14381000,3,3,False,0,0.1225907871275877,12.26,0,0.16908819344089202,Trung bình,2,0,2397,45.93,Random Forest,RF_2025_V1
2067,2025-01-01,2025,Human Resources,HR Executive,2,36,6,5,230,True,3,3,4,15097000,2,0,True,0,0.20645105945018993,20.65,1,0.16908819344089202,Cao,3,1,1076,75.74,Random Forest,RF_2025_V1
2069,2025-01-01,2025,Finance,Finance Manager,2,44,12,1,221,True,4,4,4,13656000,13,2,False,0,0.1926480852116187,19.26,1,0.16908819344089202,Cao,3,1,1203,72.87,Random Forest,RF_2025_V1
2071,2025-01-01,2025,Information Technology,System Administrator,1,38,36,4,236,True,3,4,4,8820000,3,3,False,0,0.2000358287586658,20.0,1,0.16908819344089202,Cao,3,1,1139,74.32,Random Forest,RF_2025_V1
2073,2025-01-01,2025,Sales,Sales Executive,2,49,31,4,142,False,2,3,4,24764000,5,5,False,0,0.08008944489517629,8.01,0,0.16908819344089202,Thấp,1,0,3614,18.46,Random Forest,RF_2025_V1
2078,2025-01-01,2025,Operations,Operations Executive,3,50,39,5,229,True,5,3,4,27092000,5,4,False,1,0.29158526051968087,29.16,1,0.16908819344089202,Cao,3,1,364,91.81,Random Forest,RF_2025_V1
2080,2025-01-01,2025,Operations,Warehouse Supervisor,1,35,18,1,177,False,3,3,2,9801000,1,1,False,0,0.11585516218570636,11.59,0,0.16908819344089202,Trung bình,2,0,2566,42.11,Random Forest,RF_2025_V1
2083,2025-01-01,2025,Information Technology,Software Engineer,3,53,8,2,232,True,4,4,4,55392000,10,10,False,0,0.24969999175312158,24.97,1,0.16908819344089202,Cao,3,1,660,85.13,Random Forest,RF_2025_V1
2084,2025-01-01,2025,Operations,Warehouse Supervisor,1,25,5,3,196,True,2,3,3,9291000,1,1,False,0,0.15412171022994312,15.41,0,0.16908819344089202,Trung bình,2,0,1712,61.39,Random Forest,RF_2025_V1
2089,2025-01-01,2025,Sales,Sales Representative,2,27,39,7,211,False,3,4,3,22035000,3,3,False,0,0.0697003073124136,6.97,0,0.16908819344089202,Thấp,1,0,4004,9.66,Random Forest,RF_2025_V1
2096,2025-01-01,2025,Operations,Operations Executive,2,47,36,4,181,False,3,2,3,12264000,2,0,True,1,0.11646164348380812,11.65,0,0.16908819344089202,Trung bình,2,0,2549,42.5,Random Forest,RF_2025_V1
2098,2025-01-01,2025,Marketing,Marketing Executive,3,25,19,3,156,False,4,4,4,40185000,2,2,False,0,0.05083090162004978,5.08,0,0.16908819344089202,Thấp,1,0,4425,0.16,Random Forest,RF_2025_V1
2099,2025-01-01,2025,Operations,Warehouse Supervisor,2,35,31,2,171,False,3,1,2,13717000,12,0,True,0,0.16295360294507205,16.3,0,0.16908819344089202,Trung bình,2,0,1572,64.55,Random Forest,RF_2025_V1
2101,2025-01-01,2025,Sales,Account Manager,3,39,2,8,243,False,4,4,4,22349000,4,0,True,0,0.1876344483626554,18.76,1,0.16908819344089202,Cao,3,1,1250,71.81,Random Forest,RF_2025_V1
2102,2025-01-01,2025,Sales,Sales Representative,1,34,35,3,201,True,5,4,4,13551000,13,13,False,0,0.17454812481020496,17.45,1,0.16908819344089202,Cao,3,1,1417,68.04,Random Forest,RF_2025_V1
2103,2025-01-01,2025,Sales,Account Manager,3,36,24,4,132,False,3,4,4,39028000,2,2,False,0,0.06401854814993291,6.4,0,0.16908819344089202,Thấp,1,0,4185,5.57,Random Forest,RF_2025_V1
2106,2025-01-01,2025,Information Technology,Data Analyst,3,55,22,3,214,True,5,1,3,26164000,8,0,True,0,0.2353344000533608,23.53,1,0.16908819344089202,Cao,3,1,774,82.55,Random Forest,RF_2025_V1
2107,2025-01-01,2025,Human Resources,Recruiter,3,36,34,1,211,True,3,3,1,23044000,4,1,False,0,0.1608392556416238,16.08,0,0.16908819344089202,Trung bình,2,0,1604,63.82,Random Forest,RF_2025_V1
2109,2025-01-01,2025,Information Technology,Software Engineer,2,26,9,4,194,False,4,4,3,16253000,2,2,False,0,0.05995293231193184,6.0,0,0.16908819344089202,Thấp,1,0,4299,3.0,Random Forest,RF_2025_V1
2112,2025-01-01,2025,Operations,Procurement Specialist,2,49,2,1,184,True,3,3,4,13817000,2,2,False,0,0.14779004139863317,14.78,0,0.16908819344089202,Trung bình,2,0,1830,58.72,Random Forest,RF_2025_V1
2114,2025-01-01,2025,Marketing,Digital Marketing Specialist,3,54,27,2,219,True,3,3,4,35418000,1,1,False,0,0.17225607735061066,17.23,1,0.16908819344089202,Cao,3,1,1449,67.32,Random Forest,RF_2025_V1
2117,2025-01-01,2025,Sales,Account Manager,3,42,28,1,192,False,2,2,3,21966000,4,1,False,0,0.13256008196619917,13.26,0,0.16908819344089202,Trung bình,2,0,2177,50.89,Random Forest,RF_2025_V1
2118,2025-01-01,2025,Information Technology,Software Engineer,3,49,11,3,157,False,4,3,1,30633000,12,3,False,0,0.08882913130092338,8.88,0,0.16908819344089202,Thấp,1,0,3298,25.59,Random Forest,RF_2025_V1
2120,2025-01-01,2025,Operations,Warehouse Supervisor,1,35,22,3,240,True,3,3,4,20206000,9,9,False,0,0.3077741095008556,30.78,1,0.16908819344089202,Cao,3,1,301,93.23,Random Forest,RF_2025_V1
2121,2025-01-01,2025,Marketing,Digital Marketing Specialist,3,43,39,5,212,True,3,4,3,37679000,14,14,False,0,0.18531179706071493,18.53,1,0.16908819344089202,Cao,3,1,1279,71.16,Random Forest,RF_2025_V1
2124,2025-01-01,2025,Finance,Finance Manager,2,45,14,3,190,False,3,3,2,14098000,1,1,False,0,0.10017920477221595,10.02,0,0.16908819344089202,Trung bình,2,0,2994,32.45,Random Forest,RF_2025_V1
2125,2025-01-01,2025,Operations,Procurement Specialist,1,46,5,3,236,True,3,4,3,9535000,1,1,False,1,0.23149160236906005,23.15,1,0.16908819344089202,Cao,3,1,817,81.58,Random Forest,RF_2025_V1
2127,2025-01-01,2025,Sales,Sales Representative,1,44,33,1,193,False,3,4,2,15120000,5,5,False,0,0.11452397193365774,11.45,0,0.16908819344089202,Trung bình,2,0,2606,41.21,Random Forest,RF_2025_V1
2130,2025-01-01,2025,Operations,Operations Manager,4,39,28,2,171,False,4,3,2,52426000,12,0,True,0,0.08686997113902191,8.69,0,0.16908819344089202,Thấp,1,0,3352,24.37,Random Forest,RF_2025_V1
2135,2025-01-01,2025,Marketing,Content Specialist,1,26,27,2,186,False,2,2,4,9405000,4,4,False,0,0.13651663847285336,13.65,0,0.16908819344089202,Trung bình,2,0,2075,53.19,Random Forest,RF_2025_V1
2136,2025-01-01,2025,Human Resources,HR Executive,2,30,36,1,168,False,3,4,4,14438000,4,3,False,0,0.05751634920428167,5.75,0,0.16908819344089202,Thấp,1,0,4353,1.78,Random Forest,RF_2025_V1
2137,2025-01-01,2025,Finance,Internal Auditor,1,29,23,2,232,True,3,4,4,8745000,2,2,False,0,0.20157889084324698,20.16,1,0.16908819344089202,Cao,3,1,1120,74.75,Random Forest,RF_2025_V1
2139,2025-01-01,2025,Information Technology,QA Engineer,1,41,28,5,191,False,4,4,3,8206000,2,2,False,0,0.07614405225013958,7.61,0,0.16908819344089202,Thấp,1,0,3782,14.67,Random Forest,RF_2025_V1
2140,2025-01-01,2025,Operations,Operations Executive,4,25,15,1,166,False,4,3,4,46903000,4,4,False,0,0.08488950660665902,8.49,0,0.16908819344089202,Thấp,1,0,3431,22.59,Random Forest,RF_2025_V1
2141,2025-01-01,2025,Information Technology,System Administrator,1,29,38,3,170,False,3,2,2,14518000,3,3,False,0,0.14137578326907332,14.14,0,0.16908819344089202,Trung bình,2,0,1950,56.01,Random Forest,RF_2025_V1
2144,2025-01-01,2025,Finance,Accountant,1,32,4,1,197,False,3,4,4,12078000,5,5,False,0,0.08043558252761807,8.04,0,0.16908819344089202,Thấp,1,0,3598,18.82,Random Forest,RF_2025_V1
2145,2025-01-01,2025,Information Technology,Software Engineer,4,50,9,5,236,True,3,3,2,75309000,5,5,False,0,0.3063031077361252,30.63,1,0.16908819344089202,Cao,3,1,306,93.12,Random Forest,RF_2025_V1
2151,2025-01-01,2025,Sales,Sales Supervisor,1,45,2,7,212,False,5,3,2,11149000,14,14,False,0,0.1568022195151126,15.68,0,0.16908819344089202,Trung bình,2,0,1671,62.31,Random Forest,RF_2025_V1
2154,2025-01-01,2025,Sales,Sales Executive,3,39,5,2,153,False,3,3,3,36633000,2,2,False,0,0.058379892194669554,5.84,0,0.16908819344089202,Thấp,1,0,4330,2.3,Random Forest,RF_2025_V1
2156,2025-01-01,2025,Information Technology,Software Engineer,2,25,5,3,166,False,2,2,3,24379000,3,3,False,0,0.0962166449375673,9.62,0,0.16908819344089202,Thấp,1,0,3083,30.44,Random Forest,RF_2025_V1
2158,2025-01-01,2025,Human Resources,Recruiter,3,50,16,3,190,False,3,2,4,25758000,2,2,False,0,0.11062145617947673,11.06,0,0.16908819344089202,Trung bình,2,0,2737,38.25,Random Forest,RF_2025_V1
2159,2025-01-01,2025,Human Resources,C&B Specialist,1,34,15,3,180,False,5,4,4,13249000,3,3,False,0,0.05559499668395728,5.56,0,0.16908819344089202,Thấp,1,0,4384,1.08,Random Forest,RF_2025_V1
2161,2025-01-01,2025,Sales,Sales Supervisor,2,25,40,4,182,False,3,2,3,18025000,1,1,False,0,0.11432194057537877,11.43,0,0.16908819344089202,Trung bình,2,0,2614,41.03,Random Forest,RF_2025_V1
2166,2025-01-01,2025,Operations,Procurement Specialist,3,53,4,1,172,False,4,4,1,32912000,11,4,False,0,0.10973631923230788,10.97,0,0.16908819344089202,Trung bình,2,0,2757,37.8,Random Forest,RF_2025_V1
2171,2025-01-01,2025,Information Technology,Data Analyst,3,34,33,6,231,False,4,2,2,27578000,9,2,False,1,0.25063590105410055,25.06,1,0.16908819344089202,Cao,3,1,648,85.4,Random Forest,RF_2025_V1
2172,2025-01-01,2025,Information Technology,IT Support,2,53,23,1,202,False,4,2,3,22118000,4,4,False,0,0.13704907236653605,13.7,0,0.16908819344089202,Trung bình,2,0,2060,53.53,Random Forest,RF_2025_V1
2175,2025-01-01,2025,Human Resources,HR Manager,2,53,37,8,229,True,3,3,4,31286000,12,12,False,1,0.32231555625430997,32.23,1,0.16908819344089202,Cao,3,1,245,94.49,Random Forest,RF_2025_V1
2176,2025-01-01,2025,Sales,Sales Supervisor,3,43,10,2,184,True,3,2,4,53503000,7,7,False,0,0.2539132423599409,25.39,1,0.16908819344089202,Cao,3,1,619,86.05,Random Forest,RF_2025_V1
2177,2025-01-01,2025,Marketing,Content Specialist,4,47,20,2,158,False,3,3,4,57505000,10,3,False,0,0.05069793517853664,5.07,0,0.16908819344089202,Thấp,1,0,4426,0.14,Random Forest,RF_2025_V1
2178,2025-01-01,2025,Marketing,Content Specialist,2,28,20,6,221,False,4,2,2,19670000,7,6,False,0,0.2692726894568534,26.93,1,0.16908819344089202,Cao,3,1,504,88.65,Random Forest,RF_2025_V1
2180,2025-01-01,2025,Marketing,Marketing Manager,5,53,40,4,194,False,3,4,3,75018000,11,0,True,0,0.07341495168736176,7.34,0,0.16908819344089202,Thấp,1,0,3890,12.23,Random Forest,RF_2025_V1
2182,2025-01-01,2025,Operations,Operations Executive,2,27,28,4,196,False,2,4,4,19655000,1,1,False,0,0.08957735447359871,8.96,0,0.16908819344089202,Thấp,1,0,3278,26.04,Random Forest,RF_2025_V1
2183,2025-01-01,2025,Human Resources,HR Executive,1,50,24,3,197,True,3,4,3,13599000,3,3,False,0,0.12092321072339823,12.09,0,0.16908819344089202,Trung bình,2,0,2443,44.89,Random Forest,RF_2025_V1
2184,2025-01-01,2025,Operations,Operations Manager,2,53,9,2,138,False,3,2,2,12000000,1,0,True,0,0.16646760058033966,16.65,0,0.16908819344089202,Trung bình,2,0,1529,65.52,Random Forest,RF_2025_V1
2188,2025-01-01,2025,Sales,Sales Supervisor,2,39,40,2,249,True,3,3,2,23748000,4,4,False,0,0.32879528906757793,32.88,1,0.16908819344089202,Cao,3,1,223,94.99,Random Forest,RF_2025_V1
2195,2025-01-01,2025,Marketing,Digital Marketing Specialist,3,41,14,1,174,False,3,4,1,30784000,5,0,True,0,0.09025326982666984,9.03,0,0.16908819344089202,Thấp,1,0,3261,26.43,Random Forest,RF_2025_V1
2196,2025-01-01,2025,Marketing,Digital Marketing Specialist,1,48,11,7,193,False,4,2,3,11524000,5,5,False,1,0.19644387042128056,19.64,1,0.16908819344089202,Cao,3,1,1170,73.62,Random Forest,RF_2025_V1
2197,2025-01-01,2025,Sales,Account Manager,3,53,25,2,150,False,3,3,4,20000000,3,0,True,0,0.06753458470496983,6.75,0,0.16908819344089202,Thấp,1,0,4071,8.15,Random Forest,RF_2025_V1
2201,2025-01-01,2025,Marketing,Marketing Executive,3,26,3,4,208,True,4,4,2,31542000,2,2,False,0,0.1517070228128471,15.17,0,0.16908819344089202,Trung bình,2,0,1758,60.35,Random Forest,RF_2025_V1
2203,2025-01-01,2025,Finance,Accountant,2,54,6,1,192,True,3,3,3,20892000,7,7,False,0,0.1683516965459665,16.84,0,0.16908819344089202,Trung bình,2,0,1500,66.17,Random Forest,RF_2025_V1
2207,2025-01-01,2025,Operations,Warehouse Supervisor,1,28,34,3,196,True,5,3,4,15017000,6,6,False,0,0.17778400910161926,17.78,1,0.16908819344089202,Cao,3,1,1361,69.31,Random Forest,RF_2025_V1
2210,2025-01-01,2025,Marketing,Content Specialist,2,52,25,5,230,True,4,4,4,19630000,13,13,False,1,0.2643050134153752,26.43,1,0.16908819344089202,Cao,3,1,544,87.75,Random Forest,RF_2025_V1
2211,2025-01-01,2025,Human Resources,HR Manager,2,51,4,6,183,False,3,4,3,17197000,3,3,False,0,0.08690031044431641,8.69,0,0.16908819344089202,Thấp,1,0,3350,24.42,Random Forest,RF_2025_V1
2212,2025-01-01,2025,Human Resources,HR Manager,1,25,19,4,166,False,3,4,4,11445000,1,1,False,0,0.07579846193674024,7.58,0,0.16908819344089202,Thấp,1,0,3792,14.44,Random Forest,RF_2025_V1
2214,2025-01-01,2025,Marketing,Marketing Manager,4,26,30,2,208,True,4,3,4,37503000,1,1,False,0,0.13075873488801573,13.08,0,0.16908819344089202,Trung bình,2,0,2222,49.88,Random Forest,RF_2025_V1
2215,2025-01-01,2025,Human Resources,HR Executive,1,25,29,3,191,False,4,3,3,13103000,3,3,False,0,0.06525512475259615,6.53,0,0.16908819344089202,Thấp,1,0,4141,6.57,Random Forest,RF_2025_V1
2216,2025-01-01,2025,Operations,Operations Executive,4,32,10,1,155,False,3,4,4,53337000,4,4,False,0,0.07570896201021479,7.57,0,0.16908819344089202,Thấp,1,0,3794,14.4,Random Forest,RF_2025_V1
2218,2025-01-01,2025,Information Technology,QA Engineer,2,33,2,4,193,False,3,3,3,24850000,4,4,False,0,0.08763308822433814,8.76,0,0.16908819344089202,Thấp,1,0,3329,24.89,Random Forest,RF_2025_V1
2221,2025-01-01,2025,Finance,Accountant,2,29,28,2,186,False,4,2,3,12000000,1,0,True,1,0.11637786933977658,11.64,0,0.16908819344089202,Trung bình,2,0,2553,42.41,Random Forest,RF_2025_V1
2222,2025-01-01,2025,Human Resources,Recruiter,3,29,28,3,188,False,3,1,4,22171000,7,2,False,0,0.10886905267190906,10.89,0,0.16908819344089202,Trung bình,2,0,2781,37.26,Random Forest,RF_2025_V1
2223,2025-01-01,2025,Information Technology,Software Engineer,2,31,30,7,194,False,5,4,2,22420000,3,3,False,0,0.09630502020866671,9.63,0,0.16908819344089202,Thấp,1,0,3079,30.53,Random Forest,RF_2025_V1
2228,2025-01-01,2025,Human Resources,HR Executive,2,51,12,5,215,False,2,3,1,21447000,13,13,False,0,0.12838920090028266,12.84,0,0.16908819344089202,Trung bình,2,0,2275,48.68,Random Forest,RF_2025_V1
2231,2025-01-01,2025,Information Technology,Data Analyst,2,33,35,3,179,False,4,3,3,22177000,2,2,False,0,0.06293942571111355,6.29,0,0.16908819344089202,Thấp,1,0,4216,4.87,Random Forest,RF_2025_V1
2233,2025-01-01,2025,Human Resources,HR Manager,2,53,7,8,261,True,3,3,4,18934000,2,2,False,0,0.24767586945231548,24.77,1,0.16908819344089202,Cao,3,1,680,84.68,Random Forest,RF_2025_V1
2234,2025-01-01,2025,Operations,Warehouse Supervisor,3,53,29,6,221,False,3,4,2,38230000,8,4,False,0,0.19740283904594855,19.74,1,0.16908819344089202,Cao,3,1,1161,73.82,Random Forest,RF_2025_V1
2239,2025-01-01,2025,Operations,Operations Manager,3,31,32,6,201,False,4,2,1,34124000,10,2,False,0,0.16840669657064253,16.84,0,0.16908819344089202,Trung bình,2,0,1499,66.19,Random Forest,RF_2025_V1
2243,2025-01-01,2025,Marketing,Marketing Executive,3,34,13,2,241,True,2,3,3,29416000,4,3,False,0,0.21054702364475075,21.05,1,0.16908819344089202,Cao,3,1,1023,76.94,Random Forest,RF_2025_V1
2244,2025-01-01,2025,Operations,Procurement Specialist,1,26,11,3,241,True,4,2,3,9037000,2,2,False,0,0.29606141072635594,29.61,1,0.16908819344089202,Cao,3,1,348,92.17,Random Forest,RF_2025_V1
2248,2025-01-01,2025,Finance,Finance Manager,2,31,26,4,207,False,4,3,2,17321000,2,2,False,0,0.07551824992175976,7.55,0,0.16908819344089202,Thấp,1,0,3801,14.24,Random Forest,RF_2025_V1
2250,2025-01-01,2025,Marketing,Marketing Executive,1,39,33,1,139,False,3,4,3,13378000,2,2,False,0,0.05218216916354367,5.22,0,0.16908819344089202,Thấp,1,0,4416,0.36,Random Forest,RF_2025_V1
2254,2025-01-01,2025,Sales,Sales Supervisor,3,51,29,4,175,False,3,3,4,26367000,4,4,False,0,0.07592954996857992,7.59,0,0.16908819344089202,Thấp,1,0,3784,14.62,Random Forest,RF_2025_V1
2256,2025-01-01,2025,Operations,Operations Manager,2,37,12,3,184,False,3,4,1,27020000,5,5,False,0,0.11363757868835442,11.36,0,0.16908819344089202,Trung bình,2,0,2635,40.56,Random Forest,RF_2025_V1
2259,2025-01-01,2025,Human Resources,Recruiter,2,31,28,5,201,False,3,4,3,16631000,5,3,False,0,0.06684415600664172,6.68,0,0.16908819344089202,Thấp,1,0,4095,7.61,Random Forest,RF_2025_V1
2268,2025-01-01,2025,Operations,Operations Manager,1,50,38,5,196,False,3,1,4,13159000,6,6,False,1,0.12968372299206657,12.97,0,0.16908819344089202,Trung bình,2,0,2252,49.2,Random Forest,RF_2025_V1
2270,2025-01-01,2025,Finance,Finance Manager,3,47,38,2,239,True,5,2,1,32920000,15,2,False,0,0.39850055165775594,39.85,1,0.16908819344089202,Cao,3,1,57,98.74,Random Forest,RF_2025_V1
2271,2025-01-01,2025,Information Technology,IT Support,1,55,26,3,212,True,2,3,3,11822000,9,9,False,0,0.17356940942668286,17.36,1,0.16908819344089202,Cao,3,1,1434,67.66,Random Forest,RF_2025_V1
2275,2025-01-01,2025,Finance,Finance Manager,2,29,31,5,183,False,3,1,3,19563000,4,0,True,0,0.11427052902248311,11.43,0,0.16908819344089202,Trung bình,2,0,2616,40.98,Random Forest,RF_2025_V1
2279,2025-01-01,2025,Marketing,Marketing Manager,4,49,11,5,227,False,3,1,3,45340000,2,0,True,0,0.20994849853107117,20.99,1,0.16908819344089202,Cao,3,1,1033,76.71,Random Forest,RF_2025_V1
2283,2025-01-01,2025,Human Resources,HR Executive,1,42,32,4,212,False,3,4,4,12840000,2,2,False,0,0.06366912468906603,6.37,0,0.16908819344089202,Thấp,1,0,4196,5.33,Random Forest,RF_2025_V1
2287,2025-01-01,2025,Information Technology,IT Support,1,41,28,2,209,True,3,4,4,11789000,1,1,False,0,0.13434672049234395,13.43,0,0.16908819344089202,Trung bình,2,0,2127,52.02,Random Forest,RF_2025_V1
2291,2025-01-01,2025,Finance,Internal Auditor,1,49,36,4,204,False,3,4,2,10621000,3,3,False,0,0.08566340389388293,8.57,0,0.16908819344089202,Thấp,1,0,3395,23.4,Random Forest,RF_2025_V1
2295,2025-01-01,2025,Information Technology,QA Engineer,3,27,23,3,179,False,4,4,4,29228000,4,4,False,0,0.07708420297628679,7.71,0,0.16908819344089202,Thấp,1,0,3744,15.53,Random Forest,RF_2025_V1
2297,2025-01-01,2025,Information Technology,IT Support,2,51,14,2,171,False,4,2,3,16655000,8,5,False,1,0.12882102917848837,12.88,0,0.16908819344089202,Trung bình,2,0,2268,48.84,Random Forest,RF_2025_V1
2299,2025-01-01,2025,Information Technology,IT Support,1,47,6,6,244,True,4,4,3,9088000,1,1,False,0,0.2635691873433849,26.36,1,0.16908819344089202,Cao,3,1,551,87.59,Random Forest,RF_2025_V1
2302,2025-01-01,2025,Operations,Operations Executive,2,37,23,3,195,True,4,2,2,16407000,8,5,False,0,0.3061154727125948,30.61,1,0.16908819344089202,Cao,3,1,308,93.07,Random Forest,RF_2025_V1
2304,2025-01-01,2025,Sales,Account Manager,4,27,26,3,170,False,3,1,3,41873000,2,2,False,1,0.10933062128881711,10.93,0,0.16908819344089202,Trung bình,2,0,2769,37.53,Random Forest,RF_2025_V1
2307,2025-01-01,2025,Operations,Warehouse Supervisor,2,45,28,4,169,False,3,3,3,15150000,2,2,False,0,0.062030763939315975,6.2,0,0.16908819344089202,Thấp,1,0,4246,4.2,Random Forest,RF_2025_V1
2311,2025-01-01,2025,Sales,Sales Executive,4,39,21,2,215,True,3,1,1,56963000,9,4,False,1,0.31410135031911385,31.41,1,0.16908819344089202,Cao,3,1,278,93.75,Random Forest,RF_2025_V1
2313,2025-01-01,2025,Sales,Sales Executive,3,41,14,2,187,True,4,4,2,35383000,6,6,False,0,0.1978650246599446,19.79,1,0.16908819344089202,Cao,3,1,1157,73.91,Random Forest,RF_2025_V1
2314,2025-01-01,2025,Marketing,Content Specialist,1,39,1,3,237,True,4,3,3,9915000,3,3,False,0,0.16892090529241677,16.89,0,0.16908819344089202,Trung bình,2,0,1492,66.35,Random Forest,RF_2025_V1
2316,2025-01-01,2025,Sales,Sales Executive,2,25,22,4,197,False,3,2,2,14980000,3,2,False,0,0.14329867727731502,14.33,0,0.16908819344089202,Trung bình,2,0,1906,57.01,Random Forest,RF_2025_V1
2317,2025-01-01,2025,Marketing,Marketing Executive,1,47,40,4,202,False,3,2,4,11608000,1,1,False,0,0.10259902137526068,10.26,0,0.16908819344089202,Trung bình,2,0,2930,33.9,Random Forest,RF_2025_V1
2318,2025-01-01,2025,Operations,Procurement Specialist,1,34,34,2,201,True,4,1,2,10031000,2,2,False,0,0.25609916095395385,25.61,1,0.16908819344089202,Cao,3,1,602,86.44,Random Forest,RF_2025_V1
2320,2025-01-01,2025,Finance,Accountant,2,29,1,5,235,False,3,1,4,12000000,1,0,True,0,0.20535507203240666,20.54,1,0.16908819344089202,Cao,3,1,1091,75.4,Random Forest,RF_2025_V1
2321,2025-01-01,2025,Information Technology,IT Support,1,27,22,3,209,True,4,2,3,12118000,5,5,False,0,0.2500137918776809,25.0,1,0.16908819344089202,Cao,3,1,654,85.26,Random Forest,RF_2025_V1
2323,2025-01-01,2025,Operations,Warehouse Supervisor,5,52,22,1,191,True,4,1,1,69002000,3,0,True,0,0.25719160082654846,25.72,1,0.16908819344089202,Cao,3,1,597,86.55,Random Forest,RF_2025_V1
2324,2025-01-01,2025,Information Technology,Data Analyst,1,29,30,5,150,False,3,2,3,8947000,2,2,False,0,0.09256440629618243,9.26,0,0.16908819344089202,Thấp,1,0,3174,28.39,Random Forest,RF_2025_V1
2326,2025-01-01,2025,Human Resources,Recruiter,2,37,32,5,221,False,4,2,4,15525000,2,2,False,0,0.17625135270693604,17.63,1,0.16908819344089202,Cao,3,1,1390,68.65,Random Forest,RF_2025_V1
2327,2025-01-01,2025,Marketing,Marketing Manager,2,30,25,3,225,True,4,3,2,20803000,3,3,False,0,0.2370936175926169,23.71,1,0.16908819344089202,Cao,3,1,760,82.87,Random Forest,RF_2025_V1
2328,2025-01-01,2025,Sales,Account Manager,1,52,5,3,184,True,4,1,1,10954000,4,4,False,0,0.3083202013912457,30.83,1,0.16908819344089202,Cao,3,1,299,93.27,Random Forest,RF_2025_V1
2329,2025-01-01,2025,Information Technology,Software Engineer,1,54,6,2,180,False,3,3,1,14263000,6,6,False,0,0.11226486506445592,11.23,0,0.16908819344089202,Trung bình,2,0,2679,39.56,Random Forest,RF_2025_V1
2330,2025-01-01,2025,Sales,Sales Supervisor,2,27,36,2,160,False,3,4,4,27879000,7,7,False,0,0.08143502626860846,8.14,0,0.16908819344089202,Thấp,1,0,3551,19.88,Random Forest,RF_2025_V1
2331,2025-01-01,2025,Human Resources,C&B Specialist,2,26,7,1,201,True,3,3,3,14559000,2,1,False,1,0.13197101825572224,13.2,0,0.16908819344089202,Trung bình,2,0,2195,50.49,Random Forest,RF_2025_V1
2334,2025-01-01,2025,Sales,Sales Executive,1,47,40,2,196,True,4,4,2,15560000,12,12,False,1,0.22645921323125062,22.65,1,0.16908819344089202,Cao,3,1,853,80.77,Random Forest,RF_2025_V1
2336,2025-01-01,2025,Sales,Sales Representative,2,36,26,3,190,False,3,3,3,14300000,15,2,False,0,0.07526945550919706,7.53,0,0.16908819344089202,Thấp,1,0,3812,13.99,Random Forest,RF_2025_V1
2337,2025-01-01,2025,Finance,Financial Analyst,4,45,14,3,176,False,3,4,1,40041000,6,2,False,0,0.08679138704117233,8.68,0,0.16908819344089202,Thấp,1,0,3354,24.33,Random Forest,RF_2025_V1
2340,2025-01-01,2025,Sales,Sales Representative,2,46,39,7,173,False,4,1,3,16360000,2,0,True,0,0.13214712543484342,13.21,0,0.16908819344089202,Trung bình,2,0,2188,50.64,Random Forest,RF_2025_V1
2344,2025-01-01,2025,Operations,Procurement Specialist,2,41,6,3,207,False,3,3,4,24759000,6,6,False,0,0.08718974150849167,8.72,0,0.16908819344089202,Thấp,1,0,3339,24.67,Random Forest,RF_2025_V1
2345,2025-01-01,2025,Sales,Sales Executive,1,38,9,4,200,False,4,3,4,12623000,2,2,False,0,0.06256492788700692,6.26,0,0.16908819344089202,Thấp,1,0,4228,4.6,Random Forest,RF_2025_V1
2346,2025-01-01,2025,Operations,Procurement Specialist,2,45,30,1,141,False,5,4,1,21380000,11,6,False,0,0.1191277492363497,11.91,0,0.16908819344089202,Trung bình,2,0,2496,43.69,Random Forest,RF_2025_V1
2347,2025-01-01,2025,Finance,Financial Analyst,1,45,26,4,210,True,5,3,2,16024000,10,10,False,0,0.23749824150412688,23.75,1,0.16908819344089202,Cao,3,1,757,82.94,Random Forest,RF_2025_V1
2348,2025-01-01,2025,Information Technology,Software Engineer,3,54,29,2,225,True,4,4,4,26294000,2,2,False,1,0.19545742489189386,19.55,1,0.16908819344089202,Cao,3,1,1178,73.44,Random Forest,RF_2025_V1
2349,2025-01-01,2025,Sales,Sales Supervisor,3,43,32,3,199,False,4,3,3,30258000,13,5,False,0,0.08195669958273116,8.2,0,0.16908819344089202,Thấp,1,0,3530,20.36,Random Forest,RF_2025_V1
2354,2025-01-01,2025,Sales,Sales Executive,1,37,12,3,243,True,4,2,3,14161000,3,3,False,0,0.2837401800453034,28.37,1,0.16908819344089202,Cao,3,1,405,90.88,Random Forest,RF_2025_V1
2355,2025-01-01,2025,Operations,Operations Manager,1,50,21,3,188,False,4,1,4,14031000,9,9,False,0,0.1317202032436183,13.17,0,0.16908819344089202,Trung bình,2,0,2202,50.33,Random Forest,RF_2025_V1
2364,2025-01-01,2025,Marketing,Content Specialist,1,28,25,3,195,False,3,2,3,9217000,1,1,False,0,0.12063455774680112,12.06,0,0.16908819344089202,Trung bình,2,0,2453,44.66,Random Forest,RF_2025_V1
2366,2025-01-01,2025,Marketing,Marketing Executive,1,48,27,6,221,True,3,1,2,11819000,11,11,False,1,0.45790010517001634,45.79,1,0.16908819344089202,Cao,3,1,10,99.8,Random Forest,RF_2025_V1
2370,2025-01-01,2025,Operations,Procurement Specialist,5,37,28,5,229,True,4,1,4,75461000,6,5,False,0,0.35756389955252393,35.76,1,0.16908819344089202,Cao,3,1,138,96.91,Random Forest,RF_2025_V1
2373,2025-01-01,2025,Operations,Operations Manager,5,25,38,1,227,True,3,3,3,84971000,5,3,False,0,0.2043226010268315,20.43,1,0.16908819344089202,Cao,3,1,1098,75.24,Random Forest,RF_2025_V1
2375,2025-01-01,2025,Operations,Warehouse Supervisor,3,28,18,8,227,True,3,2,4,53245000,8,8,False,1,0.4070578026411926,40.71,1,0.16908819344089202,Cao,3,1,37,99.19,Random Forest,RF_2025_V1
2381,2025-01-01,2025,Human Resources,HR Executive,3,41,4,1,222,True,3,2,4,27026000,2,0,True,0,0.29108684755615416,29.11,1,0.16908819344089202,Cao,3,1,366,91.76,Random Forest,RF_2025_V1
2382,2025-01-01,2025,Human Resources,HR Manager,2,46,40,4,171,False,4,4,2,16024000,3,3,False,0,0.06915207197519399,6.92,0,0.16908819344089202,Thấp,1,0,4025,9.19,Random Forest,RF_2025_V1
2386,2025-01-01,2025,Operations,Operations Executive,3,30,21,1,173,False,5,4,4,28793000,1,1,False,0,0.08153695742442539,8.15,0,0.16908819344089202,Thấp,1,0,3545,20.02,Random Forest,RF_2025_V1
2387,2025-01-01,2025,Information Technology,QA Engineer,2,51,12,7,253,True,2,4,3,12000000,1,0,True,0,0.2710402207076214,27.1,1,0.16908819344089202,Cao,3,1,487,89.03,Random Forest,RF_2025_V1
2388,2025-01-01,2025,Finance,Internal Auditor,4,25,8,2,177,False,5,4,4,41707000,2,2,False,0,0.06198247450756378,6.2,0,0.16908819344089202,Thấp,1,0,4248,4.15,Random Forest,RF_2025_V1
2392,2025-01-01,2025,Operations,Procurement Specialist,1,30,32,3,207,False,4,4,1,10179000,2,2,False,0,0.07959227563798693,7.96,0,0.16908819344089202,Thấp,1,0,3641,17.85,Random Forest,RF_2025_V1
2394,2025-01-01,2025,Sales,Sales Supervisor,3,27,27,3,209,False,3,4,3,38080000,3,3,False,0,0.06578687598175453,6.58,0,0.16908819344089202,Thấp,1,0,4125,6.93,Random Forest,RF_2025_V1
2395,2025-01-01,2025,Sales,Sales Executive,2,41,26,4,230,True,4,4,4,18991000,11,4,False,1,0.23419547178607047,23.42,1,0.16908819344089202,Cao,3,1,790,82.19,Random Forest,RF_2025_V1
2399,2025-01-01,2025,Human Resources,HR Manager,1,40,3,3,208,False,3,4,3,9625000,4,4,False,0,0.08028799486258748,8.03,0,0.16908819344089202,Thấp,1,0,3608,18.6,Random Forest,RF_2025_V1
2400,2025-01-01,2025,Information Technology,Data Analyst,1,39,38,2,196,False,4,4,4,12473000,13,13,False,0,0.0826736418527617,8.27,0,0.16908819344089202,Thấp,1,0,3499,21.06,Random Forest,RF_2025_V1
2401,2025-01-01,2025,Marketing,Marketing Executive,3,49,15,3,199,False,3,4,2,59902000,15,15,False,0,0.1223580087061754,12.24,0,0.16908819344089202,Trung bình,2,0,2401,45.84,Random Forest,RF_2025_V1
2403,2025-01-01,2025,Human Resources,HR Executive,2,29,25,5,213,True,4,3,2,15083000,1,1,False,0,0.1805914216887977,18.06,1,0.16908819344089202,Cao,3,1,1329,70.03,Random Forest,RF_2025_V1
2406,2025-01-01,2025,Marketing,Marketing Executive,4,54,1,4,181,False,4,2,3,82449000,9,9,False,0,0.1264397699459517,12.64,0,0.16908819344089202,Trung bình,2,0,2310,47.89,Random Forest,RF_2025_V1
2411,2025-01-01,2025,Information Technology,Software Engineer,5,43,13,6,231,True,2,2,3,99804000,14,5,False,0,0.370156743127688,37.02,1,0.16908819344089202,Cao,3,1,106,97.63,Random Forest,RF_2025_V1
2412,2025-01-01,2025,Marketing,Content Specialist,1,37,3,4,211,False,4,1,3,14746000,12,12,False,0,0.13230553627932864,13.23,0,0.16908819344089202,Trung bình,2,0,2187,50.67,Random Forest,RF_2025_V1
2413,2025-01-01,2025,Sales,Account Manager,2,42,7,2,252,True,4,4,2,21844000,5,5,False,0,0.31182024960748067,31.18,1,0.16908819344089202,Cao,3,1,289,93.5,Random Forest,RF_2025_V1
2414,2025-01-01,2025,Operations,Procurement Specialist,1,35,23,6,221,True,2,3,1,11479000,4,4,False,1,0.3933425548107338,39.33,1,0.16908819344089202,Cao,3,1,65,98.56,Random Forest,RF_2025_V1
2415,2025-01-01,2025,Information Technology,Software Engineer,1,48,16,6,208,False,3,2,3,11366000,1,1,False,0,0.16012887027244205,16.01,0,0.16908819344089202,Trung bình,2,0,1618,63.51,Random Forest,RF_2025_V1
2417,2025-01-01,2025,Human Resources,Recruiter,4,32,8,1,219,True,2,2,1,71715000,6,6,False,0,0.33478797732951954,33.48,1,0.16908819344089202,Cao,3,1,201,95.49,Random Forest,RF_2025_V1
2419,2025-01-01,2025,Information Technology,Data Analyst,4,27,6,5,201,False,3,3,1,44825000,2,2,False,0,0.0915059463405505,9.15,0,0.16908819344089202,Thấp,1,0,3213,27.51,Random Forest,RF_2025_V1
2420,2025-01-01,2025,Marketing,Marketing Manager,4,38,33,3,182,False,3,1,3,37825000,5,1,False,0,0.10895417293001235,10.9,0,0.16908819344089202,Trung bình,2,0,2778,37.33,Random Forest,RF_2025_V1
2422,2025-01-01,2025,Marketing,Marketing Manager,4,40,23,4,176,False,5,3,4,49803000,1,1,False,0,0.06378612900790441,6.38,0,0.16908819344089202,Thấp,1,0,4190,5.46,Random Forest,RF_2025_V1
2423,2025-01-01,2025,Marketing,Marketing Executive,2,25,28,5,195,False,3,3,2,18423000,4,4,False,1,0.12135618905283996,12.14,0,0.16908819344089202,Trung bình,2,0,2433,45.11,Random Forest,RF_2025_V1
2428,2025-01-01,2025,Sales,Sales Executive,1,33,10,5,213,True,2,4,3,10291000,3,3,False,0,0.13119725122376968,13.12,0,0.16908819344089202,Trung bình,2,0,2214,50.06,Random Forest,RF_2025_V1
2429,2025-01-01,2025,Human Resources,HR Manager,4,41,25,4,187,False,3,1,2,35000000,11,0,True,0,0.15330129938546258,15.33,0,0.16908819344089202,Trung bình,2,0,1729,61.0,Random Forest,RF_2025_V1
2430,2025-01-01,2025,Information Technology,Data Analyst,2,38,2,3,166,False,3,2,3,21235000,3,3,False,0,0.0969648478808706,9.7,0,0.16908819344089202,Thấp,1,0,3066,30.83,Random Forest,RF_2025_V1
2431,2025-01-01,2025,Marketing,Content Specialist,4,47,34,5,173,False,3,1,4,74243000,7,7,False,0,0.13961182247297366,13.96,0,0.16908819344089202,Trung bình,2,0,1988,55.16,Random Forest,RF_2025_V1
2432,2025-01-01,2025,Information Technology,Software Engineer,2,33,19,4,179,False,2,4,4,17794000,1,1,False,0,0.07589500512360102,7.59,0,0.16908819344089202,Thấp,1,0,3786,14.58,Random Forest,RF_2025_V1
2434,2025-01-01,2025,Operations,Warehouse Supervisor,4,39,16,1,161,True,3,4,3,57543000,1,1,False,0,0.13048792223103717,13.05,0,0.16908819344089202,Trung bình,2,0,2236,49.56,Random Forest,RF_2025_V1
2436,2025-01-01,2025,Marketing,Marketing Executive,4,47,6,2,142,False,3,1,4,68640000,9,9,False,0,0.1330651140197275,13.31,0,0.16908819344089202,Trung bình,2,0,2160,51.28,Random Forest,RF_2025_V1
2439,2025-01-01,2025,Finance,Accountant,2,44,40,3,222,True,4,3,1,30667000,12,12,False,0,0.33216397655166263,33.22,1,0.16908819344089202,Cao,3,1,211,95.26,Random Forest,RF_2025_V1
2441,2025-01-01,2025,Marketing,Marketing Manager,1,43,35,8,195,False,2,4,4,16118000,8,8,False,0,0.07690965847203958,7.69,0,0.16908819344089202,Thấp,1,0,3748,15.44,Random Forest,RF_2025_V1
2442,2025-01-01,2025,Finance,Accountant,3,36,11,3,198,False,4,4,2,27384000,3,3,False,0,0.0738281890364349,7.38,0,0.16908819344089202,Thấp,1,0,3871,12.66,Random Forest,RF_2025_V1
2447,2025-01-01,2025,Sales,Sales Executive,1,32,8,5,205,False,5,4,1,12559000,3,3,False,0,0.0849262322302738,8.49,0,0.16908819344089202,Thấp,1,0,3428,22.66,Random Forest,RF_2025_V1
2449,2025-01-01,2025,Marketing,Digital Marketing Specialist,2,26,5,4,206,False,3,1,2,15107000,6,3,False,0,0.17250304778863557,17.25,1,0.16908819344089202,Cao,3,1,1448,67.34,Random Forest,RF_2025_V1
2451,2025-01-01,2025,Information Technology,Software Engineer,1,52,7,1,195,False,3,2,4,13431000,3,3,False,0,0.09629726531168835,9.63,0,0.16908819344089202,Thấp,1,0,3080,30.51,Random Forest,RF_2025_V1
2452,2025-01-01,2025,Human Resources,Recruiter,2,49,30,4,206,False,2,2,2,16012000,1,1,False,0,0.17413459103937085,17.41,1,0.16908819344089202,Cao,3,1,1424,67.89,Random Forest,RF_2025_V1
2455,2025-01-01,2025,Information Technology,IT Support,2,48,2,2,245,True,4,3,4,21460000,1,1,False,0,0.22097859230512432,22.1,1,0.16908819344089202,Cao,3,1,904,79.62,Random Forest,RF_2025_V1
2457,2025-01-01,2025,Operations,Procurement Specialist,3,37,5,3,180,False,4,3,3,35861000,10,10,False,0,0.08150850535091356,8.15,0,0.16908819344089202,Thấp,1,0,3547,19.97,Random Forest,RF_2025_V1
2458,2025-01-01,2025,Finance,Accountant,1,51,7,4,205,False,4,3,1,10778000,5,5,False,0,0.11352928677846295,11.35,0,0.16908819344089202,Trung bình,2,0,2638,40.49,Random Forest,RF_2025_V1
2459,2025-01-01,2025,Operations,Warehouse Supervisor,3,34,40,4,268,True,3,4,2,53223000,13,13,False,0,0.38922280185580577,38.92,1,0.16908819344089202,Cao,3,1,72,98.4,Random Forest,RF_2025_V1
2461,2025-01-01,2025,Finance,Internal Auditor,3,38,25,3,156,False,3,3,4,25132000,8,4,False,0,0.08302746166173688,8.3,0,0.16908819344089202,Thấp,1,0,3488,21.3,Random Forest,RF_2025_V1
2469,2025-01-01,2025,Information Technology,IT Support,2,53,13,3,254,True,4,4,3,20538000,15,0,True,0,0.20747891076435324,20.75,1,0.16908819344089202,Cao,3,1,1063,76.03,Random Forest,RF_2025_V1
2470,2025-01-01,2025,Information Technology,Data Analyst,2,44,31,2,179,False,4,4,3,16325000,3,3,False,0,0.060322129007123804,6.03,0,0.16908819344089202,Thấp,1,0,4290,3.2,Random Forest,RF_2025_V1
2471,2025-01-01,2025,Finance,Financial Analyst,1,52,36,3,219,False,4,4,3,10702000,6,6,False,0,0.10437825049394131,10.44,0,0.16908819344089202,Trung bình,2,0,2893,34.73,Random Forest,RF_2025_V1
2473,2025-01-01,2025,Marketing,Marketing Manager,3,25,9,3,181,False,4,4,1,28364000,5,5,False,0,0.10195036881886643,10.2,0,0.16908819344089202,Trung bình,2,0,2953,33.38,Random Forest,RF_2025_V1
2474,2025-01-01,2025,Human Resources,Recruiter,1,55,19,6,206,False,4,2,3,15236000,6,6,False,1,0.19111495654666075,19.11,1,0.16908819344089202,Cao,3,1,1218,72.53,Random Forest,RF_2025_V1
2477,2025-01-01,2025,Information Technology,System Administrator,3,31,33,2,195,False,2,3,2,36980000,1,1,False,0,0.10080816437263336,10.08,0,0.16908819344089202,Trung bình,2,0,2977,32.84,Random Forest,RF_2025_V1
2479,2025-01-01,2025,Sales,Sales Representative,2,44,8,2,167,False,4,2,3,14670000,4,0,True,0,0.10587068579137536,10.59,0,0.16908819344089202,Trung bình,2,0,2865,35.36,Random Forest,RF_2025_V1
2482,2025-01-01,2025,Information Technology,Software Engineer,2,33,33,5,215,False,4,2,2,30527000,13,13,False,1,0.19823044208668686,19.82,1,0.16908819344089202,Cao,3,1,1153,74.0,Random Forest,RF_2025_V1
2483,2025-01-01,2025,Finance,Financial Analyst,1,25,6,2,200,False,3,3,4,9110000,3,3,False,0,0.07175149716247164,7.18,0,0.16908819344089202,Thấp,1,0,3939,11.13,Random Forest,RF_2025_V1
2485,2025-01-01,2025,Marketing,Content Specialist,3,32,22,7,223,False,5,3,2,38671000,12,12,False,0,0.216590365453311,21.66,1,0.16908819344089202,Cao,3,1,955,78.47,Random Forest,RF_2025_V1
2493,2025-01-01,2025,Operations,Procurement Specialist,4,41,25,1,225,True,4,3,3,50906000,5,5,False,0,0.26454285536214667,26.45,1,0.16908819344089202,Cao,3,1,539,87.86,Random Forest,RF_2025_V1
2494,2025-01-01,2025,Information Technology,Software Engineer,2,40,26,4,191,False,3,4,1,17164000,1,1,False,0,0.11320815294101669,11.32,0,0.16908819344089202,Trung bình,2,0,2651,40.19,Random Forest,RF_2025_V1
2496,2025-01-01,2025,Human Resources,HR Executive,1,32,2,5,191,False,4,3,2,9387000,2,2,False,0,0.08026076178337917,8.03,0,0.16908819344089202,Thấp,1,0,3611,18.53,Random Forest,RF_2025_V1
2499,2025-01-01,2025,Finance,Finance Manager,1,47,17,1,157,False,3,4,2,11556000,1,1,False,0,0.10273124993664917,10.27,0,0.16908819344089202,Trung bình,2,0,2924,34.03,Random Forest,RF_2025_V1
2501,2025-01-01,2025,Operations,Warehouse Supervisor,2,52,12,1,180,False,3,4,4,15657000,14,3,False,0,0.08191307004116405,8.19,0,0.16908819344089202,Thấp,1,0,3532,20.31,Random Forest,RF_2025_V1
2502,2025-01-01,2025,Sales,Sales Executive,1,31,37,3,227,True,4,4,2,11319000,2,2,False,0,0.2315730164710841,23.16,1,0.16908819344089202,Cao,3,1,816,81.61,Random Forest,RF_2025_V1
2503,2025-01-01,2025,Sales,Sales Executive,1,54,35,2,171,False,3,3,3,9557000,1,1,False,0,0.07361399106548651,7.36,0,0.16908819344089202,Thấp,1,0,3883,12.39,Random Forest,RF_2025_V1
2504,2025-01-01,2025,Information Technology,Data Analyst,1,42,16,1,159,False,4,1,1,15661000,13,13,False,0,0.203151586175157,20.32,1,0.16908819344089202,Cao,3,1,1108,75.02,Random Forest,RF_2025_V1
2508,2025-01-01,2025,Operations,Operations Manager,1,55,33,2,197,True,4,4,4,16073000,6,6,False,1,0.17695837147146803,17.7,1,0.16908819344089202,Cao,3,1,1379,68.9,Random Forest,RF_2025_V1
2511,2025-01-01,2025,Finance,Accountant,2,44,27,5,223,True,1,4,3,17220000,6,3,False,0,0.22031331906802318,22.03,1,0.16908819344089202,Cao,3,1,915,79.37,Random Forest,RF_2025_V1
2512,2025-01-01,2025,Information Technology,Software Engineer,2,55,9,5,197,False,4,1,4,17920000,5,2,False,0,0.11457028684257163,11.46,0,0.16908819344089202,Trung bình,2,0,2605,41.23,Random Forest,RF_2025_V1
2515,2025-01-01,2025,Information Technology,QA Engineer,3,35,1,3,178,False,3,2,4,32420000,6,0,True,0,0.13933452247178602,13.93,0,0.16908819344089202,Trung bình,2,0,1999,54.91,Random Forest,RF_2025_V1
2516,2025-01-01,2025,Finance,Finance Manager,1,32,1,7,246,True,3,3,2,13010000,3,3,False,0,0.33060180130495387,33.06,1,0.16908819344089202,Cao,3,1,219,95.08,Random Forest,RF_2025_V1
2520,2025-01-01,2025,Finance,Accountant,3,44,39,3,188,False,3,4,3,25971000,12,1,False,0,0.05574715040419926,5.57,0,0.16908819344089202,Thấp,1,0,4378,1.22,Random Forest,RF_2025_V1
2522,2025-01-01,2025,Operations,Procurement Specialist,1,45,35,4,186,False,3,3,2,8771000,3,3,False,0,0.08380877997602626,8.38,0,0.16908819344089202,Thấp,1,0,3467,21.78,Random Forest,RF_2025_V1
2524,2025-01-01,2025,Finance,Internal Auditor,2,37,10,3,157,False,3,1,4,16122000,4,4,False,0,0.1354014528287905,13.54,0,0.16908819344089202,Trung bình,2,0,2102,52.58,Random Forest,RF_2025_V1
2525,2025-01-01,2025,Human Resources,HR Manager,2,36,40,5,221,True,2,2,2,14524000,3,1,False,0,0.3714633132515551,37.15,1,0.16908819344089202,Cao,3,1,103,97.7,Random Forest,RF_2025_V1
2526,2025-01-01,2025,Marketing,Content Specialist,2,41,34,1,218,True,4,2,4,21151000,11,3,False,0,0.20339263191777407,20.34,1,0.16908819344089202,Cao,3,1,1105,75.08,Random Forest,RF_2025_V1
2527,2025-01-01,2025,Finance,Finance Manager,1,37,17,2,147,False,4,4,3,10161000,3,3,False,0,0.05599276105120549,5.6,0,0.16908819344089202,Thấp,1,0,4373,1.33,Random Forest,RF_2025_V1
2530,2025-01-01,2025,Information Technology,System Administrator,1,44,25,4,194,False,3,2,1,8408000,2,2,False,0,0.13446128690069625,13.45,0,0.16908819344089202,Trung bình,2,0,2124,52.09,Random Forest,RF_2025_V1
2531,2025-01-01,2025,Human Resources,Recruiter,4,33,4,4,192,False,3,3,2,56183000,6,4,False,0,0.10426864453679965,10.43,0,0.16908819344089202,Trung bình,2,0,2896,34.66,Random Forest,RF_2025_V1
2533,2025-01-01,2025,Operations,Warehouse Supervisor,1,32,17,1,180,False,3,4,4,13669000,8,8,False,0,0.08498951502473187,8.5,0,0.16908819344089202,Thấp,1,0,3423,22.77,Random Forest,RF_2025_V1
2537,2025-01-01,2025,Operations,Procurement Specialist,2,48,37,4,170,False,5,4,4,18781000,12,6,False,0,0.07101361387728139,7.1,0,0.16908819344089202,Thấp,1,0,3966,10.52,Random Forest,RF_2025_V1
2539,2025-01-01,2025,Marketing,Content Specialist,2,39,26,4,191,False,5,4,4,16461000,9,5,False,1,0.06747997254523791,6.75,0,0.16908819344089202,Thấp,1,0,4074,8.08,Random Forest,RF_2025_V1
2542,2025-01-01,2025,Operations,Warehouse Supervisor,4,27,17,3,199,False,4,4,4,81997000,7,7,False,0,0.08877237974224216,8.88,0,0.16908819344089202,Thấp,1,0,3300,25.55,Random Forest,RF_2025_V1
2547,2025-01-01,2025,Finance,Finance Manager,3,42,12,3,202,False,3,2,3,38805000,8,1,False,0,0.12038444315677263,12.04,0,0.16908819344089202,Trung bình,2,0,2462,44.46,Random Forest,RF_2025_V1
2549,2025-01-01,2025,Information Technology,Data Analyst,1,30,40,4,202,False,3,3,3,13295000,2,2,False,0,0.06348544463496529,6.35,0,0.16908819344089202,Thấp,1,0,4199,5.26,Random Forest,RF_2025_V1
2550,2025-01-01,2025,Marketing,Digital Marketing Specialist,3,40,8,2,228,True,4,2,4,30356000,9,4,False,0,0.31749840277883634,31.75,1,0.16908819344089202,Cao,3,1,261,94.13,Random Forest,RF_2025_V1
2551,2025-01-01,2025,Information Technology,IT Support,1,25,6,2,222,True,4,3,1,11441000,1,1,False,0,0.27768176218626955,27.77,1,0.16908819344089202,Cao,3,1,447,89.93,Random Forest,RF_2025_V1
2554,2025-01-01,2025,Marketing,Marketing Manager,3,26,21,3,210,True,4,4,2,21628000,4,1,False,0,0.17958455318186947,17.96,1,0.16908819344089202,Cao,3,1,1341,69.76,Random Forest,RF_2025_V1
2557,2025-01-01,2025,Marketing,Marketing Executive,2,49,37,4,236,True,4,4,4,15677000,10,2,False,0,0.21204336174511043,21.2,1,0.16908819344089202,Cao,3,1,1009,77.25,Random Forest,RF_2025_V1
2558,2025-01-01,2025,Marketing,Content Specialist,2,30,37,5,187,False,5,3,3,19080000,4,0,True,0,0.07755033299196415,7.76,0,0.16908819344089202,Thấp,1,0,3729,15.87,Random Forest,RF_2025_V1
2560,2025-01-01,2025,Sales,Sales Executive,1,43,15,2,195,False,3,4,2,8389000,1,1,False,0,0.10046025900136786,10.05,0,0.16908819344089202,Trung bình,2,0,2985,32.66,Random Forest,RF_2025_V1
2561,2025-01-01,2025,Marketing,Digital Marketing Specialist,1,28,37,1,175,False,4,1,2,14181000,3,3,False,0,0.13711713734094166,13.71,0,0.16908819344089202,Trung bình,2,0,2058,53.58,Random Forest,RF_2025_V1
2563,2025-01-01,2025,Operations,Operations Manager,1,30,20,4,200,True,3,3,4,13676000,3,3,False,0,0.1386552407056585,13.87,0,0.16908819344089202,Trung bình,2,0,2017,54.5,Random Forest,RF_2025_V1
2564,2025-01-01,2025,Marketing,Marketing Manager,2,40,37,6,200,True,4,4,3,16830000,12,0,True,0,0.17487287566923443,17.49,1,0.16908819344089202,Cao,3,1,1408,68.25,Random Forest,RF_2025_V1
2566,2025-01-01,2025,Marketing,Marketing Executive,4,25,10,3,177,False,4,1,4,58308000,4,4,False,0,0.12172274802647337,12.17,0,0.16908819344089202,Trung bình,2,0,2423,45.34,Random Forest,RF_2025_V1
2568,2025-01-01,2025,Finance,Finance Manager,1,26,40,6,260,True,3,4,2,7848000,1,1,False,0,0.3138149458550165,31.38,1,0.16908819344089202,Cao,3,1,281,93.68,Random Forest,RF_2025_V1
2569,2025-01-01,2025,Information Technology,QA Engineer,4,40,12,1,214,True,3,2,2,35000000,5,0,True,1,0.297723440706276,29.77,1,0.16908819344089202,Cao,3,1,341,92.33,Random Forest,RF_2025_V1
2571,2025-01-01,2025,Information Technology,System Administrator,4,31,15,4,177,False,3,3,3,38930000,9,2,False,0,0.059655967555602964,5.97,0,0.16908819344089202,Thấp,1,0,4307,2.82,Random Forest,RF_2025_V1
2572,2025-01-01,2025,Finance,Accountant,2,36,8,3,199,False,3,2,2,22066000,11,5,False,0,0.1700388487999925,17.0,1,0.16908819344089202,Cao,3,1,1480,66.62,Random Forest,RF_2025_V1
2573,2025-01-01,2025,Sales,Sales Executive,3,39,13,7,222,False,4,3,4,32862000,1,1,False,1,0.1333684794893458,13.34,0,0.16908819344089202,Trung bình,2,0,2152,51.46,Random Forest,RF_2025_V1
2574,2025-01-01,2025,Information Technology,QA Engineer,3,33,28,5,191,False,2,1,1,41170000,4,4,False,0,0.20733872354110847,20.73,1,0.16908819344089202,Cao,3,1,1065,75.99,Random Forest,RF_2025_V1
2576,2025-01-01,2025,Human Resources,Recruiter,3,45,8,5,201,False,4,2,1,29269000,8,4,False,1,0.19984611450912554,19.98,1,0.16908819344089202,Cao,3,1,1143,74.23,Random Forest,RF_2025_V1
2577,2025-01-01,2025,Marketing,Content Specialist,2,45,15,5,206,False,3,4,2,21476000,5,5,False,0,0.11644740248394217,11.64,0,0.16908819344089202,Trung bình,2,0,2550,42.47,Random Forest,RF_2025_V1
2579,2025-01-01,2025,Operations,Procurement Specialist,1,44,17,1,190,False,4,3,2,12245000,2,2,False,0,0.08289473701097798,8.29,0,0.16908819344089202,Thấp,1,0,3491,21.24,Random Forest,RF_2025_V1
2581,2025-01-01,2025,Marketing,Digital Marketing Specialist,2,43,7,2,163,False,4,4,3,23300000,6,6,False,0,0.05948023757372895,5.95,0,0.16908819344089202,Thấp,1,0,4313,2.69,Random Forest,RF_2025_V1
2584,2025-01-01,2025,Sales,Sales Supervisor,2,35,23,5,196,False,4,2,4,14717000,1,1,False,0,0.10389741399496906,10.39,0,0.16908819344089202,Trung bình,2,0,2900,34.57,Random Forest,RF_2025_V1
2585,2025-01-01,2025,Sales,Account Manager,2,25,8,3,174,False,4,1,2,14906000,3,3,False,0,0.14849665122138467,14.85,0,0.16908819344089202,Trung bình,2,0,1814,59.08,Random Forest,RF_2025_V1
2587,2025-01-01,2025,Marketing,Digital Marketing Specialist,1,45,20,1,204,False,3,4,3,15882000,10,10,False,0,0.0693216466750491,6.93,0,0.16908819344089202,Thấp,1,0,4019,9.32,Random Forest,RF_2025_V1
2588,2025-01-01,2025,Marketing,Marketing Manager,3,53,11,2,195,True,3,1,4,34169000,10,10,False,0,0.24026607091817795,24.03,1,0.16908819344089202,Cao,3,1,731,83.53,Random Forest,RF_2025_V1
2593,2025-01-01,2025,Finance,Accountant,4,25,36,5,209,True,3,3,3,39341000,1,1,False,0,0.14356826505392464,14.36,0,0.16908819344089202,Trung bình,2,0,1900,57.14,Random Forest,RF_2025_V1
2596,2025-01-01,2025,Marketing,Content Specialist,4,25,9,2,203,True,4,4,2,43665000,3,0,True,0,0.15302478092013994,15.3,0,0.16908819344089202,Trung bình,2,0,1735,60.87,Random Forest,RF_2025_V1
2597,2025-01-01,2025,Finance,Accountant,2,52,5,1,215,True,3,1,2,15407000,9,0,True,0,0.3164818891272473,31.65,1,0.16908819344089202,Cao,3,1,264,94.06,Random Forest,RF_2025_V1
2599,2025-01-01,2025,Sales,Account Manager,2,46,37,4,169,False,2,4,4,22659000,4,4,False,0,0.07766754934467189,7.77,0,0.16908819344089202,Thấp,1,0,3725,15.96,Random Forest,RF_2025_V1
2602,2025-01-01,2025,Operations,Warehouse Supervisor,2,38,37,2,194,True,4,1,2,15541000,12,3,False,1,0.2752691210501782,27.53,1,0.16908819344089202,Cao,3,1,461,89.62,Random Forest,RF_2025_V1
2605,2025-01-01,2025,Human Resources,Recruiter,4,34,5,3,224,True,3,3,3,35000000,1,0,True,1,0.24492479413667131,24.49,1,0.16908819344089202,Cao,3,1,702,84.18,Random Forest,RF_2025_V1
2607,2025-01-01,2025,Operations,Warehouse Supervisor,1,28,14,5,203,True,4,4,2,8889000,1,1,False,1,0.1798065780327458,17.98,1,0.16908819344089202,Cao,3,1,1339,69.8,Random Forest,RF_2025_V1
2609,2025-01-01,2025,Operations,Operations Manager,2,32,38,4,186,False,3,4,1,16802000,2,2,False,1,0.08697438906126702,8.7,0,0.16908819344089202,Thấp,1,0,3349,24.44,Random Forest,RF_2025_V1
2614,2025-01-01,2025,Information Technology,Data Analyst,1,31,11,3,166,False,4,3,4,13872000,3,3,False,0,0.057591359721006166,5.76,0,0.16908819344089202,Thấp,1,0,4350,1.85,Random Forest,RF_2025_V1
2615,2025-01-01,2025,Information Technology,System Administrator,1,52,4,6,206,False,3,1,3,18039000,15,15,False,0,0.18367011005859435,18.37,1,0.16908819344089202,Cao,3,1,1295,70.8,Random Forest,RF_2025_V1
2616,2025-01-01,2025,Human Resources,HR Manager,1,34,32,5,218,False,4,3,3,11945000,2,2,False,0,0.07221189165244646,7.22,0,0.16908819344089202,Thấp,1,0,3922,11.51,Random Forest,RF_2025_V1
2618,2025-01-01,2025,Human Resources,HR Manager,1,51,6,6,211,True,3,2,4,13491000,4,4,False,0,0.32107969042992324,32.11,1,0.16908819344089202,Cao,3,1,248,94.43,Random Forest,RF_2025_V1
2623,2025-01-01,2025,Operations,Warehouse Supervisor,4,27,35,2,192,True,2,3,1,49423000,3,3,False,0,0.13373665048172734,13.37,0,0.16908819344089202,Trung bình,2,0,2140,51.73,Random Forest,RF_2025_V1
2624,2025-01-01,2025,Operations,Warehouse Supervisor,2,33,31,3,190,False,4,4,1,15696000,12,2,False,0,0.09236875963624455,9.24,0,0.16908819344089202,Thấp,1,0,3184,28.17,Random Forest,RF_2025_V1
2626,2025-01-01,2025,Marketing,Marketing Executive,1,50,12,2,206,True,2,3,3,15200000,13,13,False,0,0.15004042609924034,15.0,0,0.16908819344089202,Trung bình,2,0,1790,59.63,Random Forest,RF_2025_V1
2629,2025-01-01,2025,Human Resources,C&B Specialist,2,37,25,2,212,False,3,3,4,17721000,7,3,False,0,0.0727440398798894,7.27,0,0.16908819344089202,Thấp,1,0,3906,11.87,Random Forest,RF_2025_V1
2630,2025-01-01,2025,Operations,Procurement Specialist,1,43,15,4,183,False,3,1,4,16137000,8,8,False,1,0.12742469154761146,12.74,0,0.16908819344089202,Trung bình,2,0,2292,48.3,Random Forest,RF_2025_V1
2635,2025-01-01,2025,Finance,Accountant,2,39,16,6,210,False,4,3,4,20548000,1,1,False,0,0.08518686319436544,8.52,0,0.16908819344089202,Thấp,1,0,3416,22.93,Random Forest,RF_2025_V1
2637,2025-01-01,2025,Human Resources,C&B Specialist,2,44,9,5,185,False,4,4,3,22386000,2,2,False,0,0.05971362087079764,5.97,0,0.16908819344089202,Thấp,1,0,4305,2.87,Random Forest,RF_2025_V1
2639,2025-01-01,2025,Finance,Internal Auditor,2,38,32,3,218,False,2,1,1,13290000,5,1,False,0,0.17654771060987323,17.65,1,0.16908819344089202,Cao,3,1,1388,68.7,Random Forest,RF_2025_V1
2640,2025-01-01,2025,Human Resources,C&B Specialist,2,46,11,2,157,False,4,4,4,23617000,7,1,False,0,0.06280959179813102,6.28,0,0.16908819344089202,Thấp,1,0,4219,4.81,Random Forest,RF_2025_V1
2642,2025-01-01,2025,Operations,Warehouse Supervisor,1,44,28,2,218,True,4,4,2,11498000,1,1,False,0,0.1924255685244887,19.24,1,0.16908819344089202,Cao,3,1,1205,72.83,Random Forest,RF_2025_V1
2643,2025-01-01,2025,Marketing,Content Specialist,1,29,31,3,180,False,5,2,2,17934000,7,7,False,0,0.1734147302233313,17.34,1,0.16908819344089202,Cao,3,1,1437,67.59,Random Forest,RF_2025_V1
2644,2025-01-01,2025,Information Technology,IT Support,1,26,21,7,280,True,5,4,2,13259000,2,2,False,0,0.3059221519224348,30.59,1,0.16908819344089202,Cao,3,1,309,93.05,Random Forest,RF_2025_V1
2645,2025-01-01,2025,Marketing,Digital Marketing Specialist,4,37,12,3,216,True,4,3,1,59754000,4,4,False,0,0.23511974484791126,23.51,1,0.16908819344089202,Cao,3,1,777,82.49,Random Forest,RF_2025_V1
2646,2025-01-01,2025,Sales,Sales Supervisor,2,49,30,2,167,False,4,3,3,24756000,8,8,False,0,0.0790712633328725,7.91,0,0.16908819344089202,Thấp,1,0,3664,17.33,Random Forest,RF_2025_V1
2647,2025-01-01,2025,Human Resources,HR Manager,5,34,9,5,162,False,4,3,1,62574000,6,1,False,0,0.08995432556080177,9.0,0,0.16908819344089202,Thấp,1,0,3268,26.27,Random Forest,RF_2025_V1
2650,2025-01-01,2025,Operations,Operations Manager,2,31,18,4,205,False,3,1,4,16919000,3,2,False,0,0.09198189236024695,9.2,0,0.16908819344089202,Thấp,1,0,3197,27.87,Random Forest,RF_2025_V1
2653,2025-01-01,2025,Marketing,Marketing Manager,3,55,10,5,208,True,4,4,4,23807000,2,2,False,1,0.11730809722099979,11.73,0,0.16908819344089202,Trung bình,2,0,2525,43.04,Random Forest,RF_2025_V1
2654,2025-01-01,2025,Operations,Warehouse Supervisor,1,26,10,6,253,True,3,2,4,10321000,3,3,False,1,0.3487308455987398,34.87,1,0.16908819344089202,Cao,3,1,158,96.46,Random Forest,RF_2025_V1
2655,2025-01-01,2025,Human Resources,HR Manager,3,55,2,1,215,True,3,3,1,52009000,11,11,False,0,0.2544233044247871,25.44,1,0.16908819344089202,Cao,3,1,617,86.1,Random Forest,RF_2025_V1
2656,2025-01-01,2025,Sales,Sales Supervisor,1,25,28,4,193,False,3,4,3,13504000,2,2,False,0,0.05939791828247891,5.94,0,0.16908819344089202,Thấp,1,0,4314,2.66,Random Forest,RF_2025_V1
2659,2025-01-01,2025,Information Technology,Data Analyst,1,40,6,3,208,True,3,3,2,10245000,2,2,False,0,0.14332612647712564,14.33,0,0.16908819344089202,Trung bình,2,0,1903,57.08,Random Forest,RF_2025_V1
2661,2025-01-01,2025,Sales,Sales Executive,5,33,6,3,207,False,3,3,4,63143000,2,0,True,0,0.07960019618655707,7.96,0,0.16908819344089202,Thấp,1,0,3640,17.87,Random Forest,RF_2025_V1
2664,2025-01-01,2025,Sales,Sales Executive,1,40,26,4,202,True,3,1,1,13681000,9,9,False,0,0.3307025570116991,33.07,1,0.16908819344089202,Cao,3,1,218,95.1,Random Forest,RF_2025_V1
2668,2025-01-01,2025,Finance,Financial Analyst,4,53,11,3,251,True,4,4,4,39415000,7,2,False,0,0.20910400554142416,20.91,1,0.16908819344089202,Cao,3,1,1045,76.44,Random Forest,RF_2025_V1
2669,2025-01-01,2025,Finance,Accountant,2,42,24,4,208,True,3,3,2,21103000,3,3,False,0,0.15219526947009526,15.22,0,0.16908819344089202,Trung bình,2,0,1746,60.62,Random Forest,RF_2025_V1
2670,2025-01-01,2025,Sales,Account Manager,3,55,25,2,213,True,3,3,3,27936000,4,3,False,0,0.13385129092555842,13.39,0,0.16908819344089202,Trung bình,2,0,2136,51.82,Random Forest,RF_2025_V1
2671,2025-01-01,2025,Sales,Sales Representative,2,25,27,2,171,False,2,2,4,14545000,2,0,True,0,0.09900419763739496,9.9,0,0.16908819344089202,Thấp,1,0,3028,31.69,Random Forest,RF_2025_V1
2673,2025-01-01,2025,Information Technology,QA Engineer,3,51,9,5,231,True,4,4,1,27119000,13,3,False,0,0.274115898951082,27.41,1,0.16908819344089202,Cao,3,1,469,89.44,Random Forest,RF_2025_V1
2675,2025-01-01,2025,Human Resources,Recruiter,4,42,28,5,190,False,3,4,1,47289000,10,3,False,0,0.09523112427039837,9.52,0,0.16908819344089202,Thấp,1,0,3108,29.88,Random Forest,RF_2025_V1
2677,2025-01-01,2025,Sales,Account Manager,1,46,10,2,189,True,3,4,4,12949000,2,2,False,0,0.11708711720292096,11.71,0,0.16908819344089202,Trung bình,2,0,2533,42.86,Random Forest,RF_2025_V1
2679,2025-01-01,2025,Operations,Warehouse Supervisor,2,50,27,3,206,True,3,3,4,16795000,1,1,False,1,0.14086305283745207,14.09,0,0.16908819344089202,Trung bình,2,0,1958,55.83,Random Forest,RF_2025_V1
2680,2025-01-01,2025,Marketing,Digital Marketing Specialist,2,45,6,3,175,False,2,1,3,21845000,2,2,False,0,0.09719143214860952,9.72,0,0.16908819344089202,Thấp,1,0,3063,30.9,Random Forest,RF_2025_V1
2681,2025-01-01,2025,Information Technology,Data Analyst,2,42,32,6,180,False,2,3,4,17894000,3,3,False,1,0.07410479997339968,7.41,0,0.16908819344089202,Thấp,1,0,3856,13.0,Random Forest,RF_2025_V1
2682,2025-01-01,2025,Marketing,Content Specialist,1,55,25,2,198,True,3,2,2,11519000,1,1,False,0,0.2386150067568405,23.86,1,0.16908819344089202,Cao,3,1,741,83.3,Random Forest,RF_2025_V1
2688,2025-01-01,2025,Marketing,Content Specialist,1,33,29,4,226,True,3,2,4,8409000,1,1,False,0,0.2616019793555316,26.16,1,0.16908819344089202,Cao,3,1,566,87.25,Random Forest,RF_2025_V1
2689,2025-01-01,2025,Human Resources,HR Manager,4,40,40,6,196,False,4,3,4,45173000,8,0,True,0,0.07908569358979066,7.91,0,0.16908819344089202,Thấp,1,0,3663,17.35,Random Forest,RF_2025_V1
2692,2025-01-01,2025,Finance,Accountant,2,37,15,1,151,False,4,4,3,13560000,7,2,False,0,0.054431661069885874,5.44,0,0.16908819344089202,Thấp,1,0,4399,0.74,Random Forest,RF_2025_V1
2694,2025-01-01,2025,Operations,Operations Executive,2,51,11,2,131,False,3,1,2,19801000,1,1,False,0,0.1746441813779513,17.46,1,0.16908819344089202,Cao,3,1,1415,68.09,Random Forest,RF_2025_V1
2695,2025-01-01,2025,Information Technology,Software Engineer,3,52,30,5,233,True,3,4,3,35012000,14,3,False,0,0.21932484721177484,21.93,1,0.16908819344089202,Cao,3,1,927,79.1,Random Forest,RF_2025_V1
2697,2025-01-01,2025,Human Resources,HR Manager,3,27,34,3,182,False,3,3,2,33482000,3,3,False,0,0.07531053852164098,7.53,0,0.16908819344089202,Thấp,1,0,3809,14.06,Random Forest,RF_2025_V1
2702,2025-01-01,2025,Human Resources,C&B Specialist,1,48,13,3,192,False,3,3,4,11852000,3,3,False,0,0.06380003115606017,6.38,0,0.16908819344089202,Thấp,1,0,4189,5.48,Random Forest,RF_2025_V1
2705,2025-01-01,2025,Operations,Operations Manager,2,44,10,3,169,False,3,4,4,18630000,7,3,False,0,0.06706803863470027,6.71,0,0.16908819344089202,Thấp,1,0,4088,7.76,Random Forest,RF_2025_V1
2707,2025-01-01,2025,Finance,Accountant,3,39,21,2,188,False,3,2,4,25561000,12,0,True,0,0.11992801384164355,11.99,0,0.16908819344089202,Trung bình,2,0,2476,44.14,Random Forest,RF_2025_V1
2709,2025-01-01,2025,Finance,Finance Manager,2,55,30,1,197,True,3,4,2,21714000,10,1,False,1,0.16048028833177264,16.05,0,0.16908819344089202,Trung bình,2,0,1609,63.71,Random Forest,RF_2025_V1
2710,2025-01-01,2025,Finance,Accountant,3,50,3,5,224,False,4,1,2,26902000,6,5,False,1,0.25382834745583205,25.38,1,0.16908819344089202,Cao,3,1,622,85.99,Random Forest,RF_2025_V1
2711,2025-01-01,2025,Operations,Operations Executive,3,40,4,5,207,True,5,3,4,21169000,14,1,False,0,0.1465953854686254,14.66,0,0.16908819344089202,Trung bình,2,0,1854,58.18,Random Forest,RF_2025_V1
2712,2025-01-01,2025,Marketing,Content Specialist,2,47,20,2,203,True,4,4,1,20928000,8,4,False,1,0.2154432314635055,21.54,1,0.16908819344089202,Cao,3,1,971,78.11,Random Forest,RF_2025_V1
2713,2025-01-01,2025,Human Resources,C&B Specialist,1,54,4,4,253,True,3,1,3,10823000,1,1,False,0,0.3137887305536428,31.38,1,0.16908819344089202,Cao,3,1,282,93.66,Random Forest,RF_2025_V1
2716,2025-01-01,2025,Marketing,Marketing Executive,4,30,32,5,204,False,2,2,3,46466000,5,2,False,0,0.11000236040944121,11.0,0,0.16908819344089202,Trung bình,2,0,2749,37.98,Random Forest,RF_2025_V1
2719,2025-01-01,2025,Marketing,Content Specialist,4,47,20,1,165,False,4,3,2,57540000,13,5,False,0,0.09372218005257632,9.37,0,0.16908819344089202,Thấp,1,0,3144,29.07,Random Forest,RF_2025_V1
2721,2025-01-01,2025,Marketing,Marketing Manager,1,52,29,5,246,True,2,3,2,9564000,2,2,False,1,0.24815366375223022,24.82,1,0.16908819344089202,Cao,3,1,678,84.72,Random Forest,RF_2025_V1
2724,2025-01-01,2025,Marketing,Marketing Executive,2,34,13,7,234,False,4,4,3,20153000,6,6,False,0,0.1793365569684617,17.93,1,0.16908819344089202,Cao,3,1,1343,69.71,Random Forest,RF_2025_V1
2726,2025-01-01,2025,Human Resources,C&B Specialist,1,53,16,6,201,False,3,4,4,12733000,4,4,False,0,0.09164549443092652,9.16,0,0.16908819344089202,Thấp,1,0,3208,27.62,Random Forest,RF_2025_V1
2727,2025-01-01,2025,Marketing,Content Specialist,2,52,40,3,221,False,3,3,2,14350000,5,1,False,0,0.15246374419853695,15.25,0,0.16908819344089202,Trung bình,2,0,1741,60.73,Random Forest,RF_2025_V1
2729,2025-01-01,2025,Marketing,Marketing Manager,1,37,25,7,212,False,4,4,3,17883000,10,10,False,0,0.08875063954249744,8.88,0,0.16908819344089202,Thấp,1,0,3301,25.52,Random Forest,RF_2025_V1
2730,2025-01-01,2025,Sales,Account Manager,3,50,18,3,198,False,3,3,4,27708000,7,2,False,0,0.07429785624493311,7.43,0,0.16908819344089202,Thấp,1,0,3848,13.18,Random Forest,RF_2025_V1
2734,2025-01-01,2025,Sales,Sales Supervisor,2,39,27,3,173,False,4,1,3,19315000,5,5,False,0,0.13272407784827217,13.27,0,0.16908819344089202,Trung bình,2,0,2170,51.05,Random Forest,RF_2025_V1
2735,2025-01-01,2025,Finance,Accountant,4,41,14,3,217,True,5,1,3,55226000,1,1,False,1,0.20046622824967136,20.05,1,0.16908819344089202,Cao,3,1,1134,74.43,Random Forest,RF_2025_V1
2738,2025-01-01,2025,Finance,Accountant,3,33,23,3,181,False,3,4,1,38176000,2,2,False,0,0.07339785062971863,7.34,0,0.16908819344089202,Thấp,1,0,3892,12.19,Random Forest,RF_2025_V1
2740,2025-01-01,2025,Operations,Warehouse Supervisor,4,47,24,8,260,True,3,2,4,53062000,3,3,False,1,0.3410833929676244,34.11,1,0.16908819344089202,Cao,3,1,185,95.85,Random Forest,RF_2025_V1
2741,2025-01-01,2025,Operations,Procurement Specialist,3,37,8,2,158,False,4,3,2,24033000,15,3,False,0,0.10760353247731658,10.76,0,0.16908819344089202,Trung bình,2,0,2824,36.29,Random Forest,RF_2025_V1
2743,2025-01-01,2025,Sales,Sales Executive,1,29,3,3,189,False,2,3,4,11245000,3,3,False,0,0.06751886220526432,6.75,0,0.16908819344089202,Thấp,1,0,4072,8.12,Random Forest,RF_2025_V1
2744,2025-01-01,2025,Marketing,Digital Marketing Specialist,3,53,39,5,162,False,4,3,4,42151000,7,7,False,0,0.06656443803542882,6.66,0,0.16908819344089202,Thấp,1,0,4101,7.47,Random Forest,RF_2025_V1
2745,2025-01-01,2025,Marketing,Marketing Executive,2,32,1,4,199,False,3,1,3,18575000,2,2,False,0,0.11332629595311149,11.33,0,0.16908819344089202,Trung bình,2,0,2646,40.31,Random Forest,RF_2025_V1
2746,2025-01-01,2025,Sales,Sales Executive,2,46,7,2,241,True,3,3,1,15786000,13,3,False,0,0.2860453053084186,28.6,1,0.16908819344089202,Cao,3,1,388,91.27,Random Forest,RF_2025_V1
2747,2025-01-01,2025,Operations,Warehouse Supervisor,1,33,9,2,164,False,3,1,4,13924000,13,13,False,0,0.15524072233791328,15.52,0,0.16908819344089202,Trung bình,2,0,1695,61.77,Random Forest,RF_2025_V1
2753,2025-01-01,2025,Information Technology,QA Engineer,2,47,28,6,208,False,4,3,4,21935000,2,2,False,0,0.08426002209627205,8.43,0,0.16908819344089202,Thấp,1,0,3446,22.25,Random Forest,RF_2025_V1
2754,2025-01-01,2025,Operations,Operations Manager,1,43,17,5,267,True,3,1,1,13326000,11,11,False,1,0.4873093922637085,48.73,1,0.16908819344089202,Cao,3,1,3,99.95,Random Forest,RF_2025_V1
2756,2025-01-01,2025,Information Technology,Software Engineer,4,28,9,5,190,False,3,2,1,36882000,2,0,True,0,0.16094984459206782,16.09,0,0.16908819344089202,Trung bình,2,0,1602,63.87,Random Forest,RF_2025_V1
2758,2025-01-01,2025,Finance,Accountant,1,38,17,5,197,False,4,4,3,11816000,3,3,False,0,0.06805248812767616,6.81,0,0.16908819344089202,Thấp,1,0,4057,8.46,Random Forest,RF_2025_V1
2760,2025-01-01,2025,Human Resources,C&B Specialist,2,32,7,4,169,False,3,1,3,20753000,8,8,False,0,0.15189999332983034,15.19,0,0.16908819344089202,Trung bình,2,0,1752,60.48,Random Forest,RF_2025_V1
2764,2025-01-01,2025,Information Technology,QA Engineer,2,43,22,2,204,True,3,1,2,20371000,9,0,True,0,0.2967681673516337,29.68,1,0.16908819344089202,Cao,3,1,345,92.24,Random Forest,RF_2025_V1
2765,2025-01-01,2025,Operations,Procurement Specialist,1,36,26,2,182,False,3,2,4,10179000,3,3,False,0,0.09555714266639084,9.56,0,0.16908819344089202,Thấp,1,0,3098,30.11,Random Forest,RF_2025_V1
2767,2025-01-01,2025,Human Resources,Recruiter,1,35,23,2,203,True,2,4,2,13369000,15,15,False,0,0.22351979612786232,22.35,1,0.16908819344089202,Cao,3,1,882,80.12,Random Forest,RF_2025_V1
2770,2025-01-01,2025,Human Resources,Recruiter,1,43,28,5,193,False,3,2,4,13006000,3,3,False,0,0.10236214368510008,10.24,0,0.16908819344089202,Trung bình,2,0,2936,33.76,Random Forest,RF_2025_V1
2771,2025-01-01,2025,Sales,Sales Representative,2,25,5,5,237,False,4,3,1,12362000,2,0,True,0,0.18937786016811278,18.94,1,0.16908819344089202,Cao,3,1,1236,72.13,Random Forest,RF_2025_V1
2774,2025-01-01,2025,Human Resources,HR Manager,1,29,11,5,203,False,4,3,2,13750000,5,5,False,0,0.12375255158393164,12.38,0,0.16908819344089202,Trung bình,2,0,2366,46.63,Random Forest,RF_2025_V1
2775,2025-01-01,2025,Human Resources,HR Manager,3,39,2,2,204,True,3,4,4,25695000,3,3,False,0,0.12687187525108834,12.69,0,0.16908819344089202,Trung bình,2,0,2302,48.07,Random Forest,RF_2025_V1
2778,2025-01-01,2025,Marketing,Digital Marketing Specialist,2,40,3,2,169,True,3,3,3,21806000,7,0,True,0,0.13962550341546584,13.96,0,0.16908819344089202,Trung bình,2,0,1987,55.18,Random Forest,RF_2025_V1
2780,2025-01-01,2025,Finance,Internal Auditor,2,37,24,2,214,True,4,4,3,18162000,5,3,False,0,0.14233110626316675,14.23,0,0.16908819344089202,Trung bình,2,0,1927,56.53,Random Forest,RF_2025_V1
2781,2025-01-01,2025,Sales,Sales Representative,1,46,26,1,156,False,4,2,2,14012000,3,3,False,0,0.1369011320197991,13.69,0,0.16908819344089202,Trung bình,2,0,2066,53.4,Random Forest,RF_2025_V1
2784,2025-01-01,2025,Marketing,Marketing Executive,1,25,17,3,158,False,4,4,4,14096000,3,3,False,0,0.055529530227028424,5.55,0,0.16908819344089202,Thấp,1,0,4388,0.99,Random Forest,RF_2025_V1
2785,2025-01-01,2025,Marketing,Marketing Manager,4,50,15,5,217,False,3,4,1,43747000,12,1,False,0,0.1245793589773011,12.46,0,0.16908819344089202,Trung bình,2,0,2348,47.03,Random Forest,RF_2025_V1
2786,2025-01-01,2025,Human Resources,HR Manager,2,39,38,4,225,True,2,4,4,19038000,8,4,False,0,0.24641295461981064,24.64,1,0.16908819344089202,Cao,3,1,690,84.45,Random Forest,RF_2025_V1
2787,2025-01-01,2025,Finance,Accountant,5,42,1,2,238,True,4,3,4,88368000,10,3,False,0,0.21091406703615634,21.09,1,0.16908819344089202,Cao,3,1,1021,76.98,Random Forest,RF_2025_V1
2790,2025-01-01,2025,Information Technology,System Administrator,1,31,6,4,218,False,4,3,2,9707000,1,1,False,0,0.10829355464138786,10.83,0,0.16908819344089202,Trung bình,2,0,2799,36.85,Random Forest,RF_2025_V1
2795,2025-01-01,2025,Human Resources,HR Manager,1,42,1,8,210,False,4,4,3,11749000,4,4,False,0,0.10654788925747669,10.65,0,0.16908819344089202,Trung bình,2,0,2852,35.66,Random Forest,RF_2025_V1
2799,2025-01-01,2025,Marketing,Content Specialist,2,26,29,5,202,False,2,2,4,13824000,3,2,False,0,0.09174349402541651,9.17,0,0.16908819344089202,Thấp,1,0,3206,27.67,Random Forest,RF_2025_V1
2803,2025-01-01,2025,Sales,Account Manager,1,50,23,1,185,False,5,4,3,11006000,2,2,False,0,0.06284828608902059,6.28,0,0.16908819344089202,Thấp,1,0,4218,4.83,Random Forest,RF_2025_V1
2804,2025-01-01,2025,Human Resources,Recruiter,4,42,17,4,196,False,2,1,2,50652000,13,6,False,0,0.19205547056889014,19.21,1,0.16908819344089202,Cao,3,1,1207,72.78,Random Forest,RF_2025_V1
2806,2025-01-01,2025,Human Resources,HR Executive,1,53,8,1,167,False,3,3,3,9292000,3,3,False,0,0.06584826762702468,6.58,0,0.16908819344089202,Thấp,1,0,4120,7.04,Random Forest,RF_2025_V1
2810,2025-01-01,2025,Operations,Procurement Specialist,2,42,13,4,196,False,1,3,3,14727000,1,1,False,0,0.07646734462711506,7.65,0,0.16908819344089202,Thấp,1,0,3768,14.99,Random Forest,RF_2025_V1
2811,2025-01-01,2025,Information Technology,Data Analyst,3,51,30,2,211,True,5,2,2,37977000,6,6,False,1,0.29300037864134976,29.3,1,0.16908819344089202,Cao,3,1,359,91.92,Random Forest,RF_2025_V1
2814,2025-01-01,2025,Marketing,Marketing Executive,1,26,33,1,179,False,4,4,4,10134000,2,2,False,0,0.05251892067164638,5.25,0,0.16908819344089202,Thấp,1,0,4413,0.43,Random Forest,RF_2025_V1
2815,2025-01-01,2025,Marketing,Marketing Manager,3,54,27,5,196,False,4,2,3,54090000,11,11,False,0,0.1312775460526151,13.13,0,0.16908819344089202,Trung bình,2,0,2213,50.08,Random Forest,RF_2025_V1
2816,2025-01-01,2025,Sales,Sales Representative,3,29,1,2,190,True,3,4,1,36299000,3,3,False,1,0.1476380886156506,14.76,0,0.16908819344089202,Trung bình,2,0,1837,58.56,Random Forest,RF_2025_V1
2819,2025-01-01,2025,Human Resources,Recruiter,2,34,8,2,161,True,3,4,3,22524000,4,4,False,0,0.1581544929935485,15.82,0,0.16908819344089202,Trung bình,2,0,1653,62.72,Random Forest,RF_2025_V1
2820,2025-01-01,2025,Human Resources,Recruiter,1,51,2,5,216,False,4,4,4,13152000,2,2,False,0,0.07312095045641083,7.31,0,0.16908819344089202,Thấp,1,0,3898,12.05,Random Forest,RF_2025_V1
2821,2025-01-01,2025,Finance,Financial Analyst,4,54,38,3,207,True,3,2,3,35000000,12,0,True,0,0.25734961826325825,25.73,1,0.16908819344089202,Cao,3,1,596,86.57,Random Forest,RF_2025_V1
2822,2025-01-01,2025,Information Technology,Data Analyst,2,52,9,4,178,False,3,3,4,25021000,4,4,False,0,0.07905751000181453,7.91,0,0.16908819344089202,Thấp,1,0,3665,17.31,Random Forest,RF_2025_V1
2823,2025-01-01,2025,Operations,Operations Manager,2,42,15,2,183,False,2,4,4,16143000,8,5,False,0,0.08708026585130131,8.71,0,0.16908819344089202,Thấp,1,0,3346,24.51,Random Forest,RF_2025_V1
2824,2025-01-01,2025,Information Technology,QA Engineer,2,33,20,2,181,False,5,2,3,16526000,2,2,False,0,0.11620642410495731,11.62,0,0.16908819344089202,Trung bình,2,0,2558,42.29,Random Forest,RF_2025_V1
2826,2025-01-01,2025,Operations,Procurement Specialist,1,42,15,3,227,True,4,4,3,10989000,4,4,False,1,0.26876735646009475,26.88,1,0.16908819344089202,Cao,3,1,507,88.58,Random Forest,RF_2025_V1
2829,2025-01-01,2025,Operations,Operations Executive,3,53,26,5,212,True,2,2,3,52571000,6,6,False,0,0.2699960270484414,27.0,1,0.16908819344089202,Cao,3,1,498,88.78,Random Forest,RF_2025_V1
2832,2025-01-01,2025,Finance,Finance Manager,4,54,21,5,200,False,5,2,2,42744000,8,0,True,0,0.150772946865578,15.08,0,0.16908819344089202,Trung bình,2,0,1773,60.01,Random Forest,RF_2025_V1
2834,2025-01-01,2025,Marketing,Marketing Manager,3,41,39,2,210,False,3,3,4,39499000,13,13,False,0,0.07122883734611142,7.12,0,0.16908819344089202,Thấp,1,0,3956,10.74,Random Forest,RF_2025_V1
2837,2025-01-01,2025,Sales,Account Manager,2,26,12,6,198,False,3,2,4,16191000,5,3,False,1,0.1483170029089829,14.83,0,0.16908819344089202,Trung bình,2,0,1819,58.97,Random Forest,RF_2025_V1
2838,2025-01-01,2025,Marketing,Marketing Manager,1,25,12,3,199,False,2,2,3,12035000,1,1,False,1,0.10339199011366945,10.34,0,0.16908819344089202,Trung bình,2,0,2914,34.26,Random Forest,RF_2025_V1
2840,2025-01-01,2025,Information Technology,QA Engineer,1,32,10,3,173,False,3,2,3,14704000,4,4,False,1,0.1553804857915461,15.54,0,0.16908819344089202,Trung bình,2,0,1693,61.81,Random Forest,RF_2025_V1
2845,2025-01-01,2025,Sales,Sales Executive,1,42,17,1,159,False,4,2,1,10197000,1,1,False,0,0.15841494237930245,15.84,0,0.16908819344089202,Trung bình,2,0,1649,62.81,Random Forest,RF_2025_V1
2846,2025-01-01,2025,Operations,Procurement Specialist,1,39,19,1,198,True,4,4,4,9047000,1,1,False,0,0.15183600459686702,15.18,0,0.16908819344089202,Trung bình,2,0,1754,60.44,Random Forest,RF_2025_V1
2855,2025-01-01,2025,Operations,Operations Manager,1,30,24,2,232,True,4,4,3,10366000,1,1,False,0,0.22291253702443986,22.29,1,0.16908819344089202,Cao,3,1,890,79.94,Random Forest,RF_2025_V1
2860,2025-01-01,2025,Marketing,Marketing Manager,1,44,39,4,180,False,3,2,3,7369000,1,1,False,0,0.13072543987392357,13.07,0,0.16908819344089202,Trung bình,2,0,2225,49.81,Random Forest,RF_2025_V1
2862,2025-01-01,2025,Human Resources,HR Manager,2,49,31,1,152,False,3,2,3,23569000,9,6,False,0,0.13602482896156542,13.6,0,0.16908819344089202,Trung bình,2,0,2088,52.9,Random Forest,RF_2025_V1
2863,2025-01-01,2025,Marketing,Marketing Executive,1,55,7,3,169,False,3,1,3,13361000,12,12,False,0,0.12194119394944511,12.19,0,0.16908819344089202,Trung bình,2,0,2410,45.63,Random Forest,RF_2025_V1
2864,2025-01-01,2025,Operations,Operations Executive,2,47,2,2,189,False,2,4,4,21165000,9,9,False,0,0.08797771504232647,8.8,0,0.16908819344089202,Thấp,1,0,3323,25.03,Random Forest,RF_2025_V1
2877,2025-01-01,2025,Finance,Accountant,2,25,4,4,212,True,3,2,4,16023000,1,1,False,0,0.226118275445094,22.61,1,0.16908819344089202,Cao,3,1,856,80.7,Random Forest,RF_2025_V1
2878,2025-01-01,2025,Sales,Sales Representative,1,46,21,3,209,True,4,4,3,10863000,1,1,False,0,0.12386110582447124,12.39,0,0.16908819344089202,Trung bình,2,0,2365,46.65,Random Forest,RF_2025_V1
2881,2025-01-01,2025,Information Technology,Data Analyst,1,27,22,2,233,True,3,4,2,10036000,3,3,False,0,0.26293401998324306,26.29,1,0.16908819344089202,Cao,3,1,558,87.43,Random Forest,RF_2025_V1
2884,2025-01-01,2025,Operations,Warehouse Supervisor,4,32,4,3,195,False,3,3,3,43659000,4,2,False,0,0.06510510725717022,6.51,0,0.16908819344089202,Thấp,1,0,4145,6.48,Random Forest,RF_2025_V1
2885,2025-01-01,2025,Information Technology,Data Analyst,4,46,17,6,242,True,3,3,4,54602000,2,2,False,0,0.21991464400731672,21.99,1,0.16908819344089202,Cao,3,1,919,79.28,Random Forest,RF_2025_V1
2886,2025-01-01,2025,Marketing,Marketing Manager,2,53,38,2,196,True,3,4,3,32490000,9,9,False,1,0.14990360316752424,14.99,0,0.16908819344089202,Trung bình,2,0,1794,59.54,Random Forest,RF_2025_V1
2887,2025-01-01,2025,Human Resources,HR Executive,2,47,40,3,167,False,3,2,4,16836000,3,3,False,0,0.09280364389054455,9.28,0,0.16908819344089202,Thấp,1,0,3167,28.55,Random Forest,RF_2025_V1
2893,2025-01-01,2025,Human Resources,C&B Specialist,2,40,28,1,165,False,4,4,3,14761000,2,0,True,0,0.06134793839584525,6.13,0,0.16908819344089202,Thấp,1,0,4259,3.9,Random Forest,RF_2025_V1
2894,2025-01-01,2025,Marketing,Marketing Manager,3,49,19,3,228,True,4,3,3,28968000,14,5,False,0,0.2523607375089478,25.24,1,0.16908819344089202,Cao,3,1,637,85.65,Random Forest,RF_2025_V1
2898,2025-01-01,2025,Human Resources,Recruiter,2,46,18,1,168,False,3,4,4,15148000,6,1,False,0,0.06420627499760599,6.42,0,0.16908819344089202,Thấp,1,0,4179,5.71,Random Forest,RF_2025_V1
2901,2025-01-01,2025,Information Technology,QA Engineer,2,41,4,5,192,False,3,1,1,30194000,7,7,False,1,0.19708473289554784,19.71,1,0.16908819344089202,Cao,3,1,1165,73.73,Random Forest,RF_2025_V1
2902,2025-01-01,2025,Marketing,Digital Marketing Specialist,2,37,30,1,156,False,5,4,3,15083000,4,0,True,0,0.05706450953762591,5.71,0,0.16908819344089202,Thấp,1,0,4363,1.56,Random Forest,RF_2025_V1
2909,2025-01-01,2025,Finance,Financial Analyst,1,47,23,6,236,True,3,3,3,13660000,3,3,False,0,0.2716858922707525,27.17,1,0.16908819344089202,Cao,3,1,484,89.1,Random Forest,RF_2025_V1
2913,2025-01-01,2025,Finance,Accountant,1,38,18,4,196,False,3,3,4,12110000,10,10,False,0,0.08038874979064428,8.04,0,0.16908819344089202,Thấp,1,0,3603,18.71,Random Forest,RF_2025_V1
2919,2025-01-01,2025,Sales,Account Manager,2,38,40,2,203,True,4,3,4,25735000,6,6,False,0,0.17404699712362648,17.4,1,0.16908819344089202,Cao,3,1,1425,67.86,Random Forest,RF_2025_V1
2920,2025-01-01,2025,Sales,Sales Executive,1,31,40,6,241,True,4,3,3,11248000,2,2,False,0,0.2365421303831747,23.65,1,0.16908819344089202,Cao,3,1,765,82.76,Random Forest,RF_2025_V1
2921,2025-01-01,2025,Information Technology,IT Support,1,27,11,6,220,False,3,4,2,8484000,2,2,False,0,0.15057514654721008,15.06,0,0.16908819344089202,Trung bình,2,0,1779,59.87,Random Forest,RF_2025_V1
2922,2025-01-01,2025,Human Resources,C&B Specialist,1,41,33,3,217,True,4,3,4,18663000,10,10,False,1,0.18372902991671966,18.37,1,0.16908819344089202,Cao,3,1,1293,70.84,Random Forest,RF_2025_V1
2924,2025-01-01,2025,Operations,Operations Manager,1,55,34,3,178,False,3,1,3,15155000,13,13,False,0,0.15100022765403612,15.1,0,0.16908819344089202,Trung bình,2,0,1769,60.1,Random Forest,RF_2025_V1
2926,2025-01-01,2025,Information Technology,Software Engineer,2,34,25,8,255,True,3,3,4,13799000,1,0,True,1,0.2773711807123995,27.74,1,0.16908819344089202,Cao,3,1,450,89.87,Random Forest,RF_2025_V1
2928,2025-01-01,2025,Information Technology,Data Analyst,3,52,38,3,180,False,3,4,2,27387000,3,0,True,0,0.09558952959728553,9.56,0,0.16908819344089202,Thấp,1,0,3096,30.15,Random Forest,RF_2025_V1
2929,2025-01-01,2025,Finance,Internal Auditor,1,31,16,1,203,True,3,4,2,15361000,5,5,False,0,0.21890933213427013,21.89,1,0.16908819344089202,Cao,3,1,934,78.94,Random Forest,RF_2025_V1
2934,2025-01-01,2025,Operations,Operations Executive,1,25,11,5,210,False,2,4,1,12519000,5,5,False,0,0.1420840589243101,14.21,0,0.16908819344089202,Trung bình,2,0,1934,56.38,Random Forest,RF_2025_V1
2936,2025-01-01,2025,Marketing,Content Specialist,4,36,25,2,220,True,2,2,3,52230000,8,6,False,0,0.28106478572911275,28.11,1,0.16908819344089202,Cao,3,1,421,90.52,Random Forest,RF_2025_V1
2937,2025-01-01,2025,Information Technology,IT Support,3,54,31,3,190,True,4,3,1,33139000,3,3,False,0,0.143647779267268,14.36,0,0.16908819344089202,Trung bình,2,0,1898,57.19,Random Forest,RF_2025_V1
2942,2025-01-01,2025,Marketing,Marketing Executive,4,47,8,5,207,False,2,3,1,48572000,6,2,False,0,0.0932264646245367,9.32,0,0.16908819344089202,Thấp,1,0,3156,28.8,Random Forest,RF_2025_V1
2944,2025-01-01,2025,Information Technology,IT Support,1,34,25,7,224,False,2,1,1,12419000,2,2,False,0,0.21850501313806275,21.85,1,0.16908819344089202,Cao,3,1,938,78.85,Random Forest,RF_2025_V1
2945,2025-01-01,2025,Marketing,Marketing Manager,1,48,5,1,215,True,3,4,3,12256000,2,2,False,0,0.12152096544559629,12.15,0,0.16908819344089202,Trung bình,2,0,2428,45.23,Random Forest,RF_2025_V1
2946,2025-01-01,2025,Information Technology,QA Engineer,4,39,9,3,183,False,4,3,2,47781000,12,5,False,0,0.10049076973043038,10.05,0,0.16908819344089202,Trung bình,2,0,2982,32.72,Random Forest,RF_2025_V1
2949,2025-01-01,2025,Marketing,Digital Marketing Specialist,1,53,2,2,182,False,5,2,2,9811000,3,3,False,1,0.14552493370053193,14.55,0,0.16908819344089202,Trung bình,2,0,1872,57.77,Random Forest,RF_2025_V1
2950,2025-01-01,2025,Finance,Accountant,2,33,40,3,192,False,3,2,3,15024000,8,4,False,0,0.12402670863187579,12.4,0,0.16908819344089202,Trung bình,2,0,2360,46.76,Random Forest,RF_2025_V1
2954,2025-01-01,2025,Marketing,Content Specialist,1,38,19,1,231,True,4,4,3,12947000,12,12,False,0,0.2638372411486046,26.38,1,0.16908819344089202,Cao,3,1,549,87.63,Random Forest,RF_2025_V1
2955,2025-01-01,2025,Information Technology,Data Analyst,2,43,33,4,200,False,4,3,4,15720000,5,4,False,0,0.07951758203977878,7.95,0,0.16908819344089202,Thấp,1,0,3644,17.78,Random Forest,RF_2025_V1
2957,2025-01-01,2025,Finance,Accountant,1,38,1,5,228,True,3,3,4,13530000,4,4,False,0,0.2518052187788527,25.18,1,0.16908819344089202,Cao,3,1,640,85.58,Random Forest,RF_2025_V1
2960,2025-01-01,2025,Operations,Operations Executive,1,37,35,5,218,True,4,3,1,15553000,11,11,False,0,0.266570376653602,26.66,1,0.16908819344089202,Cao,3,1,523,88.22,Random Forest,RF_2025_V1
2961,2025-01-01,2025,Information Technology,Software Engineer,2,44,33,5,216,True,3,1,4,17428000,4,0,True,1,0.23342420516073906,23.34,1,0.16908819344089202,Cao,3,1,798,82.01,Random Forest,RF_2025_V1
2963,2025-01-01,2025,Marketing,Marketing Executive,2,30,31,1,162,False,5,3,2,18259000,1,1,False,0,0.1087925666777208,10.88,0,0.16908819344089202,Trung bình,2,0,2783,37.22,Random Forest,RF_2025_V1
2964,2025-01-01,2025,Operations,Operations Executive,3,46,4,4,210,False,3,4,3,27033000,12,1,False,0,0.07623297561125096,7.62,0,0.16908819344089202,Thấp,1,0,3776,14.8,Random Forest,RF_2025_V1
2967,2025-01-01,2025,Finance,Financial Analyst,2,47,30,3,161,False,3,2,4,16600000,1,1,False,0,0.10988445899052426,10.99,0,0.16908819344089202,Trung bình,2,0,2752,37.91,Random Forest,RF_2025_V1
2968,2025-01-01,2025,Human Resources,C&B Specialist,2,35,5,3,168,False,4,3,3,21917000,2,2,False,0,0.0579024520809186,5.79,0,0.16908819344089202,Thấp,1,0,4342,2.03,Random Forest,RF_2025_V1
2969,2025-01-01,2025,Sales,Sales Representative,1,29,9,4,196,False,3,4,2,11310000,1,1,False,0,0.0978512407770467,9.79,0,0.16908819344089202,Thấp,1,0,3054,31.1,Random Forest,RF_2025_V1
2972,2025-01-01,2025,Marketing,Content Specialist,1,29,21,5,191,False,3,4,2,11727000,4,4,False,0,0.11518487914999101,11.52,0,0.16908819344089202,Trung bình,2,0,2589,41.59,Random Forest,RF_2025_V1
2975,2025-01-01,2025,Human Resources,HR Executive,4,40,14,2,225,True,4,2,3,35000000,5,0,True,0,0.33101790988513075,33.1,1,0.16908819344089202,Cao,3,1,216,95.15,Random Forest,RF_2025_V1
2978,2025-01-01,2025,Finance,Finance Manager,2,25,40,3,200,False,4,2,3,21072000,2,2,False,0,0.0992624369025585,9.93,0,0.16908819344089202,Thấp,1,0,3023,31.8,Random Forest,RF_2025_V1
2985,2025-01-01,2025,Sales,Sales Representative,1,25,13,3,212,True,4,3,4,7619000,1,1,False,0,0.1440537789718975,14.41,0,0.16908819344089202,Trung bình,2,0,1890,57.37,Random Forest,RF_2025_V1
2986,2025-01-01,2025,Sales,Account Manager,1,31,11,1,201,True,4,2,2,9098000,1,1,False,0,0.26194821657446,26.19,1,0.16908819344089202,Cao,3,1,564,87.29,Random Forest,RF_2025_V1
2990,2025-01-01,2025,Human Resources,HR Manager,2,34,36,4,164,False,4,3,1,29802000,9,9,False,0,0.12003885347034758,12.0,0,0.16908819344089202,Trung bình,2,0,2472,44.23,Random Forest,RF_2025_V1
2991,2025-01-01,2025,Information Technology,Data Analyst,1,27,16,4,220,False,4,4,3,18450000,6,6,False,0,0.1499058475062084,14.99,0,0.16908819344089202,Trung bình,2,0,1793,59.56,Random Forest,RF_2025_V1
2994,2025-01-01,2025,Information Technology,Software Engineer,4,35,14,6,181,False,4,3,3,43932000,10,3,False,0,0.08267070154227264,8.27,0,0.16908819344089202,Thấp,1,0,3500,21.03,Random Forest,RF_2025_V1
2995,2025-01-01,2025,Marketing,Content Specialist,4,49,40,3,220,False,3,1,1,54185000,14,5,False,0,0.22204914578120485,22.2,1,0.16908819344089202,Cao,3,1,898,79.76,Random Forest,RF_2025_V1
2996,2025-01-01,2025,Information Technology,IT Support,4,35,3,7,253,True,3,4,3,49431000,9,5,False,0,0.24973051212568645,24.97,1,0.16908819344089202,Cao,3,1,659,85.15,Random Forest,RF_2025_V1
2997,2025-01-01,2025,Sales,Sales Supervisor,2,48,16,3,190,False,4,2,3,21181000,3,3,False,0,0.10214552057601477,10.21,0,0.16908819344089202,Trung bình,2,0,2948,33.49,Random Forest,RF_2025_V1
2998,2025-01-01,2025,Operations,Operations Manager,2,27,10,4,195,False,4,4,1,20475000,5,5,False,1,0.1203351856384216,12.03,0,0.16908819344089202,Trung bình,2,0,2464,44.41,Random Forest,RF_2025_V1
3000,2025-01-01,2025,Finance,Internal Auditor,2,42,21,3,191,False,1,1,4,17799000,2,2,False,0,0.09255661393785039,9.26,0,0.16908819344089202,Thấp,1,0,3175,28.37,Random Forest,RF_2025_V1
3004,2025-01-01,2025,Marketing,Marketing Manager,4,26,33,1,157,False,3,4,1,35000000,1,0,True,1,0.11230011987819118,11.23,0,0.16908819344089202,Trung bình,2,0,2677,39.61,Random Forest,RF_2025_V1
3005,2025-01-01,2025,Marketing,Marketing Manager,3,49,29,4,176,False,3,3,4,30953000,2,2,False,0,0.04878103384492972,4.88,0,0.16908819344089202,Thấp,1,0,4430,0.05,Random Forest,RF_2025_V1
3006,2025-01-01,2025,Information Technology,System Administrator,1,27,22,3,187,False,4,3,3,14689000,4,4,False,0,0.07964982046048255,7.96,0,0.16908819344089202,Thấp,1,0,3638,17.92,Random Forest,RF_2025_V1
3011,2025-01-01,2025,Sales,Sales Executive,2,55,40,8,186,False,4,3,2,18770000,10,2,False,1,0.0885118792764021,8.85,0,0.16908819344089202,Thấp,1,0,3304,25.46,Random Forest,RF_2025_V1
3014,2025-01-01,2025,Marketing,Marketing Manager,2,37,40,1,165,False,4,4,1,21818000,8,8,False,0,0.10061398907499765,10.06,0,0.16908819344089202,Trung bình,2,0,2979,32.79,Random Forest,RF_2025_V1
3016,2025-01-01,2025,Information Technology,Data Analyst,2,49,21,1,207,True,2,1,2,18488000,8,6,False,0,0.3549947930421188,35.5,1,0.16908819344089202,Cao,3,1,143,96.8,Random Forest,RF_2025_V1
3017,2025-01-01,2025,Human Resources,HR Executive,2,35,26,3,225,True,3,2,2,19147000,3,3,False,1,0.3480788433082708,34.81,1,0.16908819344089202,Cao,3,1,162,96.37,Random Forest,RF_2025_V1
3018,2025-01-01,2025,Information Technology,Data Analyst,2,43,39,7,211,False,2,4,1,27167000,7,7,False,1,0.1081127482835582,10.81,0,0.16908819344089202,Trung bình,2,0,2807,36.67,Random Forest,RF_2025_V1
3027,2025-01-01,2025,Marketing,Marketing Executive,2,55,9,2,210,False,2,2,1,15416000,4,2,False,0,0.16764835086499458,16.76,0,0.16908819344089202,Trung bình,2,0,1510,65.94,Random Forest,RF_2025_V1
3031,2025-01-01,2025,Operations,Warehouse Supervisor,4,33,16,4,219,False,3,4,3,47533000,11,4,False,0,0.12701595315254036,12.7,0,0.16908819344089202,Trung bình,2,0,2298,48.16,Random Forest,RF_2025_V1
3032,2025-01-01,2025,Human Resources,C&B Specialist,1,30,13,2,189,False,3,2,4,11070000,2,2,False,0,0.09110972401848723,9.11,0,0.16908819344089202,Thấp,1,0,3227,27.19,Random Forest,RF_2025_V1
3034,2025-01-01,2025,Operations,Warehouse Supervisor,2,51,28,4,180,False,4,4,2,17779000,3,3,False,0,0.08563692702477493,8.56,0,0.16908819344089202,Thấp,1,0,3396,23.38,Random Forest,RF_2025_V1
3035,2025-01-01,2025,Human Resources,HR Manager,3,53,28,2,214,False,4,2,2,22825000,8,2,False,0,0.14956217841253774,14.96,0,0.16908819344089202,Trung bình,2,0,1804,59.31,Random Forest,RF_2025_V1
3038,2025-01-01,2025,Marketing,Digital Marketing Specialist,1,28,14,4,190,False,5,3,3,11219000,1,1,False,0,0.08434254115562466,8.43,0,0.16908819344089202,Thấp,1,0,3443,22.32,Random Forest,RF_2025_V1
3041,2025-01-01,2025,Human Resources,HR Executive,1,42,22,5,217,False,3,4,3,10438000,3,3,False,0,0.07469793660601934,7.47,0,0.16908819344089202,Thấp,1,0,3832,13.54,Random Forest,RF_2025_V1
3044,2025-01-01,2025,Human Resources,C&B Specialist,2,39,13,3,186,False,2,2,1,22399000,9,2,False,0,0.1427017033252096,14.27,0,0.16908819344089202,Trung bình,2,0,1920,56.69,Random Forest,RF_2025_V1
3045,2025-01-01,2025,Operations,Operations Executive,2,54,15,4,192,False,4,1,4,19844000,4,4,False,0,0.13967465274957896,13.97,0,0.16908819344089202,Trung bình,2,0,1984,55.25,Random Forest,RF_2025_V1
3047,2025-01-01,2025,Human Resources,C&B Specialist,2,42,12,4,231,True,3,3,4,23469000,8,8,False,0,0.25332345578104315,25.33,1,0.16908819344089202,Cao,3,1,630,85.8,Random Forest,RF_2025_V1
3049,2025-01-01,2025,Finance,Finance Manager,2,53,39,3,186,False,5,4,2,15646000,14,5,False,0,0.10668836994604033,10.67,0,0.16908819344089202,Trung bình,2,0,2847,35.77,Random Forest,RF_2025_V1
3050,2025-01-01,2025,Human Resources,C&B Specialist,1,25,2,2,186,True,3,4,2,8782000,2,2,False,0,0.14080524663378705,14.08,0,0.16908819344089202,Trung bình,2,0,1959,55.81,Random Forest,RF_2025_V1
3051,2025-01-01,2025,Information Technology,System Administrator,1,42,21,4,220,False,4,2,2,17573000,15,15,False,0,0.25585544418626216,25.59,1,0.16908819344089202,Cao,3,1,603,86.41,Random Forest,RF_2025_V1
3052,2025-01-01,2025,Human Resources,Recruiter,2,41,23,6,203,False,4,2,4,12840000,1,0,True,0,0.15732124040250325,15.73,0,0.16908819344089202,Trung bình,2,0,1663,62.49,Random Forest,RF_2025_V1
3054,2025-01-01,2025,Marketing,Marketing Manager,3,40,19,1,195,False,4,2,4,54999000,12,12,False,0,0.1250577472617407,12.51,0,0.16908819344089202,Trung bình,2,0,2335,47.33,Random Forest,RF_2025_V1
3056,2025-01-01,2025,Operations,Operations Manager,4,29,1,2,167,False,4,1,3,51394000,9,2,False,0,0.1119343381158295,11.19,0,0.16908819344089202,Trung bình,2,0,2689,39.34,Random Forest,RF_2025_V1
3057,2025-01-01,2025,Finance,Finance Manager,3,45,32,2,228,False,4,1,4,34915000,2,2,False,0,0.18831617860845604,18.83,1,0.16908819344089202,Cao,3,1,1245,71.93,Random Forest,RF_2025_V1
3059,2025-01-01,2025,Human Resources,C&B Specialist,1,44,22,2,173,False,3,3,3,9600000,4,4,False,0,0.07497196491432631,7.5,0,0.16908819344089202,Thấp,1,0,3820,13.81,Random Forest,RF_2025_V1
3061,2025-01-01,2025,Marketing,Digital Marketing Specialist,1,49,33,6,209,False,3,4,3,12489000,2,2,False,0,0.07732380280241005,7.73,0,0.16908819344089202,Thấp,1,0,3735,15.73,Random Forest,RF_2025_V1
3062,2025-01-01,2025,Operations,Operations Manager,2,53,8,2,237,True,4,3,1,27421000,15,15,False,0,0.3680889714042829,36.81,1,0.16908819344089202,Cao,3,1,111,97.52,Random Forest,RF_2025_V1
3064,2025-01-01,2025,Finance,Accountant,2,45,24,1,195,True,3,2,3,34254000,9,9,False,0,0.2781297906822362,27.81,1,0.16908819344089202,Cao,3,1,444,90.0,Random Forest,RF_2025_V1
3066,2025-01-01,2025,Human Resources,HR Manager,3,25,18,2,179,False,4,4,1,30979000,1,1,False,0,0.10838781290822616,10.84,0,0.16908819344089202,Trung bình,2,0,2793,36.99,Random Forest,RF_2025_V1
3068,2025-01-01,2025,Human Resources,HR Executive,5,55,13,2,212,True,4,2,1,62993000,3,0,True,0,0.2548762542808402,25.49,1,0.16908819344089202,Cao,3,1,609,86.28,Random Forest,RF_2025_V1
3070,2025-01-01,2025,Marketing,Marketing Manager,2,25,39,4,190,False,5,2,3,13004000,1,1,False,0,0.10834230977366498,10.83,0,0.16908819344089202,Trung bình,2,0,2796,36.92,Random Forest,RF_2025_V1
3072,2025-01-01,2025,Sales,Sales Representative,2,38,29,5,215,False,4,3,3,15580000,1,1,False,0,0.08118336126012846,8.12,0,0.16908819344089202,Thấp,1,0,3564,19.59,Random Forest,RF_2025_V1
3073,2025-01-01,2025,Finance,Finance Manager,2,28,29,4,175,False,3,2,4,14825000,1,1,False,1,0.1115147986937122,11.15,0,0.16908819344089202,Trung bình,2,0,2704,39.0,Random Forest,RF_2025_V1
3074,2025-01-01,2025,Marketing,Marketing Manager,2,31,24,3,225,False,3,3,1,28214000,9,9,False,0,0.2037803754735332,20.38,1,0.16908819344089202,Cao,3,1,1103,75.13,Random Forest,RF_2025_V1
3075,2025-01-01,2025,Finance,Accountant,1,31,21,1,165,False,3,2,2,11561000,6,6,False,1,0.1808927184753001,18.09,1,0.16908819344089202,Cao,3,1,1324,70.14,Random Forest,RF_2025_V1
3084,2025-01-01,2025,Operations,Procurement Specialist,3,30,4,1,185,False,3,2,4,43013000,9,9,False,0,0.14283971341563625,14.28,0,0.16908819344089202,Trung bình,2,0,1915,56.8,Random Forest,RF_2025_V1
3086,2025-01-01,2025,Operations,Operations Manager,1,32,1,3,163,False,3,3,2,13471000,4,4,False,0,0.12508525205712726,12.51,0,0.16908819344089202,Trung bình,2,0,2334,47.35,Random Forest,RF_2025_V1
3088,2025-01-01,2025,Information Technology,QA Engineer,1,48,21,4,211,False,3,1,1,11924000,8,8,False,0,0.21539548537293982,21.54,1,0.16908819344089202,Cao,3,1,972,78.09,Random Forest,RF_2025_V1
3092,2025-01-01,2025,Marketing,Marketing Manager,1,27,30,5,188,False,4,2,2,11472000,6,6,False,0,0.1917055236392439,19.17,1,0.16908819344089202,Cao,3,1,1212,72.67,Random Forest,RF_2025_V1
3093,2025-01-01,2025,Marketing,Marketing Manager,4,29,33,4,176,False,4,3,1,74302000,5,5,False,1,0.10529524799828793,10.53,0,0.16908819344089202,Trung bình,2,0,2874,35.16,Random Forest,RF_2025_V1
3098,2025-01-01,2025,Operations,Operations Executive,1,33,21,4,199,False,2,3,4,10924000,1,1,False,0,0.09182738974697219,9.18,0,0.16908819344089202,Thấp,1,0,3204,27.71,Random Forest,RF_2025_V1
3099,2025-01-01,2025,Information Technology,IT Support,2,38,33,4,236,True,4,4,4,28458000,8,8,False,0,0.25808556356801626,25.81,1,0.16908819344089202,Cao,3,1,592,86.66,Random Forest,RF_2025_V1
3101,2025-01-01,2025,Human Resources,HR Manager,2,55,13,3,234,True,2,3,1,13362000,1,1,False,0,0.2847247901792046,28.47,1,0.16908819344089202,Cao,3,1,396,91.09,Random Forest,RF_2025_V1
3102,2025-01-01,2025,Human Resources,C&B Specialist,3,41,30,3,188,False,4,4,4,50655000,15,15,False,0,0.10064924701995727,10.06,0,0.16908819344089202,Trung bình,2,0,2978,32.81,Random Forest,RF_2025_V1
3105,2025-01-01,2025,Finance,Finance Manager,5,25,12,2,191,True,3,2,3,69747000,5,2,False,0,0.20927783339382924,20.93,1,0.16908819344089202,Cao,3,1,1041,76.53,Random Forest,RF_2025_V1
3106,2025-01-01,2025,Finance,Finance Manager,5,47,31,5,199,True,3,4,1,64547000,7,3,False,0,0.16927699882499528,16.93,1,0.16908819344089202,Cao,3,1,1486,66.49,Random Forest,RF_2025_V1
3107,2025-01-01,2025,Sales,Sales Representative,2,35,24,6,181,False,3,3,2,16403000,7,4,False,0,0.12353522036337115,12.35,0,0.16908819344089202,Trung bình,2,0,2371,46.51,Random Forest,RF_2025_V1
3110,2025-01-01,2025,Finance,Finance Manager,1,29,9,5,186,False,3,4,1,14183000,4,4,False,0,0.10719862854075311,10.72,0,0.16908819344089202,Trung bình,2,0,2836,36.02,Random Forest,RF_2025_V1
3111,2025-01-01,2025,Sales,Account Manager,1,55,37,2,216,True,3,3,3,9716000,4,4,False,1,0.1555531916801083,15.56,0,0.16908819344089202,Trung bình,2,0,1692,61.84,Random Forest,RF_2025_V1
3112,2025-01-01,2025,Information Technology,Data Analyst,3,31,33,1,162,False,4,3,3,21351000,2,1,False,1,0.07000771770790164,7.0,0,0.16908819344089202,Thấp,1,0,3996,9.84,Random Forest,RF_2025_V1
3113,2025-01-01,2025,Finance,Internal Auditor,3,50,9,3,170,False,3,4,3,29428000,7,2,False,0,0.06426314452734214,6.43,0,0.16908819344089202,Thấp,1,0,4176,5.78,Random Forest,RF_2025_V1
3115,2025-01-01,2025,Marketing,Marketing Manager,2,30,40,5,227,True,3,4,2,18770000,1,1,False,0,0.27850517365454336,27.85,1,0.16908819344089202,Cao,3,1,439,90.12,Random Forest,RF_2025_V1
3117,2025-01-01,2025,Finance,Financial Analyst,5,29,12,3,208,False,4,2,2,98326000,9,4,False,1,0.2081620656568624,20.82,1,0.16908819344089202,Cao,3,1,1054,76.24,Random Forest,RF_2025_V1
3118,2025-01-01,2025,Sales,Sales Supervisor,1,25,29,2,167,False,5,4,4,13244000,2,2,False,0,0.05232840464607397,5.23,0,0.16908819344089202,Thấp,1,0,4415,0.38,Random Forest,RF_2025_V1
3122,2025-01-01,2025,Marketing,Content Specialist,5,46,2,3,206,True,4,2,4,75593000,12,4,False,0,0.20015705436860218,20.02,1,0.16908819344089202,Cao,3,1,1137,74.36,Random Forest,RF_2025_V1
3123,2025-01-01,2025,Sales,Account Manager,2,49,26,1,202,False,5,2,3,18836000,15,6,False,0,0.1522083757665171,15.22,0,0.16908819344089202,Trung bình,2,0,1745,60.64,Random Forest,RF_2025_V1
3125,2025-01-01,2025,Information Technology,Software Engineer,3,43,10,7,214,True,4,2,1,20000000,6,0,True,1,0.34069669563000504,34.07,1,0.16908819344089202,Cao,3,1,187,95.8,Random Forest,RF_2025_V1
3126,2025-01-01,2025,Information Technology,QA Engineer,3,33,9,3,167,True,2,4,4,31116000,2,2,False,0,0.12419735648789709,12.42,0,0.16908819344089202,Trung bình,2,0,2356,46.85,Random Forest,RF_2025_V1
3129,2025-01-01,2025,Marketing,Digital Marketing Specialist,3,50,17,4,176,False,5,4,3,23512000,1,1,False,0,0.07292167722141604,7.29,0,0.16908819344089202,Thấp,1,0,3900,12.01,Random Forest,RF_2025_V1
3131,2025-01-01,2025,Marketing,Marketing Executive,1,36,5,1,172,True,1,1,3,8994000,2,2,False,0,0.19764357795868986,19.76,1,0.16908819344089202,Cao,3,1,1159,73.87,Random Forest,RF_2025_V1
3134,2025-01-01,2025,Operations,Operations Manager,2,33,34,3,224,True,3,3,2,18446000,5,1,False,0,0.28149212419307235,28.15,1,0.16908819344089202,Cao,3,1,418,90.59,Random Forest,RF_2025_V1
3135,2025-01-01,2025,Human Resources,Recruiter,2,50,8,6,202,False,3,4,2,17226000,7,0,True,0,0.11322959768135829,11.32,0,0.16908819344089202,Trung bình,2,0,2650,40.22,Random Forest,RF_2025_V1
3136,2025-01-01,2025,Human Resources,Recruiter,1,34,1,2,238,True,3,2,4,8974000,1,1,False,1,0.31252733561624396,31.25,1,0.16908819344089202,Cao,3,1,286,93.57,Random Forest,RF_2025_V1
3137,2025-01-01,2025,Marketing,Marketing Executive,2,46,11,2,201,False,3,4,3,21403000,8,6,False,0,0.06247674080922361,6.25,0,0.16908819344089202,Thấp,1,0,4231,4.54,Random Forest,RF_2025_V1
3138,2025-01-01,2025,Sales,Sales Executive,2,43,14,5,204,False,4,3,3,19595000,4,4,False,0,0.08235378692837429,8.24,0,0.16908819344089202,Thấp,1,0,3515,20.7,Random Forest,RF_2025_V1
3144,2025-01-01,2025,Sales,Sales Supervisor,1,44,20,4,240,True,2,1,3,14272000,8,8,False,0,0.37652388391304265,37.65,1,0.16908819344089202,Cao,3,1,94,97.9,Random Forest,RF_2025_V1
3145,2025-01-01,2025,Information Technology,System Administrator,2,37,20,3,255,True,3,4,3,15813000,4,4,False,0,0.2633315418683978,26.33,1,0.16908819344089202,Cao,3,1,555,87.5,Random Forest,RF_2025_V1
3146,2025-01-01,2025,Information Technology,QA Engineer,1,44,4,2,168,False,3,4,2,9766000,1,1,False,0,0.10124410616472827,10.12,0,0.16908819344089202,Trung bình,2,0,2967,33.06,Random Forest,RF_2025_V1
3150,2025-01-01,2025,Human Resources,Recruiter,2,34,40,6,209,False,2,2,3,17554000,2,2,False,0,0.132481020829275,13.25,0,0.16908819344089202,Trung bình,2,0,2181,50.8,Random Forest,RF_2025_V1
3154,2025-01-01,2025,Finance,Finance Manager,3,47,3,2,179,False,4,3,3,32921000,5,0,True,0,0.06500804970581421,6.5,0,0.16908819344089202,Thấp,1,0,4149,6.39,Random Forest,RF_2025_V1
3157,2025-01-01,2025,Marketing,Marketing Executive,1,42,5,5,167,False,5,3,4,12749000,4,4,False,0,0.06430592372217941,6.43,0,0.16908819344089202,Thấp,1,0,4171,5.89,Random Forest,RF_2025_V1
3163,2025-01-01,2025,Finance,Financial Analyst,2,34,9,3,226,True,4,4,2,21362000,7,7,False,0,0.3258279592291029,32.58,1,0.16908819344089202,Cao,3,1,230,94.83,Random Forest,RF_2025_V1
3165,2025-01-01,2025,Marketing,Marketing Manager,1,46,32,4,186,False,3,3,2,10025000,4,4,False,0,0.12007813735153512,12.01,0,0.16908819344089202,Trung bình,2,0,2471,44.26,Random Forest,RF_2025_V1
3167,2025-01-01,2025,Information Technology,System Administrator,1,44,23,2,204,False,2,2,4,12606000,14,14,False,0,0.15066127600184456,15.07,0,0.16908819344089202,Trung bình,2,0,1778,59.9,Random Forest,RF_2025_V1
3168,2025-01-01,2025,Human Resources,HR Manager,1,27,21,8,225,False,2,2,4,11502000,3,3,False,0,0.1698487825109998,16.98,1,0.16908819344089202,Cao,3,1,1481,66.6,Random Forest,RF_2025_V1
3170,2025-01-01,2025,Marketing,Digital Marketing Specialist,1,35,20,4,210,True,3,4,3,12333000,9,9,False,0,0.15606205051715294,15.61,0,0.16908819344089202,Trung bình,2,0,1684,62.02,Random Forest,RF_2025_V1
3171,2025-01-01,2025,Human Resources,HR Manager,3,41,33,1,191,True,3,2,3,20000000,1,0,True,0,0.2482617171965331,24.83,1,0.16908819344089202,Cao,3,1,675,84.79,Random Forest,RF_2025_V1
3172,2025-01-01,2025,Sales,Sales Executive,2,54,15,2,229,True,4,4,2,14537000,1,1,False,1,0.2407150343235018,24.07,1,0.16908819344089202,Cao,3,1,730,83.55,Random Forest,RF_2025_V1
3174,2025-01-01,2025,Finance,Finance Manager,2,48,24,3,234,True,3,3,2,15775000,15,5,False,0,0.35846715212928487,35.85,1,0.16908819344089202,Cao,3,1,135,96.98,Random Forest,RF_2025_V1
3176,2025-01-01,2025,Human Resources,HR Executive,4,51,22,6,263,True,3,3,3,50343000,3,2,False,0,0.23701351811736104,23.7,1,0.16908819344089202,Cao,3,1,763,82.8,Random Forest,RF_2025_V1
3178,2025-01-01,2025,Marketing,Content Specialist,5,38,17,3,195,False,4,3,4,81380000,11,5,False,0,0.07111601536860052,7.11,0,0.16908819344089202,Thấp,1,0,3958,10.7,Random Forest,RF_2025_V1
3180,2025-01-01,2025,Information Technology,System Administrator,1,51,19,3,218,True,3,1,3,11660000,1,1,False,0,0.24187341908489315,24.19,1,0.16908819344089202,Cao,3,1,720,83.77,Random Forest,RF_2025_V1
3181,2025-01-01,2025,Finance,Finance Manager,2,37,27,1,171,False,3,2,3,20896000,2,2,False,0,0.09241737052428568,9.24,0,0.16908819344089202,Thấp,1,0,3181,28.23,Random Forest,RF_2025_V1
3182,2025-01-01,2025,Sales,Sales Executive,3,27,25,1,151,False,3,1,3,21959000,4,2,False,0,0.10350205815049263,10.35,0,0.16908819344089202,Trung bình,2,0,2909,34.37,Random Forest,RF_2025_V1
3184,2025-01-01,2025,Human Resources,HR Executive,2,31,3,1,161,False,3,4,4,18742000,2,2,False,0,0.05761597927525573,5.76,0,0.16908819344089202,Thấp,1,0,4347,1.92,Random Forest,RF_2025_V1
3185,2025-01-01,2025,Information Technology,Data Analyst,2,28,35,4,227,True,3,4,4,20568000,6,2,False,1,0.2037042360120269,20.37,1,0.16908819344089202,Cao,3,1,1104,75.11,Random Forest,RF_2025_V1
3186,2025-01-01,2025,Human Resources,HR Executive,2,53,20,2,209,True,3,3,3,23847000,3,3,False,0,0.12539262351985772,12.54,0,0.16908819344089202,Trung bình,2,0,2326,47.53,Random Forest,RF_2025_V1
3189,2025-01-01,2025,Sales,Sales Executive,4,41,28,6,240,True,4,4,3,58268000,5,5,False,1,0.2602999578665265,26.03,1,0.16908819344089202,Cao,3,1,575,87.05,Random Forest,RF_2025_V1
3190,2025-01-01,2025,Marketing,Marketing Manager,4,38,6,3,222,True,3,2,3,53275000,10,5,False,1,0.3112712814987559,31.13,1,0.16908819344089202,Cao,3,1,291,93.46,Random Forest,RF_2025_V1
3191,2025-01-01,2025,Human Resources,C&B Specialist,1,52,19,3,191,False,5,3,4,13579000,3,3,False,0,0.06174530357678745,6.17,0,0.16908819344089202,Thấp,1,0,4250,4.11,Random Forest,RF_2025_V1
3192,2025-01-01,2025,Information Technology,Software Engineer,3,33,32,4,195,False,3,4,3,35679000,2,2,False,0,0.06852723910623243,6.85,0,0.16908819344089202,Thấp,1,0,4043,8.78,Random Forest,RF_2025_V1
3195,2025-01-01,2025,Information Technology,QA Engineer,3,51,12,4,202,False,3,3,3,24481000,4,3,False,0,0.08330807638786059,8.33,0,0.16908819344089202,Thấp,1,0,3477,21.55,Random Forest,RF_2025_V1
3196,2025-01-01,2025,Operations,Warehouse Supervisor,3,32,38,3,180,True,4,3,2,36025000,12,6,False,0,0.20657727896605485,20.66,1,0.16908819344089202,Cao,3,1,1075,75.76,Random Forest,RF_2025_V1
3199,2025-01-01,2025,Human Resources,C&B Specialist,2,26,33,4,246,True,4,3,1,23737000,2,2,False,0,0.25472523462587765,25.47,1,0.16908819344089202,Cao,3,1,611,86.23,Random Forest,RF_2025_V1
3200,2025-01-01,2025,Human Resources,HR Executive,1,45,3,3,204,False,3,4,1,10571000,2,2,False,0,0.082276974013564,8.23,0,0.16908819344089202,Thấp,1,0,3517,20.65,Random Forest,RF_2025_V1
3201,2025-01-01,2025,Marketing,Content Specialist,1,25,37,4,220,True,3,4,2,12259000,3,3,False,1,0.22125130132549287,22.13,1,0.16908819344089202,Cao,3,1,903,79.64,Random Forest,RF_2025_V1
3202,2025-01-01,2025,Operations,Operations Manager,5,54,26,2,202,True,3,1,2,71625000,6,4,False,0,0.28044763814624857,28.04,1,0.16908819344089202,Cao,3,1,424,90.45,Random Forest,RF_2025_V1
3205,2025-01-01,2025,Human Resources,Recruiter,1,42,19,4,159,False,2,4,1,12002000,8,8,False,0,0.1232282659106911,12.32,0,0.16908819344089202,Trung bình,2,0,2377,46.38,Random Forest,RF_2025_V1
3206,2025-01-01,2025,Marketing,Marketing Executive,2,40,24,3,172,False,4,3,4,25121000,12,12,False,0,0.07067473415135268,7.07,0,0.16908819344089202,Thấp,1,0,3977,10.27,Random Forest,RF_2025_V1
3207,2025-01-01,2025,Marketing,Content Specialist,2,41,30,5,201,False,3,4,4,20134000,12,12,False,0,0.07574121441669163,7.57,0,0.16908819344089202,Thấp,1,0,3793,14.42,Random Forest,RF_2025_V1
3208,2025-01-01,2025,Finance,Accountant,4,29,12,2,178,False,4,4,1,43629000,3,0,True,0,0.08047775640606736,8.05,0,0.16908819344089202,Thấp,1,0,3596,18.87,Random Forest,RF_2025_V1
3210,2025-01-01,2025,Operations,Operations Executive,2,25,35,4,193,False,3,4,4,25892000,4,4,False,0,0.09255219023489172,9.26,0,0.16908819344089202,Thấp,1,0,3177,28.32,Random Forest,RF_2025_V1
3212,2025-01-01,2025,Marketing,Marketing Manager,1,31,21,1,153,False,3,4,3,10094000,3,3,False,0,0.057904480284450464,5.79,0,0.16908819344089202,Thấp,1,0,4341,2.05,Random Forest,RF_2025_V1
3215,2025-01-01,2025,Sales,Sales Supervisor,4,54,14,3,191,False,3,4,4,39703000,5,2,False,0,0.06929211915240546,6.93,0,0.16908819344089202,Thấp,1,0,4021,9.28,Random Forest,RF_2025_V1
3216,2025-01-01,2025,Information Technology,IT Support,4,38,3,5,217,False,4,4,4,61195000,11,1,False,0,0.07765818092215734,7.77,0,0.16908819344089202,Thấp,1,0,3726,15.93,Random Forest,RF_2025_V1
3217,2025-01-01,2025,Information Technology,Data Analyst,3,48,15,3,199,False,4,4,2,30274000,10,6,False,0,0.11434842427436576,11.43,0,0.16908819344089202,Trung bình,2,0,2611,41.1,Random Forest,RF_2025_V1
3224,2025-01-01,2025,Operations,Warehouse Supervisor,3,41,28,1,176,False,4,2,4,28672000,3,3,False,0,0.09425171092234942,9.43,0,0.16908819344089202,Thấp,1,0,3130,29.38,Random Forest,RF_2025_V1
3228,2025-01-01,2025,Human Resources,HR Manager,3,35,12,4,199,False,3,4,2,29265000,6,5,False,0,0.11362417885838219,11.36,0,0.16908819344089202,Trung bình,2,0,2636,40.53,Random Forest,RF_2025_V1
3233,2025-01-01,2025,Human Resources,HR Manager,2,35,33,7,261,True,3,4,2,14206000,7,0,True,0,0.34729622340648925,34.73,1,0.16908819344089202,Cao,3,1,164,96.32,Random Forest,RF_2025_V1
3238,2025-01-01,2025,Sales,Sales Supervisor,1,31,37,2,219,True,4,2,2,17505000,11,11,False,1,0.3661316706609161,36.61,1,0.16908819344089202,Cao,3,1,115,97.43,Random Forest,RF_2025_V1
3240,2025-01-01,2025,Operations,Operations Executive,3,27,4,4,172,False,3,4,4,32029000,5,2,False,0,0.07091838343718222,7.09,0,0.16908819344089202,Thấp,1,0,3970,10.43,Random Forest,RF_2025_V1
3242,2025-01-01,2025,Information Technology,Software Engineer,3,50,26,8,224,False,4,3,4,26607000,3,2,False,0,0.13297963270590243,13.3,0,0.16908819344089202,Trung bình,2,0,2162,51.23,Random Forest,RF_2025_V1
3246,2025-01-01,2025,Sales,Account Manager,4,28,37,3,164,False,4,2,4,39716000,5,2,False,0,0.121715959523646,12.17,0,0.16908819344089202,Trung bình,2,0,2424,45.32,Random Forest,RF_2025_V1
3247,2025-01-01,2025,Human Resources,Recruiter,3,28,24,3,217,True,3,4,4,20000000,1,0,True,0,0.15631469099142278,15.63,0,0.16908819344089202,Trung bình,2,0,1680,62.11,Random Forest,RF_2025_V1
3248,2025-01-01,2025,Operations,Procurement Specialist,2,48,18,3,218,False,5,4,3,32467000,15,15,False,0,0.12177994737074499,12.18,0,0.16908819344089202,Trung bình,2,0,2420,45.41,Random Forest,RF_2025_V1
3255,2025-01-01,2025,Human Resources,Recruiter,2,40,29,4,227,True,4,4,4,24182000,15,15,False,0,0.28551531531831226,28.55,1,0.16908819344089202,Cao,3,1,393,91.15,Random Forest,RF_2025_V1
3256,2025-01-01,2025,Operations,Operations Manager,3,27,34,1,173,False,3,3,3,25327000,5,3,False,0,0.08213810931527286,8.21,0,0.16908819344089202,Thấp,1,0,3522,20.54,Random Forest,RF_2025_V1
3257,2025-01-01,2025,Marketing,Marketing Executive,4,31,14,2,194,False,5,1,3,51041000,5,1,False,0,0.11987754527567122,11.99,0,0.16908819344089202,Trung bình,2,0,2478,44.1,Random Forest,RF_2025_V1
3262,2025-01-01,2025,Information Technology,Software Engineer,2,28,40,3,191,False,5,3,4,17998000,1,1,False,0,0.07710940525466911,7.71,0,0.16908819344089202,Thấp,1,0,3743,15.55,Random Forest,RF_2025_V1
3263,2025-01-01,2025,Operations,Warehouse Supervisor,3,52,14,4,199,False,4,4,2,28594000,7,3,False,0,0.10497215501577328,10.5,0,0.16908819344089202,Trung bình,2,0,2881,35.0,Random Forest,RF_2025_V1
3264,2025-01-01,2025,Operations,Operations Executive,1,46,5,1,191,True,4,1,3,10107000,2,2,False,0,0.24973535755380516,24.97,1,0.16908819344089202,Cao,3,1,658,85.17,Random Forest,RF_2025_V1
3265,2025-01-01,2025,Operations,Operations Executive,1,52,12,5,212,True,3,1,3,13544000,3,3,False,0,0.2503191745028252,25.03,1,0.16908819344089202,Cao,3,1,652,85.31,Random Forest,RF_2025_V1
3266,2025-01-01,2025,Marketing,Marketing Executive,1,39,13,1,198,True,5,4,4,8928000,1,1,False,0,0.11621490584605615,11.62,0,0.16908819344089202,Trung bình,2,0,2557,42.32,Random Forest,RF_2025_V1
3267,2025-01-01,2025,Marketing,Marketing Manager,1,27,29,8,254,False,4,2,2,13391000,2,2,False,0,0.24912341659975004,24.91,1,0.16908819344089202,Cao,3,1,662,85.08,Random Forest,RF_2025_V1
3269,2025-01-01,2025,Human Resources,C&B Specialist,1,32,28,4,225,True,3,4,4,9940000,4,4,False,0,0.20635452335527094,20.64,1,0.16908819344089202,Cao,3,1,1077,75.72,Random Forest,RF_2025_V1
3270,2025-01-01,2025,Marketing,Marketing Manager,4,50,35,8,224,False,3,4,3,52460000,1,1,False,0,0.16922017245477894,16.92,1,0.16908819344089202,Cao,3,1,1488,66.44,Random Forest,RF_2025_V1
3273,2025-01-01,2025,Sales,Sales Representative,3,53,19,2,205,False,4,1,4,29232000,5,1,False,0,0.11618764060907073,11.62,0,0.16908819344089202,Trung bình,2,0,2560,42.25,Random Forest,RF_2025_V1
3274,2025-01-01,2025,Marketing,Marketing Executive,4,27,37,4,218,False,2,2,1,65261000,4,4,False,0,0.20712164790852472,20.71,1,0.16908819344089202,Cao,3,1,1068,75.92,Random Forest,RF_2025_V1
3275,2025-01-01,2025,Sales,Sales Executive,1,28,21,3,194,False,3,4,3,8813000,3,3,False,0,0.06390105311397994,6.39,0,0.16908819344089202,Thấp,1,0,4187,5.53,Random Forest,RF_2025_V1
3276,2025-01-01,2025,Sales,Sales Representative,4,25,5,3,188,False,3,4,1,61260000,4,4,False,0,0.10160174301314387,10.16,0,0.16908819344089202,Trung bình,2,0,2959,33.24,Random Forest,RF_2025_V1
3280,2025-01-01,2025,Marketing,Content Specialist,2,55,19,6,212,False,2,4,1,17146000,12,2,False,0,0.12097001110531688,12.1,0,0.16908819344089202,Trung bình,2,0,2441,44.93,Random Forest,RF_2025_V1
3283,2025-01-01,2025,Marketing,Content Specialist,3,47,19,5,236,False,3,3,3,31289000,2,2,False,0,0.13423955119382777,13.42,0,0.16908819344089202,Trung bình,2,0,2128,52.0,Random Forest,RF_2025_V1
3285,2025-01-01,2025,Human Resources,HR Executive,3,54,10,2,208,True,3,4,4,37051000,11,11,False,0,0.18643849763295886,18.64,1,0.16908819344089202,Cao,3,1,1262,71.54,Random Forest,RF_2025_V1
3287,2025-01-01,2025,Human Resources,HR Executive,1,51,3,4,243,True,4,3,4,17469000,10,10,False,0,0.23750739479802443,23.75,1,0.16908819344089202,Cao,3,1,756,82.96,Random Forest,RF_2025_V1
3292,2025-01-01,2025,Information Technology,Data Analyst,2,37,13,6,194,False,3,3,2,14278000,2,2,False,0,0.09198932345255761,9.2,0,0.16908819344089202,Thấp,1,0,3196,27.89,Random Forest,RF_2025_V1
3295,2025-01-01,2025,Finance,Financial Analyst,1,42,9,4,202,True,2,4,3,11467000,7,7,False,0,0.17734366976088123,17.73,1,0.16908819344089202,Cao,3,1,1372,69.06,Random Forest,RF_2025_V1
3297,2025-01-01,2025,Human Resources,HR Manager,2,47,27,5,198,False,5,1,3,27314000,13,13,False,0,0.1427306404307109,14.27,0,0.16908819344089202,Trung bình,2,0,1917,56.76,Random Forest,RF_2025_V1
3298,2025-01-01,2025,Marketing,Digital Marketing Specialist,4,26,17,3,222,False,4,4,3,46193000,5,2,False,0,0.1340730128150496,13.41,0,0.16908819344089202,Trung bình,2,0,2132,51.91,Random Forest,RF_2025_V1
3299,2025-01-01,2025,Finance,Finance Manager,2,54,21,3,220,True,4,3,2,27666000,6,6,False,1,0.29467453763620416,29.47,1,0.16908819344089202,Cao,3,1,354,92.03,Random Forest,RF_2025_V1
3300,2025-01-01,2025,Sales,Sales Representative,1,55,9,6,228,True,2,2,3,15558000,6,6,False,0,0.3847915691710534,38.48,1,0.16908819344089202,Cao,3,1,80,98.22,Random Forest,RF_2025_V1
3302,2025-01-01,2025,Human Resources,C&B Specialist,1,48,8,4,197,False,4,4,1,18233000,7,7,False,0,0.11320660579768588,11.32,0,0.16908819344089202,Trung bình,2,0,2652,40.17,Random Forest,RF_2025_V1
3303,2025-01-01,2025,Information Technology,Data Analyst,4,29,35,5,185,False,5,4,3,49997000,8,3,False,0,0.06550735260976481,6.55,0,0.16908819344089202,Thấp,1,0,4135,6.7,Random Forest,RF_2025_V1
3305,2025-01-01,2025,Operations,Procurement Specialist,1,28,20,7,220,False,5,4,2,9267000,3,3,False,0,0.15199868556318832,15.2,0,0.16908819344089202,Trung bình,2,0,1750,60.53,Random Forest,RF_2025_V1
3306,2025-01-01,2025,Finance,Finance Manager,3,49,20,4,153,False,3,3,2,23669000,3,2,False,0,0.08049923427592683,8.05,0,0.16908819344089202,Thấp,1,0,3595,18.89,Random Forest,RF_2025_V1
3313,2025-01-01,2025,Information Technology,IT Support,1,34,32,4,228,True,2,4,3,20028000,11,11,False,0,0.26945222827947307,26.95,1,0.16908819344089202,Cao,3,1,502,88.69,Random Forest,RF_2025_V1
3316,2025-01-01,2025,Finance,Finance Manager,4,42,33,5,236,False,2,2,4,51836000,11,5,False,0,0.22633323185565013,22.63,1,0.16908819344089202,Cao,3,1,854,80.75,Random Forest,RF_2025_V1
3317,2025-01-01,2025,Sales,Sales Executive,3,40,24,3,161,False,3,1,1,33614000,11,11,False,1,0.18995042471377607,19.0,1,0.16908819344089202,Cao,3,1,1230,72.26,Random Forest,RF_2025_V1
3319,2025-01-01,2025,Finance,Accountant,2,53,1,4,166,False,5,3,4,13021000,6,1,False,0,0.07656522390405576,7.66,0,0.16908819344089202,Thấp,1,0,3762,15.12,Random Forest,RF_2025_V1
3320,2025-01-01,2025,Finance,Internal Auditor,2,53,40,5,221,True,3,4,3,31858000,15,15,False,0,0.29942758567630406,29.94,1,0.16908819344089202,Cao,3,1,335,92.46,Random Forest,RF_2025_V1
3322,2025-01-01,2025,Human Resources,HR Manager,3,31,32,4,182,True,4,3,4,23254000,8,1,False,0,0.13957852422706,13.96,0,0.16908819344089202,Trung bình,2,0,1990,55.11,Random Forest,RF_2025_V1
3327,2025-01-01,2025,Operations,Procurement Specialist,1,25,30,6,196,False,3,2,4,10088000,1,1,False,0,0.1252541203702679,12.53,0,0.16908819344089202,Trung bình,2,0,2331,47.42,Random Forest,RF_2025_V1
3329,2025-01-01,2025,Sales,Sales Supervisor,4,35,8,7,224,False,2,2,4,63658000,2,2,False,0,0.17443902149052884,17.44,1,0.16908819344089202,Cao,3,1,1418,68.02,Random Forest,RF_2025_V1
3330,2025-01-01,2025,Sales,Sales Supervisor,1,33,32,3,169,False,3,2,2,8565000,1,1,False,0,0.12442456142578211,12.44,0,0.16908819344089202,Trung bình,2,0,2350,46.99,Random Forest,RF_2025_V1
3337,2025-01-01,2025,Information Technology,Data Analyst,3,39,14,4,191,False,4,3,2,27205000,12,3,False,0,0.09944951957887598,9.94,0,0.16908819344089202,Thấp,1,0,3017,31.93,Random Forest,RF_2025_V1
3342,2025-01-01,2025,Sales,Sales Supervisor,3,38,14,4,204,False,4,4,3,29991000,1,1,False,1,0.07667016901005134,7.67,0,0.16908819344089202,Thấp,1,0,3760,15.17,Random Forest,RF_2025_V1
3345,2025-01-01,2025,Information Technology,System Administrator,1,53,7,5,227,True,3,4,3,16883000,7,7,False,1,0.2638843417056833,26.39,1,0.16908819344089202,Cao,3,1,548,87.66,Random Forest,RF_2025_V1
3348,2025-01-01,2025,Marketing,Content Specialist,3,26,3,2,192,True,3,4,3,21869000,3,1,False,1,0.14023074165207505,14.02,0,0.16908819344089202,Trung bình,2,0,1971,55.54,Random Forest,RF_2025_V1
3349,2025-01-01,2025,Human Resources,HR Manager,2,34,23,4,180,False,3,2,4,15847000,1,1,False,0,0.1137479403716289,11.37,0,0.16908819344089202,Trung bình,2,0,2631,40.65,Random Forest,RF_2025_V1
3357,2025-01-01,2025,Marketing,Marketing Manager,2,26,14,5,200,False,3,2,4,13261000,1,1,False,0,0.0997776582107872,9.98,0,0.16908819344089202,Thấp,1,0,3007,32.16,Random Forest,RF_2025_V1
3358,2025-01-01,2025,Operations,Operations Manager,4,51,2,6,216,False,3,4,2,43317000,9,3,False,0,0.10243313922563833,10.24,0,0.16908819344089202,Trung bình,2,0,2933,33.83,Random Forest,RF_2025_V1
3359,2025-01-01,2025,Finance,Finance Manager,1,50,10,3,180,False,3,4,3,17733000,12,12,False,1,0.07528637799557523,7.53,0,0.16908819344089202,Thấp,1,0,3810,14.04,Random Forest,RF_2025_V1
3362,2025-01-01,2025,Marketing,Digital Marketing Specialist,2,54,40,2,163,False,4,4,3,21493000,4,4,False,0,0.06312965086430664,6.31,0,0.16908819344089202,Thấp,1,0,4211,4.99,Random Forest,RF_2025_V1
3363,2025-01-01,2025,Operations,Operations Manager,1,36,36,3,188,False,4,4,1,12228000,3,3,False,0,0.0849943901522597,8.5,0,0.16908819344089202,Thấp,1,0,3422,22.79,Random Forest,RF_2025_V1
3364,2025-01-01,2025,Information Technology,IT Support,4,38,28,5,188,False,3,2,2,65338000,5,5,False,0,0.16919067060894283,16.92,1,0.16908819344089202,Cao,3,1,1490,66.4,Random Forest,RF_2025_V1
3365,2025-01-01,2025,Sales,Sales Executive,3,26,3,1,163,False,4,4,4,38072000,6,6,False,0,0.06844395203119591,6.84,0,0.16908819344089202,Thấp,1,0,4047,8.69,Random Forest,RF_2025_V1
3368,2025-01-01,2025,Operations,Operations Executive,3,26,12,4,172,False,3,2,2,23537000,1,1,False,0,0.15933836601358356,15.93,0,0.16908819344089202,Trung bình,2,0,1629,63.26,Random Forest,RF_2025_V1
3369,2025-01-01,2025,Marketing,Digital Marketing Specialist,1,40,1,4,181,False,2,3,4,15635000,9,9,False,0,0.06697788026591278,6.7,0,0.16908819344089202,Thấp,1,0,4089,7.74,Random Forest,RF_2025_V1
3370,2025-01-01,2025,Human Resources,C&B Specialist,4,33,23,5,212,False,2,4,3,57414000,6,5,False,0,0.08660810841155649,8.66,0,0.16908819344089202,Thấp,1,0,3370,23.97,Random Forest,RF_2025_V1
3371,2025-01-01,2025,Human Resources,Recruiter,2,47,29,5,233,True,3,4,3,18231000,14,5,False,0,0.2614527863022578,26.15,1,0.16908819344089202,Cao,3,1,567,87.23,Random Forest,RF_2025_V1
3375,2025-01-01,2025,Sales,Sales Supervisor,4,42,19,3,204,True,4,2,4,44619000,5,3,False,0,0.20125687608984458,20.13,1,0.16908819344089202,Cao,3,1,1126,74.61,Random Forest,RF_2025_V1
3379,2025-01-01,2025,Marketing,Digital Marketing Specialist,4,25,14,4,165,False,5,3,4,41125000,2,0,True,0,0.058008676414065534,5.8,0,0.16908819344089202,Thấp,1,0,4336,2.17,Random Forest,RF_2025_V1
3381,2025-01-01,2025,Human Resources,HR Executive,5,52,9,4,181,False,3,2,3,58693000,1,0,True,0,0.13035469394675273,13.04,0,0.16908819344089202,Trung bình,2,0,2237,49.54,Random Forest,RF_2025_V1
3383,2025-01-01,2025,Finance,Accountant,3,55,12,1,149,False,3,3,2,28346000,12,5,False,0,0.09249720563599657,9.25,0,0.16908819344089202,Thấp,1,0,3179,28.28,Random Forest,RF_2025_V1
3384,2025-01-01,2025,Finance,Finance Manager,3,35,19,3,191,True,3,2,3,31510000,4,4,False,1,0.24539746039454524,24.54,1,0.16908819344089202,Cao,3,1,695,84.34,Random Forest,RF_2025_V1
3385,2025-01-01,2025,Sales,Sales Representative,2,35,7,2,183,False,3,1,4,19040000,2,2,False,0,0.0867116775324116,8.67,0,0.16908819344089202,Thấp,1,0,3364,24.1,Random Forest,RF_2025_V1
3392,2025-01-01,2025,Operations,Warehouse Supervisor,4,51,5,3,211,False,4,4,4,55830000,7,7,False,0,0.09122361631022337,9.12,0,0.16908819344089202,Thấp,1,0,3223,27.29,Random Forest,RF_2025_V1
3393,2025-01-01,2025,Sales,Sales Supervisor,1,54,8,4,245,False,2,2,3,10168000,3,3,False,0,0.1679586261001075,16.8,0,0.16908819344089202,Trung bình,2,0,1505,66.06,Random Forest,RF_2025_V1
3394,2025-01-01,2025,Sales,Sales Representative,1,30,5,2,160,False,4,3,2,8023000,1,1,False,0,0.1117366656503612,11.17,0,0.16908819344089202,Trung bình,2,0,2696,39.18,Random Forest,RF_2025_V1
3396,2025-01-01,2025,Sales,Account Manager,2,25,16,2,186,False,4,3,2,16041000,4,2,False,0,0.10229396759123993,10.23,0,0.16908819344089202,Trung bình,2,0,2942,33.63,Random Forest,RF_2025_V1
3397,2025-01-01,2025,Human Resources,C&B Specialist,1,33,10,4,205,True,5,2,3,10158000,2,2,False,0,0.2261575855360273,22.62,1,0.16908819344089202,Cao,3,1,855,80.73,Random Forest,RF_2025_V1
3398,2025-01-01,2025,Marketing,Marketing Manager,5,55,24,4,160,False,3,2,3,73664000,3,1,False,0,0.12291482530068779,12.29,0,0.16908819344089202,Trung bình,2,0,2391,46.06,Random Forest,RF_2025_V1
3400,2025-01-01,2025,Finance,Finance Manager,2,40,38,2,151,False,3,2,3,18162000,3,3,False,0,0.09033760657755918,9.03,0,0.16908819344089202,Thấp,1,0,3259,26.47,Random Forest,RF_2025_V1
3401,2025-01-01,2025,Operations,Operations Executive,3,31,14,2,184,True,3,1,4,25667000,2,2,False,0,0.20740265787349169,20.74,1,0.16908819344089202,Cao,3,1,1064,76.01,Random Forest,RF_2025_V1
3403,2025-01-01,2025,Human Resources,Recruiter,2,35,30,1,185,False,3,2,4,17703000,15,6,False,0,0.1406528848966739,14.07,0,0.16908819344089202,Trung bình,2,0,1964,55.7,Random Forest,RF_2025_V1
3405,2025-01-01,2025,Information Technology,IT Support,1,49,5,4,206,False,3,1,4,10075000,3,3,False,0,0.0994992876301143,9.95,0,0.16908819344089202,Thấp,1,0,3012,32.05,Random Forest,RF_2025_V1
3406,2025-01-01,2025,Information Technology,IT Support,4,30,14,1,186,False,4,3,1,35000000,3,0,True,0,0.08775460269282281,8.78,0,0.16908819344089202,Thấp,1,0,3328,24.92,Random Forest,RF_2025_V1
3408,2025-01-01,2025,Human Resources,C&B Specialist,1,31,26,4,175,False,3,2,1,9582000,3,3,False,0,0.12113822600403618,12.11,0,0.16908819344089202,Trung bình,2,0,2436,45.05,Random Forest,RF_2025_V1
3411,2025-01-01,2025,Sales,Sales Executive,3,32,17,2,209,True,3,4,2,34171000,5,5,False,1,0.19482323888805358,19.48,1,0.16908819344089202,Cao,3,1,1182,73.35,Random Forest,RF_2025_V1
3412,2025-01-01,2025,Finance,Accountant,3,50,1,7,216,False,4,4,3,24298000,1,0,True,0,0.11099178106503321,11.1,0,0.16908819344089202,Trung bình,2,0,2724,38.55,Random Forest,RF_2025_V1
3413,2025-01-01,2025,Finance,Finance Manager,2,54,10,3,162,False,4,4,2,20235000,7,7,False,1,0.10560346801222734,10.56,0,0.16908819344089202,Trung bình,2,0,2870,35.25,Random Forest,RF_2025_V1
3414,2025-01-01,2025,Sales,Sales Executive,5,55,3,6,206,False,3,3,4,61865000,4,0,True,0,0.09607551705882947,9.61,0,0.16908819344089202,Thấp,1,0,3089,30.31,Random Forest,RF_2025_V1
3416,2025-01-01,2025,Finance,Financial Analyst,4,37,24,3,183,False,4,3,1,54136000,1,1,False,0,0.10514945552499753,10.51,0,0.16908819344089202,Trung bình,2,0,2878,35.07,Random Forest,RF_2025_V1
3424,2025-01-01,2025,Information Technology,QA Engineer,1,29,18,1,185,False,4,3,4,15254000,4,4,False,0,0.08419668096535014,8.42,0,0.16908819344089202,Thấp,1,0,3452,22.12,Random Forest,RF_2025_V1
3426,2025-01-01,2025,Operations,Operations Executive,2,38,10,4,197,False,4,2,1,15900000,1,1,False,0,0.15789390648295676,15.79,0,0.16908819344089202,Trung bình,2,0,1657,62.63,Random Forest,RF_2025_V1
3430,2025-01-01,2025,Information Technology,Data Analyst,1,27,30,6,194,False,2,4,3,11160000,3,3,False,0,0.08382588744133987,8.38,0,0.16908819344089202,Thấp,1,0,3466,21.8,Random Forest,RF_2025_V1
3432,2025-01-01,2025,Sales,Sales Supervisor,1,27,15,3,175,False,4,1,3,10487000,3,3,False,0,0.09094525790972531,9.09,0,0.16908819344089202,Thấp,1,0,3235,27.01,Random Forest,RF_2025_V1
3435,2025-01-01,2025,Information Technology,Data Analyst,1,52,20,1,205,False,4,2,3,9265000,2,2,False,0,0.10841654832348228,10.84,0,0.16908819344089202,Trung bình,2,0,2792,37.01,Random Forest,RF_2025_V1
3436,2025-01-01,2025,Finance,Accountant,2,54,32,2,177,False,3,3,2,13735000,1,1,False,0,0.08797027205882081,8.8,0,0.16908819344089202,Thấp,1,0,3324,25.01,Random Forest,RF_2025_V1
3437,2025-01-01,2025,Sales,Account Manager,3,53,20,6,222,True,5,3,1,52942000,8,8,False,1,0.34320496033324566,34.32,1,0.16908819344089202,Cao,3,1,177,96.03,Random Forest,RF_2025_V1
3438,2025-01-01,2025,Finance,Accountant,3,25,2,1,199,False,2,2,2,21376000,2,1,False,0,0.15734023735529082,15.73,0,0.16908819344089202,Trung bình,2,0,1661,62.54,Random Forest,RF_2025_V1
3439,2025-01-01,2025,Human Resources,Recruiter,2,29,15,3,219,False,3,2,3,15498000,1,1,False,0,0.1607420536429681,16.07,0,0.16908819344089202,Trung bình,2,0,1607,63.76,Random Forest,RF_2025_V1
3440,2025-01-01,2025,Marketing,Content Specialist,2,36,29,1,170,False,3,3,3,16464000,14,1,False,1,0.07198403046804291,7.2,0,0.16908819344089202,Thấp,1,0,3927,11.4,Random Forest,RF_2025_V1
3443,2025-01-01,2025,Sales,Account Manager,4,26,23,6,239,True,4,2,3,45090000,2,2,False,0,0.3092063292103053,30.92,1,0.16908819344089202,Cao,3,1,296,93.34,Random Forest,RF_2025_V1
3445,2025-01-01,2025,Information Technology,System Administrator,1,54,6,3,207,True,3,4,3,9019000,2,2,False,0,0.12300456599026731,12.3,0,0.16908819344089202,Trung bình,2,0,2387,46.15,Random Forest,RF_2025_V1
3446,2025-01-01,2025,Sales,Account Manager,2,50,32,4,229,True,5,3,1,30393000,12,12,False,0,0.33427359132082807,33.43,1,0.16908819344089202,Cao,3,1,203,95.44,Random Forest,RF_2025_V1
3449,2025-01-01,2025,Marketing,Marketing Executive,2,39,21,5,194,False,4,1,4,12967000,3,1,False,0,0.09021171021860483,9.02,0,0.16908819344089202,Thấp,1,0,3262,26.4,Random Forest,RF_2025_V1
3455,2025-01-01,2025,Operations,Procurement Specialist,3,38,2,2,195,False,5,2,3,20000000,8,0,True,0,0.13440937590980728,13.44,0,0.16908819344089202,Trung bình,2,0,2125,52.06,Random Forest,RF_2025_V1
3458,2025-01-01,2025,Marketing,Marketing Manager,3,34,1,4,158,False,4,4,4,26567000,10,4,False,0,0.06251473490251151,6.25,0,0.16908819344089202,Thấp,1,0,4229,4.58,Random Forest,RF_2025_V1
3459,2025-01-01,2025,Information Technology,QA Engineer,1,42,6,2,183,False,4,3,3,14288000,8,8,False,0,0.08826809942372492,8.83,0,0.16908819344089202,Thấp,1,0,3316,25.19,Random Forest,RF_2025_V1
3460,2025-01-01,2025,Sales,Account Manager,3,39,20,3,176,False,3,2,1,31659000,3,3,False,0,0.150767430415066,15.08,0,0.16908819344089202,Trung bình,2,0,1774,59.99,Random Forest,RF_2025_V1
3463,2025-01-01,2025,Finance,Financial Analyst,1,26,16,3,207,True,4,3,3,10183000,3,3,False,0,0.1355095494035291,13.55,0,0.16908819344089202,Trung bình,2,0,2100,52.63,Random Forest,RF_2025_V1
3464,2025-01-01,2025,Human Resources,HR Executive,2,27,24,4,221,False,3,2,2,15961000,2,0,True,1,0.22849845842721409,22.85,1,0.16908819344089202,Cao,3,1,839,81.09,Random Forest,RF_2025_V1
3468,2025-01-01,2025,Information Technology,Data Analyst,2,44,34,6,238,False,4,3,4,12552000,3,1,False,0,0.14437949367721414,14.44,0,0.16908819344089202,Trung bình,2,0,1886,57.46,Random Forest,RF_2025_V1
3469,2025-01-01,2025,Information Technology,Data Analyst,2,33,18,7,216,False,2,4,4,13923000,4,2,False,0,0.08846765981222579,8.85,0,0.16908819344089202,Thấp,1,0,3306,25.41,Random Forest,RF_2025_V1
3471,2025-01-01,2025,Operations,Procurement Specialist,3,48,8,2,205,True,4,3,3,37189000,8,6,False,1,0.1897905207814661,18.98,1,0.16908819344089202,Cao,3,1,1231,72.24,Random Forest,RF_2025_V1
3472,2025-01-01,2025,Human Resources,Recruiter,2,42,16,1,168,False,4,1,4,23625000,3,3,False,0,0.0943655676045573,9.44,0,0.16908819344089202,Thấp,1,0,3127,29.45,Random Forest,RF_2025_V1
3475,2025-01-01,2025,Human Resources,HR Manager,1,53,20,4,212,False,4,2,1,19704000,14,14,False,0,0.19563848321998673,19.56,1,0.16908819344089202,Cao,3,1,1174,73.53,Random Forest,RF_2025_V1
3483,2025-01-01,2025,Finance,Accountant,2,30,8,5,167,False,2,1,4,16395000,3,1,False,0,0.09164593251878489,9.16,0,0.16908819344089202,Thấp,1,0,3207,27.65,Random Forest,RF_2025_V1
3486,2025-01-01,2025,Marketing,Marketing Manager,2,54,10,4,251,True,3,3,3,18297000,12,0,True,0,0.22285313060006648,22.29,1,0.16908819344089202,Cao,3,1,892,79.89,Random Forest,RF_2025_V1
3488,2025-01-01,2025,Marketing,Marketing Manager,4,39,18,1,182,True,5,4,2,77420000,14,14,False,1,0.24017009669098452,24.02,1,0.16908819344089202,Cao,3,1,732,83.5,Random Forest,RF_2025_V1
3491,2025-01-01,2025,Sales,Account Manager,2,31,2,1,202,True,3,3,4,22213000,2,2,False,1,0.11628229537019093,11.63,0,0.16908819344089202,Trung bình,2,0,2556,42.34,Random Forest,RF_2025_V1
3492,2025-01-01,2025,Operations,Procurement Specialist,4,45,33,2,218,True,3,2,4,63767000,15,5,False,1,0.25917874727315887,25.92,1,0.16908819344089202,Cao,3,1,583,86.87,Random Forest,RF_2025_V1
3495,2025-01-01,2025,Sales,Sales Executive,3,54,25,3,191,True,3,4,4,26858000,3,0,True,0,0.12878457130895887,12.88,0,0.16908819344089202,Trung bình,2,0,2269,48.82,Random Forest,RF_2025_V1
3498,2025-01-01,2025,Human Resources,C&B Specialist,3,25,24,5,180,False,3,3,4,21916000,2,0,True,0,0.06806784915848482,6.81,0,0.16908819344089202,Thấp,1,0,4056,8.49,Random Forest,RF_2025_V1
3499,2025-01-01,2025,Operations,Operations Manager,2,28,27,2,204,True,1,3,3,21270000,6,4,False,0,0.19003142991448313,19.0,1,0.16908819344089202,Cao,3,1,1228,72.31,Random Forest,RF_2025_V1
3500,2025-01-01,2025,Information Technology,Software Engineer,1,53,28,3,192,False,2,4,3,10336000,1,1,False,0,0.08062876696354387,8.06,0,0.16908819344089202,Thấp,1,0,3590,19.0,Random Forest,RF_2025_V1
3508,2025-01-01,2025,Information Technology,Data Analyst,3,37,9,1,178,True,4,2,3,23864000,1,1,False,0,0.2281298783780483,22.81,1,0.16908819344089202,Cao,3,1,841,81.04,Random Forest,RF_2025_V1
3514,2025-01-01,2025,Finance,Finance Manager,1,44,21,1,183,False,3,4,3,13120000,7,7,False,0,0.07458723391966204,7.46,0,0.16908819344089202,Thấp,1,0,3838,13.41,Random Forest,RF_2025_V1
3516,2025-01-01,2025,Marketing,Marketing Executive,3,44,20,2,169,False,3,2,4,41296000,5,5,False,0,0.119538200449766,11.95,0,0.16908819344089202,Trung bình,2,0,2486,43.92,Random Forest,RF_2025_V1
3517,2025-01-01,2025,Marketing,Digital Marketing Specialist,2,31,24,2,179,False,3,2,4,22917000,5,5,False,0,0.13690885786366164,13.69,0,0.16908819344089202,Trung bình,2,0,2065,53.42,Random Forest,RF_2025_V1
3518,2025-01-01,2025,Marketing,Marketing Manager,1,51,10,3,217,True,3,4,3,11213000,4,4,False,0,0.16415999318498678,16.42,0,0.16908819344089202,Trung bình,2,0,1560,64.82,Random Forest,RF_2025_V1
3520,2025-01-01,2025,Operations,Operations Executive,3,48,16,3,211,True,2,3,3,32610000,2,2,False,0,0.14008104187536993,14.01,0,0.16908819344089202,Trung bình,2,0,1973,55.5,Random Forest,RF_2025_V1
3521,2025-01-01,2025,Finance,Finance Manager,4,34,32,4,172,False,4,3,1,65632000,7,4,False,0,0.10443558852697638,10.44,0,0.16908819344089202,Trung bình,2,0,2891,34.78,Random Forest,RF_2025_V1
3522,2025-01-01,2025,Finance,Internal Auditor,2,26,36,3,197,True,2,4,3,16272000,2,2,False,0,0.14279883793789738,14.28,0,0.16908819344089202,Trung bình,2,0,1916,56.78,Random Forest,RF_2025_V1
3523,2025-01-01,2025,Sales,Sales Executive,3,35,11,7,227,False,4,4,1,25932000,1,1,False,0,0.19351522158709866,19.35,1,0.16908819344089202,Cao,3,1,1195,73.05,Random Forest,RF_2025_V1
3524,2025-01-01,2025,Operations,Warehouse Supervisor,1,28,15,3,210,False,2,2,3,12577000,1,1,False,0,0.12544996211770795,12.54,0,0.16908819344089202,Trung bình,2,0,2325,47.55,Random Forest,RF_2025_V1
3526,2025-01-01,2025,Information Technology,Software Engineer,2,35,4,3,199,False,3,4,3,21430000,15,15,False,0,0.11291611424240569,11.29,0,0.16908819344089202,Trung bình,2,0,2661,39.97,Random Forest,RF_2025_V1
3529,2025-01-01,2025,Marketing,Marketing Executive,4,45,2,4,239,True,4,4,1,65219000,8,8,False,0,0.33071028550643866,33.07,1,0.16908819344089202,Cao,3,1,217,95.13,Random Forest,RF_2025_V1
3530,2025-01-01,2025,Sales,Sales Executive,1,26,5,3,190,True,5,4,3,9982000,1,1,False,0,0.12962608365758274,12.96,0,0.16908819344089202,Trung bình,2,0,2255,49.13,Random Forest,RF_2025_V1
3533,2025-01-01,2025,Marketing,Digital Marketing Specialist,1,54,32,4,186,False,2,4,3,8577000,2,2,False,0,0.06451911754298854,6.45,0,0.16908819344089202,Thấp,1,0,4164,6.05,Random Forest,RF_2025_V1
3536,2025-01-01,2025,Marketing,Content Specialist,2,36,28,1,248,True,4,4,4,19539000,2,2,False,0,0.18364080360568705,18.36,1,0.16908819344089202,Cao,3,1,1296,70.77,Random Forest,RF_2025_V1
3537,2025-01-01,2025,Sales,Account Manager,2,41,10,1,236,True,4,3,4,23401000,8,3,False,0,0.19814282767880761,19.81,1,0.16908819344089202,Cao,3,1,1156,73.93,Random Forest,RF_2025_V1
3538,2025-01-01,2025,Sales,Account Manager,2,26,33,1,216,True,4,4,1,17238000,3,1,False,0,0.16671682287882542,16.67,0,0.16908819344089202,Trung bình,2,0,1520,65.72,Random Forest,RF_2025_V1
3539,2025-01-01,2025,Information Technology,IT Support,1,34,38,2,184,False,3,1,4,8907000,1,1,False,0,0.10657717782575547,10.66,0,0.16908819344089202,Trung bình,2,0,2851,35.68,Random Forest,RF_2025_V1
3543,2025-01-01,2025,Finance,Accountant,4,52,5,4,216,False,4,4,3,48293000,1,1,False,0,0.09217104293370995,9.22,0,0.16908819344089202,Thấp,1,0,3192,27.98,Random Forest,RF_2025_V1
3545,2025-01-01,2025,Marketing,Content Specialist,1,43,36,3,225,True,3,4,2,7532000,1,1,False,0,0.2644885641245096,26.45,1,0.16908819344089202,Cao,3,1,540,87.84,Random Forest,RF_2025_V1
3546,2025-01-01,2025,Sales,Account Manager,4,28,6,2,196,False,3,4,3,53501000,1,1,False,0,0.08638286194163741,8.64,0,0.16908819344089202,Thấp,1,0,3375,23.85,Random Forest,RF_2025_V1
3547,2025-01-01,2025,Information Technology,QA Engineer,1,39,10,7,223,True,4,4,1,17249000,7,7,False,0,0.36596803209496204,36.6,1,0.16908819344089202,Cao,3,1,116,97.4,Random Forest,RF_2025_V1
3548,2025-01-01,2025,Marketing,Content Specialist,1,46,20,1,191,False,4,3,3,14612000,14,14,False,0,0.09532827348856611,9.53,0,0.16908819344089202,Thấp,1,0,3104,29.97,Random Forest,RF_2025_V1
3549,2025-01-01,2025,Marketing,Marketing Manager,2,51,19,1,164,False,4,3,3,16907000,3,3,False,0,0.051045249856894126,5.1,0,0.16908819344089202,Thấp,1,0,4424,0.18,Random Forest,RF_2025_V1
3553,2025-01-01,2025,Human Resources,HR Executive,3,48,30,4,212,True,5,2,2,44046000,4,4,False,0,0.28869635179635394,28.87,1,0.16908819344089202,Cao,3,1,379,91.47,Random Forest,RF_2025_V1
3555,2025-01-01,2025,Human Resources,C&B Specialist,2,54,40,2,181,True,4,4,4,20876000,6,6,False,0,0.16455623272040293,16.46,0,0.16908819344089202,Trung bình,2,0,1552,65.0,Random Forest,RF_2025_V1
3556,2025-01-01,2025,Human Resources,C&B Specialist,1,32,19,2,169,False,4,3,3,7834000,1,1,False,0,0.07810597219214013,7.81,0,0.16908819344089202,Thấp,1,0,3704,16.43,Random Forest,RF_2025_V1
3557,2025-01-01,2025,Marketing,Digital Marketing Specialist,2,46,26,5,201,True,5,1,2,13567000,2,2,False,0,0.2515147803704489,25.15,1,0.16908819344089202,Cao,3,1,642,85.53,Random Forest,RF_2025_V1
3559,2025-01-01,2025,Operations,Operations Manager,1,34,37,3,191,False,4,2,3,9559000,1,1,False,1,0.12025989953099232,12.03,0,0.16908819344089202,Trung bình,2,0,2466,44.37,Random Forest,RF_2025_V1
3561,2025-01-01,2025,Information Technology,IT Support,4,31,7,3,183,False,3,3,4,58824000,6,4,False,0,0.06574251374354124,6.57,0,0.16908819344089202,Thấp,1,0,4126,6.91,Random Forest,RF_2025_V1
3563,2025-01-01,2025,Information Technology,Data Analyst,1,55,14,2,203,False,3,1,3,11166000,3,3,False,0,0.10430903306353154,10.43,0,0.16908819344089202,Trung bình,2,0,2894,34.71,Random Forest,RF_2025_V1
3564,2025-01-01,2025,Sales,Sales Executive,2,50,15,2,180,False,3,4,2,18160000,2,2,False,0,0.07909658398978199,7.91,0,0.16908819344089202,Thấp,1,0,3662,17.38,Random Forest,RF_2025_V1
3566,2025-01-01,2025,Marketing,Content Specialist,1,25,39,3,153,False,2,2,4,11638000,1,1,False,1,0.10640900972012264,10.64,0,0.16908819344089202,Trung bình,2,0,2856,35.57,Random Forest,RF_2025_V1
3568,2025-01-01,2025,Marketing,Marketing Manager,2,26,31,4,208,False,3,2,2,20145000,2,2,False,1,0.13571856678134378,13.57,0,0.16908819344089202,Trung bình,2,0,2092,52.81,Random Forest,RF_2025_V1
3574,2025-01-01,2025,Operations,Warehouse Supervisor,1,31,17,3,217,True,4,4,3,12671000,1,1,False,0,0.15241889282058,15.24,0,0.16908819344089202,Trung bình,2,0,1743,60.69,Random Forest,RF_2025_V1
3576,2025-01-01,2025,Information Technology,IT Support,2,38,20,4,181,False,3,4,4,27518000,5,5,False,0,0.07168539311310314,7.17,0,0.16908819344089202,Thấp,1,0,3941,11.08,Random Forest,RF_2025_V1
3579,2025-01-01,2025,Marketing,Marketing Manager,1,46,14,6,215,True,3,3,4,12517000,1,1,False,0,0.18582982283459207,18.58,1,0.16908819344089202,Cao,3,1,1271,71.34,Random Forest,RF_2025_V1
3580,2025-01-01,2025,Operations,Warehouse Supervisor,2,31,33,4,168,False,3,3,4,22055000,4,4,False,1,0.08845722166853626,8.85,0,0.16908819344089202,Thấp,1,0,3309,25.34,Random Forest,RF_2025_V1
3588,2025-01-01,2025,Sales,Sales Executive,4,40,15,4,196,True,3,4,4,61511000,10,5,False,0,0.1535143918957436,15.35,0,0.16908819344089202,Trung bình,2,0,1725,61.09,Random Forest,RF_2025_V1
3593,2025-01-01,2025,Operations,Operations Executive,2,54,2,2,187,True,4,4,2,15968000,1,1,False,0,0.17665865353544113,17.67,1,0.16908819344089202,Cao,3,1,1383,68.81,Random Forest,RF_2025_V1
3598,2025-01-01,2025,Marketing,Marketing Executive,1,43,17,1,174,False,3,4,3,16506000,15,15,False,0,0.08910813999322907,8.91,0,0.16908819344089202,Thấp,1,0,3291,25.75,Random Forest,RF_2025_V1
3600,2025-01-01,2025,Finance,Financial Analyst,4,28,1,3,185,False,3,2,2,57673000,1,1,False,0,0.16100673243466349,16.1,0,0.16908819344089202,Trung bình,2,0,1601,63.89,Random Forest,RF_2025_V1
3601,2025-01-01,2025,Finance,Financial Analyst,1,53,13,1,192,True,4,2,4,13464000,3,3,False,0,0.2198571562333916,21.99,1,0.16908819344089202,Cao,3,1,920,79.26,Random Forest,RF_2025_V1
3602,2025-01-01,2025,Finance,Finance Manager,3,49,1,3,195,False,4,3,4,25285000,1,1,False,0,0.07843297289140176,7.84,0,0.16908819344089202,Thấp,1,0,3690,16.75,Random Forest,RF_2025_V1
3603,2025-01-01,2025,Information Technology,System Administrator,3,38,16,3,243,True,3,3,2,30330000,2,2,False,1,0.2968968382736549,29.69,1,0.16908819344089202,Cao,3,1,344,92.26,Random Forest,RF_2025_V1
3604,2025-01-01,2025,Information Technology,QA Engineer,2,52,8,2,218,True,3,3,2,28658000,8,8,False,0,0.2524372496812356,25.24,1,0.16908819344089202,Cao,3,1,635,85.69,Random Forest,RF_2025_V1
3608,2025-01-01,2025,Human Resources,C&B Specialist,4,41,5,4,198,False,3,4,1,63483000,11,6,False,0,0.11171669274107349,11.17,0,0.16908819344089202,Trung bình,2,0,2697,39.16,Random Forest,RF_2025_V1
3609,2025-01-01,2025,Marketing,Marketing Manager,3,54,16,4,224,True,4,2,4,31491000,6,5,False,1,0.32442876110488666,32.44,1,0.16908819344089202,Cao,3,1,234,94.74,Random Forest,RF_2025_V1
3610,2025-01-01,2025,Sales,Sales Executive,3,54,2,7,250,True,3,1,1,36531000,3,3,False,0,0.3461330752683973,34.61,1,0.16908819344089202,Cao,3,1,167,96.25,Random Forest,RF_2025_V1
3611,2025-01-01,2025,Sales,Account Manager,1,36,32,5,202,False,4,1,1,17368000,14,14,False,0,0.20212020581559828,20.21,1,0.16908819344089202,Cao,3,1,1114,74.88,Random Forest,RF_2025_V1
3612,2025-01-01,2025,Operations,Warehouse Supervisor,1,45,39,5,203,True,4,1,3,18969000,13,13,False,0,0.27605584541682465,27.61,1,0.16908819344089202,Cao,3,1,457,89.71,Random Forest,RF_2025_V1
3613,2025-01-01,2025,Marketing,Marketing Manager,1,29,39,4,262,True,3,3,3,10103000,2,2,False,0,0.19433790200420334,19.43,1,0.16908819344089202,Cao,3,1,1189,73.19,Random Forest,RF_2025_V1
3617,2025-01-01,2025,Finance,Financial Analyst,1,43,34,4,188,False,3,4,4,8193000,1,1,False,0,0.07834033415553832,7.83,0,0.16908819344089202,Thấp,1,0,3693,16.68,Random Forest,RF_2025_V1
3618,2025-01-01,2025,Information Technology,System Administrator,1,55,34,3,185,False,5,4,4,11186000,1,1,False,0,0.08179319339351963,8.18,0,0.16908819344089202,Thấp,1,0,3538,20.18,Random Forest,RF_2025_V1
3619,2025-01-01,2025,Operations,Operations Executive,2,40,25,4,225,True,2,1,4,21411000,10,0,True,0,0.3138926203579003,31.39,1,0.16908819344089202,Cao,3,1,280,93.7,Random Forest,RF_2025_V1
3622,2025-01-01,2025,Marketing,Content Specialist,3,34,34,3,206,False,3,2,4,34279000,13,3,False,0,0.1152385767870158,11.52,0,0.16908819344089202,Trung bình,2,0,2588,41.62,Random Forest,RF_2025_V1
3623,2025-01-01,2025,Finance,Accountant,3,50,39,5,202,False,3,2,1,36435000,13,13,False,0,0.17061711902808138,17.06,1,0.16908819344089202,Cao,3,1,1471,66.82,Random Forest,RF_2025_V1
3629,2025-01-01,2025,Marketing,Marketing Executive,3,38,21,1,201,True,4,4,3,21333000,5,1,False,0,0.12309717806937658,12.31,0,0.16908819344089202,Trung bình,2,0,2382,46.26,Random Forest,RF_2025_V1
3636,2025-01-01,2025,Marketing,Digital Marketing Specialist,1,25,37,6,219,False,3,3,4,11603000,1,1,False,0,0.12193313512369591,12.19,0,0.16908819344089202,Trung bình,2,0,2412,45.59,Random Forest,RF_2025_V1
3638,2025-01-01,2025,Finance,Internal Auditor,2,32,2,2,210,False,3,4,2,15487000,5,4,False,0,0.1236729859154939,12.37,0,0.16908819344089202,Trung bình,2,0,2369,46.56,Random Forest,RF_2025_V1
3641,2025-01-01,2025,Finance,Internal Auditor,2,34,2,2,234,True,3,4,4,16865000,7,5,False,0,0.2490747814178378,24.91,1,0.16908819344089202,Cao,3,1,663,85.06,Random Forest,RF_2025_V1
3643,2025-01-01,2025,Information Technology,Data Analyst,1,47,37,5,204,False,3,2,3,16421000,8,8,False,0,0.13898420699554273,13.9,0,0.16908819344089202,Trung bình,2,0,2005,54.77,Random Forest,RF_2025_V1
3645,2025-01-01,2025,Finance,Internal Auditor,2,46,5,4,167,False,4,4,3,21190000,3,3,False,0,0.06615353322502326,6.62,0,0.16908819344089202,Thấp,1,0,4113,7.2,Random Forest,RF_2025_V1
3647,2025-01-01,2025,Sales,Sales Executive,2,46,31,5,224,False,4,4,4,14665000,1,1,False,0,0.12157545708328894,12.16,0,0.16908819344089202,Trung bình,2,0,2427,45.25,Random Forest,RF_2025_V1
3650,2025-01-01,2025,Finance,Finance Manager,2,30,18,8,254,True,4,3,2,23141000,3,3,False,0,0.3230984727086403,32.31,1,0.16908819344089202,Cao,3,1,241,94.58,Random Forest,RF_2025_V1
3655,2025-01-01,2025,Information Technology,System Administrator,4,37,34,1,168,False,4,3,3,43444000,10,3,False,0,0.06096282309647525,6.1,0,0.16908819344089202,Thấp,1,0,4272,3.61,Random Forest,RF_2025_V1
3656,2025-01-01,2025,Finance,Finance Manager,1,43,37,8,208,False,3,3,2,12321000,13,13,False,0,0.1246043111799351,12.46,0,0.16908819344089202,Trung bình,2,0,2346,47.08,Random Forest,RF_2025_V1
3660,2025-01-01,2025,Sales,Sales Supervisor,1,43,36,2,152,False,3,4,2,11518000,1,1,False,0,0.10916684171923097,10.92,0,0.16908819344089202,Trung bình,2,0,2773,37.44,Random Forest,RF_2025_V1
3662,2025-01-01,2025,Human Resources,HR Executive,2,30,13,6,220,True,4,4,4,20039000,2,2,False,1,0.23363558810528973,23.36,1,0.16908819344089202,Cao,3,1,794,82.1,Random Forest,RF_2025_V1
3664,2025-01-01,2025,Operations,Operations Executive,1,32,14,1,215,True,3,4,3,8773000,1,1,False,0,0.15399755483711192,15.4,0,0.16908819344089202,Trung bình,2,0,1715,61.32,Random Forest,RF_2025_V1
3666,2025-01-01,2025,Information Technology,IT Support,4,26,15,3,218,False,3,3,3,38754000,5,2,False,0,0.07778877655590219,7.78,0,0.16908819344089202,Thấp,1,0,3719,16.09,Random Forest,RF_2025_V1
3667,2025-01-01,2025,Finance,Internal Auditor,1,47,12,2,182,False,4,4,3,17498000,15,15,False,0,0.0994721375039277,9.95,0,0.16908819344089202,Thấp,1,0,3014,32.0,Random Forest,RF_2025_V1
3668,2025-01-01,2025,Finance,Financial Analyst,3,26,7,1,210,True,2,2,1,28369000,3,0,True,1,0.2921346811183845,29.21,1,0.16908819344089202,Cao,3,1,362,91.85,Random Forest,RF_2025_V1
3672,2025-01-01,2025,Information Technology,QA Engineer,1,28,4,1,167,False,2,3,4,10178000,1,1,False,0,0.0917508077823519,9.18,0,0.16908819344089202,Thấp,1,0,3205,27.69,Random Forest,RF_2025_V1
3675,2025-01-01,2025,Human Resources,C&B Specialist,3,37,35,4,181,False,4,1,2,33684000,10,4,False,0,0.17104080175001732,17.1,1,0.16908819344089202,Cao,3,1,1463,67.01,Random Forest,RF_2025_V1
3676,2025-01-01,2025,Information Technology,System Administrator,3,27,14,4,192,False,3,1,2,40012000,3,3,False,0,0.151048646241178,15.1,0,0.16908819344089202,Trung bình,2,0,1767,60.14,Random Forest,RF_2025_V1
3678,2025-01-01,2025,Sales,Account Manager,4,35,10,2,182,True,3,2,2,79600000,12,12,False,0,0.31749330280947996,31.75,1,0.16908819344089202,Cao,3,1,262,94.11,Random Forest,RF_2025_V1
3679,2025-01-01,2025,Information Technology,System Administrator,4,55,6,1,173,False,4,3,2,35000000,14,0,True,0,0.08930408608909589,8.93,0,0.16908819344089202,Thấp,1,0,3286,25.86,Random Forest,RF_2025_V1
3682,2025-01-01,2025,Operations,Warehouse Supervisor,3,33,6,1,187,False,2,3,2,29058000,13,1,False,0,0.09940025670704199,9.94,0,0.16908819344089202,Thấp,1,0,3019,31.89,Random Forest,RF_2025_V1
3685,2025-01-01,2025,Sales,Sales Representative,1,37,27,4,197,False,3,2,4,18183000,10,10,False,0,0.13508280230402825,13.51,0,0.16908819344089202,Trung bình,2,0,2110,52.4,Random Forest,RF_2025_V1
3686,2025-01-01,2025,Human Resources,C&B Specialist,1,28,37,2,186,False,4,2,2,13668000,4,4,False,0,0.16234613668648257,16.23,0,0.16908819344089202,Trung bình,2,0,1580,64.36,Random Forest,RF_2025_V1
3688,2025-01-01,2025,Operations,Operations Executive,3,28,10,2,219,False,3,3,4,23082000,6,2,False,0,0.10339804079287644,10.34,0,0.16908819344089202,Trung bình,2,0,2913,34.28,Random Forest,RF_2025_V1
3691,2025-01-01,2025,Finance,Finance Manager,2,55,35,1,166,False,4,3,4,25144000,14,14,False,0,0.10449503527869987,10.45,0,0.16908819344089202,Trung bình,2,0,2890,34.8,Random Forest,RF_2025_V1
3695,2025-01-01,2025,Human Resources,C&B Specialist,1,53,19,5,224,True,3,4,4,9424000,1,1,False,0,0.19629379967819274,19.63,1,0.16908819344089202,Cao,3,1,1171,73.6,Random Forest,RF_2025_V1
3698,2025-01-01,2025,Information Technology,Data Analyst,3,44,29,3,184,False,5,4,2,27366000,4,4,False,0,0.11217538205109256,11.22,0,0.16908819344089202,Trung bình,2,0,2683,39.47,Random Forest,RF_2025_V1
3699,2025-01-01,2025,Information Technology,IT Support,3,44,17,2,164,False,4,4,4,33684000,12,12,False,0,0.07582466238053424,7.58,0,0.16908819344089202,Thấp,1,0,3789,14.51,Random Forest,RF_2025_V1
3701,2025-01-01,2025,Operations,Warehouse Supervisor,5,25,38,5,209,True,2,3,2,67284000,5,3,False,0,0.1672815765927256,16.73,0,0.16908819344089202,Trung bình,2,0,1513,65.88,Random Forest,RF_2025_V1
3702,2025-01-01,2025,Sales,Sales Executive,3,36,2,5,201,False,3,3,3,27505000,3,0,True,0,0.07553003479161158,7.55,0,0.16908819344089202,Thấp,1,0,3800,14.26,Random Forest,RF_2025_V1
3705,2025-01-01,2025,Human Resources,HR Manager,2,36,5,3,201,False,3,1,2,14870000,6,4,False,1,0.18767291438853392,18.77,1,0.16908819344089202,Cao,3,1,1249,71.83,Random Forest,RF_2025_V1
3706,2025-01-01,2025,Information Technology,QA Engineer,2,46,18,1,208,False,4,4,2,25644000,6,6,False,1,0.12469467414978046,12.47,0,0.16908819344089202,Trung bình,2,0,2345,47.1,Random Forest,RF_2025_V1
3707,2025-01-01,2025,Sales,Sales Supervisor,1,27,23,4,228,True,4,3,1,13585000,5,5,False,0,0.3133882802838303,31.34,1,0.16908819344089202,Cao,3,1,285,93.59,Random Forest,RF_2025_V1
3708,2025-01-01,2025,Information Technology,System Administrator,4,44,32,4,183,False,4,4,2,50921000,2,2,False,0,0.08507842828937819,8.51,0,0.16908819344089202,Thấp,1,0,3420,22.84,Random Forest,RF_2025_V1
3709,2025-01-01,2025,Operations,Warehouse Supervisor,3,32,20,3,160,False,4,4,2,34861000,1,1,False,0,0.10022292915912398,10.02,0,0.16908819344089202,Trung bình,2,0,2993,32.48,Random Forest,RF_2025_V1
3711,2025-01-01,2025,Information Technology,System Administrator,3,51,5,4,190,False,5,1,4,34085000,3,3,False,0,0.106405795895086,10.64,0,0.16908819344089202,Trung bình,2,0,2857,35.55,Random Forest,RF_2025_V1
3712,2025-01-01,2025,Marketing,Marketing Manager,2,32,32,1,226,True,4,2,3,20892000,2,2,False,0,0.2734945970000216,27.35,1,0.16908819344089202,Cao,3,1,472,89.37,Random Forest,RF_2025_V1
3714,2025-01-01,2025,Marketing,Content Specialist,4,49,18,3,197,False,4,2,4,64671000,6,6,False,0,0.13734909984236474,13.73,0,0.16908819344089202,Trung bình,2,0,2050,53.76,Random Forest,RF_2025_V1
3721,2025-01-01,2025,Finance,Financial Analyst,1,26,32,3,223,False,4,4,4,15542000,5,5,False,0,0.13784850789758873,13.78,0,0.16908819344089202,Trung bình,2,0,2036,54.07,Random Forest,RF_2025_V1
3724,2025-01-01,2025,Information Technology,Data Analyst,3,42,10,4,184,False,3,4,3,55308000,12,12,False,0,0.07405779206643091,7.41,0,0.16908819344089202,Thấp,1,0,3860,12.91,Random Forest,RF_2025_V1
3725,2025-01-01,2025,Finance,Financial Analyst,4,40,27,4,146,False,4,2,4,38906000,4,0,True,0,0.11303288658308716,11.3,0,0.16908819344089202,Trung bình,2,0,2658,40.04,Random Forest,RF_2025_V1
3726,2025-01-01,2025,Finance,Internal Auditor,2,40,4,6,234,False,3,3,2,12000000,2,0,True,0,0.20959463056769254,20.96,1,0.16908819344089202,Cao,3,1,1038,76.6,Random Forest,RF_2025_V1
3727,2025-01-01,2025,Marketing,Marketing Executive,3,27,19,4,196,False,3,3,3,41726000,4,4,False,0,0.06334248694937393,6.33,0,0.16908819344089202,Thấp,1,0,4203,5.17,Random Forest,RF_2025_V1
3728,2025-01-01,2025,Human Resources,HR Executive,3,30,23,2,194,False,4,3,3,26084000,9,1,False,0,0.06873276784314897,6.87,0,0.16908819344089202,Thấp,1,0,4037,8.91,Random Forest,RF_2025_V1
3732,2025-01-01,2025,Operations,Operations Manager,1,53,21,4,201,False,3,2,1,11989000,6,6,False,1,0.17566726913666886,17.57,1,0.16908819344089202,Cao,3,1,1401,68.4,Random Forest,RF_2025_V1
3737,2025-01-01,2025,Marketing,Marketing Executive,2,30,27,5,248,True,4,4,4,15162000,4,2,False,0,0.21485853074691263,21.49,1,0.16908819344089202,Cao,3,1,976,78.0,Random Forest,RF_2025_V1
3740,2025-01-01,2025,Human Resources,HR Manager,1,48,6,4,191,False,4,2,3,15279000,13,13,False,0,0.13279886686914197,13.28,0,0.16908819344089202,Trung bình,2,0,2168,51.09,Random Forest,RF_2025_V1
3741,2025-01-01,2025,Sales,Sales Executive,2,25,19,3,201,False,5,1,1,12000000,3,0,True,0,0.15989484563724332,15.99,0,0.16908819344089202,Trung bình,2,0,1622,63.42,Random Forest,RF_2025_V1
3742,2025-01-01,2025,Operations,Operations Executive,1,52,27,2,192,False,2,1,4,17607000,14,14,False,0,0.15845561857125004,15.85,0,0.16908819344089202,Trung bình,2,0,1648,62.83,Random Forest,RF_2025_V1
3746,2025-01-01,2025,Human Resources,C&B Specialist,1,43,14,3,241,True,5,3,3,13999000,4,4,False,0,0.23609996743060474,23.61,1,0.16908819344089202,Cao,3,1,768,82.69,Random Forest,RF_2025_V1
3749,2025-01-01,2025,Finance,Accountant,2,50,19,4,214,False,3,4,1,21382000,10,3,False,0,0.09577195721666638,9.58,0,0.16908819344089202,Thấp,1,0,3091,30.26,Random Forest,RF_2025_V1
3753,2025-01-01,2025,Operations,Warehouse Supervisor,2,46,39,8,277,True,3,4,2,16905000,14,1,False,0,0.3443871241668343,34.44,1,0.16908819344089202,Cao,3,1,172,96.14,Random Forest,RF_2025_V1
3754,2025-01-01,2025,Finance,Accountant,5,38,20,2,207,True,3,1,4,84432000,9,3,False,0,0.21886377098984397,21.89,1,0.16908819344089202,Cao,3,1,935,78.92,Random Forest,RF_2025_V1
3755,2025-01-01,2025,Operations,Operations Executive,4,47,25,1,170,True,4,4,3,41464000,3,2,False,0,0.1180072377600515,11.8,0,0.16908819344089202,Trung bình,2,0,2514,43.29,Random Forest,RF_2025_V1
3758,2025-01-01,2025,Human Resources,C&B Specialist,3,27,37,5,207,True,3,3,3,35117000,1,1,False,0,0.15410744582934174,15.41,0,0.16908819344089202,Trung bình,2,0,1713,61.36,Random Forest,RF_2025_V1
3760,2025-01-01,2025,Operations,Operations Manager,3,44,19,2,210,True,3,2,4,32930000,3,3,False,0,0.21637417435579076,21.64,1,0.16908819344089202,Cao,3,1,961,78.33,Random Forest,RF_2025_V1
3761,2025-01-01,2025,Human Resources,HR Executive,2,52,15,2,200,True,4,2,3,15169000,6,1,False,1,0.22473558291542015,22.47,1,0.16908819344089202,Cao,3,1,867,80.46,Random Forest,RF_2025_V1
3762,2025-01-01,2025,Finance,Internal Auditor,3,25,7,3,193,False,3,1,3,39610000,4,4,False,0,0.1463355007704166,14.63,0,0.16908819344089202,Trung bình,2,0,1858,58.09,Random Forest,RF_2025_V1
3763,2025-01-01,2025,Marketing,Marketing Executive,1,28,3,5,206,True,2,4,4,8445000,2,2,False,0,0.11158516902148118,11.16,0,0.16908819344089202,Trung bình,2,0,2701,39.07,Random Forest,RF_2025_V1
3765,2025-01-01,2025,Sales,Sales Executive,2,38,18,2,169,True,4,3,4,22678000,11,0,True,0,0.13201564442943642,13.2,0,0.16908819344089202,Trung bình,2,0,2193,50.53,Random Forest,RF_2025_V1
3769,2025-01-01,2025,Sales,Sales Executive,2,36,22,4,204,False,3,2,4,20544000,9,9,False,1,0.14294943025706666,14.29,0,0.16908819344089202,Trung bình,2,0,1914,56.83,Random Forest,RF_2025_V1
3770,2025-01-01,2025,Sales,Sales Representative,2,54,1,4,196,False,1,4,1,16694000,2,2,False,0,0.08371043655820909,8.37,0,0.16908819344089202,Thấp,1,0,3470,21.71,Random Forest,RF_2025_V1
3771,2025-01-01,2025,Sales,Sales Supervisor,1,34,16,3,195,False,3,4,3,12024000,11,11,False,0,0.0824512287839238,8.25,0,0.16908819344089202,Thấp,1,0,3513,20.74,Random Forest,RF_2025_V1
3774,2025-01-01,2025,Human Resources,C&B Specialist,2,26,29,6,256,True,3,4,2,12000000,1,0,True,1,0.32342217752298325,32.34,1,0.16908819344089202,Cao,3,1,239,94.63,Random Forest,RF_2025_V1
3775,2025-01-01,2025,Marketing,Marketing Manager,1,26,1,3,226,True,3,2,4,13652000,3,3,False,0,0.27742335269539453,27.74,1,0.16908819344089202,Cao,3,1,449,89.89,Random Forest,RF_2025_V1
3777,2025-01-01,2025,Finance,Accountant,2,51,15,3,187,False,2,3,2,22736000,4,4,False,0,0.10207501405829146,10.21,0,0.16908819344089202,Trung bình,2,0,2950,33.45,Random Forest,RF_2025_V1
3781,2025-01-01,2025,Finance,Finance Manager,2,38,8,3,181,False,4,3,4,19990000,6,3,False,0,0.0630622165169262,6.31,0,0.16908819344089202,Thấp,1,0,4213,4.94,Random Forest,RF_2025_V1
3784,2025-01-01,2025,Human Resources,Recruiter,3,26,18,2,182,True,3,2,4,42904000,6,6,False,0,0.23931053157074406,23.93,1,0.16908819344089202,Cao,3,1,738,83.37,Random Forest,RF_2025_V1
3786,2025-01-01,2025,Marketing,Digital Marketing Specialist,1,42,20,3,190,False,4,1,4,11271000,1,1,False,0,0.10241235034960688,10.24,0,0.16908819344089202,Trung bình,2,0,2934,33.81,Random Forest,RF_2025_V1
3788,2025-01-01,2025,Human Resources,C&B Specialist,5,49,34,2,181,False,4,4,4,76044000,10,5,False,1,0.07132496512740287,7.13,0,0.16908819344089202,Thấp,1,0,3950,10.88,Random Forest,RF_2025_V1
3790,2025-01-01,2025,Finance,Accountant,1,51,17,2,183,False,2,4,4,9157000,1,1,False,1,0.06103306646475271,6.1,0,0.16908819344089202,Thấp,1,0,4266,3.75,Random Forest,RF_2025_V1
3794,2025-01-01,2025,Information Technology,QA Engineer,1,49,19,3,177,False,3,4,4,8970000,3,3,False,0,0.06602480528262383,6.6,0,0.16908819344089202,Thấp,1,0,4115,7.15,Random Forest,RF_2025_V1
3798,2025-01-01,2025,Operations,Procurement Specialist,3,35,27,3,182,False,3,2,2,43054000,3,3,False,0,0.14270174764994797,14.27,0,0.16908819344089202,Trung bình,2,0,1919,56.71,Random Forest,RF_2025_V1
3799,2025-01-01,2025,Human Resources,C&B Specialist,3,43,18,2,200,True,3,4,2,26973000,7,5,False,0,0.20729807228540806,20.73,1,0.16908819344089202,Cao,3,1,1066,75.96,Random Forest,RF_2025_V1
3800,2025-01-01,2025,Marketing,Content Specialist,2,49,10,7,181,False,4,4,2,15029000,2,0,True,0,0.09968563258752595,9.97,0,0.16908819344089202,Thấp,1,0,3009,32.11,Random Forest,RF_2025_V1
3801,2025-01-01,2025,Finance,Financial Analyst,3,52,13,5,200,True,3,4,3,25312000,1,1,False,0,0.14613397370428505,14.61,0,0.16908819344089202,Trung bình,2,0,1860,58.05,Random Forest,RF_2025_V1
3802,2025-01-01,2025,Finance,Accountant,1,51,31,1,176,False,4,1,4,13181000,3,3,False,0,0.08582817324566618,8.58,0,0.16908819344089202,Thấp,1,0,3387,23.58,Random Forest,RF_2025_V1
3805,2025-01-01,2025,Operations,Procurement Specialist,3,25,7,3,176,False,4,3,3,36971000,3,3,False,0,0.06692904927866411,6.69,0,0.16908819344089202,Thấp,1,0,4091,7.7,Random Forest,RF_2025_V1
3806,2025-01-01,2025,Operations,Operations Executive,3,40,17,5,192,False,3,2,3,30419000,5,3,False,0,0.12257454792796141,12.26,0,0.16908819344089202,Trung bình,2,0,2398,45.9,Random Forest,RF_2025_V1
3808,2025-01-01,2025,Marketing,Content Specialist,1,36,38,4,270,True,2,4,3,11011000,2,2,False,0,0.19171398513263335,19.17,1,0.16908819344089202,Cao,3,1,1211,72.69,Random Forest,RF_2025_V1
3810,2025-01-01,2025,Information Technology,Data Analyst,2,37,4,4,160,False,5,2,2,23678000,3,3,False,0,0.1538102929385561,15.38,0,0.16908819344089202,Trung bình,2,0,1719,61.23,Random Forest,RF_2025_V1
3811,2025-01-01,2025,Finance,Internal Auditor,3,52,29,2,216,True,4,2,3,38245000,6,6,False,1,0.26295526914750106,26.3,1,0.16908819344089202,Cao,3,1,557,87.45,Random Forest,RF_2025_V1
3813,2025-01-01,2025,Marketing,Digital Marketing Specialist,3,50,4,1,153,False,4,3,4,34031000,11,2,False,0,0.059940701123860185,5.99,0,0.16908819344089202,Thấp,1,0,4300,2.98,Random Forest,RF_2025_V1
3815,2025-01-01,2025,Marketing,Content Specialist,3,31,24,4,161,False,5,3,2,26275000,8,4,False,0,0.11038376504290866,11.04,0,0.16908819344089202,Trung bình,2,0,2741,38.16,Random Forest,RF_2025_V1
3816,2025-01-01,2025,Sales,Sales Executive,4,52,30,4,205,False,2,4,3,48110000,15,5,False,0,0.0883071825684342,8.83,0,0.16908819344089202,Thấp,1,0,3315,25.21,Random Forest,RF_2025_V1
3818,2025-01-01,2025,Sales,Sales Representative,3,28,21,4,208,False,3,4,3,20000000,1,0,True,0,0.09308140751197291,9.31,0,0.16908819344089202,Thấp,1,0,3160,28.71,Random Forest,RF_2025_V1
3820,2025-01-01,2025,Human Resources,HR Manager,1,44,3,2,201,False,3,2,3,8080000,1,1,False,0,0.11574349538997666,11.57,0,0.16908819344089202,Trung bình,2,0,2573,41.95,Random Forest,RF_2025_V1
3822,2025-01-01,2025,Marketing,Digital Marketing Specialist,3,29,37,2,189,False,5,1,4,31511000,9,2,False,0,0.10873160992813649,10.87,0,0.16908819344089202,Trung bình,2,0,2786,37.15,Random Forest,RF_2025_V1
3826,2025-01-01,2025,Sales,Sales Supervisor,2,26,22,5,228,True,2,1,3,21757000,3,3,False,0,0.2605044130551061,26.05,1,0.16908819344089202,Cao,3,1,574,87.07,Random Forest,RF_2025_V1
3827,2025-01-01,2025,Information Technology,QA Engineer,1,26,9,7,231,True,5,2,2,16480000,5,5,False,0,0.4498684495351903,44.99,1,0.16908819344089202,Cao,3,1,12,99.75,Random Forest,RF_2025_V1
3828,2025-01-01,2025,Information Technology,Data Analyst,4,44,22,2,182,False,3,1,2,38057000,10,1,False,0,0.1653751775067882,16.54,0,0.16908819344089202,Trung bình,2,0,1539,65.29,Random Forest,RF_2025_V1
3835,2025-01-01,2025,Human Resources,Recruiter,1,26,23,3,198,False,3,1,4,14306000,3,3,False,1,0.09765130479566678,9.77,0,0.16908819344089202,Thấp,1,0,3056,31.05,Random Forest,RF_2025_V1
3838,2025-01-01,2025,Marketing,Marketing Manager,3,43,35,3,206,False,2,3,4,29428000,6,6,False,0,0.07054141703441746,7.05,0,0.16908819344089202,Thấp,1,0,3981,10.18,Random Forest,RF_2025_V1
3840,2025-01-01,2025,Marketing,Marketing Executive,4,33,39,4,160,False,3,2,3,54268000,4,4,False,0,0.11670768517623344,11.67,0,0.16908819344089202,Trung bình,2,0,2542,42.65,Random Forest,RF_2025_V1
3843,2025-01-01,2025,Marketing,Marketing Manager,1,36,5,2,211,True,2,4,3,13345000,15,15,False,1,0.17471250084484352,17.47,1,0.16908819344089202,Cao,3,1,1411,68.18,Random Forest,RF_2025_V1
3845,2025-01-01,2025,Marketing,Content Specialist,2,26,27,1,176,False,2,3,4,18164000,3,3,False,0,0.0570355173237366,5.7,0,0.16908819344089202,Thấp,1,0,4364,1.53,Random Forest,RF_2025_V1
3846,2025-01-01,2025,Operations,Warehouse Supervisor,3,27,4,1,181,False,3,3,3,35711000,2,2,False,0,0.07420820172311628,7.42,0,0.16908819344089202,Thấp,1,0,3852,13.09,Random Forest,RF_2025_V1
3851,2025-01-01,2025,Finance,Internal Auditor,2,36,35,3,163,True,3,4,3,26207000,5,5,False,0,0.17436348655083164,17.44,1,0.16908819344089202,Cao,3,1,1419,68.0,Random Forest,RF_2025_V1
3854,2025-01-01,2025,Sales,Sales Executive,2,33,25,4,212,True,4,3,3,19504000,2,2,False,0,0.11473566142132646,11.47,0,0.16908819344089202,Trung bình,2,0,2600,41.35,Random Forest,RF_2025_V1
3858,2025-01-01,2025,Information Technology,IT Support,1,38,19,4,187,False,3,1,2,9778000,2,2,False,0,0.1355622483625216,13.56,0,0.16908819344089202,Trung bình,2,0,2096,52.72,Random Forest,RF_2025_V1
3862,2025-01-01,2025,Finance,Financial Analyst,4,51,22,7,228,True,4,4,3,35000000,2,0,True,1,0.23503083106992975,23.5,1,0.16908819344089202,Cao,3,1,778,82.46,Random Forest,RF_2025_V1
3867,2025-01-01,2025,Human Resources,HR Manager,1,31,24,2,197,True,2,1,3,12778000,5,5,False,0,0.2449313293983234,24.49,1,0.16908819344089202,Cao,3,1,701,84.2,Random Forest,RF_2025_V1
3868,2025-01-01,2025,Sales,Sales Representative,3,51,33,4,188,False,3,3,4,21245000,3,1,False,0,0.06196968539651901,6.2,0,0.16908819344089202,Thấp,1,0,4249,4.13,Random Forest,RF_2025_V1
3869,2025-01-01,2025,Operations,Procurement Specialist,3,42,31,4,167,False,3,3,4,29614000,2,2,False,0,0.06468911502179006,6.47,0,0.16908819344089202,Thấp,1,0,4159,6.16,Random Forest,RF_2025_V1
3871,2025-01-01,2025,Information Technology,QA Engineer,1,37,12,3,252,True,3,4,4,13370000,5,5,False,0,0.24879006641468485,24.88,1,0.16908819344089202,Cao,3,1,666,84.99,Random Forest,RF_2025_V1
3884,2025-01-01,2025,Finance,Financial Analyst,2,49,3,5,245,True,3,4,4,14014000,1,1,False,0,0.23256947702843547,23.26,1,0.16908819344089202,Cao,3,1,805,81.86,Random Forest,RF_2025_V1
3887,2025-01-01,2025,Finance,Internal Auditor,1,52,22,3,184,False,5,4,1,13905000,3,3,False,0,0.08253141217740702,8.25,0,0.16908819344089202,Thấp,1,0,3508,20.85,Random Forest,RF_2025_V1
3890,2025-01-01,2025,Marketing,Content Specialist,3,40,35,2,176,True,3,4,2,20000000,8,0,True,1,0.18232869201576643,18.23,1,0.16908819344089202,Cao,3,1,1309,70.48,Random Forest,RF_2025_V1
3891,2025-01-01,2025,Sales,Sales Representative,1,40,6,7,232,True,4,1,1,11497000,13,13,False,1,0.4859822976361827,48.6,1,0.16908819344089202,Cao,3,1,4,99.93,Random Forest,RF_2025_V1
3893,2025-01-01,2025,Operations,Operations Executive,2,45,16,7,254,True,3,1,4,18825000,12,3,False,0,0.38564956588952126,38.56,1,0.16908819344089202,Cao,3,1,78,98.26,Random Forest,RF_2025_V1
3895,2025-01-01,2025,Operations,Operations Manager,2,43,23,2,219,False,2,3,1,23999000,14,14,False,0,0.19112630412997617,19.11,1,0.16908819344089202,Cao,3,1,1217,72.56,Random Forest,RF_2025_V1
3897,2025-01-01,2025,Operations,Procurement Specialist,2,39,1,3,234,True,4,2,3,15760000,4,4,False,1,0.3909123525983295,39.09,1,0.16908819344089202,Cao,3,1,70,98.44,Random Forest,RF_2025_V1
3901,2025-01-01,2025,Finance,Financial Analyst,2,47,1,4,188,False,3,4,4,17374000,10,3,False,0,0.07451435926265662,7.45,0,0.16908819344089202,Thấp,1,0,3839,13.38,Random Forest,RF_2025_V1
3902,2025-01-01,2025,Finance,Financial Analyst,3,42,37,5,234,False,3,3,3,33368000,1,1,False,0,0.15130562746706977,15.13,0,0.16908819344089202,Trung bình,2,0,1763,60.23,Random Forest,RF_2025_V1
3904,2025-01-01,2025,Finance,Finance Manager,1,36,24,2,195,True,3,2,1,16175000,8,8,False,1,0.32048240717622656,32.05,1,0.16908819344089202,Cao,3,1,249,94.4,Random Forest,RF_2025_V1
3905,2025-01-01,2025,Information Technology,QA Engineer,3,33,39,7,204,False,3,4,4,51076000,12,12,False,0,0.0905010654239776,9.05,0,0.16908819344089202,Thấp,1,0,3252,26.63,Random Forest,RF_2025_V1
3910,2025-01-01,2025,Information Technology,QA Engineer,4,27,2,3,187,False,3,4,3,35000000,6,0,True,0,0.06494877396967842,6.49,0,0.16908819344089202,Thấp,1,0,4150,6.36,Random Forest,RF_2025_V1
3911,2025-01-01,2025,Information Technology,QA Engineer,2,52,1,1,187,False,4,3,2,13129000,2,1,False,0,0.09970387053211006,9.97,0,0.16908819344089202,Thấp,1,0,3008,32.14,Random Forest,RF_2025_V1
3912,2025-01-01,2025,Sales,Sales Supervisor,2,31,40,1,202,True,4,4,4,17169000,8,5,False,0,0.17101318319944242,17.1,1,0.16908819344089202,Cao,3,1,1464,66.98,Random Forest,RF_2025_V1
3915,2025-01-01,2025,Finance,Internal Auditor,4,43,39,4,261,True,2,2,3,47251000,7,4,False,0,0.3692120348207842,36.92,1,0.16908819344089202,Cao,3,1,108,97.59,Random Forest,RF_2025_V1
3916,2025-01-01,2025,Marketing,Marketing Executive,2,32,1,4,258,True,3,3,4,20235000,5,5,False,0,0.23033431067869767,23.03,1,0.16908819344089202,Cao,3,1,827,81.36,Random Forest,RF_2025_V1
3919,2025-01-01,2025,Marketing,Marketing Manager,2,40,8,4,179,False,3,4,3,31155000,15,15,False,0,0.09153264620148512,9.15,0,0.16908819344089202,Thấp,1,0,3210,27.58,Random Forest,RF_2025_V1
3921,2025-01-01,2025,Human Resources,HR Executive,5,50,7,4,206,True,4,2,2,64065000,2,1,False,0,0.26120199027130686,26.12,1,0.16908819344089202,Cao,3,1,570,87.16,Random Forest,RF_2025_V1
3922,2025-01-01,2025,Marketing,Content Specialist,2,37,2,2,190,False,2,3,1,17173000,13,6,False,0,0.10936901515146921,10.94,0,0.16908819344089202,Trung bình,2,0,2767,37.58,Random Forest,RF_2025_V1
3929,2025-01-01,2025,Operations,Warehouse Supervisor,2,50,12,6,237,True,3,1,4,15135000,5,4,False,1,0.43545062232674697,43.55,1,0.16908819344089202,Cao,3,1,18,99.62,Random Forest,RF_2025_V1
3930,2025-01-01,2025,Operations,Warehouse Supervisor,1,42,19,3,197,True,5,2,2,12018000,10,10,False,1,0.32317820994786556,32.32,1,0.16908819344089202,Cao,3,1,240,94.61,Random Forest,RF_2025_V1
3932,2025-01-01,2025,Sales,Sales Representative,2,55,18,2,206,True,4,4,4,20119000,1,1,False,0,0.1155125755074842,11.55,0,0.16908819344089202,Trung bình,2,0,2581,41.77,Random Forest,RF_2025_V1
3933,2025-01-01,2025,Operations,Procurement Specialist,4,30,8,3,200,False,4,4,3,65835000,10,4,False,0,0.06724767647514823,6.72,0,0.16908819344089202,Thấp,1,0,4083,7.88,Random Forest,RF_2025_V1
3937,2025-01-01,2025,Marketing,Marketing Manager,3,47,35,1,186,False,3,4,3,24704000,8,4,False,0,0.0623257367945489,6.23,0,0.16908819344089202,Thấp,1,0,4233,4.49,Random Forest,RF_2025_V1
3939,2025-01-01,2025,Finance,Finance Manager,2,55,36,3,219,True,3,4,3,21259000,7,3,False,0,0.15442208673059987,15.44,0,0.16908819344089202,Trung bình,2,0,1707,61.5,Random Forest,RF_2025_V1
3940,2025-01-01,2025,Sales,Sales Supervisor,1,43,2,3,202,False,4,2,2,12272000,4,4,False,0,0.19268982575396082,19.27,1,0.16908819344089202,Cao,3,1,1200,72.94,Random Forest,RF_2025_V1
3941,2025-01-01,2025,Operations,Operations Manager,3,42,29,5,227,True,4,3,4,33252000,2,2,False,1,0.22424134179657793,22.42,1,0.16908819344089202,Cao,3,1,875,80.28,Random Forest,RF_2025_V1
3943,2025-01-01,2025,Human Resources,Recruiter,2,53,6,1,171,False,4,2,2,23231000,2,2,False,1,0.15532545839666412,15.53,0,0.16908819344089202,Trung bình,2,0,1694,61.79,Random Forest,RF_2025_V1
3950,2025-01-01,2025,Information Technology,QA Engineer,1,26,7,4,180,False,3,2,3,8350000,1,1,False,0,0.13923106290834036,13.92,0,0.16908819344089202,Trung bình,2,0,2001,54.86,Random Forest,RF_2025_V1
3952,2025-01-01,2025,Operations,Warehouse Supervisor,1,32,10,7,221,False,3,3,2,14858000,3,3,False,0,0.16513061823492425,16.51,0,0.16908819344089202,Trung bình,2,0,1541,65.24,Random Forest,RF_2025_V1
3954,2025-01-01,2025,Human Resources,HR Manager,1,48,24,4,208,False,4,3,3,11409000,14,14,False,0,0.11207072530024102,11.21,0,0.16908819344089202,Trung bình,2,0,2687,39.38,Random Forest,RF_2025_V1
3955,2025-01-01,2025,Finance,Financial Analyst,4,43,2,6,205,False,4,2,3,47116000,2,0,True,0,0.16277968660455136,16.28,0,0.16908819344089202,Trung bình,2,0,1575,64.48,Random Forest,RF_2025_V1
3956,2025-01-01,2025,Operations,Warehouse Supervisor,3,32,9,7,244,False,3,1,2,42370000,7,7,False,1,0.31838270593128526,31.84,1,0.16908819344089202,Cao,3,1,258,94.2,Random Forest,RF_2025_V1
3962,2025-01-01,2025,Operations,Operations Manager,3,35,18,2,202,True,4,1,4,34450000,4,4,False,0,0.24878960396136132,24.88,1,0.16908819344089202,Cao,3,1,667,84.97,Random Forest,RF_2025_V1
3963,2025-01-01,2025,Sales,Sales Supervisor,4,37,25,5,198,False,2,3,4,61235000,6,5,False,0,0.07770933433703284,7.77,0,0.16908819344089202,Thấp,1,0,3723,16.0,Random Forest,RF_2025_V1
3964,2025-01-01,2025,Human Resources,Recruiter,1,43,22,8,243,True,3,3,3,8893000,2,2,False,0,0.28214525544171515,28.21,1,0.16908819344089202,Cao,3,1,415,90.66,Random Forest,RF_2025_V1
3965,2025-01-01,2025,Marketing,Marketing Manager,2,28,23,2,190,False,5,4,3,20577000,3,3,False,0,0.05691228706767599,5.69,0,0.16908819344089202,Thấp,1,0,4365,1.51,Random Forest,RF_2025_V1
3966,2025-01-01,2025,Operations,Operations Manager,4,34,32,1,201,False,4,3,3,37197000,5,1,False,0,0.07584537591343446,7.58,0,0.16908819344089202,Thấp,1,0,3788,14.53,Random Forest,RF_2025_V1
3967,2025-01-01,2025,Operations,Operations Executive,1,35,23,8,213,True,3,1,3,8254000,2,2,False,0,0.2639028504763418,26.39,1,0.16908819344089202,Cao,3,1,547,87.68,Random Forest,RF_2025_V1
3968,2025-01-01,2025,Information Technology,IT Support,3,47,24,2,205,False,3,2,3,36220000,15,15,False,0,0.15315951441777392,15.32,0,0.16908819344089202,Trung bình,2,0,1732,60.93,Random Forest,RF_2025_V1
3971,2025-01-01,2025,Operations,Operations Executive,5,43,38,5,202,False,4,4,4,68354000,13,0,True,0,0.07872618937946234,7.87,0,0.16908819344089202,Thấp,1,0,3680,16.97,Random Forest,RF_2025_V1
3979,2025-01-01,2025,Operations,Operations Executive,2,26,28,3,204,False,3,4,3,17859000,5,5,False,1,0.09858997126013289,9.86,0,0.16908819344089202,Thấp,1,0,3038,31.46,Random Forest,RF_2025_V1
3984,2025-01-01,2025,Information Technology,Software Engineer,1,29,34,2,190,False,5,4,4,11942000,1,1,False,0,0.08306963465473549,8.31,0,0.16908819344089202,Thấp,1,0,3485,21.37,Random Forest,RF_2025_V1
3985,2025-01-01,2025,Sales,Account Manager,2,27,1,5,188,True,3,1,3,21720000,5,5,False,0,0.2575525590228126,25.76,1,0.16908819344089202,Cao,3,1,595,86.59,Random Forest,RF_2025_V1
3986,2025-01-01,2025,Marketing,Marketing Executive,4,26,23,3,192,False,4,2,4,44176000,6,0,True,0,0.12202670599762042,12.2,0,0.16908819344089202,Trung bình,2,0,2406,45.72,Random Forest,RF_2025_V1
3990,2025-01-01,2025,Finance,Finance Manager,2,27,10,1,196,False,3,1,4,20740000,1,1,False,1,0.11467062278218855,11.47,0,0.16908819344089202,Trung bình,2,0,2603,41.28,Random Forest,RF_2025_V1
3995,2025-01-01,2025,Sales,Sales Representative,1,49,25,1,182,False,3,4,1,10322000,5,5,False,0,0.10950378426874084,10.95,0,0.16908819344089202,Trung bình,2,0,2764,37.64,Random Forest,RF_2025_V1
3997,2025-01-01,2025,Human Resources,C&B Specialist,1,41,5,4,191,False,4,4,4,17031000,7,7,False,0,0.07854137338470753,7.85,0,0.16908819344089202,Thấp,1,0,3684,16.88,Random Forest,RF_2025_V1
3998,2025-01-01,2025,Marketing,Content Specialist,2,30,20,3,191,False,4,4,4,16473000,4,4,False,0,0.07183229211482695,7.18,0,0.16908819344089202,Thấp,1,0,3938,11.15,Random Forest,RF_2025_V1
3999,2025-01-01,2025,Operations,Procurement Specialist,1,55,4,4,152,False,4,4,1,8911000,1,1,False,0,0.1119294170553395,11.19,0,0.16908819344089202,Trung bình,2,0,2690,39.31,Random Forest,RF_2025_V1
4000,2025-01-01,2025,Information Technology,System Administrator,3,34,2,2,191,False,2,4,2,36907000,2,2,False,0,0.08516949871529711,8.52,0,0.16908819344089202,Thấp,1,0,3418,22.88,Random Forest,RF_2025_V1
4009,2025-01-01,2025,Sales,Account Manager,1,47,6,4,214,True,3,4,3,11659000,2,2,False,0,0.12303231744461773,12.3,0,0.16908819344089202,Trung bình,2,0,2386,46.17,Random Forest,RF_2025_V1
4011,2025-01-01,2025,Operations,Operations Executive,1,54,20,4,209,False,3,4,2,19881000,6,6,False,0,0.12308778760522787,12.31,0,0.16908819344089202,Trung bình,2,0,2383,46.24,Random Forest,RF_2025_V1
4013,2025-01-01,2025,Information Technology,System Administrator,3,31,7,6,205,False,4,3,4,29905000,8,0,True,0,0.09310887906656964,9.31,0,0.16908819344089202,Thấp,1,0,3159,28.73,Random Forest,RF_2025_V1
4016,2025-01-01,2025,Information Technology,Data Analyst,1,26,35,4,188,False,3,4,2,13697000,3,3,False,0,0.08635210972109866,8.64,0,0.16908819344089202,Thấp,1,0,3377,23.81,Random Forest,RF_2025_V1
4019,2025-01-01,2025,Operations,Warehouse Supervisor,3,38,2,4,250,True,5,4,4,22418000,12,2,False,0,0.22433849486495694,22.43,1,0.16908819344089202,Cao,3,1,874,80.3,Random Forest,RF_2025_V1
4022,2025-01-01,2025,Marketing,Marketing Executive,1,38,23,4,176,False,3,1,1,16399000,5,5,False,1,0.1867675038265804,18.68,1,0.16908819344089202,Cao,3,1,1257,71.65,Random Forest,RF_2025_V1
4024,2025-01-01,2025,Marketing,Marketing Manager,2,37,1,3,181,False,3,2,2,16899000,1,1,False,0,0.15081315803638107,15.08,0,0.16908819344089202,Trung bình,2,0,1770,60.08,Random Forest,RF_2025_V1
4026,2025-01-01,2025,Human Resources,C&B Specialist,2,29,2,3,184,False,2,2,2,18124000,5,5,False,0,0.17464496250129444,17.46,1,0.16908819344089202,Cao,3,1,1414,68.11,Random Forest,RF_2025_V1
4030,2025-01-01,2025,Marketing,Digital Marketing Specialist,5,41,4,5,195,False,5,3,3,89120000,14,1,False,0,0.09076247797581463,9.08,0,0.16908819344089202,Thấp,1,0,3240,26.9,Random Forest,RF_2025_V1
4037,2025-01-01,2025,Sales,Sales Supervisor,3,29,27,3,174,False,3,4,3,38626000,3,3,False,0,0.05725922248658775,5.73,0,0.16908819344089202,Thấp,1,0,4359,1.65,Random Forest,RF_2025_V1
4042,2025-01-01,2025,Operations,Warehouse Supervisor,2,26,33,3,190,False,3,4,3,19962000,5,5,False,0,0.0851804588943337,8.52,0,0.16908819344089202,Thấp,1,0,3417,22.91,Random Forest,RF_2025_V1
4045,2025-01-01,2025,Human Resources,C&B Specialist,2,42,34,5,250,True,3,2,3,20958000,8,8,False,0,0.38222479142974985,38.22,1,0.16908819344089202,Cao,3,1,84,98.13,Random Forest,RF_2025_V1
4046,2025-01-01,2025,Sales,Sales Representative,2,41,36,3,180,False,4,4,4,26745000,12,12,False,0,0.07872994295198427,7.87,0,0.16908819344089202,Thấp,1,0,3679,16.99,Random Forest,RF_2025_V1
4048,2025-01-01,2025,Finance,Accountant,1,34,34,3,222,True,4,4,1,14921000,5,5,False,0,0.3122503652943331,31.23,1,0.16908819344089202,Cao,3,1,288,93.52,Random Forest,RF_2025_V1
4054,2025-01-01,2025,Information Technology,Software Engineer,1,25,13,3,209,True,3,2,2,11603000,3,3,False,1,0.284439226929265,28.44,1,0.16908819344089202,Cao,3,1,401,90.97,Random Forest,RF_2025_V1
4058,2025-01-01,2025,Finance,Financial Analyst,1,42,23,3,207,True,3,2,4,18122000,15,15,False,0,0.27208467910338463,27.21,1,0.16908819344089202,Cao,3,1,483,89.12,Random Forest,RF_2025_V1
4061,2025-01-01,2025,Finance,Internal Auditor,4,41,3,3,207,False,3,4,3,52870000,14,5,False,0,0.10046869990029414,10.05,0,0.16908819344089202,Trung bình,2,0,2984,32.68,Random Forest,RF_2025_V1
4062,2025-01-01,2025,Marketing,Marketing Executive,1,43,32,3,168,False,4,4,2,15153000,4,4,False,0,0.10734938409578987,10.73,0,0.16908819344089202,Trung bình,2,0,2833,36.09,Random Forest,RF_2025_V1
4063,2025-01-01,2025,Information Technology,Data Analyst,3,29,24,4,187,False,3,1,4,33744000,2,2,False,0,0.09816466363750924,9.82,0,0.16908819344089202,Thấp,1,0,3045,31.3,Random Forest,RF_2025_V1
4065,2025-01-01,2025,Human Resources,C&B Specialist,1,43,22,3,215,False,5,3,4,15387000,6,6,False,0,0.08407282560258982,8.41,0,0.16908819344089202,Thấp,1,0,3458,21.98,Random Forest,RF_2025_V1
4067,2025-01-01,2025,Human Resources,Recruiter,4,54,26,3,195,False,3,3,4,50666000,11,1,False,0,0.07057514638915773,7.06,0,0.16908819344089202,Thấp,1,0,3979,10.22,Random Forest,RF_2025_V1
4068,2025-01-01,2025,Human Resources,C&B Specialist,3,31,22,5,209,True,3,3,2,34157000,10,10,False,0,0.22852695908249146,22.85,1,0.16908819344089202,Cao,3,1,838,81.11,Random Forest,RF_2025_V1
4070,2025-01-01,2025,Human Resources,HR Executive,2,40,4,7,178,False,4,4,2,15373000,1,1,False,1,0.11224850956745996,11.22,0,0.16908819344089202,Trung bình,2,0,2680,39.54,Random Forest,RF_2025_V1
4071,2025-01-01,2025,Finance,Financial Analyst,1,25,9,2,174,False,3,1,4,12211000,3,3,False,0,0.09396409555922461,9.4,0,0.16908819344089202,Thấp,1,0,3137,29.23,Random Forest,RF_2025_V1
4072,2025-01-01,2025,Information Technology,Data Analyst,2,37,11,2,176,False,3,4,4,15015000,2,0,True,0,0.061617878409324,6.16,0,0.16908819344089202,Thấp,1,0,4252,4.06,Random Forest,RF_2025_V1
4074,2025-01-01,2025,Operations,Operations Manager,2,26,29,2,200,False,5,4,3,23788000,4,4,False,0,0.09945193849421582,9.95,0,0.16908819344089202,Thấp,1,0,3016,31.96,Random Forest,RF_2025_V1
4075,2025-01-01,2025,Marketing,Content Specialist,2,34,11,3,194,False,3,4,1,17619000,6,6,False,0,0.10346977550978993,10.35,0,0.16908819344089202,Trung bình,2,0,2911,34.33,Random Forest,RF_2025_V1
4077,2025-01-01,2025,Marketing,Marketing Manager,1,33,40,6,222,True,2,2,4,11162000,1,1,False,0,0.3148497051763391,31.48,1,0.16908819344089202,Cao,3,1,274,93.84,Random Forest,RF_2025_V1
4078,2025-01-01,2025,Human Resources,HR Manager,1,36,35,6,189,False,4,4,4,11392000,2,2,False,0,0.06578724406883248,6.58,0,0.16908819344089202,Thấp,1,0,4124,6.95,Random Forest,RF_2025_V1
4079,2025-01-01,2025,Information Technology,IT Support,1,25,14,7,199,False,5,4,3,8048000,2,2,False,0,0.08118173917781327,8.12,0,0.16908819344089202,Thấp,1,0,3565,19.57,Random Forest,RF_2025_V1
4080,2025-01-01,2025,Operations,Procurement Specialist,1,36,23,3,187,False,4,3,4,15792000,4,4,False,0,0.090428409024513,9.04,0,0.16908819344089202,Thấp,1,0,3254,26.59,Random Forest,RF_2025_V1
4081,2025-01-01,2025,Sales,Sales Representative,1,41,2,3,227,True,2,2,4,14229000,4,4,False,1,0.341890840685785,34.19,1,0.16908819344089202,Cao,3,1,180,95.96,Random Forest,RF_2025_V1
4082,2025-01-01,2025,Human Resources,Recruiter,1,39,34,1,183,True,4,4,1,12162000,14,14,False,0,0.2208278089388246,22.08,1,0.16908819344089202,Cao,3,1,905,79.6,Random Forest,RF_2025_V1
4083,2025-01-01,2025,Sales,Sales Supervisor,1,52,40,4,193,False,3,3,2,10978000,1,1,False,0,0.09106622093227697,9.11,0,0.16908819344089202,Thấp,1,0,3229,27.15,Random Forest,RF_2025_V1
4084,2025-01-01,2025,Marketing,Content Specialist,2,40,29,2,203,True,4,3,3,28084000,8,8,False,0,0.1423058410838925,14.23,0,0.16908819344089202,Trung bình,2,0,1929,56.49,Random Forest,RF_2025_V1
4086,2025-01-01,2025,Finance,Finance Manager,2,38,20,5,181,False,2,1,4,15808000,10,5,False,0,0.13414169830687353,13.41,0,0.16908819344089202,Trung bình,2,0,2130,51.95,Random Forest,RF_2025_V1
4088,2025-01-01,2025,Human Resources,Recruiter,3,25,32,6,234,False,4,2,3,26296000,1,1,False,1,0.23217413668511985,23.22,1,0.16908819344089202,Cao,3,1,810,81.74,Random Forest,RF_2025_V1
4090,2025-01-01,2025,Human Resources,C&B Specialist,2,46,6,2,235,True,3,3,3,20116000,13,1,False,0,0.20766473579203398,20.77,1,0.16908819344089202,Cao,3,1,1061,76.08,Random Forest,RF_2025_V1
4094,2025-01-01,2025,Marketing,Marketing Manager,1,28,31,2,167,False,4,3,4,9458000,4,4,False,0,0.07072800699799972,7.07,0,0.16908819344089202,Thấp,1,0,3975,10.31,Random Forest,RF_2025_V1
4095,2025-01-01,2025,Sales,Account Manager,3,44,27,3,237,True,3,4,4,35619000,3,3,False,0,0.1938693088709106,19.39,1,0.16908819344089202,Cao,3,1,1192,73.12,Random Forest,RF_2025_V1
4097,2025-01-01,2025,Information Technology,Data Analyst,3,48,4,3,184,False,4,3,4,29218000,9,3,False,0,0.06883241587711533,6.88,0,0.16908819344089202,Thấp,1,0,4034,8.98,Random Forest,RF_2025_V1
4098,2025-01-01,2025,Sales,Sales Representative,3,47,33,3,160,False,4,2,3,42461000,8,8,False,0,0.12927160479511476,12.93,0,0.16908819344089202,Trung bình,2,0,2263,48.95,Random Forest,RF_2025_V1
4099,2025-01-01,2025,Sales,Sales Supervisor,5,51,17,3,180,False,5,2,3,66665000,8,0,True,0,0.1275993936195836,12.76,0,0.16908819344089202,Trung bình,2,0,2286,48.43,Random Forest,RF_2025_V1
4101,2025-01-01,2025,Sales,Sales Representative,1,26,37,3,201,True,3,4,4,11655000,1,1,False,0,0.14330355401668893,14.33,0,0.16908819344089202,Trung bình,2,0,1905,57.03,Random Forest,RF_2025_V1
4102,2025-01-01,2025,Finance,Accountant,1,35,31,1,178,False,4,1,2,19107000,8,8,False,0,0.17426446798732712,17.43,1,0.16908819344089202,Cao,3,1,1421,67.95,Random Forest,RF_2025_V1
4103,2025-01-01,2025,Marketing,Digital Marketing Specialist,3,47,39,3,227,True,4,4,1,27999000,2,2,False,0,0.24875117124084387,24.88,1,0.16908819344089202,Cao,3,1,668,84.95,Random Forest,RF_2025_V1
4104,2025-01-01,2025,Marketing,Marketing Executive,1,51,39,1,191,True,3,3,2,12608000,1,1,False,0,0.1501260571992231,15.01,0,0.16908819344089202,Trung bình,2,0,1787,59.69,Random Forest,RF_2025_V1
4106,2025-01-01,2025,Information Technology,QA Engineer,2,27,33,2,176,False,4,2,3,15289000,1,0,True,0,0.15081308572298674,15.08,0,0.16908819344089202,Trung bình,2,0,1771,60.05,Random Forest,RF_2025_V1
4107,2025-01-01,2025,Sales,Sales Supervisor,3,47,31,1,156,False,4,4,1,27845000,4,2,False,0,0.09138285562039127,9.14,0,0.16908819344089202,Thấp,1,0,3217,27.42,Random Forest,RF_2025_V1
4108,2025-01-01,2025,Information Technology,Software Engineer,1,34,4,3,155,False,3,2,4,15304000,4,4,False,0,0.13729097323463105,13.73,0,0.16908819344089202,Trung bình,2,0,2052,53.71,Random Forest,RF_2025_V1
4113,2025-01-01,2025,Human Resources,HR Executive,3,29,4,4,235,True,3,2,3,21785000,2,1,False,0,0.2966893114175526,29.67,1,0.16908819344089202,Cao,3,1,346,92.21,Random Forest,RF_2025_V1
4120,2025-01-01,2025,Operations,Procurement Specialist,1,41,22,2,202,True,4,4,2,8520000,1,1,False,1,0.17878219650971294,17.88,1,0.16908819344089202,Cao,3,1,1351,69.53,Random Forest,RF_2025_V1
4121,2025-01-01,2025,Marketing,Marketing Executive,2,40,39,4,175,False,4,2,2,20041000,2,2,False,1,0.1214190157507871,12.14,0,0.16908819344089202,Trung bình,2,0,2430,45.18,Random Forest,RF_2025_V1
4126,2025-01-01,2025,Human Resources,C&B Specialist,3,42,23,6,186,False,5,3,4,23719000,4,2,False,0,0.07426861654276766,7.43,0,0.16908819344089202,Thấp,1,0,3850,13.13,Random Forest,RF_2025_V1
4128,2025-01-01,2025,Marketing,Content Specialist,2,30,4,2,169,False,4,4,4,12800000,5,1,False,0,0.05726037216769186,5.73,0,0.16908819344089202,Thấp,1,0,4358,1.67,Random Forest,RF_2025_V1
4130,2025-01-01,2025,Operations,Procurement Specialist,3,28,37,4,223,True,4,4,4,43554000,6,6,False,1,0.27062873456787606,27.06,1,0.16908819344089202,Cao,3,1,492,88.92,Random Forest,RF_2025_V1
4131,2025-01-01,2025,Human Resources,HR Manager,3,42,20,3,216,True,4,1,4,31463000,1,1,False,0,0.2165711054897621,21.66,1,0.16908819344089202,Cao,3,1,956,78.45,Random Forest,RF_2025_V1
4132,2025-01-01,2025,Human Resources,HR Executive,2,45,32,2,209,True,4,3,2,15299000,14,0,True,0,0.17561924416099053,17.56,1,0.16908819344089202,Cao,3,1,1402,68.38,Random Forest,RF_2025_V1
4134,2025-01-01,2025,Finance,Financial Analyst,3,45,12,7,218,False,2,1,4,27338000,13,4,False,0,0.20334446784922555,20.33,1,0.16908819344089202,Cao,3,1,1106,75.06,Random Forest,RF_2025_V1
4138,2025-01-01,2025,Finance,Accountant,4,31,36,3,150,False,2,1,1,63457000,7,7,False,0,0.1766331458969207,17.66,1,0.16908819344089202,Cao,3,1,1384,68.79,Random Forest,RF_2025_V1
4142,2025-01-01,2025,Operations,Operations Manager,3,46,20,3,188,True,4,2,4,57248000,13,13,False,1,0.26507433947526343,26.51,1,0.16908819344089202,Cao,3,1,534,87.97,Random Forest,RF_2025_V1
4147,2025-01-01,2025,Marketing,Digital Marketing Specialist,4,55,1,3,187,False,2,2,4,64408000,9,9,False,0,0.137570643294607,13.76,0,0.16908819344089202,Trung bình,2,0,2043,53.92,Random Forest,RF_2025_V1
4153,2025-01-01,2025,Human Resources,HR Executive,1,25,29,8,216,False,4,3,4,9202000,2,2,False,0,0.08164472011735108,8.16,0,0.16908819344089202,Thấp,1,0,3542,20.09,Random Forest,RF_2025_V1
4154,2025-01-01,2025,Marketing,Marketing Executive,1,31,37,3,178,False,3,4,3,10600000,6,6,False,0,0.06591486302343588,6.59,0,0.16908819344089202,Thấp,1,0,4116,7.13,Random Forest,RF_2025_V1
4156,2025-01-01,2025,Marketing,Marketing Manager,3,51,7,4,198,True,4,3,2,24545000,3,1,False,0,0.16636685396737755,16.64,0,0.16908819344089202,Trung bình,2,0,1530,65.49,Random Forest,RF_2025_V1
4157,2025-01-01,2025,Information Technology,IT Support,3,49,14,4,234,True,4,1,4,35452000,13,13,False,1,0.38053505375831986,38.05,1,0.16908819344089202,Cao,3,1,87,98.06,Random Forest,RF_2025_V1
4158,2025-01-01,2025,Finance,Accountant,2,35,5,5,226,True,3,3,4,17713000,1,1,False,0,0.23067351433720618,23.07,1,0.16908819344089202,Cao,3,1,823,81.45,Random Forest,RF_2025_V1
4163,2025-01-01,2025,Information Technology,System Administrator,3,28,37,4,209,True,4,4,2,32372000,5,1,False,1,0.1639359197833575,16.39,0,0.16908819344089202,Trung bình,2,0,1562,64.77,Random Forest,RF_2025_V1
4165,2025-01-01,2025,Marketing,Digital Marketing Specialist,2,26,23,4,204,False,2,2,4,21147000,5,5,False,0,0.1393765681609623,13.94,0,0.16908819344089202,Trung bình,2,0,1997,54.95,Random Forest,RF_2025_V1
4166,2025-01-01,2025,Finance,Internal Auditor,1,29,10,4,229,False,4,2,3,11953000,1,1,False,0,0.19498998341560855,19.5,1,0.16908819344089202,Cao,3,1,1181,73.37,Random Forest,RF_2025_V1
4167,2025-01-01,2025,Operations,Warehouse Supervisor,1,31,5,2,240,True,4,3,3,10644000,2,2,False,0,0.22810637929715966,22.81,1,0.16908819344089202,Cao,3,1,842,81.02,Random Forest,RF_2025_V1
4170,2025-01-01,2025,Information Technology,Data Analyst,2,53,7,4,195,False,3,1,3,16256000,4,2,False,0,0.12026139085171546,12.03,0,0.16908819344089202,Trung bình,2,0,2465,44.39,Random Forest,RF_2025_V1
4171,2025-01-01,2025,Operations,Procurement Specialist,2,42,26,3,194,True,4,1,3,17045000,9,5,False,1,0.25352370235150173,25.35,1,0.16908819344089202,Cao,3,1,625,85.92,Random Forest,RF_2025_V1
4176,2025-01-01,2025,Sales,Sales Representative,1,30,23,8,241,False,2,4,2,8824000,2,2,False,0,0.21244017420224456,21.24,1,0.16908819344089202,Cao,3,1,1006,77.32,Random Forest,RF_2025_V1
4177,2025-01-01,2025,Operations,Operations Executive,2,43,30,7,247,True,3,4,4,14091000,5,1,False,0,0.2961152555322145,29.61,1,0.16908819344089202,Cao,3,1,347,92.19,Random Forest,RF_2025_V1
4180,2025-01-01,2025,Sales,Sales Executive,3,39,24,4,180,False,4,4,2,35306000,7,7,False,0,0.11094737056608124,11.09,0,0.16908819344089202,Trung bình,2,0,2727,38.48,Random Forest,RF_2025_V1
4181,2025-01-01,2025,Sales,Account Manager,2,49,29,3,197,True,2,3,3,26095000,7,7,False,0,0.1665295658901025,16.65,0,0.16908819344089202,Trung bình,2,0,1526,65.58,Random Forest,RF_2025_V1
4183,2025-01-01,2025,Information Technology,IT Support,4,45,7,4,186,False,3,2,3,64282000,3,3,False,0,0.11032384941544159,11.03,0,0.16908819344089202,Trung bình,2,0,2745,38.07,Random Forest,RF_2025_V1
4185,2025-01-01,2025,Operations,Operations Manager,3,51,13,2,175,False,4,3,3,33306000,1,1,False,0,0.08340744853310661,8.34,0,0.16908819344089202,Thấp,1,0,3476,21.58,Random Forest,RF_2025_V1
4186,2025-01-01,2025,Human Resources,HR Manager,1,27,37,3,169,False,4,4,4,17407000,7,7,False,0,0.07885902356844017,7.89,0,0.16908819344089202,Thấp,1,0,3672,17.15,Random Forest,RF_2025_V1
4189,2025-01-01,2025,Marketing,Marketing Manager,3,47,25,4,212,True,4,1,2,25789000,4,1,False,1,0.2654460535733992,26.54,1,0.16908819344089202,Cao,3,1,530,88.06,Random Forest,RF_2025_V1
4191,2025-01-01,2025,Marketing,Marketing Manager,1,41,17,8,253,True,4,1,3,10445000,3,3,False,1,0.34168744838709375,34.17,1,0.16908819344089202,Cao,3,1,182,95.92,Random Forest,RF_2025_V1
4192,2025-01-01,2025,Marketing,Content Specialist,2,34,40,3,186,False,2,4,4,27132000,11,11,False,0,0.06314340784685636,6.31,0,0.16908819344089202,Thấp,1,0,4210,5.01,Random Forest,RF_2025_V1
4194,2025-01-01,2025,Marketing,Marketing Executive,1,36,23,3,171,False,4,2,4,13535000,11,11,False,1,0.11655669644756979,11.66,0,0.16908819344089202,Trung bình,2,0,2548,42.52,Random Forest,RF_2025_V1
4197,2025-01-01,2025,Human Resources,Recruiter,3,25,25,5,195,True,3,4,3,39420000,4,4,False,0,0.15901585568149743,15.9,0,0.16908819344089202,Trung bình,2,0,1637,63.08,Random Forest,RF_2025_V1
4198,2025-01-01,2025,Operations,Procurement Specialist,4,40,26,5,229,True,3,2,1,46422000,4,4,False,1,0.45711070121972974,45.71,1,0.16908819344089202,Cao,3,1,11,99.77,Random Forest,RF_2025_V1
4199,2025-01-01,2025,Marketing,Marketing Manager,1,55,9,4,182,False,4,3,3,15856000,5,5,False,0,0.06983765440472121,6.98,0,0.16908819344089202,Thấp,1,0,4000,9.75,Random Forest,RF_2025_V1
4200,2025-01-01,2025,Finance,Financial Analyst,1,54,16,4,214,False,4,4,3,12061000,3,3,False,0,0.07957945986497247,7.96,0,0.16908819344089202,Thấp,1,0,3642,17.83,Random Forest,RF_2025_V1
4201,2025-01-01,2025,Operations,Operations Manager,1,28,7,4,186,False,4,4,3,15401000,4,4,False,0,0.09240963106104387,9.24,0,0.16908819344089202,Thấp,1,0,3182,28.21,Random Forest,RF_2025_V1
4207,2025-01-01,2025,Information Technology,Software Engineer,2,25,18,4,200,True,3,3,3,14682000,4,3,False,0,0.1323738714398808,13.24,0,0.16908819344089202,Trung bình,2,0,2184,50.73,Random Forest,RF_2025_V1
4208,2025-01-01,2025,Human Resources,C&B Specialist,2,31,11,1,200,True,4,1,1,16030000,3,0,True,0,0.27254339715101,27.25,1,0.16908819344089202,Cao,3,1,480,89.19,Random Forest,RF_2025_V1
4209,2025-01-01,2025,Sales,Sales Representative,2,29,4,1,198,False,3,3,4,17199000,1,1,False,0,0.08496970823322361,8.5,0,0.16908819344089202,Thấp,1,0,3425,22.73,Random Forest,RF_2025_V1
4211,2025-01-01,2025,Human Resources,Recruiter,2,29,32,3,177,False,2,2,4,12000000,2,0,True,0,0.10302086814844186,10.3,0,0.16908819344089202,Trung bình,2,0,2920,34.12,Random Forest,RF_2025_V1
4215,2025-01-01,2025,Information Technology,System Administrator,3,49,34,2,164,False,5,4,3,25001000,1,1,False,0,0.08301318132973685,8.3,0,0.16908819344089202,Thấp,1,0,3489,21.28,Random Forest,RF_2025_V1
4219,2025-01-01,2025,Human Resources,HR Manager,2,25,15,5,234,True,5,4,1,17387000,4,0,True,1,0.2695509124669774,26.96,1,0.16908819344089202,Cao,3,1,501,88.72,Random Forest,RF_2025_V1
4220,2025-01-01,2025,Information Technology,Software Engineer,3,51,9,2,143,False,3,3,2,31797000,1,1,False,0,0.11339624415230434,11.34,0,0.16908819344089202,Trung bình,2,0,2643,40.37,Random Forest,RF_2025_V1
4223,2025-01-01,2025,Sales,Sales Executive,4,38,3,6,219,True,3,4,2,81454000,6,6,False,1,0.3011336337498987,30.11,1,0.16908819344089202,Cao,3,1,326,92.67,Random Forest,RF_2025_V1
4225,2025-01-01,2025,Information Technology,Data Analyst,1,30,22,2,155,False,2,4,2,13709000,6,6,False,0,0.12297292238319632,12.3,0,0.16908819344089202,Trung bình,2,0,2390,46.08,Random Forest,RF_2025_V1
4226,2025-01-01,2025,Marketing,Digital Marketing Specialist,2,50,14,3,217,False,4,3,4,16550000,7,5,False,0,0.08884220265953227,8.88,0,0.16908819344089202,Thấp,1,0,3297,25.61,Random Forest,RF_2025_V1
4227,2025-01-01,2025,Human Resources,Recruiter,1,45,2,6,213,True,4,2,4,17212000,8,8,False,0,0.33558729883388455,33.56,1,0.16908819344089202,Cao,3,1,200,95.51,Random Forest,RF_2025_V1
4230,2025-01-01,2025,Finance,Financial Analyst,1,41,2,1,179,False,4,3,1,16124000,11,11,False,0,0.1195383917660624,11.95,0,0.16908819344089202,Trung bình,2,0,2485,43.94,Random Forest,RF_2025_V1
4231,2025-01-01,2025,Operations,Procurement Specialist,4,29,37,3,187,False,4,4,2,48467000,6,5,False,0,0.09220815557283607,9.22,0,0.16908819344089202,Thấp,1,0,3191,28.01,Random Forest,RF_2025_V1
4234,2025-01-01,2025,Information Technology,Data Analyst,1,39,30,1,188,False,3,2,2,8873000,3,3,False,0,0.1249053333607726,12.49,0,0.16908819344089202,Trung bình,2,0,2340,47.21,Random Forest,RF_2025_V1
4235,2025-01-01,2025,Sales,Sales Representative,3,25,11,6,245,False,3,2,4,25685000,3,2,False,0,0.18126993026643917,18.13,1,0.16908819344089202,Cao,3,1,1317,70.3,Random Forest,RF_2025_V1
4236,2025-01-01,2025,Marketing,Content Specialist,3,52,30,6,196,False,3,3,2,43663000,5,5,False,0,0.11433922731618604,11.43,0,0.16908819344089202,Trung bình,2,0,2613,41.05,Random Forest,RF_2025_V1
4239,2025-01-01,2025,Operations,Warehouse Supervisor,4,27,15,2,176,True,3,2,4,53722000,2,2,False,0,0.20658249993308087,20.66,1,0.16908819344089202,Cao,3,1,1074,75.78,Random Forest,RF_2025_V1
4240,2025-01-01,2025,Operations,Operations Manager,2,50,16,3,183,False,3,3,3,27442000,13,13,False,0,0.09439099614685381,9.44,0,0.16908819344089202,Thấp,1,0,3124,29.52,Random Forest,RF_2025_V1
4243,2025-01-01,2025,Sales,Sales Representative,3,35,37,4,212,False,4,1,4,29028000,6,1,False,0,0.11261091648508248,11.26,0,0.16908819344089202,Trung bình,2,0,2670,39.77,Random Forest,RF_2025_V1
4245,2025-01-01,2025,Information Technology,System Administrator,1,35,5,3,178,False,3,1,4,11821000,4,4,False,0,0.1275989738690165,12.76,0,0.16908819344089202,Trung bình,2,0,2287,48.41,Random Forest,RF_2025_V1
4247,2025-01-01,2025,Human Resources,HR Executive,2,40,32,1,194,False,2,2,4,18665000,9,6,False,0,0.1386342671459185,13.86,0,0.16908819344089202,Trung bình,2,0,2019,54.46,Random Forest,RF_2025_V1
4249,2025-01-01,2025,Human Resources,Recruiter,2,50,37,6,235,True,3,3,3,16739000,8,4,False,0,0.3153409168144207,31.53,1,0.16908819344089202,Cao,3,1,271,93.91,Random Forest,RF_2025_V1
4250,2025-01-01,2025,Human Resources,Recruiter,2,51,31,1,158,False,4,2,3,14672000,1,1,False,0,0.13716582164952495,13.72,0,0.16908819344089202,Trung bình,2,0,2057,53.6,Random Forest,RF_2025_V1
4252,2025-01-01,2025,Marketing,Marketing Executive,3,41,30,2,194,True,4,3,1,30077000,9,3,False,0,0.17691838866694823,17.69,1,0.16908819344089202,Cao,3,1,1381,68.86,Random Forest,RF_2025_V1
4253,2025-01-01,2025,Human Resources,Recruiter,2,53,40,3,183,False,3,3,3,14405000,2,0,True,0,0.07062117010970549,7.06,0,0.16908819344089202,Thấp,1,0,3978,10.25,Random Forest,RF_2025_V1
4256,2025-01-01,2025,Marketing,Digital Marketing Specialist,2,42,9,5,180,False,4,2,2,23133000,4,4,False,1,0.1892312213473216,18.92,1,0.16908819344089202,Cao,3,1,1237,72.11,Random Forest,RF_2025_V1
4257,2025-01-01,2025,Marketing,Digital Marketing Specialist,2,25,39,6,228,False,4,1,1,21360000,3,3,False,0,0.21389041629752042,21.39,1,0.16908819344089202,Cao,3,1,987,77.75,Random Forest,RF_2025_V1
4258,2025-01-01,2025,Finance,Finance Manager,1,39,5,6,167,False,3,4,3,18204000,13,13,False,0,0.08716197024779333,8.72,0,0.16908819344089202,Thấp,1,0,3343,24.58,Random Forest,RF_2025_V1
4265,2025-01-01,2025,Sales,Sales Supervisor,1,44,38,2,173,False,3,3,4,8582000,1,1,False,0,0.07446758225988064,7.45,0,0.16908819344089202,Thấp,1,0,3841,13.34,Random Forest,RF_2025_V1
4268,2025-01-01,2025,Information Technology,Data Analyst,4,26,26,4,233,True,5,4,2,37905000,3,1,False,1,0.2557402948183954,25.57,1,0.16908819344089202,Cao,3,1,606,86.35,Random Forest,RF_2025_V1
4271,2025-01-01,2025,Information Technology,IT Support,3,37,4,4,210,False,2,3,4,38397000,2,2,False,0,0.07394885955980528,7.39,0,0.16908819344089202,Thấp,1,0,3867,12.75,Random Forest,RF_2025_V1
4273,2025-01-01,2025,Human Resources,Recruiter,1,50,31,5,238,True,4,1,4,11049000,4,4,False,1,0.35440965672291763,35.44,1,0.16908819344089202,Cao,3,1,145,96.75,Random Forest,RF_2025_V1
4274,2025-01-01,2025,Human Resources,HR Manager,3,55,4,2,196,False,4,3,2,34403000,2,2,False,0,0.0788062365786766,7.88,0,0.16908819344089202,Thấp,1,0,3675,17.08,Random Forest,RF_2025_V1
4280,2025-01-01,2025,Information Technology,QA Engineer,1,27,14,2,202,False,4,4,4,10973000,2,2,False,0,0.07124227877355144,7.12,0,0.16908819344089202,Thấp,1,0,3953,10.81,Random Forest,RF_2025_V1
4283,2025-01-01,2025,Sales,Sales Supervisor,1,26,30,5,265,True,3,3,4,13451000,6,6,False,0,0.23644664376844232,23.64,1,0.16908819344089202,Cao,3,1,767,82.71,Random Forest,RF_2025_V1
4284,2025-01-01,2025,Operations,Operations Executive,1,31,7,3,219,False,3,4,1,11608000,1,1,False,1,0.12440677067085838,12.44,0,0.16908819344089202,Trung bình,2,0,2351,46.96,Random Forest,RF_2025_V1
4285,2025-01-01,2025,Marketing,Content Specialist,4,54,35,5,196,False,4,1,3,41109000,4,3,False,0,0.11872961281898119,11.87,0,0.16908819344089202,Trung bình,2,0,2507,43.44,Random Forest,RF_2025_V1
4286,2025-01-01,2025,Information Technology,Software Engineer,1,46,6,6,197,False,3,3,4,13550000,6,6,False,0,0.09883587847624997,9.88,0,0.16908819344089202,Thấp,1,0,3032,31.6,Random Forest,RF_2025_V1
4289,2025-01-01,2025,Operations,Operations Manager,3,36,35,4,223,True,3,2,3,27740000,5,1,False,0,0.3322858299689538,33.23,1,0.16908819344089202,Cao,3,1,210,95.28,Random Forest,RF_2025_V1
4291,2025-01-01,2025,Marketing,Marketing Manager,3,45,26,3,197,False,4,4,4,22774000,11,2,False,0,0.056854473327494,5.69,0,0.16908819344089202,Thấp,1,0,4366,1.49,Random Forest,RF_2025_V1
4292,2025-01-01,2025,Finance,Financial Analyst,2,44,9,2,212,True,4,3,2,17470000,12,0,True,0,0.1743384490257337,17.43,1,0.16908819344089202,Cao,3,1,1420,67.98,Random Forest,RF_2025_V1
4293,2025-01-01,2025,Finance,Finance Manager,3,55,3,3,214,False,3,1,4,45790000,4,4,False,0,0.13949162867221568,13.95,0,0.16908819344089202,Trung bình,2,0,1994,55.02,Random Forest,RF_2025_V1
4294,2025-01-01,2025,Operations,Warehouse Supervisor,1,50,23,2,186,False,3,4,4,14899000,4,4,False,0,0.09407314773310513,9.41,0,0.16908819344089202,Thấp,1,0,3133,29.32,Random Forest,RF_2025_V1
4295,2025-01-01,2025,Sales,Account Manager,1,46,33,2,210,True,4,3,4,13020000,2,2,False,0,0.11272882774084271,11.27,0,0.16908819344089202,Trung bình,2,0,2667,39.83,Random Forest,RF_2025_V1
4296,2025-01-01,2025,Information Technology,Data Analyst,2,26,38,5,249,True,3,4,2,12722000,2,1,False,0,0.2762743547634845,27.63,1,0.16908819344089202,Cao,3,1,455,89.75,Random Forest,RF_2025_V1
4298,2025-01-01,2025,Sales,Sales Supervisor,1,55,20,3,205,False,5,4,3,11916000,6,6,False,0,0.08522677553825782,8.52,0,0.16908819344089202,Thấp,1,0,3414,22.97,Random Forest,RF_2025_V1
4299,2025-01-01,2025,Finance,Finance Manager,3,47,17,1,174,False,5,2,2,21636000,1,1,False,0,0.17373652347556842,17.37,1,0.16908819344089202,Cao,3,1,1431,67.73,Random Forest,RF_2025_V1
4300,2025-01-01,2025,Marketing,Digital Marketing Specialist,1,44,40,3,167,False,4,3,1,11182000,3,3,False,0,0.07078491676445654,7.08,0,0.16908819344089202,Thấp,1,0,3974,10.34,Random Forest,RF_2025_V1
4309,2025-01-01,2025,Finance,Finance Manager,3,46,34,3,198,False,4,1,3,21482000,12,1,False,0,0.11354469122244133,11.35,0,0.16908819344089202,Trung bình,2,0,2637,40.51,Random Forest,RF_2025_V1
4310,2025-01-01,2025,Human Resources,HR Manager,3,34,12,7,234,True,4,3,2,37949000,2,2,False,0,0.2767294134546821,27.67,1,0.16908819344089202,Cao,3,1,451,89.84,Random Forest,RF_2025_V1
4311,2025-01-01,2025,Human Resources,HR Manager,3,26,36,1,172,False,4,4,4,44774000,6,6,False,0,0.07580744543492883,7.58,0,0.16908819344089202,Thấp,1,0,3790,14.49,Random Forest,RF_2025_V1
4313,2025-01-01,2025,Human Resources,HR Manager,5,29,6,7,228,True,3,2,4,64911000,3,0,True,0,0.29383792420242616,29.38,1,0.16908819344089202,Cao,3,1,357,91.97,Random Forest,RF_2025_V1
4315,2025-01-01,2025,Marketing,Marketing Manager,4,35,21,5,225,True,3,2,4,35000000,8,0,True,0,0.3011236114467072,30.11,1,0.16908819344089202,Cao,3,1,327,92.64,Random Forest,RF_2025_V1
4319,2025-01-01,2025,Marketing,Marketing Manager,2,25,29,1,163,False,3,2,3,19014000,2,2,False,0,0.09604885890248238,9.6,0,0.16908819344089202,Thấp,1,0,3090,30.29,Random Forest,RF_2025_V1
4320,2025-01-01,2025,Information Technology,QA Engineer,2,40,29,1,185,False,3,2,4,18548000,2,2,False,0,0.11310862823288702,11.31,0,0.16908819344089202,Trung bình,2,0,2656,40.08,Random Forest,RF_2025_V1
4321,2025-01-01,2025,Sales,Sales Representative,3,49,9,4,205,True,3,4,4,28279000,2,2,False,0,0.11320013231264066,11.32,0,0.16908819344089202,Trung bình,2,0,2653,40.15,Random Forest,RF_2025_V1
4323,2025-01-01,2025,Marketing,Content Specialist,2,30,36,3,177,False,3,1,3,15508000,2,1,False,0,0.10166344482943555,10.17,0,0.16908819344089202,Trung bình,2,0,2957,33.29,Random Forest,RF_2025_V1
4325,2025-01-01,2025,Finance,Finance Manager,3,45,25,3,178,False,3,2,3,24899000,11,3,False,0,0.10999001903891222,11.0,0,0.16908819344089202,Trung bình,2,0,2750,37.96,Random Forest,RF_2025_V1
4329,2025-01-01,2025,Information Technology,System Administrator,4,29,1,5,216,True,4,4,1,51042000,8,2,False,0,0.17787590177977436,17.79,1,0.16908819344089202,Cao,3,1,1359,69.35,Random Forest,RF_2025_V1
4330,2025-01-01,2025,Human Resources,HR Manager,1,31,33,3,173,False,4,2,2,10156000,4,4,False,0,0.17209845910543806,17.21,1,0.16908819344089202,Cao,3,1,1453,67.23,Random Forest,RF_2025_V1
4335,2025-01-01,2025,Sales,Sales Supervisor,1,30,10,4,241,True,2,4,2,14495000,3,3,False,1,0.2424752410485365,24.25,1,0.16908819344089202,Cao,3,1,717,83.84,Random Forest,RF_2025_V1
4339,2025-01-01,2025,Human Resources,Recruiter,1,46,25,8,238,True,3,3,4,17062000,6,6,False,1,0.3249939330451511,32.5,1,0.16908819344089202,Cao,3,1,233,94.76,Random Forest,RF_2025_V1
4341,2025-01-01,2025,Sales,Sales Supervisor,4,28,36,4,195,False,3,4,4,40301000,3,2,False,0,0.057835162172501065,5.78,0,0.16908819344089202,Thấp,1,0,4344,1.99,Random Forest,RF_2025_V1
4342,2025-01-01,2025,Operations,Operations Executive,3,26,22,4,198,False,3,2,3,24807000,5,2,False,0,0.12200130913641528,12.2,0,0.16908819344089202,Trung bình,2,0,2408,45.68,Random Forest,RF_2025_V1
4344,2025-01-01,2025,Operations,Procurement Specialist,4,46,24,7,213,True,4,3,4,49187000,9,5,False,0,0.2176479049233564,21.76,1,0.16908819344089202,Cao,3,1,944,78.72,Random Forest,RF_2025_V1
4345,2025-01-01,2025,Human Resources,HR Executive,2,36,23,6,236,True,2,2,2,28028000,7,7,False,1,0.4724147808953326,47.24,1,0.16908819344089202,Cao,3,1,5,99.91,Random Forest,RF_2025_V1
4346,2025-01-01,2025,Sales,Account Manager,1,44,17,3,203,False,4,4,1,11117000,3,3,False,0,0.07989569285785587,7.99,0,0.16908819344089202,Thấp,1,0,3624,18.24,Random Forest,RF_2025_V1
4354,2025-01-01,2025,Finance,Accountant,1,34,18,4,205,False,1,4,2,13792000,14,14,False,0,0.13414094166389476,13.41,0,0.16908819344089202,Trung bình,2,0,2131,51.93,Random Forest,RF_2025_V1
4355,2025-01-01,2025,Human Resources,Recruiter,5,49,16,2,150,False,3,4,3,72024000,5,4,False,0,0.07482450654626888,7.48,0,0.16908819344089202,Thấp,1,0,3826,13.68,Random Forest,RF_2025_V1
4358,2025-01-01,2025,Marketing,Content Specialist,2,33,6,3,205,False,5,4,3,23266000,3,3,False,0,0.0666870765020275,6.67,0,0.16908819344089202,Thấp,1,0,4097,7.56,Random Forest,RF_2025_V1
4360,2025-01-01,2025,Finance,Accountant,1,38,34,3,235,True,2,3,3,18611000,9,9,False,0,0.26781997047341394,26.78,1,0.16908819344089202,Cao,3,1,515,88.4,Random Forest,RF_2025_V1
4368,2025-01-01,2025,Marketing,Content Specialist,3,28,29,1,170,False,2,3,3,36972000,1,1,False,0,0.08726965553668346,8.73,0,0.16908819344089202,Thấp,1,0,3337,24.71,Random Forest,RF_2025_V1
4369,2025-01-01,2025,Marketing,Marketing Executive,5,47,28,1,150,False,4,4,2,93493000,9,6,False,0,0.10562136378056201,10.56,0,0.16908819344089202,Trung bình,2,0,2869,35.27,Random Forest,RF_2025_V1
4372,2025-01-01,2025,Operations,Operations Manager,5,54,18,2,174,True,3,1,2,73144000,6,3,False,0,0.2521919864195384,25.22,1,0.16908819344089202,Cao,3,1,639,85.6,Random Forest,RF_2025_V1
4373,2025-01-01,2025,Marketing,Digital Marketing Specialist,1,49,22,3,196,False,4,4,4,12074000,4,4,False,0,0.0688037224018123,6.88,0,0.16908819344089202,Thấp,1,0,4036,8.94,Random Forest,RF_2025_V1
4375,2025-01-01,2025,Marketing,Marketing Executive,5,27,21,5,249,False,4,4,4,64530000,7,2,False,0,0.1376626361805567,13.77,0,0.16908819344089202,Trung bình,2,0,2040,53.98,Random Forest,RF_2025_V1
4381,2025-01-01,2025,Marketing,Digital Marketing Specialist,2,55,35,3,149,False,4,2,3,20318000,1,1,False,0,0.1161904028631128,11.62,0,0.16908819344089202,Trung bình,2,0,2559,42.27,Random Forest,RF_2025_V1
4382,2025-01-01,2025,Marketing,Digital Marketing Specialist,3,37,34,4,241,True,3,1,3,29256000,15,1,False,0,0.30018309866585174,30.02,1,0.16908819344089202,Cao,3,1,331,92.55,Random Forest,RF_2025_V1
4384,2025-01-01,2025,Human Resources,HR Executive,1,29,1,3,184,False,4,4,3,11228000,6,6,False,0,0.07441843263255847,7.44,0,0.16908819344089202,Thấp,1,0,3842,13.32,Random Forest,RF_2025_V1
4389,2025-01-01,2025,Finance,Finance Manager,5,31,24,1,171,False,3,4,4,63228000,3,2,False,0,0.06425531088559634,6.43,0,0.16908819344089202,Thấp,1,0,4177,5.75,Random Forest,RF_2025_V1
4391,2025-01-01,2025,Marketing,Digital Marketing Specialist,3,36,16,3,181,False,2,3,2,46133000,14,14,False,0,0.13234778431189542,13.23,0,0.16908819344089202,Trung bình,2,0,2186,50.69,Random Forest,RF_2025_V1
4393,2025-01-01,2025,Finance,Accountant,1,44,32,1,197,True,3,3,3,11247000,1,1,False,0,0.13007017718791858,13.01,0,0.16908819344089202,Trung bình,2,0,2242,49.42,Random Forest,RF_2025_V1
4396,2025-01-01,2025,Sales,Sales Supervisor,2,44,13,1,192,False,3,4,4,17231000,6,0,True,0,0.06642809479254358,6.64,0,0.16908819344089202,Thấp,1,0,4108,7.31,Random Forest,RF_2025_V1
4398,2025-01-01,2025,Human Resources,HR Executive,1,36,24,6,225,False,3,2,4,13199000,2,2,False,0,0.17882802154668165,17.88,1,0.16908819344089202,Cao,3,1,1350,69.56,Random Forest,RF_2025_V1
4403,2025-01-01,2025,Marketing,Marketing Executive,4,42,2,2,183,False,5,3,2,50015000,15,5,False,0,0.1070095164217311,10.7,0,0.16908819344089202,Trung bình,2,0,2839,35.95,Random Forest,RF_2025_V1
4404,2025-01-01,2025,Marketing,Marketing Manager,1,35,36,2,180,False,3,3,3,12362000,1,1,False,0,0.0718789120347515,7.19,0,0.16908819344089202,Thấp,1,0,3936,11.19,Random Forest,RF_2025_V1
4406,2025-01-01,2025,Finance,Finance Manager,2,38,27,3,211,False,4,1,3,20043000,4,4,False,0,0.13718074262002328,13.72,0,0.16908819344089202,Trung bình,2,0,2055,53.64,Random Forest,RF_2025_V1
4410,2025-01-01,2025,Sales,Sales Supervisor,2,45,1,4,223,True,3,2,4,21642000,2,2,False,1,0.2636408458593745,26.36,1,0.16908819344089202,Cao,3,1,550,87.61,Random Forest,RF_2025_V1
4411,2025-01-01,2025,Marketing,Marketing Executive,2,30,29,7,219,True,3,2,3,21113000,2,2,False,0,0.2484033090047723,24.84,1,0.16908819344089202,Cao,3,1,674,84.81,Random Forest,RF_2025_V1
4412,2025-01-01,2025,Finance,Internal Auditor,5,35,24,1,183,False,3,3,1,73328000,6,0,True,0,0.09915862845754,9.92,0,0.16908819344089202,Thấp,1,0,3025,31.75,Random Forest,RF_2025_V1
4417,2025-01-01,2025,Marketing,Marketing Executive,3,44,38,2,167,False,3,3,4,26720000,5,1,False,0,0.055812878864644186,5.58,0,0.16908819344089202,Thấp,1,0,4376,1.26,Random Forest,RF_2025_V1
4419,2025-01-01,2025,Human Resources,Recruiter,1,54,38,3,181,False,4,3,4,8817000,1,1,False,0,0.08553930099359813,8.55,0,0.16908819344089202,Thấp,1,0,3400,23.29,Random Forest,RF_2025_V1
4421,2025-01-01,2025,Human Resources,HR Executive,1,54,28,1,152,False,4,4,4,16065000,5,5,False,0,0.080068577121489,8.01,0,0.16908819344089202,Thấp,1,0,3615,18.44,Random Forest,RF_2025_V1
4422,2025-01-01,2025,Finance,Financial Analyst,2,47,20,1,170,False,3,3,1,18597000,5,2,False,0,0.09963843965136937,9.96,0,0.16908819344089202,Thấp,1,0,3010,32.09,Random Forest,RF_2025_V1
4423,2025-01-01,2025,Information Technology,Data Analyst,2,42,25,6,185,False,3,2,2,27767000,5,5,False,0,0.1961973504404908,19.62,1,0.16908819344089202,Cao,3,1,1172,73.57,Random Forest,RF_2025_V1
4424,2025-01-01,2025,Human Resources,C&B Specialist,3,48,14,3,213,True,3,3,2,32488000,1,1,False,0,0.16785951926458473,16.79,0,0.16908819344089202,Trung bình,2,0,1507,66.01,Random Forest,RF_2025_V1
4426,2025-01-01,2025,Operations,Operations Executive,3,54,4,6,176,False,3,4,1,47603000,11,11,False,1,0.12760281694903383,12.76,0,0.16908819344089202,Trung bình,2,0,2284,48.48,Random Forest,RF_2025_V1
4427,2025-01-01,2025,Sales,Account Manager,1,25,3,2,206,False,5,4,4,12087000,1,1,False,0,0.09368877479172438,9.37,0,0.16908819344089202,Thấp,1,0,3146,29.02,Random Forest,RF_2025_V1
4428,2025-01-01,2025,Information Technology,Data Analyst,3,49,12,6,199,False,4,2,3,40931000,6,6,False,0,0.17488770756886374,17.49,1,0.16908819344089202,Cao,3,1,1407,68.27,Random Forest,RF_2025_V1
4429,2025-01-01,2025,Finance,Finance Manager,2,55,18,3,184,False,2,4,4,21602000,14,14,False,0,0.09939269842180493,9.94,0,0.16908819344089202,Thấp,1,0,3020,31.87,Random Forest,RF_2025_V1
4431,2025-01-01,2025,Information Technology,Software Engineer,4,28,9,4,208,False,4,3,2,43982000,5,4,False,0,0.1143393905759491,11.43,0,0.16908819344089202,Trung bình,2,0,2612,41.07,Random Forest,RF_2025_V1
4432,2025-01-01,2025,Human Resources,Recruiter,4,39,32,1,177,False,4,1,3,61404000,2,2,False,0,0.10488658185479266,10.49,0,0.16908819344089202,Trung bình,2,0,2883,34.96,Random Forest,RF_2025_V1
4433,2025-01-01,2025,Information Technology,Data Analyst,2,55,30,2,197,False,4,3,4,17614000,2,2,False,0,0.06930339294019391,6.93,0,0.16908819344089202,Thấp,1,0,4020,9.3,Random Forest,RF_2025_V1
4434,2025-01-01,2025,Finance,Finance Manager,3,29,32,5,143,False,4,3,2,25490000,3,3,False,0,0.08447646581715713,8.45,0,0.16908819344089202,Thấp,1,0,3436,22.48,Random Forest,RF_2025_V1
4435,2025-01-01,2025,Finance,Financial Analyst,1,34,36,1,190,False,4,3,3,10542000,1,1,False,0,0.08584730860392167,8.58,0,0.16908819344089202,Thấp,1,0,3386,23.61,Random Forest,RF_2025_V1
4436,2025-01-01,2025,Marketing,Marketing Executive,1,46,38,4,209,False,3,3,4,12806000,2,2,False,0,0.05106839974289454,5.11,0,0.16908819344089202,Thấp,1,0,4423,0.2,Random Forest,RF_2025_V1
4437,2025-01-01,2025,Information Technology,Data Analyst,3,47,38,3,188,False,2,1,4,25320000,2,0,True,0,0.10823471979029656,10.82,0,0.16908819344089202,Trung bình,2,0,2804,36.74,Random Forest,RF_2025_V1
4438,2025-01-01,2025,Sales,Account Manager,1,33,7,3,178,False,3,3,3,11127000,1,1,False,0,0.07829360296988871,7.83,0,0.16908819344089202,Thấp,1,0,3696,16.61,Random Forest,RF_2025_V1
4440,2025-01-01,2025,Sales,Sales Executive,2,26,1,2,183,True,4,4,2,20630000,2,2,False,0,0.14479467513319016,14.48,0,0.16908819344089202,Trung bình,2,0,1878,57.64,Random Forest,RF_2025_V1
4442,2025-01-01,2025,Marketing,Content Specialist,3,37,23,5,189,False,3,2,4,46209000,6,6,False,0,0.13056411430573844,13.06,0,0.16908819344089202,Trung bình,2,0,2232,49.65,Random Forest,RF_2025_V1
4443,2025-01-01,2025,Marketing,Marketing Executive,1,48,7,6,240,False,3,3,4,16646000,14,14,False,0,0.2098567026870229,20.99,1,0.16908819344089202,Cao,3,1,1034,76.69,Random Forest,RF_2025_V1
4446,2025-01-01,2025,Operations,Operations Manager,1,55,23,5,243,True,3,4,4,10405000,1,1,False,0,0.2092351872394621,20.92,1,0.16908819344089202,Cao,3,1,1043,76.48,Random Forest,RF_2025_V1
4448,2025-01-01,2025,Information Technology,System Administrator,5,38,12,3,208,False,3,2,2,66298000,5,3,False,0,0.163121484555312,16.31,0,0.16908819344089202,Trung bình,2,0,1571,64.57,Random Forest,RF_2025_V1
4449,2025-01-01,2025,Finance,Accountant,2,26,40,4,197,False,2,2,4,20514000,1,1,False,0,0.11795047403383954,11.8,0,0.16908819344089202,Trung bình,2,0,2517,43.22,Random Forest,RF_2025_V1
4450,2025-01-01,2025,Human Resources,HR Executive,4,50,14,3,211,True,3,4,2,58853000,3,3,False,0,0.14989851248738786,14.99,0,0.16908819344089202,Trung bình,2,0,1797,59.47,Random Forest,RF_2025_V1
4451,2025-01-01,2025,Sales,Account Manager,4,35,1,3,190,False,2,3,3,77550000,6,6,False,0,0.07922528150313547,7.92,0,0.16908819344089202,Thấp,1,0,3654,17.56,Random Forest,RF_2025_V1
4453,2025-01-01,2025,Operations,Operations Manager,4,36,25,4,205,False,4,1,3,61198000,12,4,False,0,0.14154644408502534,14.15,0,0.16908819344089202,Trung bình,2,0,1943,56.17,Random Forest,RF_2025_V1
4454,2025-01-01,2025,Human Resources,HR Executive,5,46,34,3,188,False,4,3,4,100279000,7,6,False,0,0.07850110393921642,7.85,0,0.16908819344089202,Thấp,1,0,3687,16.81,Random Forest,RF_2025_V1
4459,2025-01-01,2025,Sales,Account Manager,4,35,18,6,191,False,4,3,1,66071000,8,8,False,0,0.13566727798297193,13.57,0,0.16908819344089202,Trung bình,2,0,2095,52.74,Random Forest,RF_2025_V1
4461,2025-01-01,2025,Sales,Sales Representative,3,25,10,5,255,True,3,4,4,26032000,4,1,False,1,0.20761543255211928,20.76,1,0.16908819344089202,Cao,3,1,1062,76.06,Random Forest,RF_2025_V1
4465,2025-01-01,2025,Information Technology,IT Support,3,37,9,5,223,True,3,1,3,45159000,5,5,False,1,0.34535246398816516,34.54,1,0.16908819344089202,Cao,3,1,170,96.19,Random Forest,RF_2025_V1
4466,2025-01-01,2025,Human Resources,HR Manager,2,35,3,4,239,False,3,2,3,29958000,15,15,False,0,0.24921567697407218,24.92,1,0.16908819344089202,Cao,3,1,661,85.1,Random Forest,RF_2025_V1
4467,2025-01-01,2025,Human Resources,Recruiter,3,42,40,2,187,False,3,2,3,22687000,1,0,True,0,0.1350162632503555,13.5,0,0.16908819344089202,Trung bình,2,0,2114,52.31,Random Forest,RF_2025_V1
4468,2025-01-01,2025,Operations,Operations Manager,2,25,15,4,188,True,3,4,4,15386000,5,3,False,0,0.1360374817127599,13.6,0,0.16908819344089202,Trung bình,2,0,2086,52.95,Random Forest,RF_2025_V1
4472,2025-01-01,2025,Sales,Sales Representative,5,47,12,4,201,True,2,4,1,71188000,7,2,False,0,0.1806993465401201,18.07,1,0.16908819344089202,Cao,3,1,1326,70.1,Random Forest,RF_2025_V1
4474,2025-01-01,2025,Operations,Procurement Specialist,2,41,30,3,153,False,4,2,3,15105000,1,1,False,1,0.1116275186658147,11.16,0,0.16908819344089202,Trung bình,2,0,2699,39.11,Random Forest,RF_2025_V1
4475,2025-01-01,2025,Finance,Accountant,3,43,4,3,224,True,3,3,1,41833000,14,14,False,0,0.33398977244219813,33.4,1,0.16908819344089202,Cao,3,1,206,95.37,Random Forest,RF_2025_V1
4476,2025-01-01,2025,Sales,Sales Representative,3,41,20,2,166,False,3,4,2,26638000,14,4,False,1,0.1132749290641085,11.33,0,0.16908819344089202,Trung bình,2,0,2649,40.24,Random Forest,RF_2025_V1
4479,2025-01-01,2025,Information Technology,QA Engineer,3,25,38,2,157,False,4,2,3,20980000,4,1,False,1,0.11827585905386664,11.83,0,0.16908819344089202,Trung bình,2,0,2512,43.33,Random Forest,RF_2025_V1
4480,2025-01-01,2025,Sales,Account Manager,1,26,33,3,207,True,3,2,1,10440000,1,1,False,0,0.29444071423683815,29.44,1,0.16908819344089202,Cao,3,1,355,92.01,Random Forest,RF_2025_V1
4482,2025-01-01,2025,Operations,Operations Manager,3,31,17,5,232,True,2,3,3,30670000,8,0,True,1,0.22054935657680275,22.05,1,0.16908819344089202,Cao,3,1,911,79.46,Random Forest,RF_2025_V1
4483,2025-01-01,2025,Finance,Finance Manager,1,34,33,7,216,True,3,4,3,10937000,7,7,False,0,0.24273256656893213,24.27,1,0.16908819344089202,Cao,3,1,713,83.93,Random Forest,RF_2025_V1
4485,2025-01-01,2025,Sales,Sales Supervisor,3,28,14,4,161,False,3,2,1,26962000,3,1,False,0,0.1477438084000721,14.77,0,0.16908819344089202,Trung bình,2,0,1831,58.7,Random Forest,RF_2025_V1
4492,2025-01-01,2025,Human Resources,HR Manager,2,47,20,2,171,False,4,1,3,23729000,14,14,False,0,0.1434149269543939,14.34,0,0.16908819344089202,Trung bình,2,0,1902,57.1,Random Forest,RF_2025_V1
4495,2025-01-01,2025,Operations,Procurement Specialist,1,26,30,5,191,False,3,3,1,10678000,4,4,False,0,0.13848648308802194,13.85,0,0.16908819344089202,Trung bình,2,0,2022,54.39,Random Forest,RF_2025_V1
4496,2025-01-01,2025,Sales,Sales Executive,3,55,29,5,214,True,4,3,2,24649000,6,3,False,0,0.18516082555899346,18.52,1,0.16908819344089202,Cao,3,1,1281,71.11,Random Forest,RF_2025_V1
4498,2025-01-01,2025,Human Resources,HR Executive,2,39,31,4,212,False,3,3,3,20113000,12,0,True,0,0.07935378869848315,7.94,0,0.16908819344089202,Thấp,1,0,3649,17.67,Random Forest,RF_2025_V1
4499,2025-01-01,2025,Human Resources,HR Executive,1,36,16,3,264,True,3,4,3,12632000,6,6,False,0,0.22326307770187376,22.33,1,0.16908819344089202,Cao,3,1,884,80.07,Random Forest,RF_2025_V1
4500,2025-01-01,2025,Human Resources,Recruiter,2,54,27,1,145,False,2,4,3,26736000,12,12,False,1,0.08224086653629965,8.22,0,0.16908819344089202,Thấp,1,0,3518,20.63,Random Forest,RF_2025_V1
4503,2025-01-01,2025,Finance,Financial Analyst,3,46,34,2,192,False,4,2,4,20000000,10,0,True,0,0.13061359805665493,13.06,0,0.16908819344089202,Trung bình,2,0,2229,49.72,Random Forest,RF_2025_V1
4504,2025-01-01,2025,Finance,Accountant,2,35,11,3,152,False,3,4,3,20932000,13,13,False,0,0.07874519391797478,7.87,0,0.16908819344089202,Thấp,1,0,3676,17.06,Random Forest,RF_2025_V1
4510,2025-01-01,2025,Sales,Sales Executive,2,54,19,1,140,False,4,1,3,21215000,7,7,False,0,0.13466613012360804,13.47,0,0.16908819344089202,Trung bình,2,0,2121,52.16,Random Forest,RF_2025_V1
4515,2025-01-01,2025,Human Resources,C&B Specialist,3,53,33,5,199,False,5,4,2,46585000,8,8,False,0,0.10461927433913314,10.46,0,0.16908819344089202,Trung bình,2,0,2888,34.85,Random Forest,RF_2025_V1
4517,2025-01-01,2025,Information Technology,IT Support,2,47,21,4,199,False,4,4,1,19648000,5,4,False,0,0.10802849449694808,10.8,0,0.16908819344089202,Trung bình,2,0,2811,36.58,Random Forest,RF_2025_V1
4519,2025-01-01,2025,Sales,Sales Executive,1,26,15,3,209,True,2,3,4,9847000,3,3,False,0,0.1251235267260037,12.51,0,0.16908819344089202,Trung bình,2,0,2333,47.37,Random Forest,RF_2025_V1
4521,2025-01-01,2025,Information Technology,QA Engineer,2,42,20,3,243,True,5,1,4,12000000,2,0,True,1,0.34850151827106485,34.85,1,0.16908819344089202,Cao,3,1,159,96.43,Random Forest,RF_2025_V1
4522,2025-01-01,2025,Information Technology,System Administrator,2,50,3,4,205,True,5,4,4,13352000,3,2,False,0,0.11672862474337532,11.67,0,0.16908819344089202,Trung bình,2,0,2541,42.68,Random Forest,RF_2025_V1
4523,2025-01-01,2025,Operations,Operations Executive,4,43,38,4,219,False,3,1,3,74651000,6,6,False,0,0.17464893761250297,17.46,1,0.16908819344089202,Cao,3,1,1413,68.13,Random Forest,RF_2025_V1
4526,2025-01-01,2025,Sales,Sales Representative,3,40,34,3,188,False,4,4,3,38992000,4,4,False,0,0.0755596137372724,7.56,0,0.16908819344089202,Thấp,1,0,3798,14.31,Random Forest,RF_2025_V1
4528,2025-01-01,2025,Marketing,Content Specialist,3,45,13,5,223,True,3,1,4,39953000,4,4,False,0,0.3237183136199809,32.37,1,0.16908819344089202,Cao,3,1,236,94.7,Random Forest,RF_2025_V1
4532,2025-01-01,2025,Finance,Accountant,2,52,1,4,213,False,3,1,3,24776000,8,8,False,0,0.1512096084601035,15.12,0,0.16908819344089202,Trung bình,2,0,1766,60.17,Random Forest,RF_2025_V1
4533,2025-01-01,2025,Sales,Sales Executive,2,51,40,4,225,True,2,1,3,28199000,14,14,False,1,0.37067126020015545,37.07,1,0.16908819344089202,Cao,3,1,105,97.65,Random Forest,RF_2025_V1
4535,2025-01-01,2025,Information Technology,QA Engineer,3,39,38,2,210,True,3,4,3,25874000,1,1,False,1,0.15223284127148826,15.22,0,0.16908819344089202,Trung bình,2,0,1744,60.66,Random Forest,RF_2025_V1
4536,2025-01-01,2025,Marketing,Marketing Executive,2,55,24,4,207,False,4,1,1,18743000,7,6,False,0,0.1754838065257826,17.55,1,0.16908819344089202,Cao,3,1,1403,68.36,Random Forest,RF_2025_V1
4537,2025-01-01,2025,Sales,Sales Representative,1,51,7,5,207,False,2,3,4,9808000,1,1,False,0,0.06942463624284513,6.94,0,0.16908819344089202,Thấp,1,0,4013,9.46,Random Forest,RF_2025_V1
4541,2025-01-01,2025,Sales,Sales Executive,3,36,3,4,231,True,3,3,4,21364000,1,1,False,1,0.2335229413148969,23.35,1,0.16908819344089202,Cao,3,1,796,82.06,Random Forest,RF_2025_V1
4543,2025-01-01,2025,Human Resources,Recruiter,2,27,39,2,151,False,2,1,3,13363000,6,1,False,0,0.11032760209433144,11.03,0,0.16908819344089202,Trung bình,2,0,2743,38.12,Random Forest,RF_2025_V1
4544,2025-01-01,2025,Operations,Procurement Specialist,1,29,32,3,224,True,3,1,3,10599000,6,6,False,1,0.34970031222149395,34.97,1,0.16908819344089202,Cao,3,1,154,96.55,Random Forest,RF_2025_V1
4546,2025-01-01,2025,Marketing,Marketing Manager,3,50,26,2,171,False,3,2,3,33901000,5,3,False,0,0.10814013162995943,10.81,0,0.16908819344089202,Trung bình,2,0,2806,36.7,Random Forest,RF_2025_V1
4550,2025-01-01,2025,Sales,Account Manager,1,55,15,2,221,True,3,2,1,8067000,1,1,False,0,0.3257947033603932,32.58,1,0.16908819344089202,Cao,3,1,231,94.81,Random Forest,RF_2025_V1
4556,2025-01-01,2025,Marketing,Marketing Executive,1,49,18,1,206,False,5,1,1,13314000,2,2,False,1,0.1567294859010879,15.67,0,0.16908819344089202,Trung bình,2,0,1672,62.29,Random Forest,RF_2025_V1
4557,2025-01-01,2025,Information Technology,IT Support,5,32,37,5,190,False,4,2,2,69249000,8,4,False,1,0.16283462288133074,16.28,0,0.16908819344089202,Trung bình,2,0,1574,64.5,Random Forest,RF_2025_V1
4558,2025-01-01,2025,Information Technology,Data Analyst,1,34,29,1,199,True,5,1,1,14094000,4,4,False,1,0.29946665010264517,29.95,1,0.16908819344089202,Cao,3,1,334,92.48,Random Forest,RF_2025_V1
4560,2025-01-01,2025,Operations,Warehouse Supervisor,1,34,22,7,206,False,2,4,4,10696000,1,1,False,0,0.09051175456392445,9.05,0,0.16908819344089202,Thấp,1,0,3250,26.68,Random Forest,RF_2025_V1
4561,2025-01-01,2025,Marketing,Marketing Manager,2,47,21,2,191,False,4,4,3,14283000,3,0,True,0,0.05830890902756649,5.83,0,0.16908819344089202,Thấp,1,0,4331,2.28,Random Forest,RF_2025_V1
4562,2025-01-01,2025,Human Resources,Recruiter,1,26,22,1,163,True,4,1,3,11522000,4,4,False,0,0.23858783982542164,23.86,1,0.16908819344089202,Cao,3,1,742,83.28,Random Forest,RF_2025_V1
4564,2025-01-01,2025,Finance,Accountant,2,36,13,2,179,False,3,4,4,25503000,5,5,False,0,0.07395610681380764,7.4,0,0.16908819344089202,Thấp,1,0,3865,12.8,Random Forest,RF_2025_V1
4568,2025-01-01,2025,Finance,Finance Manager,1,25,1,7,210,False,3,4,4,10887000,5,5,False,0,0.10860699766267588,10.86,0,0.16908819344089202,Trung bình,2,0,2788,37.1,Random Forest,RF_2025_V1
4569,2025-01-01,2025,Operations,Procurement Specialist,1,28,40,7,211,False,3,4,4,8048000,1,1,False,0,0.09738815584618986,9.74,0,0.16908819344089202,Thấp,1,0,3060,30.96,Random Forest,RF_2025_V1
4571,2025-01-01,2025,Information Technology,QA Engineer,2,52,39,3,188,True,3,2,2,18232000,1,1,False,0,0.2743601476890817,27.44,1,0.16908819344089202,Cao,3,1,468,89.46,Random Forest,RF_2025_V1
4573,2025-01-01,2025,Operations,Operations Manager,5,47,17,1,196,False,4,4,2,69412000,15,4,False,0,0.11852148182269877,11.85,0,0.16908819344089202,Trung bình,2,0,2509,43.4,Random Forest,RF_2025_V1
4574,2025-01-01,2025,Operations,Operations Executive,1,28,26,5,194,False,3,2,2,12778000,2,2,False,0,0.13998353785613743,14.0,0,0.16908819344089202,Trung bình,2,0,1976,55.43,Random Forest,RF_2025_V1
4577,2025-01-01,2025,Information Technology,Data Analyst,2,28,11,3,222,True,4,4,1,19562000,1,1,False,0,0.2798616775186894,27.99,1,0.16908819344089202,Cao,3,1,430,90.32,Random Forest,RF_2025_V1
4578,2025-01-01,2025,Operations,Operations Manager,4,29,32,4,204,False,4,4,1,65520000,7,2,False,0,0.08992135307880454,8.99,0,0.16908819344089202,Thấp,1,0,3271,26.2,Random Forest,RF_2025_V1
4580,2025-01-01,2025,Human Resources,Recruiter,2,32,8,6,216,False,3,2,2,26598000,10,10,False,1,0.23709128157820117,23.71,1,0.16908819344089202,Cao,3,1,761,82.85,Random Forest,RF_2025_V1
4584,2025-01-01,2025,Information Technology,Data Analyst,2,48,13,4,214,True,3,4,4,16094000,13,3,False,0,0.1331828894855707,13.32,0,0.16908819344089202,Trung bình,2,0,2157,51.34,Random Forest,RF_2025_V1
4585,2025-01-01,2025,Sales,Sales Representative,2,42,12,8,227,False,4,4,3,15068000,2,2,False,0,0.1449269432772609,14.49,0,0.16908819344089202,Trung bình,2,0,1877,57.66,Random Forest,RF_2025_V1
4586,2025-01-01,2025,Human Resources,C&B Specialist,2,25,17,3,176,False,4,2,4,16449000,2,2,False,0,0.09367625052329182,9.37,0,0.16908819344089202,Thấp,1,0,3148,28.98,Random Forest,RF_2025_V1
4587,2025-01-01,2025,Finance,Internal Auditor,2,37,8,2,146,False,4,4,3,13960000,4,2,False,0,0.06072318678465731,6.07,0,0.16908819344089202,Thấp,1,0,4285,3.32,Random Forest,RF_2025_V1
4592,2025-01-01,2025,Operations,Procurement Specialist,4,27,8,4,168,False,3,4,3,42011000,1,1,False,0,0.07151291176913825,7.15,0,0.16908819344089202,Thấp,1,0,3946,10.97,Random Forest,RF_2025_V1
4594,2025-01-01,2025,Sales,Sales Supervisor,1,35,6,5,187,False,5,1,3,10068000,2,2,False,0,0.09744884816419956,9.74,0,0.16908819344089202,Thấp,1,0,3057,31.03,Random Forest,RF_2025_V1
4595,2025-01-01,2025,Operations,Warehouse Supervisor,1,26,19,1,155,False,3,1,2,8211000,1,1,False,0,0.15032198974577554,15.03,0,0.16908819344089202,Trung bình,2,0,1784,59.76,Random Forest,RF_2025_V1
4596,2025-01-01,2025,Operations,Operations Executive,2,32,20,1,192,True,1,3,2,28621000,10,10,False,0,0.22289224420767903,22.29,1,0.16908819344089202,Cao,3,1,891,79.91,Random Forest,RF_2025_V1
4598,2025-01-01,2025,Sales,Sales Executive,1,39,21,3,143,False,3,2,4,10740000,4,4,False,0,0.1273172816595512,12.73,0,0.16908819344089202,Trung bình,2,0,2294,48.25,Random Forest,RF_2025_V1
4600,2025-01-01,2025,Information Technology,System Administrator,4,44,17,4,184,False,5,4,3,38745000,1,0,True,0,0.08053436810948114,8.05,0,0.16908819344089202,Thấp,1,0,3594,18.91,Random Forest,RF_2025_V1
4602,2025-01-01,2025,Marketing,Content Specialist,3,47,39,1,205,True,2,4,3,41313000,2,2,False,0,0.11072978955688625,11.07,0,0.16908819344089202,Trung bình,2,0,2733,38.34,Random Forest,RF_2025_V1
4603,2025-01-01,2025,Sales,Sales Representative,1,27,3,3,177,False,3,4,4,10180000,4,4,False,0,0.07229753849691653,7.23,0,0.16908819344089202,Thấp,1,0,3920,11.55,Random Forest,RF_2025_V1
4606,2025-01-01,2025,Sales,Sales Executive,3,53,6,7,215,False,4,3,3,26202000,2,2,False,0,0.0897587179353692,8.98,0,0.16908819344089202,Thấp,1,0,3273,26.16,Random Forest,RF_2025_V1
4607,2025-01-01,2025,Sales,Sales Representative,2,46,10,4,190,False,3,4,3,22900000,10,10,False,0,0.07985380373784595,7.99,0,0.16908819344089202,Thấp,1,0,3626,18.19,Random Forest,RF_2025_V1
4608,2025-01-01,2025,Sales,Sales Supervisor,2,35,40,1,192,True,4,2,2,21650000,8,5,False,0,0.3301521522029878,33.02,1,0.16908819344089202,Cao,3,1,220,95.06,Random Forest,RF_2025_V1
4609,2025-01-01,2025,Marketing,Marketing Manager,4,55,25,2,207,True,3,3,1,42215000,9,1,False,0,0.1877593980015335,18.78,1,0.16908819344089202,Cao,3,1,1248,71.86,Random Forest,RF_2025_V1
4610,2025-01-01,2025,Finance,Internal Auditor,2,35,37,5,213,False,4,4,4,32139000,14,14,False,0,0.12043885564423668,12.04,0,0.16908819344089202,Trung bình,2,0,2459,44.53,Random Forest,RF_2025_V1
4612,2025-01-01,2025,Marketing,Marketing Executive,2,35,23,2,188,False,4,4,1,14990000,3,0,True,0,0.0855659688194419,8.56,0,0.16908819344089202,Thấp,1,0,3399,23.31,Random Forest,RF_2025_V1
4614,2025-01-01,2025,Human Resources,HR Executive,2,47,37,5,186,False,4,4,4,19448000,3,3,False,0,0.0575870301153205,5.76,0,0.16908819344089202,Thấp,1,0,4351,1.83,Random Forest,RF_2025_V1
4615,2025-01-01,2025,Marketing,Marketing Manager,5,43,10,8,215,False,4,3,4,89825000,8,5,False,0,0.10364950768911871,10.36,0,0.16908819344089202,Trung bình,2,0,2906,34.44,Random Forest,RF_2025_V1
4616,2025-01-01,2025,Marketing,Content Specialist,2,49,7,1,137,False,3,4,2,15714000,14,4,False,0,0.12101243041502215,12.1,0,0.16908819344089202,Trung bình,2,0,2439,44.98,Random Forest,RF_2025_V1
4617,2025-01-01,2025,Information Technology,System Administrator,2,37,39,5,213,False,3,4,2,12000000,3,0,True,0,0.0903094134328589,9.03,0,0.16908819344089202,Thấp,1,0,3260,26.45,Random Forest,RF_2025_V1
4621,2025-01-01,2025,Information Technology,IT Support,1,29,14,6,203,False,3,3,3,16564000,5,5,False,0,0.0994521877049319,9.95,0,0.16908819344089202,Thấp,1,0,3015,31.98,Random Forest,RF_2025_V1
4622,2025-01-01,2025,Marketing,Content Specialist,1,31,10,2,138,False,5,3,1,13880000,2,2,False,0,0.08411920969724695,8.41,0,0.16908819344089202,Thấp,1,0,3456,22.03,Random Forest,RF_2025_V1
4625,2025-01-01,2025,Marketing,Marketing Executive,3,28,13,3,223,True,3,2,1,43772000,6,6,False,0,0.3929269804866834,39.29,1,0.16908819344089202,Cao,3,1,66,98.53,Random Forest,RF_2025_V1
4626,2025-01-01,2025,Operations,Operations Manager,2,55,15,1,199,False,3,2,3,14984000,4,0,True,0,0.13199069268397512,13.2,0,0.16908819344089202,Trung bình,2,0,2194,50.51,Random Forest,RF_2025_V1
4628,2025-01-01,2025,Information Technology,System Administrator,2,46,3,4,185,False,4,1,3,29024000,9,9,False,0,0.13767043425210773,13.77,0,0.16908819344089202,Trung bình,2,0,2038,54.03,Random Forest,RF_2025_V1
4630,2025-01-01,2025,Operations,Operations Manager,5,25,14,5,206,False,4,2,2,59988000,2,1,False,0,0.15572374166463418,15.57,0,0.16908819344089202,Trung bình,2,0,1688,61.93,Random Forest,RF_2025_V1
4633,2025-01-01,2025,Finance,Accountant,1,31,20,1,175,True,2,3,3,9495000,2,2,False,1,0.10764044004669143,10.76,0,0.16908819344089202,Trung bình,2,0,2823,36.31,Random Forest,RF_2025_V1
4638,2025-01-01,2025,Marketing,Digital Marketing Specialist,2,51,3,1,193,True,3,4,4,20216000,2,2,False,1,0.12083850061414544,12.08,0,0.16908819344089202,Trung bình,2,0,2447,44.8,Random Forest,RF_2025_V1
4639,2025-01-01,2025,Information Technology,System Administrator,1,25,7,3,204,True,3,3,3,11583000,2,2,False,0,0.13097402162130148,13.1,0,0.16908819344089202,Trung bình,2,0,2218,49.97,Random Forest,RF_2025_V1
4640,2025-01-01,2025,Finance,Finance Manager,1,36,23,2,195,False,3,3,2,9906000,1,1,False,0,0.0930285908363474,9.3,0,0.16908819344089202,Thấp,1,0,3161,28.68,Random Forest,RF_2025_V1
4641,2025-01-01,2025,Finance,Financial Analyst,1,26,24,2,189,False,3,2,4,14101000,3,3,False,0,0.10213459950650149,10.21,0,0.16908819344089202,Trung bình,2,0,2949,33.47,Random Forest,RF_2025_V1
4642,2025-01-01,2025,Operations,Warehouse Supervisor,1,40,7,4,216,True,4,4,3,13205000,14,14,False,0,0.19567938210891508,19.57,1,0.16908819344089202,Cao,3,1,1173,73.55,Random Forest,RF_2025_V1
4644,2025-01-01,2025,Operations,Procurement Specialist,4,31,40,2,239,True,4,4,1,59712000,9,2,False,0,0.2726731505249963,27.27,1,0.16908819344089202,Cao,3,1,479,89.21,Random Forest,RF_2025_V1
4650,2025-01-01,2025,Human Resources,HR Executive,1,26,21,5,171,True,4,3,3,11926000,3,3,False,0,0.13035406657858445,13.04,0,0.16908819344089202,Trung bình,2,0,2238,49.51,Random Forest,RF_2025_V1
4651,2025-01-01,2025,Finance,Accountant,1,31,2,1,230,True,3,2,3,8330000,1,1,False,0,0.30839614880922656,30.84,1,0.16908819344089202,Cao,3,1,297,93.32,Random Forest,RF_2025_V1
4652,2025-01-01,2025,Finance,Accountant,2,25,40,2,153,False,2,3,3,18154000,1,1,False,0,0.08134962107544236,8.13,0,0.16908819344089202,Thấp,1,0,3554,19.81,Random Forest,RF_2025_V1
4653,2025-01-01,2025,Marketing,Marketing Manager,2,50,36,3,230,True,3,2,1,22193000,8,8,False,0,0.42180575579773416,42.18,1,0.16908819344089202,Cao,3,1,25,99.46,Random Forest,RF_2025_V1
4659,2025-01-01,2025,Human Resources,C&B Specialist,1,48,4,2,178,False,4,3,3,11841000,2,2,False,0,0.06209045894488138,6.21,0,0.16908819344089202,Thấp,1,0,4242,4.29,Random Forest,RF_2025_V1
4661,2025-01-01,2025,Information Technology,Software Engineer,3,43,22,4,198,False,5,1,3,32812000,1,1,False,0,0.13493303528140813,13.49,0,0.16908819344089202,Trung bình,2,0,2116,52.27,Random Forest,RF_2025_V1
4662,2025-01-01,2025,Information Technology,QA Engineer,3,32,32,4,194,False,3,2,1,21543000,10,1,False,1,0.16194227229761923,16.19,0,0.16908819344089202,Trung bình,2,0,1586,64.23,Random Forest,RF_2025_V1
4663,2025-01-01,2025,Finance,Financial Analyst,3,53,10,3,199,False,4,4,4,28744000,15,5,False,0,0.093475706311429,9.35,0,0.16908819344089202,Thấp,1,0,3152,28.89,Random Forest,RF_2025_V1
4664,2025-01-01,2025,Operations,Operations Manager,2,46,9,3,244,True,4,4,3,20955000,14,2,False,0,0.20462115161808733,20.46,1,0.16908819344089202,Cao,3,1,1096,75.29,Random Forest,RF_2025_V1
4667,2025-01-01,2025,Sales,Sales Representative,2,27,27,3,184,False,5,4,2,21860000,3,3,False,0,0.07777327212522081,7.78,0,0.16908819344089202,Thấp,1,0,3721,16.05,Random Forest,RF_2025_V1
4669,2025-01-01,2025,Marketing,Marketing Executive,1,26,13,1,203,True,4,4,1,13377000,4,4,False,0,0.20780967906769626,20.78,1,0.16908819344089202,Cao,3,1,1058,76.15,Random Forest,RF_2025_V1
4671,2025-01-01,2025,Information Technology,System Administrator,2,31,29,6,230,True,4,1,3,12000000,1,0,True,1,0.36496043972517733,36.5,1,0.16908819344089202,Cao,3,1,119,97.34,Random Forest,RF_2025_V1
4676,2025-01-01,2025,Human Resources,HR Executive,4,36,34,3,215,True,4,4,3,53151000,9,4,False,0,0.1530528229770208,15.31,0,0.16908819344089202,Trung bình,2,0,1734,60.89,Random Forest,RF_2025_V1
4677,2025-01-01,2025,Human Resources,HR Manager,1,53,4,3,176,False,4,3,4,12728000,3,3,False,0,0.06968338310170383,6.97,0,0.16908819344089202,Thấp,1,0,4006,9.61,Random Forest,RF_2025_V1
4679,2025-01-01,2025,Sales,Account Manager,1,46,27,5,183,False,4,2,3,14395000,3,3,False,0,0.10740786246840867,10.74,0,0.16908819344089202,Trung bình,2,0,2832,36.11,Random Forest,RF_2025_V1
4681,2025-01-01,2025,Operations,Operations Manager,2,48,18,1,175,True,3,4,3,18388000,4,4,False,0,0.1769423007841177,17.69,1,0.16908819344089202,Cao,3,1,1380,68.88,Random Forest,RF_2025_V1
4682,2025-01-01,2025,Human Resources,HR Executive,2,28,27,3,213,True,3,4,4,15905000,3,1,False,1,0.1352648942057451,13.53,0,0.16908819344089202,Trung bình,2,0,2105,52.52,Random Forest,RF_2025_V1
4684,2025-01-01,2025,Operations,Operations Executive,4,54,35,4,261,True,4,2,2,40876000,10,2,False,0,0.38946354398389454,38.95,1,0.16908819344089202,Cao,3,1,71,98.42,Random Forest,RF_2025_V1
4685,2025-01-01,2025,Marketing,Marketing Manager,3,26,12,5,198,False,2,4,3,46953000,4,4,False,1,0.06494812107872776,6.49,0,0.16908819344089202,Thấp,1,0,4151,6.34,Random Forest,RF_2025_V1
4686,2025-01-01,2025,Sales,Sales Executive,4,30,27,7,242,True,5,4,3,38227000,3,1,False,0,0.22957904936572485,22.96,1,0.16908819344089202,Cao,3,1,833,81.22,Random Forest,RF_2025_V1
4687,2025-01-01,2025,Marketing,Content Specialist,2,41,29,5,192,False,4,3,3,23952000,15,15,False,0,0.10240854915785774,10.24,0,0.16908819344089202,Trung bình,2,0,2935,33.78,Random Forest,RF_2025_V1
4690,2025-01-01,2025,Marketing,Marketing Manager,2,28,15,3,259,True,3,4,1,18043000,5,5,False,0,0.3225530860967226,32.26,1,0.16908819344089202,Cao,3,1,244,94.52,Random Forest,RF_2025_V1
4693,2025-01-01,2025,Operations,Procurement Specialist,2,49,19,4,180,False,4,3,2,20733000,14,14,False,0,0.13880947284942516,13.88,0,0.16908819344089202,Trung bình,2,0,2011,54.64,Random Forest,RF_2025_V1
4694,2025-01-01,2025,Marketing,Content Specialist,3,35,15,4,178,False,4,4,1,49939000,5,5,False,0,0.1030812451227547,10.31,0,0.16908819344089202,Trung bình,2,0,2918,34.17,Random Forest,RF_2025_V1
4696,2025-01-01,2025,Human Resources,C&B Specialist,3,50,14,4,180,False,2,2,3,21873000,14,1,False,0,0.13876290630425092,13.88,0,0.16908819344089202,Trung bình,2,0,2013,54.59,Random Forest,RF_2025_V1
4704,2025-01-01,2025,Finance,Internal Auditor,1,46,20,6,218,True,3,3,4,12275000,14,14,False,0,0.2723608373853591,27.24,1,0.16908819344089202,Cao,3,1,481,89.17,Random Forest,RF_2025_V1
4705,2025-01-01,2025,Information Technology,System Administrator,4,26,33,1,178,False,3,4,4,79536000,6,6,False,0,0.07409705319026576,7.41,0,0.16908819344089202,Thấp,1,0,3857,12.98,Random Forest,RF_2025_V1
4706,2025-01-01,2025,Human Resources,HR Executive,2,39,18,8,244,True,2,3,4,17518000,3,3,False,1,0.24864254322190638,24.86,1,0.16908819344089202,Cao,3,1,669,84.92,Random Forest,RF_2025_V1
4707,2025-01-01,2025,Information Technology,Software Engineer,3,41,22,2,148,False,2,2,3,24216000,3,3,False,0,0.09262729413034478,9.26,0,0.16908819344089202,Thấp,1,0,3172,28.44,Random Forest,RF_2025_V1
4709,2025-01-01,2025,Sales,Sales Supervisor,4,25,36,4,183,True,4,3,3,54143000,2,2,False,0,0.10774026261926636,10.77,0,0.16908819344089202,Trung bình,2,0,2818,36.43,Random Forest,RF_2025_V1
4710,2025-01-01,2025,Finance,Financial Analyst,2,36,34,5,228,True,3,4,3,21255000,4,4,False,0,0.2518026593461977,25.18,1,0.16908819344089202,Cao,3,1,641,85.56,Random Forest,RF_2025_V1
4711,2025-01-01,2025,Operations,Operations Manager,3,45,29,6,214,False,4,2,2,38872000,11,11,False,0,0.21411532471916633,21.41,1,0.16908819344089202,Cao,3,1,984,77.82,Random Forest,RF_2025_V1
4712,2025-01-01,2025,Finance,Financial Analyst,1,53,5,3,161,False,4,3,2,10628000,4,4,False,0,0.11467519803464517,11.47,0,0.16908819344089202,Trung bình,2,0,2602,41.3,Random Forest,RF_2025_V1
4713,2025-01-01,2025,Marketing,Content Specialist,2,25,14,3,209,False,5,2,4,20042000,5,5,False,0,0.14745623684579723,14.75,0,0.16908819344089202,Trung bình,2,0,1840,58.5,Random Forest,RF_2025_V1
4716,2025-01-01,2025,Human Resources,HR Executive,2,25,22,4,199,True,3,4,3,17565000,1,1,False,0,0.14573465883901876,14.57,0,0.16908819344089202,Trung bình,2,0,1868,57.87,Random Forest,RF_2025_V1
4717,2025-01-01,2025,Sales,Sales Supervisor,2,40,3,2,201,True,1,2,3,12701000,4,1,False,1,0.22927102896374,22.93,1,0.16908819344089202,Cao,3,1,834,81.2,Random Forest,RF_2025_V1
4719,2025-01-01,2025,Marketing,Digital Marketing Specialist,3,27,4,2,233,True,3,4,3,20556000,2,0,True,0,0.22563449275395367,22.56,1,0.16908819344089202,Cao,3,1,861,80.59,Random Forest,RF_2025_V1
4722,2025-01-01,2025,Operations,Warehouse Supervisor,2,42,17,5,230,True,4,2,1,19102000,5,5,False,0,0.4666079797083877,46.66,1,0.16908819344089202,Cao,3,1,7,99.86,Random Forest,RF_2025_V1
4725,2025-01-01,2025,Sales,Sales Executive,3,43,13,2,211,True,3,3,3,24343000,6,3,False,0,0.13622530858656967,13.62,0,0.16908819344089202,Trung bình,2,0,2080,53.08,Random Forest,RF_2025_V1
4727,2025-01-01,2025,Human Resources,C&B Specialist,1,36,12,3,179,False,4,3,1,18961000,14,14,False,0,0.12943546047964388,12.94,0,0.16908819344089202,Trung bình,2,0,2260,49.02,Random Forest,RF_2025_V1
4728,2025-01-01,2025,Sales,Sales Supervisor,2,28,4,4,218,True,1,1,3,13403000,1,1,False,0,0.23716014371560984,23.72,1,0.16908819344089202,Cao,3,1,759,82.89,Random Forest,RF_2025_V1
4729,2025-01-01,2025,Finance,Internal Auditor,2,26,31,5,196,False,4,3,2,16707000,4,4,False,0,0.13659129304403644,13.66,0,0.16908819344089202,Trung bình,2,0,2073,53.24,Random Forest,RF_2025_V1
4730,2025-01-01,2025,Information Technology,Software Engineer,3,51,15,8,227,False,2,4,2,43007000,4,4,False,1,0.20224723871463662,20.22,1,0.16908819344089202,Cao,3,1,1113,74.9,Random Forest,RF_2025_V1
4735,2025-01-01,2025,Information Technology,QA Engineer,4,41,35,3,187,False,2,1,4,44857000,12,0,True,0,0.13363953417334912,13.36,0,0.16908819344089202,Trung bình,2,0,2144,51.64,Random Forest,RF_2025_V1
4736,2025-01-01,2025,Information Technology,System Administrator,3,37,11,3,157,False,4,3,4,28710000,6,3,False,0,0.06647359516406194,6.65,0,0.16908819344089202,Thấp,1,0,4106,7.36,Random Forest,RF_2025_V1
4739,2025-01-01,2025,Human Resources,HR Manager,1,44,5,3,164,False,4,3,4,7532000,1,1,False,1,0.09877513266401043,9.88,0,0.16908819344089202,Thấp,1,0,3034,31.55,Random Forest,RF_2025_V1
4740,2025-01-01,2025,Human Resources,HR Executive,5,47,35,6,192,False,3,4,2,68287000,5,2,False,0,0.09397291997701664,9.4,0,0.16908819344089202,Thấp,1,0,3136,29.25,Random Forest,RF_2025_V1
4741,2025-01-01,2025,Marketing,Marketing Manager,1,39,36,1,194,False,4,4,2,11837000,6,6,False,0,0.11547509745330349,11.55,0,0.16908819344089202,Trung bình,2,0,2583,41.73,Random Forest,RF_2025_V1
4746,2025-01-01,2025,Information Technology,IT Support,1,29,28,4,186,False,4,3,3,11214000,8,8,False,0,0.08268568002351011,8.27,0,0.16908819344089202,Thấp,1,0,3498,21.08,Random Forest,RF_2025_V1
4747,2025-01-01,2025,Operations,Operations Executive,1,30,28,3,215,False,3,3,3,15103000,5,5,False,0,0.10876156999843452,10.88,0,0.16908819344089202,Trung bình,2,0,2784,37.19,Random Forest,RF_2025_V1
4748,2025-01-01,2025,Operations,Warehouse Supervisor,2,25,6,4,194,True,4,3,2,12000000,1,0,True,0,0.2011803208053621,20.12,1,0.16908819344089202,Cao,3,1,1127,74.59,Random Forest,RF_2025_V1
4750,2025-01-01,2025,Finance,Accountant,4,54,39,4,173,False,4,3,4,40404000,4,2,False,0,0.06248473711359839,6.25,0,0.16908819344089202,Thấp,1,0,4230,4.56,Random Forest,RF_2025_V1
4751,2025-01-01,2025,Information Technology,System Administrator,1,27,12,6,199,False,3,3,4,7468000,1,1,False,0,0.11665674254223383,11.67,0,0.16908819344089202,Trung bình,2,0,2543,42.63,Random Forest,RF_2025_V1
4752,2025-01-01,2025,Marketing,Content Specialist,4,52,5,3,204,True,4,2,3,36637000,4,1,False,0,0.20056707536396565,20.06,1,0.16908819344089202,Cao,3,1,1133,74.45,Random Forest,RF_2025_V1
4754,2025-01-01,2025,Finance,Accountant,1,50,29,4,233,False,4,1,2,9844000,4,4,False,0,0.2803333029080011,28.03,1,0.16908819344089202,Cao,3,1,426,90.41,Random Forest,RF_2025_V1
4756,2025-01-01,2025,Sales,Sales Representative,3,47,31,4,185,False,4,4,3,27135000,13,0,True,0,0.06567931511812995,6.57,0,0.16908819344089202,Thấp,1,0,4128,6.86,Random Forest,RF_2025_V1
4757,2025-01-01,2025,Sales,Sales Representative,1,47,23,8,267,True,2,1,3,12232000,4,4,False,0,0.40834658888945935,40.83,1,0.16908819344089202,Cao,3,1,34,99.26,Random Forest,RF_2025_V1
4759,2025-01-01,2025,Marketing,Marketing Executive,3,44,8,3,213,False,2,2,3,23255000,1,1,False,1,0.11875272413862288,11.88,0,0.16908819344089202,Trung bình,2,0,2505,43.49,Random Forest,RF_2025_V1
4764,2025-01-01,2025,Information Technology,System Administrator,1,34,4,3,164,False,4,2,2,11246000,1,1,False,0,0.1582414355716826,15.82,0,0.16908819344089202,Trung bình,2,0,1651,62.76,Random Forest,RF_2025_V1
4767,2025-01-01,2025,Marketing,Digital Marketing Specialist,3,29,11,6,238,True,3,3,2,22293000,1,1,False,1,0.331140996087246,33.11,1,0.16908819344089202,Cao,3,1,214,95.19,Random Forest,RF_2025_V1
4769,2025-01-01,2025,Information Technology,Software Engineer,2,30,8,6,233,False,4,2,4,12000000,1,0,True,1,0.21982155953333518,21.98,1,0.16908819344089202,Cao,3,1,921,79.24,Random Forest,RF_2025_V1
4774,2025-01-01,2025,Sales,Sales Supervisor,1,40,30,4,187,False,3,3,1,15172000,15,15,False,0,0.1387669558284713,13.88,0,0.16908819344089202,Trung bình,2,0,2012,54.62,Random Forest,RF_2025_V1
4775,2025-01-01,2025,Operations,Procurement Specialist,1,46,37,3,209,True,2,2,1,14623000,3,3,False,0,0.28120605675337323,28.12,1,0.16908819344089202,Cao,3,1,420,90.54,Random Forest,RF_2025_V1
4776,2025-01-01,2025,Sales,Account Manager,1,46,13,1,218,True,3,3,4,16348000,8,8,False,0,0.1739483515291306,17.39,1,0.16908819344089202,Cao,3,1,1428,67.8,Random Forest,RF_2025_V1
4778,2025-01-01,2025,Information Technology,Software Engineer,2,27,8,4,213,True,4,3,1,18168000,3,3,False,1,0.15778797451363816,15.78,0,0.16908819344089202,Trung bình,2,0,1658,62.6,Random Forest,RF_2025_V1
4783,2025-01-01,2025,Human Resources,HR Executive,3,35,19,6,221,False,3,3,4,27086000,8,0,True,0,0.1403905071856114,14.04,0,0.16908819344089202,Trung bình,2,0,1970,55.56,Random Forest,RF_2025_V1
4784,2025-01-01,2025,Operations,Operations Manager,1,44,9,2,226,True,5,4,3,14045000,3,3,False,0,0.21316563070620106,21.32,1,0.16908819344089202,Cao,3,1,995,77.57,Random Forest,RF_2025_V1
4785,2025-01-01,2025,Information Technology,IT Support,3,26,35,2,253,True,4,4,2,35095000,6,1,False,0,0.2780086778399401,27.8,1,0.16908819344089202,Cao,3,1,446,89.96,Random Forest,RF_2025_V1
4786,2025-01-01,2025,Human Resources,HR Manager,3,27,19,3,159,False,5,3,1,35082000,6,6,False,0,0.10773312109340386,10.77,0,0.16908819344089202,Trung bình,2,0,2819,36.4,Random Forest,RF_2025_V1
4787,2025-01-01,2025,Sales,Sales Representative,3,34,32,8,217,False,4,3,3,31937000,1,1,False,0,0.1042956628865449,10.43,0,0.16908819344089202,Trung bình,2,0,2895,34.69,Random Forest,RF_2025_V1
4788,2025-01-01,2025,Information Technology,QA Engineer,5,40,22,4,169,False,3,1,3,65757000,10,0,True,0,0.1287519025069995,12.88,0,0.16908819344089202,Trung bình,2,0,2270,48.79,Random Forest,RF_2025_V1
4789,2025-01-01,2025,Sales,Sales Executive,1,46,33,1,168,False,3,4,4,17546000,7,7,False,0,0.07852881748129303,7.85,0,0.16908819344089202,Thấp,1,0,3686,16.84,Random Forest,RF_2025_V1
4792,2025-01-01,2025,Human Resources,HR Executive,1,37,22,1,193,True,3,1,1,13444000,2,2,False,0,0.2543116045924243,25.43,1,0.16908819344089202,Cao,3,1,618,86.08,Random Forest,RF_2025_V1
4800,2025-01-01,2025,Sales,Account Manager,1,42,37,7,227,False,4,1,3,15648000,12,12,False,1,0.26763309805994734,26.76,1,0.16908819344089202,Cao,3,1,517,88.35,Random Forest,RF_2025_V1
4802,2025-01-01,2025,Operations,Operations Executive,2,41,11,4,232,True,4,4,4,19008000,1,1,False,0,0.20877691356466188,20.88,1,0.16908819344089202,Cao,3,1,1047,76.39,Random Forest,RF_2025_V1
4804,2025-01-01,2025,Marketing,Marketing Executive,1,54,25,6,211,False,3,4,1,13495000,9,9,False,0,0.14348485417079548,14.35,0,0.16908819344089202,Trung bình,2,0,1901,57.12,Random Forest,RF_2025_V1
4811,2025-01-01,2025,Sales,Sales Representative,1,27,25,5,232,False,4,3,3,8770000,1,1,False,0,0.13454018825577588,13.45,0,0.16908819344089202,Trung bình,2,0,2123,52.11,Random Forest,RF_2025_V1
4813,2025-01-01,2025,Sales,Account Manager,2,33,25,3,210,False,1,2,4,13963000,1,1,False,0,0.11871844308237788,11.87,0,0.16908819344089202,Trung bình,2,0,2508,43.42,Random Forest,RF_2025_V1
4815,2025-01-01,2025,Sales,Account Manager,1,30,36,1,145,False,4,4,1,12295000,5,5,False,0,0.11481181256123724,11.48,0,0.16908819344089202,Trung bình,2,0,2599,41.37,Random Forest,RF_2025_V1
4816,2025-01-01,2025,Information Technology,System Administrator,2,28,23,6,216,False,2,2,4,16823000,5,1,False,0,0.14847760976118424,14.85,0,0.16908819344089202,Trung bình,2,0,1816,59.04,Random Forest,RF_2025_V1
4821,2025-01-01,2025,Sales,Account Manager,1,36,1,2,219,False,3,3,4,15986000,5,5,False,0,0.12040700658367538,12.04,0,0.16908819344089202,Trung bình,2,0,2461,44.48,Random Forest,RF_2025_V1
4823,2025-01-01,2025,Operations,Operations Manager,2,41,8,1,225,True,2,2,2,14776000,13,3,False,1,0.3987809916624997,39.88,1,0.16908819344089202,Cao,3,1,56,98.76,Random Forest,RF_2025_V1
4824,2025-01-01,2025,Marketing,Digital Marketing Specialist,2,54,28,3,194,False,4,3,1,22522000,10,10,False,0,0.11077544312984465,11.08,0,0.16908819344089202,Trung bình,2,0,2732,38.37,Random Forest,RF_2025_V1
4828,2025-01-01,2025,Information Technology,Data Analyst,4,33,16,1,148,False,3,4,3,46054000,2,2,False,0,0.06079292622235586,6.08,0,0.16908819344089202,Thấp,1,0,4281,3.41,Random Forest,RF_2025_V1
4835,2025-01-01,2025,Human Resources,HR Manager,1,42,4,3,166,False,3,4,4,13141000,10,10,False,0,0.078575704685645,7.86,0,0.16908819344089202,Thấp,1,0,3682,16.93,Random Forest,RF_2025_V1
4841,2025-01-01,2025,Information Technology,Software Engineer,4,41,17,5,201,False,3,3,2,50218000,5,5,False,0,0.11688925546100688,11.69,0,0.16908819344089202,Trung bình,2,0,2538,42.74,Random Forest,RF_2025_V1
4845,2025-01-01,2025,Finance,Accountant,2,31,35,2,217,True,4,2,3,17784000,6,3,False,0,0.2444612760637147,24.45,1,0.16908819344089202,Cao,3,1,705,84.11,Random Forest,RF_2025_V1
4850,2025-01-01,2025,Finance,Finance Manager,1,42,8,5,236,True,3,3,2,9522000,2,2,False,0,0.27570140420133393,27.57,1,0.16908819344089202,Cao,3,1,459,89.66,Random Forest,RF_2025_V1
4852,2025-01-01,2025,Marketing,Marketing Manager,2,30,5,3,174,False,4,4,2,16877000,2,2,False,0,0.07888226887885547,7.89,0,0.16908819344089202,Thấp,1,0,3671,17.17,Random Forest,RF_2025_V1
4855,2025-01-01,2025,Operations,Warehouse Supervisor,2,32,28,3,197,False,4,4,3,24819000,3,3,False,0,0.06273590241005539,6.27,0,0.16908819344089202,Thấp,1,0,4221,4.76,Random Forest,RF_2025_V1
4858,2025-01-01,2025,Marketing,Content Specialist,1,54,20,1,172,False,2,4,2,15331000,5,5,False,0,0.10320764848255032,10.32,0,0.16908819344089202,Trung bình,2,0,2915,34.24,Random Forest,RF_2025_V1
4860,2025-01-01,2025,Sales,Sales Supervisor,1,41,13,8,220,False,4,3,4,11238000,3,3,False,1,0.11152485044754229,11.15,0,0.16908819344089202,Trung bình,2,0,2703,39.02,Random Forest,RF_2025_V1
4863,2025-01-01,2025,Human Resources,Recruiter,1,49,35,3,237,True,4,4,3,9655000,5,5,False,0,0.21641734314404062,21.64,1,0.16908819344089202,Cao,3,1,959,78.38,Random Forest,RF_2025_V1
4866,2025-01-01,2025,Operations,Procurement Specialist,4,34,9,5,208,False,3,4,4,40634000,1,0,True,0,0.08323142803648147,8.32,0,0.16908819344089202,Thấp,1,0,3479,21.51,Random Forest,RF_2025_V1
4867,2025-01-01,2025,Operations,Procurement Specialist,3,39,30,3,190,True,3,1,3,25531000,14,1,False,1,0.23797503071442624,23.8,1,0.16908819344089202,Cao,3,1,749,83.12,Random Forest,RF_2025_V1
4868,2025-01-01,2025,Finance,Accountant,1,55,30,3,233,True,4,3,3,11522000,2,2,False,0,0.1983215422727152,19.83,1,0.16908819344089202,Cao,3,1,1152,74.02,Random Forest,RF_2025_V1
4869,2025-01-01,2025,Information Technology,System Administrator,3,36,28,5,191,False,3,2,3,38460000,2,2,False,0,0.1070562186136259,10.71,0,0.16908819344089202,Trung bình,2,0,2838,35.97,Random Forest,RF_2025_V1
4870,2025-01-01,2025,Finance,Financial Analyst,3,49,31,1,195,True,4,1,3,28689000,10,5,False,0,0.2709864115107512,27.1,1,0.16908819344089202,Cao,3,1,488,89.01,Random Forest,RF_2025_V1
4875,2025-01-01,2025,Information Technology,System Administrator,4,52,39,4,213,True,3,4,3,43746000,7,3,False,0,0.13059664402753413,13.06,0,0.16908819344089202,Trung bình,2,0,2231,49.67,Random Forest,RF_2025_V1
4879,2025-01-01,2025,Human Resources,C&B Specialist,1,26,18,2,230,True,4,4,3,9956000,1,1,False,0,0.2137562962603046,21.38,1,0.16908819344089202,Cao,3,1,991,77.66,Random Forest,RF_2025_V1
4882,2025-01-01,2025,Sales,Sales Executive,2,47,31,3,208,False,3,3,3,15352000,2,2,False,0,0.0646658361326966,6.47,0,0.16908819344089202,Thấp,1,0,4161,6.12,Random Forest,RF_2025_V1
4883,2025-01-01,2025,Marketing,Marketing Manager,2,32,30,8,193,False,4,4,3,14936000,11,4,False,1,0.08809652844664823,8.81,0,0.16908819344089202,Thấp,1,0,3321,25.07,Random Forest,RF_2025_V1
4884,2025-01-01,2025,Sales,Sales Executive,2,31,17,4,184,False,3,1,3,22848000,5,5,False,0,0.14726209166420365,14.73,0,0.16908819344089202,Trung bình,2,0,1844,58.41,Random Forest,RF_2025_V1
4885,2025-01-01,2025,Marketing,Digital Marketing Specialist,1,54,30,8,210,False,5,1,3,7757000,1,1,False,0,0.166552829390441,16.66,0,0.16908819344089202,Trung bình,2,0,1525,65.61,Random Forest,RF_2025_V1
4887,2025-01-01,2025,Operations,Operations Executive,4,52,4,6,186,False,4,3,2,35000000,2,0,True,0,0.11112076691909581,11.11,0,0.16908819344089202,Trung bình,2,0,2718,38.68,Random Forest,RF_2025_V1
4890,2025-01-01,2025,Sales,Sales Representative,3,48,18,4,155,False,3,4,3,28445000,9,0,True,0,0.0626669637443225,6.27,0,0.16908819344089202,Thấp,1,0,4223,4.72,Random Forest,RF_2025_V1
4891,2025-01-01,2025,Sales,Sales Executive,1,26,15,3,219,True,5,2,4,11526000,1,1,False,0,0.23486046635026908,23.49,1,0.16908819344089202,Cao,3,1,780,82.42,Random Forest,RF_2025_V1
4893,2025-01-01,2025,Operations,Operations Executive,2,46,14,5,226,False,4,1,2,15233000,1,1,False,1,0.25979295663909513,25.98,1,0.16908819344089202,Cao,3,1,581,86.91,Random Forest,RF_2025_V1
4894,2025-01-01,2025,Human Resources,C&B Specialist,3,41,10,3,183,False,4,3,4,26361000,1,1,False,0,0.07438939379756805,7.44,0,0.16908819344089202,Thấp,1,0,3845,13.25,Random Forest,RF_2025_V1
4899,2025-01-01,2025,Finance,Financial Analyst,3,53,3,5,169,False,3,1,4,40628000,5,5,False,0,0.1474459462347946,14.74,0,0.16908819344089202,Trung bình,2,0,1841,58.47,Random Forest,RF_2025_V1
4900,2025-01-01,2025,Operations,Operations Manager,2,46,12,5,192,False,3,2,4,17532000,9,2,False,0,0.11124956262035585,11.12,0,0.16908819344089202,Trung bình,2,0,2714,38.77,Random Forest,RF_2025_V1
4901,2025-01-01,2025,Operations,Operations Executive,3,31,40,1,211,True,3,2,3,33902000,1,1,False,0,0.23137625753912094,23.14,1,0.16908819344089202,Cao,3,1,818,81.56,Random Forest,RF_2025_V1
4902,2025-01-01,2025,Human Resources,HR Executive,3,32,12,5,198,True,3,3,4,30766000,4,2,False,0,0.12725338793863136,12.73,0,0.16908819344089202,Trung bình,2,0,2296,48.21,Random Forest,RF_2025_V1
4904,2025-01-01,2025,Human Resources,HR Manager,4,47,25,2,198,False,4,2,2,39184000,1,1,False,0,0.16430226827534197,16.43,0,0.16908819344089202,Trung bình,2,0,1557,64.88,Random Forest,RF_2025_V1
4905,2025-01-01,2025,Information Technology,IT Support,1,29,8,2,157,False,3,4,2,13220000,3,3,False,0,0.07200473192704665,7.2,0,0.16908819344089202,Thấp,1,0,3925,11.44,Random Forest,RF_2025_V1
4907,2025-01-01,2025,Human Resources,HR Executive,1,29,1,5,198,False,3,1,4,13636000,9,9,False,0,0.14968237222406303,14.97,0,0.16908819344089202,Trung bình,2,0,1802,59.35,Random Forest,RF_2025_V1
4910,2025-01-01,2025,Finance,Financial Analyst,1,46,7,4,207,False,3,4,3,13821000,9,9,False,0,0.08196806196882117,8.2,0,0.16908819344089202,Thấp,1,0,3528,20.4,Random Forest,RF_2025_V1
4912,2025-01-01,2025,Marketing,Content Specialist,2,28,11,4,209,True,3,4,3,18917000,6,1,False,0,0.12963609504824192,12.96,0,0.16908819344089202,Trung bình,2,0,2254,49.15,Random Forest,RF_2025_V1
4914,2025-01-01,2025,Finance,Accountant,1,52,11,2,203,False,4,3,4,11085000,1,1,False,0,0.07232986391539441,7.23,0,0.16908819344089202,Thấp,1,0,3919,11.58,Random Forest,RF_2025_V1
4915,2025-01-01,2025,Sales,Sales Supervisor,1,28,29,6,227,True,3,2,3,9691000,1,1,False,1,0.3341177122341597,33.41,1,0.16908819344089202,Cao,3,1,204,95.42,Random Forest,RF_2025_V1
4917,2025-01-01,2025,Operations,Operations Executive,2,46,12,4,222,True,4,3,3,15399000,15,5,False,0,0.28044167728763225,28.04,1,0.16908819344089202,Cao,3,1,425,90.43,Random Forest,RF_2025_V1
4918,2025-01-01,2025,Finance,Internal Auditor,2,26,14,1,206,True,4,2,3,14662000,3,1,False,0,0.2329213328091203,23.29,1,0.16908819344089202,Cao,3,1,801,81.95,Random Forest,RF_2025_V1
4920,2025-01-01,2025,Information Technology,Data Analyst,2,32,14,2,180,False,4,3,4,17338000,5,4,False,0,0.07521930440214403,7.52,0,0.16908819344089202,Thấp,1,0,3816,13.9,Random Forest,RF_2025_V1
4923,2025-01-01,2025,Information Technology,IT Support,3,27,19,1,151,False,4,4,4,31032000,3,3,False,0,0.05573593663100245,5.57,0,0.16908819344089202,Thấp,1,0,4379,1.2,Random Forest,RF_2025_V1
4926,2025-01-01,2025,Human Resources,Recruiter,1,34,4,6,151,False,3,2,3,11101000,10,10,False,0,0.1704541068744452,17.05,1,0.16908819344089202,Cao,3,1,1475,66.73,Random Forest,RF_2025_V1
4927,2025-01-01,2025,Human Resources,HR Executive,2,28,22,5,196,False,4,4,1,24716000,7,7,False,0,0.11486458537213741,11.49,0,0.16908819344089202,Trung bình,2,0,2597,41.41,Random Forest,RF_2025_V1
4928,2025-01-01,2025,Human Resources,HR Manager,4,55,16,6,211,False,4,3,4,45568000,15,2,False,0,0.09698179035223803,9.7,0,0.16908819344089202,Thấp,1,0,3065,30.85,Random Forest,RF_2025_V1
4929,2025-01-01,2025,Marketing,Marketing Manager,3,36,29,7,203,False,3,1,3,25239000,2,2,False,1,0.11105406457863577,11.11,0,0.16908819344089202,Trung bình,2,0,2722,38.59,Random Forest,RF_2025_V1
4930,2025-01-01,2025,Information Technology,Data Analyst,3,48,19,5,199,False,4,2,2,32985000,1,1,False,1,0.17107664945517073,17.11,1,0.16908819344089202,Cao,3,1,1462,67.03,Random Forest,RF_2025_V1
4931,2025-01-01,2025,Sales,Sales Supervisor,2,28,3,3,213,False,2,3,3,18884000,5,5,False,0,0.08999002663246636,9.0,0,0.16908819344089202,Thấp,1,0,3267,26.29,Random Forest,RF_2025_V1
4935,2025-01-01,2025,Operations,Procurement Specialist,4,33,32,3,197,True,3,3,3,56901000,6,4,False,0,0.1526564734795682,15.27,0,0.16908819344089202,Trung bình,2,0,1738,60.8,Random Forest,RF_2025_V1
4936,2025-01-01,2025,Operations,Operations Manager,1,41,17,5,183,False,4,4,4,7838000,1,1,False,1,0.08131640727381297,8.13,0,0.16908819344089202,Thấp,1,0,3555,19.79,Random Forest,RF_2025_V1
4937,2025-01-01,2025,Marketing,Marketing Manager,2,39,39,1,172,False,4,1,1,15977000,2,2,False,0,0.13154120298138755,13.15,0,0.16908819344089202,Trung bình,2,0,2207,50.21,Random Forest,RF_2025_V1
4939,2025-01-01,2025,Finance,Financial Analyst,1,34,33,4,200,False,3,4,2,12903000,4,4,False,0,0.11914015815360422,11.91,0,0.16908819344089202,Trung bình,2,0,2494,43.74,Random Forest,RF_2025_V1
4940,2025-01-01,2025,Marketing,Marketing Executive,3,49,13,3,204,False,2,3,4,24953000,8,1,False,0,0.06407350357314687,6.41,0,0.16908819344089202,Thấp,1,0,4180,5.69,Random Forest,RF_2025_V1
4942,2025-01-01,2025,Human Resources,Recruiter,1,36,33,1,204,True,3,3,2,18544000,11,11,False,0,0.21782710080842696,21.78,1,0.16908819344089202,Cao,3,1,943,78.74,Random Forest,RF_2025_V1
4943,2025-01-01,2025,Marketing,Digital Marketing Specialist,2,46,22,5,216,True,4,3,4,18346000,12,6,False,1,0.1798634116301995,17.99,1,0.16908819344089202,Cao,3,1,1338,69.83,Random Forest,RF_2025_V1
4951,2025-01-01,2025,Finance,Financial Analyst,5,51,21,2,156,False,3,2,1,63897000,6,3,False,0,0.17569367669982225,17.57,1,0.16908819344089202,Cao,3,1,1400,68.43,Random Forest,RF_2025_V1
4953,2025-01-01,2025,Finance,Accountant,2,40,9,6,252,False,3,2,3,19175000,13,0,True,0,0.23793013906775162,23.79,1,0.16908819344089202,Cao,3,1,751,83.07,Random Forest,RF_2025_V1
4956,2025-01-01,2025,Sales,Account Manager,3,50,14,3,199,True,2,2,3,22460000,4,0,True,0,0.23406721107224437,23.41,1,0.16908819344089202,Cao,3,1,792,82.15,Random Forest,RF_2025_V1
4962,2025-01-01,2025,Marketing,Marketing Manager,3,32,11,8,244,False,4,4,4,37102000,8,8,False,0,0.17761363327827534,17.76,1,0.16908819344089202,Cao,3,1,1367,69.17,Random Forest,RF_2025_V1
4964,2025-01-01,2025,Marketing,Marketing Executive,1,44,22,7,227,True,3,4,3,15808000,9,9,False,0,0.3167483275892612,31.67,1,0.16908819344089202,Cao,3,1,263,94.09,Random Forest,RF_2025_V1
4966,2025-01-01,2025,Operations,Warehouse Supervisor,2,26,8,4,216,True,3,4,1,21520000,6,6,False,0,0.2571311701400954,25.71,1,0.16908819344089202,Cao,3,1,598,86.53,Random Forest,RF_2025_V1
4969,2025-01-01,2025,Information Technology,System Administrator,1,42,39,4,195,False,2,3,3,10299000,1,1,False,0,0.0791927249053913,7.92,0,0.16908819344089202,Thấp,1,0,3657,17.49,Random Forest,RF_2025_V1
4970,2025-01-01,2025,Marketing,Marketing Executive,2,32,37,5,200,False,3,2,2,16710000,3,3,False,0,0.14496651210468148,14.5,0,0.16908819344089202,Trung bình,2,0,1876,57.68,Random Forest,RF_2025_V1
4971,2025-01-01,2025,Sales,Sales Executive,1,37,12,2,174,False,4,3,3,13149000,2,2,False,0,0.05661893589676577,5.66,0,0.16908819344089202,Thấp,1,0,4368,1.44,Random Forest,RF_2025_V1
4975,2025-01-01,2025,Sales,Sales Executive,2,42,12,5,227,True,3,3,3,12889000,1,0,True,0,0.2318484835359369,23.18,1,0.16908819344089202,Cao,3,1,813,81.67,Random Forest,RF_2025_V1
4976,2025-01-01,2025,Sales,Account Manager,4,48,13,5,197,False,2,4,4,38548000,5,1,False,0,0.07188271576294696,7.19,0,0.16908819344089202,Thấp,1,0,3935,11.22,Random Forest,RF_2025_V1
4985,2025-01-01,2025,Information Technology,IT Support,2,34,36,3,165,True,3,4,2,17152000,4,4,False,0,0.20540356954044392,20.54,1,0.16908819344089202,Cao,3,1,1090,75.42,Random Forest,RF_2025_V1
4989,2025-01-01,2025,Sales,Account Manager,2,41,18,4,204,False,3,4,3,18604000,4,0,True,0,0.0794360293487733,7.94,0,0.16908819344089202,Thấp,1,0,3647,17.72,Random Forest,RF_2025_V1
4991,2025-01-01,2025,Operations,Operations Executive,4,33,22,3,206,True,3,1,4,36928000,9,1,False,0,0.22455669718979365,22.46,1,0.16908819344089202,Cao,3,1,872,80.34,Random Forest,RF_2025_V1
4994,2025-01-01,2025,Marketing,Digital Marketing Specialist,3,26,6,4,202,False,2,3,3,20000000,1,0,True,0,0.08885460264924051,8.89,0,0.16908819344089202,Thấp,1,0,3296,25.64,Random Forest,RF_2025_V1
5002,2025-01-01,2025,Finance,Financial Analyst,1,32,15,2,161,False,3,3,3,10456000,1,1,False,0,0.07843245803565306,7.84,0,0.16908819344089202,Thấp,1,0,3691,16.72,Random Forest,RF_2025_V1
5003,2025-01-01,2025,Human Resources,Recruiter,3,29,36,6,184,False,3,3,3,22919000,6,2,False,0,0.08096059068401944,8.1,0,0.16908819344089202,Thấp,1,0,3572,19.41,Random Forest,RF_2025_V1
5004,2025-01-01,2025,Information Technology,IT Support,2,51,7,3,208,True,2,4,4,20656000,14,0,True,0,0.14438500188350298,14.44,0,0.16908819344089202,Trung bình,2,0,1885,57.48,Random Forest,RF_2025_V1
5005,2025-01-01,2025,Operations,Procurement Specialist,1,44,1,6,199,False,2,2,2,16750000,8,8,False,0,0.21051152472981266,21.05,1,0.16908819344089202,Cao,3,1,1024,76.91,Random Forest,RF_2025_V1
5007,2025-01-01,2025,Operations,Warehouse Supervisor,1,41,40,2,182,False,4,4,3,13588000,3,3,False,0,0.06163985251589123,6.16,0,0.16908819344089202,Thấp,1,0,4251,4.08,Random Forest,RF_2025_V1
5008,2025-01-01,2025,Finance,Internal Auditor,1,29,31,4,201,False,3,3,3,11315000,5,5,False,0,0.0884185848292038,8.84,0,0.16908819344089202,Thấp,1,0,3310,25.32,Random Forest,RF_2025_V1
5009,2025-01-01,2025,Human Resources,Recruiter,1,50,5,7,273,True,3,4,3,11966000,1,1,False,0,0.2727262343200363,27.27,1,0.16908819344089202,Cao,3,1,478,89.23,Random Forest,RF_2025_V1
5012,2025-01-01,2025,Marketing,Marketing Manager,2,40,20,4,199,False,4,3,4,14961000,3,1,False,0,0.05553226281396724,5.55,0,0.16908819344089202,Thấp,1,0,4387,1.02,Random Forest,RF_2025_V1
5013,2025-01-01,2025,Sales,Sales Executive,2,33,6,2,160,False,2,2,4,14216000,1,1,False,0,0.10132190119484331,10.13,0,0.16908819344089202,Trung bình,2,0,2963,33.15,Random Forest,RF_2025_V1
5014,2025-01-01,2025,Human Resources,C&B Specialist,2,53,37,5,197,False,3,4,3,15787000,1,1,False,0,0.08386827141056546,8.39,0,0.16908819344089202,Thấp,1,0,3465,21.82,Random Forest,RF_2025_V1
5021,2025-01-01,2025,Marketing,Marketing Executive,2,38,35,3,183,False,3,3,2,18520000,3,3,False,0,0.07322241574387078,7.32,0,0.16908819344089202,Thấp,1,0,3896,12.1,Random Forest,RF_2025_V1
5022,2025-01-01,2025,Sales,Sales Executive,4,53,20,2,178,False,3,3,4,68789000,12,12,False,0,0.08344515585921054,8.34,0,0.16908819344089202,Thấp,1,0,3473,21.64,Random Forest,RF_2025_V1
5025,2025-01-01,2025,Marketing,Content Specialist,3,39,9,3,178,False,3,4,4,24199000,15,3,False,0,0.06712686986459154,6.71,0,0.16908819344089202,Thấp,1,0,4085,7.83,Random Forest,RF_2025_V1
5026,2025-01-01,2025,Information Technology,QA Engineer,1,47,33,2,189,False,4,4,1,12195000,6,6,False,0,0.1129983919691563,11.3,0,0.16908819344089202,Trung bình,2,0,2659,40.01,Random Forest,RF_2025_V1
5029,2025-01-01,2025,Human Resources,HR Manager,1,36,34,4,197,False,3,3,4,12068000,7,7,False,0,0.0805929114246074,8.06,0,0.16908819344089202,Thấp,1,0,3591,18.98,Random Forest,RF_2025_V1
5031,2025-01-01,2025,Sales,Sales Representative,1,25,23,5,196,False,3,1,3,10891000,3,3,False,0,0.09614556667749193,9.61,0,0.16908819344089202,Thấp,1,0,3087,30.35,Random Forest,RF_2025_V1
5033,2025-01-01,2025,Finance,Internal Auditor,4,55,26,1,160,False,3,1,4,54613000,15,4,False,0,0.153271300469304,15.33,0,0.16908819344089202,Trung bình,2,0,1731,60.96,Random Forest,RF_2025_V1
5035,2025-01-01,2025,Marketing,Marketing Executive,1,42,5,5,223,False,4,4,1,15701000,14,14,False,0,0.21797122152909362,21.8,1,0.16908819344089202,Cao,3,1,942,78.76,Random Forest,RF_2025_V1
5036,2025-01-01,2025,Finance,Finance Manager,1,43,1,3,201,False,3,3,2,11733000,2,2,False,0,0.09037124129317163,9.04,0,0.16908819344089202,Thấp,1,0,3257,26.52,Random Forest,RF_2025_V1
5037,2025-01-01,2025,Sales,Sales Executive,2,55,19,4,188,False,4,4,3,19507000,12,5,False,0,0.08422424944011798,8.42,0,0.16908819344089202,Thấp,1,0,3448,22.21,Random Forest,RF_2025_V1
5038,2025-01-01,2025,Information Technology,System Administrator,3,33,24,1,200,True,4,2,1,35428000,9,2,False,1,0.2788915890766285,27.89,1,0.16908819344089202,Cao,3,1,436,90.18,Random Forest,RF_2025_V1
5039,2025-01-01,2025,Finance,Accountant,5,47,8,7,205,False,5,2,4,78051000,3,0,True,0,0.16142631805327595,16.14,0,0.16908819344089202,Trung bình,2,0,1594,64.05,Random Forest,RF_2025_V1
5042,2025-01-01,2025,Operations,Procurement Specialist,1,45,2,1,169,False,4,3,3,12483000,1,1,False,0,0.08398283582379279,8.4,0,0.16908819344089202,Thấp,1,0,3461,21.91,Random Forest,RF_2025_V1
5045,2025-01-01,2025,Information Technology,System Administrator,2,32,39,2,184,False,3,1,4,17297000,6,3,False,0,0.10889785954837393,10.89,0,0.16908819344089202,Trung bình,2,0,2780,37.28,Random Forest,RF_2025_V1
5046,2025-01-01,2025,Human Resources,Recruiter,2,46,5,2,206,True,3,4,3,12958000,3,1,False,1,0.13053442920378605,13.05,0,0.16908819344089202,Trung bình,2,0,2234,49.61,Random Forest,RF_2025_V1
5048,2025-01-01,2025,Operations,Procurement Specialist,5,38,4,5,217,True,3,2,3,59848000,8,1,False,1,0.21511094484649892,21.51,1,0.16908819344089202,Cao,3,1,974,78.04,Random Forest,RF_2025_V1
5049,2025-01-01,2025,Marketing,Marketing Manager,3,37,35,7,224,False,4,4,3,37700000,4,4,False,0,0.14389209673546907,14.39,0,0.16908819344089202,Trung bình,2,0,1894,57.28,Random Forest,RF_2025_V1
5052,2025-01-01,2025,Human Resources,HR Executive,2,55,12,3,211,True,4,2,4,14444000,2,2,False,0,0.21421017252230945,21.42,1,0.16908819344089202,Cao,3,1,982,77.86,Random Forest,RF_2025_V1
5053,2025-01-01,2025,Finance,Internal Auditor,2,53,10,3,164,False,3,4,2,16575000,3,3,False,0,0.08264415337251528,8.26,0,0.16908819344089202,Thấp,1,0,3502,20.99,Random Forest,RF_2025_V1
5054,2025-01-01,2025,Information Technology,QA Engineer,1,32,18,5,242,True,5,2,4,12896000,5,5,False,0,0.3867512171801759,38.68,1,0.16908819344089202,Cao,3,1,74,98.35,Random Forest,RF_2025_V1
5056,2025-01-01,2025,Human Resources,C&B Specialist,5,29,7,5,217,False,4,3,4,67211000,2,0,True,0,0.09110319568314251,9.11,0,0.16908819344089202,Thấp,1,0,3228,27.17,Random Forest,RF_2025_V1
5058,2025-01-01,2025,Information Technology,Data Analyst,1,30,37,5,243,True,5,3,3,10137000,2,2,False,0,0.19838021761652652,19.84,1,0.16908819344089202,Cao,3,1,1151,74.05,Random Forest,RF_2025_V1
5059,2025-01-01,2025,Operations,Warehouse Supervisor,3,39,8,3,214,False,4,3,1,47955000,5,5,False,1,0.12984801553684996,12.98,0,0.16908819344089202,Trung bình,2,0,2246,49.33,Random Forest,RF_2025_V1
5064,2025-01-01,2025,Marketing,Content Specialist,2,43,20,2,190,False,4,4,1,19653000,1,1,False,0,0.10539293139741246,10.54,0,0.16908819344089202,Trung bình,2,0,2873,35.18,Random Forest,RF_2025_V1
5068,2025-01-01,2025,Information Technology,Software Engineer,1,42,2,2,198,True,2,4,1,8566000,3,3,False,0,0.1524589605112145,15.25,0,0.16908819344089202,Trung bình,2,0,1742,60.71,Random Forest,RF_2025_V1
5069,2025-01-01,2025,Operations,Procurement Specialist,2,54,6,3,178,False,3,3,4,20880000,4,4,False,0,0.08674083902315505,8.67,0,0.16908819344089202,Thấp,1,0,3361,24.17,Random Forest,RF_2025_V1
5075,2025-01-01,2025,Operations,Warehouse Supervisor,2,46,1,6,203,True,4,4,3,20260000,2,2,False,0,0.16727396027156366,16.73,0,0.16908819344089202,Trung bình,2,0,1514,65.85,Random Forest,RF_2025_V1
5077,2025-01-01,2025,Finance,Financial Analyst,3,55,18,4,204,True,3,4,3,25839000,6,4,False,1,0.17703005577440692,17.7,1,0.16908819344089202,Cao,3,1,1378,68.92,Random Forest,RF_2025_V1
5079,2025-01-01,2025,Finance,Financial Analyst,4,49,35,7,212,True,4,3,1,50875000,10,5,False,0,0.24858893644486618,24.86,1,0.16908819344089202,Cao,3,1,671,84.88,Random Forest,RF_2025_V1
5082,2025-01-01,2025,Information Technology,IT Support,3,43,3,1,152,False,4,4,3,33512000,1,1,False,0,0.07103414744599625,7.1,0,0.16908819344089202,Thấp,1,0,3964,10.56,Random Forest,RF_2025_V1
5084,2025-01-01,2025,Human Resources,HR Manager,4,28,36,2,189,False,3,2,3,59170000,2,2,False,0,0.10231518138742765,10.23,0,0.16908819344089202,Trung bình,2,0,2941,33.65,Random Forest,RF_2025_V1
5086,2025-01-01,2025,Finance,Financial Analyst,4,39,9,4,203,False,4,4,4,40350000,11,2,False,0,0.06933839507396297,6.93,0,0.16908819344089202,Thấp,1,0,4018,9.34,Random Forest,RF_2025_V1
5087,2025-01-01,2025,Information Technology,QA Engineer,1,41,38,6,190,False,3,2,2,9779000,3,3,False,1,0.1607035621592414,16.07,0,0.16908819344089202,Trung bình,2,0,1608,63.73,Random Forest,RF_2025_V1
5088,2025-01-01,2025,Information Technology,IT Support,2,40,26,4,179,False,3,3,3,23759000,5,5,False,0,0.07397564280716476,7.4,0,0.16908819344089202,Thấp,1,0,3864,12.82,Random Forest,RF_2025_V1
5093,2025-01-01,2025,Information Technology,Data Analyst,1,50,4,5,221,False,3,1,4,18681000,7,7,False,1,0.2218275905399517,22.18,1,0.16908819344089202,Cao,3,1,899,79.73,Random Forest,RF_2025_V1
5094,2025-01-01,2025,Marketing,Marketing Manager,1,52,11,1,159,False,2,3,2,12630000,7,7,False,0,0.10948245340495232,10.95,0,0.16908819344089202,Trung bình,2,0,2765,37.62,Random Forest,RF_2025_V1
5098,2025-01-01,2025,Sales,Account Manager,3,40,37,5,224,True,2,4,3,22576000,5,2,False,0,0.21287054067435204,21.29,1,0.16908819344089202,Cao,3,1,999,77.48,Random Forest,RF_2025_V1
5099,2025-01-01,2025,Sales,Sales Representative,1,49,33,4,188,False,3,3,2,13806000,4,4,False,0,0.11147405772338334,11.15,0,0.16908819344089202,Trung bình,2,0,2705,38.98,Random Forest,RF_2025_V1
5101,2025-01-01,2025,Operations,Procurement Specialist,1,32,31,8,215,True,4,3,4,9425000,2,2,False,0,0.18568049742476644,18.57,1,0.16908819344089202,Cao,3,1,1274,71.27,Random Forest,RF_2025_V1
5103,2025-01-01,2025,Marketing,Digital Marketing Specialist,5,26,2,4,210,False,3,4,2,63140000,3,2,False,0,0.0906470002035943,9.06,0,0.16908819344089202,Thấp,1,0,3244,26.81,Random Forest,RF_2025_V1
5106,2025-01-01,2025,Sales,Sales Supervisor,1,47,10,6,190,False,4,3,3,11841000,4,4,False,0,0.0926354039824973,9.26,0,0.16908819344089202,Thấp,1,0,3171,28.46,Random Forest,RF_2025_V1
5107,2025-01-01,2025,Human Resources,Recruiter,1,33,3,5,212,True,4,4,3,10740000,1,1,False,0,0.13968164931239357,13.97,0,0.16908819344089202,Trung bình,2,0,1983,55.27,Random Forest,RF_2025_V1
5109,2025-01-01,2025,Human Resources,HR Manager,3,40,5,1,165,False,4,2,3,35768000,1,1,False,0,0.12319471386910268,12.32,0,0.16908819344089202,Trung bình,2,0,2378,46.36,Random Forest,RF_2025_V1
5115,2025-01-01,2025,Marketing,Marketing Executive,3,45,14,4,190,False,3,1,3,29977000,9,6,False,0,0.12318199520689914,12.32,0,0.16908819344089202,Trung bình,2,0,2379,46.33,Random Forest,RF_2025_V1
5117,2025-01-01,2025,Information Technology,Software Engineer,3,35,6,3,211,False,4,1,4,27622000,2,2,False,0,0.11555059069839596,11.56,0,0.16908819344089202,Trung bình,2,0,2580,41.8,Random Forest,RF_2025_V1
5118,2025-01-01,2025,Information Technology,Software Engineer,2,35,31,7,215,True,4,1,4,22582000,14,14,False,0,0.32925656364822464,32.93,1,0.16908819344089202,Cao,3,1,222,95.01,Random Forest,RF_2025_V1
5119,2025-01-01,2025,Sales,Sales Executive,2,50,4,3,236,True,4,1,4,20595000,5,5,False,0,0.3328207572751367,33.28,1,0.16908819344089202,Cao,3,1,208,95.33,Random Forest,RF_2025_V1
5120,2025-01-01,2025,Information Technology,IT Support,4,42,38,2,190,False,2,1,4,43825000,7,1,False,0,0.11487131520913266,11.49,0,0.16908819344089202,Trung bình,2,0,2596,41.44,Random Forest,RF_2025_V1
5121,2025-01-01,2025,Operations,Operations Executive,1,25,3,6,187,False,4,3,4,14388000,3,3,False,0,0.09425112867103796,9.43,0,0.16908819344089202,Thấp,1,0,3131,29.36,Random Forest,RF_2025_V1
5126,2025-01-01,2025,Finance,Accountant,4,31,28,2,193,True,4,4,1,65568000,8,6,False,0,0.19278766725642715,19.28,1,0.16908819344089202,Cao,3,1,1198,72.99,Random Forest,RF_2025_V1
5127,2025-01-01,2025,Sales,Sales Representative,2,31,10,5,211,False,3,3,2,15338000,2,2,False,0,0.08201181543624424,8.2,0,0.16908819344089202,Thấp,1,0,3526,20.45,Random Forest,RF_2025_V1
5128,2025-01-01,2025,Finance,Internal Auditor,3,46,9,6,236,True,4,4,3,36542000,4,4,False,1,0.2891760619409367,28.92,1,0.16908819344089202,Cao,3,1,378,91.49,Random Forest,RF_2025_V1
5129,2025-01-01,2025,Operations,Procurement Specialist,2,54,32,5,206,False,4,4,3,20501000,2,2,False,0,0.07462601898446296,7.46,0,0.16908819344089202,Thấp,1,0,3837,13.43,Random Forest,RF_2025_V1
5131,2025-01-01,2025,Human Resources,HR Manager,1,44,32,1,196,False,3,2,1,9530000,2,2,False,0,0.12646025374578554,12.65,0,0.16908819344089202,Trung bình,2,0,2309,47.91,Random Forest,RF_2025_V1
5132,2025-01-01,2025,Marketing,Content Specialist,3,50,28,5,195,False,4,2,3,26975000,6,4,False,0,0.13742891018605097,13.74,0,0.16908819344089202,Trung bình,2,0,2047,53.83,Random Forest,RF_2025_V1
5135,2025-01-01,2025,Operations,Operations Manager,2,28,19,5,181,False,2,3,2,17061000,4,0,True,0,0.1148512747511037,11.49,0,0.16908819344089202,Trung bình,2,0,2598,41.39,Random Forest,RF_2025_V1
5138,2025-01-01,2025,Marketing,Digital Marketing Specialist,1,40,37,5,202,False,3,2,2,17087000,11,11,False,1,0.1942195292584969,19.42,1,0.16908819344089202,Cao,3,1,1191,73.14,Random Forest,RF_2025_V1
5139,2025-01-01,2025,Marketing,Digital Marketing Specialist,1,26,16,4,200,False,2,3,2,13615000,3,3,False,0,0.07995289244901907,8.0,0,0.16908819344089202,Thấp,1,0,3620,18.33,Random Forest,RF_2025_V1
5140,2025-01-01,2025,Information Technology,Software Engineer,2,27,31,3,207,True,3,4,4,19758000,3,3,False,0,0.1347628995295425,13.48,0,0.16908819344089202,Trung bình,2,0,2119,52.2,Random Forest,RF_2025_V1
5141,2025-01-01,2025,Finance,Accountant,2,27,31,2,212,True,3,2,3,12730000,1,1,False,1,0.2334828600323813,23.35,1,0.16908819344089202,Cao,3,1,797,82.04,Random Forest,RF_2025_V1
5143,2025-01-01,2025,Marketing,Digital Marketing Specialist,1,52,30,2,187,False,3,1,3,14143000,4,4,False,0,0.13113353728372754,13.11,0,0.16908819344089202,Trung bình,2,0,2217,49.99,Random Forest,RF_2025_V1
5144,2025-01-01,2025,Sales,Sales Representative,1,29,34,1,181,False,3,2,3,12862000,2,2,False,0,0.09431014892657909,9.43,0,0.16908819344089202,Thấp,1,0,3129,29.41,Random Forest,RF_2025_V1
5148,2025-01-01,2025,Marketing,Marketing Executive,1,25,32,1,194,False,2,1,3,8983000,3,3,False,0,0.08956992563936862,8.96,0,0.16908819344089202,Thấp,1,0,3280,26.0,Random Forest,RF_2025_V1
5149,2025-01-01,2025,Marketing,Content Specialist,2,35,37,1,212,True,4,3,3,13205000,2,1,False,0,0.11720590966762034,11.72,0,0.16908819344089202,Trung bình,2,0,2528,42.97,Random Forest,RF_2025_V1
5151,2025-01-01,2025,Operations,Warehouse Supervisor,3,30,26,2,200,True,3,1,2,33069000,4,4,False,1,0.2951820304285531,29.52,1,0.16908819344089202,Cao,3,1,352,92.08,Random Forest,RF_2025_V1
5152,2025-01-01,2025,Operations,Operations Manager,3,28,22,3,190,False,3,3,4,27156000,3,1,False,0,0.07805547343843014,7.81,0,0.16908819344089202,Thấp,1,0,3707,16.36,Random Forest,RF_2025_V1
5155,2025-01-01,2025,Sales,Sales Supervisor,3,51,10,1,193,False,4,1,1,50576000,9,9,False,0,0.19327082423854092,19.33,1,0.16908819344089202,Cao,3,1,1196,73.03,Random Forest,RF_2025_V1
5156,2025-01-01,2025,Human Resources,HR Executive,2,54,36,4,197,False,5,4,4,19712000,13,4,False,0,0.07970880825714619,7.97,0,0.16908819344089202,Thấp,1,0,3635,17.99,Random Forest,RF_2025_V1
5157,2025-01-01,2025,Marketing,Marketing Executive,4,38,27,2,172,False,3,4,3,55746000,2,2,False,0,0.054256471364287684,5.43,0,0.16908819344089202,Thấp,1,0,4403,0.65,Random Forest,RF_2025_V1
5158,2025-01-01,2025,Operations,Warehouse Supervisor,2,44,14,5,156,False,5,2,3,17464000,5,0,True,0,0.13148909134150372,13.15,0,0.16908819344089202,Trung bình,2,0,2208,50.19,Random Forest,RF_2025_V1
5159,2025-01-01,2025,Marketing,Digital Marketing Specialist,4,30,34,4,206,True,4,4,3,56904000,2,2,False,0,0.11103219637472586,11.1,0,0.16908819344089202,Trung bình,2,0,2723,38.57,Random Forest,RF_2025_V1
5161,2025-01-01,2025,Finance,Internal Auditor,4,52,4,4,205,False,4,4,1,40519000,3,2,False,0,0.10015252406280212,10.02,0,0.16908819344089202,Thấp,1,0,2995,32.43,Random Forest,RF_2025_V1
5164,2025-01-01,2025,Information Technology,Software Engineer,4,38,37,4,192,False,4,3,4,45341000,13,4,False,0,0.07080771890165276,7.08,0,0.16908819344089202,Thấp,1,0,3973,10.36,Random Forest,RF_2025_V1
5165,2025-01-01,2025,Marketing,Digital Marketing Specialist,1,32,32,5,240,True,3,4,3,11615000,1,1,False,0,0.22266755549532236,22.27,1,0.16908819344089202,Cao,3,1,894,79.85,Random Forest,RF_2025_V1
5168,2025-01-01,2025,Sales,Sales Executive,1,26,35,5,187,False,4,4,3,8270000,1,1,False,0,0.082281413384308,8.23,0,0.16908819344089202,Thấp,1,0,3516,20.67,Random Forest,RF_2025_V1
5174,2025-01-01,2025,Information Technology,QA Engineer,2,32,22,4,215,True,4,4,3,21852000,11,11,False,1,0.2054429331226521,20.54,1,0.16908819344089202,Cao,3,1,1089,75.45,Random Forest,RF_2025_V1
5175,2025-01-01,2025,Marketing,Marketing Executive,2,29,28,2,199,False,4,3,4,15747000,6,5,False,0,0.06792792250298033,6.79,0,0.16908819344089202,Thấp,1,0,4062,8.35,Random Forest,RF_2025_V1
5176,2025-01-01,2025,Marketing,Content Specialist,1,28,11,3,188,False,3,3,4,8565000,2,2,False,0,0.05997748390330868,6.0,0,0.16908819344089202,Thấp,1,0,4297,3.05,Random Forest,RF_2025_V1
5178,2025-01-01,2025,Operations,Warehouse Supervisor,4,41,7,5,199,False,3,4,2,57105000,5,5,False,0,0.11995109157604328,12.0,0,0.16908819344089202,Trung bình,2,0,2474,44.19,Random Forest,RF_2025_V1
5179,2025-01-01,2025,Sales,Sales Representative,1,46,39,5,204,False,4,4,3,9149000,2,2,False,1,0.05581800424488054,5.58,0,0.16908819344089202,Thấp,1,0,4375,1.29,Random Forest,RF_2025_V1
5181,2025-01-01,2025,Information Technology,IT Support,3,41,18,2,187,False,3,3,4,20000000,1,0,True,0,0.07256400629523645,7.26,0,0.16908819344089202,Thấp,1,0,3913,11.71,Random Forest,RF_2025_V1
5182,2025-01-01,2025,Marketing,Content Specialist,2,34,7,5,185,False,4,1,2,16365000,11,4,False,0,0.18565488175562098,18.57,1,0.16908819344089202,Cao,3,1,1275,71.25,Random Forest,RF_2025_V1
5185,2025-01-01,2025,Sales,Account Manager,1,38,32,2,167,False,4,4,2,9713000,4,4,False,0,0.1133834328834796,11.34,0,0.16908819344089202,Trung bình,2,0,2645,40.33,Random Forest,RF_2025_V1
5190,2025-01-01,2025,Finance,Finance Manager,2,47,35,3,174,False,3,4,2,14484000,15,3,False,0,0.09888736881418302,9.89,0,0.16908819344089202,Thấp,1,0,3030,31.64,Random Forest,RF_2025_V1
5193,2025-01-01,2025,Sales,Sales Supervisor,1,29,27,1,171,False,2,3,4,9124000,1,1,False,0,0.07488445742408255,7.49,0,0.16908819344089202,Thấp,1,0,3823,13.74,Random Forest,RF_2025_V1
5204,2025-01-01,2025,Human Resources,Recruiter,3,25,19,7,236,True,4,3,3,36750000,2,2,False,1,0.23585385355009747,23.59,1,0.16908819344089202,Cao,3,1,770,82.65,Random Forest,RF_2025_V1
5205,2025-01-01,2025,Finance,Accountant,2,55,32,3,248,True,4,4,1,29894000,11,11,False,0,0.34925659562022887,34.93,1,0.16908819344089202,Cao,3,1,156,96.5,Random Forest,RF_2025_V1
5209,2025-01-01,2025,Operations,Operations Manager,2,40,15,6,248,True,4,4,4,22064000,3,3,False,1,0.2607315139235786,26.07,1,0.16908819344089202,Cao,3,1,573,87.09,Random Forest,RF_2025_V1
5213,2025-01-01,2025,Operations,Operations Executive,1,48,28,3,187,False,4,3,3,14856000,11,11,False,0,0.09135942235406301,9.14,0,0.16908819344089202,Thấp,1,0,3218,27.4,Random Forest,RF_2025_V1
5214,2025-01-01,2025,Information Technology,System Administrator,1,29,19,1,187,False,3,2,4,13828000,3,3,False,0,0.08734406774852518,8.73,0,0.16908819344089202,Thấp,1,0,3335,24.76,Random Forest,RF_2025_V1
5215,2025-01-01,2025,Finance,Internal Auditor,1,55,28,6,227,True,4,3,4,12750000,3,3,False,0,0.24742188782805646,24.74,1,0.16908819344089202,Cao,3,1,682,84.63,Random Forest,RF_2025_V1
5216,2025-01-01,2025,Marketing,Digital Marketing Specialist,2,28,39,2,213,True,3,3,4,20172000,6,6,False,0,0.16362127950414784,16.36,0,0.16908819344089202,Trung bình,2,0,1566,64.68,Random Forest,RF_2025_V1
5218,2025-01-01,2025,Finance,Finance Manager,2,48,30,5,210,False,5,4,3,25816000,5,5,False,0,0.08272305830364736,8.27,0,0.16908819344089202,Thấp,1,0,3496,21.12,Random Forest,RF_2025_V1
5222,2025-01-01,2025,Finance,Financial Analyst,3,40,5,3,168,False,4,1,2,41623000,13,13,False,0,0.21559506379620938,21.56,1,0.16908819344089202,Cao,3,1,970,78.13,Random Forest,RF_2025_V1
5223,2025-01-01,2025,Information Technology,IT Support,5,42,25,3,161,False,3,4,4,55000000,10,0,True,0,0.05780981738285817,5.78,0,0.16908819344089202,Thấp,1,0,4346,1.94,Random Forest,RF_2025_V1
5226,2025-01-01,2025,Finance,Financial Analyst,3,49,28,2,207,True,3,3,4,20000000,2,0,True,0,0.1394322998541309,13.94,0,0.16908819344089202,Trung bình,2,0,1996,54.98,Random Forest,RF_2025_V1
5227,2025-01-01,2025,Information Technology,System Administrator,3,40,36,5,199,False,4,4,2,26545000,11,0,True,0,0.09616881155542215,9.62,0,0.16908819344089202,Thấp,1,0,3086,30.38,Random Forest,RF_2025_V1
5229,2025-01-01,2025,Finance,Financial Analyst,3,39,20,4,226,False,4,4,4,24314000,11,3,False,0,0.1328081314408412,13.28,0,0.16908819344089202,Trung bình,2,0,2167,51.12,Random Forest,RF_2025_V1
5230,2025-01-01,2025,Human Resources,Recruiter,1,30,3,1,165,False,4,3,4,15362000,9,9,False,1,0.07535091184764384,7.54,0,0.16908819344089202,Thấp,1,0,3806,14.13,Random Forest,RF_2025_V1
5231,2025-01-01,2025,Information Technology,IT Support,3,53,26,5,199,True,4,3,1,47356000,11,11,False,0,0.21885521430735475,21.89,1,0.16908819344089202,Cao,3,1,936,78.9,Random Forest,RF_2025_V1
5232,2025-01-01,2025,Finance,Finance Manager,2,29,17,2,182,False,4,3,4,15147000,6,3,False,0,0.06328765872354994,6.33,0,0.16908819344089202,Thấp,1,0,4205,5.12,Random Forest,RF_2025_V1
5233,2025-01-01,2025,Information Technology,IT Support,3,34,31,3,222,True,4,2,1,22615000,3,2,False,1,0.33623204439563437,33.62,1,0.16908819344089202,Cao,3,1,197,95.58,Random Forest,RF_2025_V1
5234,2025-01-01,2025,Information Technology,System Administrator,1,25,12,5,212,True,5,4,2,8923000,2,2,False,0,0.15179971978393755,15.18,0,0.16908819344089202,Trung bình,2,0,1756,60.39,Random Forest,RF_2025_V1
5237,2025-01-01,2025,Sales,Sales Executive,4,28,7,8,238,False,3,1,1,35000000,5,0,True,1,0.2706461388734878,27.06,1,0.16908819344089202,Cao,3,1,491,88.94,Random Forest,RF_2025_V1
5240,2025-01-01,2025,Sales,Sales Executive,1,40,26,2,180,False,2,4,2,12896000,12,12,False,0,0.11583883526773647,11.58,0,0.16908819344089202,Trung bình,2,0,2568,42.07,Random Forest,RF_2025_V1
5242,2025-01-01,2025,Human Resources,Recruiter,3,40,38,3,216,False,4,4,4,34776000,9,0,True,0,0.07895416297659637,7.9,0,0.16908819344089202,Thấp,1,0,3669,17.22,Random Forest,RF_2025_V1
5243,2025-01-01,2025,Finance,Finance Manager,2,34,1,3,227,True,4,3,4,12560000,1,0,True,0,0.23500985635919983,23.5,1,0.16908819344089202,Cao,3,1,779,82.44,Random Forest,RF_2025_V1
5244,2025-01-01,2025,Human Resources,Recruiter,3,39,2,4,180,False,4,3,1,40041000,3,3,False,1,0.08110975283414998,8.11,0,0.16908819344089202,Thấp,1,0,3567,19.52,Random Forest,RF_2025_V1
5245,2025-01-01,2025,Information Technology,System Administrator,1,31,30,2,178,False,4,3,3,12767000,11,11,False,0,0.07972745243457073,7.97,0,0.16908819344089202,Thấp,1,0,3634,18.01,Random Forest,RF_2025_V1
5246,2025-01-01,2025,Finance,Accountant,2,43,23,3,184,False,3,2,2,17472000,2,2,False,0,0.13353957188963353,13.35,0,0.16908819344089202,Trung bình,2,0,2147,51.57,Random Forest,RF_2025_V1
5247,2025-01-01,2025,Operations,Operations Executive,4,48,4,3,210,False,4,1,2,59958000,13,2,False,0,0.170551967427475,17.06,1,0.16908819344089202,Cao,3,1,1472,66.8,Random Forest,RF_2025_V1
5248,2025-01-01,2025,Operations,Warehouse Supervisor,4,43,8,7,195,False,4,3,4,46347000,8,4,False,0,0.0974000781676123,9.74,0,0.16908819344089202,Thấp,1,0,3059,30.99,Random Forest,RF_2025_V1
5249,2025-01-01,2025,Sales,Account Manager,1,41,36,2,182,False,4,3,4,15150000,14,14,False,0,0.10976532704293705,10.98,0,0.16908819344089202,Trung bình,2,0,2756,37.82,Random Forest,RF_2025_V1
5250,2025-01-01,2025,Finance,Internal Auditor,1,46,33,3,177,False,3,4,3,12490000,3,3,False,0,0.06090394015306826,6.09,0,0.16908819344089202,Thấp,1,0,4277,3.5,Random Forest,RF_2025_V1
5251,2025-01-01,2025,Finance,Finance Manager,1,26,11,4,175,False,2,3,4,8847000,2,2,False,0,0.060125262723143474,6.01,0,0.16908819344089202,Thấp,1,0,4295,3.09,Random Forest,RF_2025_V1
5252,2025-01-01,2025,Operations,Procurement Specialist,2,25,39,3,197,False,3,2,3,21602000,4,4,False,0,0.1381224358349254,13.81,0,0.16908819344089202,Trung bình,2,0,2030,54.21,Random Forest,RF_2025_V1
5253,2025-01-01,2025,Information Technology,IT Support,4,43,2,8,202,False,2,4,1,40785000,3,2,False,0,0.1116163363528008,11.16,0,0.16908819344089202,Trung bình,2,0,2700,39.09,Random Forest,RF_2025_V1
5255,2025-01-01,2025,Information Technology,QA Engineer,2,53,11,5,203,False,5,2,3,13684000,10,0,True,0,0.14104220435508358,14.1,0,0.16908819344089202,Trung bình,2,0,1956,55.88,Random Forest,RF_2025_V1
5256,2025-01-01,2025,Information Technology,Software Engineer,2,46,39,4,172,False,3,3,1,24038000,4,4,False,1,0.1072407428696775,10.72,0,0.16908819344089202,Trung bình,2,0,2834,36.06,Random Forest,RF_2025_V1
5257,2025-01-01,2025,Marketing,Marketing Manager,2,51,14,2,190,False,3,2,3,19952000,3,3,False,0,0.09943398766211607,9.94,0,0.16908819344089202,Thấp,1,0,3018,31.91,Random Forest,RF_2025_V1
5261,2025-01-01,2025,Human Resources,Recruiter,4,28,3,5,194,False,3,1,3,37790000,6,1,False,1,0.12829908125000763,12.83,0,0.16908819344089202,Trung bình,2,0,2277,48.63,Random Forest,RF_2025_V1
5265,2025-01-01,2025,Sales,Account Manager,2,28,29,1,192,False,4,4,2,21146000,5,5,False,0,0.11643010472142294,11.64,0,0.16908819344089202,Trung bình,2,0,2551,42.45,Random Forest,RF_2025_V1
5266,2025-01-01,2025,Marketing,Marketing Manager,1,31,13,2,192,False,3,2,3,9289000,3,3,False,0,0.09040511992776533,9.04,0,0.16908819344089202,Thấp,1,0,3256,26.54,Random Forest,RF_2025_V1
5268,2025-01-01,2025,Finance,Finance Manager,4,42,6,5,205,False,3,4,4,46550000,4,4,False,0,0.07635930111196981,7.64,0,0.16908819344089202,Thấp,1,0,3773,14.87,Random Forest,RF_2025_V1
5282,2025-01-01,2025,Human Resources,HR Manager,2,35,13,4,190,False,4,1,3,13737000,1,1,False,0,0.11222748149475914,11.22,0,0.16908819344089202,Trung bình,2,0,2681,39.52,Random Forest,RF_2025_V1
5284,2025-01-01,2025,Operations,Operations Manager,4,43,1,8,188,False,2,4,3,60903000,15,5,False,0,0.10176316496813108,10.18,0,0.16908819344089202,Trung bình,2,0,2955,33.33,Random Forest,RF_2025_V1
5291,2025-01-01,2025,Sales,Sales Representative,2,31,1,7,235,True,3,1,1,21141000,8,8,False,1,0.4709409956640929,47.09,1,0.16908819344089202,Cao,3,1,6,99.89,Random Forest,RF_2025_V1
5292,2025-01-01,2025,Sales,Sales Executive,1,38,12,2,220,True,3,3,4,10113000,1,1,False,0,0.19720597272044868,19.72,1,0.16908819344089202,Cao,3,1,1162,73.8,Random Forest,RF_2025_V1
5293,2025-01-01,2025,Information Technology,Data Analyst,2,50,34,4,204,True,3,3,2,13942000,2,1,False,0,0.15917107322094542,15.92,0,0.16908819344089202,Trung bình,2,0,1633,63.17,Random Forest,RF_2025_V1
5294,2025-01-01,2025,Human Resources,HR Executive,4,42,17,3,200,False,4,4,4,74054000,13,13,False,0,0.07976431377658096,7.98,0,0.16908819344089202,Thấp,1,0,3632,18.05,Random Forest,RF_2025_V1
5295,2025-01-01,2025,Marketing,Content Specialist,3,46,15,6,184,False,4,4,4,33801000,10,3,False,1,0.06999493022953623,7.0,0,0.16908819344089202,Thấp,1,0,3997,9.82,Random Forest,RF_2025_V1
5306,2025-01-01,2025,Sales,Account Manager,2,48,27,6,271,True,4,2,2,15721000,1,1,False,1,0.4081097695589552,40.81,1,0.16908819344089202,Cao,3,1,36,99.21,Random Forest,RF_2025_V1
5308,2025-01-01,2025,Operations,Operations Executive,3,41,29,4,195,True,4,4,4,22676000,2,0,True,0,0.13175058862901892,13.18,0,0.16908819344089202,Trung bình,2,0,2201,50.35,Random Forest,RF_2025_V1
5310,2025-01-01,2025,Sales,Sales Representative,1,52,31,3,205,True,5,3,4,14365000,13,13,False,0,0.17659067383010013,17.66,1,0.16908819344089202,Cao,3,1,1386,68.74,Random Forest,RF_2025_V1
5314,2025-01-01,2025,Marketing,Content Specialist,3,31,7,4,200,False,4,2,2,24429000,2,0,True,1,0.14577745291218178,14.58,0,0.16908819344089202,Trung bình,2,0,1866,57.91,Random Forest,RF_2025_V1
5320,2025-01-01,2025,Operations,Warehouse Supervisor,2,31,17,7,231,True,4,2,4,16278000,11,3,False,0,0.37436339529247414,37.44,1,0.16908819344089202,Cao,3,1,96,97.86,Random Forest,RF_2025_V1
5321,2025-01-01,2025,Finance,Finance Manager,2,45,17,5,193,False,4,2,4,13882000,1,1,False,0,0.10691396693081681,10.69,0,0.16908819344089202,Trung bình,2,0,2845,35.82,Random Forest,RF_2025_V1
5323,2025-01-01,2025,Information Technology,IT Support,1,51,14,4,226,True,3,3,2,12888000,3,3,False,0,0.25252088360954594,25.25,1,0.16908819344089202,Cao,3,1,633,85.74,Random Forest,RF_2025_V1
5324,2025-01-01,2025,Human Resources,Recruiter,2,39,6,2,175,False,4,4,1,20962000,13,13,False,0,0.10794421024296286,10.79,0,0.16908819344089202,Trung bình,2,0,2813,36.54,Random Forest,RF_2025_V1
5325,2025-01-01,2025,Sales,Sales Supervisor,2,44,12,5,196,False,4,3,3,28269000,6,6,False,0,0.0806623064072785,8.07,0,0.16908819344089202,Thấp,1,0,3589,19.03,Random Forest,RF_2025_V1
5326,2025-01-01,2025,Marketing,Marketing Executive,3,36,21,6,205,False,4,3,1,33542000,13,13,False,0,0.13612013441485765,13.61,0,0.16908819344089202,Trung bình,2,0,2084,52.99,Random Forest,RF_2025_V1
5331,2025-01-01,2025,Finance,Accountant,1,34,39,2,202,True,4,1,3,17468000,5,5,False,0,0.26259597729143247,26.26,1,0.16908819344089202,Cao,3,1,561,87.36,Random Forest,RF_2025_V1
5333,2025-01-01,2025,Marketing,Marketing Executive,2,38,40,3,222,True,3,3,1,18829000,6,1,False,0,0.29106153160555864,29.11,1,0.16908819344089202,Cao,3,1,368,91.72,Random Forest,RF_2025_V1
5335,2025-01-01,2025,Sales,Sales Representative,1,44,4,1,179,True,4,3,3,12565000,1,1,False,0,0.12354119294398373,12.35,0,0.16908819344089202,Trung bình,2,0,2370,46.54,Random Forest,RF_2025_V1
5336,2025-01-01,2025,Human Resources,C&B Specialist,1,43,14,1,174,False,4,1,1,10445000,2,2,False,1,0.12849333894815487,12.85,0,0.16908819344089202,Trung bình,2,0,2274,48.7,Random Forest,RF_2025_V1
5337,2025-01-01,2025,Information Technology,Data Analyst,2,47,10,3,217,True,3,3,4,21826000,3,3,False,1,0.12531224816374872,12.53,0,0.16908819344089202,Trung bình,2,0,2329,47.46,Random Forest,RF_2025_V1
5338,2025-01-01,2025,Finance,Finance Manager,2,27,24,4,178,False,5,2,4,19630000,1,1,False,0,0.11157160319526575,11.16,0,0.16908819344089202,Trung bình,2,0,2702,39.04,Random Forest,RF_2025_V1
5339,2025-01-01,2025,Information Technology,IT Support,5,38,33,6,234,False,3,4,1,97313000,8,2,False,0,0.18911739424604096,18.91,1,0.16908819344089202,Cao,3,1,1238,72.08,Random Forest,RF_2025_V1
5340,2025-01-01,2025,Operations,Procurement Specialist,1,51,17,5,189,False,4,1,4,8102000,2,2,False,1,0.08841766324339422,8.84,0,0.16908819344089202,Thấp,1,0,3312,25.28,Random Forest,RF_2025_V1
5343,2025-01-01,2025,Marketing,Content Specialist,2,31,29,5,219,True,2,2,2,18178000,3,2,False,1,0.26632173821086685,26.63,1,0.16908819344089202,Cao,3,1,525,88.17,Random Forest,RF_2025_V1
5344,2025-01-01,2025,Information Technology,IT Support,2,54,2,3,225,True,2,3,2,14168000,1,1,False,0,0.2806940868711215,28.07,1,0.16908819344089202,Cao,3,1,422,90.5,Random Forest,RF_2025_V1
5346,2025-01-01,2025,Operations,Procurement Specialist,1,54,1,2,185,False,3,2,4,14544000,3,3,False,0,0.10287490560600678,10.29,0,0.16908819344089202,Trung bình,2,0,2922,34.08,Random Forest,RF_2025_V1
5348,2025-01-01,2025,Marketing,Marketing Manager,2,42,23,5,191,False,2,4,3,21639000,8,2,False,0,0.061024925657671286,6.1,0,0.16908819344089202,Thấp,1,0,4267,3.72,Random Forest,RF_2025_V1
5349,2025-01-01,2025,Sales,Sales Executive,1,52,34,2,224,False,5,3,2,10612000,1,1,False,1,0.1561596454059792,15.62,0,0.16908819344089202,Trung bình,2,0,1682,62.06,Random Forest,RF_2025_V1
5352,2025-01-01,2025,Finance,Accountant,4,55,24,5,217,False,5,4,3,38302000,2,1,False,0,0.08421395860348412,8.42,0,0.16908819344089202,Thấp,1,0,3450,22.16,Random Forest,RF_2025_V1
5354,2025-01-01,2025,Marketing,Content Specialist,2,34,6,4,213,False,3,4,4,15814000,4,4,False,0,0.07395175358163518,7.4,0,0.16908819344089202,Thấp,1,0,3866,12.77,Random Forest,RF_2025_V1
5356,2025-01-01,2025,Marketing,Marketing Manager,4,32,23,4,206,False,3,2,4,50206000,3,3,False,0,0.0938745472341926,9.39,0,0.16908819344089202,Thấp,1,0,3141,29.14,Random Forest,RF_2025_V1
5357,2025-01-01,2025,Human Resources,HR Executive,1,40,8,3,199,False,3,4,1,17287000,9,9,False,0,0.10638284023668182,10.64,0,0.16908819344089202,Trung bình,2,0,2859,35.5,Random Forest,RF_2025_V1
5359,2025-01-01,2025,Sales,Sales Executive,2,37,39,3,217,True,3,2,4,15829000,8,1,False,1,0.22691957071048813,22.69,1,0.16908819344089202,Cao,3,1,851,80.82,Random Forest,RF_2025_V1
5364,2025-01-01,2025,Operations,Procurement Specialist,3,39,18,5,229,False,3,2,3,33405000,5,5,False,0,0.254693935650087,25.47,1,0.16908819344089202,Cao,3,1,612,86.21,Random Forest,RF_2025_V1
5365,2025-01-01,2025,Operations,Operations Executive,2,49,26,3,215,False,4,3,3,13155000,1,0,True,0,0.09513094582900844,9.51,0,0.16908819344089202,Thấp,1,0,3112,29.79,Random Forest,RF_2025_V1
5367,2025-01-01,2025,Human Resources,C&B Specialist,1,54,34,2,192,False,2,3,3,10183000,5,5,False,0,0.08571036268839215,8.57,0,0.16908819344089202,Thấp,1,0,3391,23.49,Random Forest,RF_2025_V1
5368,2025-01-01,2025,Operations,Procurement Specialist,5,40,30,8,197,False,4,3,4,67906000,10,0,True,0,0.09642224414972406,9.64,0,0.16908819344089202,Thấp,1,0,3075,30.63,Random Forest,RF_2025_V1
5370,2025-01-01,2025,Finance,Accountant,2,52,18,8,173,False,2,1,2,17614000,1,1,False,0,0.18102329156560362,18.1,1,0.16908819344089202,Cao,3,1,1320,70.23,Random Forest,RF_2025_V1
5371,2025-01-01,2025,Information Technology,Software Engineer,1,28,11,5,226,False,3,2,4,10033000,1,1,False,0,0.17069087130855554,17.07,1,0.16908819344089202,Cao,3,1,1468,66.89,Random Forest,RF_2025_V1
5373,2025-01-01,2025,Information Technology,IT Support,1,36,22,6,238,True,4,1,3,12802000,4,4,False,1,0.4010113542946491,40.1,1,0.16908819344089202,Cao,3,1,53,98.83,Random Forest,RF_2025_V1
5376,2025-01-01,2025,Marketing,Marketing Executive,1,55,27,3,204,False,3,1,4,11539000,1,1,False,0,0.10231962279273993,10.23,0,0.16908819344089202,Trung bình,2,0,2940,33.67,Random Forest,RF_2025_V1
5377,2025-01-01,2025,Human Resources,Recruiter,2,38,35,5,206,False,3,4,4,16522000,2,0,True,0,0.07652633023599542,7.65,0,0.16908819344089202,Thấp,1,0,3766,15.03,Random Forest,RF_2025_V1
5381,2025-01-01,2025,Information Technology,Data Analyst,1,34,38,1,175,False,4,2,4,8361000,2,2,False,0,0.08642851723047884,8.64,0,0.16908819344089202,Thấp,1,0,3373,23.9,Random Forest,RF_2025_V1
5382,2025-01-01,2025,Operations,Procurement Specialist,4,25,30,3,195,True,5,4,2,47757000,4,2,False,1,0.13264583892321535,13.26,0,0.16908819344089202,Trung bình,2,0,2172,51.0,Random Forest,RF_2025_V1
5383,2025-01-01,2025,Operations,Operations Manager,1,45,15,4,203,False,3,3,3,9437000,1,1,False,0,0.07874383667827062,7.87,0,0.16908819344089202,Thấp,1,0,3677,17.04,Random Forest,RF_2025_V1
5384,2025-01-01,2025,Marketing,Marketing Executive,5,38,9,1,176,False,4,4,4,68871000,11,3,False,0,0.05373685171696309,5.37,0,0.16908819344089202,Thấp,1,0,4411,0.47,Random Forest,RF_2025_V1
5385,2025-01-01,2025,Operations,Operations Manager,2,46,19,4,212,False,3,2,4,16213000,4,0,True,0,0.12016641892220051,12.02,0,0.16908819344089202,Trung bình,2,0,2468,44.32,Random Forest,RF_2025_V1
5387,2025-01-01,2025,Finance,Internal Auditor,1,36,34,3,188,False,4,3,4,8715000,1,1,False,0,0.07274335718726817,7.27,0,0.16908819344089202,Thấp,1,0,3907,11.85,Random Forest,RF_2025_V1
5388,2025-01-01,2025,Human Resources,HR Executive,2,55,20,3,132,False,5,4,3,14673000,2,2,False,1,0.06635568656649099,6.64,0,0.16908819344089202,Thấp,1,0,4111,7.24,Random Forest,RF_2025_V1
5392,2025-01-01,2025,Human Resources,HR Executive,2,51,25,8,215,False,4,4,4,17268000,3,3,False,0,0.08895718152244979,8.9,0,0.16908819344089202,Thấp,1,0,3295,25.66,Random Forest,RF_2025_V1
5394,2025-01-01,2025,Finance,Financial Analyst,1,25,25,1,218,True,4,1,4,10583000,5,5,False,1,0.2558508395338346,25.59,1,0.16908819344089202,Cao,3,1,604,86.39,Random Forest,RF_2025_V1
5395,2025-01-01,2025,Information Technology,QA Engineer,2,31,21,3,161,False,4,4,3,18986000,5,5,False,0,0.08110556456030592,8.11,0,0.16908819344089202,Thấp,1,0,3568,19.5,Random Forest,RF_2025_V1
5397,2025-01-01,2025,Human Resources,HR Manager,1,30,15,5,174,False,3,2,4,16889000,6,6,False,0,0.1359350793704922,13.59,0,0.16908819344089202,Trung bình,2,0,2089,52.88,Random Forest,RF_2025_V1
5399,2025-01-01,2025,Sales,Account Manager,1,25,31,5,215,True,5,3,2,16210000,5,5,False,0,0.23114374184126954,23.11,1,0.16908819344089202,Cao,3,1,819,81.54,Random Forest,RF_2025_V1
5400,2025-01-01,2025,Sales,Sales Representative,1,43,14,3,227,True,3,3,4,11013000,2,2,False,0,0.17853219975349183,17.85,1,0.16908819344089202,Cao,3,1,1353,69.49,Random Forest,RF_2025_V1
5402,2025-01-01,2025,Sales,Sales Executive,3,46,28,2,170,False,4,3,3,25937000,1,1,False,0,0.07426284655987044,7.43,0,0.16908819344089202,Thấp,1,0,3851,13.11,Random Forest,RF_2025_V1
5404,2025-01-01,2025,Sales,Sales Executive,4,50,20,4,159,False,3,4,2,59897000,11,2,False,0,0.08491547709875091,8.49,0,0.16908819344089202,Thấp,1,0,3430,22.61,Random Forest,RF_2025_V1
5406,2025-01-01,2025,Marketing,Marketing Executive,2,48,5,3,158,False,4,2,3,14612000,2,1,False,0,0.10932969563200369,10.93,0,0.16908819344089202,Trung bình,2,0,2770,37.51,Random Forest,RF_2025_V1
5407,2025-01-01,2025,Human Resources,HR Manager,2,36,32,1,158,False,2,3,1,31091000,7,7,False,0,0.12122400172477929,12.12,0,0.16908819344089202,Trung bình,2,0,2434,45.09,Random Forest,RF_2025_V1
5419,2025-01-01,2025,Information Technology,Data Analyst,3,32,4,4,233,True,4,1,4,21396000,5,1,False,0,0.31370858622160513,31.37,1,0.16908819344089202,Cao,3,1,283,93.64,Random Forest,RF_2025_V1
5423,2025-01-01,2025,Human Resources,C&B Specialist,1,29,25,4,169,False,4,4,4,10019000,2,2,False,0,0.05397673733148846,5.4,0,0.16908819344089202,Thấp,1,0,4408,0.54,Random Forest,RF_2025_V1
5427,2025-01-01,2025,Information Technology,IT Support,3,33,11,1,156,False,3,1,3,36587000,2,2,False,0,0.09153047702929647,9.15,0,0.16908819344089202,Thấp,1,0,3211,27.56,Random Forest,RF_2025_V1
5430,2025-01-01,2025,Sales,Sales Representative,2,42,14,3,229,False,4,3,2,21205000,14,0,True,0,0.189767165877023,18.98,1,0.16908819344089202,Cao,3,1,1232,72.22,Random Forest,RF_2025_V1
5433,2025-01-01,2025,Information Technology,Software Engineer,1,47,14,2,165,False,3,3,4,13010000,2,2,False,0,0.05400649043524009,5.4,0,0.16908819344089202,Thấp,1,0,4407,0.56,Random Forest,RF_2025_V1
5438,2025-01-01,2025,Information Technology,System Administrator,3,33,29,3,178,False,5,3,2,28268000,5,2,False,0,0.09789825885435542,9.79,0,0.16908819344089202,Thấp,1,0,3053,31.12,Random Forest,RF_2025_V1
5439,2025-01-01,2025,Finance,Accountant,3,25,25,8,249,False,3,4,3,25155000,5,4,False,0,0.18562905573039556,18.56,1,0.16908819344089202,Cao,3,1,1276,71.23,Random Forest,RF_2025_V1
5440,2025-01-01,2025,Sales,Sales Representative,4,54,37,4,222,True,4,4,1,51724000,6,2,False,0,0.2507269206235191,25.07,1,0.16908819344089202,Cao,3,1,645,85.47,Random Forest,RF_2025_V1
5441,2025-01-01,2025,Finance,Internal Auditor,3,51,31,1,174,False,4,4,4,24429000,8,2,False,0,0.06429190492505642,6.43,0,0.16908819344089202,Thấp,1,0,4173,5.85,Random Forest,RF_2025_V1
5442,2025-01-01,2025,Information Technology,QA Engineer,2,25,17,3,158,False,3,2,1,13713000,5,1,False,1,0.16422084389927408,16.42,0,0.16908819344089202,Trung bình,2,0,1558,64.86,Random Forest,RF_2025_V1
5444,2025-01-01,2025,Finance,Finance Manager,3,34,5,1,184,False,3,3,4,34630000,2,2,False,0,0.06690155770124771,6.69,0,0.16908819344089202,Thấp,1,0,4092,7.67,Random Forest,RF_2025_V1
5447,2025-01-01,2025,Marketing,Marketing Manager,1,41,18,3,167,False,3,4,3,15813000,11,11,False,0,0.05984473113142857,5.98,0,0.16908819344089202,Thấp,1,0,4303,2.91,Random Forest,RF_2025_V1
5449,2025-01-01,2025,Operations,Warehouse Supervisor,1,28,40,4,187,False,3,3,3,14851000,3,3,False,0,0.06889348253733191,6.89,0,0.16908819344089202,Thấp,1,0,4031,9.05,Random Forest,RF_2025_V1
5452,2025-01-01,2025,Sales,Account Manager,3,33,12,4,193,False,3,2,2,30511000,11,2,False,0,0.15717251990607892,15.72,0,0.16908819344089202,Trung bình,2,0,1666,62.42,Random Forest,RF_2025_V1
5453,2025-01-01,2025,Marketing,Digital Marketing Specialist,2,43,32,4,226,True,4,4,1,21413000,15,0,True,0,0.28422602937624275,28.42,1,0.16908819344089202,Cao,3,1,402,90.95,Random Forest,RF_2025_V1
5454,2025-01-01,2025,Finance,Accountant,3,33,6,2,182,True,4,2,3,24834000,6,0,True,0,0.23065349789761788,23.07,1,0.16908819344089202,Cao,3,1,824,81.43,Random Forest,RF_2025_V1
5455,2025-01-01,2025,Sales,Sales Executive,2,25,31,4,208,False,3,2,4,15940000,4,4,False,1,0.14845639165682759,14.85,0,0.16908819344089202,Trung bình,2,0,1817,59.02,Random Forest,RF_2025_V1
5456,2025-01-01,2025,Marketing,Content Specialist,1,25,18,3,178,False,4,3,2,9034000,1,1,False,0,0.09202363510931885,9.2,0,0.16908819344089202,Thấp,1,0,3195,27.92,Random Forest,RF_2025_V1
5459,2025-01-01,2025,Finance,Accountant,2,37,24,1,204,True,4,1,4,19883000,11,11,False,0,0.2708945051716806,27.09,1,0.16908819344089202,Cao,3,1,489,88.99,Random Forest,RF_2025_V1
5461,2025-01-01,2025,Human Resources,HR Executive,5,37,38,2,157,False,4,1,3,74120000,4,0,True,0,0.11724460848483675,11.72,0,0.16908819344089202,Trung bình,2,0,2527,42.99,Random Forest,RF_2025_V1
5463,2025-01-01,2025,Human Resources,Recruiter,1,29,9,2,188,False,3,4,3,10256000,1,1,False,0,0.08521547876129687,8.52,0,0.16908819344089202,Thấp,1,0,3415,22.95,Random Forest,RF_2025_V1
5464,2025-01-01,2025,Operations,Warehouse Supervisor,2,37,27,7,216,False,3,2,3,29877000,12,12,False,1,0.17773063344823267,17.77,1,0.16908819344089202,Cao,3,1,1362,69.28,Random Forest,RF_2025_V1
5465,2025-01-01,2025,Operations,Procurement Specialist,4,44,8,1,168,False,4,3,4,53528000,14,6,False,0,0.0807396154473432,8.07,0,0.16908819344089202,Thấp,1,0,3585,19.12,Random Forest,RF_2025_V1
5466,2025-01-01,2025,Information Technology,Software Engineer,1,36,12,1,163,False,4,4,4,8936000,3,3,False,1,0.05582654388597935,5.58,0,0.16908819344089202,Thấp,1,0,4374,1.31,Random Forest,RF_2025_V1
5467,2025-01-01,2025,Information Technology,Software Engineer,4,28,4,1,198,True,5,3,4,41233000,1,1,False,0,0.14221618093786279,14.22,0,0.16908819344089202,Trung bình,2,0,1931,56.44,Random Forest,RF_2025_V1
5469,2025-01-01,2025,Human Resources,C&B Specialist,2,25,15,2,202,True,5,3,3,25086000,4,4,False,1,0.1619189348831557,16.19,0,0.16908819344089202,Trung bình,2,0,1587,64.21,Random Forest,RF_2025_V1
5470,2025-01-01,2025,Information Technology,IT Support,1,25,35,2,217,True,4,4,3,8700000,2,2,False,0,0.1203729690847315,12.04,0,0.16908819344089202,Trung bình,2,0,2463,44.44,Random Forest,RF_2025_V1
5473,2025-01-01,2025,Sales,Sales Executive,1,29,35,3,177,False,3,2,1,10954000,1,1,False,0,0.15474981490029383,15.47,0,0.16908819344089202,Trung bình,2,0,1702,61.61,Random Forest,RF_2025_V1
5485,2025-01-01,2025,Finance,Internal Auditor,2,38,4,1,153,False,3,1,1,23020000,5,5,False,1,0.20601906253988736,20.6,1,0.16908819344089202,Cao,3,1,1082,75.6,Random Forest,RF_2025_V1
5487,2025-01-01,2025,Sales,Sales Executive,1,48,18,2,193,False,2,3,3,15454000,6,6,False,0,0.07952376601067268,7.95,0,0.16908819344089202,Thấp,1,0,3643,17.81,Random Forest,RF_2025_V1
5491,2025-01-01,2025,Information Technology,System Administrator,2,30,23,5,187,False,4,2,3,24110000,6,6,False,0,0.139629675552043,13.96,0,0.16908819344089202,Trung bình,2,0,1986,55.2,Random Forest,RF_2025_V1
5492,2025-01-01,2025,Marketing,Digital Marketing Specialist,1,34,3,4,178,False,3,4,4,11049000,7,7,False,1,0.06556658642883012,6.56,0,0.16908819344089202,Thấp,1,0,4132,6.77,Random Forest,RF_2025_V1
5494,2025-01-01,2025,Sales,Sales Representative,2,45,28,2,241,True,3,4,3,19886000,11,6,False,0,0.24575710043358792,24.58,1,0.16908819344089202,Cao,3,1,694,84.36,Random Forest,RF_2025_V1
5498,2025-01-01,2025,Human Resources,C&B Specialist,1,27,13,2,186,False,3,4,2,16844000,6,6,False,1,0.11189784177181643,11.19,0,0.16908819344089202,Trung bình,2,0,2691,39.29,Random Forest,RF_2025_V1
5507,2025-01-01,2025,Operations,Operations Executive,3,46,33,2,205,True,4,4,3,21829000,15,1,False,0,0.14014917097196378,14.01,0,0.16908819344089202,Trung bình,2,0,1972,55.52,Random Forest,RF_2025_V1
5508,2025-01-01,2025,Information Technology,System Administrator,2,39,20,2,201,True,3,3,3,16702000,2,2,False,0,0.12323937562492408,12.32,0,0.16908819344089202,Trung bình,2,0,2375,46.42,Random Forest,RF_2025_V1
5511,2025-01-01,2025,Information Technology,System Administrator,4,36,2,5,167,False,3,3,4,53740000,4,4,False,0,0.0717498938415863,7.17,0,0.16908819344089202,Thấp,1,0,3940,11.1,Random Forest,RF_2025_V1
5512,2025-01-01,2025,Marketing,Marketing Executive,4,40,3,1,175,False,4,4,3,43974000,14,3,False,0,0.05572725692193212,5.57,0,0.16908819344089202,Thấp,1,0,4380,1.17,Random Forest,RF_2025_V1
5516,2025-01-01,2025,Operations,Operations Manager,4,42,7,3,180,False,4,2,2,60964000,5,5,False,1,0.17913724258109537,17.91,1,0.16908819344089202,Cao,3,1,1345,69.67,Random Forest,RF_2025_V1
5519,2025-01-01,2025,Operations,Warehouse Supervisor,3,53,3,2,183,True,2,4,3,23736000,12,3,False,0,0.14704104062172657,14.7,0,0.16908819344089202,Trung bình,2,0,1850,58.27,Random Forest,RF_2025_V1
5522,2025-01-01,2025,Operations,Operations Manager,2,29,10,1,217,True,2,4,3,20352000,6,6,False,0,0.2001023769297735,20.01,1,0.16908819344089202,Cao,3,1,1138,74.34,Random Forest,RF_2025_V1
5523,2025-01-01,2025,Information Technology,QA Engineer,4,30,11,5,183,False,4,4,4,51873000,4,0,True,0,0.0685795109726901,6.86,0,0.16908819344089202,Thấp,1,0,4039,8.87,Random Forest,RF_2025_V1
5526,2025-01-01,2025,Human Resources,Recruiter,5,34,38,2,192,True,3,4,1,59258000,6,0,True,0,0.14792495728217203,14.79,0,0.16908819344089202,Trung bình,2,0,1828,58.77,Random Forest,RF_2025_V1
5530,2025-01-01,2025,Finance,Financial Analyst,1,48,23,4,164,False,4,2,2,9936000,1,1,False,0,0.16922690543986288,16.92,1,0.16908819344089202,Cao,3,1,1487,66.46,Random Forest,RF_2025_V1
5531,2025-01-01,2025,Finance,Financial Analyst,3,46,4,2,182,False,3,3,3,21716000,4,2,False,0,0.06793832702465928,6.79,0,0.16908819344089202,Thấp,1,0,4061,8.37,Random Forest,RF_2025_V1
5532,2025-01-01,2025,Marketing,Digital Marketing Specialist,3,42,2,8,204,False,3,1,4,35374000,3,3,False,0,0.11585221602453927,11.59,0,0.16908819344089202,Trung bình,2,0,2567,42.09,Random Forest,RF_2025_V1
5533,2025-01-01,2025,Human Resources,HR Executive,4,29,38,4,210,True,4,2,3,54025000,6,6,False,1,0.2374630075159045,23.75,1,0.16908819344089202,Cao,3,1,758,82.92,Random Forest,RF_2025_V1
5534,2025-01-01,2025,Marketing,Digital Marketing Specialist,3,42,2,2,155,False,3,2,3,33411000,15,1,False,0,0.12661171912991198,12.66,0,0.16908819344089202,Trung bình,2,0,2307,47.96,Random Forest,RF_2025_V1
5536,2025-01-01,2025,Sales,Sales Representative,1,51,35,3,172,False,3,2,3,12995000,5,5,False,0,0.12023279229642896,12.02,0,0.16908819344089202,Trung bình,2,0,2467,44.35,Random Forest,RF_2025_V1
5538,2025-01-01,2025,Finance,Financial Analyst,2,44,13,3,184,False,3,4,3,29793000,7,7,False,0,0.07831684656533873,7.83,0,0.16908819344089202,Thấp,1,0,3694,16.66,Random Forest,RF_2025_V1
5539,2025-01-01,2025,Information Technology,System Administrator,4,43,34,3,184,True,1,4,2,42570000,1,0,True,0,0.15946666503266735,15.95,0,0.16908819344089202,Trung bình,2,0,1627,63.3,Random Forest,RF_2025_V1
5540,2025-01-01,2025,Marketing,Digital Marketing Specialist,1,55,16,4,214,False,5,2,4,8106000,1,1,False,0,0.11779657708943458,11.78,0,0.16908819344089202,Trung bình,2,0,2520,43.15,Random Forest,RF_2025_V1
5541,2025-01-01,2025,Finance,Accountant,2,40,4,5,181,False,4,4,4,21789000,3,3,False,0,0.0599612058578719,6.0,0,0.16908819344089202,Thấp,1,0,4298,3.02,Random Forest,RF_2025_V1
5544,2025-01-01,2025,Operations,Procurement Specialist,4,25,8,4,209,False,4,2,4,58630000,2,2,False,0,0.11792076779357129,11.79,0,0.16908819344089202,Trung bình,2,0,2518,43.2,Random Forest,RF_2025_V1
5545,2025-01-01,2025,Finance,Finance Manager,4,40,33,2,206,True,3,2,4,35000000,2,0,True,1,0.21280972322186098,21.28,1,0.16908819344089202,Cao,3,1,1002,77.41,Random Forest,RF_2025_V1
5546,2025-01-01,2025,Human Resources,C&B Specialist,1,47,37,4,193,False,4,4,3,9722000,3,3,False,0,0.06074408455903116,6.07,0,0.16908819344089202,Thấp,1,0,4282,3.39,Random Forest,RF_2025_V1
5550,2025-01-01,2025,Finance,Financial Analyst,4,37,23,2,141,False,2,4,3,36869000,10,1,False,0,0.06659424744336984,6.66,0,0.16908819344089202,Thấp,1,0,4100,7.49,Random Forest,RF_2025_V1
5553,2025-01-01,2025,Information Technology,IT Support,5,47,22,3,201,False,4,3,3,81142000,15,4,False,0,0.09228769309548553,9.23,0,0.16908819344089202,Thấp,1,0,3189,28.05,Random Forest,RF_2025_V1
5555,2025-01-01,2025,Human Resources,HR Manager,1,32,1,6,236,False,3,4,4,7816000,1,1,False,0,0.1775163360856052,17.75,1,0.16908819344089202,Cao,3,1,1371,69.08,Random Forest,RF_2025_V1
5557,2025-01-01,2025,Sales,Sales Supervisor,1,43,14,4,180,False,2,3,3,10561000,2,2,False,0,0.061211303523503645,6.12,0,0.16908819344089202,Thấp,1,0,4262,3.84,Random Forest,RF_2025_V1
5560,2025-01-01,2025,Finance,Finance Manager,2,54,37,5,212,False,3,3,4,19464000,1,1,False,0,0.08435394574934002,8.44,0,0.16908819344089202,Thấp,1,0,3441,22.37,Random Forest,RF_2025_V1
5561,2025-01-01,2025,Operations,Operations Manager,1,35,32,4,160,False,3,4,4,12922000,2,2,False,0,0.06814352223414215,6.81,0,0.16908819344089202,Thấp,1,0,4055,8.51,Random Forest,RF_2025_V1
5562,2025-01-01,2025,Operations,Procurement Specialist,1,28,20,4,238,True,3,4,4,15635000,5,5,False,0,0.28045745149110657,28.05,1,0.16908819344089202,Cao,3,1,423,90.48,Random Forest,RF_2025_V1
5563,2025-01-01,2025,Operations,Operations Executive,4,46,11,1,183,False,4,4,4,71118000,6,6,False,0,0.08341216475738102,8.34,0,0.16908819344089202,Thấp,1,0,3474,21.62,Random Forest,RF_2025_V1
5564,2025-01-01,2025,Information Technology,IT Support,4,51,31,3,214,True,3,1,4,63019000,6,6,False,0,0.23553505692624715,23.55,1,0.16908819344089202,Cao,3,1,771,82.62,Random Forest,RF_2025_V1
5566,2025-01-01,2025,Human Resources,HR Executive,1,28,39,2,222,True,3,3,4,11046000,3,3,False,0,0.1821019812182147,18.21,1,0.16908819344089202,Cao,3,1,1312,70.41,Random Forest,RF_2025_V1
5567,2025-01-01,2025,Human Resources,HR Manager,1,43,13,4,178,True,3,3,2,8441000,3,3,False,0,0.15516970812193856,15.52,0,0.16908819344089202,Trung bình,2,0,1696,61.75,Random Forest,RF_2025_V1
5571,2025-01-01,2025,Human Resources,HR Executive,1,31,8,2,188,False,3,3,3,12039000,5,5,False,0,0.07260098944230756,7.26,0,0.16908819344089202,Thấp,1,0,3911,11.76,Random Forest,RF_2025_V1
5573,2025-01-01,2025,Marketing,Digital Marketing Specialist,3,29,32,6,223,False,4,3,2,41620000,4,4,False,0,0.1937683171481834,19.38,1,0.16908819344089202,Cao,3,1,1194,73.08,Random Forest,RF_2025_V1
5574,2025-01-01,2025,Marketing,Marketing Executive,4,54,1,3,197,True,4,4,4,60051000,2,2,False,0,0.10970392501033804,10.97,0,0.16908819344089202,Trung bình,2,0,2760,37.73,Random Forest,RF_2025_V1
5581,2025-01-01,2025,Human Resources,C&B Specialist,3,31,19,5,175,True,3,4,3,21310000,2,1,False,0,0.1366243485225564,13.66,0,0.16908819344089202,Trung bình,2,0,2072,53.26,Random Forest,RF_2025_V1
5582,2025-01-01,2025,Finance,Finance Manager,2,47,40,1,174,False,3,2,4,20834000,1,1,False,0,0.10829070910319251,10.83,0,0.16908819344089202,Trung bình,2,0,2800,36.83,Random Forest,RF_2025_V1
5584,2025-01-01,2025,Sales,Sales Supervisor,4,25,3,5,180,True,4,3,2,35000000,5,0,True,0,0.17529668571566612,17.53,1,0.16908819344089202,Cao,3,1,1404,68.34,Random Forest,RF_2025_V1
5585,2025-01-01,2025,Information Technology,Software Engineer,2,25,33,3,204,False,5,4,1,19676000,3,3,False,0,0.0895762272991005,8.96,0,0.16908819344089202,Thấp,1,0,3279,26.02,Random Forest,RF_2025_V1
5586,2025-01-01,2025,Sales,Sales Executive,2,55,37,1,168,False,4,3,4,20504000,4,4,False,0,0.08002944968182708,8.0,0,0.16908819344089202,Thấp,1,0,3618,18.37,Random Forest,RF_2025_V1
5587,2025-01-01,2025,Human Resources,Recruiter,1,45,35,2,169,False,4,4,2,14020000,4,4,False,1,0.11938201560577034,11.94,0,0.16908819344089202,Trung bình,2,0,2490,43.83,Random Forest,RF_2025_V1
5594,2025-01-01,2025,Sales,Sales Supervisor,4,25,20,5,220,True,3,4,4,44634000,5,3,False,0,0.18850231240971002,18.85,1,0.16908819344089202,Cao,3,1,1243,71.97,Random Forest,RF_2025_V1
5596,2025-01-01,2025,Information Technology,QA Engineer,1,25,10,5,204,False,3,3,4,12466000,2,2,False,0,0.08172712979039597,8.17,0,0.16908819344089202,Thấp,1,0,3540,20.13,Random Forest,RF_2025_V1
5598,2025-01-01,2025,Information Technology,System Administrator,1,31,14,4,208,True,4,3,3,11590000,2,2,False,0,0.12161606545122643,12.16,0,0.16908819344089202,Trung bình,2,0,2426,45.27,Random Forest,RF_2025_V1
5603,2025-01-01,2025,Sales,Sales Supervisor,1,26,27,6,242,True,3,2,4,10032000,3,3,False,1,0.3123585618682783,31.24,1,0.16908819344089202,Cao,3,1,287,93.55,Random Forest,RF_2025_V1
5605,2025-01-01,2025,Marketing,Content Specialist,2,45,19,3,198,False,4,2,4,22805000,3,3,False,0,0.09987157777511382,9.99,0,0.16908819344089202,Thấp,1,0,3003,32.25,Random Forest,RF_2025_V1
5606,2025-01-01,2025,Operations,Operations Executive,3,40,28,2,177,False,3,2,1,25662000,4,2,False,1,0.17050475112503413,17.05,1,0.16908819344089202,Cao,3,1,1473,66.78,Random Forest,RF_2025_V1
5608,2025-01-01,2025,Human Resources,HR Executive,1,41,28,5,222,True,3,4,2,11414000,2,2,False,0,0.24473128945317807,24.47,1,0.16908819344089202,Cao,3,1,703,84.16,Random Forest,RF_2025_V1
5609,2025-01-01,2025,Human Resources,Recruiter,2,25,8,4,174,False,3,1,2,20941000,1,1,False,0,0.15602656137868431,15.6,0,0.16908819344089202,Trung bình,2,0,1685,62.0,Random Forest,RF_2025_V1
5614,2025-01-01,2025,Operations,Operations Executive,2,31,35,8,202,False,4,2,3,20883000,7,0,True,0,0.15822750023483367,15.82,0,0.16908819344089202,Trung bình,2,0,1652,62.74,Random Forest,RF_2025_V1
5616,2025-01-01,2025,Finance,Financial Analyst,2,30,6,8,201,False,3,4,4,21685000,2,2,False,0,0.08203356857459063,8.2,0,0.16908819344089202,Thấp,1,0,3525,20.47,Random Forest,RF_2025_V1
5619,2025-01-01,2025,Human Resources,C&B Specialist,2,29,26,3,197,False,4,2,1,27056000,5,5,False,0,0.16486863479008637,16.49,0,0.16908819344089202,Trung bình,2,0,1545,65.15,Random Forest,RF_2025_V1
5620,2025-01-01,2025,Operations,Procurement Specialist,3,39,11,7,182,False,3,2,1,26692000,4,4,False,0,0.20530782053222624,20.53,1,0.16908819344089202,Cao,3,1,1092,75.38,Random Forest,RF_2025_V1
5621,2025-01-01,2025,Operations,Operations Manager,2,50,1,3,171,True,3,2,1,20292000,13,4,False,0,0.34438459116287057,34.44,1,0.16908819344089202,Cao,3,1,173,96.12,Random Forest,RF_2025_V1
5622,2025-01-01,2025,Human Resources,Recruiter,4,51,13,4,222,True,3,3,4,35000000,3,0,True,0,0.2099921251030821,21.0,1,0.16908819344089202,Cao,3,1,1032,76.73,Random Forest,RF_2025_V1
5623,2025-01-01,2025,Information Technology,Data Analyst,3,28,34,1,171,False,2,4,1,31173000,7,4,False,0,0.11425958212381936,11.43,0,0.16908819344089202,Trung bình,2,0,2617,40.96,Random Forest,RF_2025_V1
5624,2025-01-01,2025,Sales,Sales Representative,2,48,35,1,239,True,3,4,3,16719000,6,2,False,0,0.21009367009677718,21.01,1,0.16908819344089202,Cao,3,1,1030,76.78,Random Forest,RF_2025_V1
5626,2025-01-01,2025,Finance,Finance Manager,2,37,31,3,179,False,3,1,2,17530000,3,0,True,1,0.14615057863060232,14.62,0,0.16908819344089202,Trung bình,2,0,1859,58.07,Random Forest,RF_2025_V1
5627,2025-01-01,2025,Marketing,Marketing Executive,1,48,8,3,196,True,4,2,2,14564000,4,4,False,0,0.30403493086094663,30.4,1,0.16908819344089202,Cao,3,1,319,92.82,Random Forest,RF_2025_V1
5633,2025-01-01,2025,Operations,Procurement Specialist,1,46,37,2,176,False,5,1,2,12900000,2,2,False,1,0.14848941227143422,14.85,0,0.16908819344089202,Trung bình,2,0,1815,59.06,Random Forest,RF_2025_V1
5640,2025-01-01,2025,Finance,Accountant,1,26,33,1,199,False,3,3,2,13866000,5,5,False,0,0.12221333369302455,12.22,0,0.16908819344089202,Trung bình,2,0,2404,45.77,Random Forest,RF_2025_V1
5648,2025-01-01,2025,Operations,Operations Manager,3,26,4,5,200,False,3,2,2,33287000,1,1,False,0,0.1559855782989001,15.6,0,0.16908819344089202,Trung bình,2,0,1686,61.97,Random Forest,RF_2025_V1
5649,2025-01-01,2025,Information Technology,System Administrator,3,51,13,2,203,False,4,3,1,23312000,2,2,False,0,0.08815900981870631,8.82,0,0.16908819344089202,Thấp,1,0,3319,25.12,Random Forest,RF_2025_V1
5650,2025-01-01,2025,Operations,Operations Manager,1,32,17,2,228,True,2,3,3,11588000,2,2,False,0,0.21637690778025112,21.64,1,0.16908819344089202,Cao,3,1,960,78.36,Random Forest,RF_2025_V1
5652,2025-01-01,2025,Human Resources,HR Executive,3,53,17,4,187,False,4,3,4,34810000,1,1,False,0,0.07933024253195951,7.93,0,0.16908819344089202,Thấp,1,0,3650,17.65,Random Forest,RF_2025_V1
5653,2025-01-01,2025,Information Technology,Software Engineer,5,26,14,7,204,False,4,3,3,77599000,5,3,False,0,0.10880290830945344,10.88,0,0.16908819344089202,Trung bình,2,0,2782,37.24,Random Forest,RF_2025_V1
5654,2025-01-01,2025,Finance,Financial Analyst,1,48,40,3,235,True,3,2,1,19229000,10,10,False,1,0.4255664390208331,42.56,1,0.16908819344089202,Cao,3,1,24,99.48,Random Forest,RF_2025_V1
5655,2025-01-01,2025,Marketing,Marketing Manager,3,29,38,3,224,True,3,1,1,25728000,4,3,False,0,0.3724713518732078,37.25,1,0.16908819344089202,Cao,3,1,99,97.79,Random Forest,RF_2025_V1
5661,2025-01-01,2025,Information Technology,Software Engineer,4,43,29,3,230,True,2,3,2,60811000,2,2,False,0,0.25983984207390287,25.98,1,0.16908819344089202,Cao,3,1,580,86.93,Random Forest,RF_2025_V1
5663,2025-01-01,2025,Operations,Operations Manager,4,38,9,6,244,False,3,4,1,39510000,1,0,True,0,0.21483136678356285,21.48,1,0.16908819344089202,Cao,3,1,977,77.97,Random Forest,RF_2025_V1
5664,2025-01-01,2025,Operations,Operations Manager,3,33,32,1,208,True,2,3,3,42628000,3,3,False,0,0.12617105626986846,12.62,0,0.16908819344089202,Trung bình,2,0,2312,47.84,Random Forest,RF_2025_V1
5667,2025-01-01,2025,Marketing,Digital Marketing Specialist,1,55,6,2,195,True,3,3,3,8565000,3,3,False,0,0.1250414716653166,12.5,0,0.16908819344089202,Trung bình,2,0,2336,47.3,Random Forest,RF_2025_V1
5670,2025-01-01,2025,Human Resources,Recruiter,3,35,37,1,152,False,4,1,3,23883000,3,2,False,0,0.09810126524847745,9.81,0,0.16908819344089202,Thấp,1,0,3047,31.26,Random Forest,RF_2025_V1
5671,2025-01-01,2025,Human Resources,HR Executive,4,30,18,3,186,False,3,4,3,54079000,3,3,False,0,0.060735608799208786,6.07,0,0.16908819344089202,Thấp,1,0,4283,3.36,Random Forest,RF_2025_V1
5672,2025-01-01,2025,Information Technology,Software Engineer,2,30,1,5,206,False,3,4,4,24621000,4,4,False,0,0.08944117097187582,8.94,0,0.16908819344089202,Thấp,1,0,3283,25.93,Random Forest,RF_2025_V1
5674,2025-01-01,2025,Marketing,Digital Marketing Specialist,3,51,12,3,147,False,4,4,2,38272000,9,9,False,0,0.09814290502188153,9.81,0,0.16908819344089202,Thấp,1,0,3046,31.28,Random Forest,RF_2025_V1
5676,2025-01-01,2025,Finance,Finance Manager,2,34,18,5,180,False,3,3,3,14758000,5,0,True,0,0.0672237475310419,6.72,0,0.16908819344089202,Thấp,1,0,4084,7.85,Random Forest,RF_2025_V1
5678,2025-01-01,2025,Marketing,Marketing Manager,2,43,25,6,222,False,3,2,2,25004000,10,10,False,1,0.28244464335457614,28.24,1,0.16908819344089202,Cao,3,1,413,90.7,Random Forest,RF_2025_V1
5680,2025-01-01,2025,Marketing,Marketing Manager,3,50,21,3,177,False,5,4,3,35864000,5,5,False,0,0.06555785931536273,6.56,0,0.16908819344089202,Thấp,1,0,4133,6.75,Random Forest,RF_2025_V1
5681,2025-01-01,2025,Information Technology,IT Support,1,50,9,4,223,False,3,4,1,12847000,7,7,False,0,0.16867460866692405,16.87,0,0.16908819344089202,Trung bình,2,0,1495,66.28,Random Forest,RF_2025_V1
5684,2025-01-01,2025,Information Technology,IT Support,4,38,31,3,188,True,4,3,4,43269000,11,2,False,0,0.11400236739504031,11.4,0,0.16908819344089202,Trung bình,2,0,2625,40.78,Random Forest,RF_2025_V1
5687,2025-01-01,2025,Operations,Operations Executive,2,39,5,1,153,False,4,2,4,18889000,6,5,False,0,0.13679885614512652,13.68,0,0.16908819344089202,Trung bình,2,0,2069,53.33,Random Forest,RF_2025_V1
5689,2025-01-01,2025,Sales,Sales Executive,2,33,1,2,198,False,3,1,3,16933000,12,1,False,0,0.13458136149616573,13.46,0,0.16908819344089202,Trung bình,2,0,2122,52.13,Random Forest,RF_2025_V1
5690,2025-01-01,2025,Operations,Operations Executive,2,48,14,2,184,True,3,2,3,15837000,1,1,False,1,0.23691295589116976,23.69,1,0.16908819344089202,Cao,3,1,764,82.78,Random Forest,RF_2025_V1
5692,2025-01-01,2025,Sales,Sales Representative,3,38,8,2,213,True,2,3,3,26239000,11,3,False,0,0.14183949275752253,14.18,0,0.16908819344089202,Trung bình,2,0,1939,56.26,Random Forest,RF_2025_V1
5696,2025-01-01,2025,Operations,Procurement Specialist,1,34,39,4,194,True,3,4,3,13872000,6,6,False,0,0.17112025520425583,17.11,1,0.16908819344089202,Cao,3,1,1461,67.05,Random Forest,RF_2025_V1
5698,2025-01-01,2025,Marketing,Marketing Executive,4,25,33,4,204,False,4,1,1,41767000,1,0,True,0,0.13868514655097655,13.87,0,0.16908819344089202,Trung bình,2,0,2016,54.52,Random Forest,RF_2025_V1
5702,2025-01-01,2025,Human Resources,HR Manager,3,51,33,2,197,True,4,4,2,27269000,13,1,False,0,0.17364183325198992,17.36,1,0.16908819344089202,Cao,3,1,1432,67.7,Random Forest,RF_2025_V1
5703,2025-01-01,2025,Human Resources,HR Executive,2,25,35,5,217,True,4,4,3,13931000,2,0,True,0,0.1486796941199643,14.87,0,0.16908819344089202,Trung bình,2,0,1813,59.11,Random Forest,RF_2025_V1
5704,2025-01-01,2025,Marketing,Digital Marketing Specialist,2,34,39,5,199,False,4,3,2,22102000,12,12,False,0,0.11832311570294117,11.83,0,0.16908819344089202,Trung bình,2,0,2511,43.35,Random Forest,RF_2025_V1
5706,2025-01-01,2025,Operations,Operations Manager,2,28,2,4,204,False,5,2,3,14360000,8,1,False,1,0.1274698321497497,12.75,0,0.16908819344089202,Trung bình,2,0,2291,48.32,Random Forest,RF_2025_V1
5707,2025-01-01,2025,Marketing,Content Specialist,2,53,31,4,217,True,4,3,3,14009000,2,2,False,0,0.11451232013559999,11.45,0,0.16908819344089202,Trung bình,2,0,2607,41.19,Random Forest,RF_2025_V1
5710,2025-01-01,2025,Information Technology,QA Engineer,3,27,7,6,217,False,3,2,4,38139000,2,2,False,0,0.1566444228388769,15.66,0,0.16908819344089202,Trung bình,2,0,1674,62.24,Random Forest,RF_2025_V1
5714,2025-01-01,2025,Information Technology,QA Engineer,3,25,5,1,197,True,3,4,3,29800000,1,1,False,1,0.14713311296585546,14.71,0,0.16908819344089202,Trung bình,2,0,1846,58.36,Random Forest,RF_2025_V1
5716,2025-01-01,2025,Marketing,Digital Marketing Specialist,3,25,9,1,217,True,3,4,2,30465000,1,1,False,0,0.21048558230420425,21.05,1,0.16908819344089202,Cao,3,1,1025,76.89,Random Forest,RF_2025_V1
5717,2025-01-01,2025,Sales,Sales Representative,1,31,2,3,191,False,4,2,1,14949000,4,4,False,0,0.17754808306003864,17.75,1,0.16908819344089202,Cao,3,1,1370,69.1,Random Forest,RF_2025_V1
5719,2025-01-01,2025,Human Resources,Recruiter,1,46,7,3,171,False,3,4,4,18509000,14,14,False,0,0.10129532492784453,10.13,0,0.16908819344089202,Trung bình,2,0,2964,33.13,Random Forest,RF_2025_V1
5721,2025-01-01,2025,Information Technology,Software Engineer,1,32,33,5,198,True,3,2,3,8408000,1,1,False,0,0.22847158515942334,22.85,1,0.16908819344089202,Cao,3,1,840,81.07,Random Forest,RF_2025_V1
5727,2025-01-01,2025,Marketing,Marketing Executive,3,34,23,5,203,False,4,4,4,34247000,6,1,False,0,0.06405278935385939,6.41,0,0.16908819344089202,Thấp,1,0,4181,5.66,Random Forest,RF_2025_V1
5729,2025-01-01,2025,Human Resources,C&B Specialist,3,26,32,2,235,True,4,2,2,29722000,5,3,False,0,0.3544758321614686,35.45,1,0.16908819344089202,Cao,3,1,144,96.77,Random Forest,RF_2025_V1
5730,2025-01-01,2025,Marketing,Content Specialist,1,28,11,8,178,False,4,2,1,8018000,1,1,False,1,0.18817796889858326,18.82,1,0.16908819344089202,Cao,3,1,1246,71.9,Random Forest,RF_2025_V1
5731,2025-01-01,2025,Sales,Sales Executive,5,47,8,4,193,False,3,3,4,91157000,15,5,False,0,0.09284931860871913,9.28,0,0.16908819344089202,Thấp,1,0,3164,28.62,Random Forest,RF_2025_V1
5732,2025-01-01,2025,Human Resources,C&B Specialist,2,52,35,4,206,True,3,4,3,13678000,6,1,False,0,0.13343631484629198,13.34,0,0.16908819344089202,Trung bình,2,0,2150,51.5,Random Forest,RF_2025_V1
5733,2025-01-01,2025,Information Technology,QA Engineer,2,37,20,2,197,False,3,4,4,17152000,4,4,False,1,0.08791498543324965,8.79,0,0.16908819344089202,Thấp,1,0,3325,24.98,Random Forest,RF_2025_V1
5736,2025-01-01,2025,Human Resources,C&B Specialist,2,39,37,3,210,False,5,3,3,23867000,5,5,False,0,0.08239907650115899,8.24,0,0.16908819344089202,Thấp,1,0,3514,20.72,Random Forest,RF_2025_V1
5738,2025-01-01,2025,Sales,Sales Representative,3,26,33,1,190,False,4,3,4,35041000,1,1,False,0,0.08920601516856999,8.92,0,0.16908819344089202,Thấp,1,0,3289,25.8,Random Forest,RF_2025_V1
5743,2025-01-01,2025,Operations,Procurement Specialist,4,47,3,2,194,False,2,4,3,54477000,11,11,False,0,0.07332790177164851,7.33,0,0.16908819344089202,Thấp,1,0,3894,12.14,Random Forest,RF_2025_V1
5746,2025-01-01,2025,Information Technology,System Administrator,1,53,5,7,205,False,5,2,4,13736000,11,11,False,0,0.18320829407432174,18.32,1,0.16908819344089202,Cao,3,1,1300,70.68,Random Forest,RF_2025_V1
5748,2025-01-01,2025,Operations,Procurement Specialist,1,34,9,5,177,False,4,3,3,10944000,1,1,False,0,0.07796631780671483,7.8,0,0.16908819344089202,Thấp,1,0,3714,16.2,Random Forest,RF_2025_V1
5749,2025-01-01,2025,Sales,Account Manager,2,26,29,4,243,True,4,4,2,23634000,4,4,False,0,0.30500913464630264,30.5,1,0.16908819344089202,Cao,3,1,314,92.94,Random Forest,RF_2025_V1
5751,2025-01-01,2025,Marketing,Marketing Executive,3,48,37,4,219,True,3,3,4,43472000,5,5,False,0,0.19108415445770338,19.11,1,0.16908819344089202,Cao,3,1,1219,72.51,Random Forest,RF_2025_V1
5753,2025-01-01,2025,Human Resources,HR Manager,2,32,31,3,187,True,4,4,4,13612000,1,1,False,1,0.1337936692681652,13.38,0,0.16908819344089202,Trung bình,2,0,2139,51.75,Random Forest,RF_2025_V1
5755,2025-01-01,2025,Operations,Operations Executive,2,38,38,3,257,True,2,4,2,17722000,2,2,False,0,0.2894378546324802,28.94,1,0.16908819344089202,Cao,3,1,375,91.56,Random Forest,RF_2025_V1
5759,2025-01-01,2025,Information Technology,Data Analyst,2,46,9,3,183,False,3,4,2,30383000,10,10,False,0,0.10829865768518156,10.83,0,0.16908819344089202,Trung bình,2,0,2798,36.88,Random Forest,RF_2025_V1
5763,2025-01-01,2025,Information Technology,Software Engineer,2,27,32,1,170,False,2,2,1,12000000,1,0,True,1,0.17421689269061807,17.42,1,0.16908819344089202,Cao,3,1,1423,67.91,Random Forest,RF_2025_V1
5764,2025-01-01,2025,Information Technology,Data Analyst,2,48,4,3,195,False,3,3,1,16596000,2,2,False,1,0.0854108620840623,8.54,0,0.16908819344089202,Thấp,1,0,3405,23.18,Random Forest,RF_2025_V1
5765,2025-01-01,2025,Sales,Sales Executive,4,31,35,7,217,False,4,4,4,44341000,10,3,False,0,0.08674515017805746,8.67,0,0.16908819344089202,Thấp,1,0,3360,24.19,Random Forest,RF_2025_V1
5766,2025-01-01,2025,Human Resources,HR Executive,4,40,19,4,169,False,3,4,1,49000000,3,0,True,0,0.08752939354877196,8.75,0,0.16908819344089202,Thấp,1,0,3331,24.85,Random Forest,RF_2025_V1
5767,2025-01-01,2025,Human Resources,HR Executive,1,40,9,1,144,False,3,3,2,12596000,2,2,False,0,0.08475080027126636,8.48,0,0.16908819344089202,Thấp,1,0,3433,22.55,Random Forest,RF_2025_V1
5768,2025-01-01,2025,Information Technology,System Administrator,1,43,5,3,192,False,3,2,2,8651000,1,1,False,0,0.14811840023861747,14.81,0,0.16908819344089202,Trung bình,2,0,1822,58.9,Random Forest,RF_2025_V1
5770,2025-01-01,2025,Operations,Operations Executive,4,29,1,4,230,False,4,2,4,60840000,4,4,False,0,0.24092699777564566,24.09,1,0.16908819344089202,Cao,3,1,727,83.62,Random Forest,RF_2025_V1
5771,2025-01-01,2025,Sales,Account Manager,1,27,15,7,193,False,4,3,3,8017000,1,1,False,0,0.10693763412008137,10.69,0,0.16908819344089202,Trung bình,2,0,2843,35.86,Random Forest,RF_2025_V1
5772,2025-01-01,2025,Sales,Sales Supervisor,2,27,30,3,154,False,3,1,4,21660000,2,2,False,0,0.08969034201094014,8.97,0,0.16908819344089202,Thấp,1,0,3274,26.13,Random Forest,RF_2025_V1
5774,2025-01-01,2025,Sales,Account Manager,1,52,27,2,199,True,4,2,3,15017000,3,3,False,0,0.21433587344737115,21.43,1,0.16908819344089202,Cao,3,1,981,77.88,Random Forest,RF_2025_V1
5775,2025-01-01,2025,Information Technology,Software Engineer,1,26,7,1,217,True,5,1,2,12068000,2,2,False,0,0.2846028191395367,28.46,1,0.16908819344089202,Cao,3,1,398,91.04,Random Forest,RF_2025_V1
5779,2025-01-01,2025,Finance,Financial Analyst,1,25,29,2,162,False,2,4,4,10118000,5,5,False,0,0.07677250041851108,7.68,0,0.16908819344089202,Thấp,1,0,3754,15.3,Random Forest,RF_2025_V1
5784,2025-01-01,2025,Marketing,Marketing Executive,1,35,9,3,185,False,4,2,3,7485000,1,1,False,0,0.14502061696581664,14.5,0,0.16908819344089202,Trung bình,2,0,1875,57.71,Random Forest,RF_2025_V1
5786,2025-01-01,2025,Finance,Internal Auditor,3,45,28,1,207,False,4,2,3,31120000,1,1,False,0,0.12952156330871495,12.95,0,0.16908819344089202,Trung bình,2,0,2257,49.09,Random Forest,RF_2025_V1
5787,2025-01-01,2025,Sales,Sales Supervisor,3,39,40,2,172,False,3,4,3,45835000,5,5,False,0,0.0640511744328127,6.41,0,0.16908819344089202,Thấp,1,0,4182,5.64,Random Forest,RF_2025_V1
5788,2025-01-01,2025,Information Technology,QA Engineer,2,51,2,5,182,False,3,3,1,29329000,12,12,False,0,0.12175240502001791,12.18,0,0.16908819344089202,Trung bình,2,0,2422,45.36,Random Forest,RF_2025_V1
5789,2025-01-01,2025,Operations,Procurement Specialist,3,42,32,4,196,False,4,1,2,39916000,4,4,False,0,0.18341180214794264,18.34,1,0.16908819344089202,Cao,3,1,1298,70.73,Random Forest,RF_2025_V1
5790,2025-01-01,2025,Sales,Sales Executive,2,37,10,8,233,True,3,3,3,16779000,3,3,False,0,0.2378043283333651,23.78,1,0.16908819344089202,Cao,3,1,754,83.01,Random Forest,RF_2025_V1
5791,2025-01-01,2025,Sales,Sales Supervisor,1,33,5,5,205,False,3,2,4,10087000,2,2,False,1,0.09988746165115403,9.99,0,0.16908819344089202,Thấp,1,0,3002,32.27,Random Forest,RF_2025_V1
5792,2025-01-01,2025,Information Technology,IT Support,1,47,9,2,166,False,2,3,3,9371000,3,3,False,0,0.0595327125513797,5.95,0,0.16908819344089202,Thấp,1,0,4310,2.75,Random Forest,RF_2025_V1
5794,2025-01-01,2025,Marketing,Digital Marketing Specialist,1,33,36,3,219,False,3,2,2,10059000,2,2,False,0,0.1542565841985487,15.43,0,0.16908819344089202,Trung bình,2,0,1710,61.43,Random Forest,RF_2025_V1
5795,2025-01-01,2025,Finance,Accountant,4,36,25,5,193,False,2,2,4,60028000,5,5,False,0,0.13694921106659094,13.69,0,0.16908819344089202,Trung bình,2,0,2063,53.46,Random Forest,RF_2025_V1
5797,2025-01-01,2025,Finance,Accountant,2,28,24,3,193,False,4,3,4,16698000,2,2,False,0,0.05737735270490447,5.74,0,0.16908819344089202,Thấp,1,0,4356,1.72,Random Forest,RF_2025_V1
5798,2025-01-01,2025,Marketing,Marketing Manager,5,37,35,4,189,False,4,3,2,84499000,13,0,True,0,0.1069628820346673,10.7,0,0.16908819344089202,Trung bình,2,0,2842,35.88,Random Forest,RF_2025_V1
5801,2025-01-01,2025,Sales,Sales Representative,4,53,38,3,197,False,3,4,3,68470000,4,4,False,0,0.07782541041804052,7.78,0,0.16908819344089202,Thấp,1,0,3718,16.11,Random Forest,RF_2025_V1
5804,2025-01-01,2025,Marketing,Digital Marketing Specialist,3,47,39,1,185,True,4,4,1,33578000,7,6,False,1,0.21753832302417261,21.75,1,0.16908819344089202,Cao,3,1,945,78.7,Random Forest,RF_2025_V1
5806,2025-01-01,2025,Finance,Finance Manager,1,34,26,2,141,False,3,2,3,17120000,14,14,False,0,0.15009959293869002,15.01,0,0.16908819344089202,Trung bình,2,0,1788,59.67,Random Forest,RF_2025_V1
5807,2025-01-01,2025,Finance,Accountant,3,53,12,1,181,False,5,3,1,29136000,6,4,False,0,0.09349155112957783,9.35,0,0.16908819344089202,Thấp,1,0,3151,28.91,Random Forest,RF_2025_V1
5809,2025-01-01,2025,Finance,Accountant,2,37,14,3,186,False,3,3,3,22101000,3,3,False,0,0.060610435041024244,6.06,0,0.16908819344089202,Thấp,1,0,4286,3.29,Random Forest,RF_2025_V1
5810,2025-01-01,2025,Information Technology,Data Analyst,2,25,30,4,205,True,3,1,2,25957000,5,5,False,1,0.29107444495820195,29.11,1,0.16908819344089202,Cao,3,1,367,91.74,Random Forest,RF_2025_V1
5811,2025-01-01,2025,Sales,Sales Supervisor,1,54,27,7,243,True,3,4,3,12900000,2,2,False,0,0.234503069162474,23.45,1,0.16908819344089202,Cao,3,1,784,82.33,Random Forest,RF_2025_V1
5813,2025-01-01,2025,Marketing,Marketing Executive,5,30,17,4,192,False,4,3,4,62335000,10,2,False,0,0.057199378540581464,5.72,0,0.16908819344089202,Thấp,1,0,4362,1.58,Random Forest,RF_2025_V1
5814,2025-01-01,2025,Sales,Sales Representative,1,50,8,4,211,True,5,3,4,13890000,3,3,False,0,0.1069953436621469,10.7,0,0.16908819344089202,Trung bình,2,0,2841,35.91,Random Forest,RF_2025_V1
5815,2025-01-01,2025,Marketing,Marketing Executive,4,31,37,1,190,False,2,2,2,40606000,7,2,False,1,0.13980432338616233,13.98,0,0.16908819344089202,Trung bình,2,0,1979,55.36,Random Forest,RF_2025_V1
5817,2025-01-01,2025,Marketing,Marketing Executive,4,40,4,4,225,False,2,3,2,67905000,14,14,False,0,0.22352148161393193,22.35,1,0.16908819344089202,Cao,3,1,881,80.14,Random Forest,RF_2025_V1
5820,2025-01-01,2025,Finance,Finance Manager,5,26,31,4,190,False,4,4,4,76640000,5,2,False,0,0.07242505476448952,7.24,0,0.16908819344089202,Thấp,1,0,3916,11.65,Random Forest,RF_2025_V1
5823,2025-01-01,2025,Sales,Sales Executive,3,54,24,1,191,True,3,3,2,20000000,8,0,True,0,0.18115961092484392,18.12,1,0.16908819344089202,Cao,3,1,1318,70.28,Random Forest,RF_2025_V1
5827,2025-01-01,2025,Marketing,Marketing Executive,3,50,3,3,178,False,4,3,3,22451000,1,1,False,0,0.07188344814438712,7.19,0,0.16908819344089202,Thấp,1,0,3934,11.24,Random Forest,RF_2025_V1
5829,2025-01-01,2025,Operations,Operations Manager,3,40,35,2,178,False,3,4,4,31367000,13,6,False,0,0.07992313581629061,7.99,0,0.16908819344089202,Thấp,1,0,3623,18.26,Random Forest,RF_2025_V1
5831,2025-01-01,2025,Finance,Internal Auditor,1,33,31,2,207,True,3,3,2,9157000,1,1,False,0,0.14957921063731186,14.96,0,0.16908819344089202,Trung bình,2,0,1803,59.33,Random Forest,RF_2025_V1
5835,2025-01-01,2025,Finance,Internal Auditor,2,48,8,6,182,False,2,3,4,17259000,1,1,False,0,0.09233475877787503,9.23,0,0.16908819344089202,Thấp,1,0,3187,28.1,Random Forest,RF_2025_V1
5836,2025-01-01,2025,Operations,Operations Manager,1,41,7,5,199,False,3,3,3,8888000,2,2,False,1,0.07107984711407882,7.11,0,0.16908819344089202,Thấp,1,0,3961,10.63,Random Forest,RF_2025_V1
5839,2025-01-01,2025,Operations,Operations Manager,1,25,5,5,192,True,3,4,1,12483000,5,5,False,0,0.21998015768275275,22.0,1,0.16908819344089202,Cao,3,1,918,79.3,Random Forest,RF_2025_V1
5840,2025-01-01,2025,Marketing,Marketing Manager,5,29,25,1,176,True,4,3,2,60544000,3,1,False,0,0.15162651824005904,15.16,0,0.16908819344089202,Trung bình,2,0,1759,60.32,Random Forest,RF_2025_V1
5842,2025-01-01,2025,Human Resources,HR Manager,1,53,37,2,185,False,3,4,2,15181000,7,7,False,0,0.10741327582213395,10.74,0,0.16908819344089202,Trung bình,2,0,2831,36.13,Random Forest,RF_2025_V1
5844,2025-01-01,2025,Finance,Accountant,3,29,37,2,226,True,5,3,3,37042000,9,5,False,1,0.2625676335029922,26.26,1,0.16908819344089202,Cao,3,1,562,87.34,Random Forest,RF_2025_V1
5845,2025-01-01,2025,Sales,Account Manager,2,25,33,3,215,True,4,2,2,17488000,5,5,False,1,0.29769620663298907,29.77,1,0.16908819344089202,Cao,3,1,342,92.3,Random Forest,RF_2025_V1
5849,2025-01-01,2025,Sales,Sales Executive,1,35,39,3,180,True,2,4,2,12403000,4,4,False,0,0.20154899307416438,20.15,1,0.16908819344089202,Cao,3,1,1121,74.72,Random Forest,RF_2025_V1
5851,2025-01-01,2025,Finance,Finance Manager,1,25,6,7,254,True,3,4,3,9766000,1,1,False,0,0.27875324062826307,27.88,1,0.16908819344089202,Cao,3,1,437,90.16,Random Forest,RF_2025_V1
5853,2025-01-01,2025,Sales,Sales Representative,1,54,19,6,224,False,1,3,2,10232000,2,2,False,1,0.17603497610245405,17.6,1,0.16908819344089202,Cao,3,1,1393,68.58,Random Forest,RF_2025_V1
5855,2025-01-01,2025,Sales,Account Manager,2,55,37,2,177,False,3,4,4,15000000,2,1,False,0,0.06427380330854342,6.43,0,0.16908819344089202,Thấp,1,0,4174,5.82,Random Forest,RF_2025_V1
5856,2025-01-01,2025,Operations,Operations Manager,3,36,39,3,188,False,4,4,3,22596000,3,0,True,0,0.07357908535575121,7.36,0,0.16908819344089202,Thấp,1,0,3884,12.37,Random Forest,RF_2025_V1
5857,2025-01-01,2025,Operations,Operations Manager,3,33,12,4,192,False,4,2,3,27861000,4,4,False,0,0.13421949839569614,13.42,0,0.16908819344089202,Trung bình,2,0,2129,51.97,Random Forest,RF_2025_V1
5858,2025-01-01,2025,Human Resources,HR Manager,3,52,5,5,246,True,3,3,3,32463000,12,2,False,0,0.21668495128528634,21.67,1,0.16908819344089202,Cao,3,1,953,78.52,Random Forest,RF_2025_V1
5860,2025-01-01,2025,Human Resources,HR Manager,3,25,23,5,196,True,2,4,3,43356000,3,3,False,0,0.1324764164019709,13.25,0,0.16908819344089202,Trung bình,2,0,2182,50.78,Random Forest,RF_2025_V1
5861,2025-01-01,2025,Operations,Procurement Specialist,2,47,20,5,191,False,4,2,4,17151000,12,4,False,1,0.1321453038789949,13.21,0,0.16908819344089202,Trung bình,2,0,2189,50.62,Random Forest,RF_2025_V1
5862,2025-01-01,2025,Sales,Sales Executive,3,54,36,1,232,True,3,4,4,26468000,5,0,True,0,0.20024679176157945,20.02,1,0.16908819344089202,Cao,3,1,1136,74.39,Random Forest,RF_2025_V1
5863,2025-01-01,2025,Human Resources,C&B Specialist,1,49,21,5,191,False,3,2,4,8053000,2,2,False,0,0.09291749169028728,9.29,0,0.16908819344089202,Thấp,1,0,3163,28.64,Random Forest,RF_2025_V1
5864,2025-01-01,2025,Sales,Account Manager,3,41,5,1,168,False,4,4,2,26497000,10,0,True,0,0.089036431239968,8.9,0,0.16908819344089202,Thấp,1,0,3292,25.73,Random Forest,RF_2025_V1
5865,2025-01-01,2025,Human Resources,HR Manager,4,35,10,4,223,True,3,3,4,36563000,7,1,False,0,0.2118730527744446,21.19,1,0.16908819344089202,Cao,3,1,1015,77.12,Random Forest,RF_2025_V1
5866,2025-01-01,2025,Human Resources,Recruiter,1,54,18,3,190,False,3,4,4,16196000,13,13,False,0,0.08444044428403098,8.44,0,0.16908819344089202,Thấp,1,0,3437,22.46,Random Forest,RF_2025_V1
5867,2025-01-01,2025,Operations,Procurement Specialist,1,28,26,3,236,True,3,2,3,11108000,2,2,False,0,0.315777103455747,31.58,1,0.16908819344089202,Cao,3,1,270,93.93,Random Forest,RF_2025_V1
5873,2025-01-01,2025,Information Technology,System Administrator,2,46,5,1,185,False,3,2,4,16225000,13,1,False,0,0.12264934889908069,12.26,0,0.16908819344089202,Trung bình,2,0,2396,45.95,Random Forest,RF_2025_V1
5875,2025-01-01,2025,Operations,Operations Manager,2,54,20,6,203,False,2,2,1,23372000,7,7,False,1,0.21376058698285755,21.38,1,0.16908819344089202,Cao,3,1,990,77.68,Random Forest,RF_2025_V1
5876,2025-01-01,2025,Finance,Financial Analyst,4,47,32,4,190,True,4,2,3,35000000,10,0,True,0,0.23788580389608582,23.79,1,0.16908819344089202,Cao,3,1,752,83.05,Random Forest,RF_2025_V1
5880,2025-01-01,2025,Sales,Sales Executive,1,27,15,2,172,False,2,3,4,12112000,2,2,False,0,0.054535477508562746,5.45,0,0.16908819344089202,Thấp,1,0,4398,0.77,Random Forest,RF_2025_V1
5882,2025-01-01,2025,Operations,Operations Executive,2,31,32,8,254,True,3,3,2,15592000,7,4,False,1,0.4216168144658675,42.16,1,0.16908819344089202,Cao,3,1,26,99.44,Random Forest,RF_2025_V1
5883,2025-01-01,2025,Operations,Operations Manager,2,32,38,1,162,False,3,4,3,20275000,6,6,False,0,0.0842094650343172,8.42,0,0.16908819344089202,Thấp,1,0,3451,22.14,Random Forest,RF_2025_V1
5885,2025-01-01,2025,Marketing,Marketing Executive,5,41,3,6,223,False,4,3,1,57523000,1,0,True,0,0.21847054245397435,21.85,1,0.16908819344089202,Cao,3,1,939,78.83,Random Forest,RF_2025_V1
5886,2025-01-01,2025,Human Resources,HR Manager,4,28,22,4,209,False,3,1,4,57037000,6,2,False,1,0.11819238462285558,11.82,0,0.16908819344089202,Trung bình,2,0,2513,43.31,Random Forest,RF_2025_V1
5891,2025-01-01,2025,Operations,Operations Executive,2,36,11,4,165,False,3,3,3,17584000,3,3,False,0,0.06199717069397465,6.2,0,0.16908819344089202,Thấp,1,0,4247,4.18,Random Forest,RF_2025_V1
5893,2025-01-01,2025,Sales,Account Manager,5,35,17,3,132,False,3,4,4,59992000,4,1,False,0,0.065529363884914,6.55,0,0.16908819344089202,Thấp,1,0,4134,6.73,Random Forest,RF_2025_V1
5894,2025-01-01,2025,Information Technology,QA Engineer,5,27,27,8,213,False,5,3,2,74236000,4,0,True,0,0.12633423842942848,12.63,0,0.16908819344089202,Trung bình,2,0,2311,47.87,Random Forest,RF_2025_V1
5895,2025-01-01,2025,Human Resources,Recruiter,3,54,31,2,187,False,2,2,3,28938000,1,1,False,1,0.14635839000791853,14.64,0,0.16908819344089202,Trung bình,2,0,1857,58.11,Random Forest,RF_2025_V1
5896,2025-01-01,2025,Operations,Warehouse Supervisor,3,27,9,6,243,True,3,4,4,20000000,5,0,True,0,0.27342015966895417,27.34,1,0.16908819344089202,Cao,3,1,473,89.35,Random Forest,RF_2025_V1
5898,2025-01-01,2025,Finance,Accountant,3,55,13,1,218,True,4,3,4,30499000,5,2,False,0,0.1300333840421775,13.0,0,0.16908819344089202,Trung bình,2,0,2244,49.38,Random Forest,RF_2025_V1
5901,2025-01-01,2025,Finance,Accountant,4,32,13,1,185,True,5,4,2,35000000,8,0,True,0,0.15732356025893723,15.73,0,0.16908819344089202,Trung bình,2,0,1662,62.51,Random Forest,RF_2025_V1
5902,2025-01-01,2025,Marketing,Marketing Executive,2,44,9,2,164,True,4,2,4,20824000,8,2,False,0,0.1855199503795538,18.55,1,0.16908819344089202,Cao,3,1,1277,71.2,Random Forest,RF_2025_V1
5903,2025-01-01,2025,Operations,Procurement Specialist,4,53,16,1,224,True,2,2,2,50728000,2,2,False,0,0.3665173736180005,36.65,1,0.16908819344089202,Cao,3,1,113,97.47,Random Forest,RF_2025_V1
5906,2025-01-01,2025,Finance,Finance Manager,4,44,14,3,169,False,3,4,3,41454000,4,0,True,0,0.0643799718475136,6.44,0,0.16908819344089202,Thấp,1,0,4170,5.91,Random Forest,RF_2025_V1
5907,2025-01-01,2025,Finance,Accountant,3,26,23,4,225,True,3,3,3,35527000,1,1,False,0,0.2515047338777965,25.15,1,0.16908819344089202,Cao,3,1,643,85.51,Random Forest,RF_2025_V1
5912,2025-01-01,2025,Human Resources,Recruiter,3,49,24,1,202,False,4,3,1,23117000,6,2,False,0,0.10024428022830441,10.02,0,0.16908819344089202,Trung bình,2,0,2991,32.52,Random Forest,RF_2025_V1
5913,2025-01-01,2025,Marketing,Marketing Executive,1,32,15,2,219,True,3,2,1,8835000,2,2,False,0,0.23589566545561128,23.59,1,0.16908819344089202,Cao,3,1,769,82.67,Random Forest,RF_2025_V1
5915,2025-01-01,2025,Sales,Sales Executive,1,26,36,5,243,True,2,2,3,8943000,1,1,False,1,0.3068981674313018,30.69,1,0.16908819344089202,Cao,3,1,304,93.16,Random Forest,RF_2025_V1
5918,2025-01-01,2025,Finance,Accountant,3,28,31,1,225,True,3,4,3,38632000,5,5,False,0,0.24691788954403487,24.69,1,0.16908819344089202,Cao,3,1,688,84.5,Random Forest,RF_2025_V1
5922,2025-01-01,2025,Information Technology,Software Engineer,2,35,13,2,191,False,3,1,4,23493000,7,0,True,0,0.12091257597353194,12.09,0,0.16908819344089202,Trung bình,2,0,2444,44.87,Random Forest,RF_2025_V1
5923,2025-01-01,2025,Finance,Accountant,4,47,19,4,224,True,4,2,4,51997000,1,1,False,1,0.3057190316386427,30.57,1,0.16908819344089202,Cao,3,1,311,93.0,Random Forest,RF_2025_V1
5925,2025-01-01,2025,Information Technology,IT Support,4,55,36,2,204,True,3,3,1,39821000,4,2,False,0,0.14902296963866693,14.9,0,0.16908819344089202,Trung bình,2,0,1811,59.15,Random Forest,RF_2025_V1
5926,2025-01-01,2025,Marketing,Marketing Executive,1,38,11,3,204,False,3,3,4,8595000,2,2,False,0,0.0556333401163907,5.56,0,0.16908819344089202,Thấp,1,0,4382,1.13,Random Forest,RF_2025_V1
5928,2025-01-01,2025,Information Technology,IT Support,1,49,38,1,171,True,4,3,4,14954000,13,13,False,0,0.1565334239653634,15.65,0,0.16908819344089202,Trung bình,2,0,1677,62.18,Random Forest,RF_2025_V1
5930,2025-01-01,2025,Finance,Accountant,4,26,11,1,176,False,3,3,3,60487000,4,4,False,0,0.06836667977223232,6.84,0,0.16908819344089202,Thấp,1,0,4048,8.67,Random Forest,RF_2025_V1
5931,2025-01-01,2025,Human Resources,HR Executive,3,37,8,4,196,False,5,2,4,33881000,13,6,False,0,0.1312892826425878,13.13,0,0.16908819344089202,Trung bình,2,0,2212,50.1,Random Forest,RF_2025_V1
5932,2025-01-01,2025,Sales,Account Manager,2,42,17,1,183,False,2,3,3,16608000,1,1,False,0,0.07631075155788046,7.63,0,0.16908819344089202,Thấp,1,0,3774,14.85,Random Forest,RF_2025_V1
5935,2025-01-01,2025,Sales,Sales Supervisor,4,55,24,1,204,True,3,1,4,67305000,4,4,False,0,0.23056050545059448,23.06,1,0.16908819344089202,Cao,3,1,825,81.4,Random Forest,RF_2025_V1
5938,2025-01-01,2025,Human Resources,C&B Specialist,3,32,7,5,213,True,4,4,3,35849000,6,5,False,0,0.18653134665091134,18.65,1,0.16908819344089202,Cao,3,1,1261,71.56,Random Forest,RF_2025_V1
5941,2025-01-01,2025,Finance,Internal Auditor,2,45,4,4,197,False,5,2,1,19764000,1,1,False,1,0.17146467166365836,17.15,1,0.16908819344089202,Cao,3,1,1456,67.16,Random Forest,RF_2025_V1
5943,2025-01-01,2025,Human Resources,HR Executive,2,42,25,5,202,False,3,4,2,17624000,2,2,False,0,0.0735059773598858,7.35,0,0.16908819344089202,Thấp,1,0,3889,12.25,Random Forest,RF_2025_V1
5946,2025-01-01,2025,Finance,Accountant,3,25,34,4,254,True,4,4,2,26655000,2,2,False,0,0.27012090608292144,27.01,1,0.16908819344089202,Cao,3,1,495,88.85,Random Forest,RF_2025_V1
5949,2025-01-01,2025,Finance,Financial Analyst,2,33,7,4,186,False,5,1,4,24331000,4,4,False,0,0.1600162569762108,16.0,0,0.16908819344089202,Trung bình,2,0,1620,63.46,Random Forest,RF_2025_V1
5954,2025-01-01,2025,Human Resources,HR Manager,2,46,38,3,189,False,3,2,4,20047000,4,4,False,0,0.1252814474404178,12.53,0,0.16908819344089202,Trung bình,2,0,2330,47.44,Random Forest,RF_2025_V1
5958,2025-01-01,2025,Human Resources,Recruiter,3,50,7,6,223,True,3,4,4,25423000,8,0,True,0,0.23795240319528346,23.8,1,0.16908819344089202,Cao,3,1,750,83.1,Random Forest,RF_2025_V1
5960,2025-01-01,2025,Marketing,Marketing Executive,2,42,33,2,202,True,3,4,1,15793000,5,1,False,0,0.18024587592728925,18.02,1,0.16908819344089202,Cao,3,1,1332,69.96,Random Forest,RF_2025_V1
5965,2025-01-01,2025,Sales,Sales Representative,2,40,5,2,181,False,4,3,4,16715000,1,1,False,0,0.07047289733412435,7.05,0,0.16908819344089202,Thấp,1,0,3984,10.11,Random Forest,RF_2025_V1
5968,2025-01-01,2025,Human Resources,HR Executive,2,39,28,6,256,True,3,1,1,16073000,3,3,False,1,0.4270586799158446,42.71,1,0.16908819344089202,Cao,3,1,22,99.53,Random Forest,RF_2025_V1
5971,2025-01-01,2025,Marketing,Digital Marketing Specialist,1,41,40,5,224,False,2,4,2,10044000,1,1,False,0,0.1365348996639823,13.65,0,0.16908819344089202,Trung bình,2,0,2074,53.22,Random Forest,RF_2025_V1
5976,2025-01-01,2025,Operations,Warehouse Supervisor,1,30,33,4,188,True,4,4,4,8686000,2,2,False,0,0.12276281826499935,12.28,0,0.16908819344089202,Trung bình,2,0,2395,45.97,Random Forest,RF_2025_V1
5977,2025-01-01,2025,Human Resources,Recruiter,3,46,38,5,225,True,4,2,1,33707000,8,6,False,1,0.4081542516610566,40.82,1,0.16908819344089202,Cao,3,1,35,99.23,Random Forest,RF_2025_V1
5978,2025-01-01,2025,Marketing,Marketing Executive,2,52,39,7,224,False,3,4,4,13451000,1,1,False,0,0.1451531874286082,14.52,0,0.16908819344089202,Trung bình,2,0,1874,57.73,Random Forest,RF_2025_V1
5980,2025-01-01,2025,Finance,Internal Auditor,2,33,39,3,200,False,4,1,2,17811000,6,3,False,0,0.13269755559571134,13.27,0,0.16908819344089202,Trung bình,2,0,2171,51.03,Random Forest,RF_2025_V1
5981,2025-01-01,2025,Marketing,Marketing Executive,4,28,6,2,194,False,3,3,2,49512000,8,1,False,0,0.08151298793493028,8.15,0,0.16908819344089202,Thấp,1,0,3546,20.0,Random Forest,RF_2025_V1
5982,2025-01-01,2025,Sales,Sales Executive,2,55,31,2,138,False,4,4,3,18780000,9,9,False,0,0.08662556216165239,8.66,0,0.16908819344089202,Thấp,1,0,3369,23.99,Random Forest,RF_2025_V1
5983,2025-01-01,2025,Marketing,Marketing Manager,2,42,40,4,172,False,3,4,2,21081000,9,9,False,0,0.10214948815465338,10.21,0,0.16908819344089202,Trung bình,2,0,2947,33.51,Random Forest,RF_2025_V1
5984,2025-01-01,2025,Sales,Account Manager,1,55,33,1,178,False,4,3,2,14770000,5,5,False,0,0.10359327862996415,10.36,0,0.16908819344089202,Trung bình,2,0,2908,34.39,Random Forest,RF_2025_V1
5987,2025-01-01,2025,Finance,Accountant,4,39,39,3,189,False,3,4,3,46982000,5,4,False,0,0.0642331657595803,6.42,0,0.16908819344089202,Thấp,1,0,4178,5.73,Random Forest,RF_2025_V1
5990,2025-01-01,2025,Sales,Sales Representative,2,34,8,3,201,False,3,2,4,32465000,7,7,False,1,0.13511825020474938,13.51,0,0.16908819344089202,Trung bình,2,0,2106,52.49,Random Forest,RF_2025_V1
5992,2025-01-01,2025,Information Technology,Data Analyst,2,28,21,3,192,False,4,3,4,23777000,4,4,False,0,0.08087428561987146,8.09,0,0.16908819344089202,Thấp,1,0,3581,19.21,Random Forest,RF_2025_V1
5993,2025-01-01,2025,Marketing,Marketing Executive,2,37,2,5,208,True,4,1,2,23769000,10,3,False,0,0.28307883212822155,28.31,1,0.16908819344089202,Cao,3,1,409,90.79,Random Forest,RF_2025_V1
5994,2025-01-01,2025,Human Resources,Recruiter,1,26,39,4,176,False,1,2,2,12056000,1,1,False,0,0.14990270380421117,14.99,0,0.16908819344089202,Trung bình,2,0,1796,59.49,Random Forest,RF_2025_V1
5996,2025-01-01,2025,Operations,Operations Executive,1,41,33,3,185,False,4,2,3,13306000,2,2,False,0,0.10101846296186143,10.1,0,0.16908819344089202,Trung bình,2,0,2974,32.9,Random Forest,RF_2025_V1
5997,2025-01-01,2025,Sales,Account Manager,2,45,12,4,230,True,2,3,3,21164000,2,2,False,0,0.19777044305061764,19.78,1,0.16908819344089202,Cao,3,1,1158,73.89,Random Forest,RF_2025_V1
6001,2025-01-01,2025,Sales,Sales Executive,2,42,16,5,249,True,4,2,2,28226000,9,9,False,0,0.45952643101952445,45.95,1,0.16908819344089202,Cao,3,1,9,99.82,Random Forest,RF_2025_V1
6002,2025-01-01,2025,Information Technology,QA Engineer,1,50,19,1,178,True,4,2,3,11495000,4,4,False,0,0.27280744488281633,27.28,1,0.16908819344089202,Cao,3,1,477,89.26,Random Forest,RF_2025_V1
6005,2025-01-01,2025,Information Technology,System Administrator,2,51,8,5,240,True,3,2,3,22088000,10,10,False,0,0.39185985539277335,39.19,1,0.16908819344089202,Cao,3,1,67,98.51,Random Forest,RF_2025_V1
6010,2025-01-01,2025,Sales,Sales Executive,2,42,11,3,215,True,3,4,4,23236000,7,7,False,1,0.18527242871884161,18.53,1,0.16908819344089202,Cao,3,1,1280,71.14,Random Forest,RF_2025_V1
6015,2025-01-01,2025,Sales,Sales Supervisor,4,52,37,2,208,True,4,4,2,37178000,3,0,True,0,0.14872398286521743,14.87,0,0.16908819344089202,Trung bình,2,0,1812,59.13,Random Forest,RF_2025_V1
6016,2025-01-01,2025,Marketing,Marketing Manager,1,42,5,3,189,False,3,4,1,11374000,1,1,False,0,0.11131637468451286,11.13,0,0.16908819344089202,Trung bình,2,0,2710,38.86,Random Forest,RF_2025_V1
6017,2025-01-01,2025,Human Resources,Recruiter,3,35,11,5,233,True,4,3,4,38770000,13,13,False,0,0.2822149949907394,28.22,1,0.16908819344089202,Cao,3,1,414,90.68,Random Forest,RF_2025_V1
6019,2025-01-01,2025,Sales,Account Manager,1,30,3,1,160,False,4,2,3,14744000,9,9,False,0,0.16087662907922967,16.09,0,0.16908819344089202,Trung bình,2,0,1603,63.85,Random Forest,RF_2025_V1
6020,2025-01-01,2025,Sales,Sales Executive,2,39,31,3,228,False,4,4,4,27606000,8,8,False,0,0.1422773939272697,14.23,0,0.16908819344089202,Trung bình,2,0,1930,56.47,Random Forest,RF_2025_V1
6021,2025-01-01,2025,Finance,Finance Manager,2,31,33,5,181,False,4,4,4,28517000,8,8,False,0,0.07407407806324648,7.41,0,0.16908819344089202,Thấp,1,0,3859,12.93,Random Forest,RF_2025_V1
6022,2025-01-01,2025,Information Technology,Data Analyst,3,47,7,5,208,True,2,3,3,20682000,3,0,True,0,0.1480202435713404,14.8,0,0.16908819344089202,Trung bình,2,0,1824,58.86,Random Forest,RF_2025_V1
6023,2025-01-01,2025,Human Resources,Recruiter,3,47,32,8,195,False,5,2,1,34378000,3,3,False,1,0.1685461713741821,16.85,0,0.16908819344089202,Trung bình,2,0,1497,66.24,Random Forest,RF_2025_V1
6024,2025-01-01,2025,Sales,Sales Representative,3,35,14,3,162,False,4,3,4,39924000,3,3,False,0,0.05457461160618989,5.46,0,0.16908819344089202,Thấp,1,0,4397,0.79,Random Forest,RF_2025_V1
6026,2025-01-01,2025,Operations,Operations Manager,1,38,21,5,242,False,4,2,4,8970000,2,2,False,1,0.16133038882156087,16.13,0,0.16908819344089202,Trung bình,2,0,1597,63.98,Random Forest,RF_2025_V1
6027,2025-01-01,2025,Human Resources,Recruiter,3,33,31,1,204,False,3,3,3,24599000,11,3,False,0,0.07364054666690628,7.36,0,0.16908819344089202,Thấp,1,0,3882,12.41,Random Forest,RF_2025_V1
6029,2025-01-01,2025,Human Resources,Recruiter,3,41,4,3,216,True,4,3,1,31231000,11,3,False,1,0.17891810544076162,17.89,1,0.16908819344089202,Cao,3,1,1349,69.58,Random Forest,RF_2025_V1
6030,2025-01-01,2025,Information Technology,Software Engineer,2,28,1,2,173,False,2,3,4,15628000,3,3,False,0,0.06448999048443645,6.45,0,0.16908819344089202,Thấp,1,0,4165,6.03,Random Forest,RF_2025_V1
6035,2025-01-01,2025,Finance,Internal Auditor,2,41,5,8,250,True,3,2,2,20322000,2,2,False,0,0.40693044290692093,40.69,1,0.16908819344089202,Cao,3,1,38,99.16,Random Forest,RF_2025_V1
6038,2025-01-01,2025,Information Technology,System Administrator,1,31,30,2,176,False,3,3,2,8284000,1,1,False,0,0.11065626089160231,11.07,0,0.16908819344089202,Trung bình,2,0,2736,38.28,Random Forest,RF_2025_V1
6040,2025-01-01,2025,Operations,Warehouse Supervisor,1,30,24,3,203,True,4,2,2,13306000,4,4,False,0,0.304971448736662,30.5,1,0.16908819344089202,Cao,3,1,315,92.91,Random Forest,RF_2025_V1
6041,2025-01-01,2025,Sales,Sales Representative,4,37,28,2,177,False,3,4,2,42924000,1,1,False,0,0.08931540287747304,8.93,0,0.16908819344089202,Thấp,1,0,3285,25.89,Random Forest,RF_2025_V1
6042,2025-01-01,2025,Marketing,Content Specialist,4,42,33,1,185,False,2,4,4,40622000,10,3,False,0,0.05557803811044235,5.56,0,0.16908819344089202,Thấp,1,0,4385,1.06,Random Forest,RF_2025_V1
6043,2025-01-01,2025,Information Technology,QA Engineer,3,46,21,3,148,False,2,1,1,22800000,8,2,False,0,0.17830745456711072,17.83,1,0.16908819344089202,Cao,3,1,1356,69.42,Random Forest,RF_2025_V1
6045,2025-01-01,2025,Sales,Sales Representative,1,41,15,3,219,True,4,1,4,13496000,4,4,False,1,0.24764574513119192,24.76,1,0.16908819344089202,Cao,3,1,681,84.65,Random Forest,RF_2025_V1
6046,2025-01-01,2025,Information Technology,Software Engineer,3,30,6,2,184,False,3,3,3,32733000,7,3,False,0,0.0654173094625637,6.54,0,0.16908819344089202,Thấp,1,0,4137,6.66,Random Forest,RF_2025_V1
6048,2025-01-01,2025,Finance,Accountant,2,38,16,5,205,False,3,4,1,12481000,2,1,False,0,0.08259374482902525,8.26,0,0.16908819344089202,Thấp,1,0,3506,20.9,Random Forest,RF_2025_V1
6052,2025-01-01,2025,Sales,Sales Supervisor,3,53,15,7,229,True,3,3,1,30418000,15,3,False,0,0.32127906044315,32.13,1,0.16908819344089202,Cao,3,1,246,94.47,Random Forest,RF_2025_V1
6053,2025-01-01,2025,Operations,Procurement Specialist,2,25,12,1,190,False,4,4,4,16128000,1,1,False,0,0.07813008673578455,7.81,0,0.16908819344089202,Thấp,1,0,3701,16.5,Random Forest,RF_2025_V1
6061,2025-01-01,2025,Marketing,Content Specialist,2,35,27,4,198,False,4,2,4,18898000,6,2,False,0,0.1143927519123663,11.44,0,0.16908819344089202,Trung bình,2,0,2609,41.14,Random Forest,RF_2025_V1
6062,2025-01-01,2025,Operations,Operations Executive,1,25,25,6,185,False,3,3,3,8016000,2,2,False,0,0.08781289218428072,8.78,0,0.16908819344089202,Thấp,1,0,3327,24.94,Random Forest,RF_2025_V1
6063,2025-01-01,2025,Operations,Operations Executive,3,50,4,4,213,False,3,4,4,37694000,1,1,False,0,0.08432193202586268,8.43,0,0.16908819344089202,Thấp,1,0,3445,22.27,Random Forest,RF_2025_V1
6064,2025-01-01,2025,Information Technology,QA Engineer,1,25,8,1,171,False,4,3,2,10283000,1,1,False,0,0.11563718816678276,11.56,0,0.16908819344089202,Trung bình,2,0,2575,41.91,Random Forest,RF_2025_V1
6067,2025-01-01,2025,Sales,Account Manager,3,53,8,5,192,False,5,3,3,28561000,1,1,False,0,0.08718475014936382,8.72,0,0.16908819344089202,Thấp,1,0,3340,24.64,Random Forest,RF_2025_V1
6069,2025-01-01,2025,Operations,Warehouse Supervisor,3,42,10,5,181,False,5,4,1,27185000,9,5,False,0,0.12085283705631461,12.09,0,0.16908819344089202,Trung bình,2,0,2446,44.82,Random Forest,RF_2025_V1
6072,2025-01-01,2025,Marketing,Marketing Manager,2,53,18,3,241,True,3,2,3,30879000,10,10,False,1,0.34835302141346763,34.84,1,0.16908819344089202,Cao,3,1,161,96.39,Random Forest,RF_2025_V1
6073,2025-01-01,2025,Marketing,Content Specialist,3,54,37,6,237,True,4,3,4,25690000,3,3,False,0,0.23461318236258388,23.46,1,0.16908819344089202,Cao,3,1,782,82.37,Random Forest,RF_2025_V1
6074,2025-01-01,2025,Information Technology,QA Engineer,2,29,38,2,198,False,3,1,2,26051000,7,7,False,0,0.19155915498482542,19.16,1,0.16908819344089202,Cao,3,1,1213,72.65,Random Forest,RF_2025_V1
6079,2025-01-01,2025,Sales,Sales Executive,2,41,29,3,234,True,4,4,2,21175000,7,7,False,1,0.33139515464053304,33.14,1,0.16908819344089202,Cao,3,1,212,95.24,Random Forest,RF_2025_V1
6083,2025-01-01,2025,Marketing,Marketing Executive,2,34,19,5,216,False,4,3,3,13248000,1,1,False,0,0.07615193753230547,7.62,0,0.16908819344089202,Thấp,1,0,3780,14.71,Random Forest,RF_2025_V1
6085,2025-01-01,2025,Finance,Finance Manager,2,53,13,6,181,False,3,2,4,20804000,1,1,False,0,0.13245256038030798,13.25,0,0.16908819344089202,Trung bình,2,0,2183,50.76,Random Forest,RF_2025_V1
6086,2025-01-01,2025,Sales,Sales Supervisor,2,54,20,1,173,False,3,3,4,15446000,7,2,False,0,0.06565342405232891,6.57,0,0.16908819344089202,Thấp,1,0,4129,6.84,Random Forest,RF_2025_V1
6087,2025-01-01,2025,Finance,Internal Auditor,2,25,7,1,177,False,3,3,1,14512000,2,1,False,0,0.08542153714293893,8.54,0,0.16908819344089202,Thấp,1,0,3404,23.2,Random Forest,RF_2025_V1
6088,2025-01-01,2025,Marketing,Marketing Manager,4,44,1,3,176,False,4,3,3,59749000,3,3,False,0,0.05524954172794051,5.52,0,0.16908819344089202,Thấp,1,0,4391,0.93,Random Forest,RF_2025_V1
6089,2025-01-01,2025,Operations,Operations Executive,2,45,22,1,166,True,3,4,2,16192000,1,1,False,0,0.18604165267373385,18.6,1,0.16908819344089202,Cao,3,1,1269,71.38,Random Forest,RF_2025_V1
6090,2025-01-01,2025,Human Resources,HR Manager,1,44,39,2,217,True,3,2,4,12158000,4,4,False,0,0.25310125204464895,25.31,1,0.16908819344089202,Cao,3,1,631,85.78,Random Forest,RF_2025_V1
6092,2025-01-01,2025,Marketing,Digital Marketing Specialist,4,39,8,6,189,False,4,4,1,42497000,3,3,False,0,0.08957941925067683,8.96,0,0.16908819344089202,Thấp,1,0,3277,26.07,Random Forest,RF_2025_V1
6093,2025-01-01,2025,Marketing,Digital Marketing Specialist,1,48,13,5,234,False,2,3,2,10092000,5,5,False,0,0.18483751484741304,18.48,1,0.16908819344089202,Cao,3,1,1284,71.04,Random Forest,RF_2025_V1
6095,2025-01-01,2025,Finance,Accountant,2,46,15,7,257,True,2,2,3,31845000,11,11,False,1,0.39695237303344294,39.7,1,0.16908819344089202,Cao,3,1,61,98.65,Random Forest,RF_2025_V1
6099,2025-01-01,2025,Sales,Account Manager,2,33,28,3,204,False,3,3,4,19685000,1,1,False,0,0.08039037824458273,8.04,0,0.16908819344089202,Thấp,1,0,3602,18.73,Random Forest,RF_2025_V1
6103,2025-01-01,2025,Information Technology,Data Analyst,1,29,36,6,216,True,4,2,2,10835000,1,1,False,0,0.32504813053438414,32.5,1,0.16908819344089202,Cao,3,1,232,94.79,Random Forest,RF_2025_V1
6108,2025-01-01,2025,Sales,Account Manager,3,26,12,4,207,False,4,4,3,48231000,6,6,False,0,0.08846444614967403,8.85,0,0.16908819344089202,Thấp,1,0,3307,25.39,Random Forest,RF_2025_V1
6110,2025-01-01,2025,Marketing,Digital Marketing Specialist,1,51,11,3,193,False,3,4,4,11480000,11,11,False,0,0.06845983999261242,6.85,0,0.16908819344089202,Thấp,1,0,4045,8.73,Random Forest,RF_2025_V1
6116,2025-01-01,2025,Marketing,Digital Marketing Specialist,3,47,2,1,177,False,4,3,3,30460000,1,1,False,0,0.07750291355356673,7.75,0,0.16908819344089202,Thấp,1,0,3732,15.8,Random Forest,RF_2025_V1
6118,2025-01-01,2025,Information Technology,Software Engineer,2,50,5,4,155,False,2,1,1,27109000,11,11,False,0,0.20260629195593996,20.26,1,0.16908819344089202,Cao,3,1,1110,74.97,Random Forest,RF_2025_V1
6119,2025-01-01,2025,Information Technology,Data Analyst,3,38,10,3,171,False,3,1,4,32014000,3,3,False,0,0.09009808079564027,9.01,0,0.16908819344089202,Thấp,1,0,3266,26.31,Random Forest,RF_2025_V1
6121,2025-01-01,2025,Information Technology,Software Engineer,1,55,29,5,204,False,3,1,4,18406000,15,15,False,0,0.16044474373916232,16.04,0,0.16908819344089202,Trung bình,2,0,1611,63.67,Random Forest,RF_2025_V1
6124,2025-01-01,2025,Marketing,Digital Marketing Specialist,3,42,27,1,170,False,3,3,2,26262000,13,0,True,0,0.09527497522462752,9.53,0,0.16908819344089202,Thấp,1,0,3106,29.93,Random Forest,RF_2025_V1
6126,2025-01-01,2025,Sales,Sales Supervisor,1,34,16,4,205,False,4,3,4,9567000,2,2,False,0,0.05792882063904492,5.79,0,0.16908819344089202,Thấp,1,0,4337,2.14,Random Forest,RF_2025_V1
6128,2025-01-01,2025,Finance,Accountant,4,38,34,3,173,False,4,3,2,75337000,6,6,False,0,0.09620113781023999,9.62,0,0.16908819344089202,Thấp,1,0,3085,30.4,Random Forest,RF_2025_V1
6131,2025-01-01,2025,Sales,Sales Executive,1,44,16,3,201,True,3,4,3,12512000,1,1,False,0,0.1324882816063298,13.25,0,0.16908819344089202,Trung bình,2,0,2180,50.82,Random Forest,RF_2025_V1
6137,2025-01-01,2025,Human Resources,HR Manager,2,53,29,4,210,True,4,2,3,14118000,1,1,False,0,0.23417149051958405,23.42,1,0.16908819344089202,Cao,3,1,791,82.17,Random Forest,RF_2025_V1
6140,2025-01-01,2025,Marketing,Digital Marketing Specialist,2,54,1,1,214,False,4,3,1,16857000,1,1,False,0,0.14077331958993045,14.08,0,0.16908819344089202,Trung bình,2,0,1960,55.79,Random Forest,RF_2025_V1
6145,2025-01-01,2025,Finance,Financial Analyst,2,42,19,3,215,True,4,3,2,26505000,4,4,False,0,0.24015842005551585,24.02,1,0.16908819344089202,Cao,3,1,733,83.48,Random Forest,RF_2025_V1
6148,2025-01-01,2025,Marketing,Marketing Manager,3,43,38,5,192,False,5,3,4,22995000,4,2,False,0,0.05783231982759445,5.78,0,0.16908819344089202,Thấp,1,0,4345,1.96,Random Forest,RF_2025_V1
6150,2025-01-01,2025,Information Technology,System Administrator,4,51,38,4,197,False,4,4,2,72782000,11,11,False,0,0.11032652159365751,11.03,0,0.16908819344089202,Trung bình,2,0,2744,38.1,Random Forest,RF_2025_V1
6152,2025-01-01,2025,Information Technology,QA Engineer,1,43,34,2,208,False,3,2,2,16452000,12,12,False,1,0.20611000764859025,20.61,1,0.16908819344089202,Cao,3,1,1078,75.69,Random Forest,RF_2025_V1
6153,2025-01-01,2025,Operations,Warehouse Supervisor,2,43,39,6,180,False,3,4,1,17586000,14,5,False,1,0.11313169181074147,11.31,0,0.16908819344089202,Trung bình,2,0,2654,40.13,Random Forest,RF_2025_V1
6155,2025-01-01,2025,Marketing,Marketing Manager,5,35,5,3,214,True,2,2,3,100246000,12,4,False,0,0.2230633094225073,22.31,1,0.16908819344089202,Cao,3,1,889,79.96,Random Forest,RF_2025_V1
6156,2025-01-01,2025,Human Resources,C&B Specialist,3,32,18,2,178,False,2,2,4,22740000,1,1,False,1,0.11977068939429782,11.98,0,0.16908819344089202,Trung bình,2,0,2481,44.03,Random Forest,RF_2025_V1
6157,2025-01-01,2025,Human Resources,C&B Specialist,1,51,14,3,194,True,3,4,3,13261000,9,9,False,0,0.16575427707813464,16.58,0,0.16908819344089202,Trung bình,2,0,1533,65.43,Random Forest,RF_2025_V1
6160,2025-01-01,2025,Information Technology,Data Analyst,2,33,36,5,261,True,2,4,3,26267000,6,6,False,1,0.23427974607028498,23.43,1,0.16908819344089202,Cao,3,1,788,82.24,Random Forest,RF_2025_V1
6163,2025-01-01,2025,Operations,Operations Manager,2,46,21,5,204,False,4,3,3,22184000,12,4,False,0,0.09050194494088473,9.05,0,0.16908819344089202,Thấp,1,0,3251,26.65,Random Forest,RF_2025_V1
6168,2025-01-01,2025,Operations,Procurement Specialist,2,51,16,3,212,True,4,4,4,19138000,8,0,True,0,0.1519591458685081,15.2,0,0.16908819344089202,Trung bình,2,0,1751,60.51,Random Forest,RF_2025_V1
6176,2025-01-01,2025,Information Technology,IT Support,1,46,4,4,196,True,2,2,3,12388000,2,2,False,0,0.2205265300928399,22.05,1,0.16908819344089202,Cao,3,1,912,79.44,Random Forest,RF_2025_V1
6178,2025-01-01,2025,Sales,Sales Representative,3,55,17,6,180,False,4,4,3,22106000,12,0,True,0,0.0814766993074868,8.15,0,0.16908819344089202,Thấp,1,0,3549,19.93,Random Forest,RF_2025_V1
6179,2025-01-01,2025,Human Resources,HR Executive,4,31,19,6,224,False,5,4,4,45533000,8,4,False,0,0.15384059847782272,15.38,0,0.16908819344089202,Trung bình,2,0,1717,61.27,Random Forest,RF_2025_V1
6182,2025-01-01,2025,Finance,Finance Manager,1,27,38,5,178,False,3,2,1,13899000,2,2,False,0,0.1390948495732265,13.91,0,0.16908819344089202,Trung bình,2,0,2003,54.82,Random Forest,RF_2025_V1
6185,2025-01-01,2025,Marketing,Marketing Executive,2,43,22,3,207,True,5,3,3,18934000,3,3,False,0,0.11221439035361541,11.22,0,0.16908819344089202,Trung bình,2,0,2682,39.49,Random Forest,RF_2025_V1
6187,2025-01-01,2025,Finance,Financial Analyst,3,55,22,8,236,True,2,2,3,20000000,9,0,True,0,0.35191697449866105,35.19,1,0.16908819344089202,Cao,3,1,151,96.61,Random Forest,RF_2025_V1
6188,2025-01-01,2025,Human Resources,C&B Specialist,4,53,12,5,211,False,3,3,4,76072000,13,13,False,0,0.0932639017535244,9.33,0,0.16908819344089202,Thấp,1,0,3154,28.84,Random Forest,RF_2025_V1
6190,2025-01-01,2025,Human Resources,C&B Specialist,1,46,5,1,150,False,4,2,3,11335000,2,2,False,0,0.09849101230673468,9.85,0,0.16908819344089202,Thấp,1,0,3041,31.39,Random Forest,RF_2025_V1
6193,2025-01-01,2025,Sales,Account Manager,1,35,24,5,197,False,3,4,1,14183000,3,3,False,0,0.07718388945329048,7.72,0,0.16908819344089202,Thấp,1,0,3739,15.64,Random Forest,RF_2025_V1
6197,2025-01-01,2025,Human Resources,HR Executive,3,42,19,2,244,True,3,4,4,30801000,8,6,False,0,0.23268419359529435,23.27,1,0.16908819344089202,Cao,3,1,803,81.9,Random Forest,RF_2025_V1
6198,2025-01-01,2025,Marketing,Content Specialist,1,25,36,4,258,True,4,2,3,8615000,1,1,False,1,0.2791875438315629,27.92,1,0.16908819344089202,Cao,3,1,433,90.25,Random Forest,RF_2025_V1
6200,2025-01-01,2025,Operations,Procurement Specialist,2,25,22,3,188,True,3,4,2,14532000,1,0,True,0,0.20227823774100523,20.23,1,0.16908819344089202,Cao,3,1,1112,74.93,Random Forest,RF_2025_V1
6207,2025-01-01,2025,Sales,Account Manager,3,55,29,4,183,False,5,3,3,24003000,7,3,False,0,0.08069609623933567,8.07,0,0.16908819344089202,Thấp,1,0,3588,19.05,Random Forest,RF_2025_V1
6209,2025-01-01,2025,Operations,Operations Executive,1,25,32,4,209,True,3,2,3,12940000,3,3,False,0,0.24736966345541986,24.74,1,0.16908819344089202,Cao,3,1,683,84.61,Random Forest,RF_2025_V1
6213,2025-01-01,2025,Sales,Account Manager,1,25,30,8,233,False,4,4,4,12293000,2,2,False,0,0.13212868529862962,13.21,0,0.16908819344089202,Trung bình,2,0,2190,50.6,Random Forest,RF_2025_V1
6216,2025-01-01,2025,Marketing,Content Specialist,2,43,7,3,183,False,3,2,4,27794000,13,13,False,0,0.12673307315326515,12.67,0,0.16908819344089202,Trung bình,2,0,2306,47.98,Random Forest,RF_2025_V1
6217,2025-01-01,2025,Information Technology,QA Engineer,2,40,34,3,223,True,2,4,2,19711000,3,3,False,1,0.2669464384505284,26.69,1,0.16908819344089202,Cao,3,1,521,88.26,Random Forest,RF_2025_V1
6219,2025-01-01,2025,Finance,Accountant,2,45,20,1,166,False,3,4,3,16402000,5,3,False,0,0.057413408337912926,5.74,0,0.16908819344089202,Thấp,1,0,4355,1.74,Random Forest,RF_2025_V1
6221,2025-01-01,2025,Operations,Warehouse Supervisor,3,53,35,1,209,True,4,3,2,23623000,6,3,False,0,0.17874395937190024,17.87,1,0.16908819344089202,Cao,3,1,1352,69.51,Random Forest,RF_2025_V1
6222,2025-01-01,2025,Human Resources,Recruiter,2,33,27,3,222,False,4,2,4,24667000,6,6,False,0,0.22924108314803532,22.92,1,0.16908819344089202,Cao,3,1,835,81.18,Random Forest,RF_2025_V1
6224,2025-01-01,2025,Operations,Operations Executive,2,29,1,5,212,False,4,2,4,24803000,4,4,False,0,0.15922413726797582,15.92,0,0.16908819344089202,Trung bình,2,0,1630,63.24,Random Forest,RF_2025_V1
6231,2025-01-01,2025,Marketing,Marketing Executive,1,38,3,3,183,True,4,2,3,13697000,3,3,False,0,0.19995040670527897,20.0,1,0.16908819344089202,Cao,3,1,1142,74.25,Random Forest,RF_2025_V1
6232,2025-01-01,2025,Finance,Internal Auditor,2,36,7,4,249,True,3,2,4,23841000,15,15,False,1,0.3867346153020455,38.67,1,0.16908819344089202,Cao,3,1,75,98.33,Random Forest,RF_2025_V1
6233,2025-01-01,2025,Human Resources,HR Executive,3,49,28,4,197,False,5,4,4,29615000,12,2,False,0,0.0647153428293878,6.47,0,0.16908819344089202,Thấp,1,0,4158,6.18,Random Forest,RF_2025_V1
6234,2025-01-01,2025,Sales,Account Manager,3,35,35,6,218,True,2,4,1,39518000,8,3,False,1,0.2384677318514954,23.85,1,0.16908819344089202,Cao,3,1,744,83.23,Random Forest,RF_2025_V1
6236,2025-01-01,2025,Information Technology,System Administrator,2,52,40,1,165,False,3,4,3,16452000,2,2,False,0,0.05761519740696758,5.76,0,0.16908819344089202,Thấp,1,0,4348,1.9,Random Forest,RF_2025_V1
6237,2025-01-01,2025,Sales,Sales Representative,2,27,5,1,206,True,3,4,4,18957000,4,4,False,0,0.18264434609220936,18.26,1,0.16908819344089202,Cao,3,1,1306,70.55,Random Forest,RF_2025_V1
6239,2025-01-01,2025,Marketing,Marketing Executive,2,28,18,7,227,False,4,3,4,18438000,1,1,False,0,0.15047698666095122,15.05,0,0.16908819344089202,Trung bình,2,0,1781,59.83,Random Forest,RF_2025_V1
6240,2025-01-01,2025,Finance,Internal Auditor,1,48,40,1,166,False,4,3,4,16634000,6,6,False,0,0.07687409380468217,7.69,0,0.16908819344089202,Thấp,1,0,3750,15.39,Random Forest,RF_2025_V1
6241,2025-01-01,2025,Information Technology,Software Engineer,3,29,16,5,240,True,4,3,2,32196000,2,2,False,0,0.2647821930809912,26.48,1,0.16908819344089202,Cao,3,1,537,87.9,Random Forest,RF_2025_V1
6242,2025-01-01,2025,Operations,Procurement Specialist,2,44,9,3,204,False,3,3,3,24467000,12,1,False,0,0.07029664917967006,7.03,0,0.16908819344089202,Thấp,1,0,3989,10.0,Random Forest,RF_2025_V1
6248,2025-01-01,2025,Information Technology,IT Support,3,41,21,2,197,True,4,4,3,24395000,5,3,False,0,0.12399660559325935,12.4,0,0.16908819344089202,Trung bình,2,0,2363,46.69,Random Forest,RF_2025_V1
6249,2025-01-01,2025,Marketing,Marketing Manager,2,48,30,1,194,False,3,3,2,12403000,5,0,True,0,0.10168224703264653,10.17,0,0.16908819344089202,Trung bình,2,0,2956,33.31,Random Forest,RF_2025_V1
6250,2025-01-01,2025,Human Resources,HR Executive,2,38,2,7,199,False,4,2,2,29952000,14,14,False,0,0.22038397509599272,22.04,1,0.16908819344089202,Cao,3,1,914,79.4,Random Forest,RF_2025_V1
6251,2025-01-01,2025,Finance,Accountant,2,44,38,4,179,True,4,4,4,21311000,3,3,False,0,0.11747195620542908,11.75,0,0.16908819344089202,Trung bình,2,0,2524,43.06,Random Forest,RF_2025_V1
6253,2025-01-01,2025,Finance,Internal Auditor,2,46,9,4,185,False,3,3,1,17671000,13,6,False,0,0.11725707960758697,11.73,0,0.16908819344089202,Trung bình,2,0,2526,43.02,Random Forest,RF_2025_V1
6255,2025-01-01,2025,Sales,Sales Executive,2,32,13,3,167,False,1,3,4,29569000,8,8,False,1,0.08321064254841726,8.32,0,0.16908819344089202,Thấp,1,0,3480,21.48,Random Forest,RF_2025_V1
6258,2025-01-01,2025,Information Technology,Data Analyst,2,27,23,5,212,False,5,2,1,17378000,1,1,False,1,0.16793072696508807,16.79,0,0.16908819344089202,Trung bình,2,0,1506,66.03,Random Forest,RF_2025_V1
6259,2025-01-01,2025,Human Resources,HR Manager,2,41,8,1,220,True,4,2,3,16926000,10,4,False,0,0.31900106515414434,31.9,1,0.16908819344089202,Cao,3,1,254,94.29,Random Forest,RF_2025_V1
6260,2025-01-01,2025,Marketing,Marketing Executive,1,33,28,1,175,True,3,4,4,8663000,2,2,False,0,0.10013245525969655,10.01,0,0.16908819344089202,Thấp,1,0,2997,32.39,Random Forest,RF_2025_V1
6264,2025-01-01,2025,Sales,Sales Executive,3,25,35,3,155,False,2,4,4,20000000,3,0,True,0,0.06978391971858283,6.98,0,0.16908819344089202,Thấp,1,0,4001,9.73,Random Forest,RF_2025_V1
6266,2025-01-01,2025,Information Technology,Data Analyst,2,27,20,2,206,True,5,4,4,20559000,1,1,False,0,0.13629493486868682,13.63,0,0.16908819344089202,Trung bình,2,0,2079,53.1,Random Forest,RF_2025_V1
6267,2025-01-01,2025,Operations,Operations Executive,2,35,9,8,191,False,4,3,1,24476000,13,13,False,0,0.137605506295437,13.76,0,0.16908819344089202,Trung bình,2,0,2042,53.94,Random Forest,RF_2025_V1
6268,2025-01-01,2025,Marketing,Content Specialist,3,41,7,3,187,False,4,4,4,26049000,6,1,False,1,0.058243167983468506,5.82,0,0.16908819344089202,Thấp,1,0,4332,2.26,Random Forest,RF_2025_V1
6271,2025-01-01,2025,Finance,Financial Analyst,3,50,15,3,170,False,3,4,4,52624000,13,13,False,0,0.07506403673049303,7.51,0,0.16908819344089202,Thấp,1,0,3818,13.86,Random Forest,RF_2025_V1
6272,2025-01-01,2025,Finance,Finance Manager,3,40,7,4,212,True,2,4,3,30842000,1,1,False,0,0.13873197861041114,13.87,0,0.16908819344089202,Trung bình,2,0,2015,54.55,Random Forest,RF_2025_V1
6273,2025-01-01,2025,Human Resources,Recruiter,3,36,11,3,194,True,3,3,3,31862000,1,1,False,0,0.14064966725698483,14.06,0,0.16908819344089202,Trung bình,2,0,1965,55.68,Random Forest,RF_2025_V1
6274,2025-01-01,2025,Finance,Finance Manager,1,25,15,5,190,False,3,4,4,9880000,3,3,False,0,0.06444002103088406,6.44,0,0.16908819344089202,Thấp,1,0,4166,6.0,Random Forest,RF_2025_V1
6276,2025-01-01,2025,Information Technology,System Administrator,1,40,32,7,203,False,3,3,3,11550000,2,2,False,0,0.08532097995331207,8.53,0,0.16908819344089202,Thấp,1,0,3410,23.06,Random Forest,RF_2025_V1
6279,2025-01-01,2025,Marketing,Digital Marketing Specialist,2,40,2,1,177,False,4,1,3,23510000,3,3,False,0,0.0923685632240182,9.24,0,0.16908819344089202,Thấp,1,0,3185,28.14,Random Forest,RF_2025_V1
6280,2025-01-01,2025,Finance,Internal Auditor,2,46,10,1,151,False,3,4,4,23549000,13,13,False,0,0.08141087184978366,8.14,0,0.16908819344089202,Thấp,1,0,3553,19.84,Random Forest,RF_2025_V1
6281,2025-01-01,2025,Finance,Internal Auditor,2,35,30,2,170,True,4,4,2,13666000,2,2,False,0,0.15499650598079215,15.5,0,0.16908819344089202,Trung bình,2,0,1697,61.72,Random Forest,RF_2025_V1
6283,2025-01-01,2025,Information Technology,System Administrator,1,54,30,3,222,True,3,3,4,18485000,12,12,False,0,0.2827466330796175,28.27,1,0.16908819344089202,Cao,3,1,411,90.75,Random Forest,RF_2025_V1
6284,2025-01-01,2025,Human Resources,C&B Specialist,3,40,7,1,150,False,4,3,4,30043000,2,2,False,0,0.055202810204486225,5.52,0,0.16908819344089202,Thấp,1,0,4392,0.9,Random Forest,RF_2025_V1
6294,2025-01-01,2025,Finance,Accountant,1,49,20,6,207,False,3,4,2,11606000,1,1,False,0,0.11238529113197099,11.24,0,0.16908819344089202,Trung bình,2,0,2675,39.65,Random Forest,RF_2025_V1
6295,2025-01-01,2025,Operations,Warehouse Supervisor,2,38,25,4,207,False,3,1,3,20557000,7,5,False,1,0.14558602416476926,14.56,0,0.16908819344089202,Trung bình,2,0,1870,57.82,Random Forest,RF_2025_V1
6297,2025-01-01,2025,Human Resources,HR Manager,2,30,11,6,207,False,2,4,2,15405000,4,3,False,0,0.10458854208148254,10.46,0,0.16908819344089202,Trung bình,2,0,2889,34.82,Random Forest,RF_2025_V1
6299,2025-01-01,2025,Operations,Operations Manager,3,33,6,1,179,False,3,3,2,37730000,3,3,False,0,0.07481017572285904,7.48,0,0.16908819344089202,Thấp,1,0,3827,13.65,Random Forest,RF_2025_V1
6305,2025-01-01,2025,Human Resources,Recruiter,2,36,32,6,238,True,4,2,3,13726000,7,1,False,1,0.3675644597818905,36.76,1,0.16908819344089202,Cao,3,1,112,97.49,Random Forest,RF_2025_V1
6307,2025-01-01,2025,Information Technology,System Administrator,3,44,11,2,181,False,2,3,3,34477000,12,5,False,0,0.07273211441210657,7.27,0,0.16908819344089202,Thấp,1,0,3908,11.83,Random Forest,RF_2025_V1
6308,2025-01-01,2025,Operations,Warehouse Supervisor,2,32,23,4,226,True,4,2,2,19219000,8,6,False,1,0.44011499142425814,44.01,1,0.16908819344089202,Cao,3,1,15,99.68,Random Forest,RF_2025_V1
6312,2025-01-01,2025,Marketing,Marketing Executive,3,52,40,7,206,False,4,2,3,33825000,2,2,False,1,0.13842749481050967,13.84,0,0.16908819344089202,Trung bình,2,0,2027,54.28,Random Forest,RF_2025_V1
6313,2025-01-01,2025,Sales,Sales Supervisor,2,33,20,5,193,False,3,2,3,18838000,4,4,False,0,0.13664870735492288,13.66,0,0.16908819344089202,Trung bình,2,0,2071,53.28,Random Forest,RF_2025_V1
6314,2025-01-01,2025,Finance,Finance Manager,2,52,25,3,193,False,5,2,4,25450000,9,9,False,1,0.1378974823247608,13.79,0,0.16908819344089202,Trung bình,2,0,2035,54.1,Random Forest,RF_2025_V1
6316,2025-01-01,2025,Sales,Account Manager,2,32,6,1,221,True,4,2,2,14209000,1,1,False,1,0.36154539956172654,36.15,1,0.16908819344089202,Cao,3,1,128,97.13,Random Forest,RF_2025_V1
6317,2025-01-01,2025,Finance,Finance Manager,2,29,12,7,200,False,4,3,3,16710000,3,2,False,0,0.08409252961807068,8.41,0,0.16908819344089202,Thấp,1,0,3457,22.0,Random Forest,RF_2025_V1
6322,2025-01-01,2025,Human Resources,HR Executive,1,36,12,3,213,True,2,2,3,7817000,1,1,False,0,0.22060259316652842,22.06,1,0.16908819344089202,Cao,3,1,910,79.49,Random Forest,RF_2025_V1
6323,2025-01-01,2025,Marketing,Marketing Manager,1,28,30,1,217,True,4,3,3,13065000,7,7,False,1,0.16467754954637293,16.47,0,0.16908819344089202,Trung bình,2,0,1550,65.04,Random Forest,RF_2025_V1
6324,2025-01-01,2025,Information Technology,Software Engineer,1,29,31,5,172,False,4,4,2,11450000,1,1,False,0,0.10723045866843303,10.72,0,0.16908819344089202,Trung bình,2,0,2835,36.04,Random Forest,RF_2025_V1
6329,2025-01-01,2025,Human Resources,HR Manager,2,31,21,3,161,False,3,4,4,30763000,7,7,False,0,0.08021991619055874,8.02,0,0.16908819344089202,Thấp,1,0,3613,18.48,Random Forest,RF_2025_V1
6331,2025-01-01,2025,Finance,Financial Analyst,3,34,34,3,178,True,3,1,4,22630000,3,0,True,0,0.20595184031687713,20.6,1,0.16908819344089202,Cao,3,1,1083,75.58,Random Forest,RF_2025_V1
6332,2025-01-01,2025,Sales,Sales Supervisor,3,25,21,2,186,False,4,3,3,33054000,3,3,False,0,0.0675456074156877,6.75,0,0.16908819344089202,Thấp,1,0,4070,8.17,Random Forest,RF_2025_V1
6333,2025-01-01,2025,Sales,Sales Executive,3,55,10,4,204,False,5,4,3,33599000,13,5,False,0,0.08526469998835914,8.53,0,0.16908819344089202,Thấp,1,0,3413,23.0,Random Forest,RF_2025_V1
6340,2025-01-01,2025,Finance,Internal Auditor,4,39,36,4,178,False,3,4,3,54446000,7,6,False,0,0.08195857116818193,8.2,0,0.16908819344089202,Thấp,1,0,3529,20.38,Random Forest,RF_2025_V1
6342,2025-01-01,2025,Information Technology,IT Support,1,31,30,3,244,True,2,3,4,12804000,4,4,False,0,0.23830271029988068,23.83,1,0.16908819344089202,Cao,3,1,746,83.19,Random Forest,RF_2025_V1
6343,2025-01-01,2025,Marketing,Digital Marketing Specialist,2,34,15,2,198,True,4,2,3,17326000,14,5,False,0,0.22366381742129618,22.37,1,0.16908819344089202,Cao,3,1,879,80.19,Random Forest,RF_2025_V1
6344,2025-01-01,2025,Human Resources,HR Manager,2,28,17,4,212,False,3,3,4,22278000,4,4,False,0,0.08492556054784685,8.49,0,0.16908819344089202,Thấp,1,0,3429,22.64,Random Forest,RF_2025_V1
6346,2025-01-01,2025,Finance,Accountant,2,33,32,3,186,False,4,3,2,24272000,6,6,False,1,0.09722617500130165,9.72,0,0.16908819344089202,Thấp,1,0,3062,30.92,Random Forest,RF_2025_V1
6347,2025-01-01,2025,Information Technology,IT Support,2,45,4,4,209,True,3,2,3,17080000,2,2,False,0,0.22390319420685525,22.39,1,0.16908819344089202,Cao,3,1,878,80.21,Random Forest,RF_2025_V1
6350,2025-01-01,2025,Operations,Operations Executive,1,48,35,3,186,False,5,4,4,15807000,10,10,False,0,0.08294815540622709,8.29,0,0.16908819344089202,Thấp,1,0,3490,21.26,Random Forest,RF_2025_V1
6351,2025-01-01,2025,Information Technology,Software Engineer,1,31,33,3,211,False,2,3,4,8411000,1,1,False,0,0.08635799933873896,8.64,0,0.16908819344089202,Thấp,1,0,3376,23.83,Random Forest,RF_2025_V1
6352,2025-01-01,2025,Information Technology,Software Engineer,4,39,13,3,205,False,3,4,4,64497000,7,0,True,0,0.06928862232210552,6.93,0,0.16908819344089202,Thấp,1,0,4022,9.25,Random Forest,RF_2025_V1
6355,2025-01-01,2025,Sales,Account Manager,1,32,37,3,200,True,3,2,3,10401000,1,1,False,0,0.2327197854715456,23.27,1,0.16908819344089202,Cao,3,1,802,81.92,Random Forest,RF_2025_V1
6361,2025-01-01,2025,Information Technology,Software Engineer,3,32,11,7,210,True,3,4,1,29159000,4,4,False,1,0.24994873014005112,24.99,1,0.16908819344089202,Cao,3,1,655,85.24,Random Forest,RF_2025_V1
6362,2025-01-01,2025,Sales,Sales Executive,3,42,19,4,215,True,2,1,2,29395000,5,3,False,1,0.29245345847993187,29.25,1,0.16908819344089202,Cao,3,1,361,91.88,Random Forest,RF_2025_V1
6366,2025-01-01,2025,Marketing,Digital Marketing Specialist,3,27,11,2,153,False,3,3,1,24749000,7,0,True,0,0.09410603883812518,9.41,0,0.16908819344089202,Thấp,1,0,3132,29.34,Random Forest,RF_2025_V1
6367,2025-01-01,2025,Marketing,Content Specialist,2,25,1,1,180,False,4,4,2,19420000,2,2,False,0,0.08640087264968406,8.64,0,0.16908819344089202,Thấp,1,0,3374,23.88,Random Forest,RF_2025_V1
6369,2025-01-01,2025,Finance,Internal Auditor,3,47,3,4,221,False,3,2,2,29725000,1,1,False,0,0.23239002298745484,23.24,1,0.16908819344089202,Cao,3,1,809,81.76,Random Forest,RF_2025_V1
6370,2025-01-01,2025,Finance,Internal Auditor,1,45,3,4,203,False,3,4,3,10344000,3,3,False,0,0.07674568770565707,7.67,0,0.16908819344089202,Thấp,1,0,3757,15.23,Random Forest,RF_2025_V1
6371,2025-01-01,2025,Operations,Warehouse Supervisor,1,33,3,5,143,False,3,3,3,12798000,1,1,False,0,0.09152704521060855,9.15,0,0.16908819344089202,Thấp,1,0,3212,27.53,Random Forest,RF_2025_V1
6376,2025-01-01,2025,Operations,Warehouse Supervisor,1,45,5,2,216,True,5,1,4,15978000,8,8,False,1,0.2710420612272184,27.1,1,0.16908819344089202,Cao,3,1,486,89.05,Random Forest,RF_2025_V1
6377,2025-01-01,2025,Operations,Procurement Specialist,5,30,15,8,227,False,5,3,1,75812000,7,5,False,0,0.21064586872597368,21.06,1,0.16908819344089202,Cao,3,1,1022,76.96,Random Forest,RF_2025_V1
6378,2025-01-01,2025,Finance,Finance Manager,2,45,36,5,218,True,3,4,4,20050000,5,5,False,0,0.17991025602946167,17.99,1,0.16908819344089202,Cao,3,1,1337,69.85,Random Forest,RF_2025_V1
6379,2025-01-01,2025,Operations,Warehouse Supervisor,2,32,18,5,212,True,5,4,4,26402000,5,5,False,0,0.1976328129080995,19.76,1,0.16908819344089202,Cao,3,1,1160,73.84,Random Forest,RF_2025_V1
6381,2025-01-01,2025,Human Resources,C&B Specialist,2,31,38,2,172,False,3,4,3,24989000,6,6,False,0,0.07786376751931462,7.79,0,0.16908819344089202,Thấp,1,0,3717,16.14,Random Forest,RF_2025_V1
6382,2025-01-01,2025,Marketing,Marketing Manager,2,54,31,2,196,False,3,3,3,16722000,1,1,False,0,0.0738324457610735,7.38,0,0.16908819344089202,Thấp,1,0,3870,12.68,Random Forest,RF_2025_V1
6385,2025-01-01,2025,Operations,Warehouse Supervisor,2,35,14,3,185,False,4,3,4,12077000,1,0,True,0,0.0803596862834921,8.04,0,0.16908819344089202,Thấp,1,0,3605,18.66,Random Forest,RF_2025_V1
6386,2025-01-01,2025,Operations,Procurement Specialist,1,42,40,3,199,False,4,3,3,16468000,5,5,False,0,0.08346420099060387,8.35,0,0.16908819344089202,Thấp,1,0,3472,21.67,Random Forest,RF_2025_V1
6388,2025-01-01,2025,Marketing,Digital Marketing Specialist,2,44,38,3,171,False,3,3,3,27561000,6,6,False,0,0.06294461470892652,6.29,0,0.16908819344089202,Thấp,1,0,4215,4.9,Random Forest,RF_2025_V1
6389,2025-01-01,2025,Marketing,Marketing Executive,1,35,22,2,154,False,4,1,3,15601000,11,11,False,1,0.1213838396657389,12.14,0,0.16908819344089202,Trung bình,2,0,2432,45.14,Random Forest,RF_2025_V1
6391,2025-01-01,2025,Operations,Operations Executive,1,55,33,2,177,False,3,2,1,8965000,3,3,False,0,0.13503525570913308,13.5,0,0.16908819344089202,Trung bình,2,0,2113,52.34,Random Forest,RF_2025_V1
6396,2025-01-01,2025,Human Resources,HR Manager,2,27,30,8,202,False,5,2,4,17072000,3,3,False,0,0.12802035380867527,12.8,0,0.16908819344089202,Trung bình,2,0,2279,48.59,Random Forest,RF_2025_V1
6398,2025-01-01,2025,Sales,Sales Supervisor,4,44,12,6,187,False,3,3,3,37661000,10,1,False,0,0.0838037418287864,8.38,0,0.16908819344089202,Thấp,1,0,3468,21.76,Random Forest,RF_2025_V1
6400,2025-01-01,2025,Operations,Operations Manager,3,48,23,3,195,True,2,3,4,34147000,1,1,False,0,0.14262079842940006,14.26,0,0.16908819344089202,Trung bình,2,0,1921,56.67,Random Forest,RF_2025_V1
6401,2025-01-01,2025,Operations,Operations Executive,2,32,38,3,211,False,5,3,3,16576000,4,2,False,0,0.08250949012807898,8.25,0,0.16908819344089202,Thấp,1,0,3510,20.81,Random Forest,RF_2025_V1
6402,2025-01-01,2025,Information Technology,IT Support,3,44,6,6,256,True,4,3,4,32007000,10,6,False,1,0.274028117271539,27.4,1,0.16908819344089202,Cao,3,1,470,89.42,Random Forest,RF_2025_V1
6405,2025-01-01,2025,Finance,Finance Manager,3,49,40,4,169,False,4,4,1,38275000,6,6,False,0,0.08759865629503001,8.76,0,0.16908819344089202,Thấp,1,0,3330,24.87,Random Forest,RF_2025_V1
6407,2025-01-01,2025,Human Resources,Recruiter,4,35,26,1,206,True,3,2,4,42483000,7,2,False,0,0.22461803724422752,22.46,1,0.16908819344089202,Cao,3,1,868,80.43,Random Forest,RF_2025_V1
6410,2025-01-01,2025,Sales,Account Manager,1,34,21,2,175,False,4,2,4,8819000,3,3,False,0,0.09849492425432188,9.85,0,0.16908819344089202,Thấp,1,0,3040,31.42,Random Forest,RF_2025_V1
6414,2025-01-01,2025,Operations,Procurement Specialist,2,41,27,3,186,False,2,3,3,22966000,3,3,False,0,0.06733676940747221,6.73,0,0.16908819344089202,Thấp,1,0,4078,7.99,Random Forest,RF_2025_V1
6420,2025-01-01,2025,Finance,Finance Manager,3,38,28,4,181,False,4,2,3,26239000,5,3,False,0,0.107062258928987,10.71,0,0.16908819344089202,Trung bình,2,0,2837,36.0,Random Forest,RF_2025_V1
6427,2025-01-01,2025,Operations,Operations Manager,2,53,30,7,213,False,4,4,3,20029000,13,0,True,0,0.10693519765935408,10.69,0,0.16908819344089202,Trung bình,2,0,2844,35.84,Random Forest,RF_2025_V1
6430,2025-01-01,2025,Human Resources,Recruiter,1,35,37,5,199,True,5,4,3,14649000,9,9,False,0,0.16080456829714337,16.08,0,0.16908819344089202,Trung bình,2,0,1606,63.78,Random Forest,RF_2025_V1
6431,2025-01-01,2025,Information Technology,System Administrator,1,45,17,1,222,True,3,2,2,13995000,3,3,False,1,0.36863420840949424,36.86,1,0.16908819344089202,Cao,3,1,109,97.56,Random Forest,RF_2025_V1
6432,2025-01-01,2025,Sales,Account Manager,1,28,39,4,211,True,3,4,3,11600000,1,1,False,1,0.1424352479815335,14.24,0,0.16908819344089202,Trung bình,2,0,1924,56.6,Random Forest,RF_2025_V1
6433,2025-01-01,2025,Human Resources,HR Manager,1,48,35,6,228,True,3,4,4,12021000,1,1,False,0,0.2905111926327473,29.05,1,0.16908819344089202,Cao,3,1,372,91.63,Random Forest,RF_2025_V1
6435,2025-01-01,2025,Sales,Account Manager,4,33,20,8,228,False,2,4,2,41190000,5,3,False,0,0.18666780474764436,18.67,1,0.16908819344089202,Cao,3,1,1259,71.61,Random Forest,RF_2025_V1
6440,2025-01-01,2025,Finance,Internal Auditor,2,25,29,3,193,False,3,2,4,17095000,5,3,False,0,0.11592116318207199,11.59,0,0.16908819344089202,Trung bình,2,0,2565,42.13,Random Forest,RF_2025_V1
6442,2025-01-01,2025,Marketing,Marketing Executive,2,30,25,1,165,False,2,3,3,28013000,8,8,False,0,0.06441842023521803,6.44,0,0.16908819344089202,Thấp,1,0,4167,5.98,Random Forest,RF_2025_V1
6445,2025-01-01,2025,Operations,Warehouse Supervisor,1,26,28,1,168,False,4,2,4,12369000,1,1,False,0,0.1178091486959862,11.78,0,0.16908819344089202,Trung bình,2,0,2519,43.17,Random Forest,RF_2025_V1
6446,2025-01-01,2025,Finance,Financial Analyst,3,36,9,3,210,True,3,4,4,33398000,1,1,False,0,0.13981234338089013,13.98,0,0.16908819344089202,Trung bình,2,0,1978,55.38,Random Forest,RF_2025_V1
6447,2025-01-01,2025,Human Resources,Recruiter,3,40,39,2,169,False,4,4,4,23264000,9,2,False,0,0.0550693969436195,5.51,0,0.16908819344089202,Thấp,1,0,4394,0.86,Random Forest,RF_2025_V1
6449,2025-01-01,2025,Finance,Finance Manager,2,26,30,5,170,False,2,4,3,20366000,6,6,False,0,0.07659355294554183,7.66,0,0.16908819344089202,Thấp,1,0,3761,15.14,Random Forest,RF_2025_V1
6450,2025-01-01,2025,Operations,Operations Manager,2,48,3,4,183,False,4,2,3,22861000,15,0,True,0,0.1373039384655178,13.73,0,0.16908819344089202,Trung bình,2,0,2051,53.74,Random Forest,RF_2025_V1
6452,2025-01-01,2025,Human Resources,HR Manager,3,41,10,2,186,False,4,4,3,30768000,4,4,False,0,0.07654651592613308,7.65,0,0.16908819344089202,Thấp,1,0,3763,15.1,Random Forest,RF_2025_V1
6453,2025-01-01,2025,Sales,Sales Supervisor,3,31,3,7,225,False,4,4,4,24837000,6,0,True,0,0.15901278259525586,15.9,0,0.16908819344089202,Trung bình,2,0,1638,63.06,Random Forest,RF_2025_V1
6454,2025-01-01,2025,Finance,Internal Auditor,1,26,9,4,184,False,2,4,4,14407000,5,5,False,1,0.08396916914073295,8.4,0,0.16908819344089202,Thấp,1,0,3462,21.89,Random Forest,RF_2025_V1
6455,2025-01-01,2025,Human Resources,HR Executive,2,35,19,4,213,True,2,3,1,21481000,3,3,False,0,0.15802195712042846,15.8,0,0.16908819344089202,Trung bình,2,0,1655,62.67,Random Forest,RF_2025_V1
6456,2025-01-01,2025,Operations,Procurement Specialist,1,27,35,4,200,True,1,4,4,10867000,4,4,False,0,0.17260182639257643,17.26,1,0.16908819344089202,Cao,3,1,1447,67.37,Random Forest,RF_2025_V1
6458,2025-01-01,2025,Operations,Operations Executive,1,39,19,5,206,True,5,4,3,11578000,2,2,False,0,0.13369776937613478,13.37,0,0.16908819344089202,Trung bình,2,0,2142,51.68,Random Forest,RF_2025_V1
6464,2025-01-01,2025,Human Resources,C&B Specialist,4,50,33,4,162,False,3,4,3,55327000,5,5,False,0,0.0740355968772483,7.4,0,0.16908819344089202,Thấp,1,0,3862,12.86,Random Forest,RF_2025_V1
6465,2025-01-01,2025,Information Technology,IT Support,1,40,19,6,192,False,2,3,3,11794000,1,1,False,0,0.0943874788533635,9.44,0,0.16908819344089202,Thấp,1,0,3125,29.5,Random Forest,RF_2025_V1
6467,2025-01-01,2025,Information Technology,System Administrator,4,26,5,3,242,True,2,1,3,46254000,5,4,False,0,0.35304971912804745,35.3,1,0.16908819344089202,Cao,3,1,149,96.66,Random Forest,RF_2025_V1
6471,2025-01-01,2025,Operations,Operations Executive,1,28,19,4,197,True,4,2,2,17991000,6,6,False,0,0.3137077779540837,31.37,1,0.16908819344089202,Cao,3,1,284,93.61,Random Forest,RF_2025_V1
6472,2025-01-01,2025,Information Technology,System Administrator,1,54,15,6,220,False,4,1,2,14431000,6,6,False,0,0.26858912781378685,26.86,1,0.16908819344089202,Cao,3,1,511,88.49,Random Forest,RF_2025_V1
6473,2025-01-01,2025,Human Resources,C&B Specialist,1,55,27,7,214,False,4,4,3,14185000,3,3,False,0,0.08940855884322585,8.94,0,0.16908819344089202,Thấp,1,0,3284,25.91,Random Forest,RF_2025_V1
6474,2025-01-01,2025,Human Resources,Recruiter,3,38,3,1,201,True,4,4,4,30072000,13,6,False,0,0.17176702184797163,17.18,1,0.16908819344089202,Cao,3,1,1454,67.21,Random Forest,RF_2025_V1
6476,2025-01-01,2025,Finance,Financial Analyst,3,44,25,5,193,False,3,4,4,25104000,13,0,True,0,0.07727258937046523,7.73,0,0.16908819344089202,Thấp,1,0,3736,15.71,Random Forest,RF_2025_V1
6479,2025-01-01,2025,Finance,Internal Auditor,2,41,14,4,205,False,5,3,4,18574000,1,1,False,0,0.07711850860533236,7.71,0,0.16908819344089202,Thấp,1,0,3742,15.57,Random Forest,RF_2025_V1
6480,2025-01-01,2025,Human Resources,Recruiter,4,25,14,3,181,False,3,3,1,72371000,5,5,False,0,0.1110600388869144,11.11,0,0.16908819344089202,Trung bình,2,0,2721,38.61,Random Forest,RF_2025_V1
6483,2025-01-01,2025,Sales,Sales Supervisor,5,33,12,7,223,False,4,2,2,91175000,13,2,False,0,0.2524571309004727,25.25,1,0.16908819344089202,Cao,3,1,634,85.71,Random Forest,RF_2025_V1
6484,2025-01-01,2025,Operations,Operations Executive,4,45,21,8,207,False,3,1,4,56414000,12,4,False,0,0.18065386808378361,18.07,1,0.16908819344089202,Cao,3,1,1327,70.07,Random Forest,RF_2025_V1
6486,2025-01-01,2025,Operations,Procurement Specialist,2,32,37,5,233,True,4,1,4,13026000,1,1,False,0,0.3392903768411821,33.93,1,0.16908819344089202,Cao,3,1,190,95.73,Random Forest,RF_2025_V1
6491,2025-01-01,2025,Operations,Procurement Specialist,3,52,28,5,209,False,3,1,4,33083000,3,3,False,0,0.1026368401848091,10.26,0,0.16908819344089202,Trung bình,2,0,2929,33.92,Random Forest,RF_2025_V1
6493,2025-01-01,2025,Sales,Sales Representative,2,29,9,6,207,True,3,1,4,16984000,3,0,True,0,0.24462867158814425,24.46,1,0.16908819344089202,Cao,3,1,704,84.13,Random Forest,RF_2025_V1
6494,2025-01-01,2025,Operations,Operations Manager,1,50,20,5,202,True,4,3,4,11025000,5,5,False,0,0.1830576720420907,18.31,1,0.16908819344089202,Cao,3,1,1303,70.62,Random Forest,RF_2025_V1
6498,2025-01-01,2025,Sales,Account Manager,2,55,30,2,182,False,5,3,1,15403000,1,1,False,0,0.10601991636657661,10.6,0,0.16908819344089202,Trung bình,2,0,2862,35.43,Random Forest,RF_2025_V1
6499,2025-01-01,2025,Sales,Sales Executive,3,48,35,4,226,True,3,4,4,22521000,11,1,False,0,0.21099814684058274,21.1,1,0.16908819344089202,Cao,3,1,1019,77.03,Random Forest,RF_2025_V1
6501,2025-01-01,2025,Operations,Procurement Specialist,5,29,35,2,185,False,2,3,3,67424000,8,0,True,0,0.07243299221064692,7.24,0,0.16908819344089202,Thấp,1,0,3915,11.67,Random Forest,RF_2025_V1
6502,2025-01-01,2025,Sales,Account Manager,4,26,12,3,216,True,3,3,3,37250000,1,1,False,0,0.15039133954531864,15.04,0,0.16908819344089202,Trung bình,2,0,1783,59.78,Random Forest,RF_2025_V1
6503,2025-01-01,2025,Finance,Financial Analyst,5,53,25,4,156,False,3,4,3,55000000,10,0,True,0,0.07468391255817713,7.47,0,0.16908819344089202,Thấp,1,0,3833,13.52,Random Forest,RF_2025_V1
6504,2025-01-01,2025,Sales,Sales Executive,2,25,9,4,200,False,4,3,4,14435000,2,1,False,0,0.06536032032379425,6.54,0,0.16908819344089202,Thấp,1,0,4139,6.61,Random Forest,RF_2025_V1
6507,2025-01-01,2025,Finance,Accountant,3,39,17,5,162,False,3,1,4,40636000,3,3,False,0,0.09357580832123708,9.36,0,0.16908819344089202,Thấp,1,0,3150,28.93,Random Forest,RF_2025_V1
6509,2025-01-01,2025,Information Technology,IT Support,1,52,20,3,153,False,3,4,3,17347000,12,12,False,0,0.07853118014460429,7.85,0,0.16908819344089202,Thấp,1,0,3685,16.86,Random Forest,RF_2025_V1
6511,2025-01-01,2025,Operations,Operations Manager,1,50,19,2,243,True,4,4,4,14144000,13,13,False,0,0.2883475773005449,28.83,1,0.16908819344089202,Cao,3,1,381,91.42,Random Forest,RF_2025_V1
6512,2025-01-01,2025,Information Technology,IT Support,4,30,15,2,167,False,4,2,4,64211000,3,3,False,0,0.10364459526081828,10.36,0,0.16908819344089202,Trung bình,2,0,2907,34.42,Random Forest,RF_2025_V1
6514,2025-01-01,2025,Sales,Account Manager,3,34,35,4,182,False,3,4,4,43140000,5,5,False,0,0.0758050819007433,7.58,0,0.16908819344089202,Thấp,1,0,3791,14.47,Random Forest,RF_2025_V1
6515,2025-01-01,2025,Marketing,Content Specialist,3,40,12,4,190,False,3,4,3,27245000,5,1,False,0,0.059636424179799995,5.96,0,0.16908819344089202,Thấp,1,0,4308,2.8,Random Forest,RF_2025_V1
6516,2025-01-01,2025,Human Resources,HR Executive,1,49,12,7,218,False,4,3,4,17812000,9,9,False,0,0.11954433354213954,11.95,0,0.16908819344089202,Trung bình,2,0,2484,43.96,Random Forest,RF_2025_V1
6518,2025-01-01,2025,Information Technology,QA Engineer,1,43,36,4,179,False,2,4,3,18051000,15,15,False,0,0.10810599164486637,10.81,0,0.16908819344089202,Trung bình,2,0,2808,36.65,Random Forest,RF_2025_V1
6519,2025-01-01,2025,Sales,Sales Representative,2,51,2,1,199,False,3,2,3,14941000,4,3,False,0,0.1200067206314218,12.0,0,0.16908819344089202,Trung bình,2,0,2473,44.21,Random Forest,RF_2025_V1
6522,2025-01-01,2025,Sales,Sales Executive,1,36,35,2,246,True,3,2,2,18191000,9,9,False,0,0.4359877750889751,43.6,1,0.16908819344089202,Cao,3,1,17,99.64,Random Forest,RF_2025_V1
6523,2025-01-01,2025,Human Resources,C&B Specialist,2,39,16,4,212,True,3,2,3,19795000,14,1,False,1,0.23891566000558911,23.89,1,0.16908819344089202,Cao,3,1,739,83.34,Random Forest,RF_2025_V1
6525,2025-01-01,2025,Information Technology,QA Engineer,2,30,25,1,206,False,2,2,4,14438000,1,1,False,0,0.14609704043267963,14.61,0,0.16908819344089202,Trung bình,2,0,1861,58.02,Random Forest,RF_2025_V1
6526,2025-01-01,2025,Information Technology,IT Support,3,38,8,5,230,True,3,2,1,28937000,4,0,True,0,0.4046122913363577,40.46,1,0.16908819344089202,Cao,3,1,46,98.98,Random Forest,RF_2025_V1
6527,2025-01-01,2025,Marketing,Content Specialist,1,45,32,2,171,False,3,2,2,10906000,3,3,False,0,0.13339495554726566,13.34,0,0.16908819344089202,Trung bình,2,0,2151,51.48,Random Forest,RF_2025_V1
6530,2025-01-01,2025,Human Resources,HR Manager,3,43,33,3,227,True,4,2,2,31978000,6,6,False,0,0.4043435323739325,40.43,1,0.16908819344089202,Cao,3,1,47,98.96,Random Forest,RF_2025_V1
6531,2025-01-01,2025,Finance,Finance Manager,3,26,24,2,173,False,2,4,3,28875000,2,2,False,0,0.06101275795661689,6.1,0,0.16908819344089202,Thấp,1,0,4269,3.68,Random Forest,RF_2025_V1
6534,2025-01-01,2025,Information Technology,Software Engineer,1,50,32,7,227,True,4,3,2,13555000,13,13,False,1,0.3778059032353605,37.78,1,0.16908819344089202,Cao,3,1,91,97.97,Random Forest,RF_2025_V1
6539,2025-01-01,2025,Marketing,Marketing Manager,2,32,34,5,198,False,2,4,3,24464000,4,4,False,0,0.0741067774577369,7.41,0,0.16908819344089202,Thấp,1,0,3855,13.02,Random Forest,RF_2025_V1
6541,2025-01-01,2025,Marketing,Digital Marketing Specialist,5,45,32,3,187,False,3,3,4,81994000,14,6,False,0,0.08422009432568009,8.42,0,0.16908819344089202,Thấp,1,0,3449,22.18,Random Forest,RF_2025_V1
6543,2025-01-01,2025,Human Resources,C&B Specialist,3,39,33,3,203,True,3,3,4,29347000,7,5,False,0,0.17470742175601478,17.47,1,0.16908819344089202,Cao,3,1,1412,68.16,Random Forest,RF_2025_V1
6544,2025-01-01,2025,Information Technology,System Administrator,4,34,12,4,195,False,3,3,2,52401000,1,1,False,0,0.09258700810220934,9.26,0,0.16908819344089202,Thấp,1,0,3173,28.41,Random Forest,RF_2025_V1
6545,2025-01-01,2025,Marketing,Digital Marketing Specialist,3,54,38,3,213,False,3,2,3,32054000,2,2,False,0,0.10758427828796116,10.76,0,0.16908819344089202,Trung bình,2,0,2825,36.27,Random Forest,RF_2025_V1
6546,2025-01-01,2025,Information Technology,IT Support,1,44,11,8,222,False,3,3,1,12290000,5,5,False,0,0.20181510577164796,20.18,1,0.16908819344089202,Cao,3,1,1116,74.84,Random Forest,RF_2025_V1
6547,2025-01-01,2025,Finance,Accountant,2,37,2,3,192,False,4,2,3,25972000,6,6,False,0,0.14203917752175396,14.2,0,0.16908819344089202,Trung bình,2,0,1937,56.31,Random Forest,RF_2025_V1
6548,2025-01-01,2025,Finance,Accountant,2,40,20,2,172,False,3,4,2,17843000,1,1,False,0,0.08702515757248198,8.7,0,0.16908819344089202,Thấp,1,0,3347,24.49,Random Forest,RF_2025_V1
6551,2025-01-01,2025,Information Technology,IT Support,1,35,35,6,225,True,2,4,2,7698000,1,1,False,1,0.3358984990707325,33.59,1,0.16908819344089202,Cao,3,1,198,95.55,Random Forest,RF_2025_V1
6553,2025-01-01,2025,Human Resources,C&B Specialist,1,28,34,4,218,True,5,2,4,11483000,6,6,False,0,0.25383959159232816,25.38,1,0.16908819344089202,Cao,3,1,621,86.01,Random Forest,RF_2025_V1
6555,2025-01-01,2025,Marketing,Content Specialist,4,35,40,1,191,False,3,3,3,70077000,11,11,False,0,0.06490528324118366,6.49,0,0.16908819344089202,Thấp,1,0,4155,6.25,Random Forest,RF_2025_V1
6556,2025-01-01,2025,Sales,Account Manager,2,48,9,3,210,True,4,4,3,30609000,8,8,False,0,0.18091459589347944,18.09,1,0.16908819344089202,Cao,3,1,1323,70.16,Random Forest,RF_2025_V1
6557,2025-01-01,2025,Marketing,Content Specialist,1,44,10,3,164,False,3,1,1,18720000,7,7,False,1,0.18347666302469826,18.35,1,0.16908819344089202,Cao,3,1,1297,70.75,Random Forest,RF_2025_V1
6558,2025-01-01,2025,Sales,Sales Supervisor,2,53,30,6,206,False,5,2,2,17297000,6,4,False,0,0.2129262311628292,21.29,1,0.16908819344089202,Cao,3,1,998,77.5,Random Forest,RF_2025_V1
6560,2025-01-01,2025,Human Resources,HR Executive,5,48,13,4,213,False,3,4,3,70084000,9,3,False,0,0.07671191004680553,7.67,0,0.16908819344089202,Thấp,1,0,3759,15.19,Random Forest,RF_2025_V1
6561,2025-01-01,2025,Operations,Operations Manager,1,41,30,2,204,False,2,3,4,13430000,8,8,False,0,0.0912234072762507,9.12,0,0.16908819344089202,Thấp,1,0,3224,27.26,Random Forest,RF_2025_V1
6562,2025-01-01,2025,Sales,Sales Representative,2,43,40,5,155,False,3,4,3,22724000,3,3,False,0,0.051595771035778025,5.16,0,0.16908819344089202,Thấp,1,0,4419,0.29,Random Forest,RF_2025_V1
6563,2025-01-01,2025,Marketing,Digital Marketing Specialist,2,52,15,1,183,False,3,4,3,23231000,7,7,False,1,0.06619587596417335,6.62,0,0.16908819344089202,Thấp,1,0,4112,7.22,Random Forest,RF_2025_V1
6565,2025-01-01,2025,Finance,Finance Manager,2,33,10,4,222,False,4,2,1,17488000,12,6,False,1,0.26645422863040386,26.65,1,0.16908819344089202,Cao,3,1,524,88.2,Random Forest,RF_2025_V1
6567,2025-01-01,2025,Operations,Operations Executive,3,45,7,3,177,False,3,3,3,22098000,10,2,False,0,0.07640991724950771,7.64,0,0.16908819344089202,Thấp,1,0,3771,14.92,Random Forest,RF_2025_V1
6569,2025-01-01,2025,Operations,Operations Manager,3,32,13,2,186,False,3,1,2,37439000,7,6,False,1,0.18387972179687867,18.39,1,0.16908819344089202,Cao,3,1,1291,70.89,Random Forest,RF_2025_V1
6570,2025-01-01,2025,Marketing,Digital Marketing Specialist,2,35,19,6,212,False,3,4,2,19993000,10,10,False,0,0.13957876694993668,13.96,0,0.16908819344089202,Trung bình,2,0,1989,55.13,Random Forest,RF_2025_V1
6572,2025-01-01,2025,Information Technology,IT Support,3,25,5,4,179,False,4,4,2,34730000,1,1,False,0,0.09798225223644257,9.8,0,0.16908819344089202,Thấp,1,0,3051,31.17,Random Forest,RF_2025_V1
6573,2025-01-01,2025,Sales,Sales Executive,1,51,3,2,144,False,3,4,1,16990000,9,9,False,0,0.1079148900266546,10.79,0,0.16908819344089202,Trung bình,2,0,2814,36.52,Random Forest,RF_2025_V1
6575,2025-01-01,2025,Operations,Warehouse Supervisor,2,33,1,2,146,False,2,2,2,21235000,2,2,False,0,0.1556308296777788,15.56,0,0.16908819344089202,Trung bình,2,0,1690,61.88,Random Forest,RF_2025_V1
6577,2025-01-01,2025,Human Resources,C&B Specialist,3,47,19,6,180,False,4,2,4,34701000,3,3,False,0,0.13165688463677508,13.17,0,0.16908819344089202,Trung bình,2,0,2205,50.26,Random Forest,RF_2025_V1
6578,2025-01-01,2025,Marketing,Marketing Manager,3,47,10,8,182,False,4,3,3,32575000,6,0,True,0,0.08098481070449845,8.1,0,0.16908819344089202,Thấp,1,0,3571,19.43,Random Forest,RF_2025_V1
6583,2025-01-01,2025,Sales,Sales Representative,3,49,26,3,157,False,5,4,1,24860000,9,3,False,1,0.09265130964469162,9.27,0,0.16908819344089202,Thấp,1,0,3170,28.48,Random Forest,RF_2025_V1
6586,2025-01-01,2025,Human Resources,HR Executive,3,31,21,4,176,False,4,4,2,21874000,3,1,False,0,0.08143316335856708,8.14,0,0.16908819344089202,Thấp,1,0,3552,19.86,Random Forest,RF_2025_V1
6588,2025-01-01,2025,Operations,Procurement Specialist,1,31,15,5,202,False,3,1,1,14109000,4,4,False,0,0.2028917814116532,20.29,1,0.16908819344089202,Cao,3,1,1109,74.99,Random Forest,RF_2025_V1
6590,2025-01-01,2025,Sales,Sales Representative,1,27,18,3,188,False,3,4,4,12544000,1,1,False,0,0.0798037229020451,7.98,0,0.16908819344089202,Thấp,1,0,3629,18.12,Random Forest,RF_2025_V1
6591,2025-01-01,2025,Human Resources,HR Manager,3,53,15,3,202,False,3,4,4,39467000,14,14,False,0,0.10264028499790627,10.26,0,0.16908819344089202,Trung bình,2,0,2928,33.94,Random Forest,RF_2025_V1
6592,2025-01-01,2025,Finance,Finance Manager,3,47,14,7,185,False,3,4,3,27521000,3,3,False,0,0.07554510343226883,7.55,0,0.16908819344089202,Thấp,1,0,3799,14.29,Random Forest,RF_2025_V1
6593,2025-01-01,2025,Operations,Operations Executive,2,44,16,3,216,False,3,2,3,21929000,3,3,False,0,0.11595972256170896,11.6,0,0.16908819344089202,Trung bình,2,0,2564,42.16,Random Forest,RF_2025_V1
6595,2025-01-01,2025,Information Technology,Data Analyst,5,39,18,5,184,False,3,3,4,82667000,5,3,False,0,0.08194701003133394,8.19,0,0.16908819344089202,Thấp,1,0,3531,20.33,Random Forest,RF_2025_V1
6600,2025-01-01,2025,Finance,Financial Analyst,2,46,23,2,193,False,4,2,4,17970000,11,5,False,1,0.1498106472224768,14.98,0,0.16908819344089202,Trung bình,2,0,1800,59.4,Random Forest,RF_2025_V1
6604,2025-01-01,2025,Marketing,Digital Marketing Specialist,1,44,33,4,173,False,3,4,3,12716000,9,9,False,0,0.06133340191380446,6.13,0,0.16908819344089202,Thấp,1,0,4260,3.88,Random Forest,RF_2025_V1
6605,2025-01-01,2025,Sales,Account Manager,2,52,1,3,184,False,3,4,2,20044000,13,2,False,0,0.10203399483904699,10.2,0,0.16908819344089202,Trung bình,2,0,2952,33.4,Random Forest,RF_2025_V1
6606,2025-01-01,2025,Finance,Financial Analyst,2,39,36,7,229,False,4,4,3,27293000,8,8,False,0,0.15382175622468303,15.38,0,0.16908819344089202,Trung bình,2,0,1718,61.25,Random Forest,RF_2025_V1
6607,2025-01-01,2025,Finance,Accountant,4,31,20,3,193,False,3,4,2,53491000,8,0,True,0,0.07165521019715641,7.17,0,0.16908819344089202,Thấp,1,0,3942,11.06,Random Forest,RF_2025_V1
6609,2025-01-01,2025,Sales,Sales Supervisor,4,51,6,4,202,False,2,1,4,59503000,4,4,False,0,0.13843605112617063,13.84,0,0.16908819344089202,Trung bình,2,0,2026,54.3,Random Forest,RF_2025_V1
6611,2025-01-01,2025,Sales,Sales Representative,3,46,24,2,178,False,4,3,1,29783000,6,5,False,0,0.10616694280235073,10.62,0,0.16908819344089202,Trung bình,2,0,2861,35.45,Random Forest,RF_2025_V1
6612,2025-01-01,2025,Human Resources,HR Executive,4,36,13,5,220,False,4,2,3,39864000,12,2,False,0,0.20715918533360914,20.72,1,0.16908819344089202,Cao,3,1,1067,75.94,Random Forest,RF_2025_V1
6613,2025-01-01,2025,Human Resources,HR Executive,4,32,19,3,225,True,3,4,2,63015000,7,6,False,0,0.298229840340302,29.82,1,0.16908819344089202,Cao,3,1,339,92.37,Random Forest,RF_2025_V1
6614,2025-01-01,2025,Human Resources,HR Manager,1,50,13,2,178,True,4,4,3,12236000,6,6,False,1,0.15468981577116672,15.47,0,0.16908819344089202,Trung bình,2,0,1703,61.59,Random Forest,RF_2025_V1
6616,2025-01-01,2025,Information Technology,Software Engineer,2,54,40,2,155,False,2,2,2,21170000,6,2,False,0,0.1435699051338075,14.36,0,0.16908819344089202,Trung bình,2,0,1899,57.17,Random Forest,RF_2025_V1
6617,2025-01-01,2025,Finance,Financial Analyst,1,35,11,8,204,False,3,2,3,11351000,3,3,False,0,0.13848883342849605,13.85,0,0.16908819344089202,Trung bình,2,0,2020,54.43,Random Forest,RF_2025_V1
6621,2025-01-01,2025,Operations,Operations Executive,3,30,12,1,185,False,4,3,1,23687000,1,1,False,1,0.11799952007807749,11.8,0,0.16908819344089202,Trung bình,2,0,2516,43.24,Random Forest,RF_2025_V1
6622,2025-01-01,2025,Operations,Operations Executive,1,54,6,4,203,True,4,2,3,12701000,9,9,False,0,0.2814802218847256,28.15,1,0.16908819344089202,Cao,3,1,419,90.57,Random Forest,RF_2025_V1
6624,2025-01-01,2025,Marketing,Marketing Executive,1,30,28,2,181,False,3,4,3,13878000,5,5,False,0,0.06663505951274902,6.66,0,0.16908819344089202,Thấp,1,0,4099,7.52,Random Forest,RF_2025_V1
6626,2025-01-01,2025,Finance,Accountant,2,51,36,4,236,False,2,3,4,19025000,7,3,False,0,0.12969639555384485,12.97,0,0.16908819344089202,Trung bình,2,0,2251,49.22,Random Forest,RF_2025_V1
6627,2025-01-01,2025,Operations,Warehouse Supervisor,2,42,28,2,179,True,4,3,3,22934000,8,8,False,1,0.17210914279399078,17.21,1,0.16908819344089202,Cao,3,1,1452,67.25,Random Forest,RF_2025_V1
6629,2025-01-01,2025,Information Technology,Data Analyst,2,27,33,7,201,False,3,4,3,14877000,2,2,False,0,0.08176729968477306,8.18,0,0.16908819344089202,Thấp,1,0,3539,20.15,Random Forest,RF_2025_V1
6631,2025-01-01,2025,Sales,Sales Executive,3,27,26,6,232,False,3,4,4,41146000,4,4,False,1,0.1546301567851064,15.46,0,0.16908819344089202,Trung bình,2,0,1704,61.57,Random Forest,RF_2025_V1
6632,2025-01-01,2025,Operations,Procurement Specialist,2,55,17,6,235,True,3,3,3,22701000,2,2,False,0,0.27340935310397485,27.34,1,0.16908819344089202,Cao,3,1,474,89.33,Random Forest,RF_2025_V1
6634,2025-01-01,2025,Finance,Financial Analyst,2,53,40,3,217,True,4,4,2,21674000,12,12,False,0,0.2503225146679652,25.03,1,0.16908819344089202,Cao,3,1,651,85.33,Random Forest,RF_2025_V1
6638,2025-01-01,2025,Marketing,Marketing Manager,3,47,37,2,168,False,3,4,4,23440000,4,3,False,0,0.05188968307770678,5.19,0,0.16908819344089202,Thấp,1,0,4417,0.34,Random Forest,RF_2025_V1
6641,2025-01-01,2025,Marketing,Content Specialist,3,45,32,5,182,False,4,3,3,21934000,14,1,False,0,0.07001882919864003,7.0,0,0.16908819344089202,Thấp,1,0,3994,9.88,Random Forest,RF_2025_V1
6644,2025-01-01,2025,Marketing,Content Specialist,2,46,6,3,190,False,3,3,4,18940000,9,3,False,0,0.06261781896323186,6.26,0,0.16908819344089202,Thấp,1,0,4225,4.67,Random Forest,RF_2025_V1
6646,2025-01-01,2025,Finance,Accountant,3,30,32,4,249,True,1,2,4,43832000,5,5,False,0,0.3614503832073867,36.15,1,0.16908819344089202,Cao,3,1,129,97.11,Random Forest,RF_2025_V1
6647,2025-01-01,2025,Marketing,Marketing Executive,5,44,34,2,194,True,2,1,3,77551000,3,1,False,0,0.1802369723333916,18.02,1,0.16908819344089202,Cao,3,1,1333,69.94,Random Forest,RF_2025_V1
6652,2025-01-01,2025,Operations,Procurement Specialist,5,50,12,5,208,False,4,3,4,55000000,1,0,True,1,0.08413463513549599,8.41,0,0.16908819344089202,Thấp,1,0,3455,22.05,Random Forest,RF_2025_V1
6655,2025-01-01,2025,Operations,Operations Manager,1,50,19,1,171,False,3,3,4,10309000,4,4,False,0,0.08621222137473045,8.62,0,0.16908819344089202,Thấp,1,0,3382,23.7,Random Forest,RF_2025_V1
6656,2025-01-01,2025,Finance,Finance Manager,1,55,37,5,204,False,2,4,2,10696000,4,4,False,0,0.1120711055433762,11.21,0,0.16908819344089202,Trung bình,2,0,2686,39.4,Random Forest,RF_2025_V1
6657,2025-01-01,2025,Sales,Sales Representative,1,26,13,3,218,False,4,4,2,12548000,1,1,False,0,0.1112700825684081,11.13,0,0.16908819344089202,Trung bình,2,0,2713,38.79,Random Forest,RF_2025_V1
6658,2025-01-01,2025,Marketing,Digital Marketing Specialist,1,30,1,2,174,False,3,4,4,16662000,8,8,False,0,0.06494330265960298,6.49,0,0.16908819344089202,Thấp,1,0,4153,6.3,Random Forest,RF_2025_V1
6659,2025-01-01,2025,Information Technology,QA Engineer,5,47,3,5,249,True,3,3,1,77809000,5,3,False,0,0.2758783873682146,27.59,1,0.16908819344089202,Cao,3,1,458,89.69,Random Forest,RF_2025_V1
6660,2025-01-01,2025,Finance,Financial Analyst,2,46,37,8,181,False,4,1,4,23603000,9,2,False,0,0.15127891417674416,15.13,0,0.16908819344089202,Trung bình,2,0,1764,60.21,Random Forest,RF_2025_V1
6663,2025-01-01,2025,Information Technology,IT Support,3,42,10,1,170,False,2,2,3,39505000,6,1,False,0,0.11901436377902887,11.9,0,0.16908819344089202,Trung bình,2,0,2500,43.6,Random Forest,RF_2025_V1
6669,2025-01-01,2025,Information Technology,System Administrator,2,43,16,4,216,True,4,3,2,20896000,13,3,False,0,0.1955969776941333,19.56,1,0.16908819344089202,Cao,3,1,1175,73.5,Random Forest,RF_2025_V1
6671,2025-01-01,2025,Sales,Account Manager,1,43,31,3,180,False,4,2,4,11951000,1,1,False,0,0.11438918915576445,11.44,0,0.16908819344089202,Trung bình,2,0,2610,41.12,Random Forest,RF_2025_V1
6672,2025-01-01,2025,Marketing,Marketing Executive,1,50,40,1,197,False,4,2,2,7562000,1,1,False,0,0.1600039785627822,16.0,0,0.16908819344089202,Trung bình,2,0,1621,63.44,Random Forest,RF_2025_V1
6673,2025-01-01,2025,Operations,Procurement Specialist,1,30,38,4,206,False,3,3,2,14065000,3,3,False,0,0.07989370750037239,7.99,0,0.16908819344089202,Thấp,1,0,3625,18.21,Random Forest,RF_2025_V1
6675,2025-01-01,2025,Information Technology,IT Support,1,42,28,4,235,True,4,4,3,12468000,11,11,False,0,0.29599932145622,29.6,1,0.16908819344089202,Cao,3,1,349,92.15,Random Forest,RF_2025_V1
6676,2025-01-01,2025,Human Resources,Recruiter,4,43,31,4,173,False,3,2,2,43745000,13,2,False,0,0.15068723357587324,15.07,0,0.16908819344089202,Trung bình,2,0,1777,59.92,Random Forest,RF_2025_V1
6679,2025-01-01,2025,Finance,Internal Auditor,2,34,17,3,214,False,2,3,4,23223000,14,3,False,0,0.08898375522572777,8.9,0,0.16908819344089202,Thấp,1,0,3293,25.71,Random Forest,RF_2025_V1
6682,2025-01-01,2025,Sales,Account Manager,1,51,6,1,190,False,4,1,3,9533000,2,2,False,0,0.110728792596854,11.07,0,0.16908819344089202,Trung bình,2,0,2734,38.32,Random Forest,RF_2025_V1
6683,2025-01-01,2025,Marketing,Digital Marketing Specialist,1,45,22,3,237,True,4,3,4,10965000,1,1,False,0,0.21281628891132318,21.28,1,0.16908819344089202,Cao,3,1,1001,77.43,Random Forest,RF_2025_V1
6684,2025-01-01,2025,Sales,Sales Representative,3,49,24,3,227,True,3,3,4,28417000,6,5,False,0,0.23354165942542526,23.35,1,0.16908819344089202,Cao,3,1,795,82.08,Random Forest,RF_2025_V1
6686,2025-01-01,2025,Marketing,Digital Marketing Specialist,3,42,36,3,211,False,4,4,2,36825000,10,10,False,0,0.1195566137751353,11.96,0,0.16908819344089202,Trung bình,2,0,2483,43.99,Random Forest,RF_2025_V1
6688,2025-01-01,2025,Operations,Operations Manager,1,54,37,7,230,True,3,4,4,8045000,1,1,False,0,0.26132053102852815,26.13,1,0.16908819344089202,Cao,3,1,569,87.18,Random Forest,RF_2025_V1
6689,2025-01-01,2025,Information Technology,Data Analyst,4,44,24,6,250,True,3,2,4,54612000,12,0,True,0,0.33447550500650364,33.45,1,0.16908819344089202,Cao,3,1,202,95.46,Random Forest,RF_2025_V1
6690,2025-01-01,2025,Information Technology,IT Support,2,42,26,1,199,True,4,4,1,20483000,1,1,False,1,0.17037160992917855,17.04,1,0.16908819344089202,Cao,3,1,1476,66.71,Random Forest,RF_2025_V1
6692,2025-01-01,2025,Marketing,Marketing Manager,2,55,35,1,198,False,5,2,3,19266000,3,3,False,0,0.10807232722613293,10.81,0,0.16908819344089202,Trung bình,2,0,2810,36.61,Random Forest,RF_2025_V1
6695,2025-01-01,2025,Operations,Procurement Specialist,1,42,30,2,223,True,3,3,4,17853000,9,9,False,1,0.2792248836696024,27.92,1,0.16908819344089202,Cao,3,1,432,90.27,Random Forest,RF_2025_V1
6696,2025-01-01,2025,Operations,Operations Executive,3,53,6,3,153,False,3,3,4,33422000,10,2,False,0,0.07981714330807826,7.98,0,0.16908819344089202,Thấp,1,0,3628,18.14,Random Forest,RF_2025_V1
6697,2025-01-01,2025,Operations,Operations Manager,4,42,10,1,207,False,4,1,4,59018000,6,1,False,0,0.12238689676276088,12.24,0,0.16908819344089202,Trung bình,2,0,2400,45.86,Random Forest,RF_2025_V1
6699,2025-01-01,2025,Sales,Sales Representative,4,30,40,1,200,False,3,2,4,35211000,1,0,True,1,0.12104847053050169,12.1,0,0.16908819344089202,Trung bình,2,0,2438,45.0,Random Forest,RF_2025_V1
6700,2025-01-01,2025,Finance,Accountant,1,32,7,2,155,False,4,1,4,11884000,5,5,False,0,0.1374950500410624,13.75,0,0.16908819344089202,Trung bình,2,0,2044,53.89,Random Forest,RF_2025_V1
6705,2025-01-01,2025,Information Technology,Software Engineer,3,27,16,8,206,False,4,2,2,37141000,1,1,False,1,0.18253739427357024,18.25,1,0.16908819344089202,Cao,3,1,1307,70.53,Random Forest,RF_2025_V1
6706,2025-01-01,2025,Marketing,Marketing Manager,1,51,17,2,166,False,2,3,3,11461000,1,1,False,0,0.06467052784698551,6.47,0,0.16908819344089202,Thấp,1,0,4160,6.14,Random Forest,RF_2025_V1
6707,2025-01-01,2025,Information Technology,IT Support,1,28,37,3,203,False,4,3,4,16824000,6,6,False,0,0.08122972560071522,8.12,0,0.16908819344089202,Thấp,1,0,3560,19.68,Random Forest,RF_2025_V1
6708,2025-01-01,2025,Human Resources,HR Executive,3,28,10,3,184,False,3,4,2,25627000,2,2,False,0,0.07368298035364057,7.37,0,0.16908819344089202,Thấp,1,0,3881,12.44,Random Forest,RF_2025_V1
6710,2025-01-01,2025,Sales,Sales Representative,2,31,32,3,194,False,2,2,4,19146000,1,1,False,0,0.11123093324697182,11.12,0,0.16908819344089202,Trung bình,2,0,2716,38.73,Random Forest,RF_2025_V1
6711,2025-01-01,2025,Human Resources,HR Manager,5,53,22,2,189,False,2,3,4,74670000,4,2,False,0,0.0775277215270664,7.75,0,0.16908819344089202,Thấp,1,0,3730,15.84,Random Forest,RF_2025_V1
6712,2025-01-01,2025,Human Resources,Recruiter,2,36,8,3,193,False,5,1,3,18099000,9,3,False,0,0.12097576134523808,12.1,0,0.16908819344089202,Trung bình,2,0,2440,44.96,Random Forest,RF_2025_V1
6713,2025-01-01,2025,Operations,Warehouse Supervisor,4,43,29,5,183,False,2,1,3,38440000,1,0,True,1,0.13064638719019842,13.06,0,0.16908819344089202,Trung bình,2,0,2228,49.74,Random Forest,RF_2025_V1
6718,2025-01-01,2025,Information Technology,Software Engineer,1,32,15,2,220,True,3,2,2,11615000,2,2,False,1,0.3524248187054729,35.24,1,0.16908819344089202,Cao,3,1,150,96.64,Random Forest,RF_2025_V1
6721,2025-01-01,2025,Operations,Operations Manager,2,42,10,5,191,False,4,3,2,23899000,7,7,False,0,0.1258097948581511,12.58,0,0.16908819344089202,Trung bình,2,0,2319,47.69,Random Forest,RF_2025_V1
6722,2025-01-01,2025,Marketing,Content Specialist,3,27,13,5,200,False,2,2,4,31994000,5,5,False,0,0.1332025051985141,13.32,0,0.16908819344089202,Trung bình,2,0,2156,51.37,Random Forest,RF_2025_V1
6723,2025-01-01,2025,Sales,Sales Supervisor,4,55,26,2,193,False,3,4,1,56134000,6,1,False,0,0.08443577299836556,8.44,0,0.16908819344089202,Thấp,1,0,3438,22.43,Random Forest,RF_2025_V1
6728,2025-01-01,2025,Operations,Procurement Specialist,4,29,25,2,181,False,4,2,4,57459000,5,5,False,0,0.13890432043152554,13.89,0,0.16908819344089202,Trung bình,2,0,2008,54.71,Random Forest,RF_2025_V1
6730,2025-01-01,2025,Human Resources,C&B Specialist,5,35,4,4,167,False,3,3,2,69546000,4,2,False,0,0.08733098457178987,8.73,0,0.16908819344089202,Thấp,1,0,3336,24.73,Random Forest,RF_2025_V1
6732,2025-01-01,2025,Sales,Sales Executive,5,40,23,3,209,True,2,3,4,75305000,15,4,False,1,0.16708620353820453,16.71,0,0.16908819344089202,Trung bình,2,0,1516,65.81,Random Forest,RF_2025_V1
6734,2025-01-01,2025,Marketing,Marketing Manager,1,42,12,5,222,True,5,4,3,13286000,2,2,False,0,0.19150730523225606,19.15,1,0.16908819344089202,Cao,3,1,1215,72.6,Random Forest,RF_2025_V1
6735,2025-01-01,2025,Marketing,Digital Marketing Specialist,5,46,21,3,203,False,3,1,2,61851000,2,0,True,0,0.15491267122048927,15.49,0,0.16908819344089202,Trung bình,2,0,1699,61.68,Random Forest,RF_2025_V1
6736,2025-01-01,2025,Marketing,Content Specialist,2,46,20,6,210,False,4,3,3,19463000,2,2,False,0,0.06846986924046039,6.85,0,0.16908819344089202,Thấp,1,0,4044,8.76,Random Forest,RF_2025_V1
6738,2025-01-01,2025,Operations,Operations Executive,3,37,40,4,216,True,2,3,2,36431000,1,1,False,0,0.17835721991447512,17.84,1,0.16908819344089202,Cao,3,1,1355,69.44,Random Forest,RF_2025_V1
6739,2025-01-01,2025,Finance,Accountant,1,33,2,7,212,False,3,2,4,11197000,1,1,False,0,0.1353165359931753,13.53,0,0.16908819344089202,Trung bình,2,0,2103,52.56,Random Forest,RF_2025_V1
6745,2025-01-01,2025,Information Technology,Data Analyst,3,49,14,1,196,True,4,2,4,35260000,1,1,False,0,0.22537493670841025,22.54,1,0.16908819344089202,Cao,3,1,863,80.55,Random Forest,RF_2025_V1
6747,2025-01-01,2025,Marketing,Digital Marketing Specialist,4,44,1,1,205,True,4,3,3,51030000,5,5,False,0,0.14765912576831222,14.77,0,0.16908819344089202,Trung bình,2,0,1834,58.63,Random Forest,RF_2025_V1
6749,2025-01-01,2025,Information Technology,System Administrator,2,54,8,2,193,False,4,4,3,15289000,7,2,False,0,0.07375488202558739,7.38,0,0.16908819344089202,Thấp,1,0,3879,12.48,Random Forest,RF_2025_V1
6756,2025-01-01,2025,Finance,Accountant,1,30,36,5,189,True,3,4,4,11993000,3,3,False,0,0.13292987624196062,13.29,0,0.16908819344089202,Trung bình,2,0,2163,51.21,Random Forest,RF_2025_V1
6757,2025-01-01,2025,Operations,Procurement Specialist,4,25,2,6,216,False,3,4,1,68985000,4,4,False,0,0.13620535062527775,13.62,0,0.16908819344089202,Trung bình,2,0,2081,53.06,Random Forest,RF_2025_V1
6759,2025-01-01,2025,Information Technology,Software Engineer,2,39,20,6,197,False,2,3,1,21282000,7,2,False,0,0.10961516533964177,10.96,0,0.16908819344089202,Trung bình,2,0,2762,37.69,Random Forest,RF_2025_V1
6768,2025-01-01,2025,Marketing,Content Specialist,3,44,34,5,212,True,5,4,4,46744000,6,6,False,1,0.1520661443379188,15.21,0,0.16908819344089202,Trung bình,2,0,1749,60.55,Random Forest,RF_2025_V1
6771,2025-01-01,2025,Sales,Sales Representative,4,45,23,2,199,True,2,3,2,54064000,1,1,False,0,0.14367666253514746,14.37,0,0.16908819344089202,Trung bình,2,0,1896,57.23,Random Forest,RF_2025_V1
6775,2025-01-01,2025,Operations,Operations Manager,3,42,27,2,199,True,4,3,3,29790000,10,3,False,0,0.1438679747905586,14.39,0,0.16908819344089202,Trung bình,2,0,1895,57.26,Random Forest,RF_2025_V1
6784,2025-01-01,2025,Marketing,Marketing Manager,1,27,16,4,197,False,3,4,1,13527000,4,4,False,0,0.1198623334909046,11.99,0,0.16908819344089202,Trung bình,2,0,2480,44.05,Random Forest,RF_2025_V1
6786,2025-01-01,2025,Marketing,Marketing Executive,1,39,32,8,225,True,5,4,1,13566000,8,8,False,0,0.3766918780077278,37.67,1,0.16908819344089202,Cao,3,1,93,97.92,Random Forest,RF_2025_V1
6789,2025-01-01,2025,Marketing,Digital Marketing Specialist,1,37,40,2,187,False,2,4,1,13043000,3,3,False,0,0.06986299836910306,6.99,0,0.16908819344089202,Thấp,1,0,3999,9.77,Random Forest,RF_2025_V1
6793,2025-01-01,2025,Sales,Sales Representative,2,42,5,1,186,True,5,4,1,26695000,12,12,False,0,0.21964704741859373,21.96,1,0.16908819344089202,Cao,3,1,923,79.19,Random Forest,RF_2025_V1
6795,2025-01-01,2025,Operations,Procurement Specialist,4,31,4,2,185,False,3,4,2,47834000,4,4,False,1,0.096080239224055,9.61,0,0.16908819344089202,Thấp,1,0,3088,30.33,Random Forest,RF_2025_V1
6796,2025-01-01,2025,Human Resources,HR Manager,4,33,35,3,202,True,4,1,3,45815000,4,4,False,1,0.2298074522432123,22.98,1,0.16908819344089202,Cao,3,1,830,81.29,Random Forest,RF_2025_V1
6800,2025-01-01,2025,Human Resources,C&B Specialist,1,42,12,3,164,False,3,3,1,14208000,3,3,False,0,0.07493579108924744,7.49,0,0.16908819344089202,Thấp,1,0,3821,13.79,Random Forest,RF_2025_V1
6803,2025-01-01,2025,Marketing,Digital Marketing Specialist,1,28,6,3,202,True,3,2,4,9391000,1,1,False,0,0.2139732017811224,21.4,1,0.16908819344089202,Cao,3,1,986,77.77,Random Forest,RF_2025_V1
6804,2025-01-01,2025,Sales,Sales Supervisor,5,33,37,1,183,False,2,3,3,61873000,4,2,False,0,0.06289746121445573,6.29,0,0.16908819344089202,Thấp,1,0,4217,4.85,Random Forest,RF_2025_V1
6805,2025-01-01,2025,Human Resources,C&B Specialist,1,41,15,2,194,True,5,3,3,8342000,2,2,False,0,0.1017869749237857,10.18,0,0.16908819344089202,Trung bình,2,0,2954,33.36,Random Forest,RF_2025_V1
6810,2025-01-01,2025,Sales,Sales Executive,1,37,39,5,229,True,3,4,2,10667000,2,2,False,0,0.24327884030354957,24.33,1,0.16908819344089202,Cao,3,1,709,84.02,Random Forest,RF_2025_V1
6811,2025-01-01,2025,Finance,Internal Auditor,3,33,7,6,202,False,4,4,2,20602000,8,0,True,0,0.11295188767780351,11.3,0,0.16908819344089202,Trung bình,2,0,2660,39.99,Random Forest,RF_2025_V1
6815,2025-01-01,2025,Human Resources,Recruiter,5,30,31,1,209,True,4,4,3,105050000,7,5,False,0,0.16473775404266386,16.47,0,0.16908819344089202,Trung bình,2,0,1548,65.09,Random Forest,RF_2025_V1
6816,2025-01-01,2025,Sales,Sales Supervisor,4,45,38,4,226,True,3,2,2,64091000,3,3,False,1,0.33941779989293264,33.94,1,0.16908819344089202,Cao,3,1,189,95.76,Random Forest,RF_2025_V1
6819,2025-01-01,2025,Information Technology,System Administrator,4,52,34,2,186,True,3,3,3,56992000,4,4,False,0,0.15972043220549695,15.97,0,0.16908819344089202,Trung bình,2,0,1624,63.37,Random Forest,RF_2025_V1
6820,2025-01-01,2025,Finance,Internal Auditor,4,33,1,2,190,True,2,4,4,39910000,5,2,False,0,0.11711604611425505,11.71,0,0.16908819344089202,Trung bình,2,0,2532,42.88,Random Forest,RF_2025_V1
6823,2025-01-01,2025,Operations,Warehouse Supervisor,3,44,40,2,210,True,4,3,3,39059000,7,7,False,1,0.1863914645046365,18.64,1,0.16908819344089202,Cao,3,1,1264,71.5,Random Forest,RF_2025_V1
6824,2025-01-01,2025,Human Resources,HR Executive,1,49,25,4,195,False,4,1,4,12779000,12,12,False,0,0.1349270214612647,13.49,0,0.16908819344089202,Trung bình,2,0,2117,52.25,Random Forest,RF_2025_V1
6826,2025-01-01,2025,Information Technology,System Administrator,3,31,14,5,233,True,2,3,4,29727000,11,2,False,0,0.216754747179517,21.68,1,0.16908819344089202,Cao,3,1,952,78.54,Random Forest,RF_2025_V1
6830,2025-01-01,2025,Operations,Procurement Specialist,3,52,38,2,179,False,5,4,2,25998000,11,3,False,0,0.0909895208271037,9.1,0,0.16908819344089202,Thấp,1,0,3233,27.06,Random Forest,RF_2025_V1
6834,2025-01-01,2025,Human Resources,HR Manager,1,44,5,4,209,False,4,1,1,12599000,7,7,False,1,0.1945370842214798,19.45,1,0.16908819344089202,Cao,3,1,1186,73.26,Random Forest,RF_2025_V1
6835,2025-01-01,2025,Human Resources,Recruiter,3,52,21,8,254,False,4,4,4,25176000,2,1,False,0,0.1628467025693526,16.28,0,0.16908819344089202,Trung bình,2,0,1573,64.52,Random Forest,RF_2025_V1
6836,2025-01-01,2025,Marketing,Content Specialist,1,25,15,7,244,False,2,4,3,10808000,5,5,False,0,0.18052325089990096,18.05,1,0.16908819344089202,Cao,3,1,1330,70.01,Random Forest,RF_2025_V1
6843,2025-01-01,2025,Sales,Sales Representative,1,54,3,2,145,False,4,3,1,13027000,2,2,False,0,0.07842253215032963,7.84,0,0.16908819344089202,Thấp,1,0,3692,16.7,Random Forest,RF_2025_V1
6844,2025-01-01,2025,Information Technology,IT Support,1,55,27,1,147,False,3,2,2,13095000,6,6,False,0,0.16939104435138835,16.94,1,0.16908819344089202,Cao,3,1,1485,66.51,Random Forest,RF_2025_V1
6851,2025-01-01,2025,Information Technology,System Administrator,1,25,11,3,182,False,2,4,4,16919000,5,5,False,0,0.07525948556874935,7.53,0,0.16908819344089202,Thấp,1,0,3813,13.97,Random Forest,RF_2025_V1
6856,2025-01-01,2025,Information Technology,IT Support,1,33,12,5,171,False,5,2,3,12804000,12,12,False,1,0.13889584047078415,13.89,0,0.16908819344089202,Trung bình,2,0,2009,54.68,Random Forest,RF_2025_V1
6858,2025-01-01,2025,Marketing,Content Specialist,2,26,8,2,143,False,3,4,3,14228000,2,0,True,1,0.06388102923634222,6.39,0,0.16908819344089202,Thấp,1,0,4188,5.51,Random Forest,RF_2025_V1
6865,2025-01-01,2025,Sales,Sales Representative,2,43,25,1,192,False,2,4,4,17355000,5,5,False,1,0.0812089965085659,8.12,0,0.16908819344089202,Thấp,1,0,3562,19.63,Random Forest,RF_2025_V1
6866,2025-01-01,2025,Sales,Account Manager,3,25,32,2,183,False,3,2,4,34417000,2,2,False,0,0.11712779406258972,11.71,0,0.16908819344089202,Trung bình,2,0,2531,42.9,Random Forest,RF_2025_V1
6868,2025-01-01,2025,Sales,Sales Representative,2,50,2,2,167,False,2,4,3,25209000,13,13,False,0,0.08089495012168117,8.09,0,0.16908819344089202,Thấp,1,0,3579,19.25,Random Forest,RF_2025_V1
6869,2025-01-01,2025,Information Technology,Software Engineer,2,52,13,6,229,False,2,4,4,17424000,8,4,False,1,0.1687315787529406,16.87,0,0.16908819344089202,Trung bình,2,0,1494,66.31,Random Forest,RF_2025_V1
6870,2025-01-01,2025,Sales,Sales Executive,3,53,3,3,162,False,5,2,2,36177000,12,5,False,1,0.17379194714611054,17.38,1,0.16908819344089202,Cao,3,1,1429,67.77,Random Forest,RF_2025_V1
6872,2025-01-01,2025,Sales,Sales Supervisor,2,42,17,3,228,False,4,2,4,17210000,9,5,False,1,0.22596200887853668,22.6,1,0.16908819344089202,Cao,3,1,860,80.61,Random Forest,RF_2025_V1
6874,2025-01-01,2025,Finance,Financial Analyst,1,25,35,1,211,True,5,1,2,8681000,1,1,False,0,0.26445975345111883,26.45,1,0.16908819344089202,Cao,3,1,541,87.81,Random Forest,RF_2025_V1
6875,2025-01-01,2025,Finance,Finance Manager,1,48,2,4,211,True,3,3,4,16059000,4,4,False,1,0.16671874437171358,16.67,0,0.16908819344089202,Trung bình,2,0,1519,65.74,Random Forest,RF_2025_V1
6876,2025-01-01,2025,Finance,Financial Analyst,1,33,37,1,176,False,3,1,3,8542000,1,1,False,0,0.10831122668240599,10.83,0,0.16908819344089202,Trung bình,2,0,2797,36.9,Random Forest,RF_2025_V1
6878,2025-01-01,2025,Sales,Account Manager,2,52,8,3,238,False,3,4,3,15166000,1,1,False,0,0.1414242463438755,14.14,0,0.16908819344089202,Trung bình,2,0,1948,56.06,Random Forest,RF_2025_V1
6879,2025-01-01,2025,Marketing,Content Specialist,4,45,12,1,198,True,5,2,4,38299000,5,1,False,0,0.19194046961138891,19.19,1,0.16908819344089202,Cao,3,1,1210,72.71,Random Forest,RF_2025_V1
6881,2025-01-01,2025,Operations,Operations Executive,2,28,37,5,241,True,4,1,2,16797000,6,1,False,1,0.409030837526312,40.9,1,0.16908819344089202,Cao,3,1,31,99.32,Random Forest,RF_2025_V1
6882,2025-01-01,2025,Marketing,Marketing Executive,2,45,11,5,153,False,4,1,2,13477000,8,2,False,0,0.1591464384149576,15.91,0,0.16908819344089202,Trung bình,2,0,1634,63.15,Random Forest,RF_2025_V1
6888,2025-01-01,2025,Human Resources,HR Manager,3,51,9,2,168,True,4,3,4,39739000,13,13,False,0,0.1760455600615656,17.6,1,0.16908819344089202,Cao,3,1,1392,68.61,Random Forest,RF_2025_V1
6890,2025-01-01,2025,Operations,Warehouse Supervisor,3,38,23,5,200,False,3,4,3,25301000,6,1,False,0,0.07188794313254093,7.19,0,0.16908819344089202,Thấp,1,0,3932,11.28,Random Forest,RF_2025_V1
6891,2025-01-01,2025,Sales,Sales Representative,1,47,30,4,217,True,4,4,3,9789000,2,2,False,0,0.11404860740112686,11.4,0,0.16908819344089202,Trung bình,2,0,2624,40.8,Random Forest,RF_2025_V1
6893,2025-01-01,2025,Operations,Procurement Specialist,4,28,28,6,235,True,3,3,4,38742000,7,0,True,0,0.2351838842466346,23.52,1,0.16908819344089202,Cao,3,1,775,82.53,Random Forest,RF_2025_V1
6897,2025-01-01,2025,Marketing,Marketing Executive,1,48,2,2,208,True,4,4,4,16001000,8,8,False,0,0.14710648615563565,14.71,0,0.16908819344089202,Trung bình,2,0,1848,58.32,Random Forest,RF_2025_V1
6898,2025-01-01,2025,Marketing,Digital Marketing Specialist,2,26,30,1,222,False,4,4,3,13531000,3,2,False,0,0.11525478907451112,11.53,0,0.16908819344089202,Trung bình,2,0,2586,41.66,Random Forest,RF_2025_V1
6899,2025-01-01,2025,Information Technology,IT Support,5,47,17,2,187,False,3,3,2,65619000,11,3,False,0,0.08414614294243347,8.41,0,0.16908819344089202,Thấp,1,0,3454,22.07,Random Forest,RF_2025_V1
6900,2025-01-01,2025,Sales,Account Manager,1,36,36,3,211,True,5,2,4,10950000,3,3,False,1,0.22475120776251364,22.48,1,0.16908819344089202,Cao,3,1,866,80.48,Random Forest,RF_2025_V1
6901,2025-01-01,2025,Information Technology,System Administrator,2,50,40,3,168,False,3,2,2,23546000,11,11,False,0,0.16784282232079387,16.78,0,0.16908819344089202,Trung bình,2,0,1508,65.99,Random Forest,RF_2025_V1
6903,2025-01-01,2025,Sales,Sales Executive,2,30,15,5,204,False,3,2,3,15402000,2,0,True,0,0.11398143620213534,11.4,0,0.16908819344089202,Trung bình,2,0,2626,40.76,Random Forest,RF_2025_V1
6906,2025-01-01,2025,Marketing,Marketing Executive,5,35,32,4,202,False,4,4,1,77538000,4,1,False,0,0.09124414646010545,9.12,0,0.16908819344089202,Thấp,1,0,3221,27.33,Random Forest,RF_2025_V1
6907,2025-01-01,2025,Information Technology,System Administrator,4,36,39,4,231,True,4,2,2,37229000,13,1,False,1,0.40197188373448856,40.2,1,0.16908819344089202,Cao,3,1,51,98.87,Random Forest,RF_2025_V1
6911,2025-01-01,2025,Information Technology,Software Engineer,3,25,4,3,221,False,4,4,4,37508000,2,2,False,0,0.11841121855720874,11.84,0,0.16908819344089202,Trung bình,2,0,2510,43.38,Random Forest,RF_2025_V1
6912,2025-01-01,2025,Sales,Sales Supervisor,4,52,35,2,200,True,4,4,4,60636000,11,11,False,0,0.15720666329068883,15.72,0,0.16908819344089202,Trung bình,2,0,1665,62.45,Random Forest,RF_2025_V1
6913,2025-01-01,2025,Information Technology,QA Engineer,1,26,17,7,226,True,2,3,3,15602000,4,4,False,0,0.2846841258314581,28.47,1,0.16908819344089202,Cao,3,1,397,91.06,Random Forest,RF_2025_V1
6915,2025-01-01,2025,Marketing,Marketing Manager,3,51,16,4,226,True,2,4,4,22541000,5,1,False,1,0.2017378211395517,20.17,1,0.16908819344089202,Cao,3,1,1118,74.79,Random Forest,RF_2025_V1
6917,2025-01-01,2025,Finance,Internal Auditor,3,51,38,4,186,True,4,4,2,36630000,2,2,False,0,0.1573836619254885,15.74,0,0.16908819344089202,Trung bình,2,0,1660,62.56,Random Forest,RF_2025_V1
6918,2025-01-01,2025,Information Technology,IT Support,2,34,25,2,208,True,3,1,4,16645000,11,1,False,0,0.2054828287544029,20.55,1,0.16908819344089202,Cao,3,1,1088,75.47,Random Forest,RF_2025_V1
6922,2025-01-01,2025,Information Technology,IT Support,3,35,17,3,172,False,3,1,3,35884000,2,2,False,0,0.09870050818145713,9.87,0,0.16908819344089202,Thấp,1,0,3036,31.51,Random Forest,RF_2025_V1
6923,2025-01-01,2025,Human Resources,Recruiter,4,25,29,3,178,False,3,4,2,41394000,2,1,False,0,0.08540042186287769,8.54,0,0.16908819344089202,Thấp,1,0,3406,23.16,Random Forest,RF_2025_V1
6925,2025-01-01,2025,Human Resources,HR Executive,4,33,2,5,219,False,3,1,3,61377000,11,5,False,0,0.1790739708081256,17.91,1,0.16908819344089202,Cao,3,1,1346,69.65,Random Forest,RF_2025_V1
6926,2025-01-01,2025,Information Technology,Data Analyst,2,35,37,3,242,True,3,4,3,21405000,14,2,False,0,0.21374242049822997,21.37,1,0.16908819344089202,Cao,3,1,992,77.63,Random Forest,RF_2025_V1
6927,2025-01-01,2025,Marketing,Content Specialist,1,34,8,8,226,False,5,1,2,19280000,10,10,False,1,0.2720866155254231,27.21,1,0.16908819344089202,Cao,3,1,482,89.14,Random Forest,RF_2025_V1
6931,2025-01-01,2025,Sales,Sales Representative,4,37,13,5,224,False,4,4,3,81367000,12,12,False,0,0.19064849672078127,19.06,1,0.16908819344089202,Cao,3,1,1221,72.47,Random Forest,RF_2025_V1
6933,2025-01-01,2025,Information Technology,QA Engineer,1,36,25,2,160,False,4,3,1,11088000,5,5,False,0,0.11899254703422495,11.9,0,0.16908819344089202,Trung bình,2,0,2501,43.58,Random Forest,RF_2025_V1
6934,2025-01-01,2025,Marketing,Marketing Manager,3,46,38,5,180,False,4,1,4,36806000,5,5,False,1,0.1204241873272768,12.04,0,0.16908819344089202,Trung bình,2,0,2460,44.5,Random Forest,RF_2025_V1
6935,2025-01-01,2025,Operations,Procurement Specialist,5,31,15,1,166,False,3,3,4,87397000,8,6,False,0,0.07594455539982038,7.59,0,0.16908819344089202,Thấp,1,0,3783,14.65,Random Forest,RF_2025_V1
6937,2025-01-01,2025,Marketing,Marketing Executive,3,39,26,6,242,True,4,3,3,39054000,9,9,False,0,0.3116899103504536,31.17,1,0.16908819344089202,Cao,3,1,290,93.48,Random Forest,RF_2025_V1
6940,2025-01-01,2025,Human Resources,HR Manager,1,36,4,3,189,False,3,4,4,16907000,8,8,False,0,0.07401632895798428,7.4,0,0.16908819344089202,Thấp,1,0,3863,12.84,Random Forest,RF_2025_V1
6943,2025-01-01,2025,Marketing,Digital Marketing Specialist,1,28,16,3,248,True,2,3,4,13737000,4,4,False,0,0.24534461914001562,24.53,1,0.16908819344089202,Cao,3,1,696,84.32,Random Forest,RF_2025_V1
6944,2025-01-01,2025,Finance,Finance Manager,4,51,4,2,177,False,3,4,4,38963000,10,1,False,0,0.06102043261745355,6.1,0,0.16908819344089202,Thấp,1,0,4268,3.7,Random Forest,RF_2025_V1
6945,2025-01-01,2025,Operations,Operations Manager,4,38,12,5,236,True,3,1,3,70227000,6,6,False,1,0.38100249703181804,38.1,1,0.16908819344089202,Cao,3,1,85,98.1,Random Forest,RF_2025_V1
6951,2025-01-01,2025,Operations,Operations Manager,4,43,20,5,200,False,5,1,4,58002000,2,2,False,1,0.10919925635422865,10.92,0,0.16908819344089202,Trung bình,2,0,2772,37.46,Random Forest,RF_2025_V1
6952,2025-01-01,2025,Human Resources,C&B Specialist,1,25,24,4,166,False,5,2,4,9723000,5,5,False,0,0.14780631011418005,14.78,0,0.16908819344089202,Trung bình,2,0,1829,58.75,Random Forest,RF_2025_V1
6955,2025-01-01,2025,Information Technology,QA Engineer,2,25,31,4,215,True,4,4,4,19840000,4,4,False,0,0.19151493838295225,19.15,1,0.16908819344089202,Cao,3,1,1214,72.62,Random Forest,RF_2025_V1
6956,2025-01-01,2025,Information Technology,System Administrator,5,34,38,3,191,False,3,2,3,76072000,5,2,False,1,0.1355587659975794,13.56,0,0.16908819344089202,Trung bình,2,0,2097,52.7,Random Forest,RF_2025_V1
6958,2025-01-01,2025,Sales,Sales Representative,1,25,34,3,169,False,3,2,4,10991000,1,1,False,0,0.10741393267439636,10.74,0,0.16908819344089202,Trung bình,2,0,2830,36.15,Random Forest,RF_2025_V1
6959,2025-01-01,2025,Human Resources,HR Manager,4,37,17,3,234,True,4,4,1,55170000,7,2,False,0,0.27995719902016264,28.0,1,0.16908819344089202,Cao,3,1,429,90.34,Random Forest,RF_2025_V1
6960,2025-01-01,2025,Marketing,Digital Marketing Specialist,2,43,19,5,180,False,3,1,3,19588000,3,3,False,0,0.09434662665607776,9.43,0,0.16908819344089202,Thấp,1,0,3128,29.43,Random Forest,RF_2025_V1
6962,2025-01-01,2025,Finance,Accountant,1,38,34,6,173,True,3,4,3,21145000,7,7,False,0,0.21437995188833586,21.44,1,0.16908819344089202,Cao,3,1,980,77.91,Random Forest,RF_2025_V1
6968,2025-01-01,2025,Operations,Operations Executive,1,37,7,4,235,True,2,3,3,15277000,6,6,False,0,0.2842106403066414,28.42,1,0.16908819344089202,Cao,3,1,403,90.93,Random Forest,RF_2025_V1
6969,2025-01-01,2025,Marketing,Content Specialist,2,55,28,2,216,False,3,3,2,15213000,11,1,False,0,0.10094420297440758,10.09,0,0.16908819344089202,Trung bình,2,0,2975,32.88,Random Forest,RF_2025_V1
6970,2025-01-01,2025,Sales,Sales Representative,1,38,13,2,156,False,4,4,3,8544000,1,1,False,0,0.07094005135355766,7.09,0,0.16908819344089202,Thấp,1,0,3969,10.45,Random Forest,RF_2025_V1
6971,2025-01-01,2025,Human Resources,HR Manager,2,31,35,2,158,False,3,4,4,26252000,5,5,False,0,0.07914939039934131,7.91,0,0.16908819344089202,Thấp,1,0,3658,17.47,Random Forest,RF_2025_V1
6972,2025-01-01,2025,Sales,Account Manager,1,33,12,5,189,False,3,3,4,15465000,10,10,False,0,0.08701975971913517,8.7,0,0.16908819344089202,Thấp,1,0,3348,24.46,Random Forest,RF_2025_V1
6973,2025-01-01,2025,Human Resources,Recruiter,2,38,21,4,196,False,4,2,4,27468000,7,7,False,0,0.1416696123095894,14.17,0,0.16908819344089202,Trung bình,2,0,1940,56.24,Random Forest,RF_2025_V1
6974,2025-01-01,2025,Finance,Financial Analyst,2,32,27,2,191,False,3,2,3,20928000,2,2,False,0,0.10640258391432876,10.64,0,0.16908819344089202,Trung bình,2,0,2858,35.52,Random Forest,RF_2025_V1
6975,2025-01-01,2025,Sales,Sales Executive,2,39,11,2,172,False,2,2,1,17979000,14,2,False,0,0.16243723062310828,16.24,0,0.16908819344089202,Trung bình,2,0,1578,64.41,Random Forest,RF_2025_V1
6977,2025-01-01,2025,Sales,Sales Executive,4,35,35,3,184,False,5,4,4,38466000,2,1,False,0,0.062068148817548185,6.21,0,0.16908819344089202,Thấp,1,0,4244,4.24,Random Forest,RF_2025_V1
6978,2025-01-01,2025,Finance,Financial Analyst,3,31,25,5,241,True,5,3,4,27278000,3,2,False,0,0.21311713822423697,21.31,1,0.16908819344089202,Cao,3,1,996,77.54,Random Forest,RF_2025_V1
6980,2025-01-01,2025,Information Technology,QA Engineer,1,30,10,6,206,False,3,3,3,10127000,2,2,False,0,0.09691330463998202,9.69,0,0.16908819344089202,Thấp,1,0,3067,30.81,Random Forest,RF_2025_V1
6981,2025-01-01,2025,Information Technology,IT Support,1,27,16,5,193,False,3,3,4,10444000,1,1,False,0,0.07588081739148823,7.59,0,0.16908819344089202,Thấp,1,0,3787,14.56,Random Forest,RF_2025_V1
6982,2025-01-01,2025,Finance,Financial Analyst,1,35,27,7,244,True,4,3,4,11076000,7,7,False,1,0.33304449530718166,33.3,1,0.16908819344089202,Cao,3,1,207,95.35,Random Forest,RF_2025_V1
6984,2025-01-01,2025,Information Technology,IT Support,5,53,18,5,174,False,3,4,1,71240000,7,4,False,0,0.09994212383714154,9.99,0,0.16908819344089202,Thấp,1,0,3001,32.3,Random Forest,RF_2025_V1
6988,2025-01-01,2025,Information Technology,System Administrator,2,36,36,4,163,False,4,4,4,22769000,9,6,False,0,0.0729071743779593,7.29,0,0.16908819344089202,Thấp,1,0,3901,11.98,Random Forest,RF_2025_V1
6993,2025-01-01,2025,Finance,Financial Analyst,2,35,18,3,193,False,3,4,4,17904000,2,2,False,0,0.06135733594473785,6.14,0,0.16908819344089202,Thấp,1,0,4258,3.93,Random Forest,RF_2025_V1
6997,2025-01-01,2025,Human Resources,HR Executive,2,38,35,3,234,True,4,4,1,15230000,11,2,False,0,0.2849356108086776,28.49,1,0.16908819344089202,Cao,3,1,395,91.11,Random Forest,RF_2025_V1
6999,2025-01-01,2025,Sales,Sales Executive,3,35,40,1,151,False,4,3,3,27337000,14,5,False,0,0.08586542055050896,8.59,0,0.16908819344089202,Thấp,1,0,3385,23.63,Random Forest,RF_2025_V1
7002,2025-01-01,2025,Operations,Procurement Specialist,3,31,40,5,195,False,5,2,1,33913000,9,9,False,0,0.156515050028662,15.65,0,0.16908819344089202,Trung bình,2,0,1678,62.15,Random Forest,RF_2025_V1
7007,2025-01-01,2025,Finance,Accountant,4,36,6,2,181,True,4,3,4,42702000,9,3,False,0,0.11275153837184382,11.28,0,0.16908819344089202,Trung bình,2,0,2665,39.88,Random Forest,RF_2025_V1
7008,2025-01-01,2025,Finance,Financial Analyst,2,36,35,3,192,False,4,4,4,20006000,9,4,False,0,0.0818070904457412,8.18,0,0.16908819344089202,Thấp,1,0,3536,20.22,Random Forest,RF_2025_V1
7009,2025-01-01,2025,Human Resources,HR Executive,1,40,8,5,179,False,4,3,4,12761000,9,9,False,0,0.07008705553533195,7.01,0,0.16908819344089202,Thấp,1,0,3993,9.91,Random Forest,RF_2025_V1
7010,2025-01-01,2025,Marketing,Marketing Executive,1,53,28,2,178,False,3,4,1,14493000,4,4,False,0,0.1027019982538276,10.27,0,0.16908819344089202,Trung bình,2,0,2926,33.99,Random Forest,RF_2025_V1
7015,2025-01-01,2025,Human Resources,C&B Specialist,1,47,31,4,203,False,3,2,2,11869000,3,3,False,0,0.1339706697252329,13.4,0,0.16908819344089202,Trung bình,2,0,2134,51.86,Random Forest,RF_2025_V1
7016,2025-01-01,2025,Sales,Sales Supervisor,1,39,34,1,219,True,3,4,2,12230000,2,2,False,0,0.16420953648891298,16.42,0,0.16908819344089202,Trung bình,2,0,1559,64.84,Random Forest,RF_2025_V1
7017,2025-01-01,2025,Information Technology,Data Analyst,2,53,23,2,213,True,4,3,4,23171000,3,3,False,0,0.1187355634991976,11.87,0,0.16908819344089202,Trung bình,2,0,2506,43.47,Random Forest,RF_2025_V1
7018,2025-01-01,2025,Finance,Internal Auditor,1,41,30,7,275,True,3,4,3,11489000,1,1,False,0,0.29146077602836556,29.15,1,0.16908819344089202,Cao,3,1,365,91.79,Random Forest,RF_2025_V1
7021,2025-01-01,2025,Human Resources,C&B Specialist,3,43,37,3,182,False,3,3,4,30363000,2,2,False,0,0.05808866700375941,5.81,0,0.16908819344089202,Thấp,1,0,4334,2.21,Random Forest,RF_2025_V1
7025,2025-01-01,2025,Sales,Sales Supervisor,1,45,5,4,190,False,3,3,1,15151000,4,4,False,0,0.11696503553016514,11.7,0,0.16908819344089202,Trung bình,2,0,2537,42.77,Random Forest,RF_2025_V1
7026,2025-01-01,2025,Information Technology,QA Engineer,3,51,32,5,229,False,3,2,4,52616000,11,11,False,0,0.2425250130822045,24.25,1,0.16908819344089202,Cao,3,1,715,83.89,Random Forest,RF_2025_V1
7033,2025-01-01,2025,Information Technology,IT Support,2,26,14,8,183,False,3,1,4,24460000,3,3,False,0,0.11098531340281954,11.1,0,0.16908819344089202,Trung bình,2,0,2725,38.52,Random Forest,RF_2025_V1
7034,2025-01-01,2025,Finance,Finance Manager,2,27,40,6,166,False,4,3,2,17037000,1,1,False,0,0.10540121231849336,10.54,0,0.16908819344089202,Trung bình,2,0,2872,35.21,Random Forest,RF_2025_V1
7036,2025-01-01,2025,Marketing,Content Specialist,1,46,18,1,191,False,3,3,4,11299000,3,3,False,0,0.06141946054879369,6.14,0,0.16908819344089202,Thấp,1,0,4256,3.97,Random Forest,RF_2025_V1
7039,2025-01-01,2025,Sales,Sales Executive,4,47,8,8,243,False,5,2,4,80283000,11,11,False,1,0.2537847120622847,25.38,1,0.16908819344089202,Cao,3,1,624,85.94,Random Forest,RF_2025_V1
7044,2025-01-01,2025,Sales,Sales Executive,3,46,32,4,178,False,3,3,2,51772000,10,10,False,0,0.10843402566540526,10.84,0,0.16908819344089202,Trung bình,2,0,2791,37.03,Random Forest,RF_2025_V1
7046,2025-01-01,2025,Marketing,Digital Marketing Specialist,3,49,22,5,226,False,4,4,1,20000000,3,0,True,0,0.1665274541710537,16.65,0,0.16908819344089202,Trung bình,2,0,1527,65.56,Random Forest,RF_2025_V1
7048,2025-01-01,2025,Operations,Operations Executive,1,32,38,4,176,False,4,3,2,11748000,2,2,False,1,0.09036921209329749,9.04,0,0.16908819344089202,Thấp,1,0,3258,26.5,Random Forest,RF_2025_V1
7054,2025-01-01,2025,Operations,Warehouse Supervisor,3,50,36,1,172,True,3,2,2,39482000,11,11,False,0,0.33137245063382054,33.14,1,0.16908819344089202,Cao,3,1,213,95.22,Random Forest,RF_2025_V1
7056,2025-01-01,2025,Marketing,Content Specialist,2,25,7,1,147,False,4,4,4,13840000,3,2,False,0,0.0639517503377659,6.4,0,0.16908819344089202,Thấp,1,0,4186,5.55,Random Forest,RF_2025_V1
7057,2025-01-01,2025,Operations,Warehouse Supervisor,3,35,23,2,166,False,2,4,1,35777000,2,2,False,0,0.09443258150032603,9.44,0,0.16908819344089202,Thấp,1,0,3122,29.56,Random Forest,RF_2025_V1
7061,2025-01-01,2025,Marketing,Digital Marketing Specialist,1,26,1,2,212,False,3,3,3,11160000,5,5,False,1,0.0781233059063025,7.81,0,0.16908819344089202,Thấp,1,0,3703,16.45,Random Forest,RF_2025_V1
7063,2025-01-01,2025,Operations,Operations Manager,3,41,2,3,185,False,2,2,3,29812000,1,1,False,0,0.11583351224063326,11.58,0,0.16908819344089202,Trung bình,2,0,2569,42.04,Random Forest,RF_2025_V1
7064,2025-01-01,2025,Sales,Sales Representative,2,26,37,5,226,False,3,3,2,12000000,1,0,True,0,0.18509384835194007,18.51,1,0.16908819344089202,Cao,3,1,1283,71.07,Random Forest,RF_2025_V1
7072,2025-01-01,2025,Human Resources,HR Manager,1,26,25,1,157,False,5,2,4,7421000,1,1,False,1,0.17098330051006136,17.1,1,0.16908819344089202,Cao,3,1,1466,66.94,Random Forest,RF_2025_V1
7073,2025-01-01,2025,Operations,Operations Executive,2,41,30,3,172,False,3,3,3,25574000,14,14,False,0,0.11067966723502212,11.07,0,0.16908819344089202,Trung bình,2,0,2735,38.3,Random Forest,RF_2025_V1
7074,2025-01-01,2025,Information Technology,Data Analyst,4,39,28,3,182,False,2,4,1,69002000,12,2,False,0,0.09278096549938232,9.28,0,0.16908819344089202,Thấp,1,0,3168,28.53,Random Forest,RF_2025_V1
7078,2025-01-01,2025,Information Technology,Data Analyst,2,48,16,2,208,False,3,4,2,23411000,10,10,False,0,0.11580954085307388,11.58,0,0.16908819344089202,Trung bình,2,0,2570,42.02,Random Forest,RF_2025_V1
7080,2025-01-01,2025,Human Resources,HR Manager,4,44,8,6,257,True,3,3,3,35000000,5,0,True,0,0.25343168863952603,25.34,1,0.16908819344089202,Cao,3,1,628,85.85,Random Forest,RF_2025_V1
7084,2025-01-01,2025,Sales,Sales Executive,2,45,31,2,205,True,4,3,1,23650000,11,11,False,1,0.22866671085802154,22.87,1,0.16908819344089202,Cao,3,1,836,81.16,Random Forest,RF_2025_V1
7087,2025-01-01,2025,Information Technology,QA Engineer,3,29,11,6,235,False,4,3,4,21300000,2,1,False,0,0.17066330468170496,17.07,1,0.16908819344089202,Cao,3,1,1470,66.85,Random Forest,RF_2025_V1
7088,2025-01-01,2025,Human Resources,Recruiter,2,43,40,1,172,False,3,2,3,20124000,15,2,False,1,0.11183739150711375,11.18,0,0.16908819344089202,Trung bình,2,0,2694,39.22,Random Forest,RF_2025_V1
7089,2025-01-01,2025,Finance,Internal Auditor,3,55,17,1,187,False,3,3,4,24597000,3,3,False,0,0.073770034895867,7.38,0,0.16908819344089202,Thấp,1,0,3876,12.55,Random Forest,RF_2025_V1
7093,2025-01-01,2025,Sales,Sales Supervisor,1,29,37,5,227,True,3,1,4,11324000,5,5,False,1,0.3502621327453317,35.03,1,0.16908819344089202,Cao,3,1,152,96.59,Random Forest,RF_2025_V1
7099,2025-01-01,2025,Sales,Sales Executive,3,30,15,2,211,False,3,1,4,27618000,4,2,False,1,0.11396499345801143,11.4,0,0.16908819344089202,Trung bình,2,0,2628,40.71,Random Forest,RF_2025_V1
7104,2025-01-01,2025,Marketing,Marketing Executive,2,37,27,1,211,True,3,1,3,16665000,8,3,False,0,0.21193038541717563,21.19,1,0.16908819344089202,Cao,3,1,1014,77.14,Random Forest,RF_2025_V1
7105,2025-01-01,2025,Sales,Sales Executive,1,26,29,4,214,True,4,3,3,11486000,3,3,False,0,0.13210574368886574,13.21,0,0.16908819344089202,Trung bình,2,0,2192,50.55,Random Forest,RF_2025_V1
7106,2025-01-01,2025,Marketing,Marketing Manager,2,40,24,3,229,True,5,2,1,13453000,1,1,False,0,0.37718921103637926,37.72,1,0.16908819344089202,Cao,3,1,92,97.95,Random Forest,RF_2025_V1
7110,2025-01-01,2025,Marketing,Marketing Manager,3,46,28,5,231,True,2,2,2,38503000,2,2,False,0,0.37241368688755716,37.24,1,0.16908819344089202,Cao,3,1,100,97.77,Random Forest,RF_2025_V1
7113,2025-01-01,2025,Sales,Sales Executive,1,28,23,1,169,False,4,3,3,15283000,4,4,False,0,0.07532811211565864,7.53,0,0.16908819344089202,Thấp,1,0,3808,14.08,Random Forest,RF_2025_V1
7114,2025-01-01,2025,Information Technology,QA Engineer,2,28,4,5,212,False,3,4,3,16725000,2,2,False,0,0.08120609514185063,8.12,0,0.16908819344089202,Thấp,1,0,3563,19.61,Random Forest,RF_2025_V1
7120,2025-01-01,2025,Operations,Operations Manager,3,41,36,3,199,False,3,4,4,35177000,4,4,False,0,0.08570036891737381,8.57,0,0.16908819344089202,Thấp,1,0,3392,23.47,Random Forest,RF_2025_V1
7121,2025-01-01,2025,Operations,Procurement Specialist,1,55,13,3,221,True,2,3,1,14660000,14,14,False,0,0.34623086445307305,34.62,1,0.16908819344089202,Cao,3,1,166,96.28,Random Forest,RF_2025_V1
7124,2025-01-01,2025,Finance,Financial Analyst,3,54,9,3,156,False,4,3,3,33876000,5,5,False,0,0.0838002920288419,8.38,0,0.16908819344089202,Thấp,1,0,3469,21.73,Random Forest,RF_2025_V1
7125,2025-01-01,2025,Human Resources,HR Manager,2,42,6,2,132,False,4,3,3,16749000,8,3,False,1,0.06609199792408132,6.61,0,0.16908819344089202,Thấp,1,0,4114,7.18,Random Forest,RF_2025_V1
7128,2025-01-01,2025,Finance,Accountant,2,27,29,4,204,True,3,4,4,17719000,1,1,False,0,0.1397711144002768,13.98,0,0.16908819344089202,Trung bình,2,0,1981,55.31,Random Forest,RF_2025_V1
7129,2025-01-01,2025,Marketing,Digital Marketing Specialist,2,52,16,3,194,False,2,4,4,29675000,11,11,False,0,0.07081818062643915,7.08,0,0.16908819344089202,Thấp,1,0,3972,10.38,Random Forest,RF_2025_V1
7130,2025-01-01,2025,Sales,Sales Executive,2,29,1,6,212,True,3,4,4,12369000,3,0,True,1,0.16572730563177418,16.57,0,0.16908819344089202,Trung bình,2,0,1534,65.4,Random Forest,RF_2025_V1
7131,2025-01-01,2025,Sales,Sales Representative,3,28,37,3,189,True,3,4,3,20000000,2,0,True,0,0.1307585230183961,13.08,0,0.16908819344089202,Trung bình,2,0,2223,49.85,Random Forest,RF_2025_V1
7134,2025-01-01,2025,Information Technology,IT Support,1,48,22,5,180,False,4,4,3,16026000,6,6,False,0,0.07471602044553965,7.47,0,0.16908819344089202,Thấp,1,0,3830,13.59,Random Forest,RF_2025_V1
7137,2025-01-01,2025,Marketing,Content Specialist,4,49,24,5,234,True,3,2,1,57796000,12,1,False,0,0.3791258923232857,37.91,1,0.16908819344089202,Cao,3,1,89,98.01,Random Forest,RF_2025_V1
7138,2025-01-01,2025,Information Technology,System Administrator,4,46,40,3,190,True,3,3,1,92193000,15,15,False,1,0.23784544592167517,23.78,1,0.16908819344089202,Cao,3,1,753,83.03,Random Forest,RF_2025_V1
7140,2025-01-01,2025,Information Technology,Software Engineer,1,53,14,2,224,True,3,3,4,12589000,14,14,False,1,0.27519229454528843,27.52,1,0.16908819344089202,Cao,3,1,463,89.57,Random Forest,RF_2025_V1
7142,2025-01-01,2025,Information Technology,Data Analyst,1,47,10,3,195,False,3,4,3,8334000,2,2,False,0,0.06558118060619302,6.56,0,0.16908819344089202,Thấp,1,0,4131,6.79,Random Forest,RF_2025_V1
7143,2025-01-01,2025,Information Technology,System Administrator,2,29,23,4,176,False,3,4,4,19892000,1,1,False,0,0.08037663135822491,8.04,0,0.16908819344089202,Thấp,1,0,3604,18.69,Random Forest,RF_2025_V1
7146,2025-01-01,2025,Marketing,Digital Marketing Specialist,3,47,7,5,199,False,3,4,4,31625000,14,0,True,0,0.08074040834571865,8.07,0,0.16908819344089202,Thấp,1,0,3584,19.14,Random Forest,RF_2025_V1
7147,2025-01-01,2025,Marketing,Marketing Executive,2,45,35,1,152,False,4,3,4,16664000,8,1,False,0,0.055617786596469175,5.56,0,0.16908819344089202,Thấp,1,0,4383,1.11,Random Forest,RF_2025_V1
7149,2025-01-01,2025,Finance,Financial Analyst,2,49,13,7,241,True,4,1,2,19481000,13,0,True,1,0.43273208289185905,43.27,1,0.16908819344089202,Cao,3,1,19,99.59,Random Forest,RF_2025_V1
7151,2025-01-01,2025,Operations,Procurement Specialist,1,28,37,3,196,False,4,3,1,10099000,1,1,False,0,0.11882895880613074,11.88,0,0.16908819344089202,Trung bình,2,0,2503,43.53,Random Forest,RF_2025_V1
7152,2025-01-01,2025,Finance,Internal Auditor,1,26,12,1,213,True,3,2,4,15404000,4,4,False,1,0.2686259395201103,26.86,1,0.16908819344089202,Cao,3,1,509,88.54,Random Forest,RF_2025_V1
7153,2025-01-01,2025,Information Technology,System Administrator,1,48,17,5,213,False,3,4,4,12875000,5,5,False,0,0.08025236924471807,8.03,0,0.16908819344089202,Thấp,1,0,3612,18.51,Random Forest,RF_2025_V1
7155,2025-01-01,2025,Marketing,Content Specialist,2,44,36,6,237,True,1,3,4,28653000,6,6,False,0,0.2985407008898702,29.85,1,0.16908819344089202,Cao,3,1,337,92.42,Random Forest,RF_2025_V1
7158,2025-01-01,2025,Marketing,Marketing Executive,2,39,18,1,163,False,2,4,4,20829000,3,3,False,0,0.04816060895394036,4.82,0,0.16908819344089202,Thấp,1,0,4431,0.02,Random Forest,RF_2025_V1
7165,2025-01-01,2025,Finance,Finance Manager,2,35,1,2,184,False,4,2,4,12000000,3,0,True,0,0.10979270338458152,10.98,0,0.16908819344089202,Trung bình,2,0,2755,37.85,Random Forest,RF_2025_V1
7168,2025-01-01,2025,Information Technology,Data Analyst,3,37,31,1,176,False,3,3,2,24124000,4,0,True,0,0.10386684378859856,10.39,0,0.16908819344089202,Trung bình,2,0,2901,34.55,Random Forest,RF_2025_V1
7170,2025-01-01,2025,Information Technology,IT Support,2,27,36,3,173,False,3,1,2,19778000,1,1,False,0,0.1570803072271447,15.71,0,0.16908819344089202,Trung bình,2,0,1667,62.4,Random Forest,RF_2025_V1
7172,2025-01-01,2025,Human Resources,Recruiter,1,34,35,3,199,False,3,4,2,17308000,11,11,False,0,0.1112838926118921,11.13,0,0.16908819344089202,Trung bình,2,0,2712,38.82,Random Forest,RF_2025_V1
7173,2025-01-01,2025,Information Technology,QA Engineer,3,40,28,3,179,False,3,1,4,25649000,12,3,False,0,0.11524869954872997,11.52,0,0.16908819344089202,Trung bình,2,0,2587,41.64,Random Forest,RF_2025_V1
7178,2025-01-01,2025,Marketing,Digital Marketing Specialist,2,31,18,5,163,False,2,3,2,15284000,5,3,False,0,0.09052734037651135,9.05,0,0.16908819344089202,Thấp,1,0,3248,26.72,Random Forest,RF_2025_V1
7179,2025-01-01,2025,Human Resources,HR Manager,1,39,38,5,170,False,5,1,4,11963000,14,14,False,0,0.14305845178582804,14.31,0,0.16908819344089202,Trung bình,2,0,1911,56.89,Random Forest,RF_2025_V1
7181,2025-01-01,2025,Marketing,Digital Marketing Specialist,1,51,39,1,202,True,3,3,3,14315000,11,11,False,0,0.15212757789591386,15.21,0,0.16908819344089202,Trung bình,2,0,1748,60.57,Random Forest,RF_2025_V1
7182,2025-01-01,2025,Information Technology,IT Support,1,44,7,2,186,False,4,3,3,12183000,1,1,False,0,0.06938025708987919,6.94,0,0.16908819344089202,Thấp,1,0,4015,9.41,Random Forest,RF_2025_V1
7183,2025-01-01,2025,Finance,Finance Manager,3,55,14,3,212,True,3,2,3,42154000,14,14,False,1,0.26854033070004724,26.85,1,0.16908819344089202,Cao,3,1,512,88.47,Random Forest,RF_2025_V1
7184,2025-01-01,2025,Information Technology,IT Support,2,27,3,3,196,False,3,2,4,13398000,1,1,False,0,0.11130284123973834,11.13,0,0.16908819344089202,Trung bình,2,0,2711,38.84,Random Forest,RF_2025_V1
7186,2025-01-01,2025,Marketing,Marketing Manager,5,49,9,2,205,True,3,4,3,95078000,10,1,False,0,0.12580279388978183,12.58,0,0.16908819344089202,Trung bình,2,0,2320,47.66,Random Forest,RF_2025_V1
7188,2025-01-01,2025,Sales,Account Manager,2,32,20,1,223,True,3,3,2,18547000,1,1,False,0,0.27304530967328655,27.3,1,0.16908819344089202,Cao,3,1,475,89.3,Random Forest,RF_2025_V1
7189,2025-01-01,2025,Operations,Operations Executive,2,50,29,5,197,False,3,4,3,14701000,1,1,False,0,0.08532927869793802,8.53,0,0.16908819344089202,Thấp,1,0,3409,23.09,Random Forest,RF_2025_V1
7190,2025-01-01,2025,Finance,Accountant,2,36,35,5,208,False,3,4,4,14709000,2,2,False,0,0.06110024960393693,6.11,0,0.16908819344089202,Thấp,1,0,4265,3.77,Random Forest,RF_2025_V1
7191,2025-01-01,2025,Operations,Warehouse Supervisor,4,42,31,3,202,True,4,4,2,57024000,1,1,False,0,0.1574407277803596,15.74,0,0.16908819344089202,Trung bình,2,0,1659,62.58,Random Forest,RF_2025_V1
7193,2025-01-01,2025,Finance,Accountant,4,35,2,1,183,False,4,3,2,38361000,3,2,False,0,0.06964133668415767,6.96,0,0.16908819344089202,Thấp,1,0,4009,9.55,Random Forest,RF_2025_V1
7194,2025-01-01,2025,Information Technology,Software Engineer,2,48,28,6,192,False,2,4,3,20111000,5,5,False,1,0.09375524928340011,9.38,0,0.16908819344089202,Thấp,1,0,3143,29.09,Random Forest,RF_2025_V1
7196,2025-01-01,2025,Finance,Finance Manager,2,47,4,4,174,False,4,1,2,17385000,1,1,False,1,0.1661603915949263,16.62,0,0.16908819344089202,Trung bình,2,0,1531,65.47,Random Forest,RF_2025_V1
7197,2025-01-01,2025,Operations,Procurement Specialist,3,49,21,4,198,False,3,4,4,29642000,2,2,False,0,0.0675825000924343,6.76,0,0.16908819344089202,Thấp,1,0,4069,8.19,Random Forest,RF_2025_V1
7199,2025-01-01,2025,Sales,Sales Representative,3,50,7,4,179,False,4,2,4,28546000,1,1,False,1,0.09937189218131168,9.94,0,0.16908819344089202,Thấp,1,0,3021,31.84,Random Forest,RF_2025_V1
7202,2025-01-01,2025,Marketing,Content Specialist,1,37,4,8,219,False,3,2,3,10414000,5,5,False,0,0.224508785335047,22.45,1,0.16908819344089202,Cao,3,1,873,80.32,Random Forest,RF_2025_V1
7210,2025-01-01,2025,Finance,Accountant,4,51,24,6,214,False,5,1,3,56491000,3,3,False,0,0.1533860776346583,15.34,0,0.16908819344089202,Trung bình,2,0,1728,61.02,Random Forest,RF_2025_V1
7211,2025-01-01,2025,Sales,Sales Executive,4,48,28,2,232,True,5,4,4,49009000,14,6,False,0,0.2486363290628393,24.86,1,0.16908819344089202,Cao,3,1,670,84.9,Random Forest,RF_2025_V1
7212,2025-01-01,2025,Marketing,Content Specialist,3,45,11,3,233,True,4,3,3,29331000,2,2,False,0,0.1946515649661028,19.47,1,0.16908819344089202,Cao,3,1,1184,73.3,Random Forest,RF_2025_V1
7218,2025-01-01,2025,Operations,Operations Manager,1,36,33,1,205,True,3,3,4,11969000,3,3,False,0,0.13079076631975212,13.08,0,0.16908819344089202,Trung bình,2,0,2221,49.9,Random Forest,RF_2025_V1
7220,2025-01-01,2025,Information Technology,Software Engineer,3,43,3,4,222,True,4,2,3,39336000,11,11,False,1,0.36226612486925397,36.23,1,0.16908819344089202,Cao,3,1,126,97.18,Random Forest,RF_2025_V1
7222,2025-01-01,2025,Information Technology,Software Engineer,2,42,7,4,237,True,3,4,3,21031000,15,15,False,0,0.28776691007236094,28.78,1,0.16908819344089202,Cao,3,1,382,91.4,Random Forest,RF_2025_V1
7223,2025-01-01,2025,Operations,Procurement Specialist,3,32,25,3,177,False,3,3,3,24895000,1,1,False,0,0.08029615466772463,8.03,0,0.16908819344089202,Thấp,1,0,3607,18.62,Random Forest,RF_2025_V1
7224,2025-01-01,2025,Marketing,Marketing Manager,1,44,3,5,223,True,4,3,3,8659000,1,1,False,0,0.21092061240217086,21.09,1,0.16908819344089202,Cao,3,1,1020,77.0,Random Forest,RF_2025_V1
7228,2025-01-01,2025,Marketing,Marketing Executive,1,36,38,3,214,True,2,3,2,9813000,1,1,False,0,0.17675809076061538,17.68,1,0.16908819344089202,Cao,3,1,1382,68.83,Random Forest,RF_2025_V1
7235,2025-01-01,2025,Information Technology,Data Analyst,1,42,19,1,204,True,3,3,3,9261000,1,1,False,0,0.13074353690163756,13.07,0,0.16908819344089202,Trung bình,2,0,2224,49.83,Random Forest,RF_2025_V1
7236,2025-01-01,2025,Sales,Sales Executive,2,52,5,2,184,True,4,4,3,12000000,1,0,True,0,0.1356687281295144,13.57,0,0.16908819344089202,Trung bình,2,0,2094,52.76,Random Forest,RF_2025_V1
7239,2025-01-01,2025,Operations,Warehouse Supervisor,2,27,21,1,205,False,3,4,2,19769000,2,2,False,0,0.08577456071289703,8.58,0,0.16908819344089202,Thấp,1,0,3389,23.54,Random Forest,RF_2025_V1
7242,2025-01-01,2025,Human Resources,HR Executive,3,54,8,1,168,False,3,3,4,39989000,4,4,False,0,0.07418406018875111,7.42,0,0.16908819344089202,Thấp,1,0,3853,13.07,Random Forest,RF_2025_V1
7244,2025-01-01,2025,Marketing,Marketing Executive,1,43,23,2,182,False,4,2,2,8503000,1,1,False,0,0.13710805815164642,13.71,0,0.16908819344089202,Trung bình,2,0,2059,53.55,Random Forest,RF_2025_V1
7247,2025-01-01,2025,Human Resources,HR Manager,3,33,28,1,205,True,4,2,4,26926000,6,4,False,0,0.2630624654231375,26.31,1,0.16908819344089202,Cao,3,1,556,87.47,Random Forest,RF_2025_V1
7248,2025-01-01,2025,Marketing,Marketing Manager,1,39,30,7,173,False,4,3,3,7859000,2,2,False,0,0.07107408163006305,7.11,0,0.16908819344089202,Thấp,1,0,3962,10.61,Random Forest,RF_2025_V1
7252,2025-01-01,2025,Information Technology,System Administrator,1,44,27,5,213,False,3,3,4,11500000,1,1,False,0,0.08128926586565853,8.13,0,0.16908819344089202,Thấp,1,0,3559,19.7,Random Forest,RF_2025_V1
7258,2025-01-01,2025,Human Resources,HR Executive,4,29,24,3,223,False,3,2,4,47071000,2,1,False,0,0.18758546040779484,18.76,1,0.16908819344089202,Cao,3,1,1252,71.77,Random Forest,RF_2025_V1
7259,2025-01-01,2025,Human Resources,Recruiter,2,45,23,4,164,False,2,4,1,16631000,14,1,False,0,0.10798378444091272,10.8,0,0.16908819344089202,Trung bình,2,0,2812,36.56,Random Forest,RF_2025_V1
7263,2025-01-01,2025,Sales,Sales Executive,3,35,15,5,172,False,4,2,2,31185000,5,5,False,0,0.18159361351784725,18.16,1,0.16908819344089202,Cao,3,1,1313,70.39,Random Forest,RF_2025_V1
7264,2025-01-01,2025,Marketing,Digital Marketing Specialist,4,45,25,1,171,False,3,3,2,64449000,3,3,False,0,0.07812503444962253,7.81,0,0.16908819344089202,Thấp,1,0,3702,16.47,Random Forest,RF_2025_V1
7265,2025-01-01,2025,Human Resources,Recruiter,3,37,14,3,197,False,5,4,1,28419000,5,0,True,0,0.09386485467172151,9.39,0,0.16908819344089202,Thấp,1,0,3142,29.11,Random Forest,RF_2025_V1
7268,2025-01-01,2025,Marketing,Marketing Manager,3,29,15,2,202,False,4,1,4,45216000,6,6,False,0,0.13324163582454135,13.32,0,0.16908819344089202,Trung bình,2,0,2154,51.41,Random Forest,RF_2025_V1
7271,2025-01-01,2025,Information Technology,System Administrator,2,53,23,6,213,False,2,3,1,15170000,7,2,False,0,0.12051114901311874,12.05,0,0.16908819344089202,Trung bình,2,0,2456,44.59,Random Forest,RF_2025_V1
7274,2025-01-01,2025,Human Resources,Recruiter,2,55,19,8,225,True,3,4,4,17051000,6,5,False,1,0.2910353183892664,29.1,1,0.16908819344089202,Cao,3,1,370,91.67,Random Forest,RF_2025_V1
7277,2025-01-01,2025,Sales,Account Manager,5,51,16,3,170,False,4,1,4,59977000,5,1,False,1,0.1297904759565033,12.98,0,0.16908819344089202,Trung bình,2,0,2248,49.29,Random Forest,RF_2025_V1
7278,2025-01-01,2025,Information Technology,Software Engineer,4,32,40,2,185,False,2,4,1,59524000,2,2,False,0,0.08247298407200855,8.25,0,0.16908819344089202,Thấp,1,0,3512,20.76,Random Forest,RF_2025_V1
7279,2025-01-01,2025,Human Resources,HR Manager,3,54,10,5,188,False,4,2,3,21348000,15,1,False,0,0.12855278314394114,12.86,0,0.16908819344089202,Trung bình,2,0,2273,48.72,Random Forest,RF_2025_V1
7283,2025-01-01,2025,Human Resources,HR Manager,5,54,21,4,181,False,3,4,4,95667000,13,3,False,0,0.0794436235202177,7.94,0,0.16908819344089202,Thấp,1,0,3646,17.74,Random Forest,RF_2025_V1
7286,2025-01-01,2025,Information Technology,Software Engineer,4,44,25,5,206,False,2,4,2,58728000,10,2,False,0,0.09440745901544267,9.44,0,0.16908819344089202,Thấp,1,0,3123,29.54,Random Forest,RF_2025_V1
7288,2025-01-01,2025,Marketing,Content Specialist,2,38,6,5,233,True,3,1,4,14280000,14,3,False,0,0.2653244049988429,26.53,1,0.16908819344089202,Cao,3,1,531,88.04,Random Forest,RF_2025_V1
7292,2025-01-01,2025,Operations,Procurement Specialist,2,44,34,7,197,False,3,4,3,21712000,2,2,False,1,0.0856296619272536,8.56,0,0.16908819344089202,Thấp,1,0,3397,23.36,Random Forest,RF_2025_V1
7293,2025-01-01,2025,Marketing,Content Specialist,4,34,18,3,173,False,2,1,3,44864000,11,3,False,1,0.10972763825216802,10.97,0,0.16908819344089202,Trung bình,2,0,2758,37.78,Random Forest,RF_2025_V1
7294,2025-01-01,2025,Finance,Accountant,1,37,6,5,178,False,4,3,3,8748000,3,3,False,0,0.06583988453447337,6.58,0,0.16908819344089202,Thấp,1,0,4121,7.02,Random Forest,RF_2025_V1
7295,2025-01-01,2025,Information Technology,QA Engineer,2,25,20,3,230,True,3,2,3,21436000,4,4,False,1,0.3418523796491556,34.19,1,0.16908819344089202,Cao,3,1,181,95.94,Random Forest,RF_2025_V1
7300,2025-01-01,2025,Sales,Sales Representative,2,52,1,1,204,True,4,4,3,18901000,13,3,False,0,0.1374353825988417,13.74,0,0.16908819344089202,Trung bình,2,0,2046,53.85,Random Forest,RF_2025_V1
7302,2025-01-01,2025,Information Technology,System Administrator,2,47,18,5,182,False,3,3,3,12000000,3,0,True,0,0.06987053411592939,6.99,0,0.16908819344089202,Thấp,1,0,3998,9.79,Random Forest,RF_2025_V1
7304,2025-01-01,2025,Human Resources,C&B Specialist,3,48,12,7,204,False,3,1,3,25332000,8,0,True,0,0.1590866509350506,15.91,0,0.16908819344089202,Trung bình,2,0,1636,63.1,Random Forest,RF_2025_V1
7305,2025-01-01,2025,Finance,Internal Auditor,1,49,16,4,195,False,3,4,2,12774000,1,1,False,1,0.09103045828389292,9.1,0,0.16908819344089202,Thấp,1,0,3232,27.08,Random Forest,RF_2025_V1
7306,2025-01-01,2025,Human Resources,HR Executive,1,50,2,1,120,False,3,3,4,12060000,6,6,False,0,0.07217589494209517,7.22,0,0.16908819344089202,Thấp,1,0,3923,11.49,Random Forest,RF_2025_V1
7312,2025-01-01,2025,Finance,Financial Analyst,2,26,40,1,195,False,2,3,2,20112000,4,4,False,0,0.12476238717248454,12.48,0,0.16908819344089202,Trung bình,2,0,2344,47.12,Random Forest,RF_2025_V1
7313,2025-01-01,2025,Marketing,Marketing Executive,3,44,26,4,215,False,4,4,2,44239000,12,12,False,0,0.13256191746452178,13.26,0,0.16908819344089202,Trung bình,2,0,2175,50.94,Random Forest,RF_2025_V1
7314,2025-01-01,2025,Marketing,Content Specialist,2,43,16,1,201,True,4,3,4,17382000,9,3,False,0,0.11561952642629296,11.56,0,0.16908819344089202,Trung bình,2,0,2577,41.86,Random Forest,RF_2025_V1
7315,2025-01-01,2025,Operations,Warehouse Supervisor,4,25,24,3,171,False,4,3,3,58403000,5,5,False,0,0.08404823528448925,8.4,0,0.16908819344089202,Thấp,1,0,3459,21.96,Random Forest,RF_2025_V1
7317,2025-01-01,2025,Information Technology,Data Analyst,3,49,7,1,162,False,3,4,1,39728000,3,3,False,0,0.08528012918413454,8.53,0,0.16908819344089202,Thấp,1,0,3412,23.02,Random Forest,RF_2025_V1
7320,2025-01-01,2025,Operations,Operations Manager,2,35,11,5,257,True,3,4,4,18017000,11,6,False,0,0.27834619755577317,27.83,1,0.16908819344089202,Cao,3,1,442,90.05,Random Forest,RF_2025_V1
7322,2025-01-01,2025,Sales,Sales Supervisor,3,54,37,3,193,False,4,4,3,38574000,8,4,False,0,0.08005162749665445,8.01,0,0.16908819344089202,Thấp,1,0,3616,18.42,Random Forest,RF_2025_V1
7323,2025-01-01,2025,Marketing,Digital Marketing Specialist,1,51,18,7,260,True,4,3,3,13153000,6,6,False,0,0.3145704734599825,31.46,1,0.16908819344089202,Cao,3,1,275,93.82,Random Forest,RF_2025_V1
7325,2025-01-01,2025,Marketing,Marketing Manager,2,51,8,4,223,True,3,1,4,14743000,2,2,False,0,0.25794089695087397,25.79,1,0.16908819344089202,Cao,3,1,593,86.64,Random Forest,RF_2025_V1
7327,2025-01-01,2025,Marketing,Marketing Executive,1,48,39,2,194,True,3,4,4,8087000,1,1,False,0,0.12094012689269087,12.09,0,0.16908819344089202,Trung bình,2,0,2442,44.91,Random Forest,RF_2025_V1
7329,2025-01-01,2025,Sales,Sales Supervisor,3,32,17,4,178,False,3,4,4,22903000,1,1,False,0,0.07069516155523033,7.07,0,0.16908819344089202,Thấp,1,0,3976,10.29,Random Forest,RF_2025_V1
7332,2025-01-01,2025,Human Resources,HR Executive,1,46,33,4,193,False,4,4,2,14358000,14,14,False,0,0.13332549440851119,13.33,0,0.16908819344089202,Trung bình,2,0,2153,51.43,Random Forest,RF_2025_V1
7336,2025-01-01,2025,Operations,Operations Manager,2,50,38,2,188,False,3,4,4,17559000,1,1,False,0,0.084889022205676,8.49,0,0.16908819344089202,Thấp,1,0,3432,22.57,Random Forest,RF_2025_V1
7339,2025-01-01,2025,Sales,Sales Supervisor,4,30,1,1,191,True,4,2,4,45002000,7,3,False,0,0.22403767782262313,22.4,1,0.16908819344089202,Cao,3,1,876,80.25,Random Forest,RF_2025_V1
7343,2025-01-01,2025,Marketing,Marketing Manager,1,29,1,2,210,True,4,3,4,12263000,4,4,False,0,0.15068848968337115,15.07,0,0.16908819344089202,Trung bình,2,0,1776,59.94,Random Forest,RF_2025_V1
7344,2025-01-01,2025,Sales,Sales Representative,1,28,28,1,171,True,2,3,3,12865000,5,5,False,0,0.15152326358337734,15.15,0,0.16908819344089202,Trung bình,2,0,1760,60.3,Random Forest,RF_2025_V1
7350,2025-01-01,2025,Human Resources,Recruiter,4,30,20,3,243,True,3,3,2,46358000,3,3,False,0,0.23888586893529842,23.89,1,0.16908819344089202,Cao,3,1,740,83.32,Random Forest,RF_2025_V1
7354,2025-01-01,2025,Sales,Account Manager,2,39,8,1,216,True,3,4,2,19139000,3,3,False,0,0.1569422498007871,15.69,0,0.16908819344089202,Trung bình,2,0,1669,62.36,Random Forest,RF_2025_V1
7355,2025-01-01,2025,Human Resources,HR Manager,2,43,17,3,212,False,3,4,4,15471000,1,1,False,0,0.07485568059367931,7.49,0,0.16908819344089202,Thấp,1,0,3824,13.72,Random Forest,RF_2025_V1
7357,2025-01-01,2025,Finance,Internal Auditor,2,53,29,2,163,False,4,3,3,16140000,5,0,True,0,0.06937019995013964,6.94,0,0.16908819344089202,Thấp,1,0,4016,9.39,Random Forest,RF_2025_V1
7358,2025-01-01,2025,Finance,Financial Analyst,3,43,35,4,173,False,2,3,3,27693000,4,2,False,0,0.06673109038579605,6.67,0,0.16908819344089202,Thấp,1,0,4096,7.58,Random Forest,RF_2025_V1
7359,2025-01-01,2025,Finance,Internal Auditor,3,25,16,6,236,True,4,3,2,31417000,1,1,False,0,0.3071132874871501,30.71,1,0.16908819344089202,Cao,3,1,303,93.18,Random Forest,RF_2025_V1
7360,2025-01-01,2025,Marketing,Marketing Manager,4,50,20,1,183,False,3,4,3,54666000,3,3,False,0,0.05111107511219413,5.11,0,0.16908819344089202,Thấp,1,0,4422,0.23,Random Forest,RF_2025_V1
7365,2025-01-01,2025,Finance,Internal Auditor,3,45,31,4,166,False,3,4,2,21789000,6,1,False,0,0.09556962077681987,9.56,0,0.16908819344089202,Thấp,1,0,3097,30.13,Random Forest,RF_2025_V1
7368,2025-01-01,2025,Finance,Internal Auditor,1,28,29,2,209,False,3,4,4,8255000,1,1,False,0,0.08493362145773807,8.49,0,0.16908819344089202,Thấp,1,0,3427,22.68,Random Forest,RF_2025_V1
7370,2025-01-01,2025,Finance,Accountant,1,28,33,4,227,True,4,1,4,15838000,5,5,False,1,0.3558078551915408,35.58,1,0.16908819344089202,Cao,3,1,142,96.82,Random Forest,RF_2025_V1
7371,2025-01-01,2025,Operations,Operations Executive,3,38,1,2,188,False,5,2,3,30934000,15,1,False,0,0.13531298810440678,13.53,0,0.16908819344089202,Trung bình,2,0,2104,52.54,Random Forest,RF_2025_V1
7373,2025-01-01,2025,Sales,Sales Supervisor,3,28,34,2,165,False,3,4,4,31185000,7,1,False,0,0.06305079632983993,6.31,0,0.16908819344089202,Thấp,1,0,4214,4.92,Random Forest,RF_2025_V1
7374,2025-01-01,2025,Information Technology,IT Support,1,31,9,5,211,False,4,4,1,15524000,7,7,False,1,0.12522103316946903,12.52,0,0.16908819344089202,Trung bình,2,0,2332,47.39,Random Forest,RF_2025_V1
7380,2025-01-01,2025,Operations,Procurement Specialist,2,40,19,2,167,False,3,3,2,22589000,13,1,False,0,0.10350036576752074,10.35,0,0.16908819344089202,Trung bình,2,0,2910,34.35,Random Forest,RF_2025_V1
7382,2025-01-01,2025,Human Resources,C&B Specialist,2,34,34,3,186,False,2,3,4,16753000,14,4,False,0,0.09053481095447515,9.05,0,0.16908819344089202,Thấp,1,0,3247,26.74,Random Forest,RF_2025_V1
7384,2025-01-01,2025,Operations,Warehouse Supervisor,1,39,10,4,167,False,4,2,3,15153000,13,13,False,1,0.15041455345324287,15.04,0,0.16908819344089202,Trung bình,2,0,1782,59.81,Random Forest,RF_2025_V1
7385,2025-01-01,2025,Information Technology,QA Engineer,2,42,9,4,178,False,4,2,4,22840000,13,3,False,0,0.12201801845675031,12.2,0,0.16908819344089202,Trung bình,2,0,2407,45.7,Random Forest,RF_2025_V1
7389,2025-01-01,2025,Sales,Sales Supervisor,1,53,26,2,179,True,4,2,3,15560000,14,14,False,0,0.25467528737857714,25.47,1,0.16908819344089202,Cao,3,1,615,86.14,Random Forest,RF_2025_V1
7397,2025-01-01,2025,Sales,Sales Representative,3,47,1,4,193,False,4,4,4,26987000,5,4,False,1,0.07641402818545737,7.64,0,0.16908819344089202,Thấp,1,0,3770,14.94,Random Forest,RF_2025_V1
7400,2025-01-01,2025,Information Technology,QA Engineer,2,32,40,2,173,False,3,4,4,18121000,12,6,False,0,0.0740957100202101,7.41,0,0.16908819344089202,Thấp,1,0,3858,12.95,Random Forest,RF_2025_V1
7402,2025-01-01,2025,Operations,Procurement Specialist,3,55,6,4,237,True,4,4,2,29419000,13,2,False,0,0.2868531826476734,28.69,1,0.16908819344089202,Cao,3,1,384,91.36,Random Forest,RF_2025_V1
7405,2025-01-01,2025,Human Resources,Recruiter,3,41,35,6,200,False,4,2,3,24492000,4,0,True,0,0.15646126664544252,15.65,0,0.16908819344089202,Trung bình,2,0,1679,62.13,Random Forest,RF_2025_V1
7409,2025-01-01,2025,Human Resources,HR Executive,2,47,20,3,230,True,3,4,4,18274000,5,5,False,0,0.22676273886937678,22.68,1,0.16908819344089202,Cao,3,1,852,80.79,Random Forest,RF_2025_V1
7414,2025-01-01,2025,Finance,Internal Auditor,1,36,5,1,217,True,3,2,4,15300000,6,6,False,0,0.278730510513305,27.87,1,0.16908819344089202,Cao,3,1,438,90.14,Random Forest,RF_2025_V1
7420,2025-01-01,2025,Operations,Procurement Specialist,1,49,23,3,180,False,2,2,4,7427000,1,1,False,0,0.14764843012663223,14.76,0,0.16908819344089202,Trung bình,2,0,1836,58.59,Random Forest,RF_2025_V1
7421,2025-01-01,2025,Finance,Financial Analyst,1,51,19,7,205,False,4,2,2,12341000,2,2,False,0,0.19458440115406744,19.46,1,0.16908819344089202,Cao,3,1,1185,73.28,Random Forest,RF_2025_V1
7423,2025-01-01,2025,Sales,Sales Executive,2,36,8,4,180,False,3,4,1,14853000,8,3,False,0,0.08960980220809872,8.96,0,0.16908819344089202,Thấp,1,0,3275,26.11,Random Forest,RF_2025_V1
7425,2025-01-01,2025,Finance,Finance Manager,1,41,13,2,222,False,3,4,4,13366000,15,15,False,0,0.18681603678387493,18.68,1,0.16908819344089202,Cao,3,1,1256,71.68,Random Forest,RF_2025_V1
7426,2025-01-01,2025,Finance,Accountant,2,54,37,1,177,False,4,4,4,19991000,5,5,False,0,0.07649655350025655,7.65,0,0.16908819344089202,Thấp,1,0,3767,15.01,Random Forest,RF_2025_V1
7427,2025-01-01,2025,Finance,Internal Auditor,1,32,11,1,151,False,4,4,1,19058000,12,12,False,0,0.10951275207078509,10.95,0,0.16908819344089202,Trung bình,2,0,2763,37.67,Random Forest,RF_2025_V1
7428,2025-01-01,2025,Human Resources,HR Manager,3,55,29,1,156,False,4,4,2,43295000,4,4,False,0,0.0987439002752714,9.87,0,0.16908819344089202,Thấp,1,0,3035,31.53,Random Forest,RF_2025_V1
7430,2025-01-01,2025,Information Technology,System Administrator,3,48,2,4,242,True,4,4,1,43508000,9,9,False,0,0.3438668131963281,34.39,1,0.16908819344089202,Cao,3,1,175,96.07,Random Forest,RF_2025_V1
7431,2025-01-01,2025,Human Resources,C&B Specialist,2,26,31,3,210,False,3,3,3,23092000,3,3,False,0,0.06724918697824613,6.72,0,0.16908819344089202,Thấp,1,0,4082,7.9,Random Forest,RF_2025_V1
7434,2025-01-01,2025,Human Resources,HR Executive,1,31,15,4,235,True,4,3,4,11156000,2,2,False,1,0.1789898743846648,17.9,1,0.16908819344089202,Cao,3,1,1347,69.62,Random Forest,RF_2025_V1
7437,2025-01-01,2025,Human Resources,HR Executive,3,55,10,4,212,False,4,1,2,25709000,2,1,False,1,0.1594985334076926,15.95,0,0.16908819344089202,Trung bình,2,0,1626,63.33,Random Forest,RF_2025_V1
7446,2025-01-01,2025,Finance,Finance Manager,2,41,16,3,213,True,3,4,3,19178000,6,2,False,0,0.13007743457106075,13.01,0,0.16908819344089202,Trung bình,2,0,2241,49.45,Random Forest,RF_2025_V1
7448,2025-01-01,2025,Sales,Sales Executive,1,42,18,3,183,False,3,2,3,15777000,8,8,False,0,0.1309592242556787,13.1,0,0.16908819344089202,Trung bình,2,0,2219,49.94,Random Forest,RF_2025_V1
7449,2025-01-01,2025,Human Resources,Recruiter,2,35,12,2,204,True,1,4,3,21081000,4,4,False,1,0.164478512363418,16.45,0,0.16908819344089202,Trung bình,2,0,1554,64.95,Random Forest,RF_2025_V1
7451,2025-01-01,2025,Sales,Sales Supervisor,2,35,17,8,222,True,4,4,3,18550000,14,4,False,1,0.30054882319923026,30.05,1,0.16908819344089202,Cao,3,1,330,92.58,Random Forest,RF_2025_V1
7452,2025-01-01,2025,Sales,Sales Representative,2,30,24,3,202,False,4,3,4,15771000,2,2,False,0,0.05937319602089193,5.94,0,0.16908819344089202,Thấp,1,0,4315,2.64,Random Forest,RF_2025_V1
7454,2025-01-01,2025,Finance,Financial Analyst,2,34,18,5,208,True,4,3,2,14499000,1,1,False,0,0.1793161405231759,17.93,1,0.16908819344089202,Cao,3,1,1344,69.69,Random Forest,RF_2025_V1
7456,2025-01-01,2025,Sales,Sales Representative,4,27,4,4,205,False,1,4,2,38528000,2,1,False,0,0.08673155160921349,8.67,0,0.16908819344089202,Thấp,1,0,3363,24.13,Random Forest,RF_2025_V1
7458,2025-01-01,2025,Finance,Accountant,2,44,34,4,166,False,4,4,2,19449000,1,1,False,0,0.09051324688760101,9.05,0,0.16908819344089202,Thấp,1,0,3249,26.7,Random Forest,RF_2025_V1
7459,2025-01-01,2025,Finance,Finance Manager,2,25,20,2,201,False,3,4,3,16544000,4,4,False,0,0.0799423916390109,7.99,0,0.16908819344089202,Thấp,1,0,3621,18.3,Random Forest,RF_2025_V1
7463,2025-01-01,2025,Finance,Finance Manager,1,52,31,5,223,True,2,3,4,12805000,2,2,False,0,0.18805373352796775,18.81,1,0.16908819344089202,Cao,3,1,1247,71.88,Random Forest,RF_2025_V1
7464,2025-01-01,2025,Marketing,Digital Marketing Specialist,3,52,27,3,168,False,5,1,1,21401000,9,0,True,0,0.15970648415742064,15.97,0,0.16908819344089202,Trung bình,2,0,1625,63.35,Random Forest,RF_2025_V1
7467,2025-01-01,2025,Operations,Procurement Specialist,2,27,30,5,189,False,3,3,4,18143000,7,1,False,0,0.06961450128610751,6.96,0,0.16908819344089202,Thấp,1,0,4010,9.52,Random Forest,RF_2025_V1
7468,2025-01-01,2025,Marketing,Marketing Manager,3,28,36,3,163,False,4,2,4,32201000,3,3,False,0,0.08674731700574792,8.67,0,0.16908819344089202,Thấp,1,0,3359,24.22,Random Forest,RF_2025_V1
7469,2025-01-01,2025,Operations,Procurement Specialist,2,28,21,2,212,False,3,2,1,15879000,3,3,False,0,0.14431720347407503,14.43,0,0.16908819344089202,Trung bình,2,0,1888,57.41,Random Forest,RF_2025_V1
7470,2025-01-01,2025,Operations,Warehouse Supervisor,1,41,30,1,190,False,3,2,3,14840000,14,14,False,0,0.1647651710927415,16.48,0,0.16908819344089202,Trung bình,2,0,1547,65.11,Random Forest,RF_2025_V1
7471,2025-01-01,2025,Operations,Procurement Specialist,2,55,32,3,187,False,2,1,2,13545000,2,1,False,0,0.14841400011838837,14.84,0,0.16908819344089202,Trung bình,2,0,1818,58.99,Random Forest,RF_2025_V1
7473,2025-01-01,2025,Human Resources,Recruiter,2,31,7,2,224,True,4,1,1,16708000,8,2,False,1,0.36115823613970466,36.12,1,0.16908819344089202,Cao,3,1,131,97.07,Random Forest,RF_2025_V1
7475,2025-01-01,2025,Sales,Sales Executive,1,53,2,3,176,False,4,1,3,13036000,2,2,False,0,0.0952301796494775,9.52,0,0.16908819344089202,Thấp,1,0,3109,29.86,Random Forest,RF_2025_V1
7477,2025-01-01,2025,Sales,Sales Representative,2,35,29,3,226,True,4,1,4,23027000,3,3,False,0,0.25758411458742864,25.76,1,0.16908819344089202,Cao,3,1,594,86.62,Random Forest,RF_2025_V1
7479,2025-01-01,2025,Information Technology,IT Support,2,40,32,3,175,False,4,2,3,14380000,1,1,False,0,0.1154762093171758,11.55,0,0.16908819344089202,Trung bình,2,0,2582,41.75,Random Forest,RF_2025_V1
7481,2025-01-01,2025,Human Resources,HR Manager,2,47,27,6,238,True,4,4,3,20569000,3,3,False,0,0.27800948220527116,27.8,1,0.16908819344089202,Cao,3,1,445,89.98,Random Forest,RF_2025_V1
7485,2025-01-01,2025,Human Resources,C&B Specialist,3,53,32,3,208,True,2,3,3,41816000,11,11,False,0,0.1929662431337249,19.3,1,0.16908819344089202,Cao,3,1,1197,73.01,Random Forest,RF_2025_V1
7487,2025-01-01,2025,Information Technology,QA Engineer,4,33,5,3,163,True,3,4,2,55929000,10,6,False,0,0.18641960158759638,18.64,1,0.16908819344089202,Cao,3,1,1263,71.52,Random Forest,RF_2025_V1
7488,2025-01-01,2025,Marketing,Marketing Manager,1,49,10,1,210,False,4,2,3,8474000,2,2,False,0,0.11111325300911713,11.11,0,0.16908819344089202,Trung bình,2,0,2719,38.66,Random Forest,RF_2025_V1
7491,2025-01-01,2025,Sales,Sales Supervisor,4,47,2,5,208,False,4,4,3,68495000,14,14,False,1,0.10235442581288756,10.24,0,0.16908819344089202,Trung bình,2,0,2938,33.72,Random Forest,RF_2025_V1
7493,2025-01-01,2025,Marketing,Digital Marketing Specialist,3,33,23,1,187,True,1,2,3,23133000,5,2,False,0,0.20949907135327314,20.95,1,0.16908819344089202,Cao,3,1,1039,76.57,Random Forest,RF_2025_V1
7494,2025-01-01,2025,Human Resources,C&B Specialist,2,43,2,2,195,False,4,2,1,20909000,2,2,False,0,0.13632732377610682,13.63,0,0.16908819344089202,Trung bình,2,0,2077,53.15,Random Forest,RF_2025_V1
7497,2025-01-01,2025,Finance,Accountant,2,47,10,3,138,False,4,3,2,22667000,3,3,False,0,0.08569604366617216,8.57,0,0.16908819344089202,Thấp,1,0,3393,23.45,Random Forest,RF_2025_V1
7498,2025-01-01,2025,Marketing,Digital Marketing Specialist,2,34,14,4,211,True,3,1,3,22112000,9,6,False,0,0.23326823253464396,23.33,1,0.16908819344089202,Cao,3,1,800,81.97,Random Forest,RF_2025_V1
7499,2025-01-01,2025,Operations,Operations Executive,1,34,30,3,181,False,4,3,4,12815000,5,5,False,0,0.09242307281885852,9.24,0,0.16908819344089202,Thấp,1,0,3180,28.26,Random Forest,RF_2025_V1
7500,2025-01-01,2025,Sales,Account Manager,2,39,15,4,181,False,3,2,4,17197000,13,5,False,0,0.13952896623254957,13.95,0,0.16908819344089202,Trung bình,2,0,1991,55.09,Random Forest,RF_2025_V1
7502,2025-01-01,2025,Marketing,Marketing Executive,4,49,33,1,199,True,4,2,3,90449000,8,8,False,0,0.24274994254889412,24.27,1,0.16908819344089202,Cao,3,1,712,83.95,Random Forest,RF_2025_V1
7504,2025-01-01,2025,Sales,Sales Representative,1,35,30,5,189,False,4,4,3,16844000,5,5,False,0,0.0782373871256575,7.82,0,0.16908819344089202,Thấp,1,0,3698,16.57,Random Forest,RF_2025_V1
7505,2025-01-01,2025,Sales,Sales Executive,4,29,25,1,224,True,4,4,3,46574000,3,1,False,0,0.19923486434441895,19.92,1,0.16908819344089202,Cao,3,1,1144,74.2,Random Forest,RF_2025_V1
7508,2025-01-01,2025,Sales,Sales Representative,4,28,13,2,169,False,4,4,4,49650000,5,0,True,0,0.05922577327437058,5.92,0,0.16908819344089202,Thấp,1,0,4318,2.57,Random Forest,RF_2025_V1
7509,2025-01-01,2025,Human Resources,Recruiter,2,49,12,2,158,False,3,4,2,24153000,14,14,False,0,0.12727674759651544,12.73,0,0.16908819344089202,Trung bình,2,0,2295,48.23,Random Forest,RF_2025_V1
7514,2025-01-01,2025,Finance,Accountant,1,43,22,4,194,False,5,4,4,13816000,2,2,False,0,0.05784487479009877,5.78,0,0.16908819344089202,Thấp,1,0,4343,2.01,Random Forest,RF_2025_V1
7517,2025-01-01,2025,Human Resources,HR Executive,2,34,19,1,194,False,3,3,4,22974000,9,0,True,0,0.06883250119149548,6.88,0,0.16908819344089202,Thấp,1,0,4033,9.0,Random Forest,RF_2025_V1
7519,2025-01-01,2025,Operations,Procurement Specialist,2,50,23,4,194,True,4,3,4,16235000,2,2,False,0,0.14151880387365634,14.15,0,0.16908819344089202,Trung bình,2,0,1944,56.15,Random Forest,RF_2025_V1
7521,2025-01-01,2025,Human Resources,Recruiter,1,41,2,4,178,False,3,3,2,15452000,11,11,False,0,0.12192908344407381,12.19,0,0.16908819344089202,Trung bình,2,0,2413,45.57,Random Forest,RF_2025_V1
7525,2025-01-01,2025,Human Resources,HR Executive,2,25,38,6,191,False,5,1,1,19880000,1,1,False,0,0.19443577116944727,19.44,1,0.16908819344089202,Cao,3,1,1187,73.23,Random Forest,RF_2025_V1
7526,2025-01-01,2025,Finance,Finance Manager,2,34,34,3,218,True,3,2,4,21315000,9,3,False,1,0.22809108791095592,22.81,1,0.16908819344089202,Cao,3,1,843,81.0,Random Forest,RF_2025_V1
7528,2025-01-01,2025,Information Technology,Software Engineer,1,50,9,6,192,False,5,4,3,13852000,3,3,False,0,0.0818895258236551,8.19,0,0.16908819344089202,Thấp,1,0,3533,20.29,Random Forest,RF_2025_V1
7532,2025-01-01,2025,Information Technology,System Administrator,2,38,20,2,222,True,4,1,3,17091000,15,1,False,0,0.31592102258706833,31.59,1,0.16908819344089202,Cao,3,1,269,93.95,Random Forest,RF_2025_V1
7533,2025-01-01,2025,Finance,Internal Auditor,1,45,34,2,195,False,2,4,2,12489000,8,8,False,0,0.1190584340717347,11.91,0,0.16908819344089202,Trung bình,2,0,2498,43.65,Random Forest,RF_2025_V1
7535,2025-01-01,2025,Marketing,Marketing Executive,1,50,24,2,203,True,4,1,1,8561000,1,1,False,1,0.22727199220974167,22.73,1,0.16908819344089202,Cao,3,1,850,80.84,Random Forest,RF_2025_V1
7539,2025-01-01,2025,Operations,Warehouse Supervisor,2,28,18,2,203,True,4,2,4,19694000,6,6,False,1,0.2699997492006303,27.0,1,0.16908819344089202,Cao,3,1,497,88.81,Random Forest,RF_2025_V1
7540,2025-01-01,2025,Finance,Accountant,1,30,16,3,231,False,3,3,4,17250000,9,9,False,0,0.15431905710831553,15.43,0,0.16908819344089202,Trung bình,2,0,1709,61.45,Random Forest,RF_2025_V1
7541,2025-01-01,2025,Marketing,Marketing Executive,4,28,14,4,195,False,5,2,3,35000000,1,0,True,1,0.12146842670973398,12.15,0,0.16908819344089202,Trung bình,2,0,2429,45.2,Random Forest,RF_2025_V1
7543,2025-01-01,2025,Information Technology,QA Engineer,4,40,12,3,133,False,3,2,4,57272000,5,5,False,0,0.15076018625697907,15.08,0,0.16908819344089202,Trung bình,2,0,1775,59.96,Random Forest,RF_2025_V1
7548,2025-01-01,2025,Marketing,Marketing Executive,4,49,2,5,215,True,4,3,4,35000000,9,0,True,0,0.13285547816874885,13.29,0,0.16908819344089202,Trung bình,2,0,2166,51.14,Random Forest,RF_2025_V1
7549,2025-01-01,2025,Finance,Internal Auditor,2,51,4,1,155,False,5,2,3,25263000,7,7,False,0,0.14987675805546427,14.99,0,0.16908819344089202,Trung bình,2,0,1799,59.42,Random Forest,RF_2025_V1
7553,2025-01-01,2025,Marketing,Digital Marketing Specialist,1,41,6,1,174,False,2,4,1,12483000,2,2,False,0,0.07417730110765185,7.42,0,0.16908819344089202,Thấp,1,0,3854,13.04,Random Forest,RF_2025_V1
7555,2025-01-01,2025,Human Resources,HR Executive,1,35,23,2,178,False,3,1,1,8930000,2,2,False,0,0.12985719381723404,12.99,0,0.16908819344089202,Trung bình,2,0,2245,49.36,Random Forest,RF_2025_V1
7557,2025-01-01,2025,Finance,Finance Manager,3,44,2,6,214,False,3,3,1,39231000,2,2,False,0,0.10492168322860444,10.49,0,0.16908819344089202,Trung bình,2,0,2882,34.98,Random Forest,RF_2025_V1
7559,2025-01-01,2025,Information Technology,Software Engineer,5,27,23,3,201,False,2,1,3,56392000,2,0,True,0,0.12864003192931986,12.86,0,0.16908819344089202,Trung bình,2,0,2272,48.75,Random Forest,RF_2025_V1
7560,2025-01-01,2025,Operations,Operations Manager,3,48,40,6,210,False,3,3,1,28919000,9,3,False,0,0.0978217710992564,9.78,0,0.16908819344089202,Thấp,1,0,3055,31.08,Random Forest,RF_2025_V1
7562,2025-01-01,2025,Information Technology,System Administrator,3,46,40,3,240,True,3,2,3,27448000,8,5,False,0,0.3623324620470972,36.23,1,0.16908819344089202,Cao,3,1,125,97.2,Random Forest,RF_2025_V1
7567,2025-01-01,2025,Operations,Warehouse Supervisor,3,46,11,4,192,False,3,3,4,24445000,5,1,False,0,0.0788084798532356,7.88,0,0.16908819344089202,Thấp,1,0,3674,17.11,Random Forest,RF_2025_V1
7569,2025-01-01,2025,Human Resources,C&B Specialist,3,47,3,2,238,True,3,4,4,23484000,13,0,True,1,0.21280618997875703,21.28,1,0.16908819344089202,Cao,3,1,1003,77.39,Random Forest,RF_2025_V1
7570,2025-01-01,2025,Sales,Sales Representative,2,41,20,8,208,False,4,4,3,24297000,9,9,False,1,0.10031136088607687,10.03,0,0.16908819344089202,Trung bình,2,0,2988,32.59,Random Forest,RF_2025_V1
7571,2025-01-01,2025,Operations,Operations Executive,3,25,7,3,190,False,4,1,4,39052000,5,5,False,0,0.14076642309460868,14.08,0,0.16908819344089202,Trung bình,2,0,1961,55.77,Random Forest,RF_2025_V1
7572,2025-01-01,2025,Finance,Internal Auditor,1,35,8,3,200,False,2,1,4,11499000,3,3,False,0,0.09255387306930155,9.26,0,0.16908819344089202,Thấp,1,0,3176,28.35,Random Forest,RF_2025_V1
7573,2025-01-01,2025,Operations,Operations Executive,2,31,16,4,197,False,5,4,4,17634000,6,3,False,0,0.0772009992178078,7.72,0,0.16908819344089202,Thấp,1,0,3738,15.66,Random Forest,RF_2025_V1
7574,2025-01-01,2025,Operations,Operations Executive,1,46,37,2,168,False,2,4,4,9847000,1,1,False,0,0.08309242488646404,8.31,0,0.16908819344089202,Thấp,1,0,3483,21.42,Random Forest,RF_2025_V1
7575,2025-01-01,2025,Finance,Finance Manager,3,38,29,4,195,False,4,1,2,26733000,3,3,False,1,0.14470494653324883,14.47,0,0.16908819344089202,Trung bình,2,0,1881,57.57,Random Forest,RF_2025_V1
7578,2025-01-01,2025,Human Resources,C&B Specialist,3,35,14,4,190,False,5,2,3,45569000,11,11,False,0,0.14988699600257105,14.99,0,0.16908819344089202,Trung bình,2,0,1798,59.44,Random Forest,RF_2025_V1
7580,2025-01-01,2025,Marketing,Marketing Manager,2,47,23,5,200,False,3,4,2,18462000,3,3,False,0,0.08528824121264038,8.53,0,0.16908819344089202,Thấp,1,0,3411,23.04,Random Forest,RF_2025_V1
7582,2025-01-01,2025,Human Resources,HR Manager,2,52,2,2,231,True,4,4,3,24588000,6,6,False,1,0.22537594384346227,22.54,1,0.16908819344089202,Cao,3,1,862,80.57,Random Forest,RF_2025_V1
7583,2025-01-01,2025,Human Resources,Recruiter,3,37,21,3,166,False,5,2,4,48561000,6,6,False,1,0.13887658187980328,13.89,0,0.16908819344089202,Trung bình,2,0,2010,54.66,Random Forest,RF_2025_V1
7584,2025-01-01,2025,Information Technology,IT Support,2,39,40,3,175,False,4,4,4,17892000,14,6,False,0,0.07544079618819237,7.54,0,0.16908819344089202,Thấp,1,0,3803,14.2,Random Forest,RF_2025_V1
7585,2025-01-01,2025,Operations,Operations Manager,4,31,22,7,192,True,3,3,2,38731000,1,1,False,1,0.18334976500464134,18.33,1,0.16908819344089202,Cao,3,1,1299,70.71,Random Forest,RF_2025_V1
7586,2025-01-01,2025,Operations,Operations Executive,1,35,34,3,198,True,4,4,2,18706000,13,13,False,0,0.2101412124465696,21.01,1,0.16908819344089202,Cao,3,1,1029,76.8,Random Forest,RF_2025_V1
7587,2025-01-01,2025,Information Technology,QA Engineer,2,27,40,6,247,True,2,4,2,14843000,5,3,False,1,0.3102235452569379,31.02,1,0.16908819344089202,Cao,3,1,294,93.39,Random Forest,RF_2025_V1
7588,2025-01-01,2025,Information Technology,System Administrator,2,35,18,3,179,False,4,3,2,18225000,1,1,False,0,0.10271958319102337,10.27,0,0.16908819344089202,Trung bình,2,0,2925,34.01,Random Forest,RF_2025_V1
7592,2025-01-01,2025,Human Resources,HR Executive,3,25,13,3,200,False,2,4,4,27532000,1,1,False,0,0.0932285869161092,9.32,0,0.16908819344089202,Thấp,1,0,3155,28.82,Random Forest,RF_2025_V1
7595,2025-01-01,2025,Human Resources,C&B Specialist,2,41,1,3,188,False,3,3,2,13989000,9,0,True,0,0.10399791370569877,10.4,0,0.16908819344089202,Trung bình,2,0,2898,34.62,Random Forest,RF_2025_V1
7600,2025-01-01,2025,Operations,Warehouse Supervisor,4,31,31,1,168,False,3,4,2,66388000,10,10,False,0,0.1107972490474401,11.08,0,0.16908819344089202,Trung bình,2,0,2731,38.39,Random Forest,RF_2025_V1
7601,2025-01-01,2025,Marketing,Content Specialist,2,28,11,1,196,False,4,3,4,22028000,3,3,False,0,0.06640554283484526,6.64,0,0.16908819344089202,Thấp,1,0,4109,7.29,Random Forest,RF_2025_V1
7605,2025-01-01,2025,Finance,Internal Auditor,2,34,27,2,138,False,3,3,2,22735000,3,3,False,0,0.09490065508800273,9.49,0,0.16908819344089202,Thấp,1,0,3115,29.72,Random Forest,RF_2025_V1
7606,2025-01-01,2025,Finance,Internal Auditor,3,45,10,5,202,False,2,3,2,38500000,3,3,False,0,0.0921114684007208,9.21,0,0.16908819344089202,Thấp,1,0,3194,27.94,Random Forest,RF_2025_V1
7607,2025-01-01,2025,Information Technology,IT Support,4,33,13,3,193,False,4,2,3,35000000,4,0,True,0,0.1204948827614772,12.05,0,0.16908819344089202,Trung bình,2,0,2457,44.57,Random Forest,RF_2025_V1
7608,2025-01-01,2025,Marketing,Marketing Executive,2,29,40,3,229,True,2,4,3,16315000,4,2,False,0,0.21911133283905215,21.91,1,0.16908819344089202,Cao,3,1,929,79.06,Random Forest,RF_2025_V1
7609,2025-01-01,2025,Finance,Accountant,2,41,28,2,232,True,3,2,4,27148000,5,5,False,0,0.349189569764358,34.92,1,0.16908819344089202,Cao,3,1,157,96.48,Random Forest,RF_2025_V1
7611,2025-01-01,2025,Finance,Financial Analyst,3,38,23,4,161,False,4,3,3,31888000,3,3,False,0,0.06098034931125509,6.1,0,0.16908819344089202,Thấp,1,0,4270,3.66,Random Forest,RF_2025_V1
7613,2025-01-01,2025,Operations,Operations Executive,2,29,7,5,235,True,3,4,2,18189000,8,6,False,0,0.3644577403064396,36.45,1,0.16908819344089202,Cao,3,1,121,97.29,Random Forest,RF_2025_V1
7614,2025-01-01,2025,Operations,Warehouse Supervisor,2,42,32,1,181,False,2,4,3,29974000,7,7,False,0,0.08441660902771496,8.44,0,0.16908819344089202,Thấp,1,0,3439,22.41,Random Forest,RF_2025_V1
7617,2025-01-01,2025,Operations,Warehouse Supervisor,2,40,39,3,197,False,2,4,2,18322000,10,0,True,1,0.09117217066206813,9.12,0,0.16908819344089202,Thấp,1,0,3225,27.24,Random Forest,RF_2025_V1
7618,2025-01-01,2025,Finance,Accountant,1,33,22,3,195,True,3,2,1,9708000,4,4,False,0,0.30834738954950924,30.83,1,0.16908819344089202,Cao,3,1,298,93.3,Random Forest,RF_2025_V1
7619,2025-01-01,2025,Sales,Sales Executive,1,45,22,4,192,False,3,3,4,18590000,13,13,False,0,0.08992261868788932,8.99,0,0.16908819344089202,Thấp,1,0,3270,26.22,Random Forest,RF_2025_V1
7620,2025-01-01,2025,Human Resources,HR Manager,1,45,6,1,195,False,4,1,3,11106000,4,4,False,0,0.12898639876341406,12.9,0,0.16908819344089202,Trung bình,2,0,2266,48.88,Random Forest,RF_2025_V1
7622,2025-01-01,2025,Human Resources,Recruiter,2,33,31,4,227,True,5,1,1,15034000,6,4,False,1,0.39113620469499766,39.11,1,0.16908819344089202,Cao,3,1,69,98.47,Random Forest,RF_2025_V1
7623,2025-01-01,2025,Human Resources,C&B Specialist,1,29,32,4,223,True,3,3,1,11471000,8,8,False,0,0.3191165906467862,31.91,1,0.16908819344089202,Cao,3,1,252,94.34,Random Forest,RF_2025_V1
7624,2025-01-01,2025,Information Technology,Data Analyst,5,44,28,8,257,False,4,3,2,77989000,12,6,False,1,0.2320986726978914,23.21,1,0.16908819344089202,Cao,3,1,811,81.72,Random Forest,RF_2025_V1
7627,2025-01-01,2025,Marketing,Content Specialist,2,55,8,2,214,False,4,4,2,15747000,2,2,False,0,0.08494963026468948,8.49,0,0.16908819344089202,Thấp,1,0,3426,22.7,Random Forest,RF_2025_V1
7629,2025-01-01,2025,Human Resources,HR Executive,4,25,11,4,168,False,3,3,4,42070000,2,1,False,0,0.06490656608428857,6.49,0,0.16908819344089202,Thấp,1,0,4154,6.27,Random Forest,RF_2025_V1
7631,2025-01-01,2025,Finance,Internal Auditor,4,53,7,4,185,False,5,1,4,44673000,7,4,False,1,0.14770478838304102,14.77,0,0.16908819344089202,Trung bình,2,0,1833,58.65,Random Forest,RF_2025_V1
7632,2025-01-01,2025,Finance,Finance Manager,1,29,12,4,214,False,3,2,2,8621000,3,3,False,0,0.135045918887463,13.5,0,0.16908819344089202,Trung bình,2,0,2112,52.36,Random Forest,RF_2025_V1
7634,2025-01-01,2025,Marketing,Content Specialist,2,27,21,3,162,False,4,3,3,17433000,2,2,False,0,0.054640989940767035,5.46,0,0.16908819344089202,Thấp,1,0,4396,0.81,Random Forest,RF_2025_V1
7635,2025-01-01,2025,Information Technology,System Administrator,2,51,34,3,193,False,4,4,1,27062000,15,15,False,0,0.12199230912627729,12.2,0,0.16908819344089202,Trung bình,2,0,2409,45.66,Random Forest,RF_2025_V1
7636,2025-01-01,2025,Finance,Internal Auditor,2,54,29,2,201,True,3,4,3,17496000,1,1,False,0,0.13894992346425097,13.89,0,0.16908819344089202,Trung bình,2,0,2006,54.75,Random Forest,RF_2025_V1
7641,2025-01-01,2025,Operations,Operations Executive,2,32,13,2,190,True,5,4,2,20383000,9,9,False,1,0.21028730384229785,21.03,1,0.16908819344089202,Cao,3,1,1028,76.82,Random Forest,RF_2025_V1
7643,2025-01-01,2025,Marketing,Content Specialist,3,28,24,2,157,False,2,2,4,20848000,4,0,True,1,0.11329464097990843,11.33,0,0.16908819344089202,Trung bình,2,0,2648,40.26,Random Forest,RF_2025_V1
7644,2025-01-01,2025,Information Technology,System Administrator,2,32,11,5,195,False,4,2,1,27944000,7,7,False,1,0.18758986206354117,18.76,1,0.16908819344089202,Cao,3,1,1251,71.79,Random Forest,RF_2025_V1
7645,2025-01-01,2025,Information Technology,Data Analyst,1,32,22,1,194,True,3,1,3,15838000,4,4,False,0,0.26020239744394674,26.02,1,0.16908819344089202,Cao,3,1,576,87.02,Random Forest,RF_2025_V1
7654,2025-01-01,2025,Human Resources,Recruiter,1,34,15,3,191,False,5,4,3,9508000,3,3,False,0,0.06767090058431154,6.77,0,0.16908819344089202,Thấp,1,0,4067,8.24,Random Forest,RF_2025_V1
7655,2025-01-01,2025,Human Resources,HR Executive,4,35,1,1,190,False,3,1,4,86411000,15,15,False,0,0.16668096468885688,16.67,0,0.16908819344089202,Trung bình,2,0,1522,65.67,Random Forest,RF_2025_V1
7659,2025-01-01,2025,Information Technology,Data Analyst,3,30,27,2,180,False,5,1,2,31367000,3,2,False,0,0.15493485538716195,15.49,0,0.16908819344089202,Trung bình,2,0,1698,61.7,Random Forest,RF_2025_V1
7663,2025-01-01,2025,Finance,Financial Analyst,1,35,39,5,214,True,4,1,3,13192000,5,5,False,0,0.27832132304209944,27.83,1,0.16908819344089202,Cao,3,1,443,90.02,Random Forest,RF_2025_V1
7665,2025-01-01,2025,Information Technology,Data Analyst,1,36,29,3,210,True,5,2,4,8944000,2,2,False,0,0.20044475047132232,20.04,1,0.16908819344089202,Cao,3,1,1135,74.41,Random Forest,RF_2025_V1
7667,2025-01-01,2025,Information Technology,IT Support,3,47,31,3,201,False,4,4,3,39964000,5,5,False,0,0.07618844325267726,7.62,0,0.16908819344089202,Thấp,1,0,3778,14.76,Random Forest,RF_2025_V1
7668,2025-01-01,2025,Sales,Sales Supervisor,2,34,15,4,221,True,4,3,3,16746000,4,3,False,0,0.19997726957135226,20.0,1,0.16908819344089202,Cao,3,1,1140,74.29,Random Forest,RF_2025_V1
7671,2025-01-01,2025,Finance,Financial Analyst,1,50,13,3,185,False,4,4,3,11407000,15,15,False,0,0.09730626794676847,9.73,0,0.16908819344089202,Thấp,1,0,3061,30.94,Random Forest,RF_2025_V1
7672,2025-01-01,2025,Human Resources,C&B Specialist,3,40,5,6,247,False,4,2,3,22204000,14,0,True,0,0.24841080793320056,24.84,1,0.16908819344089202,Cao,3,1,673,84.83,Random Forest,RF_2025_V1
7673,2025-01-01,2025,Operations,Operations Manager,3,26,30,3,206,True,3,3,4,25202000,2,2,False,1,0.13275629831793248,13.28,0,0.16908819344089202,Trung bình,2,0,2169,51.07,Random Forest,RF_2025_V1
7674,2025-01-01,2025,Sales,Sales Representative,1,54,19,1,166,False,3,4,4,13051000,1,1,False,0,0.06882924899624451,6.88,0,0.16908819344089202,Thấp,1,0,4035,8.96,Random Forest,RF_2025_V1
7675,2025-01-01,2025,Marketing,Content Specialist,2,25,26,3,186,False,3,1,3,19455000,1,1,False,0,0.12082069943155273,12.08,0,0.16908819344089202,Trung bình,2,0,2449,44.75,Random Forest,RF_2025_V1
7684,2025-01-01,2025,Human Resources,C&B Specialist,1,34,38,4,205,False,4,4,2,10025000,1,1,False,0,0.0996032548455439,9.96,0,0.16908819344089202,Thấp,1,0,3011,32.07,Random Forest,RF_2025_V1
7685,2025-01-01,2025,Sales,Account Manager,2,49,22,5,237,True,2,2,4,21682000,1,1,False,0,0.2857316349869708,28.57,1,0.16908819344089202,Cao,3,1,391,91.2,Random Forest,RF_2025_V1
7688,2025-01-01,2025,Human Resources,C&B Specialist,1,25,25,1,207,True,3,2,2,13008000,3,3,False,1,0.25908586321725074,25.91,1,0.16908819344089202,Cao,3,1,587,86.77,Random Forest,RF_2025_V1
7690,2025-01-01,2025,Finance,Financial Analyst,2,42,12,3,156,False,3,4,1,20854000,9,0,True,0,0.09641111394891894,9.64,0,0.16908819344089202,Thấp,1,0,3076,30.6,Random Forest,RF_2025_V1
7695,2025-01-01,2025,Finance,Accountant,2,25,39,4,182,False,3,2,2,13257000,2,0,True,0,0.1368373794248319,13.68,0,0.16908819344089202,Trung bình,2,0,2067,53.37,Random Forest,RF_2025_V1
7696,2025-01-01,2025,Marketing,Marketing Manager,1,45,21,2,191,False,4,3,3,16888000,11,11,False,0,0.06429972686943937,6.43,0,0.16908819344089202,Thấp,1,0,4172,5.87,Random Forest,RF_2025_V1
7697,2025-01-01,2025,Operations,Warehouse Supervisor,1,33,31,4,256,True,3,4,2,11787000,4,4,False,0,0.3831644203757781,38.32,1,0.16908819344089202,Cao,3,1,82,98.17,Random Forest,RF_2025_V1
7700,2025-01-01,2025,Human Resources,C&B Specialist,1,31,40,5,186,False,4,4,4,9311000,3,3,False,0,0.05434992812322624,5.43,0,0.16908819344089202,Thấp,1,0,4402,0.68,Random Forest,RF_2025_V1
7704,2025-01-01,2025,Information Technology,QA Engineer,1,35,12,4,210,True,4,4,3,12573000,3,3,False,0,0.14143781287545792,14.14,0,0.16908819344089202,Trung bình,2,0,1947,56.08,Random Forest,RF_2025_V1
7708,2025-01-01,2025,Human Resources,Recruiter,2,26,40,2,190,False,4,3,3,23560000,2,2,False,0,0.06323299197060106,6.32,0,0.16908819344089202,Thấp,1,0,4207,5.08,Random Forest,RF_2025_V1
7709,2025-01-01,2025,Information Technology,Software Engineer,4,43,15,3,180,False,4,2,3,46877000,4,2,False,0,0.10809643291045193,10.81,0,0.16908819344089202,Trung bình,2,0,2809,36.63,Random Forest,RF_2025_V1
7710,2025-01-01,2025,Information Technology,Software Engineer,2,54,10,1,239,True,5,3,1,20573000,8,0,True,0,0.2910433706074399,29.1,1,0.16908819344089202,Cao,3,1,369,91.69,Random Forest,RF_2025_V1
7711,2025-01-01,2025,Information Technology,IT Support,1,26,32,6,237,False,3,3,4,8664000,2,2,False,0,0.1394927493993451,13.95,0,0.16908819344089202,Trung bình,2,0,1993,55.04,Random Forest,RF_2025_V1
7712,2025-01-01,2025,Human Resources,C&B Specialist,1,52,17,4,190,False,4,4,2,8984000,1,1,False,0,0.09104999207498285,9.1,0,0.16908819344089202,Thấp,1,0,3230,27.13,Random Forest,RF_2025_V1
7715,2025-01-01,2025,Finance,Internal Auditor,1,50,34,2,183,False,5,4,4,11961000,2,2,False,0,0.06220242784895553,6.22,0,0.16908819344089202,Thấp,1,0,4239,4.36,Random Forest,RF_2025_V1
7716,2025-01-01,2025,Marketing,Marketing Executive,3,43,16,5,196,False,4,4,3,23751000,5,3,False,0,0.06047518848797278,6.05,0,0.16908819344089202,Thấp,1,0,4287,3.27,Random Forest,RF_2025_V1
7730,2025-01-01,2025,Finance,Internal Auditor,2,25,22,2,204,False,4,3,3,18531000,1,1,False,0,0.08200460727862159,8.2,0,0.16908819344089202,Thấp,1,0,3527,20.42,Random Forest,RF_2025_V1
7731,2025-01-01,2025,Human Resources,C&B Specialist,3,29,32,3,208,True,4,4,1,32946000,5,3,False,0,0.14654692635259964,14.65,0,0.16908819344089202,Trung bình,2,0,1855,58.16,Random Forest,RF_2025_V1
7733,2025-01-01,2025,Sales,Sales Executive,2,47,3,2,188,False,4,4,4,16706000,1,1,False,0,0.07132640516817201,7.13,0,0.16908819344089202,Thấp,1,0,3949,10.9,Random Forest,RF_2025_V1
7735,2025-01-01,2025,Finance,Finance Manager,3,40,28,3,178,False,3,1,1,41548000,7,7,False,0,0.18999547479412388,19.0,1,0.16908819344089202,Cao,3,1,1229,72.29,Random Forest,RF_2025_V1
7737,2025-01-01,2025,Sales,Account Manager,2,47,32,3,175,False,3,3,3,26008000,15,15,False,0,0.11631299370066228,11.63,0,0.16908819344089202,Trung bình,2,0,2554,42.38,Random Forest,RF_2025_V1
7738,2025-01-01,2025,Human Resources,Recruiter,2,49,32,2,195,False,3,2,4,12000000,1,0,True,0,0.13440367044304027,13.44,0,0.16908819344089202,Trung bình,2,0,2126,52.04,Random Forest,RF_2025_V1
7739,2025-01-01,2025,Marketing,Marketing Manager,4,39,7,1,199,True,4,3,2,58986000,8,8,False,0,0.2165173779843469,21.65,1,0.16908819344089202,Cao,3,1,957,78.42,Random Forest,RF_2025_V1
7741,2025-01-01,2025,Human Resources,Recruiter,3,53,30,5,209,False,4,3,1,22422000,2,1,False,0,0.0918813680547717,9.19,0,0.16908819344089202,Thấp,1,0,3202,27.76,Random Forest,RF_2025_V1
7742,2025-01-01,2025,Human Resources,HR Manager,2,29,36,5,220,False,4,4,3,19121000,2,2,False,0,0.10817885201503491,10.82,0,0.16908819344089202,Trung bình,2,0,2805,36.72,Random Forest,RF_2025_V1
7743,2025-01-01,2025,Human Resources,HR Executive,4,50,17,3,162,False,4,4,2,52503000,2,2,False,0,0.07352455038901949,7.35,0,0.16908819344089202,Thấp,1,0,3887,12.3,Random Forest,RF_2025_V1
7745,2025-01-01,2025,Information Technology,Software Engineer,1,25,30,3,158,False,3,4,1,12985000,1,1,False,0,0.12067115928003055,12.07,0,0.16908819344089202,Trung bình,2,0,2452,44.69,Random Forest,RF_2025_V1
7746,2025-01-01,2025,Information Technology,QA Engineer,4,30,4,1,215,True,4,4,4,52063000,6,6,False,1,0.17023506465181132,17.02,1,0.16908819344089202,Cao,3,1,1478,66.67,Random Forest,RF_2025_V1
7748,2025-01-01,2025,Human Resources,Recruiter,3,35,38,4,186,False,4,4,1,40856000,14,4,False,1,0.1137327921127308,11.37,0,0.16908819344089202,Trung bình,2,0,2632,40.62,Random Forest,RF_2025_V1
7749,2025-01-01,2025,Marketing,Content Specialist,4,32,9,8,226,True,2,2,2,37065000,5,1,False,1,0.37957801327044655,37.96,1,0.16908819344089202,Cao,3,1,88,98.04,Random Forest,RF_2025_V1
7750,2025-01-01,2025,Sales,Sales Supervisor,2,54,36,7,228,False,3,3,4,21776000,5,5,False,0,0.16145070326602196,16.15,0,0.16908819344089202,Trung bình,2,0,1592,64.09,Random Forest,RF_2025_V1
7752,2025-01-01,2025,Sales,Account Manager,2,46,6,3,158,False,3,4,2,22931000,6,6,False,0,0.11090877384411267,11.09,0,0.16908819344089202,Trung bình,2,0,2729,38.43,Random Forest,RF_2025_V1
7754,2025-01-01,2025,Information Technology,Data Analyst,2,53,34,4,192,False,2,2,2,26159000,14,14,False,0,0.20101199816943516,20.1,1,0.16908819344089202,Cao,3,1,1129,74.54,Random Forest,RF_2025_V1
7755,2025-01-01,2025,Marketing,Content Specialist,3,27,18,3,184,True,4,4,2,25715000,6,4,False,0,0.20392267603363728,20.39,1,0.16908819344089202,Cao,3,1,1100,75.2,Random Forest,RF_2025_V1
7757,2025-01-01,2025,Sales,Sales Supervisor,3,36,3,3,183,False,5,4,2,23069000,10,1,False,0,0.09090184093644339,9.09,0,0.16908819344089202,Thấp,1,0,3236,26.99,Random Forest,RF_2025_V1
7767,2025-01-01,2025,Marketing,Marketing Manager,2,30,15,2,213,True,4,3,3,16786000,4,2,False,0,0.11934283703235093,11.93,0,0.16908819344089202,Trung bình,2,0,2491,43.81,Random Forest,RF_2025_V1
7772,2025-01-01,2025,Sales,Account Manager,2,48,31,8,228,False,3,4,4,17136000,3,2,False,0,0.13735004801400016,13.74,0,0.16908819344089202,Trung bình,2,0,2049,53.78,Random Forest,RF_2025_V1
7775,2025-01-01,2025,Sales,Sales Representative,5,53,35,2,206,True,4,1,4,66764000,4,3,False,0,0.20501330731281722,20.5,1,0.16908819344089202,Cao,3,1,1094,75.33,Random Forest,RF_2025_V1
7776,2025-01-01,2025,Finance,Accountant,1,38,29,2,212,True,4,4,4,11988000,2,2,False,0,0.11422663839586929,11.42,0,0.16908819344089202,Trung bình,2,0,2620,40.89,Random Forest,RF_2025_V1
7777,2025-01-01,2025,Information Technology,Data Analyst,3,48,26,3,185,False,4,4,3,33721000,1,1,False,0,0.08167858810149407,8.17,0,0.16908819344089202,Thấp,1,0,3541,20.11,Random Forest,RF_2025_V1
7780,2025-01-01,2025,Information Technology,IT Support,1,33,40,6,174,False,3,4,1,13410000,6,6,False,0,0.11036907210656963,11.04,0,0.16908819344089202,Trung bình,2,0,2742,38.14,Random Forest,RF_2025_V1
7783,2025-01-01,2025,Information Technology,Software Engineer,2,34,15,3,183,False,4,2,3,21330000,5,5,False,0,0.1398015290519898,13.98,0,0.16908819344089202,Trung bình,2,0,1980,55.34,Random Forest,RF_2025_V1
7785,2025-01-01,2025,Finance,Financial Analyst,2,32,30,3,204,True,4,4,2,12130000,4,0,True,1,0.18135830329907063,18.14,1,0.16908819344089202,Cao,3,1,1315,70.35,Random Forest,RF_2025_V1
7787,2025-01-01,2025,Information Technology,QA Engineer,2,51,40,2,147,False,3,3,2,28728000,14,14,False,0,0.12082541338121153,12.08,0,0.16908819344089202,Trung bình,2,0,2448,44.78,Random Forest,RF_2025_V1
7791,2025-01-01,2025,Operations,Procurement Specialist,3,40,11,2,159,False,3,3,1,21162000,7,1,False,0,0.10668403561448946,10.67,0,0.16908819344089202,Trung bình,2,0,2848,35.75,Random Forest,RF_2025_V1
7792,2025-01-01,2025,Information Technology,Data Analyst,2,36,3,3,185,False,3,3,1,27883000,10,10,False,0,0.11508272514792887,11.51,0,0.16908819344089202,Trung bình,2,0,2592,41.53,Random Forest,RF_2025_V1
7793,2025-01-01,2025,Sales,Sales Executive,1,33,12,3,230,True,3,2,3,8918000,1,1,False,0,0.2838276261168084,28.38,1,0.16908819344089202,Cao,3,1,404,90.9,Random Forest,RF_2025_V1
7796,2025-01-01,2025,Information Technology,Data Analyst,3,51,6,2,201,True,3,4,3,22516000,3,2,False,0,0.1313280866907063,13.13,0,0.16908819344089202,Trung bình,2,0,2210,50.15,Random Forest,RF_2025_V1
7797,2025-01-01,2025,Marketing,Content Specialist,1,32,1,3,194,False,2,3,3,10214000,1,1,False,0,0.0862766668095811,8.63,0,0.16908819344089202,Thấp,1,0,3380,23.74,Random Forest,RF_2025_V1
7798,2025-01-01,2025,Finance,Financial Analyst,1,34,34,2,201,False,2,3,3,11259000,2,2,False,0,0.06579883667462282,6.58,0,0.16908819344089202,Thấp,1,0,4122,7.0,Random Forest,RF_2025_V1
7804,2025-01-01,2025,Finance,Finance Manager,2,47,27,4,235,False,4,2,3,19938000,1,1,False,0,0.2190691711433046,21.91,1,0.16908819344089202,Cao,3,1,931,79.01,Random Forest,RF_2025_V1
7805,2025-01-01,2025,Information Technology,QA Engineer,3,35,23,2,149,False,3,1,4,20000000,1,0,True,1,0.137670360581917,13.77,0,0.16908819344089202,Trung bình,2,0,2039,54.01,Random Forest,RF_2025_V1
7809,2025-01-01,2025,Operations,Operations Executive,2,34,26,4,190,False,3,4,4,17996000,3,3,False,0,0.058528211420698674,5.85,0,0.16908819344089202,Thấp,1,0,4327,2.37,Random Forest,RF_2025_V1
7813,2025-01-01,2025,Information Technology,System Administrator,2,25,27,4,230,False,3,3,4,14280000,5,3,False,1,0.13132530890272098,13.13,0,0.16908819344089202,Trung bình,2,0,2211,50.12,Random Forest,RF_2025_V1
7816,2025-01-01,2025,Information Technology,QA Engineer,3,32,31,3,201,False,4,4,4,25904000,3,3,False,0,0.06907144394675055,6.91,0,0.16908819344089202,Thấp,1,0,4027,9.14,Random Forest,RF_2025_V1
7817,2025-01-01,2025,Marketing,Marketing Executive,2,40,35,5,261,True,4,4,3,15992000,1,1,False,0,0.22398049681575224,22.4,1,0.16908819344089202,Cao,3,1,877,80.23,Random Forest,RF_2025_V1
7824,2025-01-01,2025,Finance,Accountant,1,25,12,3,176,False,2,4,3,10328000,2,2,False,0,0.05423299640529841,5.42,0,0.16908819344089202,Thấp,1,0,4404,0.63,Random Forest,RF_2025_V1
7828,2025-01-01,2025,Finance,Internal Auditor,1,47,5,5,224,True,3,4,3,13626000,6,6,False,0,0.27059484986356447,27.06,1,0.16908819344089202,Cao,3,1,493,88.9,Random Forest,RF_2025_V1
7831,2025-01-01,2025,Human Resources,C&B Specialist,2,31,39,2,185,True,2,4,4,18986000,7,0,True,0,0.14099341327203502,14.1,0,0.16908819344089202,Trung bình,2,0,1957,55.86,Random Forest,RF_2025_V1
7834,2025-01-01,2025,Operations,Operations Manager,4,51,26,4,208,False,3,3,2,55908000,14,2,False,1,0.09744403427226497,9.74,0,0.16908819344089202,Thấp,1,0,3058,31.01,Random Forest,RF_2025_V1
7836,2025-01-01,2025,Information Technology,QA Engineer,1,28,1,7,231,False,5,4,4,8486000,3,3,False,0,0.16131603139018091,16.13,0,0.16908819344089202,Trung bình,2,0,1598,63.96,Random Forest,RF_2025_V1
7837,2025-01-01,2025,Finance,Accountant,4,43,15,1,172,False,3,1,2,64987000,4,4,False,0,0.1857735223290985,18.58,1,0.16908819344089202,Cao,3,1,1273,71.29,Random Forest,RF_2025_V1
7840,2025-01-01,2025,Marketing,Content Specialist,4,45,2,1,167,False,3,1,1,58902000,5,2,False,0,0.16039397246285683,16.04,0,0.16908819344089202,Trung bình,2,0,1614,63.6,Random Forest,RF_2025_V1
7842,2025-01-01,2025,Finance,Internal Auditor,1,26,25,5,220,False,5,2,2,10590000,3,3,False,0,0.21353256021260827,21.35,1,0.16908819344089202,Cao,3,1,993,77.61,Random Forest,RF_2025_V1
7845,2025-01-01,2025,Marketing,Content Specialist,3,51,5,3,174,False,4,2,3,33576000,14,14,False,0,0.13554237702956082,13.55,0,0.16908819344089202,Trung bình,2,0,2098,52.67,Random Forest,RF_2025_V1
7847,2025-01-01,2025,Sales,Sales Executive,3,43,35,4,206,False,2,3,1,48723000,6,6,False,1,0.11541647399409918,11.54,0,0.16908819344089202,Trung bình,2,0,2585,41.68,Random Forest,RF_2025_V1
7850,2025-01-01,2025,Human Resources,Recruiter,1,47,7,3,222,False,3,2,3,11907000,2,2,False,0,0.19089290569146017,19.09,1,0.16908819344089202,Cao,3,1,1220,72.49,Random Forest,RF_2025_V1
7852,2025-01-01,2025,Human Resources,HR Executive,1,55,24,1,191,False,4,2,4,12139000,1,1,False,0,0.12175928399601578,12.18,0,0.16908819344089202,Trung bình,2,0,2421,45.38,Random Forest,RF_2025_V1
7854,2025-01-01,2025,Marketing,Content Specialist,3,29,5,5,183,False,4,2,4,24278000,1,1,False,0,0.111465157449519,11.15,0,0.16908819344089202,Trung bình,2,0,2706,38.95,Random Forest,RF_2025_V1
7856,2025-01-01,2025,Operations,Procurement Specialist,2,39,19,4,179,False,2,1,4,21743000,7,0,True,0,0.11682297234324893,11.68,0,0.16908819344089202,Trung bình,2,0,2540,42.7,Random Forest,RF_2025_V1
7857,2025-01-01,2025,Sales,Sales Executive,4,49,29,4,224,True,3,1,2,80898000,11,11,False,1,0.39998710811881694,40.0,1,0.16908819344089202,Cao,3,1,55,98.78,Random Forest,RF_2025_V1
7858,2025-01-01,2025,Finance,Financial Analyst,2,26,15,2,177,False,3,2,4,15753000,3,2,False,0,0.09657899130216278,9.66,0,0.16908819344089202,Thấp,1,0,3073,30.67,Random Forest,RF_2025_V1
7861,2025-01-01,2025,Human Resources,HR Executive,3,51,22,2,164,False,3,2,2,33994000,1,1,False,1,0.16044626720861893,16.04,0,0.16908819344089202,Trung bình,2,0,1610,63.69,Random Forest,RF_2025_V1
7862,2025-01-01,2025,Finance,Accountant,3,35,3,4,205,True,3,3,3,54033000,10,10,False,0,0.17123599330790035,17.12,1,0.16908819344089202,Cao,3,1,1459,67.1,Random Forest,RF_2025_V1
7867,2025-01-01,2025,Operations,Warehouse Supervisor,2,55,35,2,160,False,3,4,1,25277000,12,12,False,0,0.11953373735134308,11.95,0,0.16908819344089202,Trung bình,2,0,2487,43.9,Random Forest,RF_2025_V1
7868,2025-01-01,2025,Finance,Internal Auditor,1,29,13,3,175,False,4,2,4,9103000,4,4,False,1,0.1311384167514851,13.11,0,0.16908819344089202,Trung bình,2,0,2216,50.01,Random Forest,RF_2025_V1
7869,2025-01-01,2025,Information Technology,System Administrator,4,33,35,5,218,True,2,2,2,54107000,12,5,False,1,0.31495108841554803,31.5,1,0.16908819344089202,Cao,3,1,273,93.86,Random Forest,RF_2025_V1
7871,2025-01-01,2025,Information Technology,Software Engineer,4,52,13,1,216,True,4,3,3,52450000,2,2,False,0,0.12953761499807562,12.95,0,0.16908819344089202,Trung bình,2,0,2256,49.11,Random Forest,RF_2025_V1
7872,2025-01-01,2025,Sales,Sales Representative,1,39,13,3,190,True,4,2,3,10119000,5,5,False,0,0.24259374585571136,24.26,1,0.16908819344089202,Cao,3,1,714,83.91,Random Forest,RF_2025_V1
7873,2025-01-01,2025,Finance,Accountant,4,39,6,4,235,True,4,3,2,89640000,14,14,False,0,0.37175965846597764,37.18,1,0.16908819344089202,Cao,3,1,101,97.74,Random Forest,RF_2025_V1
7874,2025-01-01,2025,Human Resources,HR Executive,1,40,31,1,215,True,3,4,3,11520000,12,12,False,0,0.1810597744825107,18.11,1,0.16908819344089202,Cao,3,1,1319,70.26,Random Forest,RF_2025_V1
7876,2025-01-01,2025,Human Resources,C&B Specialist,1,27,30,2,152,False,4,3,4,10072000,2,2,False,0,0.05540968087336925,5.54,0,0.16908819344089202,Thấp,1,0,4389,0.97,Random Forest,RF_2025_V1
7878,2025-01-01,2025,Operations,Operations Executive,3,41,15,6,228,True,4,3,4,20000000,5,0,True,1,0.2558087978638106,25.58,1,0.16908819344089202,Cao,3,1,605,86.37,Random Forest,RF_2025_V1
7879,2025-01-01,2025,Finance,Financial Analyst,5,43,28,4,189,False,2,1,4,62591000,6,2,False,0,0.1275624200258483,12.76,0,0.16908819344089202,Trung bình,2,0,2289,48.36,Random Forest,RF_2025_V1
7882,2025-01-01,2025,Sales,Sales Supervisor,1,40,27,7,187,False,4,3,3,10594000,4,4,False,0,0.09487865390501678,9.49,0,0.16908819344089202,Thấp,1,0,3116,29.7,Random Forest,RF_2025_V1
7885,2025-01-01,2025,Sales,Account Manager,4,47,21,4,186,False,3,4,2,44254000,14,1,False,0,0.09471310884958484,9.47,0,0.16908819344089202,Thấp,1,0,3118,29.65,Random Forest,RF_2025_V1
7886,2025-01-01,2025,Operations,Operations Executive,1,47,26,6,190,True,5,2,1,10801000,2,2,False,0,0.30071246658780915,30.07,1,0.16908819344089202,Cao,3,1,328,92.62,Random Forest,RF_2025_V1
7890,2025-01-01,2025,Sales,Sales Supervisor,1,30,20,3,203,False,3,3,2,15114000,4,4,False,1,0.12304889714560567,12.3,0,0.16908819344089202,Trung bình,2,0,2385,46.2,Random Forest,RF_2025_V1
7898,2025-01-01,2025,Human Resources,C&B Specialist,1,25,10,2,204,False,2,2,2,13133000,2,2,False,0,0.12493989640457168,12.49,0,0.16908819344089202,Trung bình,2,0,2338,47.26,Random Forest,RF_2025_V1
7899,2025-01-01,2025,Information Technology,QA Engineer,3,29,31,3,218,True,3,4,2,27745000,9,4,False,1,0.24825709147869043,24.83,1,0.16908819344089202,Cao,3,1,676,84.77,Random Forest,RF_2025_V1
7900,2025-01-01,2025,Human Resources,C&B Specialist,1,41,20,6,202,False,3,4,4,19117000,12,12,False,0,0.0872592044330799,8.73,0,0.16908819344089202,Thấp,1,0,3338,24.69,Random Forest,RF_2025_V1
7901,2025-01-01,2025,Marketing,Marketing Executive,1,43,23,3,245,True,2,3,2,15224000,10,10,False,0,0.3612676302099637,36.13,1,0.16908819344089202,Cao,3,1,130,97.09,Random Forest,RF_2025_V1
7907,2025-01-01,2025,Marketing,Marketing Manager,2,54,40,1,194,True,3,1,3,19982000,5,5,False,0,0.2166729031618981,21.67,1,0.16908819344089202,Cao,3,1,954,78.49,Random Forest,RF_2025_V1
7908,2025-01-01,2025,Sales,Sales Representative,2,33,14,3,194,True,4,4,4,14367000,1,1,False,1,0.11901976803902485,11.9,0,0.16908819344089202,Trung bình,2,0,2499,43.62,Random Forest,RF_2025_V1
7912,2025-01-01,2025,Sales,Sales Representative,2,33,23,7,229,True,4,4,2,17196000,1,1,False,0,0.31858243934950925,31.86,1,0.16908819344089202,Cao,3,1,255,94.27,Random Forest,RF_2025_V1
7913,2025-01-01,2025,Information Technology,Data Analyst,3,29,26,8,248,True,2,4,4,25268000,5,3,False,0,0.24403657348824234,24.4,1,0.16908819344089202,Cao,3,1,707,84.07,Random Forest,RF_2025_V1
7914,2025-01-01,2025,Sales,Sales Representative,2,53,40,1,163,False,4,4,3,14718000,5,3,False,0,0.05864933967890431,5.86,0,0.16908819344089202,Thấp,1,0,4325,2.41,Random Forest,RF_2025_V1
7915,2025-01-01,2025,Finance,Financial Analyst,1,28,14,3,195,True,4,1,3,15341000,4,4,False,0,0.26497305230159296,26.5,1,0.16908819344089202,Cao,3,1,536,87.93,Random Forest,RF_2025_V1
7916,2025-01-01,2025,Sales,Sales Representative,1,25,29,4,165,False,3,3,4,16221000,5,5,False,0,0.07770998333803576,7.77,0,0.16908819344089202,Thấp,1,0,3722,16.02,Random Forest,RF_2025_V1
7918,2025-01-01,2025,Information Technology,QA Engineer,2,52,21,2,197,True,4,4,3,15931000,1,1,False,0,0.1427072570139931,14.27,0,0.16908819344089202,Trung bình,2,0,1918,56.74,Random Forest,RF_2025_V1
7919,2025-01-01,2025,Operations,Warehouse Supervisor,1,43,11,2,215,True,4,3,4,10991000,2,2,False,0,0.12883353559262947,12.88,0,0.16908819344089202,Trung bình,2,0,2267,48.86,Random Forest,RF_2025_V1
7920,2025-01-01,2025,Operations,Warehouse Supervisor,1,46,31,5,198,False,3,1,4,12896000,6,6,False,0,0.13802900360560613,13.8,0,0.16908819344089202,Trung bình,2,0,2031,54.19,Random Forest,RF_2025_V1
7923,2025-01-01,2025,Information Technology,IT Support,2,42,28,1,176,False,5,2,4,13700000,3,2,False,0,0.08929059036520237,8.93,0,0.16908819344089202,Thấp,1,0,3288,25.82,Random Forest,RF_2025_V1
7924,2025-01-01,2025,Finance,Accountant,5,37,6,5,237,True,4,2,4,55000000,12,0,True,1,0.316013852186588,31.6,1,0.16908819344089202,Cao,3,1,268,93.97,Random Forest,RF_2025_V1
7925,2025-01-01,2025,Sales,Sales Supervisor,1,43,26,2,174,False,3,4,4,14709000,10,10,False,0,0.07920980664414046,7.92,0,0.16908819344089202,Thấp,1,0,3656,17.51,Random Forest,RF_2025_V1
7927,2025-01-01,2025,Operations,Operations Manager,2,31,11,2,159,False,4,4,4,14680000,7,1,False,0,0.06438857034428185,6.44,0,0.16908819344089202,Thấp,1,0,4169,5.94,Random Forest,RF_2025_V1
7929,2025-01-01,2025,Sales,Sales Representative,3,27,7,1,190,False,3,1,3,43558000,3,3,False,0,0.0956508692604497,9.57,0,0.16908819344089202,Thấp,1,0,3094,30.2,Random Forest,RF_2025_V1
7931,2025-01-01,2025,Finance,Finance Manager,2,48,38,7,166,False,5,3,3,25352000,5,5,False,0,0.09095655581621707,9.1,0,0.16908819344089202,Thấp,1,0,3234,27.04,Random Forest,RF_2025_V1
7933,2025-01-01,2025,Information Technology,Software Engineer,1,35,27,3,184,False,2,4,4,11432000,3,3,False,0,0.0621145374095977,6.21,0,0.16908819344089202,Thấp,1,0,4241,4.31,Random Forest,RF_2025_V1
7939,2025-01-01,2025,Marketing,Marketing Manager,2,45,15,5,228,True,1,4,3,13543000,2,2,False,0,0.20832328694502236,20.83,1,0.16908819344089202,Cao,3,1,1052,76.28,Random Forest,RF_2025_V1
7944,2025-01-01,2025,Human Resources,C&B Specialist,1,36,5,1,230,True,3,4,2,13321000,8,8,False,1,0.32640743708868397,32.64,1,0.16908819344089202,Cao,3,1,228,94.88,Random Forest,RF_2025_V1
7945,2025-01-01,2025,Human Resources,C&B Specialist,1,43,30,8,187,False,3,4,3,8060000,1,1,False,0,0.09192913593783643,9.19,0,0.16908819344089202,Thấp,1,0,3199,27.83,Random Forest,RF_2025_V1
7947,2025-01-01,2025,Marketing,Content Specialist,1,47,13,7,205,False,3,3,4,11788000,9,9,False,0,0.08091180492330445,8.09,0,0.16908819344089202,Thấp,1,0,3575,19.34,Random Forest,RF_2025_V1
7948,2025-01-01,2025,Marketing,Marketing Executive,3,51,28,3,221,True,2,4,3,35613000,1,1,False,0,0.23821451586637385,23.82,1,0.16908819344089202,Cao,3,1,747,83.16,Random Forest,RF_2025_V1
7953,2025-01-01,2025,Human Resources,Recruiter,2,28,11,4,204,False,4,3,4,18875000,2,2,False,0,0.06899235381406217,6.9,0,0.16908819344089202,Thấp,1,0,4029,9.1,Random Forest,RF_2025_V1
7954,2025-01-01,2025,Human Resources,HR Executive,1,30,31,1,215,True,4,3,3,17795000,7,7,False,0,0.17267183330445462,17.27,1,0.16908819344089202,Cao,3,1,1446,67.39,Random Forest,RF_2025_V1
7956,2025-01-01,2025,Finance,Internal Auditor,1,25,12,5,231,True,3,2,1,10076000,2,2,False,0,0.40119875275022937,40.12,1,0.16908819344089202,Cao,3,1,52,98.85,Random Forest,RF_2025_V1
7958,2025-01-01,2025,Finance,Finance Manager,4,34,36,3,151,False,4,2,1,40712000,5,2,False,0,0.13390631996221894,13.39,0,0.16908819344089202,Trung bình,2,0,2135,51.84,Random Forest,RF_2025_V1
7960,2025-01-01,2025,Operations,Warehouse Supervisor,3,48,9,5,221,True,4,4,1,23185000,14,2,False,0,0.2735364835758716,27.35,1,0.16908819344089202,Cao,3,1,471,89.39,Random Forest,RF_2025_V1
7961,2025-01-01,2025,Human Resources,Recruiter,2,40,22,6,207,True,4,3,2,15019000,7,3,False,0,0.2195218245711142,21.95,1,0.16908819344089202,Cao,3,1,925,79.15,Random Forest,RF_2025_V1
7963,2025-01-01,2025,Finance,Accountant,3,25,2,5,214,False,3,3,4,20000000,1,0,True,0,0.10700845307336984,10.7,0,0.16908819344089202,Trung bình,2,0,2840,35.93,Random Forest,RF_2025_V1
7964,2025-01-01,2025,Operations,Warehouse Supervisor,2,32,7,8,272,True,5,3,2,17961000,2,2,False,1,0.3340262512392445,33.4,1,0.16908819344089202,Cao,3,1,205,95.4,Random Forest,RF_2025_V1
7967,2025-01-01,2025,Information Technology,Data Analyst,1,26,12,2,232,True,3,4,2,14935000,4,4,False,1,0.32308430947628203,32.31,1,0.16908819344089202,Cao,3,1,242,94.56,Random Forest,RF_2025_V1
7969,2025-01-01,2025,Operations,Warehouse Supervisor,4,26,27,5,248,True,4,3,2,37189000,4,1,False,1,0.28922410109135077,28.92,1,0.16908819344089202,Cao,3,1,377,91.51,Random Forest,RF_2025_V1
7970,2025-01-01,2025,Human Resources,HR Manager,2,34,40,3,183,False,2,4,1,13190000,1,1,False,1,0.09566069719838208,9.57,0,0.16908819344089202,Thấp,1,0,3093,30.22,Random Forest,RF_2025_V1
7974,2025-01-01,2025,Finance,Accountant,4,51,14,5,223,True,5,4,4,59890000,14,3,False,0,0.20841685870532806,20.84,1,0.16908819344089202,Cao,3,1,1048,76.37,Random Forest,RF_2025_V1
7975,2025-01-01,2025,Human Resources,HR Manager,2,35,17,3,180,False,3,2,3,16601000,3,3,False,0,0.09361150579857781,9.36,0,0.16908819344089202,Thấp,1,0,3149,28.96,Random Forest,RF_2025_V1
7977,2025-01-01,2025,Operations,Operations Manager,2,50,25,4,226,True,3,4,2,22025000,4,4,False,1,0.3456754774677456,34.57,1,0.16908819344089202,Cao,3,1,169,96.21,Random Forest,RF_2025_V1
7978,2025-01-01,2025,Information Technology,Data Analyst,4,25,21,5,245,True,2,4,3,67028000,4,4,False,0,0.2096815589205109,20.97,1,0.16908819344089202,Cao,3,1,1037,76.62,Random Forest,RF_2025_V1
7980,2025-01-01,2025,Information Technology,QA Engineer,3,28,18,3,204,True,3,4,2,28622000,5,1,False,0,0.1706819223199104,17.07,1,0.16908819344089202,Cao,3,1,1469,66.87,Random Forest,RF_2025_V1
7984,2025-01-01,2025,Human Resources,C&B Specialist,2,40,14,6,221,False,3,2,2,15522000,8,4,False,1,0.2762729509256984,27.63,1,0.16908819344089202,Cao,3,1,456,89.73,Random Forest,RF_2025_V1
7988,2025-01-01,2025,Sales,Account Manager,1,52,3,1,208,True,4,3,1,10976000,7,7,False,0,0.2232072178060661,22.32,1,0.16908819344089202,Cao,3,1,886,80.03,Random Forest,RF_2025_V1
7990,2025-01-01,2025,Operations,Procurement Specialist,1,38,15,1,147,False,4,1,1,15391000,8,8,False,0,0.1926554729112361,19.27,1,0.16908819344089202,Cao,3,1,1202,72.9,Random Forest,RF_2025_V1
7991,2025-01-01,2025,Information Technology,IT Support,3,51,20,6,264,True,2,3,3,41400000,9,9,False,1,0.2864303564930267,28.64,1,0.16908819344089202,Cao,3,1,386,91.31,Random Forest,RF_2025_V1
7994,2025-01-01,2025,Human Resources,HR Manager,2,55,24,7,223,False,2,3,1,15518000,3,3,False,0,0.17623516150285848,17.62,1,0.16908819344089202,Cao,3,1,1391,68.63,Random Forest,RF_2025_V1
7995,2025-01-01,2025,Finance,Accountant,3,53,16,4,187,False,4,1,4,28669000,10,2,False,0,0.10997922009075718,11.0,0,0.16908819344089202,Trung bình,2,0,2751,37.94,Random Forest,RF_2025_V1
7997,2025-01-01,2025,Marketing,Content Specialist,4,37,26,3,172,False,4,4,4,78970000,7,7,False,0,0.0650803881708196,6.51,0,0.16908819344089202,Thấp,1,0,4146,6.45,Random Forest,RF_2025_V1
7999,2025-01-01,2025,Sales,Sales Executive,3,42,4,3,218,True,3,1,3,31986000,13,6,False,0,0.27478124403316023,27.48,1,0.16908819344089202,Cao,3,1,465,89.53,Random Forest,RF_2025_V1
8000,2025-01-01,2025,Finance,Finance Manager,1,54,34,4,234,True,3,1,4,9844000,4,4,False,0,0.33670385213515097,33.67,1,0.16908819344089202,Cao,3,1,194,95.64,Random Forest,RF_2025_V1
8004,2025-01-01,2025,Operations,Procurement Specialist,4,54,35,2,182,False,5,2,3,35000000,12,0,True,0,0.13170550618493906,13.17,0,0.16908819344089202,Trung bình,2,0,2203,50.3,Random Forest,RF_2025_V1
8007,2025-01-01,2025,Sales,Sales Executive,2,55,6,4,193,False,4,3,4,17668000,13,6,False,0,0.08059182856079827,8.06,0,0.16908819344089202,Thấp,1,0,3592,18.96,Random Forest,RF_2025_V1
8008,2025-01-01,2025,Sales,Sales Executive,1,38,14,3,232,True,4,3,3,15089000,11,11,False,0,0.26909239217141834,26.91,1,0.16908819344089202,Cao,3,1,506,88.6,Random Forest,RF_2025_V1
8009,2025-01-01,2025,Sales,Sales Executive,2,47,8,3,228,True,4,4,1,20803000,3,3,False,1,0.24001458931711558,24.0,1,0.16908819344089202,Cao,3,1,735,83.43,Random Forest,RF_2025_V1
8011,2025-01-01,2025,Sales,Sales Representative,4,43,19,4,208,False,2,2,4,44334000,2,1,False,0,0.11167811291328623,11.17,0,0.16908819344089202,Trung bình,2,0,2698,39.13,Random Forest,RF_2025_V1
8013,2025-01-01,2025,Sales,Sales Executive,2,55,6,3,221,True,4,4,3,18443000,12,0,True,0,0.2079691738735884,20.8,1,0.16908819344089202,Cao,3,1,1056,76.19,Random Forest,RF_2025_V1
8015,2025-01-01,2025,Human Resources,Recruiter,2,42,26,3,192,False,2,4,4,14241000,1,1,False,0,0.08144534966839191,8.14,0,0.16908819344089202,Thấp,1,0,3550,19.91,Random Forest,RF_2025_V1
8017,2025-01-01,2025,Sales,Sales Executive,2,28,34,6,188,False,2,4,3,12909000,1,1,False,0,0.09122625091996993,9.12,0,0.16908819344089202,Thấp,1,0,3222,27.31,Random Forest,RF_2025_V1
8019,2025-01-01,2025,Operations,Operations Manager,2,36,1,3,237,True,3,2,3,20104000,4,4,False,1,0.39387955962064225,39.39,1,0.16908819344089202,Cao,3,1,64,98.58,Random Forest,RF_2025_V1
8020,2025-01-01,2025,Operations,Warehouse Supervisor,1,28,15,2,177,False,4,3,3,13094000,3,3,False,0,0.0658673214396077,6.59,0,0.16908819344089202,Thấp,1,0,4117,7.11,Random Forest,RF_2025_V1
8026,2025-01-01,2025,Sales,Sales Executive,1,33,18,5,173,False,3,3,2,15830000,10,10,False,0,0.12080998240621733,12.08,0,0.16908819344089202,Trung bình,2,0,2450,44.73,Random Forest,RF_2025_V1
8028,2025-01-01,2025,Human Resources,Recruiter,2,55,33,6,259,True,4,1,3,21927000,8,0,True,0,0.36449911600788754,36.45,1,0.16908819344089202,Cao,3,1,120,97.31,Random Forest,RF_2025_V1
8029,2025-01-01,2025,Information Technology,IT Support,2,30,24,2,153,False,3,2,4,19218000,2,2,False,0,0.09087899196323225,9.09,0,0.16908819344089202,Thấp,1,0,3237,26.97,Random Forest,RF_2025_V1
8032,2025-01-01,2025,Sales,Sales Supervisor,4,27,12,5,171,True,3,2,3,35000000,3,0,True,0,0.21251762562370372,21.25,1,0.16908819344089202,Cao,3,1,1005,77.34,Random Forest,RF_2025_V1
8033,2025-01-01,2025,Information Technology,System Administrator,1,53,39,3,204,True,4,4,4,11902000,2,2,False,1,0.11517594642663033,11.52,0,0.16908819344089202,Trung bình,2,0,2591,41.55,Random Forest,RF_2025_V1
8037,2025-01-01,2025,Human Resources,HR Executive,1,37,8,2,205,True,4,3,4,14392000,9,9,False,0,0.1665910060223882,16.66,0,0.16908819344089202,Trung bình,2,0,1524,65.63,Random Forest,RF_2025_V1
8038,2025-01-01,2025,Information Technology,QA Engineer,2,43,30,2,228,True,5,2,1,17601000,12,2,False,0,0.37303129649195876,37.3,1,0.16908819344089202,Cao,3,1,98,97.81,Random Forest,RF_2025_V1
8047,2025-01-01,2025,Marketing,Marketing Manager,2,47,40,3,164,False,5,3,4,28149000,14,14,False,0,0.08538284103739781,8.54,0,0.16908819344089202,Thấp,1,0,3407,23.13,Random Forest,RF_2025_V1
8048,2025-01-01,2025,Finance,Finance Manager,4,34,37,4,179,False,4,4,3,55487000,11,2,False,0,0.05846144315095268,5.85,0,0.16908819344089202,Thấp,1,0,4329,2.32,Random Forest,RF_2025_V1
8052,2025-01-01,2025,Operations,Procurement Specialist,1,33,13,2,217,True,4,4,3,14662000,12,12,False,0,0.18389716547172355,18.39,1,0.16908819344089202,Cao,3,1,1290,70.91,Random Forest,RF_2025_V1
8059,2025-01-01,2025,Sales,Sales Executive,3,25,40,5,207,False,4,4,1,21624000,5,1,False,0,0.08670079091544743,8.67,0,0.16908819344089202,Thấp,1,0,3366,24.06,Random Forest,RF_2025_V1
8060,2025-01-01,2025,Human Resources,Recruiter,1,43,18,2,192,False,2,4,1,12719000,1,1,False,0,0.1136437782024696,11.36,0,0.16908819344089202,Trung bình,2,0,2634,40.58,Random Forest,RF_2025_V1
8062,2025-01-01,2025,Operations,Operations Executive,2,50,32,2,184,False,4,4,4,23504000,3,3,False,0,0.06017627864705181,6.02,0,0.16908819344089202,Thấp,1,0,4293,3.14,Random Forest,RF_2025_V1
8065,2025-01-01,2025,Operations,Operations Manager,1,31,5,2,167,True,3,4,2,11430000,2,2,False,0,0.15861909069327837,15.86,0,0.16908819344089202,Trung bình,2,0,1645,62.9,Random Forest,RF_2025_V1
8067,2025-01-01,2025,Human Resources,HR Executive,2,46,28,2,185,False,2,2,1,30440000,11,11,False,0,0.20832896311881216,20.83,1,0.16908819344089202,Cao,3,1,1051,76.3,Random Forest,RF_2025_V1
8069,2025-01-01,2025,Sales,Sales Executive,3,38,11,6,186,False,4,4,4,21130000,7,1,False,0,0.07803273907727133,7.8,0,0.16908819344089202,Thấp,1,0,3709,16.32,Random Forest,RF_2025_V1
8073,2025-01-01,2025,Human Resources,C&B Specialist,1,46,8,6,214,False,5,4,3,11393000,1,1,False,0,0.09399180311259057,9.4,0,0.16908819344089202,Thấp,1,0,3135,29.27,Random Forest,RF_2025_V1
8074,2025-01-01,2025,Operations,Warehouse Supervisor,3,33,35,6,234,False,4,1,3,34939000,5,5,False,1,0.26422751315746673,26.42,1,0.16908819344089202,Cao,3,1,545,87.72,Random Forest,RF_2025_V1
8077,2025-01-01,2025,Operations,Warehouse Supervisor,1,25,11,3,202,False,4,3,3,11103000,2,2,False,0,0.07284317372765689,7.28,0,0.16908819344089202,Thấp,1,0,3903,11.94,Random Forest,RF_2025_V1
8079,2025-01-01,2025,Sales,Account Manager,4,30,35,1,173,False,3,3,1,76192000,10,10,False,0,0.1049756819112938,10.5,0,0.16908819344089202,Trung bình,2,0,2880,35.03,Random Forest,RF_2025_V1
8081,2025-01-01,2025,Sales,Account Manager,2,41,1,5,172,False,3,3,3,18697000,2,2,False,0,0.06711432249230932,6.71,0,0.16908819344089202,Thấp,1,0,4086,7.81,Random Forest,RF_2025_V1
8082,2025-01-01,2025,Information Technology,Data Analyst,1,34,34,3,188,True,5,3,3,10714000,3,3,False,0,0.12478044362531997,12.48,0,0.16908819344089202,Trung bình,2,0,2343,47.15,Random Forest,RF_2025_V1
8089,2025-01-01,2025,Finance,Internal Auditor,1,53,1,6,254,True,3,2,2,14267000,5,5,False,0,0.4395029412353939,43.95,1,0.16908819344089202,Cao,3,1,16,99.66,Random Forest,RF_2025_V1
8093,2025-01-01,2025,Human Resources,Recruiter,4,32,19,2,190,False,3,4,3,51005000,11,5,False,0,0.07040937784480322,7.04,0,0.16908819344089202,Thấp,1,0,3988,10.02,Random Forest,RF_2025_V1
8094,2025-01-01,2025,Information Technology,QA Engineer,2,25,33,1,186,False,2,1,4,13200000,5,1,False,0,0.12279820345921898,12.28,0,0.16908819344089202,Trung bình,2,0,2393,46.02,Random Forest,RF_2025_V1
8096,2025-01-01,2025,Operations,Operations Manager,2,50,19,2,195,False,4,3,1,15904000,15,4,False,0,0.12423436908799751,12.42,0,0.16908819344089202,Trung bình,2,0,2354,46.9,Random Forest,RF_2025_V1
8098,2025-01-01,2025,Information Technology,IT Support,4,54,13,3,166,False,3,1,4,47287000,2,1,False,0,0.1000900806128793,10.01,0,0.16908819344089202,Thấp,1,0,2999,32.34,Random Forest,RF_2025_V1
8101,2025-01-01,2025,Information Technology,Software Engineer,2,53,8,5,220,True,4,4,3,21732000,10,3,False,0,0.20073488423963917,20.07,1,0.16908819344089202,Cao,3,1,1131,74.5,Random Forest,RF_2025_V1
8104,2025-01-01,2025,Operations,Operations Executive,1,48,1,4,197,False,4,2,3,11700000,2,2,False,0,0.11683101870543783,11.68,0,0.16908819344089202,Trung bình,2,0,2539,42.72,Random Forest,RF_2025_V1
8105,2025-01-01,2025,Finance,Accountant,3,26,7,3,207,False,5,2,3,22713000,2,2,False,0,0.12400141209166471,12.4,0,0.16908819344089202,Trung bình,2,0,2362,46.72,Random Forest,RF_2025_V1
8107,2025-01-01,2025,Marketing,Marketing Manager,1,33,9,1,179,False,2,4,2,12964000,1,1,False,0,0.10058684041626355,10.06,0,0.16908819344089202,Trung bình,2,0,2981,32.75,Random Forest,RF_2025_V1
8109,2025-01-01,2025,Information Technology,Data Analyst,1,54,21,2,227,True,4,3,2,13717000,5,5,False,0,0.31089420170109705,31.09,1,0.16908819344089202,Cao,3,1,292,93.43,Random Forest,RF_2025_V1
8110,2025-01-01,2025,Operations,Operations Executive,2,29,34,1,173,False,3,2,4,17777000,5,5,False,1,0.13257271457101294,13.26,0,0.16908819344089202,Trung bình,2,0,2173,50.98,Random Forest,RF_2025_V1
8113,2025-01-01,2025,Information Technology,System Administrator,2,51,40,2,198,False,4,1,3,12931000,1,1,False,1,0.11440387001313544,11.44,0,0.16908819344089202,Trung bình,2,0,2608,41.16,Random Forest,RF_2025_V1
8116,2025-01-01,2025,Human Resources,HR Manager,2,26,26,1,180,False,3,3,4,14897000,2,1,False,0,0.060961128227703616,6.1,0,0.16908819344089202,Thấp,1,0,4273,3.59,Random Forest,RF_2025_V1
8117,2025-01-01,2025,Operations,Operations Manager,5,41,23,5,193,False,3,2,1,62911000,12,2,False,0,0.16041586422465204,16.04,0,0.16908819344089202,Trung bình,2,0,1613,63.62,Random Forest,RF_2025_V1
8119,2025-01-01,2025,Marketing,Content Specialist,3,44,16,2,208,False,3,3,4,37338000,3,3,False,0,0.062366245852450736,6.24,0,0.16908819344089202,Thấp,1,0,4232,4.51,Random Forest,RF_2025_V1
8121,2025-01-01,2025,Finance,Accountant,2,25,34,4,227,True,2,4,3,19474000,2,2,False,0,0.21568630408747608,21.57,1,0.16908819344089202,Cao,3,1,967,78.2,Random Forest,RF_2025_V1
8123,2025-01-01,2025,Finance,Internal Auditor,1,30,25,2,163,False,3,4,2,10061000,3,3,False,0,0.07901189691176287,7.9,0,0.16908819344089202,Thấp,1,0,3667,17.26,Random Forest,RF_2025_V1
8125,2025-01-01,2025,Human Resources,HR Manager,2,36,17,1,198,True,3,2,3,21115000,1,1,False,0,0.2502194553736006,25.02,1,0.16908819344089202,Cao,3,1,653,85.29,Random Forest,RF_2025_V1
8126,2025-01-01,2025,Information Technology,Data Analyst,4,47,20,2,204,False,3,3,3,58279000,2,2,False,0,0.07636147420227397,7.64,0,0.16908819344089202,Thấp,1,0,3772,14.9,Random Forest,RF_2025_V1
8129,2025-01-01,2025,Marketing,Marketing Manager,2,32,33,2,199,False,3,3,3,31465000,12,12,False,0,0.07674764535353769,7.67,0,0.16908819344089202,Thấp,1,0,3756,15.26,Random Forest,RF_2025_V1
8130,2025-01-01,2025,Human Resources,HR Executive,2,29,16,1,209,True,3,3,3,19183000,3,3,False,0,0.12300093606119807,12.3,0,0.16908819344089202,Trung bình,2,0,2388,46.13,Random Forest,RF_2025_V1
8131,2025-01-01,2025,Sales,Sales Supervisor,2,40,37,2,171,False,3,4,3,18224000,2,2,False,0,0.054117637197928184,5.41,0,0.16908819344089202,Thấp,1,0,4406,0.59,Random Forest,RF_2025_V1
8136,2025-01-01,2025,Sales,Sales Supervisor,5,29,12,2,167,False,3,3,3,59887000,3,1,False,0,0.07110192725041924,7.11,0,0.16908819344089202,Thấp,1,0,3960,10.65,Random Forest,RF_2025_V1
8138,2025-01-01,2025,Marketing,Marketing Executive,3,54,17,1,223,True,4,2,1,37708000,8,6,False,0,0.3958550100265771,39.59,1,0.16908819344089202,Cao,3,1,62,98.62,Random Forest,RF_2025_V1
8139,2025-01-01,2025,Operations,Warehouse Supervisor,2,50,2,4,215,False,5,4,2,21537000,7,2,False,0,0.10465734716201022,10.47,0,0.16908819344089202,Trung bình,2,0,2887,34.87,Random Forest,RF_2025_V1
8141,2025-01-01,2025,Finance,Accountant,1,36,15,3,178,False,4,3,3,7617000,1,1,False,0,0.08676017247678125,8.68,0,0.16908819344089202,Thấp,1,0,3358,24.24,Random Forest,RF_2025_V1
8147,2025-01-01,2025,Human Resources,Recruiter,5,39,4,5,232,True,3,4,3,88642000,11,5,False,1,0.24249748291951037,24.25,1,0.16908819344089202,Cao,3,1,716,83.86,Random Forest,RF_2025_V1
8149,2025-01-01,2025,Marketing,Marketing Manager,1,26,7,5,236,True,3,3,1,14635000,4,4,False,1,0.326940544353359,32.69,1,0.16908819344089202,Cao,3,1,227,94.9,Random Forest,RF_2025_V1
8151,2025-01-01,2025,Information Technology,Software Engineer,2,38,15,2,199,False,3,4,4,18189000,4,4,False,0,0.077692303588369,7.77,0,0.16908819344089202,Thấp,1,0,3724,15.98,Random Forest,RF_2025_V1
8155,2025-01-01,2025,Human Resources,C&B Specialist,3,50,8,6,199,True,2,4,3,34221000,3,3,False,0,0.17276388962903247,17.28,1,0.16908819344089202,Cao,3,1,1445,67.41,Random Forest,RF_2025_V1
8158,2025-01-01,2025,Finance,Financial Analyst,3,31,10,4,205,False,3,4,4,35463000,9,6,False,0,0.08262251003457109,8.26,0,0.16908819344089202,Thấp,1,0,3503,20.97,Random Forest,RF_2025_V1
8159,2025-01-01,2025,Information Technology,Software Engineer,3,55,14,2,184,False,2,2,1,38456000,4,4,False,0,0.18865182515806303,18.87,1,0.16908819344089202,Cao,3,1,1241,72.02,Random Forest,RF_2025_V1
8160,2025-01-01,2025,Information Technology,System Administrator,2,43,21,2,165,False,3,4,1,18480000,4,4,False,1,0.1126613504622528,11.27,0,0.16908819344089202,Trung bình,2,0,2669,39.79,Random Forest,RF_2025_V1
8163,2025-01-01,2025,Finance,Financial Analyst,3,52,28,3,255,True,5,4,4,27938000,12,3,False,1,0.21281967112446457,21.28,1,0.16908819344089202,Cao,3,1,1000,77.45,Random Forest,RF_2025_V1
8165,2025-01-01,2025,Sales,Sales Supervisor,1,54,13,8,251,False,5,4,3,16283000,8,8,False,0,0.2010842213128556,20.11,1,0.16908819344089202,Cao,3,1,1128,74.57,Random Forest,RF_2025_V1
8167,2025-01-01,2025,Marketing,Digital Marketing Specialist,2,40,38,5,235,True,4,4,4,16172000,10,3,False,0,0.20573119930759695,20.57,1,0.16908819344089202,Cao,3,1,1085,75.54,Random Forest,RF_2025_V1
8170,2025-01-01,2025,Human Resources,HR Executive,2,25,1,8,243,False,3,3,4,15590000,2,1,False,0,0.16195293185661583,16.2,0,0.16908819344089202,Trung bình,2,0,1584,64.27,Random Forest,RF_2025_V1
8171,2025-01-01,2025,Information Technology,Software Engineer,3,28,38,3,188,False,3,4,3,35745000,3,3,False,0,0.0685878032222095,6.86,0,0.16908819344089202,Thấp,1,0,4038,8.89,Random Forest,RF_2025_V1
8172,2025-01-01,2025,Human Resources,C&B Specialist,3,35,8,3,188,False,4,3,3,39101000,3,3,False,0,0.06087665231349419,6.09,0,0.16908819344089202,Thấp,1,0,4278,3.48,Random Forest,RF_2025_V1
8173,2025-01-01,2025,Sales,Sales Executive,1,27,5,5,223,True,5,4,3,12081000,3,3,False,0,0.19381194473591332,19.38,1,0.16908819344089202,Cao,3,1,1193,73.1,Random Forest,RF_2025_V1
8178,2025-01-01,2025,Operations,Operations Executive,1,25,28,2,160,False,5,3,2,8004000,1,1,False,0,0.12281914590643792,12.28,0,0.16908819344089202,Trung bình,2,0,2392,46.04,Random Forest,RF_2025_V1
8179,2025-01-01,2025,Sales,Sales Executive,1,34,17,2,221,True,4,3,3,10267000,1,1,False,1,0.20446984742686977,20.45,1,0.16908819344089202,Cao,3,1,1097,75.27,Random Forest,RF_2025_V1
8180,2025-01-01,2025,Information Technology,IT Support,1,48,4,5,205,False,5,1,2,16218000,6,6,False,0,0.19195452886823572,19.2,1,0.16908819344089202,Cao,3,1,1209,72.74,Random Forest,RF_2025_V1
8181,2025-01-01,2025,Information Technology,QA Engineer,1,26,11,1,176,True,4,2,2,12124000,1,1,False,1,0.2755544455692792,27.56,1,0.16908819344089202,Cao,3,1,460,89.64,Random Forest,RF_2025_V1
8183,2025-01-01,2025,Sales,Sales Supervisor,1,37,34,5,196,False,3,4,4,12940000,1,1,False,1,0.07381256343372075,7.38,0,0.16908819344089202,Thấp,1,0,3873,12.62,Random Forest,RF_2025_V1
8185,2025-01-01,2025,Sales,Sales Representative,1,54,21,3,183,False,4,3,2,13800000,9,9,False,0,0.1022084441688651,10.22,0,0.16908819344089202,Trung bình,2,0,2943,33.6,Random Forest,RF_2025_V1
8187,2025-01-01,2025,Marketing,Content Specialist,1,25,20,5,214,True,3,2,1,14705000,5,5,False,0,0.304587857000144,30.46,1,0.16908819344089202,Cao,3,1,317,92.87,Random Forest,RF_2025_V1
8188,2025-01-01,2025,Sales,Sales Executive,2,48,21,8,244,True,4,3,3,14542000,5,3,False,1,0.2592302257460651,25.92,1,0.16908819344089202,Cao,3,1,582,86.89,Random Forest,RF_2025_V1
8189,2025-01-01,2025,Human Resources,C&B Specialist,3,28,4,4,198,False,4,3,2,28518000,2,2,False,0,0.07628236546095526,7.63,0,0.16908819344089202,Thấp,1,0,3775,14.83,Random Forest,RF_2025_V1
8191,2025-01-01,2025,Sales,Sales Executive,5,40,34,2,169,False,3,3,4,64134000,8,0,True,0,0.0650328562152511,6.5,0,0.16908819344089202,Thấp,1,0,4147,6.43,Random Forest,RF_2025_V1
8192,2025-01-01,2025,Finance,Finance Manager,4,49,32,5,205,False,5,3,4,46604000,1,1,False,0,0.08047417562485197,8.05,0,0.16908819344089202,Thấp,1,0,3597,18.84,Random Forest,RF_2025_V1
8194,2025-01-01,2025,Sales,Sales Supervisor,3,52,28,1,195,False,4,4,4,25856000,8,4,False,0,0.07950442974973111,7.95,0,0.16908819344089202,Thấp,1,0,3645,17.76,Random Forest,RF_2025_V1
8198,2025-01-01,2025,Information Technology,Software Engineer,1,46,24,2,190,False,4,4,4,16952000,10,10,False,0,0.08071684060784255,8.07,0,0.16908819344089202,Thấp,1,0,3587,19.07,Random Forest,RF_2025_V1
8199,2025-01-01,2025,Information Technology,Data Analyst,2,54,27,3,183,False,5,3,3,20282000,13,13,False,0,0.08839984387458875,8.84,0,0.16908819344089202,Thấp,1,0,3313,25.25,Random Forest,RF_2025_V1
8206,2025-01-01,2025,Sales,Sales Executive,5,52,35,1,209,True,2,4,4,72324000,9,4,False,0,0.16961016002173712,16.96,1,0.16908819344089202,Cao,3,1,1483,66.55,Random Forest,RF_2025_V1
8207,2025-01-01,2025,Human Resources,HR Executive,2,54,28,1,160,False,4,2,1,25004000,8,8,False,0,0.19137508345260945,19.14,1,0.16908819344089202,Cao,3,1,1216,72.58,Random Forest,RF_2025_V1
8209,2025-01-01,2025,Human Resources,C&B Specialist,3,36,19,4,170,False,4,1,4,28564000,4,0,True,0,0.10771205237132508,10.77,0,0.16908819344089202,Trung bình,2,0,2820,36.38,Random Forest,RF_2025_V1
8211,2025-01-01,2025,Sales,Sales Representative,2,49,28,3,213,False,3,4,2,21579000,8,4,False,0,0.11603667263271786,11.6,0,0.16908819344089202,Trung bình,2,0,2562,42.2,Random Forest,RF_2025_V1
8214,2025-01-01,2025,Finance,Accountant,1,31,20,4,209,False,4,3,3,14301000,3,3,False,0,0.0676895658525053,6.77,0,0.16908819344089202,Thấp,1,0,4066,8.26,Random Forest,RF_2025_V1
8220,2025-01-01,2025,Human Resources,C&B Specialist,2,30,13,4,180,False,4,3,1,14609000,1,1,False,0,0.10650600272126666,10.65,0,0.16908819344089202,Trung bình,2,0,2853,35.64,Random Forest,RF_2025_V1
8224,2025-01-01,2025,Information Technology,Data Analyst,3,47,24,2,206,False,4,2,3,36651000,5,5,False,0,0.1371716016685726,13.72,0,0.16908819344089202,Trung bình,2,0,2056,53.62,Random Forest,RF_2025_V1
8228,2025-01-01,2025,Finance,Financial Analyst,2,52,9,5,202,False,4,4,4,26510000,15,15,False,0,0.10750299317824817,10.75,0,0.16908819344089202,Trung bình,2,0,2829,36.18,Random Forest,RF_2025_V1
8235,2025-01-01,2025,Sales,Sales Executive,3,40,14,2,185,False,2,3,4,46799000,6,6,False,0,0.07619612383289638,7.62,0,0.16908819344089202,Thấp,1,0,3777,14.78,Random Forest,RF_2025_V1
8237,2025-01-01,2025,Sales,Sales Representative,1,25,18,4,196,False,3,3,4,11559000,3,3,False,0,0.06586514680295939,6.59,0,0.16908819344089202,Thấp,1,0,4118,7.09,Random Forest,RF_2025_V1
8239,2025-01-01,2025,Sales,Sales Executive,2,45,21,2,198,True,2,2,2,26471000,4,4,False,0,0.3272467102175013,32.72,1,0.16908819344089202,Cao,3,1,226,94.92,Random Forest,RF_2025_V1
8240,2025-01-01,2025,Marketing,Marketing Manager,1,42,19,3,193,False,4,4,3,12943000,3,3,False,0,0.05478367101041686,5.48,0,0.16908819344089202,Thấp,1,0,4395,0.84,Random Forest,RF_2025_V1
8241,2025-01-01,2025,Marketing,Content Specialist,2,25,23,6,220,False,3,2,2,13667000,1,1,False,0,0.22791989496581314,22.79,1,0.16908819344089202,Cao,3,1,844,80.97,Random Forest,RF_2025_V1
8242,2025-01-01,2025,Information Technology,Software Engineer,1,29,18,1,139,False,3,2,2,13209000,2,2,False,0,0.1433241857590965,14.33,0,0.16908819344089202,Trung bình,2,0,1904,57.05,Random Forest,RF_2025_V1
8243,2025-01-01,2025,Information Technology,IT Support,1,29,40,2,180,False,3,2,4,19302000,9,9,False,0,0.13511245572131086,13.51,0,0.16908819344089202,Trung bình,2,0,2107,52.47,Random Forest,RF_2025_V1
8249,2025-01-01,2025,Sales,Sales Representative,3,37,20,3,220,True,3,2,3,40180000,12,12,False,0,0.3617323023005439,36.17,1,0.16908819344089202,Cao,3,1,127,97.16,Random Forest,RF_2025_V1
8250,2025-01-01,2025,Operations,Operations Manager,4,25,37,3,198,False,4,1,1,39917000,5,2,False,0,0.14129298824869355,14.13,0,0.16908819344089202,Trung bình,2,0,1953,55.95,Random Forest,RF_2025_V1
8259,2025-01-01,2025,Information Technology,QA Engineer,2,45,38,2,144,False,3,3,2,21253000,6,6,False,0,0.11638097565855154,11.64,0,0.16908819344089202,Trung bình,2,0,2552,42.43,Random Forest,RF_2025_V1
8263,2025-01-01,2025,Sales,Sales Executive,3,32,27,6,262,True,2,4,4,40310000,12,0,True,0,0.23186369450598462,23.19,1,0.16908819344089202,Cao,3,1,812,81.7,Random Forest,RF_2025_V1
8264,2025-01-01,2025,Sales,Account Manager,2,26,33,5,218,False,5,4,4,14512000,5,1,False,0,0.08879695548682086,8.88,0,0.16908819344089202,Thấp,1,0,3299,25.57,Random Forest,RF_2025_V1
8268,2025-01-01,2025,Human Resources,C&B Specialist,4,29,14,4,190,False,3,3,3,62876000,6,2,False,0,0.06759183495028923,6.76,0,0.16908819344089202,Thấp,1,0,4068,8.21,Random Forest,RF_2025_V1
8271,2025-01-01,2025,Human Resources,Recruiter,4,29,26,4,199,True,3,2,3,44815000,4,3,False,0,0.2120119462576027,21.2,1,0.16908819344089202,Cao,3,1,1010,77.23,Random Forest,RF_2025_V1
8272,2025-01-01,2025,Sales,Account Manager,4,47,37,2,210,True,3,2,3,59180000,2,2,False,0,0.20786627323575202,20.79,1,0.16908819344089202,Cao,3,1,1057,76.17,Random Forest,RF_2025_V1
8273,2025-01-01,2025,Marketing,Marketing Executive,1,55,7,5,179,False,2,4,3,11534000,5,5,False,0,0.07272031973288685,7.27,0,0.16908819344089202,Thấp,1,0,3909,11.8,Random Forest,RF_2025_V1
8280,2025-01-01,2025,Finance,Financial Analyst,2,40,31,5,207,False,4,3,2,19044000,8,3,False,0,0.1041058492141441,10.41,0,0.16908819344089202,Trung bình,2,0,2897,34.64,Random Forest,RF_2025_V1
8281,2025-01-01,2025,Marketing,Digital Marketing Specialist,1,26,1,5,206,False,3,2,3,15189000,3,3,False,0,0.11395662935485644,11.4,0,0.16908819344089202,Trung bình,2,0,2629,40.69,Random Forest,RF_2025_V1
8282,2025-01-01,2025,Information Technology,Software Engineer,3,31,25,5,223,False,2,4,4,30315000,4,4,False,0,0.14608087776487036,14.61,0,0.16908819344089202,Trung bình,2,0,1862,58.0,Random Forest,RF_2025_V1
8284,2025-01-01,2025,Human Resources,HR Manager,2,48,11,5,185,False,4,1,4,19370000,1,1,False,0,0.10235564922150217,10.24,0,0.16908819344089202,Trung bình,2,0,2937,33.74,Random Forest,RF_2025_V1
8285,2025-01-01,2025,Information Technology,IT Support,3,50,13,2,141,False,3,1,4,20000000,13,0,True,0,0.11345508636895017,11.35,0,0.16908819344089202,Trung bình,2,0,2639,40.46,Random Forest,RF_2025_V1
8286,2025-01-01,2025,Finance,Finance Manager,4,30,39,3,182,False,3,3,1,48578000,1,1,False,0,0.08817560574953526,8.82,0,0.16908819344089202,Thấp,1,0,3318,25.14,Random Forest,RF_2025_V1
8287,2025-01-01,2025,Finance,Accountant,4,36,23,4,194,False,4,4,3,43485000,13,3,False,0,0.06139882901633833,6.14,0,0.16908819344089202,Thấp,1,0,4257,3.95,Random Forest,RF_2025_V1
8288,2025-01-01,2025,Operations,Procurement Specialist,5,49,37,2,193,True,4,4,3,59595000,13,0,True,0,0.12922684259409603,12.92,0,0.16908819344089202,Trung bình,2,0,2264,48.93,Random Forest,RF_2025_V1
8290,2025-01-01,2025,Finance,Finance Manager,2,26,1,3,197,True,2,2,4,18436000,6,4,False,0,0.26717758471713354,26.72,1,0.16908819344089202,Cao,3,1,519,88.31,Random Forest,RF_2025_V1
8292,2025-01-01,2025,Human Resources,HR Executive,2,27,25,4,175,False,4,1,4,13598000,3,2,False,0,0.08353333015935362,8.35,0,0.16908819344089202,Thấp,1,0,3471,21.69,Random Forest,RF_2025_V1
8295,2025-01-01,2025,Human Resources,C&B Specialist,4,51,21,5,198,False,4,2,4,57194000,4,4,False,1,0.14048234548376295,14.05,0,0.16908819344089202,Trung bình,2,0,1967,55.63,Random Forest,RF_2025_V1
8300,2025-01-01,2025,Marketing,Digital Marketing Specialist,2,44,38,4,209,True,2,3,4,22918000,3,3,False,0,0.1165699234628772,11.66,0,0.16908819344089202,Trung bình,2,0,2545,42.59,Random Forest,RF_2025_V1
8308,2025-01-01,2025,Information Technology,System Administrator,1,41,15,4,183,False,3,2,4,9670000,1,1,False,0,0.10244652381896781,10.24,0,0.16908819344089202,Trung bình,2,0,2932,33.85,Random Forest,RF_2025_V1
8310,2025-01-01,2025,Finance,Finance Manager,5,37,12,4,205,True,3,3,1,71151000,4,0,True,0,0.16826159144108033,16.83,0,0.16908819344089202,Trung bình,2,0,1502,66.13,Random Forest,RF_2025_V1
8314,2025-01-01,2025,Sales,Sales Representative,3,53,40,1,190,True,3,1,1,20685000,8,0,True,1,0.2815038789488327,28.15,1,0.16908819344089202,Cao,3,1,416,90.63,Random Forest,RF_2025_V1
8319,2025-01-01,2025,Information Technology,Software Engineer,2,36,25,6,198,False,4,3,3,13043000,1,0,True,0,0.1021624153273292,10.22,0,0.16908819344089202,Trung bình,2,0,2946,33.54,Random Forest,RF_2025_V1
8321,2025-01-01,2025,Sales,Sales Representative,2,31,1,5,233,True,4,4,3,18062000,10,2,False,0,0.21717548008300053,21.72,1,0.16908819344089202,Cao,3,1,948,78.63,Random Forest,RF_2025_V1
8323,2025-01-01,2025,Human Resources,HR Manager,3,34,37,2,172,False,4,2,2,21569000,3,1,False,0,0.14666766010822335,14.67,0,0.16908819344089202,Trung bình,2,0,1852,58.23,Random Forest,RF_2025_V1
8324,2025-01-01,2025,Sales,Sales Supervisor,2,44,18,5,218,True,4,1,3,19745000,14,5,False,1,0.2548590037000181,25.49,1,0.16908819344089202,Cao,3,1,610,86.26,Random Forest,RF_2025_V1
8328,2025-01-01,2025,Marketing,Marketing Manager,2,53,17,1,207,True,3,1,2,19967000,1,1,False,0,0.28569818074728137,28.57,1,0.16908819344089202,Cao,3,1,392,91.18,Random Forest,RF_2025_V1
8331,2025-01-01,2025,Sales,Sales Representative,4,28,29,6,260,True,4,4,4,48547000,3,3,False,0,0.23159632550455878,23.16,1,0.16908819344089202,Cao,3,1,815,81.63,Random Forest,RF_2025_V1
8333,2025-01-01,2025,Operations,Procurement Specialist,1,43,16,5,263,True,3,4,2,13416000,2,2,False,0,0.29957839846483253,29.96,1,0.16908819344089202,Cao,3,1,332,92.53,Random Forest,RF_2025_V1
8334,2025-01-01,2025,Operations,Procurement Specialist,3,25,2,3,181,True,3,1,1,25431000,2,2,False,1,0.2643094452652423,26.43,1,0.16908819344089202,Cao,3,1,543,87.77,Random Forest,RF_2025_V1
8335,2025-01-01,2025,Information Technology,Data Analyst,3,36,38,6,194,False,3,3,3,21171000,11,0,True,0,0.07689185659960364,7.69,0,0.16908819344089202,Thấp,1,0,3749,15.41,Random Forest,RF_2025_V1
8338,2025-01-01,2025,Operations,Operations Executive,2,27,14,2,176,False,4,4,3,21342000,5,5,False,0,0.09149158981627856,9.15,0,0.16908819344089202,Thấp,1,0,3214,27.49,Random Forest,RF_2025_V1
8346,2025-01-01,2025,Information Technology,Software Engineer,1,36,14,3,189,True,4,4,3,19284000,11,11,False,0,0.168469128366397,16.85,0,0.16908819344089202,Trung bình,2,0,1498,66.22,Random Forest,RF_2025_V1
8347,2025-01-01,2025,Operations,Operations Manager,3,31,7,6,221,False,3,4,3,28897000,1,1,False,0,0.16019890745049226,16.02,0,0.16908819344089202,Trung bình,2,0,1616,63.55,Random Forest,RF_2025_V1
8348,2025-01-01,2025,Sales,Sales Supervisor,3,28,16,1,204,True,2,2,1,26127000,2,2,False,0,0.26354463349570323,26.35,1,0.16908819344089202,Cao,3,1,552,87.56,Random Forest,RF_2025_V1
8352,2025-01-01,2025,Marketing,Digital Marketing Specialist,2,43,25,3,165,False,4,2,3,18540000,1,1,False,0,0.11229912418052306,11.23,0,0.16908819344089202,Trung bình,2,0,2678,39.58,Random Forest,RF_2025_V1
8354,2025-01-01,2025,Information Technology,Software Engineer,1,49,30,3,197,True,3,4,3,15307000,5,5,False,0,0.16463631118901545,16.46,0,0.16908819344089202,Trung bình,2,0,1551,65.02,Random Forest,RF_2025_V1
8355,2025-01-01,2025,Marketing,Marketing Manager,2,52,20,3,190,False,3,3,4,25048000,4,4,False,0,0.06653580023577974,6.65,0,0.16908819344089202,Thấp,1,0,4103,7.42,Random Forest,RF_2025_V1
8358,2025-01-01,2025,Operations,Operations Manager,2,47,11,4,221,True,3,4,3,25256000,9,9,False,1,0.2697726642228649,26.98,1,0.16908819344089202,Cao,3,1,500,88.74,Random Forest,RF_2025_V1
8360,2025-01-01,2025,Sales,Sales Representative,3,30,40,4,189,False,3,4,4,43034000,9,9,False,0,0.07191410026325568,7.19,0,0.16908819344089202,Thấp,1,0,3930,11.33,Random Forest,RF_2025_V1
8361,2025-01-01,2025,Marketing,Content Specialist,1,29,14,6,220,False,3,2,4,12655000,6,6,False,0,0.2379980202178083,23.8,1,0.16908819344089202,Cao,3,1,748,83.14,Random Forest,RF_2025_V1
8363,2025-01-01,2025,Human Resources,HR Manager,2,35,35,7,217,False,4,3,4,21039000,1,1,False,0,0.09186321504239583,9.19,0,0.16908819344089202,Thấp,1,0,3203,27.74,Random Forest,RF_2025_V1
8365,2025-01-01,2025,Finance,Finance Manager,1,47,22,2,175,False,3,2,4,12968000,15,15,False,0,0.13691997199640515,13.69,0,0.16908819344089202,Trung bình,2,0,2064,53.44,Random Forest,RF_2025_V1
8367,2025-01-01,2025,Sales,Sales Executive,2,31,20,2,159,False,3,3,4,14617000,5,3,False,0,0.06113620350578117,6.11,0,0.16908819344089202,Thấp,1,0,4264,3.79,Random Forest,RF_2025_V1
8368,2025-01-01,2025,Operations,Procurement Specialist,2,53,19,5,206,False,3,3,4,19454000,1,1,False,0,0.08028009474649657,8.03,0,0.16908819344089202,Thấp,1,0,3610,18.55,Random Forest,RF_2025_V1
8370,2025-01-01,2025,Marketing,Digital Marketing Specialist,1,47,20,5,157,False,3,4,3,9805000,2,2,False,0,0.05374223925101972,5.37,0,0.16908819344089202,Thấp,1,0,4410,0.5,Random Forest,RF_2025_V1
8372,2025-01-01,2025,Sales,Sales Supervisor,1,48,26,7,248,True,3,3,1,19774000,11,11,False,0,0.40596681032862375,40.6,1,0.16908819344089202,Cao,3,1,44,99.03,Random Forest,RF_2025_V1
8373,2025-01-01,2025,Human Resources,Recruiter,4,36,16,1,172,False,4,2,2,36844000,8,1,False,0,0.16135589962789323,16.14,0,0.16908819344089202,Trung bình,2,0,1595,64.03,Random Forest,RF_2025_V1
8385,2025-01-01,2025,Marketing,Marketing Manager,2,29,21,5,194,False,3,3,4,15787000,3,3,False,0,0.05437232908733677,5.44,0,0.16908819344089202,Thấp,1,0,4401,0.7,Random Forest,RF_2025_V1
8387,2025-01-01,2025,Human Resources,HR Executive,2,37,38,6,202,False,3,3,2,13332000,11,0,True,0,0.09654357537598282,9.65,0,0.16908819344089202,Thấp,1,0,3074,30.65,Random Forest,RF_2025_V1
8388,2025-01-01,2025,Finance,Finance Manager,3,44,19,1,167,False,2,1,2,27955000,8,4,False,0,0.19915999085713035,19.92,1,0.16908819344089202,Cao,3,1,1145,74.18,Random Forest,RF_2025_V1
8389,2025-01-01,2025,Sales,Sales Supervisor,1,52,38,5,222,True,3,1,1,17341000,8,8,False,1,0.40621436739020483,40.62,1,0.16908819344089202,Cao,3,1,42,99.07,Random Forest,RF_2025_V1
8391,2025-01-01,2025,Finance,Internal Auditor,1,38,23,5,218,False,1,1,4,18474000,9,9,False,0,0.16863620260135945,16.86,0,0.16908819344089202,Trung bình,2,0,1496,66.26,Random Forest,RF_2025_V1
8392,2025-01-01,2025,Operations,Operations Manager,2,34,17,6,228,True,2,4,4,17933000,4,4,False,0,0.3054221937588725,30.54,1,0.16908819344089202,Cao,3,1,312,92.98,Random Forest,RF_2025_V1
8393,2025-01-01,2025,Human Resources,C&B Specialist,1,30,32,1,175,False,5,4,2,11765000,1,1,False,0,0.09880899327738285,9.88,0,0.16908819344089202,Thấp,1,0,3033,31.57,Random Forest,RF_2025_V1
8396,2025-01-01,2025,Marketing,Marketing Executive,3,37,27,4,185,False,4,3,3,27142000,1,1,False,0,0.07195124318272898,7.2,0,0.16908819344089202,Thấp,1,0,3928,11.37,Random Forest,RF_2025_V1
8397,2025-01-01,2025,Operations,Operations Executive,2,37,31,3,201,True,4,2,1,14487000,2,2,False,0,0.2428372069391591,24.28,1,0.16908819344089202,Cao,3,1,711,83.98,Random Forest,RF_2025_V1
8399,2025-01-01,2025,Human Resources,HR Executive,2,37,4,3,194,False,3,3,3,22179000,2,2,False,0,0.06639476204246497,6.64,0,0.16908819344089202,Thấp,1,0,4110,7.27,Random Forest,RF_2025_V1
8407,2025-01-01,2025,Marketing,Content Specialist,1,42,32,2,187,False,4,3,3,14538000,4,4,False,0,0.07149471318970718,7.15,0,0.16908819344089202,Thấp,1,0,3947,10.95,Random Forest,RF_2025_V1
8408,2025-01-01,2025,Marketing,Marketing Executive,1,38,16,2,182,False,5,3,3,9003000,1,1,False,1,0.06965647099041775,6.97,0,0.16908819344089202,Thấp,1,0,4008,9.57,Random Forest,RF_2025_V1
8413,2025-01-01,2025,Marketing,Digital Marketing Specialist,1,35,22,2,172,False,4,1,2,8527000,1,1,False,0,0.14256464170607425,14.26,0,0.16908819344089202,Trung bình,2,0,1922,56.65,Random Forest,RF_2025_V1
8414,2025-01-01,2025,Sales,Sales Executive,2,52,10,3,219,True,3,3,4,15546000,12,4,False,1,0.1860637882885743,18.61,1,0.16908819344089202,Cao,3,1,1268,71.41,Random Forest,RF_2025_V1
8415,2025-01-01,2025,Information Technology,System Administrator,2,26,8,6,226,False,3,3,1,22234000,4,4,False,0,0.2112241178704875,21.12,1,0.16908819344089202,Cao,3,1,1018,77.05,Random Forest,RF_2025_V1
8416,2025-01-01,2025,Marketing,Marketing Manager,1,52,23,1,193,True,3,3,3,17354000,15,15,False,0,0.16034971106540485,16.03,0,0.16908819344089202,Trung bình,2,0,1615,63.57,Random Forest,RF_2025_V1
8418,2025-01-01,2025,Finance,Accountant,2,53,31,3,157,False,4,2,2,12000000,3,0,True,0,0.12598032071940832,12.6,0,0.16908819344089202,Trung bình,2,0,2318,47.71,Random Forest,RF_2025_V1
8419,2025-01-01,2025,Finance,Internal Auditor,5,37,32,1,179,False,3,4,3,71018000,3,2,False,0,0.06942036482381393,6.94,0,0.16908819344089202,Thấp,1,0,4014,9.43,Random Forest,RF_2025_V1
8420,2025-01-01,2025,Operations,Warehouse Supervisor,1,41,22,3,165,False,4,4,3,16710000,11,11,False,0,0.09688455017166228,9.69,0,0.16908819344089202,Thấp,1,0,3068,30.78,Random Forest,RF_2025_V1
8423,2025-01-01,2025,Information Technology,IT Support,2,32,34,3,229,True,3,4,4,14592000,1,1,False,1,0.2158177876496808,21.58,1,0.16908819344089202,Cao,3,1,965,78.24,Random Forest,RF_2025_V1
8426,2025-01-01,2025,Human Resources,Recruiter,1,31,33,4,199,True,3,2,4,11454000,1,1,False,0,0.24883654490233076,24.88,1,0.16908819344089202,Cao,3,1,665,85.01,Random Forest,RF_2025_V1
8427,2025-01-01,2025,Operations,Warehouse Supervisor,2,33,31,3,205,True,2,4,4,26159000,8,8,False,0,0.17842143325718382,17.84,1,0.16908819344089202,Cao,3,1,1354,69.47,Random Forest,RF_2025_V1
8429,2025-01-01,2025,Marketing,Marketing Executive,4,54,14,2,230,True,3,1,4,42625000,2,2,False,0,0.2619885276937018,26.2,1,0.16908819344089202,Cao,3,1,563,87.32,Random Forest,RF_2025_V1
8430,2025-01-01,2025,Marketing,Content Specialist,1,26,21,1,193,True,2,3,4,14813000,4,4,False,0,0.14215233511983932,14.22,0,0.16908819344089202,Trung bình,2,0,1933,56.4,Random Forest,RF_2025_V1
8431,2025-01-01,2025,Marketing,Marketing Manager,3,27,37,4,214,True,3,2,2,29291000,3,3,False,0,0.25664768694684187,25.66,1,0.16908819344089202,Cao,3,1,599,86.5,Random Forest,RF_2025_V1
8436,2025-01-01,2025,Human Resources,Recruiter,1,40,36,6,161,False,3,2,2,12421000,2,2,False,0,0.1612638227167771,16.13,0,0.16908819344089202,Trung bình,2,0,1599,63.94,Random Forest,RF_2025_V1
8438,2025-01-01,2025,Sales,Sales Executive,2,52,1,2,176,False,3,4,4,26907000,6,6,False,0,0.07717959093539017,7.72,0,0.16908819344089202,Thấp,1,0,3740,15.62,Random Forest,RF_2025_V1
8442,2025-01-01,2025,Sales,Sales Executive,1,27,18,5,211,False,2,3,4,11464000,4,4,False,0,0.08717964961245123,8.72,0,0.16908819344089202,Thấp,1,0,3342,24.6,Random Forest,RF_2025_V1
8443,2025-01-01,2025,Information Technology,IT Support,4,35,33,1,186,True,3,4,4,50399000,12,5,False,0,0.1436555589987387,14.37,0,0.16908819344089202,Trung bình,2,0,1897,57.21,Random Forest,RF_2025_V1
8444,2025-01-01,2025,Marketing,Marketing Executive,3,30,36,4,243,True,4,3,3,32835000,6,3,False,0,0.21911490087992003,21.91,1,0.16908819344089202,Cao,3,1,928,79.08,Random Forest,RF_2025_V1
8446,2025-01-01,2025,Human Resources,HR Executive,1,50,4,5,266,True,4,3,1,11284000,2,2,False,0,0.2414870626892302,24.15,1,0.16908819344089202,Cao,3,1,723,83.71,Random Forest,RF_2025_V1
8447,2025-01-01,2025,Marketing,Digital Marketing Specialist,1,37,31,3,213,True,4,1,2,9026000,2,2,False,1,0.21199510301526947,21.2,1,0.16908819344089202,Cao,3,1,1011,77.21,Random Forest,RF_2025_V1
8450,2025-01-01,2025,Marketing,Content Specialist,1,30,6,8,237,True,3,3,3,11326000,3,3,False,0,0.22860864944887496,22.86,1,0.16908819344089202,Cao,3,1,837,81.13,Random Forest,RF_2025_V1
8457,2025-01-01,2025,Marketing,Marketing Executive,1,31,28,6,232,True,4,4,4,13609000,4,4,False,1,0.28356863420901457,28.36,1,0.16908819344089202,Cao,3,1,406,90.86,Random Forest,RF_2025_V1
8460,2025-01-01,2025,Sales,Sales Supervisor,3,44,32,2,192,False,4,1,4,27409000,8,4,False,0,0.13383039618144116,13.38,0,0.16908819344089202,Trung bình,2,0,2137,51.79,Random Forest,RF_2025_V1
8461,2025-01-01,2025,Marketing,Marketing Executive,2,25,40,5,215,True,4,3,3,18330000,2,2,False,0,0.12458270551754329,12.46,0,0.16908819344089202,Trung bình,2,0,2347,47.05,Random Forest,RF_2025_V1
8463,2025-01-01,2025,Information Technology,Software Engineer,1,26,4,4,205,False,3,4,3,8669000,3,3,False,0,0.07972945502970258,7.97,0,0.16908819344089202,Thấp,1,0,3633,18.03,Random Forest,RF_2025_V1
8466,2025-01-01,2025,Operations,Operations Manager,1,46,26,4,231,True,3,4,3,10260000,3,3,False,0,0.21845843964639855,21.85,1,0.16908819344089202,Cao,3,1,940,78.81,Random Forest,RF_2025_V1
8467,2025-01-01,2025,Operations,Operations Manager,2,28,13,6,239,True,4,3,4,26508000,7,7,False,0,0.32019803963110427,32.02,1,0.16908819344089202,Cao,3,1,251,94.36,Random Forest,RF_2025_V1
8470,2025-01-01,2025,Human Resources,Recruiter,1,55,12,4,217,True,3,3,4,16292000,5,5,False,0,0.16733829230824104,16.73,0,0.16908819344089202,Trung bình,2,0,1512,65.9,Random Forest,RF_2025_V1
8472,2025-01-01,2025,Marketing,Marketing Executive,1,53,27,3,191,False,3,3,1,15014000,7,7,False,0,0.109359160980661,10.94,0,0.16908819344089202,Trung bình,2,0,2768,37.55,Random Forest,RF_2025_V1
8473,2025-01-01,2025,Marketing,Content Specialist,1,40,18,8,213,False,4,4,2,8256000,1,1,False,0,0.1170076213623478,11.7,0,0.16908819344089202,Trung bình,2,0,2536,42.79,Random Forest,RF_2025_V1
8474,2025-01-01,2025,Operations,Operations Executive,1,47,1,6,210,False,4,3,2,11649000,12,12,False,0,0.15421146628463409,15.42,0,0.16908819344089202,Trung bình,2,0,1711,61.41,Random Forest,RF_2025_V1
8480,2025-01-01,2025,Operations,Procurement Specialist,5,44,5,3,206,False,3,4,4,82217000,7,3,False,0,0.0797041389248355,7.97,0,0.16908819344089202,Thấp,1,0,3636,17.96,Random Forest,RF_2025_V1
8481,2025-01-01,2025,Sales,Sales Executive,1,37,10,4,209,False,3,4,3,10194000,2,2,False,0,0.06562847603472323,6.56,0,0.16908819344089202,Thấp,1,0,4130,6.82,Random Forest,RF_2025_V1
8483,2025-01-01,2025,Human Resources,C&B Specialist,2,32,34,1,210,True,4,3,4,17986000,5,3,False,0,0.12070027414523787,12.07,0,0.16908819344089202,Trung bình,2,0,2451,44.71,Random Forest,RF_2025_V1
8488,2025-01-01,2025,Marketing,Marketing Manager,3,51,2,6,228,True,5,2,3,43116000,15,15,False,1,0.3807539847846755,38.08,1,0.16908819344089202,Cao,3,1,86,98.08,Random Forest,RF_2025_V1
8490,2025-01-01,2025,Operations,Procurement Specialist,1,48,33,5,201,False,3,2,2,12576000,1,1,False,1,0.1547521982400462,15.48,0,0.16908819344089202,Trung bình,2,0,1701,61.63,Random Forest,RF_2025_V1
8494,2025-01-01,2025,Operations,Procurement Specialist,1,33,23,4,244,True,3,2,4,13232000,8,8,False,0,0.4064278973246622,40.64,1,0.16908819344089202,Cao,3,1,40,99.12,Random Forest,RF_2025_V1
8495,2025-01-01,2025,Marketing,Content Specialist,3,46,33,5,240,True,3,4,4,43207000,5,5,False,0,0.2449578559700956,24.5,1,0.16908819344089202,Cao,3,1,700,84.22,Random Forest,RF_2025_V1
8498,2025-01-01,2025,Finance,Accountant,1,38,19,3,183,True,3,3,3,11724000,10,10,False,0,0.16668120764456107,16.67,0,0.16908819344089202,Trung bình,2,0,1521,65.7,Random Forest,RF_2025_V1
8499,2025-01-01,2025,Marketing,Marketing Manager,2,29,1,5,224,False,4,4,4,20695000,1,1,False,0,0.12502817078797548,12.5,0,0.16908819344089202,Trung bình,2,0,2337,47.28,Random Forest,RF_2025_V1
8500,2025-01-01,2025,Operations,Operations Manager,2,51,25,5,228,True,4,4,2,21533000,2,2,False,0,0.25912903633040785,25.91,1,0.16908819344089202,Cao,3,1,584,86.84,Random Forest,RF_2025_V1
8501,2025-01-01,2025,Human Resources,Recruiter,1,53,38,6,250,True,4,4,3,10249000,3,3,False,0,0.25909358065331617,25.91,1,0.16908819344089202,Cao,3,1,586,86.8,Random Forest,RF_2025_V1
8506,2025-01-01,2025,Operations,Operations Executive,1,38,30,3,193,True,4,3,4,13160000,2,2,False,0,0.12140693498553133,12.14,0,0.16908819344089202,Trung bình,2,0,2431,45.16,Random Forest,RF_2025_V1
8508,2025-01-01,2025,Marketing,Content Specialist,1,51,13,5,216,True,3,3,1,10345000,3,3,False,1,0.1632906341856961,16.33,0,0.16908819344089202,Trung bình,2,0,1570,64.59,Random Forest,RF_2025_V1
8509,2025-01-01,2025,Human Resources,HR Manager,1,25,26,4,192,True,4,3,2,13854000,4,4,False,0,0.19480886667140843,19.48,1,0.16908819344089202,Cao,3,1,1183,73.32,Random Forest,RF_2025_V1
8511,2025-01-01,2025,Information Technology,Software Engineer,1,33,8,1,238,True,2,4,4,7784000,1,1,False,0,0.22283924155659396,22.28,1,0.16908819344089202,Cao,3,1,893,79.87,Random Forest,RF_2025_V1
8512,2025-01-01,2025,Information Technology,QA Engineer,3,55,3,8,248,True,3,4,4,55160000,14,14,False,1,0.3027278178047129,30.27,1,0.16908819344089202,Cao,3,1,325,92.69,Random Forest,RF_2025_V1
8514,2025-01-01,2025,Operations,Procurement Specialist,1,27,35,7,211,False,4,4,3,9802000,2,2,False,0,0.08747296787970936,8.75,0,0.16908819344089202,Thấp,1,0,3332,24.83,Random Forest,RF_2025_V1
8515,2025-01-01,2025,Sales,Sales Executive,3,32,7,2,204,True,4,4,2,27265000,9,2,False,0,0.16270833376858163,16.27,0,0.16908819344089202,Trung bình,2,0,1576,64.45,Random Forest,RF_2025_V1
8516,2025-01-01,2025,Human Resources,HR Executive,3,53,37,6,221,False,5,3,4,35587000,4,4,False,0,0.15404228679582918,15.4,0,0.16908819344089202,Trung bình,2,0,1714,61.34,Random Forest,RF_2025_V1
8517,2025-01-01,2025,Operations,Operations Manager,1,25,13,5,231,True,3,4,3,10712000,5,5,False,1,0.260922070535774,26.09,1,0.16908819344089202,Cao,3,1,572,87.11,Random Forest,RF_2025_V1
8518,2025-01-01,2025,Human Resources,HR Executive,1,33,13,2,197,False,2,1,4,10410000,1,1,False,0,0.10770924271596338,10.77,0,0.16908819344089202,Trung bình,2,0,2821,36.36,Random Forest,RF_2025_V1
8519,2025-01-01,2025,Finance,Financial Analyst,2,37,21,3,202,False,3,3,4,18165000,6,6,False,0,0.08561101561732108,8.56,0,0.16908819344089202,Thấp,1,0,3398,23.34,Random Forest,RF_2025_V1
8520,2025-01-01,2025,Operations,Operations Manager,3,28,40,1,197,True,4,4,3,39747000,4,4,False,1,0.17762458077227408,17.76,1,0.16908819344089202,Cao,3,1,1366,69.19,Random Forest,RF_2025_V1
8523,2025-01-01,2025,Sales,Sales Representative,1,38,34,2,201,False,3,2,2,16089000,13,13,False,0,0.19039119022379575,19.04,1,0.16908819344089202,Cao,3,1,1224,72.4,Random Forest,RF_2025_V1
8524,2025-01-01,2025,Marketing,Marketing Manager,2,27,6,4,195,False,3,3,2,16368000,1,1,False,0,0.10485347004524993,10.49,0,0.16908819344089202,Trung bình,2,0,2884,34.94,Random Forest,RF_2025_V1
8526,2025-01-01,2025,Marketing,Marketing Manager,3,26,4,2,174,False,4,3,4,46291000,5,5,False,0,0.058055223486814175,5.81,0,0.16908819344089202,Thấp,1,0,4335,2.19,Random Forest,RF_2025_V1
8528,2025-01-01,2025,Sales,Sales Supervisor,5,25,10,3,151,False,4,3,4,61463000,3,1,False,0,0.06798851738135803,6.8,0,0.16908819344089202,Thấp,1,0,4059,8.42,Random Forest,RF_2025_V1
8533,2025-01-01,2025,Finance,Financial Analyst,3,41,37,1,166,False,2,3,2,29846000,1,1,False,0,0.10787258845784847,10.79,0,0.16908819344089202,Trung bình,2,0,2815,36.49,Random Forest,RF_2025_V1
8535,2025-01-01,2025,Sales,Account Manager,1,28,40,3,222,True,4,1,4,8906000,2,2,False,0,0.2565474448268887,25.65,1,0.16908819344089202,Cao,3,1,600,86.48,Random Forest,RF_2025_V1
8541,2025-01-01,2025,Operations,Operations Manager,2,25,12,2,156,False,3,2,2,13144000,2,1,False,1,0.14746086462692654,14.75,0,0.16908819344089202,Trung bình,2,0,1839,58.52,Random Forest,RF_2025_V1
8543,2025-01-01,2025,Sales,Sales Representative,3,27,17,2,219,True,3,3,1,29529000,7,2,False,0,0.21210811966911727,21.21,1,0.16908819344089202,Cao,3,1,1008,77.27,Random Forest,RF_2025_V1
8546,2025-01-01,2025,Finance,Internal Auditor,1,42,27,4,218,False,3,3,1,9683000,4,4,False,0,0.1534447769557994,15.34,0,0.16908819344089202,Trung bình,2,0,1727,61.05,Random Forest,RF_2025_V1
8547,2025-01-01,2025,Sales,Sales Representative,4,51,9,1,195,True,4,2,4,41404000,1,1,False,0,0.20977086455079133,20.98,1,0.16908819344089202,Cao,3,1,1035,76.66,Random Forest,RF_2025_V1
8551,2025-01-01,2025,Operations,Operations Executive,1,47,28,3,189,False,4,3,4,12281000,12,12,False,0,0.0925470001972198,9.25,0,0.16908819344089202,Thấp,1,0,3178,28.3,Random Forest,RF_2025_V1
8553,2025-01-01,2025,Finance,Finance Manager,2,33,1,7,203,False,3,4,4,21819000,4,4,False,0,0.08805827292790583,8.81,0,0.16908819344089202,Thấp,1,0,3322,25.05,Random Forest,RF_2025_V1
8554,2025-01-01,2025,Finance,Accountant,1,33,31,3,199,False,3,4,4,15710000,4,4,False,0,0.07925675051820254,7.93,0,0.16908819344089202,Thấp,1,0,3653,17.58,Random Forest,RF_2025_V1
8555,2025-01-01,2025,Operations,Warehouse Supervisor,2,26,9,1,204,False,3,4,3,16059000,2,2,False,0,0.06725153805150776,6.73,0,0.16908819344089202,Thấp,1,0,4081,7.92,Random Forest,RF_2025_V1
8556,2025-01-01,2025,Finance,Accountant,2,26,40,5,198,False,4,2,4,15272000,1,1,False,0,0.11108231680860221,11.11,0,0.16908819344089202,Trung bình,2,0,2720,38.64,Random Forest,RF_2025_V1
8557,2025-01-01,2025,Marketing,Content Specialist,1,26,32,2,212,True,2,3,3,12125000,4,4,False,1,0.14934513790940024,14.93,0,0.16908819344089202,Trung bình,2,0,1809,59.2,Random Forest,RF_2025_V1
8558,2025-01-01,2025,Sales,Sales Supervisor,3,30,4,2,184,True,3,4,4,40859000,5,5,False,0,0.16449105057902352,16.45,0,0.16908819344089202,Trung bình,2,0,1553,64.97,Random Forest,RF_2025_V1
8561,2025-01-01,2025,Information Technology,QA Engineer,4,33,18,3,219,True,5,4,4,40098000,7,2,False,0,0.15369680571923708,15.37,0,0.16908819344089202,Trung bình,2,0,1723,61.14,Random Forest,RF_2025_V1
8562,2025-01-01,2025,Human Resources,C&B Specialist,4,34,40,4,181,False,4,4,2,56724000,13,6,False,0,0.09231433703043819,9.23,0,0.16908819344089202,Thấp,1,0,3188,28.07,Random Forest,RF_2025_V1
8563,2025-01-01,2025,Finance,Finance Manager,3,49,25,2,136,False,3,4,3,36815000,13,1,False,0,0.0637516781743211,6.38,0,0.16908819344089202,Thấp,1,0,4193,5.39,Random Forest,RF_2025_V1
8567,2025-01-01,2025,Information Technology,QA Engineer,1,28,35,4,231,True,3,4,2,12853000,2,2,False,0,0.27004042787058,27.0,1,0.16908819344089202,Cao,3,1,496,88.83,Random Forest,RF_2025_V1
8568,2025-01-01,2025,Sales,Account Manager,2,49,4,4,206,False,3,1,2,17553000,3,2,False,0,0.17341956464901215,17.34,1,0.16908819344089202,Cao,3,1,1436,67.61,Random Forest,RF_2025_V1
8573,2025-01-01,2025,Operations,Warehouse Supervisor,4,39,34,1,198,False,4,1,2,48813000,11,4,False,0,0.18438950941516996,18.44,1,0.16908819344089202,Cao,3,1,1287,70.98,Random Forest,RF_2025_V1
8579,2025-01-01,2025,Sales,Sales Executive,3,45,39,5,178,False,3,2,1,37137000,3,3,False,1,0.149903587110663,14.99,0,0.16908819344089202,Trung bình,2,0,1795,59.51,Random Forest,RF_2025_V1
8583,2025-01-01,2025,Human Resources,HR Executive,3,41,15,2,223,True,5,4,3,37394000,10,3,False,0,0.20379969026190906,20.38,1,0.16908819344089202,Cao,3,1,1102,75.15,Random Forest,RF_2025_V1
8584,2025-01-01,2025,Marketing,Digital Marketing Specialist,4,35,30,6,186,False,3,4,4,41107000,15,1,False,0,0.08113967458069288,8.11,0,0.16908819344089202,Thấp,1,0,3566,19.54,Random Forest,RF_2025_V1
8587,2025-01-01,2025,Finance,Internal Auditor,1,29,21,4,194,False,4,2,3,10030000,4,4,False,0,0.14164605655388873,14.16,0,0.16908819344089202,Trung bình,2,0,1942,56.19,Random Forest,RF_2025_V1
8592,2025-01-01,2025,Human Resources,Recruiter,3,47,6,2,197,False,2,3,2,32677000,12,4,False,0,0.10837030620470932,10.84,0,0.16908819344089202,Trung bình,2,0,2795,36.94,Random Forest,RF_2025_V1
8593,2025-01-01,2025,Human Resources,Recruiter,4,40,27,2,167,False,4,2,3,49077000,13,3,False,0,0.12245673228231943,12.25,0,0.16908819344089202,Trung bình,2,0,2399,45.88,Random Forest,RF_2025_V1
8600,2025-01-01,2025,Finance,Internal Auditor,2,39,33,3,203,False,3,4,4,12000000,1,0,True,0,0.08041374760414717,8.04,0,0.16908819344089202,Thấp,1,0,3600,18.78,Random Forest,RF_2025_V1
8603,2025-01-01,2025,Information Technology,System Administrator,3,54,11,4,194,False,4,2,1,25042000,2,2,False,0,0.15104153760697983,15.1,0,0.16908819344089202,Trung bình,2,0,1768,60.12,Random Forest,RF_2025_V1
8609,2025-01-01,2025,Finance,Finance Manager,1,36,32,1,195,True,4,2,2,12002000,1,1,False,0,0.2669653087551374,26.7,1,0.16908819344089202,Cao,3,1,520,88.29,Random Forest,RF_2025_V1
8613,2025-01-01,2025,Finance,Accountant,4,37,29,6,257,True,4,2,4,44865000,2,1,False,0,0.3164123489827626,31.64,1,0.16908819344089202,Cao,3,1,265,94.04,Random Forest,RF_2025_V1
8614,2025-01-01,2025,Operations,Operations Executive,1,49,8,3,175,False,4,4,3,8536000,1,1,False,0,0.08179475056963804,8.18,0,0.16908819344089202,Thấp,1,0,3537,20.2,Random Forest,RF_2025_V1
8620,2025-01-01,2025,Finance,Internal Auditor,1,26,38,2,190,False,3,3,2,8196000,1,1,False,0,0.10580895118053678,10.58,0,0.16908819344089202,Trung bình,2,0,2867,35.32,Random Forest,RF_2025_V1
8625,2025-01-01,2025,Marketing,Content Specialist,1,49,25,4,203,False,3,2,4,12241000,1,1,False,0,0.11341792906917171,11.34,0,0.16908819344089202,Trung bình,2,0,2641,40.42,Random Forest,RF_2025_V1
8626,2025-01-01,2025,Marketing,Content Specialist,3,35,6,3,210,True,4,3,4,29663000,7,4,False,0,0.14478640863427633,14.48,0,0.16908819344089202,Trung bình,2,0,1879,57.62,Random Forest,RF_2025_V1
8627,2025-01-01,2025,Marketing,Content Specialist,1,45,32,2,190,False,4,3,3,15350000,13,13,False,0,0.0752341520897624,7.52,0,0.16908819344089202,Thấp,1,0,3814,13.95,Random Forest,RF_2025_V1
8631,2025-01-01,2025,Human Resources,Recruiter,2,41,36,3,218,True,2,4,3,21730000,3,3,False,0,0.12483909139482817,12.48,0,0.16908819344089202,Trung bình,2,0,2341,47.19,Random Forest,RF_2025_V1
8633,2025-01-01,2025,Marketing,Digital Marketing Specialist,2,36,17,4,175,False,2,2,2,23950000,3,3,False,0,0.14565129308716301,14.57,0,0.16908819344089202,Trung bình,2,0,1869,57.84,Random Forest,RF_2025_V1
8634,2025-01-01,2025,Information Technology,IT Support,3,30,39,2,203,False,4,2,2,27397000,3,3,False,0,0.12332004197133682,12.33,0,0.16908819344089202,Trung bình,2,0,2374,46.45,Random Forest,RF_2025_V1
8635,2025-01-01,2025,Marketing,Marketing Executive,2,33,8,3,167,False,3,4,3,14742000,2,2,False,0,0.05252681266227099,5.25,0,0.16908819344089202,Thấp,1,0,4412,0.45,Random Forest,RF_2025_V1
8636,2025-01-01,2025,Marketing,Digital Marketing Specialist,1,34,40,4,194,False,4,3,3,13393000,2,2,False,0,0.05135257242923427,5.14,0,0.16908819344089202,Thấp,1,0,4421,0.25,Random Forest,RF_2025_V1
8637,2025-01-01,2025,Sales,Account Manager,4,49,40,2,219,True,2,3,3,35000000,11,0,True,0,0.1824015045267111,18.24,1,0.16908819344089202,Cao,3,1,1308,70.5,Random Forest,RF_2025_V1
8638,2025-01-01,2025,Operations,Operations Executive,1,55,18,5,222,False,4,3,3,14832000,7,7,False,0,0.17400678849162113,17.4,1,0.16908819344089202,Cao,3,1,1427,67.82,Random Forest,RF_2025_V1
8639,2025-01-01,2025,Marketing,Content Specialist,5,37,9,4,227,True,3,4,2,55000000,12,0,True,0,0.25269904722458064,25.27,1,0.16908819344089202,Cao,3,1,632,85.76,Random Forest,RF_2025_V1
8645,2025-01-01,2025,Sales,Sales Supervisor,1,43,21,2,166,False,3,2,2,9634000,3,3,False,0,0.13509111827181974,13.51,0,0.16908819344089202,Trung bình,2,0,2109,52.43,Random Forest,RF_2025_V1
8647,2025-01-01,2025,Marketing,Marketing Executive,4,46,37,1,187,True,4,2,3,43483000,6,4,False,0,0.21311598843717858,21.31,1,0.16908819344089202,Cao,3,1,997,77.52,Random Forest,RF_2025_V1
8648,2025-01-01,2025,Human Resources,C&B Specialist,2,26,40,1,174,False,3,3,4,15141000,1,1,False,0,0.07546356928937482,7.55,0,0.16908819344089202,Thấp,1,0,3802,14.22,Random Forest,RF_2025_V1
8650,2025-01-01,2025,Information Technology,Data Analyst,2,55,17,3,225,True,5,4,4,19965000,1,1,False,0,0.19667172876733294,19.67,1,0.16908819344089202,Cao,3,1,1169,73.64,Random Forest,RF_2025_V1
8651,2025-01-01,2025,Marketing,Marketing Executive,4,50,17,3,167,False,5,1,4,50041000,2,2,False,0,0.09672041944533033,9.67,0,0.16908819344089202,Thấp,1,0,3071,30.72,Random Forest,RF_2025_V1
8657,2025-01-01,2025,Sales,Sales Representative,1,25,4,1,166,False,2,4,4,12353000,1,1,False,0,0.07822180034236272,7.82,0,0.16908819344089202,Thấp,1,0,3699,16.54,Random Forest,RF_2025_V1
8658,2025-01-01,2025,Sales,Sales Supervisor,1,36,13,4,201,False,3,3,4,8760000,1,1,False,0,0.07159408171241101,7.16,0,0.16908819344089202,Thấp,1,0,3943,11.04,Random Forest,RF_2025_V1
8659,2025-01-01,2025,Finance,Financial Analyst,2,41,36,5,193,True,3,4,2,14062000,3,2,False,0,0.16245858490421525,16.25,0,0.16908819344089202,Trung bình,2,0,1577,64.43,Random Forest,RF_2025_V1
8660,2025-01-01,2025,Operations,Procurement Specialist,2,54,18,1,192,False,4,4,3,12000000,1,0,True,0,0.08710882220651373,8.71,0,0.16908819344089202,Thấp,1,0,3345,24.53,Random Forest,RF_2025_V1
8662,2025-01-01,2025,Sales,Sales Supervisor,3,53,30,4,180,False,4,4,3,49973000,9,9,False,0,0.0809088889098544,8.09,0,0.16908819344089202,Thấp,1,0,3577,19.3,Random Forest,RF_2025_V1
8665,2025-01-01,2025,Finance,Internal Auditor,1,45,4,6,205,False,4,3,2,12035000,3,3,False,0,0.10783441060216037,10.78,0,0.16908819344089202,Trung bình,2,0,2816,36.47,Random Forest,RF_2025_V1
8667,2025-01-01,2025,Human Resources,HR Manager,3,54,4,4,181,True,3,4,1,36205000,15,2,False,1,0.1771097500485096,17.71,1,0.16908819344089202,Cao,3,1,1376,68.97,Random Forest,RF_2025_V1
8671,2025-01-01,2025,Sales,Sales Representative,2,50,1,2,161,False,4,3,4,18467000,2,2,False,0,0.0612036272201439,6.12,0,0.16908819344089202,Thấp,1,0,4263,3.81,Random Forest,RF_2025_V1
8672,2025-01-01,2025,Sales,Sales Executive,4,36,2,5,196,False,4,4,4,38954000,5,0,True,0,0.06844781396220286,6.84,0,0.16908819344089202,Thấp,1,0,4046,8.71,Random Forest,RF_2025_V1
8678,2025-01-01,2025,Finance,Financial Analyst,3,46,2,2,178,False,4,2,4,34416000,5,0,True,0,0.1234815794887267,12.35,0,0.16908819344089202,Trung bình,2,0,2372,46.49,Random Forest,RF_2025_V1
8684,2025-01-01,2025,Finance,Internal Auditor,1,45,31,3,205,True,3,3,3,11409000,2,2,False,0,0.13543605406425413,13.54,0,0.16908819344089202,Trung bình,2,0,2101,52.61,Random Forest,RF_2025_V1
8685,2025-01-01,2025,Marketing,Marketing Manager,2,36,28,4,192,False,4,4,4,19723000,3,3,False,0,0.05053645638163837,5.05,0,0.16908819344089202,Thấp,1,0,4427,0.11,Random Forest,RF_2025_V1
8686,2025-01-01,2025,Information Technology,IT Support,1,31,8,4,156,False,3,4,4,15728000,7,7,False,0,0.07740864226979688,7.74,0,0.16908819344089202,Thấp,1,0,3733,15.78,Random Forest,RF_2025_V1
8688,2025-01-01,2025,Operations,Operations Executive,2,43,10,8,251,False,4,2,3,16441000,1,1,False,1,0.23854130103112894,23.85,1,0.16908819344089202,Cao,3,1,743,83.25,Random Forest,RF_2025_V1
8693,2025-01-01,2025,Information Technology,Data Analyst,3,41,7,4,199,True,4,4,1,28884000,1,1,False,1,0.17284991371831582,17.28,1,0.16908819344089202,Cao,3,1,1444,67.43,Random Forest,RF_2025_V1
8695,2025-01-01,2025,Finance,Internal Auditor,3,50,18,4,233,True,3,2,4,37645000,1,1,False,1,0.33255156423676063,33.26,1,0.16908819344089202,Cao,3,1,209,95.31,Random Forest,RF_2025_V1
8696,2025-01-01,2025,Finance,Finance Manager,2,35,24,1,198,False,4,3,4,15211000,2,0,True,0,0.07152379014397417,7.15,0,0.16908819344089202,Thấp,1,0,3945,10.99,Random Forest,RF_2025_V1
8697,2025-01-01,2025,Sales,Account Manager,3,27,39,3,183,False,3,2,2,25859000,5,2,False,0,0.14232023369701616,14.23,0,0.16908819344089202,Trung bình,2,0,1928,56.51,Random Forest,RF_2025_V1
8698,2025-01-01,2025,Marketing,Marketing Manager,3,42,25,2,166,False,3,4,4,21427000,14,1,False,0,0.06920840354280576,6.92,0,0.16908819344089202,Thấp,1,0,4024,9.21,Random Forest,RF_2025_V1
8699,2025-01-01,2025,Information Technology,IT Support,4,30,30,3,186,False,4,4,3,56364000,6,0,True,0,0.059496462759806586,5.95,0,0.16908819344089202,Thấp,1,0,4312,2.71,Random Forest,RF_2025_V1
8700,2025-01-01,2025,Sales,Account Manager,1,45,33,2,195,False,4,2,4,15782000,10,10,False,1,0.13952444085550744,13.95,0,0.16908819344089202,Trung bình,2,0,1992,55.07,Random Forest,RF_2025_V1
8703,2025-01-01,2025,Operations,Operations Manager,1,50,38,4,191,False,4,4,3,16683000,6,6,False,0,0.08451960089020921,8.45,0,0.16908819344089202,Thấp,1,0,3435,22.5,Random Forest,RF_2025_V1
8705,2025-01-01,2025,Information Technology,Software Engineer,3,41,1,5,210,False,3,1,4,48162000,6,6,False,0,0.14970821884418287,14.97,0,0.16908819344089202,Trung bình,2,0,1801,59.38,Random Forest,RF_2025_V1
8706,2025-01-01,2025,Finance,Financial Analyst,1,25,30,5,227,False,3,3,4,10493000,1,1,False,0,0.12276363243670098,12.28,0,0.16908819344089202,Trung bình,2,0,2394,45.99,Random Forest,RF_2025_V1
8708,2025-01-01,2025,Information Technology,Data Analyst,1,30,36,1,210,True,3,2,2,9740000,1,1,False,0,0.28031406321309904,28.03,1,0.16908819344089202,Cao,3,1,427,90.39,Random Forest,RF_2025_V1
8709,2025-01-01,2025,Marketing,Digital Marketing Specialist,2,45,39,1,184,False,4,3,4,24204000,9,9,False,0,0.057610305238892746,5.76,0,0.16908819344089202,Thấp,1,0,4349,1.87,Random Forest,RF_2025_V1
8717,2025-01-01,2025,Information Technology,System Administrator,2,33,6,3,222,True,3,3,2,20012000,11,2,False,1,0.27764250148043157,27.76,1,0.16908819344089202,Cao,3,1,448,89.91,Random Forest,RF_2025_V1
8718,2025-01-01,2025,Operations,Warehouse Supervisor,2,45,39,4,200,False,3,3,1,15579000,11,4,False,0,0.11800489384152814,11.8,0,0.16908819344089202,Trung bình,2,0,2515,43.26,Random Forest,RF_2025_V1
8719,2025-01-01,2025,Sales,Sales Representative,3,52,1,3,211,False,3,3,4,35317000,1,1,False,0,0.07797717728090624,7.8,0,0.16908819344089202,Thấp,1,0,3712,16.25,Random Forest,RF_2025_V1
8720,2025-01-01,2025,Information Technology,QA Engineer,2,46,15,4,193,True,4,4,2,14075000,5,3,False,1,0.17459738818237797,17.46,1,0.16908819344089202,Cao,3,1,1416,68.07,Random Forest,RF_2025_V1
8721,2025-01-01,2025,Sales,Sales Executive,2,27,40,4,222,True,2,4,4,12470000,4,0,True,1,0.21732267320428594,21.73,1,0.16908819344089202,Cao,3,1,947,78.65,Random Forest,RF_2025_V1
8725,2025-01-01,2025,Finance,Financial Analyst,2,34,16,3,195,False,4,3,1,21096000,10,10,False,0,0.11457328235219758,11.46,0,0.16908819344089202,Trung bình,2,0,2604,41.25,Random Forest,RF_2025_V1
8731,2025-01-01,2025,Human Resources,HR Executive,3,36,19,7,192,False,3,3,1,37468000,5,5,False,0,0.11243187984607457,11.24,0,0.16908819344089202,Trung bình,2,0,2674,39.68,Random Forest,RF_2025_V1
8734,2025-01-01,2025,Marketing,Content Specialist,3,25,38,2,175,False,3,4,2,26539000,1,1,False,0,0.0999952363168578,10.0,0,0.16908819344089202,Thấp,1,0,3000,32.32,Random Forest,RF_2025_V1
8739,2025-01-01,2025,Operations,Operations Manager,2,32,10,1,147,False,3,1,4,16976000,3,3,False,0,0.08283663946625582,8.28,0,0.16908819344089202,Thấp,1,0,3492,21.21,Random Forest,RF_2025_V1
8741,2025-01-01,2025,Sales,Account Manager,3,45,38,4,185,False,3,4,3,46001000,7,7,False,0,0.07869512226313667,7.87,0,0.16908819344089202,Thấp,1,0,3681,16.95,Random Forest,RF_2025_V1
8743,2025-01-01,2025,Information Technology,System Administrator,2,32,23,3,206,False,4,3,2,15772000,1,1,False,0,0.10442950189847566,10.44,0,0.16908819344089202,Trung bình,2,0,2892,34.76,Random Forest,RF_2025_V1
8754,2025-01-01,2025,Finance,Accountant,3,28,7,4,201,False,4,4,4,32137000,1,1,False,0,0.08323916818725294,8.32,0,0.16908819344089202,Thấp,1,0,3478,21.53,Random Forest,RF_2025_V1
8758,2025-01-01,2025,Human Resources,Recruiter,2,32,20,5,213,True,5,3,4,14498000,9,2,False,0,0.12815919382491947,12.82,0,0.16908819344089202,Trung bình,2,0,2278,48.61,Random Forest,RF_2025_V1
8759,2025-01-01,2025,Operations,Operations Executive,2,26,19,3,181,False,4,3,4,20590000,3,3,False,0,0.06204962746758241,6.2,0,0.16908819344089202,Thấp,1,0,4245,4.22,Random Forest,RF_2025_V1
8760,2025-01-01,2025,Human Resources,Recruiter,3,28,33,4,192,False,3,4,2,24554000,6,4,False,0,0.10777791822116098,10.78,0,0.16908819344089202,Trung bình,2,0,2817,36.45,Random Forest,RF_2025_V1
8763,2025-01-01,2025,Marketing,Marketing Manager,1,52,3,3,160,False,3,3,3,8779000,1,1,False,0,0.06579491503181051,6.58,0,0.16908819344089202,Thấp,1,0,4123,6.97,Random Forest,RF_2025_V1
8766,2025-01-01,2025,Human Resources,C&B Specialist,4,37,18,3,205,True,3,3,3,35000000,4,0,True,0,0.13573359447824396,13.57,0,0.16908819344089202,Trung bình,2,0,2090,52.85,Random Forest,RF_2025_V1
8768,2025-01-01,2025,Human Resources,HR Manager,2,44,34,2,182,False,3,1,4,20274000,7,4,False,0,0.13197043989373072,13.2,0,0.16908819344089202,Trung bình,2,0,2196,50.46,Random Forest,RF_2025_V1
8769,2025-01-01,2025,Operations,Operations Manager,2,48,36,1,156,False,3,1,3,20552000,8,3,False,0,0.11424210748831735,11.42,0,0.16908819344089202,Trung bình,2,0,2618,40.94,Random Forest,RF_2025_V1
8771,2025-01-01,2025,Sales,Sales Representative,2,26,10,3,154,False,2,2,1,13884000,1,1,False,0,0.14576344220688311,14.58,0,0.16908819344089202,Trung bình,2,0,1867,57.89,Random Forest,RF_2025_V1
8774,2025-01-01,2025,Sales,Sales Supervisor,1,32,6,3,190,False,3,3,2,11192000,3,3,False,0,0.08095905531860502,8.1,0,0.16908819344089202,Thấp,1,0,3574,19.36,Random Forest,RF_2025_V1
8775,2025-01-01,2025,Operations,Warehouse Supervisor,1,45,10,5,243,True,4,3,1,10045000,1,1,False,0,0.28933518748469644,28.93,1,0.16908819344089202,Cao,3,1,376,91.54,Random Forest,RF_2025_V1
8776,2025-01-01,2025,Marketing,Marketing Executive,2,52,26,8,244,False,4,3,1,24072000,10,10,False,0,0.24202283474714387,24.2,1,0.16908819344089202,Cao,3,1,719,83.8,Random Forest,RF_2025_V1
8777,2025-01-01,2025,Information Technology,Data Analyst,2,55,18,4,226,True,2,3,4,28874000,12,12,False,1,0.2546873517482562,25.47,1,0.16908819344089202,Cao,3,1,613,86.19,Random Forest,RF_2025_V1
8778,2025-01-01,2025,Sales,Sales Supervisor,2,29,21,3,179,False,3,2,2,21843000,2,2,False,1,0.1406878367555072,14.07,0,0.16908819344089202,Trung bình,2,0,1962,55.74,Random Forest,RF_2025_V1
8779,2025-01-01,2025,Human Resources,HR Executive,1,42,28,2,125,False,3,3,4,14994000,12,12,False,0,0.08107924130546942,8.11,0,0.16908819344089202,Thấp,1,0,3569,19.48,Random Forest,RF_2025_V1
8780,2025-01-01,2025,Information Technology,QA Engineer,3,28,17,8,234,False,5,3,4,30319000,4,4,False,0,0.20925044742533075,20.93,1,0.16908819344089202,Cao,3,1,1042,76.51,Random Forest,RF_2025_V1
8781,2025-01-01,2025,Human Resources,C&B Specialist,2,54,6,3,180,True,4,4,3,13131000,1,1,False,0,0.12835680299544824,12.84,0,0.16908819344089202,Trung bình,2,0,2276,48.66,Random Forest,RF_2025_V1
8782,2025-01-01,2025,Human Resources,HR Executive,1,28,39,3,179,False,3,1,4,15017000,7,7,False,0,0.14045458352834989,14.05,0,0.16908819344089202,Trung bình,2,0,1968,55.61,Random Forest,RF_2025_V1
8783,2025-01-01,2025,Sales,Sales Representative,4,46,3,1,156,False,2,4,4,42224000,2,2,False,0,0.05151065991903568,5.15,0,0.16908819344089202,Thấp,1,0,4420,0.27,Random Forest,RF_2025_V1
8784,2025-01-01,2025,Operations,Procurement Specialist,4,44,17,2,172,False,3,3,3,42249000,2,1,False,0,0.06082264285593187,6.08,0,0.16908819344089202,Thấp,1,0,4280,3.43,Random Forest,RF_2025_V1
8786,2025-01-01,2025,Marketing,Digital Marketing Specialist,4,52,23,1,172,False,4,4,4,43358000,10,3,False,0,0.05951406116673925,5.95,0,0.16908819344089202,Thấp,1,0,4311,2.73,Random Forest,RF_2025_V1
8787,2025-01-01,2025,Human Resources,HR Manager,1,29,26,5,244,True,3,4,1,8998000,2,2,False,0,0.26405374435139306,26.41,1,0.16908819344089202,Cao,3,1,546,87.7,Random Forest,RF_2025_V1
8789,2025-01-01,2025,Finance,Accountant,2,48,14,5,200,False,3,2,2,20295000,2,2,False,0,0.1544171445938761,15.44,0,0.16908819344089202,Trung bình,2,0,1708,61.48,Random Forest,RF_2025_V1
8790,2025-01-01,2025,Finance,Financial Analyst,1,25,1,2,209,True,4,4,3,12106000,3,3,False,0,0.13779573264427825,13.78,0,0.16908819344089202,Trung bình,2,0,2037,54.05,Random Forest,RF_2025_V1
8792,2025-01-01,2025,Information Technology,Software Engineer,3,32,24,1,183,False,3,4,2,24714000,2,2,False,0,0.08415596273054049,8.42,0,0.16908819344089202,Thấp,1,0,3453,22.09,Random Forest,RF_2025_V1
8796,2025-01-01,2025,Human Resources,C&B Specialist,2,32,9,1,207,True,3,2,4,21450000,9,9,False,0,0.287473574175533,28.75,1,0.16908819344089202,Cao,3,1,383,91.38,Random Forest,RF_2025_V1
8798,2025-01-01,2025,Marketing,Marketing Executive,1,32,16,1,162,False,3,2,4,14688000,7,7,False,0,0.13925089004798627,13.93,0,0.16908819344089202,Trung bình,2,0,2000,54.89,Random Forest,RF_2025_V1
8801,2025-01-01,2025,Information Technology,QA Engineer,1,25,37,4,185,False,3,2,2,8029000,1,1,False,1,0.17376293460403153,17.38,1,0.16908819344089202,Cao,3,1,1430,67.75,Random Forest,RF_2025_V1
8803,2025-01-01,2025,Sales,Account Manager,3,31,25,1,183,False,3,3,4,44925000,4,4,False,0,0.07405173975432501,7.41,0,0.16908819344089202,Thấp,1,0,3861,12.89,Random Forest,RF_2025_V1
8811,2025-01-01,2025,Information Technology,System Administrator,1,54,2,2,164,False,4,3,4,12246000,14,14,False,0,0.10659747641057175,10.66,0,0.16908819344089202,Trung bình,2,0,2850,35.7,Random Forest,RF_2025_V1
8813,2025-01-01,2025,Human Resources,C&B Specialist,1,35,29,6,218,True,2,3,3,13364000,6,6,False,0,0.24684844423034713,24.68,1,0.16908819344089202,Cao,3,1,689,84.47,Random Forest,RF_2025_V1
8818,2025-01-01,2025,Information Technology,QA Engineer,1,32,19,5,196,False,3,4,3,8600000,1,1,False,0,0.09158195904169121,9.16,0,0.16908819344089202,Thấp,1,0,3209,27.6,Random Forest,RF_2025_V1
8820,2025-01-01,2025,Operations,Warehouse Supervisor,4,46,24,3,229,True,2,2,4,57698000,2,2,False,0,0.28309019414460745,28.31,1,0.16908819344089202,Cao,3,1,408,90.81,Random Forest,RF_2025_V1
8821,2025-01-01,2025,Operations,Operations Executive,1,50,40,7,237,True,4,2,4,14405000,11,11,False,0,0.42004636363807873,42.0,1,0.16908819344089202,Cao,3,1,28,99.39,Random Forest,RF_2025_V1
8822,2025-01-01,2025,Finance,Internal Auditor,1,39,36,5,214,True,4,2,3,10650000,2,2,False,0,0.24708918574747632,24.71,1,0.16908819344089202,Cao,3,1,687,84.52,Random Forest,RF_2025_V1
8823,2025-01-01,2025,Information Technology,Data Analyst,1,33,34,2,158,False,3,3,3,10499000,1,1,False,0,0.07985300509716435,7.99,0,0.16908819344089202,Thấp,1,0,3627,18.17,Random Forest,RF_2025_V1
8824,2025-01-01,2025,Operations,Warehouse Supervisor,4,36,8,4,197,False,3,4,2,69887000,15,5,False,0,0.12194095407727402,12.19,0,0.16908819344089202,Trung bình,2,0,2411,45.61,Random Forest,RF_2025_V1
8825,2025-01-01,2025,Information Technology,Software Engineer,2,27,14,5,202,False,4,4,1,17334000,1,1,False,0,0.11490852817025678,11.49,0,0.16908819344089202,Trung bình,2,0,2594,41.48,Random Forest,RF_2025_V1
8827,2025-01-01,2025,Sales,Sales Supervisor,1,34,14,1,200,True,2,4,4,13583000,10,10,False,0,0.17818125479912858,17.82,1,0.16908819344089202,Cao,3,1,1357,69.4,Random Forest,RF_2025_V1
8828,2025-01-01,2025,Operations,Procurement Specialist,1,32,8,6,253,True,3,1,2,14965000,5,5,False,1,0.4931658971483003,49.32,1,0.16908819344089202,Cao,3,1,2,99.98,Random Forest,RF_2025_V1
8829,2025-01-01,2025,Information Technology,System Administrator,3,29,5,2,211,True,2,4,1,37663000,7,3,False,0,0.17222578810934022,17.22,1,0.16908819344089202,Cao,3,1,1450,67.3,Random Forest,RF_2025_V1
8831,2025-01-01,2025,Finance,Finance Manager,2,53,18,5,234,True,4,4,3,14306000,3,2,False,0,0.2153315193754652,21.53,1,0.16908819344089202,Cao,3,1,973,78.06,Random Forest,RF_2025_V1
8838,2025-01-01,2025,Human Resources,Recruiter,2,33,8,3,168,False,4,3,3,22940000,2,2,False,0,0.061423217514664084,6.14,0,0.16908819344089202,Thấp,1,0,4255,3.99,Random Forest,RF_2025_V1
8841,2025-01-01,2025,Information Technology,System Administrator,2,29,15,4,202,True,2,4,3,23094000,5,5,False,0,0.1749042431234706,17.49,1,0.16908819344089202,Cao,3,1,1406,68.29,Random Forest,RF_2025_V1
8843,2025-01-01,2025,Sales,Sales Supervisor,4,53,10,1,165,False,4,2,4,58115000,3,3,False,0,0.10911714674171487,10.91,0,0.16908819344089202,Trung bình,2,0,2775,37.4,Random Forest,RF_2025_V1
8845,2025-01-01,2025,Operations,Operations Manager,3,45,19,3,212,True,2,2,3,30774000,10,2,False,0,0.23264666643387655,23.26,1,0.16908819344089202,Cao,3,1,804,81.88,Random Forest,RF_2025_V1
8848,2025-01-01,2025,Information Technology,QA Engineer,1,44,22,4,234,True,3,4,1,13333000,8,8,False,0,0.3565818700239535,35.66,1,0.16908819344089202,Cao,3,1,140,96.86,Random Forest,RF_2025_V1
8850,2025-01-01,2025,Sales,Sales Executive,1,52,20,6,188,False,3,3,2,13335000,3,3,False,0,0.09449223114384041,9.45,0,0.16908819344089202,Thấp,1,0,3121,29.59,Random Forest,RF_2025_V1
8854,2025-01-01,2025,Sales,Sales Executive,2,45,34,3,239,True,4,4,3,15996000,2,2,False,0,0.1927737362684356,19.28,1,0.16908819344089202,Cao,3,1,1199,72.96,Random Forest,RF_2025_V1
8856,2025-01-01,2025,Human Resources,HR Manager,1,54,16,3,175,False,2,1,1,12236000,3,3,False,0,0.12551197902223582,12.55,0,0.16908819344089202,Trung bình,2,0,2322,47.62,Random Forest,RF_2025_V1
8857,2025-01-01,2025,Finance,Financial Analyst,1,30,17,4,194,True,2,3,2,15495000,10,10,False,0,0.22030014230106995,22.03,1,0.16908819344089202,Cao,3,1,916,79.35,Random Forest,RF_2025_V1
8858,2025-01-01,2025,Sales,Sales Supervisor,2,47,20,8,259,True,2,4,4,13936000,1,1,False,0,0.2680223540855761,26.8,1,0.16908819344089202,Cao,3,1,514,88.42,Random Forest,RF_2025_V1
8860,2025-01-01,2025,Sales,Account Manager,2,38,22,4,219,True,3,2,1,24321000,6,6,False,0,0.3458541735498591,34.59,1,0.16908819344089202,Cao,3,1,168,96.23,Random Forest,RF_2025_V1
8864,2025-01-01,2025,Marketing,Digital Marketing Specialist,2,53,32,5,201,False,4,2,2,17041000,5,0,True,0,0.15920285073054566,15.92,0,0.16908819344089202,Trung bình,2,0,1631,63.21,Random Forest,RF_2025_V1
8866,2025-01-01,2025,Information Technology,Data Analyst,2,37,8,7,224,False,3,4,3,25950000,7,7,False,0,0.1558340165947436,15.58,0,0.16908819344089202,Trung bình,2,0,1687,61.95,Random Forest,RF_2025_V1
8868,2025-01-01,2025,Information Technology,Software Engineer,1,28,5,8,220,False,4,3,2,12498000,2,2,False,0,0.15826471205064147,15.83,0,0.16908819344089202,Trung bình,2,0,1650,62.78,Random Forest,RF_2025_V1
8873,2025-01-01,2025,Operations,Warehouse Supervisor,3,36,3,8,243,True,3,3,4,27276000,2,2,False,0,0.2601856880371782,26.02,1,0.16908819344089202,Cao,3,1,577,87.0,Random Forest,RF_2025_V1
8874,2025-01-01,2025,Information Technology,Data Analyst,1,51,40,1,136,False,3,4,1,13441000,7,7,False,0,0.10294031774310401,10.29,0,0.16908819344089202,Trung bình,2,0,2921,34.1,Random Forest,RF_2025_V1
8875,2025-01-01,2025,Marketing,Marketing Manager,2,35,12,4,199,False,3,3,3,20374000,14,14,False,0,0.10059357368114674,10.06,0,0.16908819344089202,Trung bình,2,0,2980,32.77,Random Forest,RF_2025_V1
8877,2025-01-01,2025,Information Technology,System Administrator,4,42,33,3,216,True,3,1,2,62661000,8,0,True,0,0.2675997939485503,26.76,1,0.16908819344089202,Cao,3,1,518,88.33,Random Forest,RF_2025_V1
8878,2025-01-01,2025,Information Technology,Data Analyst,2,31,7,2,207,False,3,2,4,16729000,3,3,False,0,0.10477780355312613,10.48,0,0.16908819344089202,Trung bình,2,0,2886,34.89,Random Forest,RF_2025_V1
8882,2025-01-01,2025,Human Resources,Recruiter,2,32,36,5,213,False,3,1,3,14788000,11,3,False,0,0.1165661152477562,11.66,0,0.16908819344089202,Trung bình,2,0,2546,42.56,Random Forest,RF_2025_V1
8883,2025-01-01,2025,Finance,Finance Manager,3,29,25,1,217,True,4,4,3,20794000,1,0,True,1,0.15146206195442413,15.15,0,0.16908819344089202,Trung bình,2,0,1761,60.28,Random Forest,RF_2025_V1
8887,2025-01-01,2025,Sales,Sales Supervisor,2,25,20,2,176,False,4,1,3,19911000,2,2,False,0,0.10507236540686883,10.51,0,0.16908819344089202,Trung bình,2,0,2879,35.05,Random Forest,RF_2025_V1
8890,2025-01-01,2025,Information Technology,Software Engineer,1,54,20,1,195,True,3,3,4,13195000,5,5,False,0,0.16235597853886585,16.24,0,0.16908819344089202,Trung bình,2,0,1579,64.39,Random Forest,RF_2025_V1
8893,2025-01-01,2025,Finance,Finance Manager,2,50,37,8,264,True,3,3,1,20225000,2,2,False,0,0.3234546718911828,32.35,1,0.16908819344089202,Cao,3,1,238,94.65,Random Forest,RF_2025_V1
8899,2025-01-01,2025,Marketing,Digital Marketing Specialist,2,42,14,1,223,True,3,4,3,30584000,12,12,False,0,0.2714761311864808,27.15,1,0.16908819344089202,Cao,3,1,485,89.08,Random Forest,RF_2025_V1
8900,2025-01-01,2025,Human Resources,HR Executive,2,35,23,3,198,False,3,4,4,12779000,6,0,True,0,0.07048910321473685,7.05,0,0.16908819344089202,Thấp,1,0,3983,10.13,Random Forest,RF_2025_V1
8907,2025-01-01,2025,Operations,Warehouse Supervisor,1,46,2,4,180,False,3,1,4,16093000,10,10,False,0,0.14594576057627104,14.59,0,0.16908819344089202,Trung bình,2,0,1864,57.96,Random Forest,RF_2025_V1
8910,2025-01-01,2025,Finance,Internal Auditor,3,40,14,3,157,False,3,2,2,28851000,4,1,False,0,0.15619505034208986,15.62,0,0.16908819344089202,Trung bình,2,0,1681,62.09,Random Forest,RF_2025_V1
8911,2025-01-01,2025,Operations,Operations Executive,1,44,4,4,196,True,4,4,4,9202000,2,2,False,0,0.1240895566850391,12.41,0,0.16908819344089202,Trung bình,2,0,2358,46.81,Random Forest,RF_2025_V1
8912,2025-01-01,2025,Operations,Operations Manager,1,44,3,3,186,True,3,4,4,9135000,3,3,False,0,0.14148445476937424,14.15,0,0.16908819344089202,Trung bình,2,0,1945,56.13,Random Forest,RF_2025_V1
8914,2025-01-01,2025,Sales,Sales Representative,2,48,8,1,188,True,2,4,3,17095000,13,5,False,0,0.16339048586664745,16.34,0,0.16908819344089202,Trung bình,2,0,1567,64.66,Random Forest,RF_2025_V1
8915,2025-01-01,2025,Sales,Account Manager,2,33,40,4,195,False,4,1,1,17113000,2,2,False,0,0.1429566104230651,14.3,0,0.16908819344089202,Trung bình,2,0,1913,56.85,Random Forest,RF_2025_V1
8916,2025-01-01,2025,Finance,Financial Analyst,1,37,33,3,181,True,4,4,4,9110000,1,1,False,0,0.12760045724332703,12.76,0,0.16908819344089202,Trung bình,2,0,2285,48.45,Random Forest,RF_2025_V1
8917,2025-01-01,2025,Sales,Sales Executive,2,34,31,2,204,True,4,4,2,20848000,1,1,False,0,0.16190356479820242,16.19,0,0.16908819344089202,Trung bình,2,0,1588,64.18,Random Forest,RF_2025_V1
8920,2025-01-01,2025,Marketing,Content Specialist,1,27,19,1,225,True,3,2,3,8778000,2,2,False,0,0.24134380276877956,24.13,1,0.16908819344089202,Cao,3,1,725,83.66,Random Forest,RF_2025_V1
8922,2025-01-01,2025,Marketing,Content Specialist,1,42,31,1,171,False,4,3,3,10998000,4,4,False,0,0.06955594102373562,6.96,0,0.16908819344089202,Thấp,1,0,4011,9.5,Random Forest,RF_2025_V1
8923,2025-01-01,2025,Human Resources,Recruiter,5,50,15,5,183,False,4,4,3,65221000,8,1,False,0,0.06803301050741312,6.8,0,0.16908819344089202,Thấp,1,0,4058,8.44,Random Forest,RF_2025_V1
8927,2025-01-01,2025,Finance,Internal Auditor,2,26,28,5,206,True,3,3,2,17029000,1,1,False,0,0.1867362682396068,18.67,1,0.16908819344089202,Cao,3,1,1258,71.63,Random Forest,RF_2025_V1
8928,2025-01-01,2025,Sales,Account Manager,1,44,19,2,184,False,3,4,1,9447000,4,4,False,0,0.1057893246970189,10.58,0,0.16908819344089202,Trung bình,2,0,2868,35.3,Random Forest,RF_2025_V1
8929,2025-01-01,2025,Human Resources,HR Executive,2,27,40,5,219,False,3,4,1,13535000,7,0,True,0,0.11487729000360673,11.49,0,0.16908819344089202,Trung bình,2,0,2595,41.46,Random Forest,RF_2025_V1
8934,2025-01-01,2025,Marketing,Content Specialist,2,42,6,1,204,True,2,4,2,14109000,2,0,True,0,0.1643368394886881,16.43,0,0.16908819344089202,Trung bình,2,0,1556,64.91,Random Forest,RF_2025_V1
8938,2025-01-01,2025,Marketing,Content Specialist,3,32,31,2,213,False,4,4,3,28504000,1,1,False,0,0.08866923604921993,8.87,0,0.16908819344089202,Thấp,1,0,3302,25.5,Random Forest,RF_2025_V1
8939,2025-01-01,2025,Human Resources,HR Executive,1,48,10,1,159,False,4,3,1,12613000,8,8,False,0,0.11233596649659601,11.23,0,0.16908819344089202,Trung bình,2,0,2676,39.63,Random Forest,RF_2025_V1
8944,2025-01-01,2025,Marketing,Content Specialist,3,28,27,4,185,False,3,3,4,24187000,1,1,False,0,0.08188603195376709,8.19,0,0.16908819344089202,Thấp,1,0,3534,20.27,Random Forest,RF_2025_V1
8945,2025-01-01,2025,Human Resources,HR Manager,3,46,19,4,219,True,5,3,4,41330000,7,7,False,0,0.21870936617547812,21.87,1,0.16908819344089202,Cao,3,1,937,78.88,Random Forest,RF_2025_V1
8947,2025-01-01,2025,Operations,Warehouse Supervisor,2,34,35,4,215,False,3,1,3,12693000,3,1,False,0,0.11390478628536146,11.39,0,0.16908819344089202,Trung bình,2,0,2630,40.67,Random Forest,RF_2025_V1
8948,2025-01-01,2025,Information Technology,Software Engineer,1,42,31,4,217,False,4,3,4,8120000,1,1,False,1,0.0827581070614146,8.28,0,0.16908819344089202,Thấp,1,0,3494,21.17,Random Forest,RF_2025_V1
8949,2025-01-01,2025,Marketing,Content Specialist,2,25,16,2,159,False,3,1,3,14572000,2,2,False,0,0.10047321896555186,10.05,0,0.16908819344089202,Trung bình,2,0,2983,32.7,Random Forest,RF_2025_V1
8952,2025-01-01,2025,Human Resources,HR Manager,2,54,38,5,202,False,3,3,3,21971000,14,1,False,0,0.08432486412529719,8.43,0,0.16908819344089202,Thấp,1,0,3444,22.3,Random Forest,RF_2025_V1
8953,2025-01-01,2025,Operations,Operations Manager,1,26,18,6,259,True,3,1,2,11151000,5,5,False,0,0.4935985899776487,49.36,1,0.16908819344089202,Cao,3,1,1,100.0,Random Forest,RF_2025_V1
8954,2025-01-01,2025,Sales,Sales Supervisor,1,31,33,4,172,False,4,4,4,11391000,6,6,False,0,0.07467629219690824,7.47,0,0.16908819344089202,Thấp,1,0,3834,13.5,Random Forest,RF_2025_V1
8957,2025-01-01,2025,Information Technology,Software Engineer,1,42,17,5,196,False,3,2,3,13729000,3,3,False,0,0.0980105542274491,9.8,0,0.16908819344089202,Thấp,1,0,3050,31.19,Random Forest,RF_2025_V1
8959,2025-01-01,2025,Human Resources,C&B Specialist,4,26,17,1,176,False,3,2,2,62172000,2,2,False,0,0.14319762968956914,14.32,0,0.16908819344089202,Trung bình,2,0,1909,56.94,Random Forest,RF_2025_V1
8960,2025-01-01,2025,Information Technology,Data Analyst,3,31,24,2,174,False,4,3,4,31384000,2,2,False,0,0.06359327259772639,6.36,0,0.16908819344089202,Thấp,1,0,4197,5.3,Random Forest,RF_2025_V1
8962,2025-01-01,2025,Sales,Sales Supervisor,2,41,31,3,194,False,3,4,2,12442000,13,0,True,1,0.09368423690409228,9.37,0,0.16908819344089202,Thấp,1,0,3147,29.0,Random Forest,RF_2025_V1
8964,2025-01-01,2025,Sales,Account Manager,2,35,12,2,200,False,4,2,2,20783000,2,2,False,0,0.15360939475045124,15.36,0,0.16908819344089202,Trung bình,2,0,1724,61.11,Random Forest,RF_2025_V1
8965,2025-01-01,2025,Sales,Account Manager,5,33,11,2,196,True,2,4,1,99205000,8,4,False,0,0.20135798419870027,20.14,1,0.16908819344089202,Cao,3,1,1123,74.68,Random Forest,RF_2025_V1
8967,2025-01-01,2025,Sales,Sales Representative,1,26,31,7,221,False,5,4,2,9123000,2,2,False,0,0.15451218032378172,15.45,0,0.16908819344089202,Trung bình,2,0,1706,61.52,Random Forest,RF_2025_V1
8975,2025-01-01,2025,Human Resources,HR Executive,2,26,39,3,227,True,5,3,3,23941000,4,4,False,0,0.21960677252036903,21.96,1,0.16908819344089202,Cao,3,1,924,79.17,Random Forest,RF_2025_V1
8978,2025-01-01,2025,Operations,Operations Manager,1,34,36,4,233,True,4,3,3,10963000,2,2,False,0,0.21494997811641325,21.49,1,0.16908819344089202,Cao,3,1,975,78.02,Random Forest,RF_2025_V1
8980,2025-01-01,2025,Marketing,Marketing Executive,3,43,37,3,195,True,4,3,1,29592000,3,3,False,0,0.14756006550134382,14.76,0,0.16908819344089202,Trung bình,2,0,1838,58.54,Random Forest,RF_2025_V1
8981,2025-01-01,2025,Human Resources,HR Manager,5,45,28,4,179,False,4,1,4,67107000,13,2,False,0,0.12165494809386246,12.17,0,0.16908819344089202,Trung bình,2,0,2425,45.29,Random Forest,RF_2025_V1
8982,2025-01-01,2025,Information Technology,System Administrator,2,25,9,1,175,True,3,1,2,21443000,4,4,False,0,0.31911554839668593,31.91,1,0.16908819344089202,Cao,3,1,253,94.31,Random Forest,RF_2025_V1
8983,2025-01-01,2025,Finance,Internal Auditor,1,28,38,3,169,False,3,2,3,8391000,1,1,False,0,0.1125531292961747,11.26,0,0.16908819344089202,Trung bình,2,0,2671,39.74,Random Forest,RF_2025_V1
8984,2025-01-01,2025,Operations,Operations Executive,1,52,28,5,215,False,3,4,3,12589000,5,5,False,0,0.10219452000311273,10.22,0,0.16908819344089202,Trung bình,2,0,2944,33.58,Random Forest,RF_2025_V1
8985,2025-01-01,2025,Operations,Operations Executive,1,26,5,4,183,False,4,3,2,12052000,6,6,False,0,0.14220840515972705,14.22,0,0.16908819344089202,Trung bình,2,0,1932,56.42,Random Forest,RF_2025_V1
8986,2025-01-01,2025,Human Resources,HR Manager,1,34,35,3,171,False,3,1,1,11198000,1,1,False,1,0.1482926810656731,14.83,0,0.16908819344089202,Trung bình,2,0,1820,58.95,Random Forest,RF_2025_V1
8990,2025-01-01,2025,Marketing,Marketing Executive,3,42,35,2,179,True,5,2,4,34396000,3,3,False,0,0.1779519672355913,17.8,1,0.16908819344089202,Cao,3,1,1358,69.37,Random Forest,RF_2025_V1
8991,2025-01-01,2025,Marketing,Marketing Manager,1,40,19,3,202,True,3,3,4,11415000,2,2,False,0,0.11095636094482934,11.1,0,0.16908819344089202,Trung bình,2,0,2726,38.5,Random Forest,RF_2025_V1
8992,2025-01-01,2025,Marketing,Content Specialist,2,45,6,6,227,True,2,3,4,29596000,14,14,False,0,0.2932960092541218,29.33,1,0.16908819344089202,Cao,3,1,358,91.94,Random Forest,RF_2025_V1
8993,2025-01-01,2025,Marketing,Content Specialist,5,54,26,5,202,False,4,2,3,96904000,12,2,False,0,0.15137037102760803,15.14,0,0.16908819344089202,Trung bình,2,0,1762,60.26,Random Forest,RF_2025_V1
8995,2025-01-01,2025,Finance,Financial Analyst,1,55,26,4,219,True,2,4,2,11102000,2,2,False,0,0.17768499413680505,17.77,1,0.16908819344089202,Cao,3,1,1364,69.24,Random Forest,RF_2025_V1
8997,2025-01-01,2025,Marketing,Marketing Executive,4,26,24,6,159,False,2,1,1,62097000,3,3,False,0,0.16170679590388626,16.17,0,0.16908819344089202,Trung bình,2,0,1590,64.14,Random Forest,RF_2025_V1
8998,2025-01-01,2025,Sales,Account Manager,1,52,25,3,146,False,5,3,4,10429000,1,1,False,0,0.07316870807866818,7.32,0,0.16908819344089202,Thấp,1,0,3897,12.07,Random Forest,RF_2025_V1
9001,2025-01-01,2025,Sales,Sales Supervisor,1,25,36,2,177,False,3,4,4,14271000,4,4,False,0,0.07374317236667849,7.37,0,0.16908819344089202,Thấp,1,0,3880,12.46,Random Forest,RF_2025_V1
9004,2025-01-01,2025,Finance,Accountant,4,44,30,2,225,True,4,2,4,41750000,11,2,False,0,0.30392461557970063,30.39,1,0.16908819344089202,Cao,3,1,320,92.8,Random Forest,RF_2025_V1
9005,2025-01-01,2025,Information Technology,Software Engineer,2,46,16,4,190,False,4,1,4,17075000,5,5,False,0,0.14145403575018822,14.15,0,0.16908819344089202,Trung bình,2,0,1946,56.1,Random Forest,RF_2025_V1
9007,2025-01-01,2025,Finance,Financial Analyst,3,44,32,5,173,False,3,2,4,35986000,15,15,False,0,0.15378585322893515,15.38,0,0.16908819344089202,Trung bình,2,0,1720,61.21,Random Forest,RF_2025_V1
9009,2025-01-01,2025,Information Technology,Data Analyst,4,33,9,4,184,False,5,4,2,46413000,4,0,True,0,0.0857636409881319,8.58,0,0.16908819344089202,Thấp,1,0,3390,23.52,Random Forest,RF_2025_V1
9016,2025-01-01,2025,Sales,Account Manager,4,28,17,7,251,True,3,3,2,40668000,7,2,False,0,0.30613661751964705,30.61,1,0.16908819344089202,Cao,3,1,307,93.09,Random Forest,RF_2025_V1
9017,2025-01-01,2025,Information Technology,Software Engineer,2,48,33,6,169,False,4,3,4,16188000,4,4,False,0,0.08917835701532636,8.92,0,0.16908819344089202,Thấp,1,0,3290,25.77,Random Forest,RF_2025_V1
9018,2025-01-01,2025,Sales,Account Manager,3,25,3,8,195,False,3,2,3,20000000,2,0,True,0,0.14327677232145025,14.33,0,0.16908819344089202,Trung bình,2,0,1907,56.98,Random Forest,RF_2025_V1
9020,2025-01-01,2025,Operations,Operations Executive,3,47,38,4,192,False,3,2,1,45632000,4,4,False,0,0.19052217958425818,19.05,1,0.16908819344089202,Cao,3,1,1223,72.42,Random Forest,RF_2025_V1
9023,2025-01-01,2025,Sales,Sales Supervisor,1,30,9,5,205,True,5,4,1,14658000,10,10,False,0,0.23434568584688062,23.43,1,0.16908819344089202,Cao,3,1,786,82.28,Random Forest,RF_2025_V1
9025,2025-01-01,2025,Operations,Operations Executive,4,43,35,4,191,False,4,3,4,61474000,11,0,True,0,0.07381454501285614,7.38,0,0.16908819344089202,Thấp,1,0,3872,12.64,Random Forest,RF_2025_V1
9026,2025-01-01,2025,Finance,Finance Manager,4,30,27,3,194,True,3,4,2,44507000,3,3,False,0,0.12930490907603565,12.93,0,0.16908819344089202,Trung bình,2,0,2262,48.97,Random Forest,RF_2025_V1
9032,2025-01-01,2025,Information Technology,QA Engineer,1,45,19,4,201,False,3,3,1,9881000,1,1,False,1,0.11431967112196423,11.43,0,0.16908819344089202,Trung bình,2,0,2615,41.01,Random Forest,RF_2025_V1
9033,2025-01-01,2025,Finance,Internal Auditor,3,54,16,2,164,False,3,4,3,53632000,12,12,False,0,0.0912924629854504,9.13,0,0.16908819344089202,Thấp,1,0,3220,27.35,Random Forest,RF_2025_V1
9034,2025-01-01,2025,Human Resources,HR Executive,2,54,13,4,219,True,3,4,4,18660000,14,0,True,0,0.1671433034058087,16.71,0,0.16908819344089202,Trung bình,2,0,1515,65.83,Random Forest,RF_2025_V1
9036,2025-01-01,2025,Information Technology,IT Support,2,42,35,5,227,True,3,3,4,17547000,6,2,False,0,0.19712647726370533,19.71,1,0.16908819344089202,Cao,3,1,1164,73.75,Random Forest,RF_2025_V1
9037,2025-01-01,2025,Finance,Finance Manager,3,27,15,8,259,False,3,1,3,29596000,1,1,False,0,0.22752570516076337,22.75,1,0.16908819344089202,Cao,3,1,845,80.95,Random Forest,RF_2025_V1
9040,2025-01-01,2025,Finance,Financial Analyst,2,30,7,5,198,False,4,4,4,19059000,7,7,False,0,0.08305356790231688,8.31,0,0.16908819344089202,Thấp,1,0,3486,21.35,Random Forest,RF_2025_V1
9043,2025-01-01,2025,Marketing,Content Specialist,2,31,15,2,170,True,4,2,2,15427000,4,3,False,0,0.24320126705326028,24.32,1,0.16908819344089202,Cao,3,1,710,84.0,Random Forest,RF_2025_V1
9045,2025-01-01,2025,Finance,Financial Analyst,3,34,8,3,166,False,3,1,4,36879000,3,3,False,0,0.0954062531161648,9.54,0,0.16908819344089202,Thấp,1,0,3101,30.04,Random Forest,RF_2025_V1
9047,2025-01-01,2025,Marketing,Digital Marketing Specialist,2,47,5,3,181,True,3,2,4,21872000,9,1,False,0,0.2070679907113133,20.71,1,0.16908819344089202,Cao,3,1,1069,75.9,Random Forest,RF_2025_V1
9050,2025-01-01,2025,Human Resources,HR Manager,4,35,7,2,182,False,3,1,2,49770000,7,5,False,1,0.1830297118460618,18.3,1,0.16908819344089202,Cao,3,1,1304,70.59,Random Forest,RF_2025_V1
9053,2025-01-01,2025,Finance,Finance Manager,1,55,18,5,192,False,4,4,4,12375000,13,13,False,0,0.0826095249915736,8.26,0,0.16908819344089202,Thấp,1,0,3505,20.92,Random Forest,RF_2025_V1
9054,2025-01-01,2025,Human Resources,C&B Specialist,2,43,37,7,238,True,3,2,3,15840000,2,2,False,0,0.3715250974329107,37.15,1,0.16908819344089202,Cao,3,1,102,97.72,Random Forest,RF_2025_V1
9055,2025-01-01,2025,Marketing,Content Specialist,3,47,4,1,224,True,1,1,2,38331000,10,10,False,1,0.38236591037873346,38.24,1,0.16908819344089202,Cao,3,1,83,98.15,Random Forest,RF_2025_V1
9059,2025-01-01,2025,Marketing,Marketing Manager,1,40,22,4,187,False,2,4,3,10344000,3,3,False,0,0.0575618196670613,5.76,0,0.16908819344089202,Thấp,1,0,4352,1.81,Random Forest,RF_2025_V1
9060,2025-01-01,2025,Operations,Procurement Specialist,3,46,13,3,206,True,4,2,3,37305000,10,10,False,0,0.28456144246222426,28.46,1,0.16908819344089202,Cao,3,1,399,91.02,Random Forest,RF_2025_V1
9062,2025-01-01,2025,Marketing,Marketing Manager,2,49,21,7,222,False,3,3,3,16026000,1,1,False,0,0.1591836859762635,15.92,0,0.16908819344089202,Trung bình,2,0,1632,63.19,Random Forest,RF_2025_V1
9065,2025-01-01,2025,Information Technology,Data Analyst,5,52,10,5,208,False,5,2,2,106834000,14,0,True,0,0.1778528323323185,17.79,1,0.16908819344089202,Cao,3,1,1360,69.33,Random Forest,RF_2025_V1
9072,2025-01-01,2025,Information Technology,Software Engineer,2,33,18,5,185,False,3,3,4,18644000,6,3,False,0,0.06649461916835563,6.65,0,0.16908819344089202,Thấp,1,0,4105,7.38,Random Forest,RF_2025_V1
9076,2025-01-01,2025,Marketing,Content Specialist,2,34,10,2,148,False,4,4,3,28504000,5,5,False,0,0.06427357870846227,6.43,0,0.16908819344089202,Thấp,1,0,4175,5.8,Random Forest,RF_2025_V1
9077,2025-01-01,2025,Operations,Procurement Specialist,2,41,32,3,178,False,3,3,4,18662000,6,6,False,0,0.08039678976521876,8.04,0,0.16908819344089202,Thấp,1,0,3601,18.75,Random Forest,RF_2025_V1
9080,2025-01-01,2025,Information Technology,System Administrator,2,40,24,4,204,True,3,4,3,22251000,10,5,False,0,0.18225579568586733,18.23,1,0.16908819344089202,Cao,3,1,1311,70.44,Random Forest,RF_2025_V1
9082,2025-01-01,2025,Operations,Operations Manager,2,25,16,4,197,True,4,2,3,21353000,4,4,False,0,0.254687117993853,25.47,1,0.16908819344089202,Cao,3,1,614,86.17,Random Forest,RF_2025_V1
9084,2025-01-01,2025,Operations,Procurement Specialist,1,47,40,6,223,True,3,2,2,17599000,9,9,False,1,0.4316805868799619,43.17,1,0.16908819344089202,Cao,3,1,20,99.57,Random Forest,RF_2025_V1
9094,2025-01-01,2025,Human Resources,C&B Specialist,2,47,8,4,184,False,4,1,1,22538000,15,15,False,0,0.2007765756295352,20.08,1,0.16908819344089202,Cao,3,1,1130,74.52,Random Forest,RF_2025_V1
9095,2025-01-01,2025,Finance,Financial Analyst,1,30,5,5,157,False,4,4,3,14362000,10,10,False,1,0.07993293080982604,7.99,0,0.16908819344089202,Thấp,1,0,3622,18.28,Random Forest,RF_2025_V1
9100,2025-01-01,2025,Sales,Sales Executive,2,27,38,1,218,True,3,3,3,15836000,1,1,False,0,0.1534448755739331,15.34,0,0.16908819344089202,Trung bình,2,0,1726,61.07,Random Forest,RF_2025_V1
9103,2025-01-01,2025,Information Technology,Software Engineer,2,45,6,7,236,False,3,4,1,17082000,1,1,False,0,0.22739056567991398,22.74,1,0.16908819344089202,Cao,3,1,848,80.88,Random Forest,RF_2025_V1
9105,2025-01-01,2025,Human Resources,HR Manager,1,53,11,2,157,False,3,4,3,15295000,6,6,False,0,0.07922399103285614,7.92,0,0.16908819344089202,Thấp,1,0,3655,17.54,Random Forest,RF_2025_V1
9107,2025-01-01,2025,Marketing,Digital Marketing Specialist,1,47,38,4,164,False,3,4,4,16200000,12,12,False,0,0.07110624314534941,7.11,0,0.16908819344089202,Thấp,1,0,3959,10.67,Random Forest,RF_2025_V1
9111,2025-01-01,2025,Information Technology,IT Support,2,28,10,5,179,True,3,2,4,18710000,4,4,False,0,0.24790268268736693,24.79,1,0.16908819344089202,Cao,3,1,679,84.7,Random Forest,RF_2025_V1
9113,2025-01-01,2025,Marketing,Digital Marketing Specialist,3,33,5,2,231,True,3,3,1,29141000,5,4,False,0,0.3235848438354919,32.36,1,0.16908819344089202,Cao,3,1,237,94.67,Random Forest,RF_2025_V1
9114,2025-01-01,2025,Information Technology,Software Engineer,3,43,29,4,195,True,3,4,3,30854000,10,5,False,0,0.17661748386313988,17.66,1,0.16908819344089202,Cao,3,1,1385,68.77,Random Forest,RF_2025_V1
9115,2025-01-01,2025,Sales,Account Manager,1,54,31,4,201,False,2,4,3,12924000,3,3,False,0,0.07462927172038569,7.46,0,0.16908819344089202,Thấp,1,0,3836,13.45,Random Forest,RF_2025_V1
9116,2025-01-01,2025,Sales,Account Manager,3,25,3,3,184,False,3,3,1,22782000,4,2,False,0,0.09629246969178201,9.63,0,0.16908819344089202,Thấp,1,0,3081,30.49,Random Forest,RF_2025_V1
9117,2025-01-01,2025,Sales,Sales Supervisor,1,33,15,2,184,True,5,3,3,12549000,1,1,False,0,0.12546466571051568,12.55,0,0.16908819344089202,Trung bình,2,0,2324,47.57,Random Forest,RF_2025_V1
9128,2025-01-01,2025,Operations,Warehouse Supervisor,1,25,9,2,126,False,3,3,4,9412000,1,1,False,0,0.10305736883620452,10.31,0,0.16908819344089202,Trung bình,2,0,2919,34.15,Random Forest,RF_2025_V1
9132,2025-01-01,2025,Finance,Accountant,4,51,30,6,207,True,4,1,4,45834000,3,2,False,0,0.24578015806143058,24.58,1,0.16908819344089202,Cao,3,1,693,84.38,Random Forest,RF_2025_V1
9133,2025-01-01,2025,Finance,Finance Manager,3,43,19,2,194,False,3,3,1,35870000,1,1,False,1,0.10031032281876141,10.03,0,0.16908819344089202,Trung bình,2,0,2989,32.57,Random Forest,RF_2025_V1
9134,2025-01-01,2025,Sales,Sales Executive,2,31,31,1,183,True,3,2,3,15558000,1,1,False,0,0.23339399644907688,23.34,1,0.16908819344089202,Cao,3,1,799,81.99,Random Forest,RF_2025_V1
9135,2025-01-01,2025,Operations,Procurement Specialist,1,50,5,3,190,False,4,4,4,18002000,7,7,False,0,0.08543257308193133,8.54,0,0.16908819344089202,Thấp,1,0,3403,23.22,Random Forest,RF_2025_V1
9139,2025-01-01,2025,Information Technology,Software Engineer,1,31,20,5,208,False,4,4,1,10842000,1,1,False,0,0.11750529876905629,11.75,0,0.16908819344089202,Trung bình,2,0,2523,43.08,Random Forest,RF_2025_V1
9143,2025-01-01,2025,Sales,Account Manager,1,49,17,4,191,False,3,3,4,15060000,13,13,False,0,0.09132119544977012,9.13,0,0.16908819344089202,Thấp,1,0,3219,27.38,Random Forest,RF_2025_V1
9144,2025-01-01,2025,Sales,Sales Supervisor,2,50,27,5,221,True,2,3,2,21980000,12,0,True,1,0.28540986861604123,28.54,1,0.16908819344089202,Cao,3,1,394,91.13,Random Forest,RF_2025_V1
9146,2025-01-01,2025,Finance,Accountant,2,27,30,6,205,False,5,1,4,18914000,5,4,False,0,0.17956684135682538,17.96,1,0.16908819344089202,Cao,3,1,1342,69.74,Random Forest,RF_2025_V1
9148,2025-01-01,2025,Operations,Operations Manager,1,51,4,3,173,False,4,3,2,10857000,1,1,False,0,0.10545645196722075,10.55,0,0.16908819344089202,Trung bình,2,0,2871,35.23,Random Forest,RF_2025_V1
9149,2025-01-01,2025,Operations,Operations Executive,2,34,21,2,160,False,4,3,1,24939000,14,14,False,0,0.13736951547065582,13.74,0,0.16908819344089202,Trung bình,2,0,2048,53.8,Random Forest,RF_2025_V1
9150,2025-01-01,2025,Finance,Internal Auditor,5,38,25,3,204,False,3,3,2,77170000,12,5,False,0,0.13838949410034382,13.84,0,0.16908819344089202,Trung bình,2,0,2028,54.25,Random Forest,RF_2025_V1
9152,2025-01-01,2025,Information Technology,Data Analyst,1,28,6,6,226,False,3,1,2,9871000,1,1,False,0,0.25885378031044154,25.89,1,0.16908819344089202,Cao,3,1,589,86.73,Random Forest,RF_2025_V1
9153,2025-01-01,2025,Finance,Accountant,3,40,24,6,214,False,4,3,3,41540000,14,14,False,0,0.1232295055608336,12.32,0,0.16908819344089202,Trung bình,2,0,2376,46.4,Random Forest,RF_2025_V1
9155,2025-01-01,2025,Finance,Accountant,2,36,33,5,177,False,4,4,4,13035000,3,1,False,0,0.059157076508710535,5.92,0,0.16908819344089202,Thấp,1,0,4319,2.55,Random Forest,RF_2025_V1
9156,2025-01-01,2025,Operations,Operations Manager,2,34,3,2,165,False,5,4,2,25988000,9,9,False,0,0.11564852164119932,11.56,0,0.16908819344089202,Trung bình,2,0,2574,41.93,Random Forest,RF_2025_V1
9158,2025-01-01,2025,Sales,Sales Supervisor,2,46,37,2,175,False,5,3,4,12638000,1,1,False,0,0.06883691073061987,6.88,0,0.16908819344089202,Thấp,1,0,4032,9.03,Random Forest,RF_2025_V1
9165,2025-01-01,2025,Information Technology,Software Engineer,2,47,8,5,206,False,2,4,2,22285000,3,3,False,0,0.07976719047738985,7.98,0,0.16908819344089202,Thấp,1,0,3631,18.08,Random Forest,RF_2025_V1
9170,2025-01-01,2025,Information Technology,Data Analyst,2,25,19,4,179,False,3,1,3,18202000,5,5,False,0,0.14708199309007888,14.71,0,0.16908819344089202,Trung bình,2,0,1849,58.29,Random Forest,RF_2025_V1
9171,2025-01-01,2025,Information Technology,System Administrator,1,32,19,1,191,False,5,3,4,10610000,1,1,False,0,0.07788409817975132,7.79,0,0.16908819344089202,Thấp,1,0,3716,16.16,Random Forest,RF_2025_V1
9172,2025-01-01,2025,Operations,Operations Executive,2,47,23,2,212,True,2,2,3,17054000,1,1,False,0,0.23249281796858565,23.25,1,0.16908819344089202,Cao,3,1,807,81.81,Random Forest,RF_2025_V1
9173,2025-01-01,2025,Human Resources,HR Manager,3,28,26,2,184,False,3,2,4,20000000,1,0,True,0,0.12948499471983302,12.95,0,0.16908819344089202,Trung bình,2,0,2258,49.06,Random Forest,RF_2025_V1
9174,2025-01-01,2025,Marketing,Content Specialist,4,47,1,6,196,False,3,4,1,42664000,6,3,False,0,0.11330010872934627,11.33,0,0.16908819344089202,Trung bình,2,0,2647,40.28,Random Forest,RF_2025_V1
9176,2025-01-01,2025,Operations,Procurement Specialist,2,39,21,3,242,True,3,4,3,14563000,2,0,True,0,0.23645054095938559,23.65,1,0.16908819344089202,Cao,3,1,766,82.74,Random Forest,RF_2025_V1
9177,2025-01-01,2025,Operations,Operations Executive,1,38,16,1,201,True,3,1,1,9370000,1,1,False,0,0.27462307405931285,27.46,1,0.16908819344089202,Cao,3,1,467,89.48,Random Forest,RF_2025_V1
9179,2025-01-01,2025,Marketing,Digital Marketing Specialist,2,38,19,4,172,False,4,3,4,18019000,7,5,False,0,0.06377076468804245,6.38,0,0.16908819344089202,Thấp,1,0,4191,5.44,Random Forest,RF_2025_V1
9180,2025-01-01,2025,Human Resources,Recruiter,2,29,27,4,179,False,3,1,4,16636000,1,1,False,0,0.113401798449067,11.34,0,0.16908819344089202,Trung bình,2,0,2642,40.4,Random Forest,RF_2025_V1
9184,2025-01-01,2025,Information Technology,IT Support,1,39,21,2,165,False,3,4,4,16408000,11,11,False,0,0.07848616341997557,7.85,0,0.16908819344089202,Thấp,1,0,3688,16.79,Random Forest,RF_2025_V1
9185,2025-01-01,2025,Information Technology,System Administrator,1,37,15,2,182,False,3,4,2,13921000,10,10,False,0,0.11274701924025407,11.27,0,0.16908819344089202,Trung bình,2,0,2666,39.86,Random Forest,RF_2025_V1
9191,2025-01-01,2025,Finance,Internal Auditor,3,48,7,2,158,False,3,2,4,25133000,3,1,False,0,0.10092778304820081,10.09,0,0.16908819344089202,Trung bình,2,0,2976,32.86,Random Forest,RF_2025_V1
9193,2025-01-01,2025,Marketing,Marketing Executive,1,44,22,1,156,True,2,3,4,16270000,10,10,False,0,0.14739027835948873,14.74,0,0.16908819344089202,Trung bình,2,0,1842,58.45,Random Forest,RF_2025_V1
9194,2025-01-01,2025,Information Technology,System Administrator,1,27,8,8,264,False,2,2,1,11199000,4,4,False,1,0.32619837174067845,32.62,1,0.16908819344089202,Cao,3,1,229,94.85,Random Forest,RF_2025_V1
9201,2025-01-01,2025,Sales,Sales Supervisor,1,38,39,4,233,True,4,3,3,9132000,1,1,False,0,0.18663493347873672,18.66,1,0.16908819344089202,Cao,3,1,1260,71.59,Random Forest,RF_2025_V1
9205,2025-01-01,2025,Human Resources,C&B Specialist,2,39,32,8,206,False,2,4,3,17649000,5,5,False,1,0.09390081310205622,9.39,0,0.16908819344089202,Thấp,1,0,3140,29.16,Random Forest,RF_2025_V1
9206,2025-01-01,2025,Information Technology,QA Engineer,2,40,20,6,198,False,5,2,4,20475000,2,2,False,0,0.14250591683522695,14.25,0,0.16908819344089202,Trung bình,2,0,1923,56.62,Random Forest,RF_2025_V1
9208,2025-01-01,2025,Human Resources,HR Executive,4,34,31,5,177,False,3,4,4,41517000,8,3,False,0,0.05790571862086536,5.79,0,0.16908819344089202,Thấp,1,0,4340,2.08,Random Forest,RF_2025_V1
9209,2025-01-01,2025,Finance,Financial Analyst,4,34,33,4,196,False,3,3,1,43975000,13,1,False,0,0.09146518977335721,9.15,0,0.16908819344089202,Thấp,1,0,3215,27.47,Random Forest,RF_2025_V1
9210,2025-01-01,2025,Marketing,Marketing Executive,2,27,21,3,198,False,3,4,3,15583000,1,1,False,0,0.07802618395524988,7.8,0,0.16908819344089202,Thấp,1,0,3710,16.29,Random Forest,RF_2025_V1
9215,2025-01-01,2025,Sales,Sales Representative,2,49,37,4,171,False,5,4,3,19247000,4,4,False,0,0.07448687488545601,7.45,0,0.16908819344089202,Thấp,1,0,3840,13.36,Random Forest,RF_2025_V1
9217,2025-01-01,2025,Marketing,Marketing Manager,2,44,14,4,214,False,5,4,4,28127000,8,8,False,0,0.06833870270150826,6.83,0,0.16908819344089202,Thấp,1,0,4050,8.62,Random Forest,RF_2025_V1
9218,2025-01-01,2025,Finance,Financial Analyst,4,36,12,1,143,False,2,3,2,61554000,4,4,False,0,0.10899036525761119,10.9,0,0.16908819344089202,Trung bình,2,0,2777,37.35,Random Forest,RF_2025_V1
9219,2025-01-01,2025,Information Technology,Data Analyst,2,50,40,6,192,False,4,1,3,27228000,9,9,False,0,0.14953204981116466,14.95,0,0.16908819344089202,Trung bình,2,0,1805,59.29,Random Forest,RF_2025_V1
9221,2025-01-01,2025,Information Technology,Data Analyst,4,50,18,3,189,False,5,4,4,35000000,1,0,True,0,0.07676929336705371,7.68,0,0.16908819344089202,Thấp,1,0,3755,15.28,Random Forest,RF_2025_V1
9223,2025-01-01,2025,Human Resources,HR Manager,2,41,18,6,247,True,4,3,2,16796000,9,0,True,0,0.3365461716061327,33.65,1,0.16908819344089202,Cao,3,1,195,95.62,Random Forest,RF_2025_V1
9227,2025-01-01,2025,Sales,Sales Supervisor,2,40,30,2,199,False,3,3,4,19291000,11,3,False,0,0.06856286545903889,6.86,0,0.16908819344089202,Thấp,1,0,4041,8.82,Random Forest,RF_2025_V1
9228,2025-01-01,2025,Operations,Warehouse Supervisor,4,47,4,5,234,True,4,4,4,35417000,14,0,True,0,0.231086921877067,23.11,1,0.16908819344089202,Cao,3,1,820,81.52,Random Forest,RF_2025_V1
9229,2025-01-01,2025,Finance,Finance Manager,2,31,29,4,182,False,2,3,1,16367000,10,5,False,0,0.12045518148519048,12.05,0,0.16908819344089202,Trung bình,2,0,2458,44.55,Random Forest,RF_2025_V1
9231,2025-01-01,2025,Human Resources,C&B Specialist,2,54,9,3,201,True,4,1,4,28277000,8,8,False,0,0.27658356419269103,27.66,1,0.16908819344089202,Cao,3,1,453,89.8,Random Forest,RF_2025_V1
9233,2025-01-01,2025,Sales,Sales Executive,2,50,3,4,211,True,4,4,2,16176000,4,4,False,0,0.20774065890394047,20.77,1,0.16908819344089202,Cao,3,1,1060,76.1,Random Forest,RF_2025_V1
9234,2025-01-01,2025,Marketing,Marketing Manager,3,41,24,3,160,False,4,4,3,36130000,1,1,False,0,0.06830370593949638,6.83,0,0.16908819344089202,Thấp,1,0,4051,8.6,Random Forest,RF_2025_V1
9236,2025-01-01,2025,Operations,Warehouse Supervisor,2,34,10,5,208,False,3,3,2,27605000,12,12,False,0,0.14403760331180493,14.4,0,0.16908819344089202,Trung bình,2,0,1892,57.32,Random Forest,RF_2025_V1
9237,2025-01-01,2025,Sales,Sales Representative,2,44,30,1,205,True,4,3,3,13780000,5,2,False,0,0.12402838948211524,12.4,0,0.16908819344089202,Trung bình,2,0,2359,46.78,Random Forest,RF_2025_V1
9239,2025-01-01,2025,Human Resources,C&B Specialist,3,32,24,8,227,True,4,4,1,26828000,1,1,False,0,0.31419308261746354,31.42,1,0.16908819344089202,Cao,3,1,277,93.77,Random Forest,RF_2025_V1
9240,2025-01-01,2025,Sales,Sales Supervisor,3,40,20,4,191,True,3,2,2,31337000,1,1,False,0,0.25845497061382244,25.85,1,0.16908819344089202,Cao,3,1,591,86.68,Random Forest,RF_2025_V1
9241,2025-01-01,2025,Marketing,Digital Marketing Specialist,3,39,12,4,220,True,3,4,3,20586000,12,0,True,0,0.21044020062089636,21.04,1,0.16908819344089202,Cao,3,1,1026,76.87,Random Forest,RF_2025_V1
9244,2025-01-01,2025,Finance,Finance Manager,4,29,37,4,197,True,5,4,4,43444000,1,1,False,0,0.12430290887949454,12.43,0,0.16908819344089202,Trung bình,2,0,2353,46.92,Random Forest,RF_2025_V1
9249,2025-01-01,2025,Marketing,Content Specialist,1,31,33,1,176,False,4,4,2,8859000,3,3,False,0,0.07192903700514831,7.19,0,0.16908819344089202,Thấp,1,0,3929,11.35,Random Forest,RF_2025_V1
9250,2025-01-01,2025,Finance,Financial Analyst,5,43,21,3,172,False,4,4,3,61389000,3,2,False,0,0.07281497854234228,7.28,0,0.16908819344089202,Thấp,1,0,3904,11.92,Random Forest,RF_2025_V1
9254,2025-01-01,2025,Operations,Operations Manager,1,30,15,3,205,False,3,2,4,10298000,5,5,False,0,0.15007368936855342,15.01,0,0.16908819344089202,Trung bình,2,0,1789,59.65,Random Forest,RF_2025_V1
9255,2025-01-01,2025,Operations,Warehouse Supervisor,3,28,27,4,204,False,2,3,3,35861000,7,5,False,0,0.09268663348007987,9.27,0,0.16908819344089202,Thấp,1,0,3169,28.5,Random Forest,RF_2025_V1
9257,2025-01-01,2025,Operations,Procurement Specialist,2,25,32,7,225,True,2,3,4,20738000,2,2,False,0,0.2678133914090869,26.78,1,0.16908819344089202,Cao,3,1,516,88.38,Random Forest,RF_2025_V1
9259,2025-01-01,2025,Operations,Operations Executive,3,52,25,1,163,False,2,2,3,20000000,2,0,True,0,0.1218771318045362,12.19,0,0.16908819344089202,Trung bình,2,0,2416,45.5,Random Forest,RF_2025_V1
9260,2025-01-01,2025,Operations,Operations Executive,3,28,37,6,227,False,3,4,2,27304000,2,2,False,0,0.18101314128559673,18.1,1,0.16908819344089202,Cao,3,1,1321,70.21,Random Forest,RF_2025_V1
9266,2025-01-01,2025,Sales,Sales Supervisor,4,51,11,4,209,False,3,1,2,74036000,11,11,False,1,0.19719649870294548,19.72,1,0.16908819344089202,Cao,3,1,1163,73.78,Random Forest,RF_2025_V1
9267,2025-01-01,2025,Marketing,Content Specialist,1,27,13,5,175,False,4,1,2,13463000,6,6,False,0,0.1789453372177614,17.89,1,0.16908819344089202,Cao,3,1,1348,69.6,Random Forest,RF_2025_V1
9269,2025-01-01,2025,Human Resources,Recruiter,2,32,38,4,193,True,3,2,1,18944000,8,0,True,1,0.2959582125978422,29.6,1,0.16908819344089202,Cao,3,1,350,92.12,Random Forest,RF_2025_V1
9273,2025-01-01,2025,Human Resources,Recruiter,2,34,26,5,264,True,3,2,4,29511000,10,10,False,1,0.37134700648001057,37.13,1,0.16908819344089202,Cao,3,1,104,97.68,Random Forest,RF_2025_V1
9277,2025-01-01,2025,Finance,Internal Auditor,2,45,14,8,246,True,5,4,3,15637000,4,3,False,0,0.2783855919002284,27.84,1,0.16908819344089202,Cao,3,1,441,90.07,Random Forest,RF_2025_V1
9281,2025-01-01,2025,Marketing,Marketing Executive,4,26,40,1,176,True,1,3,3,52754000,6,6,False,0,0.13873584477673764,13.87,0,0.16908819344089202,Trung bình,2,0,2014,54.57,Random Forest,RF_2025_V1
9283,2025-01-01,2025,Sales,Account Manager,5,29,28,3,193,True,3,4,4,62924000,7,2,False,0,0.11279122238456883,11.28,0,0.16908819344089202,Trung bình,2,0,2663,39.92,Random Forest,RF_2025_V1
9285,2025-01-01,2025,Marketing,Marketing Executive,3,44,32,3,168,False,3,3,2,30621000,1,1,False,0,0.08955518194484849,8.96,0,0.16908819344089202,Thấp,1,0,3281,25.98,Random Forest,RF_2025_V1
9290,2025-01-01,2025,Human Resources,HR Manager,1,52,21,2,217,True,3,3,3,10511000,5,5,False,0,0.17135285995805374,17.14,1,0.16908819344089202,Cao,3,1,1457,67.14,Random Forest,RF_2025_V1
9291,2025-01-01,2025,Marketing,Marketing Manager,1,41,36,4,216,True,3,1,3,7313000,1,1,False,1,0.23021414951669905,23.02,1,0.16908819344089202,Cao,3,1,829,81.31,Random Forest,RF_2025_V1
9292,2025-01-01,2025,Sales,Account Manager,4,47,7,5,226,True,2,4,1,46881000,15,4,False,0,0.3140145575830472,31.4,1,0.16908819344089202,Cao,3,1,279,93.73,Random Forest,RF_2025_V1
9293,2025-01-01,2025,Human Resources,HR Executive,2,49,18,4,149,False,3,3,3,20660000,10,10,False,0,0.07463856524618849,7.46,0,0.16908819344089202,Thấp,1,0,3835,13.47,Random Forest,RF_2025_V1
9302,2025-01-01,2025,Sales,Sales Executive,3,27,12,3,236,True,4,3,4,57985000,7,7,False,1,0.23023145036308107,23.02,1,0.16908819344089202,Cao,3,1,828,81.34,Random Forest,RF_2025_V1
9303,2025-01-01,2025,Information Technology,IT Support,2,52,17,2,170,False,3,1,3,16850000,10,1,False,0,0.11913706855792071,11.91,0,0.16908819344089202,Trung bình,2,0,2495,43.71,Random Forest,RF_2025_V1
9307,2025-01-01,2025,Finance,Finance Manager,3,36,21,3,233,True,3,3,1,26997000,12,0,True,0,0.31846953297723046,31.85,1,0.16908819344089202,Cao,3,1,257,94.22,Random Forest,RF_2025_V1
9311,2025-01-01,2025,Marketing,Digital Marketing Specialist,2,45,30,1,182,True,3,3,4,23927000,4,4,False,0,0.15188703588583777,15.19,0,0.16908819344089202,Trung bình,2,0,1753,60.46,Random Forest,RF_2025_V1
9315,2025-01-01,2025,Marketing,Content Specialist,1,37,38,3,174,False,3,3,3,17199000,11,11,False,0,0.06373590228958505,6.37,0,0.16908819344089202,Thấp,1,0,4194,5.37,Random Forest,RF_2025_V1
9316,2025-01-01,2025,Operations,Procurement Specialist,2,39,20,3,186,False,3,3,3,17629000,10,5,False,0,0.0839411149548729,8.39,0,0.16908819344089202,Thấp,1,0,3464,21.85,Random Forest,RF_2025_V1
9322,2025-01-01,2025,Operations,Procurement Specialist,2,31,36,3,197,False,3,4,3,22598000,4,4,False,0,0.08072037169896738,8.07,0,0.16908819344089202,Thấp,1,0,3586,19.09,Random Forest,RF_2025_V1
9323,2025-01-01,2025,Marketing,Digital Marketing Specialist,1,31,18,3,194,False,4,4,1,13409000,2,2,False,0,0.07568989113734668,7.57,0,0.16908819344089202,Thấp,1,0,3796,14.35,Random Forest,RF_2025_V1
9324,2025-01-01,2025,Information Technology,System Administrator,3,25,12,4,210,False,3,1,4,28575000,4,4,False,0,0.14712629635167015,14.71,0,0.16908819344089202,Trung bình,2,0,1847,58.34,Random Forest,RF_2025_V1
9325,2025-01-01,2025,Marketing,Marketing Executive,4,36,22,3,185,False,5,4,3,42538000,3,1,False,0,0.06158798569930333,6.16,0,0.16908819344089202,Thấp,1,0,4253,4.04,Random Forest,RF_2025_V1
9326,2025-01-01,2025,Human Resources,Recruiter,3,33,26,1,168,False,2,1,4,24741000,5,3,False,0,0.10645565907842226,10.65,0,0.16908819344089202,Trung bình,2,0,2855,35.59,Random Forest,RF_2025_V1
9327,2025-01-01,2025,Operations,Procurement Specialist,2,53,12,4,222,True,2,3,4,15050000,10,0,True,0,0.21623832698555362,21.62,1,0.16908819344089202,Cao,3,1,962,78.31,Random Forest,RF_2025_V1
9328,2025-01-01,2025,Sales,Sales Supervisor,1,49,17,4,169,True,2,4,2,10374000,1,1,False,1,0.16557375280098047,16.56,0,0.16908819344089202,Trung bình,2,0,1537,65.34,Random Forest,RF_2025_V1
9329,2025-01-01,2025,Operations,Procurement Specialist,2,51,31,3,203,True,4,4,2,22505000,12,12,False,1,0.23704975779997725,23.7,1,0.16908819344089202,Cao,3,1,762,82.83,Random Forest,RF_2025_V1
9331,2025-01-01,2025,Information Technology,IT Support,3,36,11,1,182,False,3,3,4,33623000,9,3,False,0,0.060079969966222155,6.01,0,0.16908819344089202,Thấp,1,0,4296,3.07,Random Forest,RF_2025_V1
9333,2025-01-01,2025,Information Technology,QA Engineer,3,45,40,2,208,False,3,4,3,48096000,11,11,False,0,0.08001814017397535,8.0,0,0.16908819344089202,Thấp,1,0,3619,18.35,Random Forest,RF_2025_V1
9338,2025-01-01,2025,Operations,Procurement Specialist,3,31,27,4,217,True,4,4,4,29830000,9,1,False,0,0.13603661435067552,13.6,0,0.16908819344089202,Trung bình,2,0,2087,52.92,Random Forest,RF_2025_V1
9340,2025-01-01,2025,Human Resources,HR Manager,2,47,19,4,186,False,4,4,4,15610000,3,2,False,0,0.05848241362933121,5.85,0,0.16908819344089202,Thấp,1,0,4328,2.35,Random Forest,RF_2025_V1
9341,2025-01-01,2025,Operations,Operations Executive,3,55,38,3,191,False,3,3,4,42599000,14,14,False,0,0.10826690171218056,10.83,0,0.16908819344089202,Trung bình,2,0,2801,36.81,Random Forest,RF_2025_V1
9342,2025-01-01,2025,Information Technology,Software Engineer,3,51,20,2,168,False,3,4,4,22763000,7,2,False,0,0.05984924556359507,5.98,0,0.16908819344089202,Thấp,1,0,4302,2.93,Random Forest,RF_2025_V1
9346,2025-01-01,2025,Marketing,Marketing Executive,4,45,10,7,192,False,3,3,3,58002000,2,2,False,0,0.07235668448036149,7.24,0,0.16908819344089202,Thấp,1,0,3917,11.62,Random Forest,RF_2025_V1
9347,2025-01-01,2025,Finance,Accountant,3,29,35,4,186,False,4,3,3,23961000,2,2,False,0,0.06521623577561553,6.52,0,0.16908819344089202,Thấp,1,0,4142,6.54,Random Forest,RF_2025_V1
9350,2025-01-01,2025,Finance,Internal Auditor,1,44,7,2,198,True,4,4,4,11010000,2,2,False,0,0.13253462835562602,13.25,0,0.16908819344089202,Trung bình,2,0,2179,50.85,Random Forest,RF_2025_V1
9352,2025-01-01,2025,Sales,Sales Executive,3,39,6,1,181,True,3,4,2,49716000,11,11,False,1,0.21895337135697446,21.9,1,0.16908819344089202,Cao,3,1,932,78.99,Random Forest,RF_2025_V1
9355,2025-01-01,2025,Sales,Account Manager,1,34,28,6,193,False,4,2,4,10262000,2,2,False,0,0.12534021678044213,12.53,0,0.16908819344089202,Trung bình,2,0,2327,47.51,Random Forest,RF_2025_V1
9356,2025-01-01,2025,Information Technology,Data Analyst,1,30,8,3,175,False,4,4,3,13340000,3,3,False,0,0.06046497798289612,6.05,0,0.16908819344089202,Thấp,1,0,4288,3.25,Random Forest,RF_2025_V1
9357,2025-01-01,2025,Information Technology,Software Engineer,2,26,21,6,182,False,4,4,3,15774000,4,4,False,0,0.10311707624214961,10.31,0,0.16908819344089202,Trung bình,2,0,2917,34.19,Random Forest,RF_2025_V1
9359,2025-01-01,2025,Marketing,Marketing Executive,1,52,20,5,208,False,4,4,3,9211000,2,2,False,0,0.05989661597588814,5.99,0,0.16908819344089202,Thấp,1,0,4301,2.96,Random Forest,RF_2025_V1
9360,2025-01-01,2025,Operations,Operations Executive,2,35,27,3,205,False,3,2,1,19679000,9,6,False,0,0.18513611171526748,18.51,1,0.16908819344089202,Cao,3,1,1282,71.09,Random Forest,RF_2025_V1
9361,2025-01-01,2025,Operations,Warehouse Supervisor,2,55,22,4,195,False,3,4,3,30135000,12,12,False,0,0.10515050932196472,10.52,0,0.16908819344089202,Trung bình,2,0,2877,35.09,Random Forest,RF_2025_V1
9363,2025-01-01,2025,Information Technology,Software Engineer,2,32,26,5,247,True,4,4,2,28830000,8,8,False,0,0.34954799188980834,34.95,1,0.16908819344089202,Cao,3,1,155,96.52,Random Forest,RF_2025_V1
9364,2025-01-01,2025,Finance,Financial Analyst,1,25,39,6,229,False,3,3,3,12874000,3,3,False,0,0.12750861818112,12.75,0,0.16908819344089202,Trung bình,2,0,2290,48.34,Random Forest,RF_2025_V1
9366,2025-01-01,2025,Human Resources,HR Manager,3,52,22,5,243,True,3,3,3,37381000,3,3,False,1,0.21643499320995796,21.64,1,0.16908819344089202,Cao,3,1,958,78.4,Random Forest,RF_2025_V1
9367,2025-01-01,2025,Operations,Procurement Specialist,1,36,31,5,191,False,4,2,3,16730000,13,13,False,0,0.14674998896944685,14.67,0,0.16908819344089202,Trung bình,2,0,1851,58.25,Random Forest,RF_2025_V1
9368,2025-01-01,2025,Information Technology,System Administrator,1,37,20,3,194,False,3,4,1,15191000,15,15,False,0,0.13196805774058043,13.2,0,0.16908819344089202,Trung bình,2,0,2197,50.44,Random Forest,RF_2025_V1
9369,2025-01-01,2025,Finance,Accountant,2,25,38,1,204,True,3,3,4,15658000,1,1,False,0,0.13794159798732444,13.79,0,0.16908819344089202,Trung bình,2,0,2034,54.12,Random Forest,RF_2025_V1
9373,2025-01-01,2025,Marketing,Marketing Executive,1,27,15,1,159,False,5,3,2,12497000,4,4,False,0,0.11413972331352139,11.41,0,0.16908819344089202,Trung bình,2,0,2621,40.87,Random Forest,RF_2025_V1
9381,2025-01-01,2025,Marketing,Digital Marketing Specialist,1,31,1,1,189,True,4,4,2,13237000,8,8,False,0,0.23540066285459707,23.54,1,0.16908819344089202,Cao,3,1,773,82.58,Random Forest,RF_2025_V1
9383,2025-01-01,2025,Human Resources,Recruiter,2,27,18,2,179,False,4,1,4,24006000,5,5,False,0,0.13163475436389974,13.16,0,0.16908819344089202,Trung bình,2,0,2206,50.24,Random Forest,RF_2025_V1
9387,2025-01-01,2025,Marketing,Marketing Manager,4,32,23,4,170,False,3,3,4,41034000,6,3,False,0,0.05421304118591904,5.42,0,0.16908819344089202,Thấp,1,0,4405,0.61,Random Forest,RF_2025_V1
9389,2025-01-01,2025,Operations,Warehouse Supervisor,3,46,31,5,177,False,3,4,4,35625000,9,9,False,0,0.090625225922313,9.06,0,0.16908819344089202,Thấp,1,0,3246,26.77,Random Forest,RF_2025_V1
9391,2025-01-01,2025,Information Technology,QA Engineer,1,52,33,2,191,False,3,4,1,17638000,13,13,False,0,0.11369349807307354,11.37,0,0.16908819344089202,Trung bình,2,0,2633,40.6,Random Forest,RF_2025_V1
9394,2025-01-01,2025,Finance,Financial Analyst,1,53,23,2,175,True,2,3,2,9718000,4,4,False,0,0.19256732997005274,19.26,1,0.16908819344089202,Cao,3,1,1204,72.85,Random Forest,RF_2025_V1
9395,2025-01-01,2025,Operations,Warehouse Supervisor,1,32,31,3,231,True,3,2,3,13003000,1,1,False,1,0.3475483157511463,34.75,1,0.16908819344089202,Cao,3,1,163,96.34,Random Forest,RF_2025_V1
9396,2025-01-01,2025,Information Technology,Data Analyst,3,55,37,4,190,False,5,4,3,23475000,5,2,False,0,0.07377648684197746,7.38,0,0.16908819344089202,Thấp,1,0,3875,12.57,Random Forest,RF_2025_V1
9398,2025-01-01,2025,Operations,Operations Manager,2,25,14,5,230,True,3,4,4,19613000,5,5,False,0,0.25610929084940853,25.61,1,0.16908819344089202,Cao,3,1,601,86.46,Random Forest,RF_2025_V1
9400,2025-01-01,2025,Marketing,Marketing Executive,2,26,9,4,182,False,2,1,4,19437000,2,2,False,0,0.09020716404261975,9.02,0,0.16908819344089202,Thấp,1,0,3263,26.38,Random Forest,RF_2025_V1
9403,2025-01-01,2025,Marketing,Marketing Executive,2,34,14,4,252,True,4,2,1,23450000,11,4,False,1,0.44531462377409553,44.53,1,0.16908819344089202,Cao,3,1,13,99.73,Random Forest,RF_2025_V1
9404,2025-01-01,2025,Human Resources,HR Manager,4,36,36,2,172,True,4,3,1,35000000,8,0,True,0,0.17651223377488884,17.65,1,0.16908819344089202,Cao,3,1,1389,68.68,Random Forest,RF_2025_V1
9406,2025-01-01,2025,Human Resources,Recruiter,1,35,2,3,151,False,4,2,4,13495000,3,3,False,1,0.09639125809282408,9.64,0,0.16908819344089202,Thấp,1,0,3077,30.58,Random Forest,RF_2025_V1
9408,2025-01-01,2025,Sales,Sales Executive,5,40,36,5,183,False,4,1,4,55000000,12,0,True,0,0.12401995204297092,12.4,0,0.16908819344089202,Trung bình,2,0,2361,46.74,Random Forest,RF_2025_V1
9409,2025-01-01,2025,Information Technology,Data Analyst,1,41,28,4,213,False,4,2,1,12740000,1,1,False,0,0.1613483853421429,16.13,0,0.16908819344089202,Trung bình,2,0,1596,64.0,Random Forest,RF_2025_V1
9412,2025-01-01,2025,Information Technology,Data Analyst,3,28,20,5,198,False,2,2,3,33203000,1,1,False,1,0.12756700562265416,12.76,0,0.16908819344089202,Trung bình,2,0,2288,48.39,Random Forest,RF_2025_V1
9413,2025-01-01,2025,Human Resources,HR Executive,3,47,36,5,215,True,4,2,2,34126000,1,1,False,0,0.29064959138247976,29.06,1,0.16908819344089202,Cao,3,1,371,91.65,Random Forest,RF_2025_V1
9414,2025-01-01,2025,Marketing,Content Specialist,3,40,6,3,195,False,3,4,2,48695000,6,6,False,0,0.09019796643824399,9.02,0,0.16908819344089202,Thấp,1,0,3264,26.36,Random Forest,RF_2025_V1
9415,2025-01-01,2025,Finance,Internal Auditor,3,55,4,5,224,True,5,3,1,23390000,4,2,False,1,0.2666397592656541,26.66,1,0.16908819344089202,Cao,3,1,522,88.24,Random Forest,RF_2025_V1
9416,2025-01-01,2025,Marketing,Content Specialist,3,36,39,1,220,True,4,2,2,32077000,7,7,False,1,0.3543674012784709,35.44,1,0.16908819344089202,Cao,3,1,146,96.73,Random Forest,RF_2025_V1
9418,2025-01-01,2025,Finance,Finance Manager,4,55,21,3,221,True,3,2,4,64425000,8,5,False,0,0.3365124273630931,33.65,1,0.16908819344089202,Cao,3,1,196,95.6,Random Forest,RF_2025_V1
9422,2025-01-01,2025,Information Technology,IT Support,3,25,40,4,223,True,4,2,2,27576000,2,2,False,1,0.3310878479211659,33.11,1,0.16908819344089202,Cao,3,1,215,95.17,Random Forest,RF_2025_V1
9423,2025-01-01,2025,Human Resources,HR Manager,2,34,8,4,198,True,5,1,4,20334000,10,5,False,0,0.2656160154674103,26.56,1,0.16908819344089202,Cao,3,1,529,88.08,Random Forest,RF_2025_V1
9424,2025-01-01,2025,Marketing,Marketing Manager,2,35,34,3,219,True,3,3,1,12879000,1,0,True,0,0.22969750548053744,22.97,1,0.16908819344089202,Cao,3,1,832,81.25,Random Forest,RF_2025_V1
9425,2025-01-01,2025,Operations,Operations Executive,2,32,17,4,206,False,3,4,4,14079000,1,1,False,0,0.08619608125465157,8.62,0,0.16908819344089202,Thấp,1,0,3383,23.67,Random Forest,RF_2025_V1
9426,2025-01-01,2025,Sales,Sales Representative,1,53,2,1,178,False,3,3,2,14578000,4,4,False,0,0.10481567424681874,10.48,0,0.16908819344089202,Trung bình,2,0,2885,34.91,Random Forest,RF_2025_V1
9428,2025-01-01,2025,Human Resources,Recruiter,1,39,14,3,192,False,3,4,4,17971000,13,13,False,0,0.08497820754460954,8.5,0,0.16908819344089202,Thấp,1,0,3424,22.75,Random Forest,RF_2025_V1
9430,2025-01-01,2025,Operations,Procurement Specialist,5,40,1,3,180,False,4,4,3,83233000,4,2,False,0,0.07044714723610847,7.04,0,0.16908819344089202,Thấp,1,0,3986,10.07,Random Forest,RF_2025_V1
9431,2025-01-01,2025,Operations,Operations Manager,1,50,11,4,188,False,4,4,2,12334000,1,1,False,0,0.0982688729987795,9.83,0,0.16908819344089202,Thấp,1,0,3044,31.32,Random Forest,RF_2025_V1
9432,2025-01-01,2025,Information Technology,QA Engineer,1,38,12,3,186,False,1,3,3,10596000,2,2,False,0,0.07122974664471134,7.12,0,0.16908819344089202,Thấp,1,0,3955,10.77,Random Forest,RF_2025_V1
9434,2025-01-01,2025,Sales,Sales Supervisor,1,35,20,6,229,False,4,1,4,10787000,11,11,False,0,0.24363391452714553,24.36,1,0.16908819344089202,Cao,3,1,708,84.04,Random Forest,RF_2025_V1
9437,2025-01-01,2025,Marketing,Marketing Executive,3,29,10,3,212,False,4,4,3,21866000,1,1,False,0,0.08423193673103675,8.42,0,0.16908819344089202,Thấp,1,0,3447,22.23,Random Forest,RF_2025_V1
9441,2025-01-01,2025,Finance,Financial Analyst,2,54,40,2,169,False,3,4,2,18671000,1,1,False,0,0.09632222923689968,9.63,0,0.16908819344089202,Thấp,1,0,3078,30.56,Random Forest,RF_2025_V1
9442,2025-01-01,2025,Sales,Account Manager,2,49,8,4,186,False,4,1,3,20326000,6,6,False,0,0.14990907476582288,14.99,0,0.16908819344089202,Trung bình,2,0,1792,59.58,Random Forest,RF_2025_V1
9443,2025-01-01,2025,Information Technology,Data Analyst,4,47,19,4,223,True,4,1,4,38077000,11,1,False,0,0.3031212529814901,30.31,1,0.16908819344089202,Cao,3,1,323,92.73,Random Forest,RF_2025_V1
9445,2025-01-01,2025,Sales,Sales Executive,2,55,17,5,182,False,3,3,3,28357000,12,12,False,0,0.09041335347593565,9.04,0,0.16908819344089202,Thấp,1,0,3255,26.56,Random Forest,RF_2025_V1
9446,2025-01-01,2025,Information Technology,Data Analyst,1,36,1,4,175,False,4,4,4,10826000,2,2,False,0,0.06749659984021911,6.75,0,0.16908819344089202,Thấp,1,0,4073,8.1,Random Forest,RF_2025_V1
9449,2025-01-01,2025,Information Technology,QA Engineer,4,45,15,3,232,False,4,4,3,54697000,14,6,False,0,0.17423485455491503,17.42,1,0.16908819344089202,Cao,3,1,1422,67.93,Random Forest,RF_2025_V1
9450,2025-01-01,2025,Marketing,Digital Marketing Specialist,1,25,5,4,219,True,4,3,1,8803000,3,3,False,0,0.18144571409062865,18.14,1,0.16908819344089202,Cao,3,1,1314,70.37,Random Forest,RF_2025_V1
9452,2025-01-01,2025,Sales,Sales Representative,4,50,17,4,192,False,3,1,4,57906000,15,2,False,0,0.1331341985430674,13.31,0,0.16908819344089202,Trung bình,2,0,2159,51.3,Random Forest,RF_2025_V1
9453,2025-01-01,2025,Operations,Operations Manager,1,48,20,3,179,True,4,2,4,10326000,2,2,False,0,0.21379280882172627,21.38,1,0.16908819344089202,Cao,3,1,988,77.73,Random Forest,RF_2025_V1
9455,2025-01-01,2025,Finance,Internal Auditor,5,26,6,2,205,True,3,4,3,77742000,5,3,False,0,0.12982196815802557,12.98,0,0.16908819344089202,Trung bình,2,0,2247,49.31,Random Forest,RF_2025_V1
9456,2025-01-01,2025,Sales,Account Manager,4,25,34,3,212,True,4,1,2,48623000,4,3,False,1,0.2544963271055716,25.45,1,0.16908819344089202,Cao,3,1,616,86.12,Random Forest,RF_2025_V1
9463,2025-01-01,2025,Sales,Sales Representative,2,35,27,1,163,False,3,2,1,18829000,1,1,False,0,0.16143960180484315,16.14,0,0.16908819344089202,Trung bình,2,0,1593,64.07,Random Forest,RF_2025_V1
9464,2025-01-01,2025,Operations,Procurement Specialist,1,50,23,4,197,False,4,2,3,9989000,1,1,False,0,0.11267097678023025,11.27,0,0.16908819344089202,Trung bình,2,0,2668,39.81,Random Forest,RF_2025_V1
9465,2025-01-01,2025,Operations,Warehouse Supervisor,3,46,31,2,185,False,3,3,4,24649000,3,3,False,0,0.07082236892114416,7.08,0,0.16908819344089202,Thấp,1,0,3971,10.4,Random Forest,RF_2025_V1
9466,2025-01-01,2025,Sales,Account Manager,3,31,22,4,192,False,3,2,4,24199000,1,1,False,0,0.11665411925556311,11.67,0,0.16908819344089202,Trung bình,2,0,2544,42.61,Random Forest,RF_2025_V1
9468,2025-01-01,2025,Sales,Account Manager,3,38,11,1,199,True,3,1,3,27266000,5,4,False,0,0.26614097992983565,26.61,1,0.16908819344089202,Cao,3,1,526,88.15,Random Forest,RF_2025_V1
9469,2025-01-01,2025,Marketing,Content Specialist,2,48,19,6,223,True,4,3,3,21384000,10,5,False,0,0.27522382259260153,27.52,1,0.16908819344089202,Cao,3,1,462,89.6,Random Forest,RF_2025_V1
9470,2025-01-01,2025,Finance,Internal Auditor,4,34,4,5,228,True,4,4,4,75070000,6,6,False,0,0.26265918799064386,26.27,1,0.16908819344089202,Cao,3,1,560,87.38,Random Forest,RF_2025_V1
9471,2025-01-01,2025,Operations,Operations Manager,4,28,20,5,186,False,4,4,2,64750000,5,5,False,0,0.1171612769754398,11.72,0,0.16908819344089202,Trung bình,2,0,2530,42.92,Random Forest,RF_2025_V1
9472,2025-01-01,2025,Human Resources,Recruiter,1,26,22,4,172,False,4,4,3,13363000,4,4,False,0,0.07713704091555426,7.71,0,0.16908819344089202,Thấp,1,0,3741,15.59,Random Forest,RF_2025_V1
9473,2025-01-01,2025,Human Resources,C&B Specialist,2,43,4,3,214,False,4,3,2,19971000,1,1,False,1,0.1089381870165079,10.89,0,0.16908819344089202,Trung bình,2,0,2779,37.31,Random Forest,RF_2025_V1
9474,2025-01-01,2025,Human Resources,HR Executive,1,33,37,4,239,False,3,4,3,20529000,7,7,False,0,0.14039515068784808,14.04,0,0.16908819344089202,Trung bình,2,0,1969,55.59,Random Forest,RF_2025_V1
9477,2025-01-01,2025,Information Technology,Data Analyst,1,54,37,5,207,False,3,4,4,18611000,10,10,False,0,0.08718448577525739,8.72,0,0.16908819344089202,Thấp,1,0,3341,24.62,Random Forest,RF_2025_V1
9478,2025-01-01,2025,Marketing,Content Specialist,2,34,2,6,227,True,3,4,2,27334000,6,6,False,1,0.3398754036130461,33.99,1,0.16908819344089202,Cao,3,1,188,95.78,Random Forest,RF_2025_V1
9480,2025-01-01,2025,Operations,Operations Manager,1,35,32,2,155,False,3,2,3,11569000,3,3,False,0,0.09437288225940739,9.44,0,0.16908819344089202,Thấp,1,0,3126,29.47,Random Forest,RF_2025_V1
9481,2025-01-01,2025,Information Technology,Data Analyst,4,37,14,1,160,False,2,2,3,35000000,12,0,True,0,0.13765976739119068,13.77,0,0.16908819344089202,Trung bình,2,0,2041,53.96,Random Forest,RF_2025_V1
9482,2025-01-01,2025,Sales,Account Manager,3,31,24,3,229,True,3,2,2,24136000,11,0,True,0,0.40325565269907554,40.33,1,0.16908819344089202,Cao,3,1,50,98.89,Random Forest,RF_2025_V1
9483,2025-01-01,2025,Operations,Operations Manager,1,42,31,5,202,False,4,4,3,11698000,3,3,False,0,0.06835880821782361,6.84,0,0.16908819344089202,Thấp,1,0,4049,8.64,Random Forest,RF_2025_V1
9484,2025-01-01,2025,Operations,Operations Manager,1,51,32,5,194,False,3,3,4,7717000,1,1,False,0,0.08687656609528692,8.69,0,0.16908819344089202,Thấp,1,0,3351,24.4,Random Forest,RF_2025_V1
9485,2025-01-01,2025,Human Resources,HR Manager,2,42,5,4,170,False,4,2,3,22511000,13,5,False,1,0.12701154495183928,12.7,0,0.16908819344089202,Trung bình,2,0,2299,48.14,Random Forest,RF_2025_V1
9493,2025-01-01,2025,Sales,Sales Representative,2,46,14,3,199,False,3,3,1,24442000,7,7,False,1,0.11087210618945216,11.09,0,0.16908819344089202,Trung bình,2,0,2730,38.41,Random Forest,RF_2025_V1
9496,2025-01-01,2025,Sales,Sales Representative,2,29,12,3,205,False,3,1,1,12708000,3,1,False,0,0.144696489063608,14.47,0,0.16908819344089202,Trung bình,2,0,1882,57.55,Random Forest,RF_2025_V1
9497,2025-01-01,2025,Finance,Finance Manager,3,48,12,1,144,False,3,4,2,33157000,10,4,False,0,0.10233819191383951,10.23,0,0.16908819344089202,Trung bình,2,0,2939,33.69,Random Forest,RF_2025_V1
9498,2025-01-01,2025,Information Technology,System Administrator,2,25,6,1,220,True,3,1,2,16692000,3,3,False,0,0.34509286685343343,34.51,1,0.16908819344089202,Cao,3,1,171,96.16,Random Forest,RF_2025_V1
9501,2025-01-01,2025,Information Technology,QA Engineer,3,48,14,4,195,True,2,3,2,21832000,13,1,False,0,0.17511316301926658,17.51,1,0.16908819344089202,Cao,3,1,1405,68.31,Random Forest,RF_2025_V1
9502,2025-01-01,2025,Finance,Internal Auditor,3,31,24,3,209,True,3,3,4,32761000,5,5,False,0,0.18876972809900255,18.88,1,0.16908819344089202,Cao,3,1,1240,72.04,Random Forest,RF_2025_V1
9503,2025-01-01,2025,Information Technology,Data Analyst,2,41,26,4,183,False,3,2,2,25472000,5,5,False,0,0.18638326144453424,18.64,1,0.16908819344089202,Cao,3,1,1265,71.47,Random Forest,RF_2025_V1
9504,2025-01-01,2025,Information Technology,QA Engineer,2,27,33,6,187,True,5,3,3,21919000,4,4,False,0,0.2147861276988505,21.48,1,0.16908819344089202,Cao,3,1,978,77.95,Random Forest,RF_2025_V1
9505,2025-01-01,2025,Human Resources,HR Manager,1,31,12,1,167,False,2,4,1,9780000,3,3,False,0,0.07476789087762355,7.48,0,0.16908819344089202,Thấp,1,0,3828,13.63,Random Forest,RF_2025_V1
9507,2025-01-01,2025,Operations,Operations Executive,3,39,8,3,182,False,3,4,4,23748000,2,2,False,0,0.06746130532808853,6.75,0,0.16908819344089202,Thấp,1,0,4075,8.06,Random Forest,RF_2025_V1
9510,2025-01-01,2025,Marketing,Marketing Manager,2,47,3,1,196,False,4,3,3,31011000,12,12,False,0,0.07016716142870932,7.02,0,0.16908819344089202,Thấp,1,0,3991,9.95,Random Forest,RF_2025_V1
9512,2025-01-01,2025,Sales,Sales Representative,3,38,28,1,185,False,4,3,1,23917000,3,2,False,0,0.08205445745522652,8.21,0,0.16908819344089202,Thấp,1,0,3524,20.49,Random Forest,RF_2025_V1
9513,2025-01-01,2025,Human Resources,Recruiter,1,31,14,2,211,True,3,4,3,12061000,3,3,False,0,0.12532777919898466,12.53,0,0.16908819344089202,Trung bình,2,0,2328,47.48,Random Forest,RF_2025_V1
9515,2025-01-01,2025,Sales,Sales Executive,2,46,3,4,198,False,4,2,4,17135000,8,4,False,0,0.1335507408703659,13.36,0,0.16908819344089202,Trung bình,2,0,2145,51.61,Random Forest,RF_2025_V1
9516,2025-01-01,2025,Sales,Account Manager,2,49,16,2,218,False,2,2,3,14804000,5,1,False,0,0.1636937180808518,16.37,0,0.16908819344089202,Trung bình,2,0,1564,64.73,Random Forest,RF_2025_V1
9519,2025-01-01,2025,Marketing,Content Specialist,1,25,40,1,179,False,4,3,4,10029000,2,2,False,0,0.0563512672936312,5.64,0,0.16908819344089202,Thấp,1,0,4369,1.42,Random Forest,RF_2025_V1
9521,2025-01-01,2025,Finance,Finance Manager,1,41,6,4,193,False,4,4,2,9914000,1,1,False,0,0.09213221633092994,9.21,0,0.16908819344089202,Thấp,1,0,3193,27.96,Random Forest,RF_2025_V1
9522,2025-01-01,2025,Operations,Operations Executive,1,52,36,1,178,False,3,3,4,13240000,5,5,False,0,0.09222714811208738,9.22,0,0.16908819344089202,Thấp,1,0,3190,28.03,Random Forest,RF_2025_V1
9523,2025-01-01,2025,Human Resources,C&B Specialist,3,34,18,3,166,False,3,4,4,25187000,4,2,False,0,0.058787131916340364,5.88,0,0.16908819344089202,Thấp,1,0,4323,2.46,Random Forest,RF_2025_V1
9524,2025-01-01,2025,Marketing,Marketing Manager,2,29,31,6,240,True,4,2,2,12824000,3,1,False,1,0.42075837718211856,42.08,1,0.16908819344089202,Cao,3,1,27,99.41,Random Forest,RF_2025_V1
9527,2025-01-01,2025,Operations,Operations Manager,2,45,22,5,197,True,3,1,4,24403000,3,3,False,0,0.21936678897057874,21.94,1,0.16908819344089202,Cao,3,1,926,79.12,Random Forest,RF_2025_V1
9530,2025-01-01,2025,Marketing,Content Specialist,2,26,7,3,203,False,3,3,1,24763000,3,3,False,0,0.08566982489351738,8.57,0,0.16908819344089202,Thấp,1,0,3394,23.43,Random Forest,RF_2025_V1
9532,2025-01-01,2025,Marketing,Marketing Manager,5,49,5,5,222,False,5,3,2,114588000,15,2,False,0,0.18039764556063842,18.04,1,0.16908819344089202,Cao,3,1,1331,69.98,Random Forest,RF_2025_V1
9534,2025-01-01,2025,Sales,Sales Supervisor,1,26,7,3,239,True,2,2,2,11399000,4,4,False,0,0.4258167424938908,42.58,1,0.16908819344089202,Cao,3,1,23,99.5,Random Forest,RF_2025_V1
9536,2025-01-01,2025,Operations,Procurement Specialist,4,48,10,1,201,True,3,2,4,55764000,9,4,False,0,0.2618504095404158,26.19,1,0.16908819344089202,Cao,3,1,565,87.27,Random Forest,RF_2025_V1
9539,2025-01-01,2025,Finance,Finance Manager,3,30,21,3,226,True,4,4,4,22237000,8,1,False,0,0.21153767912332266,21.15,1,0.16908819344089202,Cao,3,1,1016,77.09,Random Forest,RF_2025_V1
9542,2025-01-01,2025,Information Technology,IT Support,2,49,13,3,171,False,4,1,4,18460000,14,6,False,0,0.13606471752896449,13.61,0,0.16908819344089202,Trung bình,2,0,2085,52.97,Random Forest,RF_2025_V1
9543,2025-01-01,2025,Finance,Accountant,3,27,15,2,220,True,5,2,1,31565000,4,3,False,1,0.36329881102923606,36.33,1,0.16908819344089202,Cao,3,1,124,97.22,Random Forest,RF_2025_V1
9546,2025-01-01,2025,Sales,Sales Representative,2,53,12,2,239,True,3,4,4,16963000,11,1,False,1,0.1968840215027886,19.69,1,0.16908819344089202,Cao,3,1,1166,73.71,Random Forest,RF_2025_V1
9547,2025-01-01,2025,Finance,Finance Manager,1,41,27,4,182,False,2,3,4,8046000,1,1,False,0,0.07591348411510407,7.59,0,0.16908819344089202,Thấp,1,0,3785,14.6,Random Forest,RF_2025_V1
9549,2025-01-01,2025,Finance,Accountant,3,36,28,3,158,False,5,1,3,42481000,5,5,False,0,0.13379807819243644,13.38,0,0.16908819344089202,Trung bình,2,0,2138,51.77,Random Forest,RF_2025_V1
9552,2025-01-01,2025,Human Resources,HR Executive,2,35,9,5,213,True,4,4,1,18473000,8,4,False,0,0.22746920262866552,22.75,1,0.16908819344089202,Cao,3,1,846,80.93,Random Forest,RF_2025_V1
9554,2025-01-01,2025,Operations,Warehouse Supervisor,3,36,14,5,197,False,4,3,4,24940000,15,4,False,0,0.11055751562956875,11.06,0,0.16908819344089202,Trung bình,2,0,2738,38.23,Random Forest,RF_2025_V1
9556,2025-01-01,2025,Finance,Internal Auditor,4,31,21,1,183,False,4,4,2,37035000,8,1,False,0,0.0928101596672208,9.28,0,0.16908819344089202,Thấp,1,0,3165,28.59,Random Forest,RF_2025_V1
9560,2025-01-01,2025,Finance,Financial Analyst,1,49,22,4,188,False,4,2,2,10422000,4,4,False,0,0.20607183808017748,20.61,1,0.16908819344089202,Cao,3,1,1079,75.67,Random Forest,RF_2025_V1
9561,2025-01-01,2025,Sales,Sales Representative,2,53,40,1,190,False,3,1,4,20168000,1,1,False,0,0.10594787414887988,10.59,0,0.16908819344089202,Trung bình,2,0,2864,35.39,Random Forest,RF_2025_V1
9565,2025-01-01,2025,Human Resources,HR Executive,2,39,14,1,179,False,4,3,2,12000000,1,0,True,0,0.1064686945177501,10.65,0,0.16908819344089202,Trung bình,2,0,2854,35.61,Random Forest,RF_2025_V1
9567,2025-01-01,2025,Sales,Account Manager,3,47,35,5,239,True,4,2,2,26493000,8,1,False,1,0.4114544088490329,41.15,1,0.16908819344089202,Cao,3,1,30,99.35,Random Forest,RF_2025_V1
9568,2025-01-01,2025,Operations,Warehouse Supervisor,1,26,40,4,201,False,4,4,3,10985000,1,1,False,0,0.08401036340794979,8.4,0,0.16908819344089202,Thấp,1,0,3460,21.94,Random Forest,RF_2025_V1
9569,2025-01-01,2025,Sales,Sales Supervisor,1,29,39,4,182,True,2,4,1,11150000,3,3,False,0,0.1569782266977973,15.7,0,0.16908819344089202,Trung bình,2,0,1668,62.38,Random Forest,RF_2025_V1
9570,2025-01-01,2025,Sales,Sales Representative,5,29,25,6,192,False,4,3,2,57612000,9,1,False,0,0.0985522137444757,9.86,0,0.16908819344089202,Thấp,1,0,3039,31.44,Random Forest,RF_2025_V1
9573,2025-01-01,2025,Finance,Financial Analyst,3,28,16,8,213,True,3,1,4,20000000,3,0,True,0,0.2484637947726876,24.85,1,0.16908819344089202,Cao,3,1,672,84.86,Random Forest,RF_2025_V1
9575,2025-01-01,2025,Information Technology,System Administrator,3,37,24,1,217,True,3,3,4,32634000,12,6,False,1,0.19202002990768086,19.2,1,0.16908819344089202,Cao,3,1,1208,72.76,Random Forest,RF_2025_V1
9576,2025-01-01,2025,Finance,Internal Auditor,1,28,37,2,200,True,4,4,4,17016000,7,7,False,1,0.17756440600679926,17.76,1,0.16908819344089202,Cao,3,1,1368,69.15,Random Forest,RF_2025_V1
9579,2025-01-01,2025,Marketing,Marketing Manager,1,49,30,4,222,True,3,2,1,14062000,8,8,False,0,0.4051651413811921,40.52,1,0.16908819344089202,Cao,3,1,45,99.01,Random Forest,RF_2025_V1
9581,2025-01-01,2025,Information Technology,Data Analyst,2,36,7,7,238,False,3,3,2,14862000,2,2,False,0,0.19868297140814567,19.87,1,0.16908819344089202,Cao,3,1,1147,74.14,Random Forest,RF_2025_V1
9582,2025-01-01,2025,Sales,Sales Executive,2,44,12,2,148,False,3,4,3,18873000,3,3,False,0,0.056209622835530444,5.62,0,0.16908819344089202,Thấp,1,0,4370,1.4,Random Forest,RF_2025_V1
9584,2025-01-01,2025,Information Technology,IT Support,1,31,7,1,190,False,2,4,4,11242000,1,1,False,0,0.07827872837140833,7.83,0,0.16908819344089202,Thấp,1,0,3697,16.59,Random Forest,RF_2025_V1
9588,2025-01-01,2025,Finance,Accountant,3,38,13,3,213,False,3,4,1,22602000,8,1,False,0,0.0886197041374276,8.86,0,0.16908819344089202,Thấp,1,0,3303,25.48,Random Forest,RF_2025_V1
9589,2025-01-01,2025,Marketing,Content Specialist,1,25,5,1,181,False,2,2,2,8678000,1,1,False,0,0.14441051820038373,14.44,0,0.16908819344089202,Trung bình,2,0,1884,57.5,Random Forest,RF_2025_V1
9590,2025-01-01,2025,Marketing,Marketing Executive,3,43,5,3,183,False,4,1,4,40141000,4,4,False,0,0.11561714788391171,11.56,0,0.16908819344089202,Trung bình,2,0,2578,41.84,Random Forest,RF_2025_V1
9592,2025-01-01,2025,Human Resources,HR Manager,2,28,6,4,223,True,4,4,2,14170000,1,1,False,0,0.27074564628690684,27.07,1,0.16908819344089202,Cao,3,1,490,88.96,Random Forest,RF_2025_V1
9595,2025-01-01,2025,Operations,Operations Executive,2,51,7,1,191,True,3,3,2,13700000,1,1,False,0,0.16964963744914086,16.96,1,0.16908819344089202,Cao,3,1,1482,66.58,Random Forest,RF_2025_V1
9596,2025-01-01,2025,Sales,Sales Supervisor,2,43,33,4,205,False,3,2,1,22539000,3,3,False,0,0.1465051585604788,14.65,0,0.16908819344089202,Trung bình,2,0,1856,58.14,Random Forest,RF_2025_V1
9597,2025-01-01,2025,Sales,Sales Executive,3,52,33,8,202,False,3,3,3,28361000,8,2,False,0,0.08673438331749111,8.67,0,0.16908819344089202,Thấp,1,0,3362,24.15,Random Forest,RF_2025_V1
9601,2025-01-01,2025,Marketing,Digital Marketing Specialist,3,34,3,8,246,True,2,4,4,33058000,5,3,False,0,0.24137718485491372,24.14,1,0.16908819344089202,Cao,3,1,724,83.68,Random Forest,RF_2025_V1
9604,2025-01-01,2025,Sales,Sales Representative,4,25,7,6,188,False,3,3,3,36707000,2,1,False,0,0.08308511971443942,8.31,0,0.16908819344089202,Thấp,1,0,3484,21.39,Random Forest,RF_2025_V1
9605,2025-01-01,2025,Finance,Internal Auditor,2,31,22,1,228,False,4,4,3,20674000,3,3,False,0,0.1276601945068452,12.77,0,0.16908819344089202,Trung bình,2,0,2282,48.52,Random Forest,RF_2025_V1
9607,2025-01-01,2025,Finance,Accountant,1,34,14,2,175,False,4,4,3,16032000,7,7,False,0,0.07187580029072885,7.19,0,0.16908819344089202,Thấp,1,0,3937,11.17,Random Forest,RF_2025_V1
9608,2025-01-01,2025,Finance,Financial Analyst,2,39,30,2,196,True,5,2,4,17238000,12,2,False,1,0.22061199433298953,22.06,1,0.16908819344089202,Cao,3,1,909,79.51,Random Forest,RF_2025_V1
9610,2025-01-01,2025,Human Resources,HR Manager,5,34,9,1,164,False,4,3,4,60760000,4,1,False,0,0.060911955224718616,6.09,0,0.16908819344089202,Thấp,1,0,4275,3.54,Random Forest,RF_2025_V1
9615,2025-01-01,2025,Sales,Sales Supervisor,3,54,16,3,202,True,3,2,4,36236000,2,2,False,1,0.20501621519265048,20.5,1,0.16908819344089202,Cao,3,1,1093,75.36,Random Forest,RF_2025_V1
9617,2025-01-01,2025,Finance,Financial Analyst,1,43,30,4,195,False,3,4,4,12012000,11,11,False,0,0.08148642501430951,8.15,0,0.16908819344089202,Thấp,1,0,3548,19.95,Random Forest,RF_2025_V1
9623,2025-01-01,2025,Sales,Sales Supervisor,2,40,24,4,192,False,4,4,4,19757000,3,3,False,0,0.05790593598938011,5.79,0,0.16908819344089202,Thấp,1,0,4339,2.1,Random Forest,RF_2025_V1
9625,2025-01-01,2025,Finance,Internal Auditor,4,27,21,7,258,True,3,2,3,62138000,2,2,False,0,0.315156925051986,31.52,1,0.16908819344089202,Cao,3,1,272,93.88,Random Forest,RF_2025_V1
9626,2025-01-01,2025,Information Technology,IT Support,1,35,37,4,208,True,2,4,4,13396000,8,8,False,0,0.16820502844544039,16.82,0,0.16908819344089202,Trung bình,2,0,1503,66.1,Random Forest,RF_2025_V1
9627,2025-01-01,2025,Marketing,Digital Marketing Specialist,1,44,9,5,194,False,4,1,4,15852000,12,12,False,1,0.12375132481598444,12.38,0,0.16908819344089202,Trung bình,2,0,2367,46.6,Random Forest,RF_2025_V1
9628,2025-01-01,2025,Sales,Sales Supervisor,4,39,24,1,178,False,3,3,3,46093000,7,4,False,0,0.06948928328604241,6.95,0,0.16908819344089202,Thấp,1,0,4012,9.48,Random Forest,RF_2025_V1
9629,2025-01-01,2025,Marketing,Digital Marketing Specialist,2,55,14,4,193,False,4,1,2,14693000,15,1,False,0,0.17005017868868766,17.01,1,0.16908819344089202,Cao,3,1,1479,66.64,Random Forest,RF_2025_V1
9632,2025-01-01,2025,Finance,Internal Auditor,1,45,8,7,209,False,3,1,4,16794000,11,11,False,1,0.1740305063527397,17.4,1,0.16908819344089202,Cao,3,1,1426,67.84,Random Forest,RF_2025_V1
9636,2025-01-01,2025,Finance,Finance Manager,1,25,28,3,192,False,3,4,2,10731000,3,3,False,0,0.0770189134972379,7.7,0,0.16908819344089202,Thấp,1,0,3746,15.48,Random Forest,RF_2025_V1
9637,2025-01-01,2025,Sales,Account Manager,2,44,38,2,188,False,1,4,1,16398000,2,1,False,0,0.0873904265252868,8.74,0,0.16908819344089202,Thấp,1,0,3333,24.8,Random Forest,RF_2025_V1
9639,2025-01-01,2025,Human Resources,Recruiter,5,39,5,4,175,False,4,2,4,84789000,12,6,False,0,0.14478252332432753,14.48,0,0.16908819344089202,Trung bình,2,0,1880,57.59,Random Forest,RF_2025_V1
9643,2025-01-01,2025,Human Resources,HR Manager,4,45,40,8,198,False,3,1,1,52361000,6,3,False,0,0.1493622471531922,14.94,0,0.16908819344089202,Trung bình,2,0,1807,59.24,Random Forest,RF_2025_V1
9644,2025-01-01,2025,Sales,Sales Executive,2,50,11,3,164,False,2,3,4,15277000,4,3,False,0,0.06124732233747865,6.12,0,0.16908819344089202,Thấp,1,0,4261,3.86,Random Forest,RF_2025_V1
9648,2025-01-01,2025,Information Technology,Data Analyst,1,52,18,1,158,False,3,2,4,13561000,2,2,False,0,0.09341222738045339,9.34,0,0.16908819344089202,Thấp,1,0,3153,28.86,Random Forest,RF_2025_V1
9652,2025-01-01,2025,Marketing,Content Specialist,2,34,3,4,170,False,4,4,4,14151000,1,1,False,0,0.06797335403657803,6.8,0,0.16908819344089202,Thấp,1,0,4060,8.4,Random Forest,RF_2025_V1
9655,2025-01-01,2025,Finance,Finance Manager,1,31,28,6,238,True,3,2,3,12325000,4,4,False,1,0.40686353060205416,40.69,1,0.16908819344089202,Cao,3,1,39,99.14,Random Forest,RF_2025_V1
9658,2025-01-01,2025,Operations,Operations Executive,3,37,17,3,203,False,4,4,4,28493000,13,0,True,0,0.07764040551708823,7.76,0,0.16908819344089202,Thấp,1,0,3727,15.91,Random Forest,RF_2025_V1
9661,2025-01-01,2025,Operations,Operations Executive,3,48,6,4,248,True,5,2,3,37839000,2,2,False,1,0.32435944206611256,32.44,1,0.16908819344089202,Cao,3,1,235,94.72,Random Forest,RF_2025_V1
9663,2025-01-01,2025,Operations,Warehouse Supervisor,4,39,34,1,158,False,3,3,2,55785000,6,5,False,0,0.11055380967350197,11.06,0,0.16908819344089202,Trung bình,2,0,2739,38.21,Random Forest,RF_2025_V1
9665,2025-01-01,2025,Marketing,Marketing Manager,1,41,26,6,277,True,4,4,2,11948000,2,2,False,1,0.32299313477412295,32.3,1,0.16908819344089202,Cao,3,1,243,94.54,Random Forest,RF_2025_V1
9669,2025-01-01,2025,Marketing,Content Specialist,1,36,1,4,220,False,3,4,2,9919000,3,3,False,0,0.13025336994525077,13.03,0,0.16908819344089202,Trung bình,2,0,2239,49.49,Random Forest,RF_2025_V1
9670,2025-01-01,2025,Human Resources,C&B Specialist,2,26,23,6,197,False,4,2,4,15731000,3,3,False,0,0.12179357996844153,12.18,0,0.16908819344089202,Trung bình,2,0,2419,45.43,Random Forest,RF_2025_V1
9672,2025-01-01,2025,Finance,Finance Manager,1,50,37,5,208,True,2,4,2,12090000,5,5,False,0,0.20174098926934428,20.17,1,0.16908819344089202,Cao,3,1,1117,74.81,Random Forest,RF_2025_V1
9673,2025-01-01,2025,Sales,Sales Executive,2,53,25,3,186,True,2,2,2,21029000,1,1,False,1,0.26137565840398014,26.14,1,0.16908819344089202,Cao,3,1,568,87.2,Random Forest,RF_2025_V1
9674,2025-01-01,2025,Information Technology,IT Support,2,32,26,3,217,True,3,2,3,14921000,2,2,False,0,0.20680416045074293,20.68,1,0.16908819344089202,Cao,3,1,1071,75.85,Random Forest,RF_2025_V1
9678,2025-01-01,2025,Human Resources,HR Executive,3,25,36,4,185,False,4,4,4,24008000,5,0,True,0,0.06695691755106671,6.7,0,0.16908819344089202,Thấp,1,0,4090,7.72,Random Forest,RF_2025_V1
9683,2025-01-01,2025,Finance,Internal Auditor,1,31,15,3,186,False,4,3,4,7918000,2,2,False,0,0.06494708646302692,6.49,0,0.16908819344089202,Thấp,1,0,4152,6.32,Random Forest,RF_2025_V1
9684,2025-01-01,2025,Human Resources,HR Manager,4,44,32,5,195,False,3,4,3,57124000,6,2,False,0,0.06730746547534344,6.73,0,0.16908819344089202,Thấp,1,0,4080,7.94,Random Forest,RF_2025_V1
9685,2025-01-01,2025,Sales,Sales Representative,3,53,37,4,185,False,3,3,4,34453000,3,3,False,0,0.06653822509310298,6.65,0,0.16908819344089202,Thấp,1,0,4102,7.45,Random Forest,RF_2025_V1
9687,2025-01-01,2025,Sales,Sales Executive,2,45,28,5,178,False,3,2,3,20028000,1,1,False,1,0.11939394052202551,11.94,0,0.16908819344089202,Trung bình,2,0,2489,43.85,Random Forest,RF_2025_V1
9688,2025-01-01,2025,Information Technology,Data Analyst,1,52,1,4,182,True,5,4,3,12608000,2,2,False,1,0.1260525562481399,12.61,0,0.16908819344089202,Trung bình,2,0,2316,47.75,Random Forest,RF_2025_V1
9689,2025-01-01,2025,Marketing,Content Specialist,1,29,39,5,237,True,3,3,3,14659000,6,6,False,0,0.24986917039662038,24.99,1,0.16908819344089202,Cao,3,1,656,85.22,Random Forest,RF_2025_V1
9690,2025-01-01,2025,Human Resources,Recruiter,1,39,21,2,240,True,3,2,2,12231000,1,1,False,1,0.4033808177065623,40.34,1,0.16908819344089202,Cao,3,1,49,98.92,Random Forest,RF_2025_V1
9693,2025-01-01,2025,Operations,Operations Manager,4,37,35,3,152,False,4,1,4,61411000,9,3,False,0,0.10585569440974489,10.59,0,0.16908819344089202,Trung bình,2,0,2866,35.34,Random Forest,RF_2025_V1
9694,2025-01-01,2025,Marketing,Content Specialist,2,50,40,2,183,False,4,2,4,18038000,4,4,False,0,0.12215873075809433,12.22,0,0.16908819344089202,Trung bình,2,0,2405,45.75,Random Forest,RF_2025_V1
9696,2025-01-01,2025,Marketing,Digital Marketing Specialist,1,35,10,3,177,True,4,2,3,10331000,3,3,False,0,0.18397621977080295,18.4,1,0.16908819344089202,Cao,3,1,1289,70.93,Random Forest,RF_2025_V1
9697,2025-01-01,2025,Human Resources,C&B Specialist,1,38,12,4,248,True,4,1,3,12029000,6,6,False,0,0.3744592296920965,37.45,1,0.16908819344089202,Cao,3,1,95,97.88,Random Forest,RF_2025_V1
9703,2025-01-01,2025,Human Resources,HR Executive,3,40,28,3,177,False,4,3,1,20000000,5,0,True,1,0.09551918299253102,9.55,0,0.16908819344089202,Thấp,1,0,3099,30.08,Random Forest,RF_2025_V1
9705,2025-01-01,2025,Finance,Internal Auditor,3,31,16,4,194,False,4,4,1,36977000,2,2,False,0,0.09072764471035943,9.07,0,0.16908819344089202,Thấp,1,0,3242,26.86,Random Forest,RF_2025_V1
9706,2025-01-01,2025,Marketing,Digital Marketing Specialist,3,50,40,3,221,True,4,4,4,23080000,12,0,True,0,0.21589202875387126,21.59,1,0.16908819344089202,Cao,3,1,964,78.27,Random Forest,RF_2025_V1
9710,2025-01-01,2025,Information Technology,IT Support,1,32,33,3,172,False,5,3,2,11205000,5,5,False,0,0.11896534221937254,11.9,0,0.16908819344089202,Trung bình,2,0,2502,43.56,Random Forest,RF_2025_V1
9712,2025-01-01,2025,Operations,Operations Executive,3,26,1,6,181,False,3,3,2,30730000,4,4,False,1,0.14604274045754806,14.6,0,0.16908819344089202,Trung bình,2,0,1863,57.98,Random Forest,RF_2025_V1
9714,2025-01-01,2025,Information Technology,IT Support,1,41,14,3,164,False,4,2,2,9880000,1,1,False,0,0.143970438634101,14.4,0,0.16908819344089202,Trung bình,2,0,1893,57.3,Random Forest,RF_2025_V1
9716,2025-01-01,2025,Human Resources,HR Manager,4,49,35,8,230,False,4,3,2,46752000,3,3,False,0,0.1801313255931454,18.01,1,0.16908819344089202,Cao,3,1,1334,69.92,Random Forest,RF_2025_V1
9719,2025-01-01,2025,Marketing,Marketing Executive,4,46,17,4,196,False,3,3,2,49053000,2,2,False,0,0.07565916865733445,7.57,0,0.16908819344089202,Thấp,1,0,3797,14.33,Random Forest,RF_2025_V1
9724,2025-01-01,2025,Sales,Account Manager,2,32,2,2,221,True,3,2,1,19936000,9,0,True,1,0.3850335684517141,38.5,1,0.16908819344089202,Cao,3,1,79,98.24,Random Forest,RF_2025_V1
9726,2025-01-01,2025,Human Resources,C&B Specialist,4,37,30,6,195,False,3,3,1,64710000,10,3,False,0,0.10128854440362943,10.13,0,0.16908819344089202,Trung bình,2,0,2965,33.11,Random Forest,RF_2025_V1
9729,2025-01-01,2025,Marketing,Content Specialist,5,32,17,5,207,False,4,4,4,65171000,3,0,True,0,0.07506384993796673,7.51,0,0.16908819344089202,Thấp,1,0,3819,13.83,Random Forest,RF_2025_V1
9730,2025-01-01,2025,Marketing,Content Specialist,4,54,6,2,176,True,3,2,3,59652000,15,6,False,0,0.2205229903024019,22.05,1,0.16908819344089202,Cao,3,1,913,79.42,Random Forest,RF_2025_V1
9732,2025-01-01,2025,Operations,Operations Manager,2,46,6,2,193,True,3,4,1,22701000,11,2,False,1,0.1688662477328962,16.89,0,0.16908819344089202,Trung bình,2,0,1493,66.33,Random Forest,RF_2025_V1
9733,2025-01-01,2025,Marketing,Marketing Manager,1,33,3,3,198,False,3,3,4,11993000,1,1,False,0,0.07386405053844107,7.39,0,0.16908819344089202,Thấp,1,0,3869,12.71,Random Forest,RF_2025_V1
9737,2025-01-01,2025,Finance,Accountant,1,35,34,5,187,False,3,3,3,16905000,6,6,False,0,0.078483946803767,7.85,0,0.16908819344089202,Thấp,1,0,3689,16.77,Random Forest,RF_2025_V1
9739,2025-01-01,2025,Finance,Internal Auditor,2,45,2,6,244,True,3,3,4,12000000,2,0,True,1,0.27500076486053365,27.5,1,0.16908819344089202,Cao,3,1,464,89.55,Random Forest,RF_2025_V1
9741,2025-01-01,2025,Operations,Procurement Specialist,1,30,3,2,242,True,3,1,1,11806000,3,3,False,1,0.39780635205914044,39.78,1,0.16908819344089202,Cao,3,1,59,98.69,Random Forest,RF_2025_V1
9742,2025-01-01,2025,Human Resources,HR Manager,1,45,21,3,205,False,3,4,2,8276000,1,1,False,0,0.10522367522622417,10.52,0,0.16908819344089202,Trung bình,2,0,2876,35.12,Random Forest,RF_2025_V1
9743,2025-01-01,2025,Information Technology,QA Engineer,2,41,2,3,227,True,3,1,3,20037000,6,0,True,0,0.3484789887720598,34.85,1,0.16908819344089202,Cao,3,1,160,96.41,Random Forest,RF_2025_V1
9746,2025-01-01,2025,Human Resources,HR Executive,3,43,17,4,188,False,4,4,3,26911000,7,0,True,0,0.06462954208286331,6.46,0,0.16908819344089202,Thấp,1,0,4162,6.09,Random Forest,RF_2025_V1
9747,2025-01-01,2025,Finance,Finance Manager,2,26,4,4,196,True,4,3,2,16358000,6,5,False,0,0.20660585352397998,20.66,1,0.16908819344089202,Cao,3,1,1073,75.81,Random Forest,RF_2025_V1
9750,2025-01-01,2025,Information Technology,IT Support,4,48,19,4,213,True,4,4,2,51942000,14,5,False,0,0.21035978155454663,21.04,1,0.16908819344089202,Cao,3,1,1027,76.84,Random Forest,RF_2025_V1
9757,2025-01-01,2025,Information Technology,IT Support,2,35,39,3,167,False,2,4,3,16197000,9,1,False,0,0.0579129574959715,5.79,0,0.16908819344089202,Thấp,1,0,4338,2.12,Random Forest,RF_2025_V1
9760,2025-01-01,2025,Marketing,Marketing Executive,2,27,13,2,192,False,5,2,3,18086000,2,2,False,0,0.10598744561416534,10.6,0,0.16908819344089202,Trung bình,2,0,2863,35.41,Random Forest,RF_2025_V1
9762,2025-01-01,2025,Information Technology,Software Engineer,3,35,34,2,207,True,3,1,3,32393000,8,2,False,0,0.2462336282763367,24.62,1,0.16908819344089202,Cao,3,1,692,84.41,Random Forest,RF_2025_V1
9765,2025-01-01,2025,Finance,Financial Analyst,2,25,38,5,205,True,3,4,2,18840000,1,1,False,1,0.19519577742512514,19.52,1,0.16908819344089202,Cao,3,1,1179,73.41,Random Forest,RF_2025_V1
9766,2025-01-01,2025,Human Resources,C&B Specialist,4,33,5,2,186,True,3,4,1,37144000,1,0,True,0,0.17304655829526328,17.3,1,0.16908819344089202,Cao,3,1,1439,67.55,Random Forest,RF_2025_V1
9769,2025-01-01,2025,Marketing,Marketing Executive,3,25,3,2,213,True,4,2,3,39259000,4,4,False,0,0.22264877698289764,22.26,1,0.16908819344089202,Cao,3,1,895,79.82,Random Forest,RF_2025_V1
9771,2025-01-01,2025,Sales,Account Manager,1,39,20,8,251,True,5,3,3,10377000,3,3,False,0,0.2587630966075776,25.88,1,0.16908819344089202,Cao,3,1,590,86.71,Random Forest,RF_2025_V1
9772,2025-01-01,2025,Human Resources,C&B Specialist,1,51,14,4,210,True,3,4,1,11940000,1,1,False,0,0.18268738276210933,18.27,1,0.16908819344089202,Cao,3,1,1305,70.57,Random Forest,RF_2025_V1
9774,2025-01-01,2025,Operations,Warehouse Supervisor,1,27,23,2,215,True,2,4,2,13785000,2,2,False,0,0.16434065368717887,16.43,0,0.16908819344089202,Trung bình,2,0,1555,64.93,Random Forest,RF_2025_V1
9775,2025-01-01,2025,Sales,Sales Executive,2,33,26,6,249,True,4,4,1,17879000,5,2,False,0,0.3278657019650726,32.79,1,0.16908819344089202,Cao,3,1,225,94.94,Random Forest,RF_2025_V1
9779,2025-01-01,2025,Finance,Internal Auditor,1,42,5,2,154,False,4,3,3,8624000,1,1,False,0,0.06926312941335695,6.93,0,0.16908819344089202,Thấp,1,0,4023,9.23,Random Forest,RF_2025_V1
9786,2025-01-01,2025,Finance,Accountant,3,40,1,1,172,False,3,3,4,32524000,1,1,False,0,0.07340461668573096,7.34,0,0.16908819344089202,Thấp,1,0,3891,12.21,Random Forest,RF_2025_V1
9791,2025-01-01,2025,Operations,Procurement Specialist,1,45,9,6,184,False,4,2,3,9355000,1,1,False,0,0.153750933837253,15.38,0,0.16908819344089202,Trung bình,2,0,1721,61.18,Random Forest,RF_2025_V1
9792,2025-01-01,2025,Human Resources,C&B Specialist,2,26,30,3,223,True,4,2,3,20094000,1,1,False,0,0.31616065796316223,31.62,1,0.16908819344089202,Cao,3,1,266,94.02,Random Forest,RF_2025_V1
9794,2025-01-01,2025,Information Technology,System Administrator,2,49,25,3,162,False,4,4,3,17992000,2,2,False,0,0.05888015875126773,5.89,0,0.16908819344089202,Thấp,1,0,4322,2.48,Random Forest,RF_2025_V1
9795,2025-01-01,2025,Finance,Internal Auditor,3,26,40,4,202,True,3,3,2,35926000,4,4,False,0,0.20703575915290678,20.7,1,0.16908819344089202,Cao,3,1,1070,75.87,Random Forest,RF_2025_V1
9797,2025-01-01,2025,Marketing,Marketing Executive,4,36,39,6,216,True,4,3,1,50843000,6,5,False,0,0.2656624627750899,26.57,1,0.16908819344089202,Cao,3,1,528,88.11,Random Forest,RF_2025_V1
9799,2025-01-01,2025,Marketing,Marketing Executive,1,55,27,6,209,False,3,4,3,8062000,2,2,False,0,0.08217814780937922,8.22,0,0.16908819344089202,Thấp,1,0,3519,20.6,Random Forest,RF_2025_V1
9801,2025-01-01,2025,Operations,Operations Manager,3,44,9,6,234,True,3,3,2,44740000,11,11,False,1,0.3913325107887803,39.13,1,0.16908819344089202,Cao,3,1,68,98.49,Random Forest,RF_2025_V1
9804,2025-01-01,2025,Human Resources,HR Executive,1,43,18,3,216,True,3,2,4,16748000,6,6,False,0,0.25912195996439846,25.91,1,0.16908819344089202,Cao,3,1,585,86.82,Random Forest,RF_2025_V1
9805,2025-01-01,2025,Marketing,Marketing Manager,3,44,25,2,220,True,4,4,3,25015000,4,0,True,0,0.206674026824219,20.67,1,0.16908819344089202,Cao,3,1,1072,75.83,Random Forest,RF_2025_V1
9809,2025-01-01,2025,Sales,Sales Representative,1,50,39,4,188,False,4,1,2,15322000,4,4,False,0,0.14935492662075917,14.94,0,0.16908819344089202,Trung bình,2,0,1808,59.22,Random Forest,RF_2025_V1
9811,2025-01-01,2025,Finance,Financial Analyst,1,25,13,4,182,False,3,3,4,11473000,4,4,False,0,0.07964379455531463,7.96,0,0.16908819344089202,Thấp,1,0,3639,17.9,Random Forest,RF_2025_V1
9817,2025-01-01,2025,Marketing,Marketing Executive,3,55,31,5,184,False,3,1,2,34990000,13,5,False,1,0.17117267973682895,17.12,1,0.16908819344089202,Cao,3,1,1460,67.07,Random Forest,RF_2025_V1
9818,2025-01-01,2025,Human Resources,C&B Specialist,1,53,28,3,197,False,1,4,1,11302000,3,3,False,0,0.07528307307406382,7.53,0,0.16908819344089202,Thấp,1,0,3811,14.01,Random Forest,RF_2025_V1
9819,2025-01-01,2025,Operations,Procurement Specialist,1,32,11,7,272,True,3,4,3,11080000,8,8,False,1,0.3592828332347626,35.93,1,0.16908819344089202,Cao,3,1,134,97.0,Random Forest,RF_2025_V1
9821,2025-01-01,2025,Information Technology,IT Support,4,55,8,2,219,True,3,2,4,41235000,7,0,True,1,0.23174350054866874,23.17,1,0.16908819344089202,Cao,3,1,814,81.65,Random Forest,RF_2025_V1
9822,2025-01-01,2025,Marketing,Digital Marketing Specialist,2,25,27,4,205,True,4,3,3,16805000,1,1,False,1,0.14138965095376585,14.14,0,0.16908819344089202,Trung bình,2,0,1949,56.04,Random Forest,RF_2025_V1
9828,2025-01-01,2025,Information Technology,Software Engineer,3,42,38,6,240,False,4,4,4,37745000,3,3,False,0,0.14235973576592817,14.24,0,0.16908819344089202,Trung bình,2,0,1925,56.58,Random Forest,RF_2025_V1
9833,2025-01-01,2025,Finance,Accountant,1,50,22,7,185,False,3,2,2,9517000,2,2,False,0,0.16194969088636307,16.19,0,0.16908819344089202,Trung bình,2,0,1585,64.25,Random Forest,RF_2025_V1
9836,2025-01-01,2025,Marketing,Marketing Manager,3,36,1,1,180,False,4,4,4,35097000,9,9,False,0,0.05720844835645782,5.72,0,0.16908819344089202,Thấp,1,0,4361,1.6,Random Forest,RF_2025_V1
9843,2025-01-01,2025,Finance,Accountant,5,37,9,3,221,True,4,4,4,69964000,12,4,False,0,0.24154818564379119,24.15,1,0.16908819344089202,Cao,3,1,721,83.75,Random Forest,RF_2025_V1
9847,2025-01-01,2025,Information Technology,QA Engineer,2,38,39,4,199,False,3,2,2,16435000,11,0,True,0,0.15389837865094808,15.39,0,0.16908819344089202,Trung bình,2,0,1716,61.3,Random Forest,RF_2025_V1
9849,2025-01-01,2025,Operations,Operations Executive,1,26,28,5,185,False,2,3,3,9770000,2,2,False,0,0.07104521324944083,7.1,0,0.16908819344089202,Thấp,1,0,3963,10.58,Random Forest,RF_2025_V1
9850,2025-01-01,2025,Marketing,Content Specialist,1,51,14,3,192,False,4,4,3,13909000,10,10,False,0,0.0643890401564305,6.44,0,0.16908819344089202,Thấp,1,0,4168,5.96,Random Forest,RF_2025_V1
9853,2025-01-01,2025,Information Technology,IT Support,1,50,12,4,225,True,4,3,4,10152000,4,4,False,0,0.22069687924025005,22.07,1,0.16908819344089202,Cao,3,1,907,79.55,Random Forest,RF_2025_V1
9854,2025-01-01,2025,Human Resources,Recruiter,1,30,32,3,213,True,4,4,4,13074000,2,2,False,0,0.11563186467979988,11.56,0,0.16908819344089202,Trung bình,2,0,2576,41.89,Random Forest,RF_2025_V1
9857,2025-01-01,2025,Marketing,Digital Marketing Specialist,3,33,9,7,209,False,2,2,4,36528000,3,3,False,0,0.11613460263413643,11.61,0,0.16908819344089202,Trung bình,2,0,2561,42.23,Random Forest,RF_2025_V1
9860,2025-01-01,2025,Sales,Sales Supervisor,2,36,2,1,186,False,2,2,2,20814000,1,1,False,0,0.1502156726512188,15.02,0,0.16908819344089202,Trung bình,2,0,1786,59.72,Random Forest,RF_2025_V1
9862,2025-01-01,2025,Information Technology,IT Support,2,39,39,2,193,False,4,4,4,20386000,3,3,False,0,0.049171840608853795,4.92,0,0.16908819344089202,Thấp,1,0,4429,0.07,Random Forest,RF_2025_V1
9870,2025-01-01,2025,Marketing,Marketing Executive,3,42,34,4,179,False,4,4,3,35235000,10,1,False,0,0.05554198728754596,5.55,0,0.16908819344089202,Thấp,1,0,4386,1.04,Random Forest,RF_2025_V1
9871,2025-01-01,2025,Human Resources,HR Manager,3,47,10,5,216,False,4,1,1,37762000,6,6,False,0,0.20188118677444977,20.19,1,0.16908819344089202,Cao,3,1,1115,74.86,Random Forest,RF_2025_V1
9872,2025-01-01,2025,Information Technology,IT Support,2,29,35,5,207,False,3,1,4,28137000,6,6,False,0,0.14186856109990445,14.19,0,0.16908819344089202,Trung bình,2,0,1938,56.29,Random Forest,RF_2025_V1
9873,2025-01-01,2025,Finance,Finance Manager,1,25,27,1,184,False,5,3,4,11840000,1,1,False,0,0.0812944053298979,8.13,0,0.16908819344089202,Thấp,1,0,3558,19.72,Random Forest,RF_2025_V1
9874,2025-01-01,2025,Information Technology,System Administrator,2,28,33,3,216,False,4,3,4,18666000,3,3,False,0,0.06688482287537396,6.69,0,0.16908819344089202,Thấp,1,0,4093,7.65,Random Forest,RF_2025_V1
9875,2025-01-01,2025,Human Resources,Recruiter,2,26,37,3,221,True,3,3,4,22450000,6,6,False,0,0.2181221575105134,21.81,1,0.16908819344089202,Cao,3,1,941,78.79,Random Forest,RF_2025_V1
9877,2025-01-01,2025,Human Resources,HR Manager,3,38,19,2,198,True,3,4,4,38487000,5,5,False,0,0.17583018361706387,17.58,1,0.16908819344089202,Cao,3,1,1394,68.56,Random Forest,RF_2025_V1
9879,2025-01-01,2025,Marketing,Marketing Executive,1,45,30,5,216,False,4,3,4,15913000,10,10,False,0,0.07642225323223377,7.64,0,0.16908819344089202,Thấp,1,0,3769,14.96,Random Forest,RF_2025_V1
9880,2025-01-01,2025,Finance,Internal Auditor,3,36,39,4,193,True,2,4,1,28994000,8,3,False,0,0.17569548926977832,17.57,1,0.16908819344089202,Cao,3,1,1399,68.45,Random Forest,RF_2025_V1
9882,2025-01-01,2025,Finance,Internal Auditor,1,35,34,6,216,False,2,2,2,13692000,2,2,False,0,0.16648658267769087,16.65,0,0.16908819344089202,Trung bình,2,0,1528,65.54,Random Forest,RF_2025_V1
9884,2025-01-01,2025,Operations,Procurement Specialist,1,35,2,2,179,False,3,3,4,10018000,1,1,False,0,0.08547997222394141,8.55,0,0.16908819344089202,Thấp,1,0,3401,23.27,Random Forest,RF_2025_V1
9886,2025-01-01,2025,Human Resources,C&B Specialist,1,33,3,3,183,False,4,4,1,13756000,12,12,False,0,0.10398371744868683,10.4,0,0.16908819344089202,Trung bình,2,0,2899,34.6,Random Forest,RF_2025_V1
9887,2025-01-01,2025,Sales,Account Manager,1,41,27,6,212,False,3,4,4,11922000,9,9,False,0,0.10103554262030584,10.1,0,0.16908819344089202,Trung bình,2,0,2973,32.93,Random Forest,RF_2025_V1
9892,2025-01-01,2025,Sales,Sales Executive,3,36,6,4,253,True,4,1,3,24974000,6,4,False,0,0.35974051216616226,35.97,1,0.16908819344089202,Cao,3,1,133,97.02,Random Forest,RF_2025_V1
9894,2025-01-01,2025,Human Resources,HR Manager,1,35,4,4,151,False,3,4,2,12519000,4,4,False,0,0.11630164834308519,11.63,0,0.16908819344089202,Trung bình,2,0,2555,42.36,Random Forest,RF_2025_V1
9895,2025-01-01,2025,Finance,Financial Analyst,4,36,22,5,180,False,3,4,3,41822000,3,0,True,0,0.08028305524408268,8.03,0,0.16908819344089202,Thấp,1,0,3609,18.57,Random Forest,RF_2025_V1
9896,2025-01-01,2025,Marketing,Marketing Manager,2,30,23,2,193,False,4,3,4,15574000,1,1,False,0,0.07209931319915644,7.21,0,0.16908819344089202,Thấp,1,0,3924,11.46,Random Forest,RF_2025_V1
9897,2025-01-01,2025,Information Technology,Data Analyst,3,53,18,5,198,True,3,4,3,26713000,14,4,False,0,0.1823019788864325,18.23,1,0.16908819344089202,Cao,3,1,1310,70.46,Random Forest,RF_2025_V1
9902,2025-01-01,2025,Information Technology,IT Support,1,36,24,5,190,False,3,1,3,14833000,3,3,False,0,0.09237409114417346,9.24,0,0.16908819344089202,Thấp,1,0,3183,28.19,Random Forest,RF_2025_V1
9903,2025-01-01,2025,Sales,Sales Supervisor,3,50,9,2,198,False,3,4,4,28669000,7,6,False,0,0.07654059616166392,7.65,0,0.16908819344089202,Thấp,1,0,3764,15.08,Random Forest,RF_2025_V1
9906,2025-01-01,2025,Marketing,Content Specialist,2,55,27,4,161,False,3,4,4,21459000,2,2,False,0,0.05620652933736881,5.62,0,0.16908819344089202,Thấp,1,0,4371,1.38,Random Forest,RF_2025_V1
9907,2025-01-01,2025,Operations,Operations Manager,4,42,23,2,199,False,4,1,1,35000000,13,0,True,1,0.1600180700859226,16.0,0,0.16908819344089202,Trung bình,2,0,1619,63.48,Random Forest,RF_2025_V1
9908,2025-01-01,2025,Marketing,Marketing Executive,3,37,1,4,176,False,4,3,4,22859000,12,2,False,0,0.05238476173314912,5.24,0,0.16908819344089202,Thấp,1,0,4414,0.41,Random Forest,RF_2025_V1
9909,2025-01-01,2025,Information Technology,Data Analyst,2,27,27,6,246,False,5,3,1,19823000,7,2,False,1,0.21894066744261786,21.89,1,0.16908819344089202,Cao,3,1,933,78.97,Random Forest,RF_2025_V1
9910,2025-01-01,2025,Operations,Procurement Specialist,2,26,27,1,189,True,4,4,3,14140000,1,1,False,0,0.14720639998502014,14.72,0,0.16908819344089202,Trung bình,2,0,1845,58.38,Random Forest,RF_2025_V1
9912,2025-01-01,2025,Marketing,Marketing Executive,2,29,4,5,208,False,3,1,2,15153000,2,2,False,0,0.16552334938619917,16.55,0,0.16908819344089202,Trung bình,2,0,1538,65.31,Random Forest,RF_2025_V1
9913,2025-01-01,2025,Marketing,Marketing Manager,3,30,6,3,181,False,3,4,3,37898000,10,10,False,0,0.058757215362679686,5.88,0,0.16908819344089202,Thấp,1,0,4324,2.44,Random Forest,RF_2025_V1
9914,2025-01-01,2025,Sales,Sales Supervisor,2,37,13,6,238,True,3,4,4,12000000,1,0,True,0,0.2646161702462295,26.46,1,0.16908819344089202,Cao,3,1,538,87.88,Random Forest,RF_2025_V1
9915,2025-01-01,2025,Human Resources,C&B Specialist,2,38,35,2,195,True,4,3,4,13638000,13,2,False,0,0.12185617884876158,12.19,0,0.16908819344089202,Trung bình,2,0,2418,45.45,Random Forest,RF_2025_V1
9916,2025-01-01,2025,Human Resources,HR Executive,3,25,23,5,202,False,3,3,4,34791000,1,1,False,0,0.09316816778662904,9.32,0,0.16908819344089202,Thấp,1,0,3157,28.77,Random Forest,RF_2025_V1
9917,2025-01-01,2025,Marketing,Digital Marketing Specialist,2,47,2,5,226,False,4,3,2,24175000,11,11,False,0,0.19442967301656974,19.44,1,0.16908819344089202,Cao,3,1,1188,73.21,Random Forest,RF_2025_V1
9924,2025-01-01,2025,Information Technology,IT Support,4,27,37,4,231,True,3,2,4,62834000,4,4,False,1,0.3390196683073835,33.9,1,0.16908819344089202,Cao,3,1,192,95.69,Random Forest,RF_2025_V1
9926,2025-01-01,2025,Human Resources,C&B Specialist,2,34,40,3,183,False,3,4,1,21112000,14,6,False,0,0.10112062614870991,10.11,0,0.16908819344089202,Trung bình,2,0,2971,32.97,Random Forest,RF_2025_V1
9927,2025-01-01,2025,Information Technology,System Administrator,3,25,33,7,237,True,3,3,2,20938000,3,1,False,0,0.31608179426703514,31.61,1,0.16908819344089202,Cao,3,1,267,94.0,Random Forest,RF_2025_V1
9929,2025-01-01,2025,Information Technology,Data Analyst,1,26,11,4,227,True,3,4,2,9847000,3,3,False,1,0.24735019141144632,24.74,1,0.16908819344089202,Cao,3,1,684,84.59,Random Forest,RF_2025_V1
9932,2025-01-01,2025,Marketing,Marketing Manager,1,31,8,4,237,False,3,1,4,14178000,6,6,False,0,0.23950431455775534,23.95,1,0.16908819344089202,Cao,3,1,737,83.39,Random Forest,RF_2025_V1
9933,2025-01-01,2025,Human Resources,HR Manager,1,33,35,7,235,False,3,4,3,18326000,7,7,False,0,0.17069726032885277,17.07,1,0.16908819344089202,Cao,3,1,1467,66.91,Random Forest,RF_2025_V1
9939,2025-01-01,2025,Sales,Account Manager,3,55,8,3,194,False,2,2,4,30800000,9,5,False,0,0.13966148662089864,13.97,0,0.16908819344089202,Trung bình,2,0,1985,55.22,Random Forest,RF_2025_V1
9940,2025-01-01,2025,Human Resources,C&B Specialist,2,52,4,4,198,True,2,3,4,26202000,11,11,False,0,0.18731502230235358,18.73,1,0.16908819344089202,Cao,3,1,1253,71.74,Random Forest,RF_2025_V1
9944,2025-01-01,2025,Operations,Operations Manager,2,26,2,2,197,False,3,3,4,12000000,1,0,True,0,0.10108272530630934,10.11,0,0.16908819344089202,Trung bình,2,0,2972,32.95,Random Forest,RF_2025_V1
9945,2025-01-01,2025,Finance,Financial Analyst,1,49,39,4,181,False,4,2,3,13192000,4,4,False,0,0.14165758401935324,14.17,0,0.16908819344089202,Trung bình,2,0,1941,56.22,Random Forest,RF_2025_V1
9946,2025-01-01,2025,Finance,Finance Manager,4,50,34,1,157,False,3,3,3,44946000,8,3,False,0,0.058574184263712525,5.86,0,0.16908819344089202,Thấp,1,0,4326,2.39,Random Forest,RF_2025_V1
9948,2025-01-01,2025,Human Resources,HR Executive,2,34,22,5,230,True,3,4,3,22364000,4,4,False,1,0.2346891710307192,23.47,1,0.16908819344089202,Cao,3,1,781,82.4,Random Forest,RF_2025_V1
9949,2025-01-01,2025,Information Technology,System Administrator,5,34,20,2,198,True,4,3,2,75798000,10,5,False,0,0.2056719951969949,20.57,1,0.16908819344089202,Cao,3,1,1087,75.49,Random Forest,RF_2025_V1
9950,2025-01-01,2025,Human Resources,HR Manager,1,28,11,8,236,False,2,3,1,12082000,8,8,False,0,0.24522332073485978,24.52,1,0.16908819344089202,Cao,3,1,698,84.27,Random Forest,RF_2025_V1
9951,2025-01-01,2025,Sales,Sales Representative,3,37,30,4,173,False,2,2,3,40680000,2,2,False,0,0.09790475459651875,9.79,0,0.16908819344089202,Thấp,1,0,3052,31.14,Random Forest,RF_2025_V1
9953,2025-01-01,2025,Finance,Financial Analyst,3,46,29,5,182,False,4,3,3,31597000,7,5,False,0,0.08831121623830078,8.83,0,0.16908819344089202,Thấp,1,0,3314,25.23,Random Forest,RF_2025_V1
9956,2025-01-01,2025,Information Technology,Data Analyst,1,54,27,6,183,False,3,4,3,10671000,1,1,False,0,0.09884698243126872,9.88,0,0.16908819344089202,Thấp,1,0,3031,31.62,Random Forest,RF_2025_V1
9961,2025-01-01,2025,Marketing,Marketing Manager,1,40,8,5,198,True,5,4,2,14573000,3,3,False,1,0.1637671200034135,16.38,0,0.16908819344089202,Trung bình,2,0,1563,64.75,Random Forest,RF_2025_V1
9966,2025-01-01,2025,Information Technology,IT Support,1,49,39,5,199,False,3,2,1,18720000,8,8,False,0,0.1608269808631317,16.08,0,0.16908819344089202,Trung bình,2,0,1605,63.8,Random Forest,RF_2025_V1
9968,2025-01-01,2025,Sales,Sales Executive,4,28,5,4,215,False,4,4,4,36024000,3,0,True,0,0.07777574932739802,7.78,0,0.16908819344089202,Thấp,1,0,3720,16.07,Random Forest,RF_2025_V1
9969,2025-01-01,2025,Operations,Operations Executive,4,51,15,4,221,True,4,1,3,51904000,3,3,False,1,0.3057557519803139,30.58,1,0.16908819344089202,Cao,3,1,310,93.03,Random Forest,RF_2025_V1
9970,2025-01-01,2025,Information Technology,System Administrator,1,30,32,5,194,False,3,4,4,12847000,3,3,False,1,0.059835272754349515,5.98,0,0.16908819344089202,Thấp,1,0,4304,2.89,Random Forest,RF_2025_V1
9971,2025-01-01,2025,Marketing,Content Specialist,4,43,24,6,206,False,3,4,4,38063000,2,0,True,0,0.07303535105374781,7.3,0,0.16908819344089202,Thấp,1,0,3899,12.03,Random Forest,RF_2025_V1
9972,2025-01-01,2025,Finance,Accountant,1,53,15,4,199,False,3,4,2,8606000,1,1,False,0,0.08670723674592391,8.67,0,0.16908819344089202,Thấp,1,0,3365,24.08,Random Forest,RF_2025_V1
9976,2025-01-01,2025,Sales,Sales Representative,3,31,19,4,185,False,4,4,2,39670000,5,5,False,0,0.1083765926547866,10.84,0,0.16908819344089202,Trung bình,2,0,2794,36.97,Random Forest,RF_2025_V1
9980,2025-01-01,2025,Finance,Finance Manager,1,43,9,6,235,False,4,3,1,13445000,3,3,False,0,0.20166288552298225,20.17,1,0.16908819344089202,Cao,3,1,1119,74.77,Random Forest,RF_2025_V1
9981,2025-01-01,2025,Sales,Sales Supervisor,1,50,32,4,220,False,3,4,2,11907000,1,1,False,0,0.13303410053383039,13.3,0,0.16908819344089202,Trung bình,2,0,2161,51.25,Random Forest,RF_2025_V1
9982,2025-01-01,2025,Information Technology,Software Engineer,2,44,38,5,202,True,3,3,4,17565000,5,2,False,0,0.13373086878647714,13.37,0,0.16908819344089202,Trung bình,2,0,2141,51.7,Random Forest,RF_2025_V1
9984,2025-01-01,2025,Finance,Accountant,1,34,13,6,220,False,3,3,1,14537000,8,8,False,0,0.1967686050861424,19.68,1,0.16908819344089202,Cao,3,1,1167,73.69,Random Forest,RF_2025_V1
9985,2025-01-01,2025,Information Technology,Data Analyst,2,34,5,1,160,False,3,2,3,17946000,1,1,False,0,0.1151828591077355,11.52,0,0.16908819344089202,Trung bình,2,0,2590,41.57,Random Forest,RF_2025_V1
9987,2025-01-01,2025,Finance,Finance Manager,1,46,6,2,203,True,3,2,3,9160000,3,3,False,1,0.22068728289370468,22.07,1,0.16908819344089202,Cao,3,1,908,79.53,Random Forest,RF_2025_V1
9990,2025-01-01,2025,Finance,Accountant,3,45,16,3,188,False,3,4,4,25632000,10,1,False,0,0.06092176829037099,6.09,0,0.16908819344089202,Thấp,1,0,4274,3.57,Random Forest,RF_2025_V1
9996,2025-01-01,2025,Finance,Finance Manager,3,31,35,4,175,False,3,4,1,22838000,3,2,False,0,0.07738596279065955,7.74,0,0.16908819344089202,Thấp,1,0,3734,15.75,Random Forest,RF_2025_V1
9997,2025-01-01,2025,Finance,Accountant,3,47,9,5,210,True,3,2,3,34756000,5,5,False,0,0.27032073669127854,27.03,1,0.16908819344089202,Cao,3,1,494,88.87,Random Forest,RF_2025_V1
9998,2025-01-01,2025,Information Technology,System Administrator,4,48,37,3,184,False,4,3,2,50286000,6,5,False,0,0.09475252997512076,9.48,0,0.16908819344089202,Thấp,1,0,3117,29.68,Random Forest,RF_2025_V1
