Threshold,Precision,Recall,F1
0.16908819344089202,0.2794316644113667,0.6324655436447167,0.3876114495984027
0.16906741681556572,0.27924273157538876,0.6324655436447167,0.38742964310225536
0.1690469009776627,0.27905405405405403,0.6324655436447167,0.3872480070763342
0.16895224284340166,0.27886563133018233,0.6324655436447167,0.38706654128099044
0.16921587666856797,0.2791327913279133,0.6309341500765697,0.3870361667893716
0.18275013766993414,0.2918287937743191,0.5742725880551302,0.38699690357794153
0.16992487668052647,0.27967257844474763,0.6278713629402757,0.38697498777558403
0.1687059132948236,0.27841291190316075,0.6339969372128637,0.386915887426408
0.16891482544369896,0.2786774628879892,0.6324655436447167,0.3868852454770241
0.16921554143309275,0.2789438050101557,0.6309341500765697,0.3868544596687249
0.18262066884284692,0.291601866251944,0.5742725880551302,0.3867973177585475
0.1699043109775352,0.2794819359236537,0.6278713629402757,0.3867924524039022
0.1699925852547236,0.27975376196990426,0.6263399693721287,0.38676122888757625
0.16863282921422035,0.2782258064516129,0.6339969372128637,0.38673517005713537
0.16887571671908047,0.2784895482130816,0.6324655436447167,0.3867041194256833
0.16985071998156337,0.279291553133515,0.6278713629402757,0.38661008915421174
0.18240895704356472,0.2913752913752914,0.5742725880551302,0.3865979376977304
0.16998193142801113,0.27956254272043746,0.6263399693721287,0.38657844947874914
0.18312200592939762,0.2917316692667707,0.5727411944869831,0.3865633070463736
0.16861731374039027,0.2780389523169913,0.6339969372128637,0.38655462142490243
0.16885869036568646,0.2783018867924528,0.6324655436447167,0.38652316288866284
0.16980281405193232,0.27910142954390743,0.6278713629402757,0.3864278977831732
0.18239263877568274,0.2911490683229814,0.5742725880551302,0.3863987630774706
0.16997177588998377,0.27937158469945356,0.6263399693721287,0.38639584274768196
0.16860730075411676,0.2778523489932886,0.6339969372128637,0.38637424129349285
0.18303437616768306,0.2915042868277475,0.5727411944869831,0.38636363591658324
0.17292275306924132,0.2815126050420168,0.6156202143950995,0.386352714610193
0.16884363545685963,0.2781144781144781,0.6324655436447167,0.38634237562810375
0.16933326661737141,0.27864406779661016,0.6294027565084227,0.3862781950633272
0.18143875073263227,0.29022324865280985,0.5773353751914242,0.3862704913580402
0.16977647214998443,0.2789115646258503,0.6278713629402757,0.3862458780479059
0.16996178347373397,0.27918088737201363,0.6263399693721287,0.38621340844978874
0.1823690791655222,0.29092319627618307,0.5742725880551302,0.38619979358040385
0.16860046832736067,0.2776659959758551,0.6339969372128637,0.3861940294271314
0.17286150724449126,0.2813156053184045,0.6156202143950995,0.38616714654352297
0.18275532680289214,0.29127725856697817,0.5727411944869831,0.38616417095213096
0.16873764653440432,0.2779273216689098,0.6324655436447167,0.3861617574065916
0.16717695005295213,0.27645502645502645,0.6401225114854517,0.38614318664568653
0.18087417631506206,0.2896551724137931,0.5788667687595712,0.3861082733041653
0.1712762751493632,0.28027681660899656,0.6202143950995406,0.3860819824120548
0.16782446364349568,0.2769640479360852,0.6370597243491577,0.3860788858885101
0.1811472598375876,0.29,0.5773353751914242,0.3860727082082288
0.16970890578524403,0.2787219578518015,0.6278713629402757,0.3860640297059864
0.17262304462025915,0.2808362369337979,0.6171516079632465,0.3860153252406311
0.16851420876493697,0.2774798927613941,0.6339969372128637,0.38601398559048217
0.18233449716437622,0.29069767441860467,0.5742725880551302,0.386001028889819
0.17012498694323425,0.2792607802874743,0.6248085758039816,0.3859981074254562
0.1728534081229279,0.2811188811188811,0.6156202143950995,0.3859817566507048
0.16709128095027734,0.2762723066754792,0.6401225114854517,0.38596491185952425
0.18086615562899847,0.2894333843797856,0.5788667687595712,0.38591117872860303
0.16782028146536535,0.2767797737857618,0.6370597243491577,0.385899814048959
0.17127592604560127,0.2800829875518672,0.6202143950995406,0.3858980462602655
0.16960060634729027,0.27853260869565216,0.6278713629402757,0.3858823525154476
0.1811395565338546,0.2897770945426595,0.5773353751914242,0.38587512749767
0.16840261980097782,0.2772940388479571,0.6339969372128637,0.3858341095486481
0.17238707940260484,0.28064066852367686,0.6171516079632465,0.3858305404989192
0.1822626683993033,0.29047250193648333,0.5742725880551302,0.38580246868965656
0.17282060330108517,0.2809224318658281,0.6156202143950995,0.3857965446752504
0.16696428642559757,0.2760898282694848,0.6401225114854517,0.38578680160938983
0.17060744361132898,0.27934111187371313,0.6232771822358346,0.38578199009392383
0.17303524187549602,0.2812061711079944,0.6140888208269525,0.38576238533150836
0.18324594799599395,0.29117876658860264,0.5712098009188361,0.3857290584979114
0.16778993267527811,0.2765957446808511,0.6370597243491577,0.3857209082472751
0.1709804690296175,0.27988942639944714,0.6202143950995406,0.38571428528576374
0.18083302232217507,0.28921193573068094,0.5788667687595712,0.3857142852699547
0.16958749016117308,0.27834351663272233,0.6278713629402757,0.3857008462347777
0.18109118665869564,0.28955453149001537,0.5773353751914242,0.38567774891571566
0.16835832184804214,0.27710843373493976,0.6339969372128637,0.3856544010671699
0.1723545768748214,0.2804453723034099,0.6171516079632465,0.38564593258471147
0.17827585040745952,0.2861378799110452,0.5911179173047473,0.3856143851748167
0.1727910564292188,0.2807262569832402,0.6156202143950995,0.38561151036116326
0.166913060460569,0.2759075907590759,0.6401225114854517,0.38560885566760433
0.182210650514178,0.29024767801857587,0.5742725880551302,0.38560411266450745
0.17041602954619534,0.27914951989026066,0.6232771822358346,0.38559924163808046
0.17292620541774514,0.28100911002102313,0.6140888208269525,0.385576922646158
0.16720754468165863,0.276158940397351,0.6385911179173047,0.3855755890375754
0.16778614153436947,0.2764119601328904,0.6370597243491577,0.38554216825263626
0.17878399567680933,0.2867811799850635,0.5880551301684533,0.38554216823399673
0.1709653895082632,0.2796961325966851,0.6202143950995406,0.38553069923841526
0.16952370089604543,0.2781546811397558,0.6278713629402757,0.38551951062291906
0.18081221934284736,0.2889908256880734,0.5788667687595712,0.3855175926205453
0.17150106849031907,0.27997227997227997,0.6186830015313936,0.3854961827771368
0.18107884043678615,0.2893323100537222,0.5773353751914242,0.38548057215235226
0.16832121863221627,0.27692307692307694,0.6339969372128637,0.3854748599120247
0.17929295300204823,0.2874341610233258,0.5849923430321593,0.38546922256522786
0.16662578023014749,0.2754766600920447,0.6416539050535988,0.3854645809964492
0.17225879435251026,0.28025034770514606,0.6171516079632465,0.38546150124430983
0.18144119444641527,0.2896764252696456,0.5758039816232772,0.3854433619329156
0.16689009562317322,0.2757255936675462,0.6401225114854517,0.38543107380690866
0.1727059584483395,0.28053035589672015,0.6156202143950995,0.38542665345293836
0.1782091803425251,0.2859259259259259,0.5911179173047473,0.38542186675974555
0.17029441567679562,0.27895819054146676,0.6232771822358346,0.38541666623948695
0.18214239999190482,0.2900232018561485,0.5742725880551302,0.38540596049961023
0.1672011928896652,0.2759761747187293,0.6385911179173047,0.3853974117782317
0.16739610076353154,0.27622841965471445,0.6370597243491577,0.38536359383464847
0.17877249711895957,0.2865671641791045,0.5880551301684533,0.3853487200812377
0.170935494018601,0.2795031055900621,0.6202143950995406,0.38534728786856204
0.16800501778109497,0.27648234510326447,0.6355283307810107,0.38532961889040057
0.18075905543319593,0.2887700534759358,0.5788667687595712,0.385321100473327
0.17147352560911977,0.27977839335180055,0.6186830015313936,0.38531235054872903
0.16824336076293156,0.2767379679144385,0.6339969372128637,0.385295485849625
0.19325264046455717,0.30025662959794697,0.5375191424196019,0.38529088867292366
0.1665578673993872,0.2752956636005256,0.6416539050535988,0.38528735590165525
0.1810147620987269,0.28911042944785276,0.5773353751914242,0.38528359689820046
0.1720145370305217,0.28005559416261294,0.6171516079632465,0.3852772462245014
0.1792442013813804,0.28721804511278193,0.5849923430321593,0.3852748356651864
0.16687777697554268,0.27554383651944625,0.6401225114854517,0.3852534558004625
0.19388079516917905,0.3006872852233677,0.5359877488514548,0.38525041230784535
0.17265633341808048,0.2803347280334728,0.6156202143950995,0.3852419736955599
0.17012681713986302,0.2787671232876712,0.6232771822358346,0.3852342636524398
0.17820329224789666,0.2857142857142857,0.5911179173047473,0.3852295404788213
0.18208738835308774,0.28979907264296756,0.5742725880551302,0.38520801188085074
0.16738259967372063,0.27604512276045123,0.6370597243491577,0.38518518476334407
0.17088101508025125,0.2793103448275862,0.6202143950995406,0.3851640509270207
0.1787676339523633,0.28635346756152125,0.5880551301684533,0.3851554659587222
0.18072925221352756,0.2885496183206107,0.5788667687595712,0.38512480852187797
0.1681904561491956,0.27655310621242485,0.6339969372128637,0.3851162786468184
0.16654777027700884,0.27511490479317136,0.6416539050535988,0.3851102936975735
0.17191023564029778,0.2798611111111111,0.6171516079632465,0.3850931672725571
0.17919146337344175,0.2870022539444027,0.5849923430321593,0.3850806447196814
0.1932436509818384,0.3,0.5375191424196019,0.38507953876127826
0.16681759738145152,0.2753623188405797,0.6401225114854517,0.38507600142184367
0.1797619627312288,0.2873303167420814,0.5834609494640123,0.3850429505431702
0.1938295845966456,0.30042918454935624,0.5359877488514548,0.38503850339004225
0.17815504825510903,0.28550295857988167,0.5911179173047473,0.38503740604456144
0.17061278919544207,0.27884615384615385,0.6217457886676876,0.3850165951153963
0.1817231654137509,0.28957528957528955,0.5742725880551302,0.3850102664947595
0.16732050585768088,0.27586206896551724,0.6370597243491577,0.38500694080918113
0.17830327176578273,0.2858203414996288,0.5895865237366003,0.38499999956020453
0.19419337775239748,0.30086206896551726,0.5344563552833078,0.3849972416792005
0.17309726190529895,0.2807017543859649,0.6125574272588055,0.3849855626103962
0.1708181156379062,0.27911784975878706,0.6202143950995406,0.38498098816508164
0.18047984326198863,0.28799392097264437,0.5803981623277182,0.3849669878756335
0.17874617376475993,0.28614008941877794,0.5880551301684533,0.38496240557467554
0.16817249519411925,0.27636849132176233,0.6339969372128637,0.3849372380708857
0.16631920995009702,0.27493438320209973,0.6416539050535988,0.38493339415973354
0.1805899530861253,0.28832951945080093,0.5788667687595712,0.3849287164603998
0.17885816175783464,0.28646222887060585,0.5865237366003063,0.3849246226746491
0.17184730897518136,0.27966689798750866,0.6171516079632465,0.3849092641362309
0.16680703830461382,0.27518104015799866,0.6401225114854517,0.38489871044504687
0.18325927838247577,0.290625,0.5696784073506891,0.3848939467848882
0.17918130915218003,0.28678678678678676,0.5849923430321593,0.3848866494325598
0.17783526198437993,0.2849779086892489,0.5926493108728943,0.38488314227651743
0.19322404610140934,0.2997438087105038,0.5375191424196019,0.38486842059295706
0.17960907154890104,0.28711379050489827,0.5834609494640123,0.38484848440642233
0.17810574251123004,0.2852919438285292,0.5911179173047473,0.38484546317005663
0.1672670804041239,0.2756792577866137,0.6370597243491577,0.38482886174304254
0.19369976061410912,0.30017152658662094,0.5359877488514548,0.3848268274672012
0.18168100097942588,0.28935185185185186,0.5742725880551302,0.3848127240285105
0.17829533205182466,0.28560830860534125,0.5895865237366003,0.38480759576221685
0.17665321191992284,0.2838427947598253,0.5972434915773354,0.3848051302983371
0.17073114867017616,0.27892561983471076,0.6202143950995406,0.384798099334508
0.19413368310953277,0.3006029285099053,0.5344563552833078,0.3847850050518915
0.18043716004135557,0.2877752467729689,0.5803981623277182,0.38477157316086424
0.17842401226849,0.2859270290394639,0.5880551301684533,0.3847695386379076
0.16806406176566752,0.276184122748499,0.6339969372128637,0.3847583638895404
0.16630033507463027,0.27475409836065573,0.6416539050535988,0.3847566570640772
0.18057344648837645,0.28810975609756095,0.5788667687595712,0.3847328239837171
0.17881577875936558,0.2862481315396114,0.5865237366003063,0.3847312903678235
0.17171362867657902,0.27947295423023577,0.6171516079632465,0.384725536563758
0.1666678355842255,0.275,0.6401225114854517,0.38472158264448286
0.17915974247107022,0.2865716429107277,0.5849923430321593,0.38469284950826527
0.1778159876936415,0.2847682119205298,0.5926493108728943,0.38469184846812415
0.1931828822163866,0.29948805460750855,0.5375191424196019,0.3846575337870124
0.17958438994483156,0.2868975903614458,0.5834609494640123,0.3846542146009585
0.17805704546803866,0.28508124076809455,0.5911179173047473,0.38465371156896944
0.1707135477056673,0.27873365450791465,0.6202143950995406,0.3846153841875341
0.17661017482817407,0.28363636363636363,0.5972434915773354,0.38461538417875824
0.18152104791402124,0.2891287586738628,0.5742725880551302,0.3846153841699193
0.1936295643821012,0.29991431019708653,0.5359877488514548,0.38461538415526453
0.16627890774819548,0.2745740498034076,0.6416539050535988,0.3845800821869575
0.16801433913162786,0.276,0.6339969372128637,0.38457965587092746
0.17841261532540456,0.2857142857142857,0.5880551301684533,0.3845768648578115
0.18039574410230141,0.287556904400607,0.5803981623277182,0.3845763567360137
0.19410927652078533,0.3003442340791738,0.5344563552833078,0.38457300229414443
0.18055168778861033,0.2878903274942879,0.5788667687595712,0.3845371307872753
0.17780983315502727,0.28455882352941175,0.5926493108728943,0.3845007447181596
0.17910296218006122,0.2863568215892054,0.5849923430321593,0.3844992446518363
0.17803724468556392,0.2848708487084871,0.5911179173047473,0.38446215095553293
0.19310557285889482,0.29923273657289,0.5375191424196019,0.38444687796333055
0.17070004696227342,0.27854195323246217,0.6202143950995406,0.38443284247686504
0.17659150913729374,0.28343023255813954,0.5972434915773354,0.3844258250933043
0.19355950913864786,0.2996575342465753,0.5359877488514548,0.38440417307101815
0.16627615996886333,0.27439423706614274,0.6416539050535988,0.38440366930513803
0.1784005549922182,0.2855018587360595,0.5880551301684533,0.3843843839443623
0.18028579506049983,0.287338893100834,0.5803981623277182,0.3843813382994238
0.1940430061140689,0.3000859845227859,0.5344563552833078,0.3843612330196109
0.17720415488616353,0.2840409956076135,0.5941807044410413,0.38434868703139985
0.18054130163512006,0.2876712328767123,0.5788667687595712,0.38434163656713916
0.1777682290476663,0.2843497428361499,0.5926493108728943,0.3843098307435178
0.17901205729007202,0.2861423220973783,0.5849923430321593,0.38430583456890494
0.17800691708233915,0.28466076696165193,0.5911179173047473,0.38427078104454887
0.17061644787176108,0.27835051546391754,0.6202143950995406,0.38425047395567485
0.17655372694029034,0.28322440087145967,0.5972434915773354,0.38423645276557017
0.19301983567133588,0.2989778534923339,0.5375191424196019,0.38423645274263063
0.16627312093075267,0.2742146596858639,0.6416539050535988,0.38422741819579165
0.17979183592177742,0.28679245283018867,0.5819295558958653,0.38422649096317074
0.1731468874482699,0.28019662921348315,0.6110260336906586,0.38420799186547944
0.19093319101956482,0.29707112970711297,0.5436447166921899,0.3841991337421437
0.1768796302026392,0.28352769679300294,0.5957120980091883,0.384197530427232
0.1783459960088458,0.2852897473997028,0.5880551301684533,0.3841920956081152
0.1802614973664924,0.2871212121212121,0.5803981623277182,0.3841865175500478
0.17716765294168393,0.28383321141185075,0.5941807044410413,0.38415841540405304
0.18051152502151463,0.2874524714828897,0.5788667687595712,0.3841463410199911
0.17772999182534016,0.2841409691629956,0.5926493108728943,0.38411910626165496
0.17890699669466076,0.28592814371257486,0.5849923430321593,0.38411261896569493
0.19430167411849356,0.3002588438308887,0.5329249617151608,0.3841059598038908
0.17793936816110678,0.2844509948415623,0.5911179173047473,0.3840796015513869
0.18333856482914526,0.29007036747458953,0.5681470137825421,0.3840579705669861
0.1662048603673072,0.27403531720078483,0.6416539050535988,0.38405132863649977
0.17654059348312054,0.2830188679245283,0.5972434915773354,0.384047266919695
0.19296935428991419,0.2987234042553191,0.5375191424196019,0.38402625774646093
0.17667456350513466,0.2833211944646759,0.5957120980091883,0.38400789689779713
0.18012536334397414,0.28690386071158214,0.5803981623277182,0.3839918941874495
0.19072439359122895,0.2968227424749164,0.5436447166921899,0.38399134621699954
0.17715684890842417,0.28362573099415206,0.5941807044410413,0.3839683320712411
0.19118399670580558,0.2972292191435768,0.5421133231240429,0.383947938805034
0.17765384613441088,0.2839325018341893,0.5926493108728943,0.3839285709905877
0.16619413636048036,0.2738562091503268,0.6416539050535988,0.3838754004052512
0.1923481569149274,0.29805249788314986,0.5390505359877489,0.3838604139362074
0.17652377617858003,0.2828136330674402,0.5972434915773354,0.3838582672803612
0.19292572638276692,0.29846938775510207,0.5375191424196019,0.38381629259719824
0.17997703452835406,0.2866868381240545,0.5803981623277182,0.38379746791180086
0.1906156123099554,0.29657477025898077,0.5436447166921899,0.3837837833270177
0.17715028758703216,0.28341855368882396,0.5941807044410413,0.3837784367535952
0.19115509485236845,0.29697986577181207,0.5421133231240429,0.3837398369410472
0.17756451676748886,0.2837243401759531,0.5926493108728943,0.383738224648892
0.17414524530716138,0.2806520198440822,0.6064318529862175,0.3837209297999937
0.1661266156942209,0.2736773350751143,0.6416539050535988,0.38369963328044165
0.1764879624096265,0.2826086956521739,0.5972434915773354,0.3836694535727926
0.19228075323728902,0.29780033840947545,0.5390505359877489,0.3836512256995918
0.190505543410013,0.2959268495428096,0.5451761102603369,0.38362068919907993
0.1835621233041822,0.28996865203761757,0.5666156202143952,0.3836184547102663
0.1732931899966161,0.279887482419128,0.6094946401225115,0.3836144573999984
0.1927125387466069,0.2982158028887001,0.5375191424196019,0.3836065569180442
0.17995690305400963,0.28647014361300077,0.5803981623277182,0.3836032384238806
0.17714280937757607,0.2832116788321168,0.5941807044410413,0.38358872917229914
0.19059775672608942,0.29632721202003337,0.5436447166921899,0.38357644470812186
0.17361952156848554,0.2801693719124912,0.6079632465543645,0.383574878795164
0.16574583491119788,0.27325959661678595,0.6431852986217458,0.3835616434170843
0.17730921518264192,0.2835164835164835,0.5926493108728943,0.3835480669557015
0.17390298115999692,0.2804532577903683,0.6064318529862175,0.3835351085263859
0.19106581001884684,0.2967309304274937,0.5421133231240429,0.38353196053953503
0.166061462619415,0.2734986945169713,0.6416539050535988,0.3835240270408722
0.17644193112912362,0.2824040550325851,0.5972434915773354,0.3834808255227538
0.19197134171846217,0.2975486052409129,0.5390505359877489,0.38344226533687253
0.17315516769554368,0.2796907940969782,0.6094946401225115,0.38342967201579903
0.18345426144576218,0.2897415818324197,0.5666156202143952,0.38341968867143766
0.19049212665505857,0.2956810631229236,0.5451761102603369,0.3834141083216182
0.17986603920995095,0.2862537764350453,0.5803981623277182,0.3834092054250732
0.16369705276692742,0.2717391304347826,0.6508422664624809,0.383400991916406
0.17696816887961306,0.2830051057622174,0.5941807044410413,0.38339920904908736
0.19269259665069854,0.29796264855687604,0.5375191424196019,0.3833970503330236
0.17361829412105656,0.27997179125528915,0.6079632465543645,0.3833896663958429
0.16565560657290276,0.27308192457737324,0.6431852986217458,0.38338658105122636
0.19055467661699255,0.29608006672226855,0.5436447166921899,0.38336932999702206
0.1738556642434515,0.2802547770700637,0.6064318529862175,0.3833494671378447
0.16600483062288168,0.27332028701891714,0.6416539050535988,0.38334858146574896
0.18896595549340198,0.2942622950819672,0.5497702909647779,0.38334223125964867
0.17609685779409562,0.28190338860850755,0.5987748851454824,0.38333333289806276
0.1910378021255886,0.2964824120603015,0.5421133231240429,0.38332430923428884
0.1764127242033137,0.2821997105643994,0.5972434915773354,0.38329238285654804
0.19122883653391182,0.2968881412952061,0.5405819295558959,0.3832790440591666
0.19176785614395916,0.2972972972972973,0.5390505359877489,0.38323353247590913
0.1635639829016352,0.2715654952076677,0.6508422664624809,0.3832281330380968
0.18339142327686123,0.2895148669796557,0.5666156202143952,0.38322112850111123
0.19470615285224294,0.29965457685664937,0.5313935681470138,0.38321369363054114
0.16564658519800166,0.2729044834307992,0.6431852986217458,0.38321167841380444
0.19038155286669145,0.2954356846473029,0.5451761102603369,0.3832077498132389
0.17359571807935628,0.2797744890768147,0.6079632465543645,0.383204632772969
0.19258373194836348,0.29770992366412213,0.5375191424196019,0.38318777246698255
0.16598422571135227,0.273142112125163,0.6416539050535988,0.38317329633468167
0.1737708749445685,0.28005657708628007,0.6064318529862175,0.38316400537328854
0.1905528247205127,0.29583333333333334,0.5436447166921899,0.38316243883121237
0.17599669691577113,0.28170028818443804,0.5987748851454824,0.38314551646832107
0.18894018868329934,0.294021294021294,0.5497702909647779,0.3831376729717604
0.17635718792614222,0.28199566160520606,0.5972434915773354,0.3831041253010164
0.19120787352854504,0.2966386554621849,0.5405819295558959,0.38307107930370793
0.16356143015018423,0.2713920817369093,0.6508422664624809,0.3830554299586865
0.16560365766737914,0.2727272727272727,0.6431852986217458,0.38303693528631183
0.19161008543121427,0.2970464135021097,0.5390505359877489,0.38302502674537126
0.17359561928223557,0.2795774647887324,0.6079632465543645,0.38301977766782114
0.19036379215906066,0.29519071310116085,0.5451761102603369,0.38300161331508925
0.16591598252663828,0.2729641693811075,0.6416539050535988,0.3829981714276831
0.1736611649055272,0.27985865724381626,0.6064318529862175,0.3829787229721411
0.1925537732448258,0.29745762711864404,0.5375191424196019,0.3829787229455854
0.17591178735794577,0.2814974802015839,0.5987748851454824,0.38295788399198755
0.19055180618143197,0.29558701082431305,0.5436447166921899,0.3829557708489688
0.17415077826226907,0.2801418439716312,0.6049004594180705,0.38293746927163713
0.18864817138705495,0.2937806873977087,0.5497702909647779,0.38293333287937936
0.17633803256086852,0.2817919075144509,0.5972434915773354,0.38291605258353645
0.16351797244612531,0.27121888959795787,0.6508422664624809,0.38288288246763613
0.16553528652519744,0.27255029201817,0.6431852986217458,0.3828623514506402
0.1734838178387809,0.27938071780436313,0.6079632465543645,0.3828351008221769
0.16588575922723311,0.2727864583333333,0.6416539050535988,0.38282320652516794
0.19156379914750682,0.29679595278246207,0.5390505359877489,0.3828167477747363
0.1756972119092768,0.2810035842293907,0.6003062787136294,0.3828124995656324
0.19028544283048218,0.29494614747307374,0.5451761102603369,0.3827956984690883
0.17365388068290047,0.2796610169491525,0.6064318529862175,0.38279361967432984
0.1837103651031372,0.28941176470588237,0.5650842266462481,0.38278008253959184
0.1759036684454735,0.28129496402877696,0.5987748851454824,0.38277043519893983
0.1905237285859493,0.29534109816971715,0.5436447166921899,0.3827493256893478
0.18859833186230449,0.29354047424366314,0.5497702909647779,0.38272921063357884
0.17627546301260008,0.2815884476534296,0.5972434915773354,0.3827281644320208
0.16516945086854826,0.27213962508080153,0.6447166921898928,0.3827272723098385
0.1635038556389279,0.2710459183673469,0.6508422664624809,0.3827104903547858
0.16536640800859856,0.2723735408560311,0.6431852986217458,0.38268792668907853
0.18919903145017822,0.2939244663382594,0.5482388973966309,0.3826830567342644
0.16376739453376488,0.2712731925783749,0.6493108728943339,0.38267147972872095
0.17525045742381798,0.28051391862955033,0.6018376722817764,0.382667964512755
0.1756758256115487,0.2808022922636103,0.6003062787136294,0.3826256706247984
0.19144633016541232,0.2965459140690817,0.5390505359877489,0.38260869519428703
0.1900801192002536,0.2947019867549669,0.5451761102603369,0.3825900049179247
0.1758218143642413,0.28109273903666426,0.5987748851454824,0.3825831698195841
0.16504187470437393,0.2719638242894057,0.6447166921898928,0.3825533844077549
0.17610847833876134,0.2813852813852814,0.5972434915773354,0.3825404605749157
0.16342469737013365,0.2708731676226896,0.6508422664624809,0.3825382534103539
0.184043100389839,0.2895357985837923,0.5635528330781011,0.38253638208796914
0.18858282670336646,0.29330065359477125,0.5497702909647779,0.38252530588617556
0.1653205688193108,0.27219701879455604,0.6431852986217458,0.3825136607843127
0.17499756610994363,0.28031383737517834,0.6018376722817764,0.38248175139123924
0.18907529793461955,0.2936833470057424,0.5482388973966309,0.38247863202434035
0.17566985760414922,0.28060128847530424,0.6003062787136294,0.38243902395610185
0.191288866208253,0.2962962962962963,0.5390505359877489,0.3824008686351093
0.17580818932662745,0.28089080459770116,0.5987748851454824,0.38239608758485377
0.19003171563375326,0.2944582299421009,0.5451761102603369,0.3823845323050547
0.16494215937892842,0.27178825048418337,0.6447166921898928,0.3823796544420039
0.16329149817915534,0.27070063694267515,0.6508422664624809,0.3823661714249365
0.1652967033121062,0.27202072538860106,0.6431852986217458,0.3823395535194238
0.1838494350151477,0.2893081761006289,0.5635528330781011,0.38233766188936225
0.1882368599730591,0.29306122448979594,0.5497702909647779,0.3823216182897283
0.19475735898402075,0.2990492653414002,0.5298621745788668,0.3823204415277184
0.17494397094689654,0.28011404133998574,0.6018376722817764,0.3822957194108924
0.16393455840643925,0.27115384615384613,0.6477794793261868,0.3822864885130445
0.17562514203258478,0.2804005722460658,0.6003062787136294,0.38225255929293317
0.1893509311204878,0.2938271604938272,0.5467075038284839,0.38222698027330876
0.19579959294009194,0.2999128160418483,0.5267993874425727,0.3822222217598821
0.1758040925297549,0.28068916008614503,0.5987748851454824,0.3822091882262083
0.16490678061667102,0.27161290322580645,0.6447166921898928,0.382206082197511
0.16326599560838792,0.27052832590706555,0.6508422664624809,0.38219424418950604
0.19002868842313808,0.29421487603305785,0.5451761102603369,0.38217928027469994
0.16521559601555028,0.27184466019417475,0.6431852986217458,0.3821656046778878
0.1742340835261432,0.27963094393186655,0.6033690658499234,0.38215324883976126
0.18374843220232967,0.28908091123330715,0.5635528330781011,0.38213914804610194
0.18780142954785295,0.2928221859706362,0.5497702909647779,0.38211814749753487
0.1638988852745763,0.2709801409352979,0.6477794793261868,0.38211382072230954
0.17493038969362248,0.2799145299145299,0.6018376722817764,0.3821098683075319
0.17528525512131132,0.2802001429592566,0.6003062787136294,0.38206627636920243
0.16299801555383206,0.27013316423589095,0.6523736600306279,0.3820627798549012
0.1648737844763176,0.27143778207607994,0.6447166921898928,0.38203266745959213
0.16323697386381322,0.2703562340966921,0.6508422664624809,0.38202247149541085
0.17576506560577207,0.2804878048780488,0.5987748851454824,0.38202247147563195
0.18923746413174064,0.2935855263157895,0.5467075038284839,0.3820224714554823
0.19764713148870594,0.30168589174800353,0.5206738131699847,0.3820224714455681
0.1957758326671082,0.29965156794425085,0.5267993874425727,0.38200999398529967
0.1651765811653854,0.2716688227684347,0.6431852986217458,0.3819918140435748
0.18996788465632816,0.2939719240297275,0.5451761102603369,0.3819742484718457
0.1638424462415003,0.2708066581306018,0.6477794793261868,0.38194130883928645
0.18372344265728185,0.28885400313971743,0.5635528330781011,0.3819408402369292
0.17490082618327898,0.2797153024911032,0.6018376722817764,0.3819241978174887
0.18780140788491012,0.2925835370823146,0.5497702909647779,0.38191489316363114
0.1842612140336228,0.289204097714736,0.5620214395099541,0.38189386011327464
0.16298897603066032,0.26996197718631176,0.6523736600306279,0.3818915280485245
0.17527482585359505,0.28,0.6003062787136294,0.381880174919338
0.1647104323881342,0.2712628865979381,0.6447166921898928,0.3818594100139526
0.16320422142833263,0.270184361093452,0.6508422664624809,0.3818508531343741
0.1892202858110271,0.2933442892358258,0.5467075038284839,0.38181818136366436
0.19760473263008901,0.30141843971631205,0.5206738131699847,0.38180797258441446
0.1957178886802381,0.299390774586597,0.5267993874425727,0.38179800175763706
0.18986385872195052,0.29372937293729373,0.5451761102603369,0.3817694365422386
0.1978512753089134,0.3018699910952805,0.5191424196018377,0.3817567562917739
0.19611775100884626,0.29982517482517484,0.5252679938744257,0.3817473562429487
0.17489536814298798,0.2795163584637269,0.6018376722817764,0.3817387076776058
0.16431236043161937,0.27086007702182285,0.6462480857580398,0.3817277245950773
0.16297052726032674,0.26979100696643443,0.6523736600306279,0.3817204296935873
0.1876724363952687,0.2923452768729642,0.5497702909647779,0.3817118549427887
0.18421333681408078,0.2889763779527559,0.5620214395099541,0.38169526736218573
0.1646182340093132,0.27108821635544106,0.6447166921898928,0.3816863096466864
0.1630856019413542,0.27001270648030495,0.6508422664624809,0.3816793888984934
0.1950975505964963,0.2987012987012987,0.5283307810107197,0.381637167680139
0.1846128383792685,0.2896825396825397,0.55895865237366,0.381599581359018
0.19755100214344534,0.30115146147032773,0.5206738131699847,0.3815937144627236
0.19563330947492094,0.2991304347826087,0.5267993874425727,0.3815862446849692
0.18961322760971597,0.29348722176422093,0.5451761102603369,0.38156484413238473
0.1640772742127819,0.27068633739576653,0.6462480857580398,0.38155515329093204
0.1745867107177166,0.279317697228145,0.6018376722817764,0.3815533976252375
0.16295269118135108,0.26962025316455696,0.6523736600306279,0.38154948458393007
0.19775487072983136,0.3016014234875445,0.5191424196018377,0.38154192412713567
0.1958987757083299,0.2995633187772926,0.5252679938744257,0.3815350384695856
0.16460413887566183,0.2709137709137709,0.6447166921898928,0.38151336614427506
0.18741110906034447,0.2921074043938161,0.5497702909647779,0.3815090324905125
0.16305001393460777,0.2698412698412698,0.6508422664624809,0.3815080785802392
0.19824146554230657,0.30205540661304736,0.5176110260336907,0.3814898415210352
0.19647407947052312,0.3,0.5237366003062787,0.3814835466646054
0.19481994659100885,0.2984429065743945,0.5283307810107197,0.38142620186038184
0.18460210383176923,0.28945281522601113,0.55895865237366,0.3814002085368697
0.19752033615903275,0.3008849557522124,0.5206738131699847,0.3813796966754376
0.16290332216018324,0.269449715370019,0.6523736600306279,0.38137869251376233
0.19535847314251614,0.2988705473501303,0.5267993874425727,0.38137472237624015
0.17458562930613056,0.2791193181818182,0.6018376722817764,0.3813682673982477
0.18957064279146982,0.2932454695222405,0.5451761102603369,0.3813604708895475
0.16454926182469054,0.2707395498392283,0.6447166921898928,0.381340579293587
0.16300246193172788,0.2696700507614213,0.6508422664624809,0.3813369219724545
0.19771313035151447,0.30133333333333334,0.5191424196018377,0.381327333618476
0.19585675505828307,0.29930191972076786,0.5252679938744257,0.3813229567359928
0.18707813182441008,0.291869918699187,0.5497702909647779,0.3813064254630398
0.19817548619804018,0.30178571428571427,0.5176110260336907,0.381274675225608
0.19629129432293513,0.2997370727432077,0.5237366003062787,0.3812709025470303
0.18439017295529847,0.2888713496448303,0.5604900459418071,0.38124999955113337
0.1628658296500167,0.2692793931731985,0.6523736600306279,0.3812080532776618
0.18459846713272074,0.28922345483359746,0.55895865237366,0.38120104393698995
0.16451118371371906,0.2705655526992288,0.6447166921898928,0.3811679488818765
0.1974926832327218,0.3006189213085765,0.5206738131699847,0.38116591881840645
0.1952844213462687,0.2986111111111111,0.5267993874425727,0.38116343444126055
0.18687628244819834,0.2912621359223301,0.5513016845329249,0.3811540493094046
0.19764731590228063,0.30106571936056836,0.5191424196018377,0.3811129843582803
0.18702495681319214,0.2916328188464663,0.5497702909647779,0.38110403351733735
0.19815792644106694,0.3015165031222123,0.5176110260336907,0.3810597515077405
0.1961263283263674,0.29947460595446584,0.5237366003062787,0.38105849535883424
0.18431223823513976,0.2886435331230284,0.5604900459418071,0.3810515352097578
0.16279057084951995,0.26910928616550855,0.6523736600306279,0.381037566670574
0.1969474806176551,0.29991204925241866,0.5222052067381318,0.3810055861287345
0.1860741683719046,0.29066022544283415,0.552833078101072,0.38100263807073137
0.18458219247287583,0.2889944576405384,0.55895865237366,0.3810020872333525
0.1645052413086049,0.2703917790622993,0.6447166921898928,0.3809954746967831
0.18672642607673207,0.2910266774454325,0.5513016845329249,0.38095238050011976
0.19518226273493838,0.2983521248915872,0.5267993874425727,0.3809523804907053
0.19741868714220487,0.3003533568904594,0.5206738131699847,0.3809523804883862
0.18698002239116587,0.2913961038961039,0.5497702909647779,0.38090185631109985
0.16257753491342425,0.2689393939393939,0.6523736600306279,0.3808672324878109
0.19612007673295828,0.2992125984251969,0.5237366003062787,0.3808463247042556
0.19796561480961158,0.30124777183600715,0.5176110260336907,0.3808450699574428
0.18456000566807285,0.2887658227848101,0.55895865237366,0.38080333810061096
0.1860540813480098,0.2904263877715205,0.552833078101072,0.38080168731213004
0.1966165302724854,0.29964850615114236,0.5222052067381318,0.3807928526913281
0.1846329213327585,0.2891183478951549,0.557427258805513,0.3807531376255411
0.18669883157600126,0.29079159935379645,0.5513016845329249,0.38075092498412894
0.19511385001110623,0.29809358752166376,0.5267993874425727,0.38074156013611093
0.19739994005358846,0.3000882612533098,0.5206738131699847,0.38073908128303563
0.18697889397217804,0.2911597729115977,0.5497702909647779,0.38069989350274835
0.1624994919712505,0.26876971608832806,0.6523736600306279,0.38069705052505026
0.18451416908769339,0.2885375494071146,0.55895865237366,0.3806047962140976
0.18598218428202218,0.29019292604501606,0.552833078101072,0.38060094841516157
0.19651313477169155,0.2993854258121159,0.5222052067381318,0.38058035667963336
0.1985159333730014,0.30143112701252234,0.5160796324655437,0.3805759453278069
0.18668767797811767,0.29055690072639223,0.5513016845329249,0.38054968242322906
0.1624521902030101,0.2686002522068096,0.6523736600306279,0.38052702057833515
0.19711614174403955,0.2998236331569665,0.5206738131699847,0.3805260208009147
0.1869675881271015,0.2909238249594814,0.5497702909647779,0.38049814475142757
0.18445235500872798,0.2883096366508689,0.55895865237366,0.3804064612498216
0.2025358946242913,0.3049907578558225,0.5053598774885145,0.3804034577438258
0.18585289805365277,0.2899598393574297,0.552833078101072,0.380400421044955
0.16245125439538263,0.2684310018903592,0.6523736600306279,0.38035714244407254
0.18624600266419358,0.2903225806451613,0.5513016845329249,0.38034865247993205
0.1970638193728945,0.29955947136563876,0.5206738131699847,0.3803131986414808
0.1869432318585311,0.29068825910931173,0.5497702909647779,0.3802966097170045
0.1853842959779421,0.28936850519584334,0.554364471669219,0.3802521003896579
0.18576967101823522,0.2897271268057785,0.552833078101072,0.3802001048673449
0.1624227736735916,0.2682619647355164,0.6523736600306279,0.3801874159190328
0.20240629923149522,0.3047091412742382,0.5053598774885145,0.38018433132791163
0.18623977969053265,0.290088638195004,0.5513016845329249,0.3801478348174622
0.18470945389094262,0.28878281622911695,0.555895865237366,0.3801047115918857
0.19695955346287985,0.2992957746478873,0.5206738131699847,0.38010061440508713
0.16188099914418005,0.2678795483061481,0.6539050535987749,0.3800623048836388
0.18535934175628382,0.28913738019169327,0.554364471669219,0.38005249298775506
0.2019296096935075,0.3039485766758494,0.5068912710566615,0.3800229616438362
0.16241061334773205,0.2680931403398364,0.6523736600306279,0.3800178408003491
0.18575679527796723,0.2894947874899759,0.552833078101072,0.37999999954886926
0.20215083677216367,0.3044280442804428,0.5053598774885145,0.3799654572164489
0.18468768941567848,0.28855325914149443,0.555895865237366,0.37990580802735113
0.16173873100043185,0.2677115987460815,0.6539050535987749,0.3798932380219606
0.18522205856266138,0.28890662410215484,0.554364471669219,0.37985309503748094
0.1624105072040465,0.2679245283018868,0.6523736600306279,0.37984841688551635
0.20192641022615657,0.3036697247706422,0.5068912710566615,0.3798049335532311
0.1857228730137612,0.28926282051282054,0.552833078101072,0.3798001047567678
0.20211619876917744,0.30414746543778803,0.5053598774885145,0.3797468349739294
0.16172576034459973,0.2675438596491228,0.6539050535987749,0.37972432150875884
0.16231142147920244,0.2677561282212445,0.6523736600306279,0.3796791439723902
0.1985636258432815,0.3008057296329454,0.5145482388973966,0.379661016483513
0.20637325725417976,0.3092485549132948,0.49157733537519144,0.3796570072136769
0.18514321578964754,0.2886762360446571,0.554364471669219,0.37965390620933614
0.18568685392978615,0.289031224979984,0.552833078101072,0.3796004201589798
0.2018912644574782,0.30339138405132904,0.5068912710566615,0.3795871554948401
0.16170065593187333,0.26737633061991234,0.6539050535987749,0.379555555143569
0.2020736940152694,0.30386740331491713,0.5053598774885145,0.37952846416584657
0.1622252255846006,0.2675879396984925,0.6523736600306279,0.37951002185918686
0.21373879643477,0.31813471502590673,0.47013782542113325,0.3794808400624732
0.20273499271560005,0.30434782608695654,0.5038284839203675,0.37946943436321867
0.18506964828390168,0.28844621513944224,0.554364471669219,0.3794549261745124
0.20631847167014422,0.3089509143407122,0.49157733537519144,0.37943262363949737
0.18568215639800248,0.2888,0.552833078101072,0.379400945424143
0.19887978552023577,0.30098831985624436,0.5130168453292496,0.37938844800504495
0.16154733141106437,0.2672090112640801,0.6539050535987749,0.37938693872628243
0.2018701271072488,0.3031135531135531,0.5068912710566615,0.3793696270388085
0.16198922507356825,0.2674199623352166,0.6523736600306279,0.37934105034448146
0.1992777596159962,0.30144404332129965,0.5114854517611026,0.3793299257116869
0.20205706354149763,0.30358785648574055,0.5053598774885145,0.3793103443586927
0.1847262884067824,0.28821656050955413,0.554364471669219,0.37925615460489026
0.21366906597189442,0.31780538302277433,0.47013782542113325,0.3792464479436418
0.16140051528203103,0.26704190118824267,0.6539050535987749,0.3792184720571464
0.20084184259443755,0.302367941712204,0.5084226646248086,0.37921187845862153
0.20627265974135375,0.30865384615384617,0.49157733537519144,0.3792085051374672
0.19882612434041927,0.3007181328545781,0.5130168453292496,0.3791737403376549
0.20182986270210992,0.302836230558097,0.5068912710566615,0.3791523477562664
0.19916224156460893,0.3011722272317403,0.5114854517611026,0.3791146419852473
0.20198765085525083,0.30330882352941174,0.5053598774885145,0.37909247511995614
0.16130775932956065,0.266875,0.6539050535987749,0.37905015493676236
0.21348233679150785,0.31747673216132366,0.47013782542113325,0.3790123451977968
0.20960212874257203,0.31274900398406374,0.48085758039816234,0.3789981890215305
0.20062484107091494,0.3020928116469518,0.5084226646248086,0.37899543332235636
0.20603055722416935,0.30835734870317005,0.49157733537519144,0.378984651238155
0.19859572194602398,0.3004484304932735,0.5130168453292496,0.37895927555224157
0.2018216203188631,0.30255941499085925,0.5068912710566615,0.3789353172193254
0.1991034808062145,0.3009009009009009,0.5114854517611026,0.37889960248311466
0.16130325732839698,0.26670830730793255,0.6539050535987749,0.3788819871660859
0.20417483898338362,0.3057384760112888,0.49770290964777947,0.37878787831642197
0.2006061764273338,0.3018181818181818,0.5084226646248086,0.37877923512863126
0.21346180705467052,0.31714876033057854,0.47013782542113325,0.37877853128939315
0.2095508712464475,0.3124378109452736,0.48085758039816234,0.37876960145257266
0.2058530979767445,0.30806142034548945,0.49157733537519144,0.37876106147323746
0.19857642000940512,0.300179211469534,0.5130168453292496,0.37874505323690805
0.20178812126743176,0.30228310502283107,0.5068912710566615,0.3787185350010768
0.16129339097571205,0.266541822721598,0.6539050535987749,0.37871396854642564
0.21382732435432486,0.3177570093457944,0.4686064318529862,0.37871287080552846
0.20654458266372205,0.3085824493731919,0.4900459418070444,0.37869822437788525
0.19900712472002036,0.30063006300630063,0.5114854517611026,0.3786848067899416
0.215919800794528,0.3205944798301486,0.46248085758039814,0.3786833850963524
0.2041566087879594,0.30545112781954886,0.49770290964777947,0.3785672680202043
0.2005791694265367,0.30154405086285196,0.5084226646248086,0.37856328345508167
0.16128818296931247,0.2663755458515284,0.6539050535987749,0.37854609887944246
0.2134475019515159,0.31682146542827655,0.47013782542113325,0.37854500568420574
0.20954236589116004,0.3121272365805169,0.48085758039816234,0.3785412894563324
0.20563384859446912,0.3077660594439118,0.49157733537519144,0.3785377353754958
0.20284405233443717,0.3037037037037037,0.5022970903522205,0.3785343330560329
0.20156380580571356,0.30200729927007297,0.5068912710566615,0.3785020006755878
0.15917166204530578,0.26483180428134556,0.663093415007657,0.378496503088608
0.21377296341415047,0.31742738589211617,0.4686064318529862,0.3784786637114456
0.19890264429128873,0.30035971223021585,0.5114854517611026,0.3784702544913218
0.21584019830467796,0.32025450689289503,0.46248085758039814,0.3784461148047288
0.21413922319214085,0.3180396246089677,0.4670750382848392,0.3784119101879922
0.19935608453986162,0.3008130081300813,0.5099540581929556,0.37840909044236126
0.16125634280670442,0.2662094763092269,0.6539050535987749,0.37837837796714874
0.200396723907585,0.30127041742286753,0.5084226646248086,0.37834757788030554
0.20413869343993896,0.3051643192488263,0.49770290964777947,0.3783469145462175
0.1591190638809111,0.26466992665036676,0.663093415007657,0.3783311485655624
0.20537175230547774,0.3074712643678161,0.49157733537519144,0.3783146724788124
0.20949601423576658,0.3118172790466733,0.48085758039816234,0.37831325253478665
0.21340971672474107,0.31649484536082473,0.47013782542113325,0.3783117678493271
0.2010190151196765,0.3017319963536919,0.5068912710566615,0.37828571381789977
0.16122484451993974,0.2660436137071651,0.6539050535987749,0.3782108056119076
0.21569583038046522,0.3199152542372881,0.46248085758039814,0.37820914165811675
0.2140946475703643,0.3177083333333333,0.4670750382848392,0.37817730887955087
0.15898773383483156,0.26450824679291385,0.663093415007657,0.3781659384569474
0.20489613058928702,0.30666666666666664,0.49310872894333846,0.3781561944772601
0.20028661579127885,0.30099728014505894,0.5084226646248086,0.37813211798386076
0.20411729289269773,0.3048780487804878,0.49770290964777947,0.3781268174462553
0.15964976863135907,0.2647058823529412,0.6615620214395099,0.3781181615173849
0.2052335517036864,0.307177033492823,0.49157733537519144,0.3780918723181676
0.20941760173267945,0.3115079365079365,0.48085758039816234,0.3780854901911117
0.213309186563145,0.3161688980432544,0.47013782542113325,0.3780788172531615
0.16120950534626238,0.2658779576587796,0.6539050535987749,0.37804338161643214
0.20997118518337335,0.3120638085742772,0.4793261868300153,0.3780193231938326
0.15894459343508674,0.26434676434676435,0.663093415007657,0.3780008725736565
0.20446370869981553,0.3058712121212121,0.4946401225114854,0.3779988292527886
0.21559835335627406,0.31957671957671957,0.46248085758039814,0.37797246509867233
0.15958635959999729,0.2645437844458053,0.6615620214395099,0.37795275549740215
0.21404602886310112,0.3173777315296566,0.4670750382848392,0.37794299827905065
0.20485455229209917,0.30637488106565175,0.49310872894333846,0.3779342718277466
0.20028534760314923,0.3007246376811594,0.5084226646248086,0.37791690334626243
0.20388865842474269,0.3045923149015933,0.49770290964777947,0.3779069762731538
0.21601403623090704,0.3202127659574468,0.4609494640122512,0.37790332657209885
0.16120855226752692,0.2657125077784692,0.6539050535987749,0.3778761057837846
0.20523231287227026,0.3068833652007648,0.49157733537519144,0.37786933442963677
0.2092439244896216,0.311199207135778,0.48085758039816234,0.37785800192967967
0.21326474106189003,0.31584362139917693,0.47013782542113325,0.3778461533654222
0.2041839669027938,0.3050847457627119,0.49617151607963245,0.3778425651261049
0.15888893133972498,0.26418547895057964,0.663093415007657,0.37783595072691306
0.21507255670653047,0.3186119873817035,0.46401225114854516,0.37780548580154744
0.1592266445891127,0.26438188494492043,0.6615620214395099,0.37778749412632184
0.2044242245194629,0.30558183538315986,0.4946401225114854,0.3777777773056865
0.2065459809128963,0.3079150579150579,0.4885145482388974,0.3777383062160597
0.21558678196713038,0.3192389006342495,0.46248085758039814,0.3777360845699466
0.20482664924070634,0.3060836501901141,0.49310872894333846,0.3777126094980566
0.16106529440495368,0.26554726368159204,0.6539050535987749,0.37770897791737557
0.21389367478280155,0.31704781704781704,0.4670750382848392,0.3777089778464772
0.19993006888575582,0.3004524886877828,0.5084226646248086,0.37770193354898013
0.2038715171304106,0.30430711610486894,0.49770290964777947,0.37768739058078815
0.15880385643797856,0.26402439024390245,0.663093415007657,0.3776711727282697
0.2159632904862325,0.3198724760892667,0.4609494640122512,0.37766624794794074
0.20515283984515628,0.30659025787965616,0.49157733537519144,0.3776470583503869
0.21438117970945625,0.3176593521421108,0.4655436447166922,0.37763975107062153
0.20918990370269508,0.3108910891089109,0.48085758039816234,0.37763078725605476
0.21308346116396823,0.31551901336073995,0.47013782542113325,0.3776137756571269
0.2028511124874531,0.3030583873957368,0.5007656967840735,0.37759815195519003
0.2115616824248384,0.3134479271991911,0.47473200612557426,0.3775883064636891
0.2150292854820144,0.3182773109243697,0.46401225114854516,0.3775700929752964
0.20439144194049444,0.3052930056710775,0.4946401225114854,0.3775569837477688
0.16098695452793102,0.2653822249844624,0.6539050535987749,0.37754199782096354
0.20798668593243663,0.3095004897159647,0.48392036753445633,0.3775388286758955
0.1587581551890333,0.2638634978671542,0.663093415007657,0.37750653838960774
0.21545025778584537,0.31890179514255546,0.46248085758039814,0.37749999951688207
0.2047285317964391,0.3057929724596391,0.49310872894333846,0.3774912070304181
0.1996017692562795,0.30018083182640143,0.5084226646248086,0.377487208174435
0.20380141851356548,0.304022450888681,0.49770290964777947,0.37746805992407
0.20502099882323518,0.3062977099236641,0.49157733537519144,0.377425043618673
0.15968622006780425,0.26425505824647455,0.6600306278713629,0.3774080556337075
0.21415315842440322,0.3173277661795407,0.4655436447166922,0.37740533781711477
0.2091830051365703,0.3105835806132542,0.48085758039816234,0.3774038456769897
0.21299767500572442,0.31519507186858314,0.47013782542113325,0.37738168360059365
0.16098375459388561,0.26521739130434785,0.6539050535987749,0.3773751652986535
0.15996907204615884,0.2644526445264453,0.6584992343032159,0.3773584901571774
0.21146823078297852,0.31313131313131315,0.47473200612557426,0.3773584900870734
0.15875726847030683,0.26370280146163216,0.663093415007657,0.3773420475231365
0.20438679144128621,0.3050047214353163,0.4946401225114854,0.3773364481262508
0.21492390774109704,0.3179433368310598,0.46401225114854516,0.377334993290797
0.20320910899729105,0.3032558139534884,0.4992343032159265,0.3773148143446348
0.20797094684070672,0.30919765166340507,0.48392036753445633,0.37731343236008663
0.21173950768411956,0.31370558375634516,0.47320061255742724,0.37728937680991814
0.20466958277468,0.3055028462998102,0.49310872894333846,0.3772700639681315
0.21528343178856726,0.31856540084388185,0.46248085758039814,0.37726420938580785
0.20377603346378803,0.3037383177570093,0.49770290964777947,0.37724898385894434
0.1584164859009992,0.2633495145631068,0.664624808575804,0.3772272920750236
0.1609702389325913,0.26505276225946617,0.6539050535987749,0.37720848015489683
0.20497790351837467,0.3060057197330791,0.49157733537519144,0.37720328977383555
0.1598773289503154,0.26429010448678547,0.6584992343032159,0.37719298204738727
0.15869792253341852,0.263542300669507,0.663093415007657,0.37717769994139216
0.20910814703662414,0.3102766798418972,0.48085758039816234,0.3771771767004223
0.2072941570943281,0.30836575875486383,0.48545176110260335,0.3771564540162569
0.2129703181089965,0.3148717948717949,0.47013782542113325,0.3771498766694374
0.1602902797547513,0.2644882860665845,0.6569678407350689,0.37714285673356707
0.2112703474174389,0.31281533804238143,0.47473200612557426,0.37712895329242446
0.21619912412766132,0.31982942430703626,0.45941807044410415,0.3771213068699098
0.20426825196407783,0.30471698113207546,0.4946401225114854,0.3771161699894049
0.157927862205188,0.2629987908101572,0.666156202143951,0.3771131335343153
0.2148681497709446,0.31761006289308175,0.46401225114854516,0.37710018620080243
0.20318079099383166,0.30297397769516726,0.4992343032159265,0.37709658715283023
0.20794118794805203,0.3088954056695992,0.48392036753445633,0.37708830501362844
0.15828786960399804,0.26318981200727715,0.664624808575804,0.37706342270393933
0.21172400586174675,0.3133874239350913,0.47320061255742724,0.37705918194894955
0.20450587583308313,0.3052132701421801,0.49310872894333846,0.37704917985556674
0.16088557708065865,0.2648883374689826,0.6539050535987749,0.3770419421944901
0.21013688850670795,0.31137724550898205,0.4777947932618683,0.3770392744467057
0.2037173721515101,0.3034547152194211,0.49770290964777947,0.3770301619423863
0.2152325411713315,0.31822971548998946,0.46248085758039814,0.37702871362443563
0.15978777641016176,0.2641277641277641,0.6584992343032159,0.37702761905650106
0.2083853817511991,0.3094302554027505,0.48238897396630936,0.37701974817735723
0.15864668283435113,0.26338199513381993,0.663093415007657,0.3770134954572375
0.16028275931023744,0.2643253234750462,0.6569678407350689,0.3769771524906417
0.20909667307317323,0.3099703849950642,0.48085758039816234,0.3769507798354716
0.15785611513142994,0.2628398791540785,0.666156202143951,0.3769497396289017
0.20714866185147288,0.3080660835762877,0.48545176110260335,0.37693222306838653
0.21296528065434342,0.3145491803278688,0.47013782542113325,0.376918354338565
0.15807638079164751,0.263030303030303,0.664624808575804,0.3768996956423393
0.21105443037281055,0.3125,0.47473200612557426,0.3768996955698666
0.20425202227316586,0.30442978322337416,0.4946401225114854,0.3768961488865578
0.2160306322534793,0.3194888178913738,0.45941807044410415,0.3768844216266895
0.20311297888619842,0.30269266480965645,0.4992343032159265,0.3768786122467968
0.1608739327242902,0.2647241165530068,0.6539050535987749,0.3768755512225746
0.21465881941575943,0.3172774869109948,0.46401225114854516,0.37686567115942754
0.20788932966605225,0.30859375,0.48392036753445633,0.3768634461553595
0.15978559682703297,0.2639656230816452,0.6584992343032159,0.37686240099374024
0.15855645539993474,0.2632218844984802,0.663093415007657,0.3768494338838612
0.15777680408023861,0.2624924744130042,0.667687595712098,0.3768366460944456
0.21169925225217723,0.3130699088145897,0.47320061255742724,0.3768292678134213
0.16002128372978763,0.2641625615763547,0.6569678407350689,0.3768115937938234
0.20352645453426216,0.3031716417910448,0.49770290964777947,0.3768115937323984
0.2080992706513494,0.30912659470068693,0.48238897396630936,0.3767942578971642
0.21508625493999317,0.3178947368421053,0.46248085758039814,0.37679351168185515
0.1578416850458523,0.26268115942028986,0.666156202143951,0.37678648725134045
0.20665959358672298,0.3072463768115942,0.4869831546707504,0.3767772507104407
0.16064317989732102,0.26436071649166154,0.655436447166922,0.37676056297066907
0.2124371170433667,0.3136456211812627,0.47166921898928027,0.37675840930617815
0.15803485000599107,0.2628709872804361,0.664624808575804,0.37673611070492485
0.20908193852329734,0.3096646942800789,0.48085758039816234,0.3767246545924347
0.1608288546274893,0.2645600991325898,0.6539050535987749,0.3767093070446351
0.20708852105930278,0.30776699029126214,0.48545176110260335,0.3767082585862893
0.15974987098286073,0.26380368098159507,0.6584992343032159,0.37669732766866026
0.21291851075321835,0.3142272262026612,0.47013782542113325,0.37668711608417255
0.15845100193906822,0.26306196840826246,0.663093415007657,0.37668551503477676
0.15750302770432603,0.26233453670276774,0.667687595712098,0.3766738656856967
0.21075817496921243,0.3121852970795569,0.47473200612557426,0.3766707164107628
0.20306984616278986,0.30241187384044527,0.4992343032159265,0.37666088918929735
0.15998099782058142,0.264,0.6569678407350689,0.3766461804514361
0.2077182789740674,0.30829268292682926,0.48392036753445633,0.3766388553052651
0.2144831651074666,0.3169456066945607,0.46401225114854516,0.3766314476221441
0.1578385878404004,0.26252263126131564,0.666156202143951,0.37662337621782915
0.21158414195503383,0.31275303643724695,0.47320061255742724,0.37659963389012435
0.16035310849273915,0.2641975308641975,0.655436447166922,0.3765948082134601
0.2034910948485168,0.30288909599254427,0.49770290964777947,0.3765932787880074
0.1580234554330312,0.2627118644067797,0.664624808575804,0.37657266770671854
0.2080106433033954,0.3088235294117647,0.48238897396630936,0.37656903718096457
0.1607909922976232,0.2643962848297214,0.6539050535987749,0.37654320946650005
0.21189319994169023,0.3133265513733469,0.47166921898928027,0.376528116879757
0.15841871406532343,0.2629022465088039,0.663093415007657,0.376521738723822
0.1574790381766827,0.26217678893565843,0.667687595712098,0.37651122584724905
0.20882984748922298,0.30935960591133005,0.48085758039816234,0.37649880048278284
0.20699311659657507,0.30746847720659554,0.48545176110260335,0.37648456009526365
0.157831459441609,0.2623642943305187,0.666156202143951,0.3764604063448834
0.21287339560440902,0.31390593047034765,0.47013782542113325,0.37645616138374033
0.21060130069908242,0.3118712273641851,0.47473200612557426,0.3764420153077115
0.16032196159169462,0.2640345465761875,0.655436447166922,0.3764291992387994
0.2076594007904188,0.3079922027290448,0.48392036753445633,0.3764145319844741
0.15800960369245434,0.26255293405928615,0.664624808575804,0.37640936646306405
0.16074528560542484,0.26423267326732675,0.6539050535987749,0.3763772582943395
0.20339982127889875,0.3026070763500931,0.49770290964777947,0.3763752166692615
0.1574581309744907,0.2620192307692308,0.667687595712098,0.3763487263970953
0.21176547040366672,0.3130081300813008,0.47166921898928027,0.37629810581243983
0.15778198486874004,0.26220614828209765,0.666156202143951,0.3762975774493365
0.210376373353269,0.311,0.4762633996937213,0.3762855409618399
0.20876933477151804,0.3090551181102362,0.48085758039816234,0.37627321701915845
0.20691173329658388,0.3071705426356589,0.48545176110260335,0.376261127121735
0.21273775052761276,0.313585291113381,0.47013782542113325,0.3762254897160295
0.21058718378687957,0.31155778894472363,0.47473200612557426,0.3762135917545429
0.16072886339609904,0.26406926406926406,0.6539050535987749,0.37621145333466555
0.20737844851872242,0.3076923076923077,0.48392036753445633,0.3761904757152558
0.15743069988220504,0.2618618618618619,0.667687595712098,0.37618636715354237
0.15777932265281855,0.2620481927710843,0.666156202143951,0.3761348893483382
0.21623833219616234,0.31910352187833513,0.45788667687595713,0.37610062844676956
0.21029839716818227,0.3106893106893107,0.4762633996937213,0.37605804063458853
0.2087270399230709,0.3087512291052114,0.48085758039816234,0.37604790371537095
0.16066081751884398,0.26390605686032137,0.6539050535987749,0.37604579439433083
0.2066941880181077,0.3068731848983543,0.48545176110260335,0.3760379591932523
0.2190155438034463,0.3220524017467249,0.45176110260336905,0.37603569103731194
0.1574234417584418,0.2617046818727491,0.667687595712098,0.3760241479352102
0.1565898904148737,0.2609988109393579,0.6722817764165391,0.3760171302180868
0.2126041961998421,0.31326530612244896,0.47013782542113325,0.3759951005610778
0.21057531364954607,0.3112449799196787,0.47473200612557426,0.3759854452463146
0.15724777387452177,0.26136363636363635,0.669218989280245,0.3759139780906682
0.1574177618112189,0.2615476904619076,0.667687595712098,0.3758620685610319
0.15651948282144365,0.2608437314319667,0.6722817764165391,0.37585616398076893
0.20669263899134202,0.3065764023210832,0.48545176110260335,0.3758150558384845
0.21899184463130641,0.321701199563795,0.45176110260336905,0.3757961778580868
0.2124909568114388,0.3129459734964322,0.47013782542113325,0.3757649934001962
0.21054422112753196,0.31093279839518556,0.47473200612557426,0.3757575752793087
0.15721338056220832,0.2612074118350269,0.669218989280245,0.375752364170527
0.1574104631640478,0.26139088729016785,0.667687595712098,0.37570012885025234
0.15649842552812188,0.26068883610451304,0.6722817764165391,0.3756953354980402
0.1572045684042008,0.26105137395459976,0.669218989280245,0.37559088915362626
0.2188666061414346,0.3213507625272331,0.45176110260336905,0.3755569695969767
0.15733275294229934,0.26123427201917315,0.667687595712098,0.3755383286224278
0.1564926907873281,0.2605341246290801,0.6722817764165391,0.3755346445931411
0.2104752331344315,0.3106212424849699,0.47473200612557426,0.37552998135102744
0.15708828789526616,0.2608955223880597,0.669218989280245,0.3754295528609668
0.15731963023006665,0.26107784431137726,0.667687595712098,0.37537666769742545
0.15639368242625248,0.26037959667852906,0.6722817764165391,0.37537409108961434
0.1566050867557324,0.26055919095776325,0.6707503828483921,0.37532133635792164
0.21882641747240536,0.32100108813928185,0.45176110260336905,0.375318065672077
0.21629137342964327,0.31871657754010696,0.4563552833078101,0.3753148609767249
0.2104176960086547,0.3103103103103103,0.47473200612557426,0.3753026629601899
0.15703446891815162,0.2607398568019093,0.669218989280245,0.3752683551138572
0.21950974427237077,0.32166301969365424,0.450229709035222,0.3752393102988106
0.15727598772975482,0.26092160383004187,0.667687595712098,0.3752151458954222
0.1563464547063559,0.26022525192649676,0.6722817764165391,0.3752136748113043
0.1570317117769116,0.26058437686344665,0.669218989280245,0.3751072957339126
0.21833028105781097,0.32065217391304346,0.45176110260336905,0.3750794655029626
0.21627441687718307,0.31837606837606836,0.4563552833078101,0.3750786653434242
0.1562533939936009,0.26007109004739337,0.6722817764165391,0.3750533955823565
0.21903058128617484,0.32131147540983607,0.450229709035222,0.3749999995139598
0.15682621340520222,0.26042908224076283,0.669218989280245,0.37494637454305424
0.1562138691606912,0.2599171107164002,0.6722817764165391,0.37489325322721645
0.2183301348819997,0.32030401737242126,0.45176110260336905,0.37484116851068344
0.1568134691878502,0.2602739726027397,0.669218989280245,0.37478559136350875
0.15615966461271136,0.25976331360946747,0.6722817764165391,0.3747332475706298
0.15665484258753598,0.26011904761904764,0.669218989280245,0.3746249460178078
0.21821676821161143,0.3199566160520607,0.45176110260336905,0.3746031741177598
0.15615834682583848,0.25960969840331166,0.6722817764165391,0.3745733784376409
0.15611558828146696,0.2594562647754137,0.6722817764165391,0.3744136456535928
0.21816243295817525,0.3196099674972914,0.45176110260336905,0.3743654817481778
0.21635122342001536,0.31798715203426126,0.4548238897396631,0.3742911148275851
0.15609780072878726,0.25930301240401654,0.6722817764165391,0.3742540490441262
0.21687106466826211,0.3186221743810549,0.45329249617151607,0.3742098604507432
0.21961166564170034,0.3209200438116101,0.44869831546707506,0.37420178750867417
0.21786587069578559,0.31926406926406925,0.45176110260336905,0.37412809082738424
0.15594323630761164,0.25914994096812277,0.6722817764165391,0.37409458843517907
0.15572398864834017,0.25882352941176473,0.6738131699846861,0.3739906498327406
0.21679151935776805,0.31827956989247314,0.45329249617151607,0.37397346761385686
0.15593089827945153,0.25899705014749264,0.6722817764165391,0.3739352636529857
0.21785230473515294,0.31891891891891894,0.45176110260336905,0.3738910007822828
0.22022385680562087,0.32123212321232125,0.44716692189892804,0.3738796409987057
0.15568967486085106,0.2586713697824809,0.6738131699846861,0.373831775300036
0.15584277368313373,0.25884433962264153,0.6722817764165391,0.3737760745240766
0.21678982984280334,0.317937701396348,0.45329249617151607,0.37373737325277473
0.15567653114656518,0.25851938895417154,0.6738131699846861,0.37367303569262456
0.21780314427189618,0.3185745140388769,0.45176110260336905,0.37365421104122865
0.21984634315062265,0.3208791208791209,0.44716692189892804,0.37364043457429885
0.15574717188249443,0.25869180907483796,0.6722817764165391,0.3736170208752772
0.1555800827385605,0.25836758661186143,0.6738131699846861,0.3735144308387
0.21652080017451705,0.31759656652360513,0.45329249617151607,0.37350157680255863
0.15574614887339214,0.2585394581861013,0.6722817764165391,0.3734581025337078
0.21771074371450255,0.3182308522114347,0.45176110260336905,0.37341772103402415
0.21981523933928745,0.3205268935236004,0.44716692189892804,0.37340153404046045
0.1553878428101045,0.25821596244131456,0.6738131699846861,0.37335596056674736
0.15572752566693465,0.2583872866391995,0.6722817764165391,0.3732993193267826
0.2164399340125187,0.3172561629153269,0.45329249617151607,0.373266077699695
0.15535723778552463,0.25806451612903225,0.6738131699846861,0.37319762470554285
0.21724501092747925,0.31788793103448276,0.45176110260336905,0.3731815301919145
0.2198128498766241,0.3201754385964912,0.44716692189892804,0.37316293881081897
0.155306008106275,0.25791324736225085,0.6738131699846861,0.3730394230841529
0.1552866531256531,0.2577621558289397,0.6738131699846861,0.3728813555319338
0.22025684829010178,0.32048458149779735,0.445635528330781,0.3728379239207739
0.1552790500039758,0.2576112412177986,0.6738131699846861,0.3727234218785305
0.15526624377554984,0.2574605032182563,0.6738131699846861,0.3725656219538771
0.15493765694041578,0.2571428571428571,0.6753445635528331,0.37246621581678324
0.15507986609582686,0.2573099415204678,0.6738131699846861,0.372407955588195
0.15471942646274586,0.256993006993007,0.6753445635528331,0.3723089907361717
0.1550502707113778,0.2571595558153127,0.6738131699846861,0.37225042261199326
0.2211110124357427,0.3211111111111111,0.442572741194487,0.3721828713735624
0.15471635130989786,0.25684333139196275,0.6753445635528331,0.3721518983349531
0.1550107466723811,0.2570093457943925,0.6738131699846861,0.3720930228560675
0.15464577245353947,0.25669383003492435,0.6753445635528331,0.3719949384452498
0.22108320765463071,0.32075471698113206,0.442572741194487,0.37194337145610606
0.15496883844158113,0.2568593111500292,0.6738131699846861,0.3719357561514992
0.1543027489924931,0.25638051044083526,0.6768759571209801,0.3718973492018423
0.15446212907332332,0.25654450261780104,0.6753445635528331,0.3718381108994669
0.2204340462653397,0.3197353914002205,0.444104134762634,0.37179487130812705
0.15494577542570923,0.25670945157526254,0.6738131699846861,0.37177862232965564
0.15420624599044241,0.25623188405797104,0.6768759571209801,0.3717409583905082
0.2208760494741128,0.3203991130820399,0.442572741194487,0.3717041795771292
0.15443928417573172,0.2563953488372093,0.6753445635528331,0.37168141553029244
0.15419492445447663,0.25608342989571264,0.6768759571209801,0.3715846990552659
0.1544304400778927,0.25624636839047066,0.6753445635528331,0.3715248521706961
0.22074726211055293,0.32004429678848284,0.442572741194487,0.3714652951427273
0.15418532936396515,0.2559351476548929,0.6768759571209801,0.3714285710303895
0.15437760836889225,0.25609756097560976,0.6753445635528331,0.371368420653929
0.1541751146399792,0.25578703703703703,0.6768759571209801,0.3712725741504311
0.22071579956451481,0.3196902654867257,0.442572741194487,0.3712267175605213
0.1543147250738216,0.2559489262913523,0.6753445635528331,0.37121212081352284
0.22124957759963748,0.3203559510567297,0.44104134762633995,0.3711340201311186
0.15415328111048887,0.2556390977443609,0.6768759571209801,0.37111670825022086
0.22068709445958853,0.31933701657458563,0.442572741194487,0.3709884462396534
0.15413025565485866,0.25549132947976877,0.6768759571209801,0.3709609731648661
0.1540821354411199,0.2553437319468515,0.6768759571209801,0.3708053687297507
0.22054871815141713,0.3189845474613687,0.442572741194487,0.37075048059078186
0.15404939859990033,0.25519630484988454,0.6768759571209801,0.3706498947805349
0.15401319294867297,0.2550490478938257,0.6768759571209801,0.37049455115315416
0.15384664069104115,0.2549019607843137,0.6768759571209801,0.37033933768381905
0.22155828896309784,0.31995540691192864,0.43950995405819293,0.3703225801575517
0.15371559792321304,0.2547550432276657,0.6768759571209801,0.3701842542090144
0.2214701357076705,0.3195991091314031,0.43950995405819293,0.3700838164048036
0.1536587618062572,0.25460829493087556,0.6768759571209801,0.37002930056549893
0.2245757680070632,0.3244803695150115,0.43032159264931086,0.36998024967441334
0.1535564094422511,0.25446171560161196,0.6768759571209801,0.3698744765903044
0.224475733884813,0.32410611303344866,0.43032159264931086,0.369736841615174
0.15354199314563696,0.25431530494821636,0.6768759571209801,0.3697197821207355
0.15314482828305973,0.2540137614678899,0.678407350689127,0.3696287021484295
0.153404103861767,0.25416906267970096,0.6768759571209801,0.3695652169943684
0.2244745918469691,0.32373271889400923,0.43032159264931086,0.36949375361912934
0.15308309458121322,0.25386819484240686,0.678407350689127,0.36947456173879784
0.15339374440061754,0.2540229885057471,0.6768759571209801,0.36941078104905156
0.15302881491600484,0.25372279495990835,0.678407350689127,0.36932054983305085
0.2216948716326033,0.31919642857142855,0.43797856049004597,0.3692704966072049
0.1532753319705558,0.25387708213670307,0.6768759571209801,0.36925647412290374
0.22443655448063646,0.3233601841196778,0.43032159264931086,0.36925098505540555
0.15290647647304298,0.25357756153405836,0.678407350689127,0.36916666627055866
0.15324052173170294,0.2537313432835821,0.6768759571209801,0.36910229605431427
0.15275466395745735,0.2534324942791762,0.678407350689127,0.36901291089095917
0.22435156349692018,0.32298850574712645,0.43032159264931086,0.36900853529478617
0.2229897429192378,0.32122587968217936,0.4333843797856049,0.36897001254885525
0.15323001925694138,0.2535857716580608,0.6768759571209801,0.3689482466819424
0.2246371348681163,0.3236994219653179,0.42879019908116384,0.3689064553727297
0.15270699089953663,0.2532875929102344,0.678407350689127,0.3688592835341569
0.22433150717686814,0.32261768082663606,0.43032159264931086,0.3687664037097059
0.14950193483142207,0.25153374233128833,0.6906584992343032,0.36876533076151197
0.22285246251596605,0.32086167800453513,0.4333843797856049,0.3687296412049393
0.15262607974259834,0.25314285714285717,0.678407350689127,0.36870578404032345
0.14928297915968136,0.25139353400222963,0.6906584992343032,0.3686146297680898
0.15261841963563252,0.2529982866933181,0.678407350689127,0.3685524122498958
0.22401537424829915,0.32224770642201833,0.43032159264931086,0.36852458967424584
0.22264619843972328,0.3204983012457531,0.4333843797856049,0.3684895828445443
0.1492722237667567,0.2512534818941504,0.6906584992343032,0.36846405189639436
0.15258082579252547,0.2528538812785388,0.678407350689127,0.36839916800357675
0.22330533218987825,0.3211845102505695,0.4318529862174579,0.3683866748863706
0.14917497650565464,0.25111358574610243,0.6906584992343032,0.36831359699560273
0.2239082218804108,0.3218785796105384,0.43032159264931086,0.36828309256412745
0.2225801218624324,0.3201357466063348,0.4333843797856049,0.3682498368567721
0.15255029477216045,0.2527096406160867,0.678407350689127,0.3682460511423336
0.22170603158766047,0.31843575418994413,0.43644716692189894,0.36821705377578556
0.14916126893698034,0.25097384529771843,0.6906584992343032,0.3681632649151384
0.2230480155167175,0.32081911262798635,0.4318529862174579,0.3681462136100977
0.14953081897649617,0.25111607142857145,0.6891271056661562,0.36809815911771
0.15254213983752593,0.2525655644241733,0.678407350689127,0.36809306150739823
0.22474118902604753,0.32329084588644263,0.42725880551301687,0.3680738781375626
0.22389370455033908,0.32151029748283755,0.43032159264931086,0.36804191175670764
0.14915045468245744,0.25083426028921024,0.6906584992343032,0.36801305550467034
0.2225446617449009,0.319774011299435,0.4333843797856049,0.36801040263231344
0.1524877857990649,0.25242165242165243,0.678407350689127,0.36794019894026586
0.2230122497435551,0.32045454545454544,0.4318529862174579,0.3679060660471667
0.23037498245757174,0.3333333333333333,0.4104134762633997,0.3678792033488844
0.22205121070833836,0.31874298540965207,0.4349157733537519,0.36787564718027416
0.23359014402680883,0.34073107049608353,0.3996937212863706,0.36786469294925955
0.14910269170278312,0.2506948304613674,0.6906584992343032,0.36786296861411305
0.15210128023930708,0.252129471890971,0.6799387442572741,0.3678541835324275
0.2247035011059566,0.3229166666666667,0.42725880551301687,0.3678312453896994
0.22352158853716333,0.3211428571428571,0.43032159264931086,0.3678010466309731
0.15230599708682274,0.2522779043280182,0.678407350689127,0.3677874632826954
0.22251903047855176,0.3194130925507901,0.4333843797856049,0.36777127956344235
0.14909011093484942,0.25055555555555553,0.6906584992343032,0.36771300409362545
0.15200062824669416,0.25198637911464244,0.6799387442572741,0.36770186295947566
0.2218878459372586,0.3183856502242152,0.4349157733537519,0.3676375399650393
0.15223399788974362,0.2521343198634035,0.678407350689127,0.36763485437670806
0.23037477530241987,0.33291925465838507,0.4104134762633997,0.3676268856508389
0.23340348912785336,0.34028683181225555,0.3996937212863706,0.36760563330603957
0.14907609036554642,0.2504164353137146,0.6906584992343032,0.36756316179361115
0.22348367913831885,0.3207762557077626,0.43032159264931086,0.36756049656753564
0.1519700168441684,0.25184344866704483,0.6799387442572741,0.36754966847971343
0.222433245436829,0.31905298759864714,0.4333843797856049,0.36753246704401166
0.15219527442705078,0.25199089874857794,0.678407350689127,0.36748237206458717
0.14955868139649509,0.25069793411501956,0.6875957120980092,0.36743044150693277
0.14893500696125156,0.2502774694783574,0.6906584992343032,0.36741344156471695
0.2218114023353843,0.3180291153415454,0.4349157733537519,0.3673997407798375
0.15178306266399694,0.25170068027210885,0.6799387442572741,0.36739759993663285
0.23009296709905616,0.3325062034739454,0.4104134762633997,0.36737491383037857
0.23338923581210258,0.33984375,0.3996937212863706,0.36734693827878495
0.15216950042833888,0.251847640704946,0.678407350689127,0.3673300161888777
0.22341505073257154,0.3204104903078677,0.43032159264931086,0.36732026094862574
0.15036628212089198,0.2509825940482875,0.6845329249617151,0.3672966306673694
0.2223545598090197,0.3186936936936937,0.4333843797856049,0.36729396446944745
0.14889980422781937,0.25013865779256794,0.6906584992343032,0.36726384325783334
0.1516937036788594,0.2515580736543909,0.6799387442572741,0.36724565717398494
0.22515307919390576,0.3228803716608595,0.42572741194486985,0.3672391012267424
0.1521196424975961,0.25170454545454546,0.678407350689127,0.3671777865923856
0.22180310821543955,0.31767337807606266,0.4349157733537519,0.36716224902732525
0.1502660496383411,0.25084175084175087,0.6845329249617151,0.3671457901619028
0.2300386219254243,0.33209417596034696,0.4104134762633997,0.3671232871767959
0.1486663531652572,0.25,0.6906584992343032,0.3671143667240933
0.15143293385454526,0.25141562853907135,0.6799387442572741,0.36709384003577916
0.23335118507537908,0.33940182054616386,0.3996937212863706,0.367088607098264
0.14965120121089703,0.2505592841163311,0.6860643185298622,0.367062678837924
0.2223071367160162,0.31833520809898763,0.4333843797856049,0.3670557712367442
0.23045586229257822,0.3329177057356609,0.40888208269525267,0.367010308783594
0.2250469479595293,0.3225058004640371,0.42572741194486985,0.36699669917948263
0.1502049691312524,0.250701065619742,0.6845329249617151,0.36699507349921573
0.23361410265884913,0.3403141361256545,0.3981623277182236,0.3669724765672883
0.14850723778577896,0.24986149584487535,0.6906584992343032,0.3669650118148723
0.15136181753360745,0.25127334465195245,0.6799387442572741,0.3669421483662827
0.14958360391168854,0.2504192286193404,0.6860643185298622,0.3669123665205689
0.23002156768486895,0.3316831683168317,0.4104134762633997,0.3668720049813294
0.22933302763192173,0.32967032967032966,0.41347626339969373,0.36684782559331525
0.15015425937435456,0.2505605381165919,0.6845329249617151,0.3668444805268551
0.2333163765421167,0.33896103896103896,0.3996937212863706,0.36683063899740687
0.22215455110709537,0.31797752808988766,0.4333843797856049,0.3668178867444597
0.14844430408861806,0.2497231450719823,0.6906584992343032,0.3668157783817873
0.15132977391592214,0.251131221719457,0.6799387442572741,0.36679058201002007
0.15047748120851934,0.2507026419336706,0.6830015313935681,0.3667763153966551
0.14957403951160134,0.25027932960893856,0.6860643185298622,0.36676217725873367
0.2358447423898643,0.3445491251682369,0.39203675344563554,0.3667621771525081
0.23042775307403668,0.33250311332503113,0.40888208269525267,0.36675824126354856
0.22962535041447746,0.33046683046683045,0.4119448698315467,0.366734832498524
0.23359938866739952,0.33986928104575165,0.3981623277182236,0.3667136807443041
0.1507773707592176,0.2508455467869222,0.6814701378254211,0.36670786940477457
0.15003157556809035,0.2504201680672269,0.6845329249617151,0.3666940110926179
0.14842797648420197,0.24958494742667406,0.6906584992343032,0.3666666662766968
0.15117865300354197,0.2509892594686263,0.6799387442572741,0.3666391408117725
0.1504409908220403,0.250561797752809,0.6830015313935681,0.3666255647531941
0.2299855549221321,0.33127317676143386,0.4104134762633997,0.36662106653715654
0.22932286723182155,0.32926829268292684,0.41347626339969373,0.3665987775105002
0.23331539150149913,0.33852140077821014,0.3996937212863706,0.3665730332112985
0.15077508267128106,0.2507042253521127,0.6814701378254211,0.36655683650957294
0.1499727105082632,0.25027995520716684,0.6845329249617151,0.36654366504455055
0.14833285539278462,0.24944690265486727,0.6906584992343032,0.3665176753516998
0.23562826186713798,0.34408602150537637,0.39203675344563554,0.36649964159231485
0.1511136641149485,0.25084745762711863,0.6799387442572741,0.3664878246165777
0.2295779140105388,0.3300613496932515,0.4119448698315467,0.3664850131300672
0.15065824529420666,0.2505630630630631,0.6814701378254211,0.3664059279724572
0.1499261277107337,0.2501398992725238,0.6845329249617151,0.36639344223094905
0.22993133858262846,0.3308641975308642,0.4104134762633997,0.36637047113938764
0.14827549167937829,0.24930901050304036,0.6906584992343032,0.36636880545913586
0.2292528856433114,0.32886723507917176,0.41347626339969373,0.3663500673491004
0.15106674073531476,0.25070581592320723,0.6799387442572741,0.3663366332697288
0.2330658111897816,0.3380829015544041,0.3996937212863706,0.36631578897717104
0.15064493398129097,0.2504220596510974,0.6814701378254211,0.3662551436398988
0.23541761602220437,0.3436241610738255,0.39203675344563554,0.36623748161947584
0.22956876484152122,0.32965686274509803,0.4119448698315467,0.36623553388328334
0.14812058370303985,0.24917127071823206,0.6906584992343032,0.3662200564515842
0.15101582835578742,0.2505643340857788,0.6799387442572741,0.36618556661677426
0.22516044701754892,0.32209302325581396,0.4241960183767228,0.36615994663427653
0.2305920100345846,0.3325,0.40735068912710565,0.36613902221674877
0.22981344132651485,0.33045622688039455,0.4104134762633997,0.3661202180850587
0.15052940201810627,0.250281214848144,0.6814701378254211,0.3661044833586218
0.22924234803397875,0.3284671532846715,0.41347626339969373,0.3661016944218181
0.14803133048530415,0.24903368304803974,0.6906584992343032,0.36607142818186333
0.23306104270699915,0.33764553686934023,0.3996937212863706,0.36605890553439635
0.1508977086743907,0.25042301184433163,0.6799387442572741,0.36603462450351715
0.2294642496594332,0.3292533659730722,0.4119448698315467,0.3659863940640464
0.23537511751917312,0.34316353887399464,0.39203675344563554,0.3659756964285855
0.14801471158287016,0.2488962472406181,0.6906584992343032,0.3659229205030307
0.23047708065208236,0.33208489388264667,0.40735068912710565,0.365887207208069
0.22970973314752324,0.33004926108374383,0.4104134762633997,0.3658703066731251
0.22903586880246427,0.32806804374240583,0.41347626339969373,0.3658536580432182
0.23592225839113032,0.3441295546558704,0.3905053598774885,0.3658536580385779
0.23370558730798266,0.3394495412844037,0.39663093415007655,0.36581920854256544
0.2329758743615994,0.3372093023255814,0.3996937212863706,0.3658023821244779
0.14801022395109623,0.24875896304467732,0.6906584992343032,0.36577453326838216
0.23098951660749942,0.33291457286432163,0.4058192955589586,0.36576949570914863
0.22934418272243226,0.32885085574572126,0.4119448698315467,0.36573759298011826
0.23516502014650884,0.3427041499330656,0.39203675344563554,0.3657142852165398
0.14794737438857708,0.2486218302094818,0.6906584992343032,0.36562626633145134
0.2296855170353779,0.3296432964329643,0.4104134762633997,0.3656207362044551
0.22889582647701212,0.3276699029126214,0.41347626339969373,0.36560595752972164
0.23587776378761618,0.3436657681940701,0.3905053598774885,0.36559139735149754
0.2325268500705915,0.3367741935483871,0.3996937212863706,0.36554621799104453
0.2307976514151838,0.3324968632371393,0.4058192955589586,0.36551724088424165
0.147934668295006,0.24848484848484848,0.6906584992343032,0.365478119546009
0.2350362788765086,0.3422459893048128,0.39203675344563554,0.3654532471825274
0.2311536453705329,0.3333333333333333,0.40428790199081166,0.3653979233800592
0.22865006671006094,0.32727272727272727,0.41347626339969373,0.3653585921995996
0.1477693113807368,0.24834801762114536,0.6906584992343032,0.3653300927660633
0.23251618002622754,0.33634020618556704,0.3996937212863706,0.3652904123798416
0.23063157654050206,0.33208020050125314,0.4058192955589586,0.36526533375723297
0.22600893015630344,0.3223915592028136,0.4211332312404288,0.3652058428023109
0.2350337966968686,0.3417890520694259,0.39203675344563554,0.3651925815280219
0.1477467181210346,0.24821133736929005,0.6906584992343032,0.36518218584585854
0.23114502790446204,0.3329129886506936,0.40428790199081166,0.3651452277204546
0.22854887365885573,0.3268765133171913,0.41347626339969373,0.3651115613729669
0.22548199738323238,0.3213038416763679,0.4226646248085758,0.3650793645886462
0.23239028903560108,0.3359073359073359,0.3996937212863706,0.36503496453872464
0.14754527324883882,0.2480748074807481,0.6906584992343032,0.36503439863987486
0.230594844999931,0.3316645807259074,0.4058192955589586,0.36501377360973847
0.22597440082750656,0.32201405152224827,0.4211332312404288,0.3649635031585299
0.14730249979390914,0.24780701754385964,0.6921898928024502,0.36495760962385737
0.23490782802887125,0.3413333333333333,0.39203675344563554,0.3649322874567735
0.23387454385348808,0.33902759526938236,0.39509954058192953,0.36492220600928177
0.23110993171748595,0.33249370277078083,0.40428790199081166,0.364892881329212
0.1474954719354036,0.2479384277075316,0.6906584992343032,0.3648867310028281
0.22825489371995122,0.3264812575574365,0.41347626339969373,0.3648648643717759
0.14720515934533504,0.24767123287671233,0.6921898928024502,0.3648103305238724
0.2323640280452886,0.33547557840616965,0.3996937212863706,0.3647798737176516
0.14739709701707082,0.2478021978021978,0.6906584992343032,0.3647391827896691
0.2259467962395073,0.3216374269005848,0.4211332312404288,0.3647214849201122
0.23601743933839425,0.34324324324324323,0.3889739663093415,0.3646805450870185
0.23475842331846153,0.340878828229028,0.39203675344563554,0.36467236417480076
0.2337550233036146,0.33858267716535434,0.39509954058192953,0.36466431045703057
0.14719308529543335,0.2475355969331873,0.6921898928024502,0.36466317024526707
0.14653642269289033,0.24714207947740882,0.6952526799387443,0.3646586341512037
0.14562528806539674,0.24675324675324675,0.6983154670750383,0.3646541379588128
0.23106446350796503,0.3320754716981132,0.40428790199081166,0.3646408834827091
0.22805619881927838,0.32608695652173914,0.41347626339969373,0.36461850051981054
0.14739314211828355,0.24766611751784734,0.6906584992343032,0.3645917538555829
0.14608958672623495,0.24688008681497559,0.6967840735068913,0.36458333294698475
0.23838129507507758,0.3492286115007013,0.38131699846860645,0.3645680814921799
0.23233564746986313,0.33504492939666236,0.3996937212863706,0.3645251391686755
0.23116534461084304,0.3329113924050633,0.40275650842266464,0.36451836402287147
0.14705720294241387,0.24740010946907498,0.6921898928024502,0.3645161286443057
0.14648221885950827,0.2470076169749728,0.6952526799387443,0.36451224369183455
0.14562384826910063,0.2466197944835046,0.6983154670750383,0.3645083928996221
0.22742732388780088,0.3249400479616307,0.41500765696784075,0.36449226581541083
0.22588854445105558,0.3212616822429907,0.4211332312404288,0.3644797874480811
0.14738848710243016,0.24753018660812295,0.6906584992343032,0.3644444440559891
0.14664216185079548,0.24713584288052373,0.6937212863705973,0.36444086847829776
0.14600884348450804,0.24674620390455532,0.6967840735068913,0.364437324403499
0.23446091418357753,0.3404255319148936,0.39203675344563554,0.36441281089038285
0.23166446783655137,0.33375796178343947,0.4012251148545176,0.3643949925501102
0.22802088057142825,0.32569360675512665,0.41347626339969373,0.36437246914267934
0.14678612049571368,0.24726477024070023,0.6921898928024502,0.36436920557748476
0.146360169196135,0.24687330070690594,0.6952526799387443,0.36436597072079546
0.14562033618252515,0.2464864864864865,0.6983154670750383,0.36436276429673126
0.2383646983862568,0.3487394957983193,0.38131699846860645,0.3643013894058969
0.14736585828286175,0.2473944048272079,0.6906584992343032,0.36429725324654033
0.1466377125859323,0.2470010905125409,0.6937212863705973,0.3642943301314477
0.14598793781338196,0.24661246612466126,0.6967840735068913,0.36429143276036846
0.23232426423888494,0.3346153846153846,0.3996937212863706,0.36427076014593696
0.23116254429691122,0.3324905183312263,0.40275650842266464,0.364265927482406
0.2272923719781671,0.32455089820359284,0.41500765696784075,0.3642473113354371
0.22571167377028464,0.3208868144690782,0.4211332312404288,0.36423841010515245
0.14678534510326602,0.24712957900492072,0.6921898928024502,0.3642224009015315
0.14635865036011295,0.2467391304347826,0.6952526799387443,0.3642198150967048
0.1455621697448686,0.24635332252836303,0.6983154670750383,0.36421725201061594
0.23442563154281748,0.3399734395750332,0.39203675344563554,0.3641536268140514
0.1466068040655193,0.246866485013624,0.6937212863705973,0.3641479095806964
0.14583710065193128,0.24647887323943662,0.6967840735068913,0.3641456578772564
0.23157289980316767,0.3333333333333333,0.4012251148545176,0.3641417646189342
0.22796634072980917,0.3253012048192771,0.41347626339969373,0.36412676956781037
0.226040097926604,0.3215962441314554,0.41960183767228176,0.3641196008376455
0.1467289237755466,0.24699453551912567,0.6921898928024502,0.36407571447340425
0.14628563477332798,0.24660510592069526,0.6952526799387443,0.36407377667840735
0.1455001973272013,0.24622030237580994,0.6983154670750383,0.3640718559019746
0.23834238070773972,0.34825174825174826,0.38131699846860645,0.36403508722032535
0.23220570568598012,0.33418693982074266,0.3996937212863706,0.3640167359056574
0.2271173418695911,0.3241626794258373,0.41500765696784075,0.3640026858742414
0.14653672261240572,0.24673202614379086,0.6937212863705973,0.36400160668406384
0.14575761585282393,0.24634542501353546,0.6967840735068913,0.3639999996140509
0.14522635364672976,0.24596340150699678,0.6998468606431854,0.3639984066243062
0.22569566815938805,0.32051282051282054,0.4211332312404288,0.36399735225572893
0.14669626533060548,0.2468596395412343,0.6921898928024502,0.3639291461502917
0.14614723148650355,0.24647122692725298,0.6952526799387443,0.3639278553249743
0.14547667749344015,0.24608742579600648,0.6983154670750383,0.36392657583172805
0.23441950589117067,0.3395225464190981,0.39203675344563554,0.3638948111585822
0.23152710201237872,0.33290978398983484,0.4012251148545176,0.3638888883932186
0.22785836402605042,0.3249097472924188,0.41347626339969373,0.3638814011244442
0.1451352587629271,0.24583109198493813,0.6998468606431854,0.3638535027999592
0.1466847905684608,0.24672489082969432,0.6921898928024502,0.36378269578961225
0.14546276556249496,0.2459546925566343,0.6983154670750383,0.36378141166101907
0.23832968799588797,0.3477653631284916,0.38131699846860645,0.3637691740810443
0.23621452915867416,0.3428184281842818,0.3874425727411945,0.36376707354931487
0.23389470774174342,0.3381578947368421,0.39356814701378257,0.36376503842714186
0.23213169622507585,0.3337595907928389,0.3996937212863706,0.36376306570613126
0.2270964629196898,0.3237753882915173,0.41500765696784075,0.3637583887693699
0.14505429862846672,0.2456989247311828,0.6998468606431854,0.36370871429899027
0.14539516793363047,0.24582210242587602,0.6983154670750383,0.3636363632512118
0.22668609979903895,0.32265717674970346,0.4165390505359878,0.3636363631444288
0.22765624043601093,0.3245192307692308,0.41347626339969373,0.3636363631436284
0.2314983556558058,0.33248730964467005,0.4012251148545176,0.3636363631407521
0.23438621383634162,0.3390728476821192,0.39203675344563554,0.3636363631389877
0.1450462000194808,0.24556689951638905,0.6998468606431854,0.36356404098378187
0.22707993617890335,0.3233890214797136,0.41500765696784075,0.36351441936014567
0.2320088484552455,0.3333333333333333,0.3996937212863706,0.3635097488077189
0.23616906742725746,0.3423545331529093,0.3874425727411945,0.36350574662834534
0.23824436674480115,0.3472803347280335,0.38131699846860645,0.3635036491361277
0.14462097183700984,0.24531333690412427,0.7013782542113323,0.3634920631081031
0.14528406518608505,0.24568965517241378,0.6983154670750383,0.36349143046389143
0.14499767291486917,0.24543501611170784,0.6998468606431854,0.36341948271693547
0.22664176075540723,0.3222748815165877,0.4165390505359878,0.3633934530819537
0.22756439319166352,0.3241296518607443,0.41347626339969373,0.3633916549582112
0.23140388706469756,0.3320659062103929,0.4012251148545176,0.36338418813135465
0.23422124180716433,0.3386243386243386,0.39203675344563554,0.3633782819725087
0.23781431073152917,0.3457814661134163,0.38284839203675347,0.36337209252454983
0.23854195703882988,0.34831460674157305,0.37978560490045943,0.3633699628708975
0.14452067182996406,0.24518201284796573,0.7013782542113323,0.3633478774423981
0.14523506897858454,0.2455573505654281,0.6983154670750383,0.36334661316086375
0.1449929013259741,0.24530327428878154,0.6998468606431854,0.3632750393612711
0.22690816853528042,0.3230035756853397,0.41500765696784075,0.3632707769876634
0.23195085792230108,0.33290816326530615,0.3996937212863706,0.36325678447284004
0.23807261995424986,0.3467966573816156,0.38131699846860645,0.36323851153613484
0.1444957141378023,0.24505082932049224,0.7013782542113323,0.36320380611901326
0.2265812482067217,0.32189349112426036,0.4165390505359878,0.3631508673319789
0.14492788625626774,0.2451716738197425,0.6998468606431854,0.3631307107798265
0.2341570049905408,0.3381770145310436,0.39203675344563554,0.3631205668786067
0.2377894266821726,0.3453038674033149,0.38284839203675347,0.3631082057467904
0.14447841250173446,0.2449197860962567,0.7013782542113323,0.36305984900198873
0.22630254109457568,0.3207990599294947,0.41807044410413474,0.3630319144022827
0.22687941768706343,0.32261904761904764,0.41500765696784075,0.36302746099478306
0.1447775984392284,0.2450402144772118,0.6998468606431854,0.3629864968358573
0.23804204796420833,0.3463143254520167,0.38131699846860645,0.3629737604341017
0.1434294065352762,0.24442082890541977,0.7044410413476263,0.362919131767423
0.14444929825120187,0.24478888295029397,0.7013782542113323,0.3629160059555798
0.2265258269481826,0.3215130023640662,0.4165390505359878,0.3629086052454467
0.23413134036221103,0.33773087071240104,0.39203675344563554,0.3628632170789559
0.14392346826747668,0.24453915823122002,0.7029096477794793,0.36284584941940007
0.23775867893674327,0.3448275862068966,0.38284839203675347,0.36284470196870905
0.14467129959278235,0.24490889603429797,0.6998468606431854,0.36284239739283614
0.22687281865708092,0.3222354340071344,0.41500765696784075,0.36278447072612363
0.14337939957535736,0.24429102496016994,0.7044410413476263,0.36277602485421323
0.14434904191740272,0.24465811965811965,0.7013782542113323,0.3627722768442573
0.2380191850442995,0.3458333333333333,0.38131699846860645,0.36270939498553145
0.14382189996500544,0.24440894568690097,0.7029096477794793,0.36270248875185657
0.23865430266439455,0.34837799717912554,0.3782542113323124,0.3627019084582609
0.22652169103407555,0.32113341204250295,0.4165390505359878,0.3626666661750303
0.14327405013399963,0.24416135881104034,0.7044410413476263,0.3626330307568594
0.14434628204262556,0.2445274959957288,0.7013782542113323,0.3626286615327063
0.2339434002047248,0.3372859025032938,0.39203675344563554,0.36260623179743534
0.23628763143027767,0.3419267299864315,0.38591117917304746,0.36258992755937997
0.23774201631805322,0.3443526170798898,0.38284839203675347,0.36258158035709376
0.14380923050111968,0.2442788717402874,0.7029096477794793,0.36255924132338707
0.22672855134263428,0.32185273159144895,0.41500765696784075,0.3625418055280581
0.14321393670325097,0.2440318302387268,0.7044410413476263,0.3624901493420094
0.1443069857777982,0.24439701173959444,0.7013782542113323,0.362485159885826
0.23800829849143795,0.34535367545076284,0.38131699846860645,0.36244541434838623
0.238626591026342,0.34788732394366195,0.3782542113323124,0.3624358028757827
0.2264503173971105,0.32075471698113206,0.4165390505359878,0.36242504947512766
0.1437547375065723,0.24414893617021277,0.7029096477794793,0.3624161069998748
0.1431165718190779,0.24390243902439024,0.7044410413476263,0.3623473804765212
0.1441974550773227,0.24426666666666666,0.7013782542113323,0.3623417717687298
0.23764867345594273,0.343878954607978,0.38284839203675347,0.36231884008114795
0.23944757752105056,0.34893617021276596,0.3767228177641654,0.362297495818848
0.1434938969065052,0.24401913875598086,0.7029096477794793,0.3622730856474152
0.14307033534087274,0.24377318494965552,0.7044410413476263,0.3622047240274626
0.1439986140020828,0.244136460554371,0.7013782542113323,0.36219849704674395
0.2263542610284451,0.32037691401649,0.4165390505359878,0.3621837545018564
0.23782521842594326,0.3448753462603878,0.38131699846860645,0.36218181768307733
0.23854272613202737,0.34739803094233473,0.3782542113323124,0.3621700874774436
0.14303411370298483,0.24364406779661016,0.7044410413476263,0.36206217986211053
0.23760784757791148,0.3434065934065934,0.38284839203675347,0.3620564803124812
0.2394298398571877,0.34844192634560905,0.3767228177641654,0.3620309045780232
0.2263111330108587,0.32,0.4165390505359878,0.3619427806130476
0.23683887361113246,0.3419618528610354,0.38437978560490044,0.3619322273315539
0.1429857743039968,0.24351508734780308,0.7044410413476263,0.3619197478479508
0.23754886051235852,0.3429355281207133,0.38284839203675347,0.3617945002251012
0.14270384240260675,0.24338624338624337,0.7044410413476263,0.3617774278526776
0.2391866713850454,0.347949080622348,0.3767228177641654,0.36176470538314126
0.1424298681952873,0.24314345991561181,0.7059724349157733,0.3617104743148567
0.2364885471326671,0.3414965986394558,0.38437978560490044,0.3616714692423791
0.14267679844906658,0.24325753569539926,0.7044410413476263,0.3616352197441931
0.14235678581862587,0.2430152872957301,0.7059724349157733,0.3615686270699759
0.23748064918227338,0.3424657534246575,0.38284839203675347,0.3615328989954039
0.23916595494903903,0.3474576271186441,0.3767228177641654,0.3614988973700303
0.14263578530856982,0.24312896405919662,0.7044410413476263,0.3614931233906073
0.1423235230354419,0.2428872497365648,0.7059724349157733,0.36142689103422476
0.23644308449379722,0.34103260869565216,0.38437978560490044,0.3614110866148163
0.14214655905099374,0.2426470588235294,0.7075038284839203,0.3613609695062662
0.14261105296054896,0.24300052826201796,0.7044410413476263,0.36135113866023716
0.14225611488327705,0.24275934702474986,0.7059724349157733,0.3612852660768716
0.2374369373833928,0.34199726402188785,0.38284839203675347,0.36127167580216624
0.14209090968496826,0.24251968503937008,0.7075038284839203,0.3612197025126632
0.14245343252121112,0.24287222808870115,0.7044410413476263,0.36120926542160675
0.14225327988698616,0.24263157894736842,0.7059724349157733,0.3611437520673895
0.2398560547851998,0.34801136363636365,0.37519142419601836,0.3610906406208242
0.14196193942282528,0.24239244491080797,0.7075038284839203,0.3610785459270271
0.1424339152321818,0.24274406332453827,0.7044410413476263,0.3610675035434462
0.23727980304749532,0.34153005464480873,0.38284839203675347,0.36101082982653654
0.1421974923674951,0.2425039452919516,0.7059724349157733,0.361002348875456
0.1419546735748953,0.2422653382275826,0.7075038284839203,0.36093749961997346
0.14219272806581543,0.24237644584647738,0.7059724349157733,0.3608610563709526
0.14193592872142338,0.24213836477987422,0.7075038284839203,0.36079656346232014
0.23721750170237976,0.34106412005457026,0.38284839203675347,0.3607503602520266
0.14217374561976004,0.2422490803993694,0.7059724349157733,0.3607198744239645
0.24022189957619422,0.3485714285714286,0.37366003062787134,0.36067996993667134
0.1419256038660191,0.24201152435830278,0.7075038284839203,0.36065573732508666
0.1419118614308572,0.2418848167539267,0.7075038284839203,0.36051502107949357
0.2401736808106188,0.34807417974322397,0.37366003062787134,0.36041358886547326
0.1418959350228759,0.24175824175824176,0.7075038284839203,0.3603744145969627
0.14180708098705722,0.24163179916317992,0.7075038284839203,0.36023391774911606
0.24014144957793604,0.3475783475783476,0.37366003062787134,0.36014760097666865
0.14170214885439356,0.2415054887611082,0.7075038284839203,0.360093530407776
0.14160499321833514,0.2413793103448276,0.7075038284839203,0.3599532524449644
0.2401300048499515,0.34708392603129445,0.37366003062787134,0.35988200540038484
0.24123483473090407,0.34971098265895956,0.37059724349157736,0.35985130061566206
0.14148503668147094,0.2412532637075718,0.7075038284839203,0.35981308373290277
0.2402635364148395,0.34813753581661894,0.3721286370597244,0.35973353021854143
0.14138906440747767,0.24112734864300625,0.7075038284839203,0.35967302414401126
0.24104799745717684,0.3492063492063492,0.37059724349157736,0.3595839519521504
0.1413765573981708,0.24100156494522693,0.7075038284839203,0.35953307355090885
0.24024261556822885,0.34763948497854075,0.3721286370597244,0.3594674551218806
0.14134003993721236,0.24087591240875914,0.7075038284839203,0.3593932318264126
0.2408765798949999,0.34870317002881845,0.37059724349157736,0.3593170002428538
0.14131888182425664,0.24075039082855654,0.7075038284839203,0.35925349884353724
0.1412742351712973,0.240625,0.7075038284839203,0.3591138744754951
0.24078318485490896,0.34820143884892085,0.37059724349157736,0.359050444604343
0.14125765643365001,0.2404997397188964,0.7075038284839203,0.35897435859569543
0.2414041513995377,0.3492753623188406,0.36906584992343033,0.35889798907595655
0.14114654203267613,0.24037460978147762,0.7075038284839203,0.35883495107774427
0.2405422652344379,0.34770114942528735,0.37059724349157736,0.35878428415580826
0.14111435969186212,0.24024960998439937,0.7075038284839203,0.35869565179544366
0.2413260142144091,0.34876989869753977,0.36906584992343033,0.3586309518813521
0.141071688968374,0.24012474012474014,0.7075038284839203,0.3585564606227918
0.24030463328423612,0.3472022955523673,0.37059724349157736,0.35851851801904966
0.14106291581521055,0.24,0.7075038284839203,0.35841737743398216
0.14101719346929034,0.2398753894080997,0.7075038284839203,0.35827840210340356
0.24192811446792836,0.34934497816593885,0.3675344563552833,0.35820895472420244
0.14097291385567703,0.23975090814737934,0.7075038284839203,0.3581395345056394
0.14087108809459523,0.23962655601659752,0.7075038284839203,0.3580007745154675
0.24180810179261308,0.3488372093023256,0.3675344563552833,0.35794183395224216
0.14085725070317837,0.23950233281493002,0.7075038284839203,0.35786212200785966
0.14080808079954651,0.23937823834196892,0.7075038284839203,0.35772357685798134
0.24167890843389653,0.3483309143686502,0.3675344563552833,0.3576751112738322
0.1407754356495157,0.2392542723977214,0.7075038284839203,0.35758513894119115
0.14072200957462536,0.2391304347826087,0.7075038284839203,0.35744680813304075
0.14069655744004736,0.23900672529746508,0.7075038284839203,0.35730858430927404
0.14064803227674413,0.23888314374353672,0.7075038284839203,0.3571704673458273
0.1406466293036351,0.23875968992248062,0.7075038284839203,0.35703245711882836
0.24195479912939807,0.34839650145772594,0.3660030627871363,0.3569828225025442
0.14062003520011143,0.23863636363636365,0.7075038284839203,0.3568945535045966
0.14051860970408028,0.23851316468766134,0.7075038284839203,0.35675675637964227
0.14049140461449672,0.23839009287925697,0.7075038284839203,0.35661906562066625
0.14046200394863242,0.23826714801444043,0.7075038284839203,0.3564814811045599
0.14036016730432366,0.2381443298969072,0.7075038284839203,0.3563440027084043
0.14023351462220354,0.23802163833075735,0.7075038284839203,0.35620663030947014
0.14022699935121052,0.23789907312049433,0.7075038284839203,0.3560693637852173
0.14015227176275102,0.2377766340710242,0.7075038284839203,0.3559322030132944
0.1401156866046592,0.23765432098765432,0.7075038284839203,0.35579514787153865
0.24195707851906292,0.34744525547445254,0.36447166921898927,0.35575485749729646
0.14008972986041382,0.23753213367609255,0.7075038284839203,0.35565819823797523
0.13998337863503602,0.23741007194244604,0.7075038284839203,0.3555213539908169
0.24331336217279906,0.3496296296296296,0.3614088820826952,0.3554216862471252
0.13994730816517584,0.23728813559322035,0.7075038284839203,0.3553846150084642
0.24249168670520277,0.34801762114537443,0.36294027565084225,0.35532233833080495
0.1398692168066501,0.23716632443531827,0.7075038284839203,0.35524798116950435
0.24317688676974675,0.34911242603550297,0.3614088820826952,0.3551542508169293
0.13986904790249202,0.237044638276039,0.7075038284839203,0.35511145235271135
0.24246377625488108,0.34750733137829914,0.36294027565084225,0.35505617927551686
0.13985406920494803,0.23692307692307693,0.7075038284839203,0.3549750284370453
0.24302590916594027,0.34859675036927623,0.3614088820826952,0.3548872175452756
0.139783300247629,0.23680164018452077,0.7075038284839203,0.3548387093016525
0.24233924001378854,0.34699853587115664,0.36294027565084225,0.35479041866192873
0.24382364176352606,0.34970238095238093,0.35987748851454826,0.3547169806321783
0.13972951389215013,0.23668032786885246,0.7075038284839203,0.3547024948258646
0.13930337560251613,0.23646578140960164,0.7090352220520674,0.3546533891308407
0.24280440138882242,0.3480825958702065,0.3614088820826952,0.35462058552572107
0.13969237157008974,0.23655913978494625,0.7075038284839203,0.3545663848891987
0.2422661913278884,0.34649122807017546,0.36294027565084225,0.35452505559600556
0.13928937297249822,0.2363450740173558,0.7090352220520674,0.3545176106510337
0.2435692556347415,0.3491827637444279,0.35987748851454826,0.3544494715966447
0.13958791457266603,0.23643807574206754,0.7075038284839203,0.35443037937135646
0.13926721939556194,0.23622448979591837,0.7090352220520674,0.3543819360965844
0.2427714805465155,0.3475699558173785,0.3614088820826952,0.3543543538545449
0.1395844931324552,0.23631713554987213,0.7075038284839203,0.35429447815222426
0.13925468653419013,0.23610402855685875,0.7090352220520674,0.3542463653482212
0.24352158345917915,0.3486646884272997,0.35987748851454826,0.3541823657397635
0.13938158759253205,0.2361963190184049,0.7075038284839203,0.35415868111187254
0.1392483884842589,0.23598369011213047,0.7090352220520674,0.3541108982868548
0.2427475852124211,0.34705882352941175,0.3614088820826952,0.3540885216307378
0.13937387172358728,0.23607562595809914,0.7075038284839203,0.3540229881305556
0.13908136528445195,0.2358634742740703,0.7090352220520674,0.35397553479357835
0.13898189187111318,0.23574338085539714,0.7090352220520674,0.35384027474966606
0.24420708240819944,0.3492537313432836,0.35834609494640124,0.3537414960987221
0.13891355940511713,0.2356234096692112,0.7090352220520674,0.35370511803657434
0.13886034815974882,0.23550356052899288,0.7090352220520674,0.3535700645359402
0.24392389300185285,0.34873323397913564,0.35834609494640124,0.3534743197417843
0.13883065159738553,0.23538383324860193,0.7090352220520674,0.35343511412958134
0.13879896795240224,0.23526422764227642,0.7090352220520674,0.353300266699496
0.13868513060557794,0.2351447435246318,0.7090352220520674,0.3531655221278623
0.13867790597708293,0.2350253807106599,0.7090352220520674,0.353030880297038
0.13863978483809203,0.23490613901572804,0.7090352220520674,0.3528963410895606
0.1385992272590428,0.2347870182555781,0.7090352220520674,0.3527619043881459
0.13857430667707554,0.23466801824632538,0.7090352220520674,0.352627570075689
0.1381365150596795,0.23425692695214106,0.7120980091883614,0.3525398025084466
0.244351196701532,0.3482810164424514,0.3568147013782542,0.3524962173518131
0.13855969426613116,0.23454913880445796,0.7090352220520674,0.35249333803526295
0.13809177400276795,0.23413897280966767,0.7120980091883614,0.35240621410275086
0.13853339043829463,0.23443037974683545,0.7090352220520674,0.3523592081501188
0.13803201999737502,0.23402113739305486,0.7120980091883614,0.35227272690039285
0.13851977890254455,0.23431174089068826,0.7090352220520674,0.3522251803036853
0.138292615985543,0.2341069626639758,0.7105666156202144,0.3521821628150475
0.13797961266673506,0.23390342052313884,0.7120980091883614,0.35213934078641224
0.1385176217296157,0.2341932220536166,0.7090352220520674,0.3520912543795686
0.1382523528626268,0.23398890569843672,0.7105666156202144,0.3520485580491378
0.13792830132394351,0.23378582202111614,0.7120980091883614,0.352006055646023
0.13849215071704435,0.23407482305358948,0.7090352220520674,0.3519574302615515
0.1382204982692642,0.23387096774193547,0.7105666156202144,0.35191505461410866
0.13789585047718025,0.23366834170854273,0.7120980091883614,0.35187287136461237
0.13840840256517822,0.23395654370894392,0.7090352220520674,0.3518237078335939
0.13789584279150852,0.233550979407333,0.7120980091883614,0.35173978782774146
0.13744736192093499,0.23335002503755634,0.7136294027565084,0.35169811283615776
0.1383178192191113,0.23383838383838385,0.7090352220520674,0.35169008697983134
0.13786739996748623,0.23343373493975902,0.7120980091883614,0.3516068049211442
0.13743778861017467,0.23323323323323322,0.7136294027565084,0.3515654466298366
0.13830862607880648,0.2337203432609793,0.7090352220520674,0.35155656758457593
0.24496054870516606,0.34782608695652173,0.3552833078101072,0.35151515101520775
0.13771227272861464,0.23331660812844957,0.7120980091883614,0.35147392253072735
0.137347277058281,0.23311655827913957,0.7136294027565084,0.3514328804734448
0.1375528147059935,0.23319959879638916,0.7120980091883614,0.35134114054257004
0.13730990214677752,0.233,0.7136294027565084,0.35130041425384634
0.24444860305184538,0.3473053892215569,0.3552833078101072,0.3512490532472257
0.13754981162593344,0.23308270676691728,0.7120980091883614,0.3512084588429234
0.13727851925035053,0.23288355822088955,0.7136294027565084,0.35116804785807576
0.1375201903062414,0.23296593186372747,0.7120980091883614,0.3510758773182105
0.13726565293736387,0.23276723276723277,0.7136294027565084,0.3510357811733379
0.13723459555755324,0.2326510234648028,0.7136294027565084,0.3509036140870072
0.1371881850548962,0.23253493013972057,0.7136294027565084,0.3507715464866279
0.13715074707177938,0.23241895261845386,0.7136294027565084,0.35063957825991326
0.13675045084299228,0.23222277473893585,0.7151607963246555,0.3506006002305281
0.13713671645412173,0.23230309072781655,0.7136294027565084,0.35050770929474573
0.13674256476991292,0.23210735586481113,0.7151607963246555,0.3504690427819913
0.13702301128353597,0.23218734429496762,0.7136294027565084,0.35037593947917606
0.13670979118738602,0.23199205166418282,0.7151607963246555,0.35033758402621407
0.2450454447972514,0.34684684684684686,0.3537519142419602,0.3502653520398515
0.13683399115155276,0.23207171314741035,0.7136294027565084,0.35024426870142344
0.13666544590468338,0.23187686196623636,0.7151607963246555,0.35020622385218103
0.13683051065900143,0.23195619711299154,0.7136294027565084,0.35011269684987506
0.1366438130579777,0.2317617866004963,0.7151607963246555,0.3500749621490431
0.13680291822603666,0.23184079601990049,0.7136294027565084,0.34998122381308566
0.13663525287659042,0.2316468253968254,0.7151607963246555,0.3499437988061173
0.13662929462743154,0.2315319781854239,0.7151607963246555,0.34981273371288674
0.13659711314475603,0.23141724479682854,0.7151607963246555,0.34968176675899965
0.13654653067904163,0.23130262506191185,0.7151607963246555,0.3495508978342696
0.1365342961428955,0.2311881188118812,0.7151607963246555,0.3494201268286753
0.13647582429695193,0.23107372587827807,0.7151607963246555,0.34928945363235964
0.24529192167376454,0.3463855421686747,0.35222052067381315,0.3492786631294958
0.1356616310286728,0.23050514958312898,0.7197549770290965,0.3491827633769678
0.13645278617720372,0.23095944609297725,0.7151607963246555,0.3491588781356301
0.13554977706103946,0.23039215686274508,0.7197549770290965,0.34905310026389885
0.13635503036633528,0.23084527928818585,0.7151607963246555,0.3490284002289579
0.24510962412918838,0.3458646616541353,0.35222052067381315,0.3490136565561871
0.13615320584668297,0.2306554953178906,0.7166921898928025,0.3489932882222142
0.13552497329687296,0.23027927486526212,0.7197549770290965,0.34892353341149296
0.13629668261098743,0.2307312252964427,0.7151607963246555,0.348898019802978
0.1361367228122464,0.23054187192118228,0.7166921898928025,0.3488632124531718
0.13550988879329828,0.23016650342801176,0.7197549770290965,0.3487940627125954
0.13624427333751035,0.23061728395061729,0.7151607963246555,0.3487677367484889
0.13514290936489773,0.22998046875,0.7212863705972435,0.34875971825610574
0.13607734462349114,0.23042836041358936,0.7166921898928025,0.348733233610932
0.13578846230911162,0.23024054982817868,0.7182235834609495,0.3486988843907185
0.13549136490714508,0.23005384238864415,0.7197549770290965,0.3486646880602104
0.13622554580788138,0.23050345508390918,0.7151607963246555,0.3486375509564518
0.13513403739892152,0.22986822840409957,0.7212863705972435,0.34863064360089735
0.13606633726099887,0.23031496062992127,0.7166921898928025,0.3486033515871967
0.13566180846215792,0.23012757605495585,0.7182235834609495,0.3485693047234913
0.13547018484072398,0.2299412915851272,0.7197549770290965,0.3485354093475008
0.1361886447051679,0.23038973852984707,0.7151607963246555,0.34850746231799096
0.135123808259409,0.22975609756097562,0.7212863705972435,0.34850166445042846
0.1360182582382387,0.23020167240531234,0.7166921898928025,0.348473566273829
0.13522451716204903,0.22982885085574573,0.7197549770290965,0.3484062264677882
0.1361574846783852,0.23027613412228798,0.7151607963246555,0.3483774707243928
0.1350966375114925,0.2296440760604583,0.7212863705972435,0.34837278069873934
0.13601822921370477,0.23008849557522124,0.7166921898928025,0.34834387756285323
0.13494848862289271,0.22946037919299953,0.7228177641653905,0.34833948302903806
0.1347151649603297,0.2292777508482792,0.7243491577335375,0.3483063324771715
0.2453555271466224,0.3459214501510574,0.35068912710566613,0.3482889728840539
0.13521845689178627,0.22971652003910067,0.7197549770290965,0.3482771393145519
0.13502684245207375,0.22953216374269006,0.7212863705972435,0.34824399224002767
0.13585624007368588,0.22997542997542997,0.7166921898928025,0.3482142853464541
0.13488448018114174,0.2293488824101069,0.7228177641653905,0.3482109918880771
0.13470173437735472,0.22916666666666666,0.7243491577335375,0.34817813728666996
0.13517191839756668,0.22960429897410845,0.7197549770290965,0.34814814778142905
0.1350246267423342,0.2294203604481247,0.7212863705972435,0.34811529896864674
0.13581346966531138,0.22986247544204322,0.7166921898928025,0.34808478951697686
0.13488164667244612,0.2292374939290918,0.7228177641653905,0.34808259550459475
0.13468369303839706,0.22905569007263923,0.7243491577335375,0.3480500364266986
0.24533742482363588,0.3453996983408748,0.35068912710566613,0.34802431560945135
0.13502422713700563,0.22930866601752678,0.7212863705972435,0.3479867007791067
0.134862392631661,0.229126213592233,0.7228177641653905,0.34795429377380943
0.1346734048935555,0.22894482090997095,0.7243491577335375,0.34792202979317816
0.13501534976488053,0.2291970802919708,0.7212863705972435,0.34785819756607295
0.13480894272188865,0.22901504124211547,0.7228177641653905,0.34782608659109404
0.13458924709178363,0.22883405902273826,0.7243491577335375,0.3477941172821824
0.13501042080744421,0.22908560311284046,0.7212863705972435,0.34772978922436665
0.1347310041725577,0.2289039767216295,0.7228177641653905,0.3476979738519755
0.13458048850090581,0.22872340425531915,0.7243491577335375,0.3476662987899378
0.13436887102203895,0.22854387656702024,0.7258805513016845,0.34763476311211267
0.13456659545657107,0.22861285645239246,0.7243491577335375,0.3475385742128235
0.13432865934070976,0.22843373493975905,0.7258805513016845,0.34750733101415565
0.13455392057832444,0.2285024154589372,0.7243491577335375,0.3474109434473708
0.1342959456937309,0.22832369942196531,0.7258805513016845,0.3473799923072562
0.1344751643888148,0.22839208112023177,0.7243491577335375,0.3472834063902627
0.13429478404260636,0.22821376986037553,0.7258805513016845,0.3472527468887866
0.13440422387840187,0.22828185328185327,0.7243491577335375,0.3471559629383342
0.13429433527605183,0.22810394610202117,0.7258805513016845,0.3471255946562699
0.2460436023652323,0.34493192133131617,0.34915773353751917,0.3470319629703382
0.13438002783927047,0.22817173178967678,0.7243491577335375,0.3470286129885715
0.1342174526719138,0.227994227994228,0.7258805513016845,0.34699853550737886
0.1341001716613823,0.22788461538461538,0.7258805513016845,0.34687156933993585
0.1340879297388122,0.22777510812109564,0.7258805513016845,0.3467446960519132
0.1340303084598835,0.2276657060518732,0.7258805513016845,0.34661791554143195
0.13389724278127968,0.22755640902544408,0.7258805513016845,0.34649122770676266
0.13389287120305704,0.22744721689059502,0.7258805513016845,0.34636463244632393
0.1335713940937391,0.22727272727272727,0.7274119448698315,0.34633612796387425
0.13382413195528706,0.2273381294964029,0.7258805513016845,0.3462381296586833
0.1334932817612175,0.22716403634624582,0.7274119448698315,0.3462099121737586
0.13381186316309918,0.22722914669223393,0.7258805513016845,0.34611171924255607
0.2475491635173208,0.3460949464012251,0.3460949464012251,0.34609494590122514
0.13341114243905444,0.22705544933078395,0.7274119448698315,0.34608378834414594
0.24621139908414316,0.34446130500758726,0.34762633996937214,0.34603658486586414
0.13378907338658935,0.22712026832774318,0.7258805513016845,0.34598540109680564
0.13340158282751355,0.22694696607740086,0.7274119448698315,0.3459577563745694
0.13369349469512226,0.22701149425287356,0.7258805513016845,0.34585917512044284
0.13333067587398392,0.22683858643744031,0.7274119448698315,0.3458318161647086
0.24714887768139335,0.345565749235474,0.3460949464012251,0.34583014487107916
0.24606333030273878,0.34393939393939393,0.34762633996937214,0.34577303834236
0.1335748291448464,0.22690282431785544,0.7258805513016845,0.345733041212626
0.13322334231761,0.22673031026252982,0.7274119448698315,0.34570596761438915
0.13313067295787104,0.22662213740458015,0.7274119448698315,0.3455802106235825
0.24705341936160247,0.3450381679389313,0.3460949464012251,0.3455657487354752
0.13310784831808828,0.22651406771578445,0.7274119448698315,0.3454545450924057
0.1331036018702055,0.22640610104861772,0.7274119448698315,0.34532897092112064
0.24686690703580083,0.3445121951219512,0.3460949464012251,0.3453017565664656
0.13307113609909246,0.22629823725583612,0.7274119448698315,0.34520348801013456
0.24776952759334359,0.3456221198156682,0.3445635528330781,0.3450920240398785
0.13303617793965414,0.2261904761904762,0.7274119448698315,0.3450780962599992
0.13267952739099798,0.22602089268755934,0.7289433384379785,0.3450525549123248
0.2466656814929333,0.3439878234398782,0.3460949464012251,0.34503816743893595
0.13298979200215247,0.22608281770585437,0.7274119448698315,0.34495279557141073
0.13264122131100586,0.22591362126245848,0.7289433384379785,0.34492753587064934
0.13296993404714916,0.22597526165556614,0.7274119448698315,0.3448275858452097
0.24764943274420698,0.3450920245398773,0.3445635528330781,0.34482758570689687
0.1326272812024255,0.22580645161290322,0.7289433384379785,0.34480260738967045
0.24657222834454762,0.3434650455927052,0.3460949464012251,0.3447749804305946
0.13285042948967915,0.22586780789348548,0.7274119448698315,0.34470246698238044
0.1325729632509609,0.22569938359412042,0.7289433384379785,0.34467776937102396
0.13281948911226302,0.22576045627376426,0.7274119448698315,0.3445774388840509
0.13250772670472336,0.22559241706161137,0.7289433384379785,0.34455302171648805
0.1328005844202362,0.22565320665083136,0.7274119448698315,0.3444525014514924
0.13246021348678053,0.2254855518711511,0.7289433384379785,0.34442836432798296
0.13239829209651555,0.22537878787878787,0.7289433384379785,0.3443037971075708
0.13237633997062695,0.2252721249408424,0.7289433384379785,0.3441793199574555
0.13233722245073157,0.2251655629139073,0.7289433384379785,0.34405493277998206
0.13227246041116963,0.22505910165484633,0.7289433384379785,0.3439306354776369
0.1314128030267526,0.22456633849038912,0.7335375191424196,0.3438621676238724
0.24780897129861293,0.3446153846153846,0.3430321592649311,0.3438219488476619
0.13226575842058577,0.22495274102079396,0.7289433384379785,0.3438064279530472
0.1313590378308336,0.22446110590440488,0.7335375191424196,0.34373878686759907
0.1322209726676398,0.22484648086915446,0.7289433384379785,0.34368231010898065
0.13131309380794012,0.2243559718969555,0.7335375191424196,0.3436154946197593
0.13217822622038294,0.2247403210576015,0.7289433384379785,0.3435582818483455
0.1315102355185987,0.2244131455399061,0.7320061255742726,0.34351419295739793
0.13128390293716433,0.224250936329588,0.7335375191424196,0.3434922907851485
0.13209491563781145,0.2246342614440774,0.7289433384379785,0.3434343430741899
0.13150606225198605,0.22430783669638668,0.7320061255742726,0.34339080423862367
0.24962731528116122,0.346875,0.33996937212863704,0.34338747049773033
0.13120964699965504,0.22414599906410856,0.7335375191424196,0.34336917526869876
0.24870987112463055,0.34520123839009287,0.34150076569678406,0.34334103106275504
0.13194389814616858,0.22452830188679246,0.7289433384379785,0.34331049368970196
0.13146872798762363,0.22420262664165103,0.7320061255742726,0.3432675041293423
0.13118867389960767,0.22404115996258187,0.7335375191424196,0.34324614797547837
0.13192253625423175,0.22442244224422442,0.7289433384379785,0.34318673359820934
0.13117861124106495,0.22393641888733054,0.7335375191424196,0.3431232088106915
0.24958260589968206,0.3463338533541342,0.33996937212863704,0.3431221015093166
0.24868557457144216,0.3446676970633694,0.34150076569678406,0.3430769225769338
0.13176850195135234,0.22431668237511782,0.7289433384379785,0.34306306270317904
0.13112967153860222,0.22383177570093457,0.7335375191424196,0.34300035767967824
0.13167890286161785,0.2242110221384833,0.7289433384379785,0.34293948090821724
0.13151742715224074,0.22404884922498824,0.7304747320061256,0.3429187631202547
0.13111505543068494,0.22372723026623073,0.7335375191424196,0.34287759448791405
0.2493020278285277,0.34579439252336447,0.33996937212863704,0.3428571423571789
0.1316718556330201,0.224105461393597,0.7289433384379785,0.342815988117069
0.2484535737330602,0.3441358024691358,0.34150076569678406,0.34281322009954623
0.1310703485536565,0.22362278244631187,0.7335375191424196,0.34275491914101
0.1316559075977438,0.224,0.7289433384379785,0.3426925842336177
0.1310443000788078,0.22351843210452638,0.7335375191424196,0.3426323315447116
0.24927665859559903,0.3452566096423017,0.33996937212863704,0.3425925920926224
0.13158609149084968,0.22389463781749766,0.7289433384379785,0.3425692691618854
0.24836305186207683,0.3436055469953775,0.34150076569678406,0.34254992269508927
0.13094037405480702,0.2234141791044776,0.7335375191424196,0.3425098316048998
0.1315768913239009,0.22378937470615892,0.7289433384379785,0.3424460428060321
0.1309259664110939,0.2233100233100233,0.7335375191424196,0.3423874192275896
0.2490555522443374,0.3447204968944099,0.33996937212863704,0.3423284497698776
0.13157022100427881,0.2236842105263158,0.7289433384379785,0.34232290507035557
0.13085193021442149,0.22320596458527492,0.7335375191424196,0.3422650943189306
0.13084336476025749,0.2231020027945971,0.7335375191424196,0.3421428567852064
0.24984849634330067,0.3458528951486698,0.33843797856049007,0.34210526265795344
0.24889449571267364,0.34418604651162793,0.33996937212863704,0.3420647144460899
0.13077984706473597,0.22299813780260708,0.7335375191424196,0.3420207065328344
0.1307554340860276,0.22289436947417404,0.7335375191424196,0.3418986434683656
0.13057510587704274,0.22279069767441861,0.7335375191424196,0.34177666749848445
0.13057233154708384,0.22268712226871223,0.7335375191424196,0.3416547785300083
0.13054067098655156,0.2225836431226766,0.7335375191424196,0.3415329764698877
0.13048009223486176,0.222480260102183,0.7335375191424196,0.34141126122520543
0.13044798030218027,0.2223769730733519,0.7335375191424196,0.3412896327031772
0.1303589699765229,0.2222737819025522,0.7335375191424196,0.34116809081115035
0.2500825798557092,0.3453689167974882,0.33690658499234305,0.3410852708179064
0.13031786575851315,0.22217068645640073,0.7335375191424196,0.34104663545660446
0.13027998309143016,0.2220676866017617,0.7335375191424196,0.3409252665471509
0.24989478171403548,0.3448275862068966,0.33690658499234305,0.34082106843887466
0.13027877092145562,0.22196478220574606,0.7335375191424196,0.3408039839905322
0.13026086241535778,0.221861973135711,0.7335375191424196,0.3406827876946224
0.13021005495325869,0.22175925925925927,0.7335375191424196,0.3405616775674264
0.1302071018290676,0.22165664044423877,0.7335375191424196,0.34044065351707975
0.13006624481878828,0.22150438394093216,0.7350689127105666,0.3404255315590134
0.1301765620956747,0.2215541165587419,0.7335375191424196,0.34031971545184897
0.1300352751191676,0.22140221402214022,0.7350689127105666,0.34030485607809663
0.1301591722980742,0.22145168747110494,0.7335375191424196,0.34019886328013044
0.13002281170366328,0.22130013831258644,0.7350689127105666,0.34018426612197145
0.13011372586773215,0.22134935304990758,0.7335375191424196,0.34007809691045077
0.12995088916874192,0.22119815668202766,0.7350689127105666,0.34006376159975077
0.2503713811138095,0.34488188976377954,0.33537519142419603,0.3400621113013399
0.12837209525171095,0.2201627486437613,0.7457886676875957,0.33996509563408994
0.1300902175701406,0.22124711316397228,0.7335375191424196,0.3399574162514664
0.1298624896046962,0.22109626900046062,0.7350689127105666,0.33994334242067614
0.1276620406971592,0.21987410071942445,0.7488514548238897,0.3399374344770338
0.12712929651236302,0.21973094170403587,0.7503828483920367,0.33992369024967367
0.1289412625225029,0.2206486980356327,0.7396630934150077,0.33990147747856325
0.12826719331692732,0.2200632625395391,0.7457886676875957,0.33984647557277176
0.13007250673003118,0.2211449676823638,0.7335375191424196,0.33983682121196346
0.12983596658877283,0.22099447513812154,0.7350689127105666,0.33982300849411773
0.1275404302650685,0.2197752808988764,0.7488514548238897,0.3398193186206821
0.12931019551146133,0.22084481175390266,0.7366003062787136,0.3398092543254125
0.1271117655201908,0.21963245181532945,0.7503828483920367,0.33980582489240874
0.2501853473179339,0.3443396226415094,0.33537519142419603,0.33979829275066886
0.12890908201643114,0.22054794520547946,0.7396630934150077,0.3397819201526455
0.12815243109577548,0.2199638663053297,0.7457886676875957,0.33972793826001396
0.12782664429676466,0.21981981981981982,0.7473200612557427,0.3397145837072186
0.12976446952498216,0.2208927749654855,0.7350689127105666,0.33970275972957387
0.12736761303941463,0.2196765498652291,0.7488514548238897,0.33970128481772155
0.1292279680723949,0.22074346030289124,0.7366003062787136,0.33968926518189846
0.12710265282704752,0.21953405017921146,0.7503828483920367,0.33968804124423024
0.1289081612718617,0.22044728434504793,0.7396630934150077,0.3396624469036096
0.128091229573621,0.21986455981941308,0.7457886676875957,0.3396094836092595
0.1277242580839794,0.21972084646555606,0.7473200612557427,0.3395963809988642
0.12736228176853442,0.2195779074988774,0.7488514548238897,0.3395833329826796
0.12969450330593182,0.22079116835326587,0.7350689127105666,0.339582596036671
0.1269951391730099,0.219435736677116,0.7503828483920367,0.3395703392202016
0.1292215297693067,0.22064220183486238,0.7366003062787136,0.339569360746569
0.12896542661101007,0.22049405306495884,0.7381316998468607,0.3395561813999274
0.1288956481631887,0.22034671532846714,0.7396630934150077,0.33954305764279796
0.12805210502421904,0.2197653429602888,0.7457886676875957,0.339491111534072
0.12771912427674123,0.21962196219621963,0.7473200612557427,0.3394782605184808
0.12727808456993617,0.21947935368043087,0.7488514548238897,0.3394654630302029
0.12955593979492494,0.2206896551724138,0.7350689127105666,0.33946251732516347
0.12697029285436406,0.21933751119068934,0.7503828483920367,0.33945271873550376
0.12920318127117836,0.22054103622191656,0.7366003062787136,0.3394495409297544
0.1289542089617513,0.22039323273891176,0.7381316998468607,0.33943661936418595
0.12888489226027608,0.22024623803009577,0.7396630934150077,0.3394237522816778
0.1284169082535868,0.2198100407055631,0.7442572741194488,0.3393854745083002
0.12802508220840805,0.21966621560667568,0.7457886676875957,0.3393728219481356
0.12770351225047472,0.21952316689158793,0.7473200612557427,0.33936022218029527
0.1271385159292124,0.2193808882907133,0.7488514548238897,0.3393476748750561
0.12941369482858087,0.22058823529411764,0.7350689127105666,0.3393425235049331
0.1269391114513702,0.21923937360178972,0.7503828483920367,0.3393351797054353
0.12918433293339981,0.22043996333638863,0.7366003062787136,0.339329805641911
0.12895346519250264,0.2202925045703839,0.7381316998468607,0.33931714149742426
0.128824287116176,0.2201458523245214,0.7396630934150077,0.33930453073184047
0.12788647925844146,0.21956717763751127,0.7457886676875957,0.3392546147652544
0.12938003520563174,0.2204869085898025,0.7350689127105666,0.3392226144859891
0.12686242069557638,0.21914132379248658,0.7503828483920367,0.33921772204541184
0.12912749175222957,0.22033898305084745,0.7366003062787136,0.3392101547936219
0.12879097643190998,0.22004555808656037,0.7396630934150077,0.3391853929050016
0.12785593124358288,0.21946822893195134,0.7457886676875957,0.33913648989935313
0.12683648814570497,0.21904336164506036,0.7503828483920367,0.33910034567096636
0.12907857678831988,0.22023809523809523,0.7366003062787136,0.3390905882955959
0.12875343650498391,0.21994535519125682,0.7396630934150077,0.33906633871300085
0.25041905153419725,0.344391785150079,0.333843797856049,0.3390357693290479
0.12683491068206618,0.21894548704200179,0.7503828483920367,0.33898305049774846
0.1290636060730164,0.22013729977116706,0.7366003062787136,0.338971106058668
0.1287432717435974,0.21984524351388257,0.7396630934150077,0.33894736806780157
0.12842725079641595,0.21955636034404707,0.7427258805513017,0.3389238291376589
0.12674986507725955,0.2188476998660116,0.7503828483920367,0.3388658364415244
0.25357020975403394,0.349025974025974,0.32924961715160794,0.33884948728608305
0.12870298756046722,0.2197452229299363,0.7396630934150077,0.33882848088149053
0.25242633567189676,0.34726688102893893,0.33078101071975496,0.33882352891206036
0.12854030516636697,0.21960072595281308,0.7411944869831547,0.33881694049440014
0.128426298694726,0.21945701357466063,0.7427258805513017,0.33880544847777705
0.2514296360297534,0.34554140127388533,0.332312404287902,0.3387978137078407
0.25038621721318544,0.3438485804416404,0.333843797856049,0.3387723382724478
0.12664242011733273,0.21875,0.7503828483920367,0.33874870341817725
0.12866689259340489,0.21964529331514324,0.7396630934150077,0.33870967706627786
0.1285048183153574,0.21950113378684807,0.7411944869831547,0.3386983901302998
0.12660684141229475,0.2186523873270861,0.7503828483920367,0.3386316513437059
0.128632799491642,0.21954545454545454,0.7396630934150077,0.33859095653449695
0.25353044232708244,0.34846029173419774,0.32924961715160794,0.33858267666575614
0.12850413622403387,0.21940163191296463,0.7411944869831547,0.3385799226975489
0.25225925305288294,0.3467094703049759,0.33078101071975496,0.3385579932306839
0.2512378733724118,0.3449920508744038,0.332312404287902,0.3385335408418289
0.12660399513226964,0.21855486173059768,0.7503828483920367,0.33851468013422564
0.1262132987470828,0.21841637010676157,0.7519142419601837,0.33850396380143877
0.12859868337160807,0.2194457064970468,0.7396630934150077,0.33847231919860377
0.1284502184901081,0.21930222020842774,0.7411944869831547,0.3384615381091567
0.12655181885856795,0.21845742309407043,0.7503828483920367,0.3383977897059673
0.12620923340652526,0.21831925300133392,0.7519142419601837,0.3383873187415136
0.12600792679281428,0.21818181818181817,0.7534456355283308,0.3383768909859925
0.12569870202251016,0.21804511278195488,0.7549770290964778,0.3383665061724991
0.12856776585025415,0.21934604904632152,0.7396630934150077,0.33835376497117703
0.12843173871427774,0.21920289855072464,0.7411944869831547,0.33834323627825375
0.25331831500829755,0.3478964401294498,0.32924961715160794,0.3383162858890495
0.25197114253602204,0.34615384615384615,0.33078101071975496,0.3382928734235155
0.12653214711277622,0.21836007130124777,0.7503828483920367,0.3382809799752778
0.1261975624578065,0.21822222222222223,0.7519142419601837,0.33827075404332463
0.2512180011397886,0.34444444444444444,0.332312404287902,0.3382696799366377
0.12591701124549382,0.21808510638297873,0.7534456355283308,0.33826057029465983
0.1256447299161026,0.21794871794871795,0.7549770290964778,0.33825042846880343
0.12854212740901513,0.21924648206990469,0.7396630934150077,0.338235293764918
0.12651086386624744,0.2182628062360802,0.7503828483920367,0.3381642508586191
0.12617129471745828,0.21812527765437584,0.7519142419601837,0.33815426962385337
0.1258999845921777,0.21798848028356224,0.7534456355283308,0.33814432954881946
0.12557535316469873,0.21785240830755634,0.7549770290964778,0.33813443037944496
0.25305960529186383,0.3473344103392569,0.32924961715160794,0.33805031396576607
0.1264820930171679,0.21816562778272486,0.7503828483920367,0.33804760227256875
0.12605627172335954,0.2180284191829485,0.7519142419601837,0.33803786540019587
0.12586408272111893,0.2178919397697077,0.7534456355283308,0.3380281686660817
0.25189507299443864,0.3456,0.33078101071975496,0.3380281685143245
0.12557268699186497,0.21775618374558303,0.7549770290964778,0.33801851182254417
0.2509472232029852,0.3438985736925515,0.332312404287902,0.33800623002974184
0.12627631108174825,0.21806853582554517,0.7503828483920367,0.33793103413381903
0.12602676380514283,0.21793164669329781,0.7519142419601837,0.3379215412895623
0.1257902383461287,0.21779548472775564,0.7534456355283308,0.3379120875641701
0.125465583658047,0.21766004415011037,0.7549770290964778,0.33790267271633356
0.2552510519224139,0.3503289473684211,0.32618683001531396,0.3378271208329128
0.12601973511500672,0.2178349600709849,0.7519142419601837,0.3378052972092766
0.1257401887949182,0.2176991150442478,0.7534456355283308,0.337796086160921
0.12538172405865802,0.2175639894086496,0.7549770290964778,0.3377869129791576
0.25302834060581314,0.3467741935483871,0.32924961715160794,0.3377847599088199
0.25179188725134677,0.3450479233226837,0.33078101071975496,0.33776387752993353
0.250433908734052,0.34335443037974683,0.332312404287902,0.33774319016161214
0.12532895317649748,0.21746801940891045,0.7549770290964778,0.33767123252947295
0.2547393535949042,0.3497536945812808,0.32618683001531396,0.3375594289776284
0.12528878882520117,0.2173721340388007,0.7549770290964778,0.33755563128584765
0.2535744282978274,0.34796747967479674,0.327718223583461,0.33753943167710526
0.2524502296649606,0.3462157809983897,0.32924961715160794,0.3375196227342244
0.2517095215265856,0.3444976076555024,0.33078101071975496,0.3374999995002063
0.12521305728719687,0.21727633318642575,0.7549770290964778,0.3374401091669614
0.1251674510130762,0.2171806167400881,0.7549770290964778,0.33732466609160494
0.25473156568022653,0.34918032786885245,0.32618683001531396,0.3372921610207696
0.1251239026699118,0.2170849845882871,0.7549770290964778,0.3372093019786804
0.1251227574916487,0.2169894366197183,0.7549770290964778,0.3370940167472006
0.25417876396118105,0.3486088379705401,0.32618683001531396,0.3370253159562483
0.12506434189227578,0.2168939727232732,0.7549770290964778,0.3369788103162892
0.12505374531896968,0.2167985927880387,0.7549770290964778,0.33686368260518024
0.254025538138814,0.3480392156862745,0.32618683001531396,0.33675889278115767
0.125050945936805,0.21670329670329672,0.7549770290964778,0.33674863353321827
0.12450443524858405,0.2164407520769567,0.7580398162327718,0.33673469353199803
0.12504822117693362,0.21660808435852372,0.7549770290964778,0.3366336630198578
0.12480004470887968,0.21647677475898336,0.7565084226646248,0.33662691617872864
0.12442736941391376,0.21634615384615385,0.7580398162327718,0.3366201968663637
0.12487565284166602,0.21651295564339043,0.7549770290964778,0.33651877098466354
0.12475644796121964,0.21638195356986423,0.7565084226646248,0.33651226123449235
0.2552783733669536,0.34925864909390447,0.32465543644716693,0.33650793600860296
0.12437903342399825,0.2162516382699869,0.7580398162327718,0.3365057780366679
0.25393883979682336,0.3474714518760196,0.32618683001531396,0.33649289049575987
0.12486238622561951,0.21641791044776118,0.7549770290964778,0.3364039573473097
0.12475264817982518,0.21628721541155868,0.7565084226646248,0.33639768436648637
0.12435508888548744,0.21615720524017468,0.7580398162327718,0.3363914369635673
0.12484376451025386,0.21632294866169371,0.7549770290964778,0.3362892220275804
0.12471609848557805,0.2161925601750547,0.7565084226646248,0.3362831854949869
0.12430830788021718,0.21606285464862504,0.7580398162327718,0.3362771735678261
0.2538188827685627,0.3469055374592834,0.32618683001531396,0.336227308103473
0.12481046074519307,0.2162280701754386,0.7549770290964778,0.33617456494536874
0.12452903945984793,0.21609798775153105,0.7565084226646248,0.33616876454037864
0.1242382577268831,0.21596858638743455,0.7580398162327718,0.33616298777031633
0.12399735253122302,0.21583986074847694,0.7595712098009189,0.3361572344910176
0.12480999815635077,0.21613327487943884,0.7549770290964778,0.3360599860206774
0.12422679354815311,0.2158744003488879,0.7580398162327718,0.33604887949201745
0.12390937108243189,0.21574597651152674,0.7595712098009189,0.33604336008905655
0.1241943432116035,0.2157802964254577,0.7580398162327718,0.335934848654016
0.12387632694457544,0.21565217391304348,0.7595712098009189,0.3359295628116482
0.12415518537585252,0.21568627450980393,0.7580398162327718,0.3358208951775058
0.12368328898557131,0.21555845284658845,0.7595712098009189,0.33581584258046693
0.12317952000872086,0.21530479896238652,0.7626339969372129,0.3358057987125865
0.12287527245490518,0.21517895644674429,0.7641653905053599,0.33580080719412886
0.12402002453456829,0.21559233449477352,0.7580398162327718,0.33570701898378735
0.12367002499181251,0.2154648132059079,0.7595712098009189,0.3357021993172933
0.12337715752026486,0.2153379549393414,0.7611026033690659,0.3356973991833897
0.12317403036982486,0.21521175453759722,0.7626339969372129,0.3356926184635775
0.12279489411568041,0.21508620689655172,0.7641653905053599,0.3356878570403143
0.12399889243277241,0.21549847627340007,0.7580398162327718,0.33559321999426805
0.12365340414985304,0.2153712548849327,0.7595712098009189,0.33558863294401353
0.1233022544661745,0.21524469467301863,0.7611026033690659,0.335584064477353
0.12311219626180701,0.21511879049676025,0.7626339969372129,0.3355795144815828
0.12275648162072018,0.21499353726841877,0.7641653905053599,0.3355749828449085
0.12360479029205369,0.2152777777777778,0.7595712098009189,0.33547514338261974
0.12328946247021247,0.21515151515151515,0.7611026033690659,0.33547080627128667
0.12309358929284535,0.21502590673575128,0.7626339969372129,0.3354664866895388
0.12266751576803067,0.214900947459087,0.7641653905053599,0.3354621845313148
0.12229007284515662,0.21477663230240548,0.7656967840735069,0.3354578996914071
0.12158919067644414,0.2144075021312873,0.7702909647779479,0.33544514804213654
0.12353859285775158,0.21518438177874186,0.7595712098009189,0.33536173055520924
0.12328900275833131,0.215058416270013,0.7611026033690659,0.33535762448776163
0.12297997546139237,0.2149331031506258,0.7626339969372129,0.3353535350104862
0.12261992981716804,0.21480843736547567,0.7641653905053599,0.33534946202303945
0.12227846494137727,0.21468441391155002,0.7656967840735069,0.3353454054258848
0.12151691214154461,0.21431614827439285,0.7702909647779479,0.3353333329927576
0.12350228115824806,0.21509106678230702,0.7595712098009189,0.33524839438398496
0.12322220755774017,0.21496539792387542,0.7611026033690659,0.33524451904945307
0.12290309668279212,0.21484037963761865,0.7626339969372129,0.335240659367569
0.1226166098054342,0.2147160068846816,0.7641653905053599,0.3352368152436913
0.1221939209906323,0.2145922746781116,0.7656967840735069,0.33523298658393996
0.12142805416960348,0.21422487223168654,0.7702909647779479,0.33522159246190536
0.25541278251803234,0.3481848184818482,0.3231240428790199,0.3351866555769478
0.12349891274207801,0.21499783268313827,0.7595712098009189,0.3351351347912548
0.12261089139236776,0.2146236559139785,0.7641653905053599,0.33512424411698216
0.12216854454795954,0.2145002145002145,0.7656967840735069,0.3351206430897443
0.1214268539442369,0.21413367390378885,0.7702909647779479,0.335109926375111
0.12256861024836352,0.21453138435081684,0.7641653905053599,0.3350117485667259
0.12216326181373117,0.2144082332761578,0.7656967840735069,0.33500837486757157
0.1217951075262239,0.21416382252559726,0.7687595712098009,0.3350016679941799
0.1214110672600861,0.21404255319148935,0.7702909647779479,0.3349983346580049
0.2563805065694398,0.34941763727121466,0.3215926493108729,0.3349282291659316
0.12249304922088089,0.2144391920928234,0.7641653905053599,0.3348993285168391
0.12215904745277081,0.2143163309044149,0.7656967840735069,0.3348961818417969
0.12159243027626843,0.2140724946695096,0.7687595712098009,0.3348899262770054
0.12139499047438186,0.2139515099957465,0.7702909647779479,0.3348868172363163
0.12132946859291323,0.21383114128128977,0.7718223583460949,0.33488372059047455
0.12213793769954584,0.21422450728363324,0.7656967840735069,0.33478406393689647
0.12139273363214094,0.21386054421768708,0.7702909647779479,0.33477537403587343
0.12128539457981698,0.21374045801526717,0.7718223583460949,0.3347725004906124
0.12212794023701946,0.21413276231263384,0.7656967840735069,0.3346720210774479
0.12138199561962044,0.21376965575860604,0.7702909647779479,0.33466400498260324
0.12114341425733845,0.21364985163204747,0.7718223583460949,0.33466135424207843
0.25619954581083476,0.3488372093023256,0.3215926493108729,0.33466135408249903
0.12209488078641428,0.21404109589041095,0.7656967840735069,0.3345600531881294
0.12186546511181713,0.21391972672929122,0.7672281776416539,0.3345575956523364
0.12137534389845653,0.21367884451996602,0.7702909647779479,0.33455271000253106
0.12102431681741048,0.2135593220338983,0.7718223583460949,0.3345502817713396
0.122058895941563,0.2139495079161318,0.7656967840735069,0.33444816019372026
0.12180653741908005,0.21382842509603073,0.7672281776416539,0.33444592756296804
0.12133879517502767,0.21358811040339704,0.7702909647779479,0.3344414890217808
0.12101945093645973,0.21346886912325286,0.7718223583460949,0.33443928300496095
0.25571397680460917,0.3482587064676617,0.3215926493108729,0.3343949039593911
0.12205604924392044,0.21385799828913601,0.7656967840735069,0.3343363420191
0.12133652235908018,0.21349745331069608,0.7702909647779479,0.33433034196657435
0.121007288081617,0.21337849280270957,0.7718223583460949,0.3343283578696048
0.1219869225546914,0.21376656690893545,0.7656967840735069,0.3342245985892489
0.12099205027665147,0.21328819297503174,0.7718223583460949,0.33421750629203073
0.2556157010428293,0.347682119205298,0.3215926493108729,0.33412887778238276
0.12197767039385368,0.21367521367521367,0.7656967840735069,0.3341129298292474
0.12098287499367048,0.2131979695431472,0.7718223583460949,0.3341067281990954
0.12193727885983284,0.21358393848782573,0.7656967840735069,0.334001335664276
0.12092627714829106,0.213107822410148,0.7718223583460949,0.33399602351775254
0.1207958220902162,0.21301775147928995,0.7718223583460949,0.3338853921750526
0.25658120172562066,0.34891485809682804,0.32006125574272587,0.33386581419741573
0.2554762503273743,0.34710743801652894,0.3215926493108729,0.3338632745404736
0.12076129537035911,0.21292775665399238,0.7718223583460949,0.3337748340981424
0.12074400230620227,0.21283783783783783,0.7718223583460949,0.3336643492142657
0.12035438472886459,0.21272114574557707,0.7733537519142419,0.3336636930874585
0.2564606581359169,0.34833333333333333,0.32006125574272587,0.333599361033217
0.12072403788783546,0.21274799493457155,0.7718223583460949,0.3335539374507622
0.12033115230988242,0.21263157894736842,0.7733537519142419,0.33355350032220743
0.12067383597202969,0.21265822784810126,0.7718223583460949,0.33344359873506774
0.12032910360189099,0.21254208754208753,0.7733537519142419,0.33344338031546744
0.12027325375631755,0.2124526714345814,0.7733537519142419,0.33333333299520074
0.12063164497686905,0.21256853648249685,0.7718223583460949,0.3333333329947145
0.12018492360563773,0.21236333052985704,0.7733537519142419,0.33322335828946403
0.12048245865206987,0.21247892074198987,0.7718223583460949,0.33322314015733007
0.12018152460526954,0.21227406473308114,0.7733537519142419,0.3331134561264091
0.1204136568338968,0.21238938053097345,0.7718223583460949,0.3331130201506379
0.12016344984698729,0.21218487394957983,0.7733537519142419,0.3330036264342828
0.12013970733550977,0.2120957580848383,0.7733537519142419,0.33289386914142616
0.12004613809170953,0.21200671704450041,0.7733537519142419,0.3327841841762749
0.12004521787287395,0.21191775073436844,0.7733537519142419,0.33267457146735896
0.11999145034296546,0.2118288590604027,0.7733537519142419,0.33256503094330236
0.2566558530761038,0.34782608695652173,0.31852986217457885,0.33253397232270904
0.11998516580432482,0.21174004192872117,0.7733537519142419,0.3324555625328232
0.11991000580432543,0.21165129924559933,0.7733537519142419,0.33234616616473334
0.1199079454525804,0.21156263091746963,0.7733537519142419,0.3322368417679382
0.11987159456942535,0.21147403685092128,0.7733537519142419,0.33212758927143704
0.11987037818022038,0.2113855169526999,0.7733537519142419,0.33201840860432213
0.11983568243637573,0.2112970711297071,0.7733537519142419,0.3319092996957791
0.1196682491122088,0.2112086992890004,0.7733537519142419,0.3318002624750866
0.25696053121062745,0.34789915966386553,0.3169984686064318,0.3317307687318491
0.259180847826649,0.3516295025728988,0.31393568147013784,0.3317152098575908
0.1196626039238373,0.21112040133779264,0.7733537519142419,0.3316912968716163
0.11960839217951033,0.21103217718345174,0.7733537519142419,0.3315824028148324
0.11959306249687193,0.2109440267335004,0.7733537519142419,0.331473580234292
0.2568877153825296,0.34731543624161076,0.3169984686064318,0.3314651716387515
0.2590076973195803,0.351027397260274,0.31393568147013784,0.3314470488144094
0.11638711906227163,0.20915295062224007,0.7978560490045942,0.3314249360576503
0.11688685424462605,0.20935861234368697,0.7947932618683001,0.3314176241910255
0.11950722808102664,0.21085594989561587,0.7733537519142419,0.3313648290596443
0.1162964976170345,0.20906902086677367,0.7978560490045942,0.3313195545199257
0.11680665397725924,0.20927419354838708,0.7947932618683001,0.3313118413553159
0.11949786420664488,0.21076794657762937,0.7733537519142419,0.33125614922063107
0.11626394982489359,0.2089851584436422,0.7978560490045942,0.33121423997618565
0.11678169742163744,0.20918984280532044,0.7947932618683001,0.3312061260262023
0.2568677575703604,0.34673366834170855,0.3169984686064318,0.3311999995010035
0.25887835347796156,0.3504273504273504,0.31393568147013784,0.3311793209877767
0.1194931546947822,0.21068001668752606,0.7733537519142419,0.33114754064708607
0.1162512155978885,0.20890136327185244,0.7978560490045942,0.3311089923625656
0.11675581539720968,0.20910556003223207,0.7947932618683001,0.3311004781390849
0.11942335687585777,0.21059216013344453,0.7733537519142419,0.33103900326893504
0.11621555885416851,0.2088176352705411,0.7978560490045942,0.331003811615282
0.11674170359253774,0.2090213451469996,0.7947932618683001,0.33099489762944656
0.11692646577253363,0.2091239402503028,0.7932618683001531,0.33099041500526066
0.11940536093475133,0.21050437682367654,0.7733537519142419,0.33093053701619574
0.2588235484892947,0.34982935153583616,0.31393568147013784,0.33091202532874214
0.11615712971324718,0.20873397435897437,0.7978560490045942,0.3308986976706325
0.11639604797745347,0.20883534136546184,0.7963246554364471,0.3308940499412468
0.11668712978984916,0.20893719806763286,0.7947932618683001,0.3308893844328524
0.11692467305370456,0.20903954802259886,0.7932618683001531,0.33088470104323814
0.1193948946955895,0.21041666666666667,0.7733537519142419,0.33082214181897734
0.11611741454665751,0.20865038045654785,0.7978560490045942,0.3307936504649954
0.11667476046700744,0.20885311871227363,0.7947932618683001,0.33078393848494936
0.11938952154277147,0.21032902957101207,0.7733537519142419,0.33071381760748075
0.11609187300677419,0.20856685348278622,0.7978560490045942,0.3306886699348302
0.11667234352620452,0.2087691069991955,0.7947932618683001,0.33067855972146687
0.11700678828817324,0.2089733225545675,0.7917304747320061,0.3306683719113294
0.25703655970545713,0.3473861720067454,0.31546707503828486,0.3306581054401643
0.2588222604055367,0.3492333901192504,0.31393568147013784,0.33064516079173906
0.11929478120144185,0.21024146544546213,0.7733537519142419,0.33060556431199833
0.11602312117725944,0.20848339335734295,0.7978560490045942,0.3305837560166764
0.11666517477225496,0.20868516284680338,0.7947932618683001,0.330573248078216
0.11696738480703507,0.2088888888888889,0.7917304747320061,0.33056265951618924
0.1177453998485241,0.20930232558139536,0.7856049004594181,0.3305412367811688
0.11924128485536233,0.21015397419891801,0.7733537519142419,0.33049738186291344
0.11595631251759343,0.2084,0.7978560490045942,0.3304789086471545
0.11653289747989212,0.20860128617363344,0.7947932618683001,0.3304680034910893
0.11693174436055162,0.20880452342487885,0.7917304747320061,0.33045701469049304
0.11770757185689476,0.2092169657422512,0.7856049004594181,0.33043478227654094
0.25702870296211133,0.3468013468013468,0.31546707503828486,0.3303929425644713
0.11920288973569368,0.21006655574043262,0.7733537519142419,0.33038927019070075
0.25875397886298157,0.3486394557823129,0.31393568147013784,0.3303787263345707
0.11588028305743757,0.20831667333066772,0.7978560490045942,0.33037412776296526
0.2593183633716467,0.35051546391752575,0.3124042879019908,0.33036437197128815
0.11646230951855648,0.20851747689835276,0.7947932618683001,0.3303628258960615
0.11770208420618235,0.2091316754993885,0.7856049004594181,0.33032839631956573
0.1178722920262459,0.2093404342482589,0.7825421133231241,0.33031674174842796
0.11881527653346598,0.209764170459247,0.776416539050536,0.330293159274199
0.1191596105263383,0.20997920997921,0.7733537519142419,0.3302812292259258
0.11581390062728573,0.2082334132693845,0.7978560490045942,0.3302694133008896
0.117700855031674,0.20904645476772615,0.7856049004594181,0.33022207884405624
0.11778609250149873,0.20915032679738563,0.7840735068912711,0.3302160590032292
0.11785743041266232,0.20925470925470926,0.7825421133231241,0.33021001582214765
0.11877915115200037,0.20967741935483872,0.776416539050536,0.3301856069591991
0.11906484141241075,0.20978441127694858,0.774885145482389,0.330179445015414
0.11915144594663919,0.20989193682460516,0.7733537519142419,0.3301732588992448
0.11553382113902595,0.2080510163411718,0.7993874425727412,0.3301707776608819
0.11577553949028273,0.20815021973631642,0.7978560490045942,0.3301647651977887
0.11702366560248573,0.20865345733926405,0.7901990811638591,0.33013435667524454
0.11765812479956686,0.20896130346232178,0.7856049004594181,0.33011582978391074
0.25839179889975855,0.34804753820033957,0.31393568147013784,0.33011272091839694
0.117756543971499,0.20906492445896285,0.7840735068912711,0.33010960637296105
0.11785656167998626,0.20916905444126074,0.7825421133231241,0.3301033588402642
0.11867201171469396,0.20959073997519637,0.776416539050536,0.33007812466523767
0.11898955313522892,0.209697472026523,0.774885145482389,0.33007175439404873
0.11551544127272471,0.20796812749003984,0.7993874425727412,0.330066392337535
0.11914950536148751,0.2098047361861238,0.7733537519142419,0.3300653591414048
0.11574085736656257,0.20806709265175719,0.7978560490045942,0.3300601833906035
0.11711333383239302,0.2086709886547812,0.7886676875957122,0.3300224283778441
0.11761999593655809,0.20887622149837134,0.7856049004594181,0.3300096490731123
0.11775525291766532,0.2089795918367347,0.7840735068912711,0.3300032223554098
0.11785196630509752,0.20908346972176758,0.7825421133231241,0.3299967707359926
0.11861660784247133,0.20950413223140496,0.776416539050536,0.3299707123239569
0.11887924414966002,0.20961060480530241,0.774885145482389,0.32996413399806407
0.11548944194321267,0.2078853046594982,0.7993874425727412,0.3299620729973255
0.11913981144313138,0.20971760797342193,0.7733537519142419,0.32995752988324323
0.11573282064390421,0.20798403193612774,0.7978560490045942,0.32995566781635527
0.11708966164605397,0.20858647225597407,0.7886676875957122,0.3299167197204241
0.11750512907719407,0.2087912087912088,0.7856049004594181,0.3299035366457293
0.11784527407781653,0.20899795501022495,0.7825421133231241,0.329890251442634
0.11853367266012614,0.2094175960346964,0.776416539050536,0.32986336986708825
0.11547995139647035,0.20780254777070065,0.7993874425727412,0.32985781957771015
0.1188505064359016,0.20952380952380953,0.774885145482389,0.3298565837587914
0.11570724523822061,0.20790103750997604,0.7978560490045942,0.3298512184121445
0.11912517838021418,0.20963055209630552,0.7733537519142419,0.329849771055688
0.2581864592662581,0.3474576271186441,0.31393568147013784,0.3298471435077205
0.11708852065428021,0.20850202429149797,0.7886676875957122,0.3298110787598708
0.11727234572189826,0.2086038961038961,0.7871362940275651,0.32980429867423877
0.11749305352135013,0.20870626525630595,0.7856049004594181,0.3297974924359145
0.11783259176018507,0.2089125102207686,0.7825421133231241,0.3297838008935758
0.11787469207852676,0.20901639344262296,0.781010719754977,0.32977691528280806
0.11852928513051836,0.2093311312964492,0.776416539050536,0.32975609722645177
0.11547941432533625,0.20771985674492638,0.7993874425727412,0.32975363201622476
0.1188376237871134,0.20943708609271522,0.774885145482389,0.32974910360765114
0.1156987008551021,0.20781810929397687,0.7978560490045942,0.32974683511515157
0.11908325618173227,0.2095435684647303,0.7733537519142419,0.329742082589757
0.11707579237803671,0.2084176446782679,0.7886676875957122,0.3297055054311745
0.11725755857773272,0.20851926977687626,0.7871362940275651,0.3296985243641804
0.11747899712403838,0.20862139080927206,0.7856049004594181,0.3296915163779055
0.11780583392114337,0.2088271352676747,0.7825421133231241,0.3296774190222912
0.11544461252280475,0.20763723150357996,0.7993874425727412,0.3296495102504839
0.11849890020362434,0.2092447379281882,0.776416539050536,0.3296488943339561
0.11567152769882733,0.2077352472089314,0.7978560490045942,0.3296425178626364
0.11908313777655498,0.20945665698880134,0.7733537519142419,0.3296344644165584
0.117054438930356,0.20833333333333334,0.7886676875957122,0.32959999966940856
0.11722180934151832,0.20843471208434713,0.7871362940275651,0.329592817879906
0.11747595500688587,0.20853658536585365,0.7856049004594181,0.32958560840602436
0.25791002077239195,0.34686971235194586,0.31393568147013784,0.32958199307037384
0.11828207486218528,0.20905349794238684,0.777947932618683,0.32954914011372677
0.11536607732930136,0.20755467196819086,0.7993874425727412,0.32954545421818104
0.25953201650998137,0.35060449050086356,0.3108728943338438,0.3295454540472585
0.1184486508446211,0.20915841584158415,0.776416539050536,0.3295417611215986
0.11717005146113205,0.20835022294284555,0.7871362940275651,0.3294871791561984
0.11744434699937266,0.20845184884193418,0.7856049004594181,0.32947976845467747
0.1182704633284736,0.20896750308515014,0.777947932618683,0.3294422824158657
0.11529602237534357,0.20747217806041335,0.7993874425727412,0.32944146385708817
0.11844528556717458,0.2090721649484536,0.776416539050536,0.32943469752146487
0.11741043035185418,0.20836718115353373,0.7856049004594181,0.3293739964583557
0.11514379910124502,0.20729290527150218,0.8009188361408882,0.32934508783454647
0.11794023827456016,0.20877768662838392,0.77947932618683,0.3293432542769018
0.11528433353575444,0.20738974970202623,0.7993874425727412,0.32933753910505603
0.11821303828021733,0.20888157894736842,0.777947932618683,0.3293354939936597
0.11841494634691846,0.20898598516075845,0.776416539050536,0.32932770346572876
0.2573617576526733,0.34628378378378377,0.31393568147013784,0.32931726857750554
0.2594532678539624,0.35,0.3108728943338438,0.32927818279453447
0.1173196380439992,0.20828258221680876,0.7856049004594181,0.3292682923516335
0.2605086859979746,0.3519163763066202,0.3093415007656968,0.32925835321030417
0.11512365613663604,0.2072107765451664,0.8009188361408882,0.3292414223992556
0.11788814975652513,0.2086920869208692,0.77947932618683,0.329236739640949
0.11527152645589749,0.2073073868149325,0.7993874425727412,0.3292336799000135
0.11817542052496051,0.20879572544184136,0.777947932618683,0.3292287747797637
0.11840398491033909,0.2088998763906057,0.776416539050536,0.32922077888665224
0.11506572324556115,0.20712871287128712,0.8009188361408882,0.3291378222033828
0.11525274839795704,0.20722508932115918,0.7993874425727412,0.32912988617996786
0.11815668879974439,0.20870994248151192,0.777947932618683,0.32912212470691976
0.11837816838894843,0.20881383855024713,0.776416539050536,0.32911392371658527
0.11471484502478567,0.20695102685624012,0.8024502297090352,0.32904238585926554
0.11505304983888799,0.2070467141726049,0.8009188361408882,0.3290342871853621
0.1152178423572185,0.20714285714285716,0.7993874425727412,0.32902615788300454
0.11811865228179658,0.2086242299794661,0.777947932618683,0.3290155437079571
0.25944130789766073,0.3493975903614458,0.3108728943338438,0.3290113447205028
0.11829650902707124,0.20872787155207906,0.776416539050536,0.3290071378879654
0.2604326113061815,0.35130434782608694,0.3093415007656968,0.3289902275150466
0.11470633708623384,0.20686932491117252,0.8024502297090352,0.3289391082742237
0.11498951278158927,0.2069647803719826,0.8009188361408882,0.32893081728370493
0.11520196414322209,0.20706069020230067,0.7993874425727412,0.3289224949472869
0.118011959070656,0.20853858784893267,0.777947932618683,0.3289090317157923
0.11467643258524327,0.2067876874506709,0.8024502297090352,0.3288358955009704
0.11498123143048791,0.20688291139240506,0.8009188361408882,0.3288274124370001
0.11519491424840178,0.20697858842188738,0.7993874425727412,0.32881889731105635
0.11795596844345921,0.20845301600328273,0.777947932618683,0.32880258866342815
0.11467208187735341,0.2067061143984221,0.8024502297090352,0.32873274747851594
0.11483321945990542,0.20680110715697905,0.8009188361408882,0.3287240725839137
0.2602746731273052,0.3506944444444444,0.3093415007656968,0.32872253815127106
0.11462057123016048,0.20662460567823343,0.8024502297090352,0.3286296641459469
0.11474311887240043,0.2067193675889328,0.8009188361408882,0.32862079766318847
0.1145190994749626,0.20654316121403232,0.8024502297090352,0.32852664544242666
0.11472167150423865,0.20663769261161596,0.8009188361408882,0.32851758761364475
0.26005347654656213,0.35008665511265163,0.3093415007656968,0.3284552840547545
0.11445012608664688,0.20646178092986603,0.8024502297090352,0.32842369130719434
0.11443244245846498,0.20638046474990154,0.8024502297090352,0.3283208016795657
0.11417906368965564,0.20620581304006286,0.8039816232771823,0.3282275707910562
0.11438641990734891,0.2062992125984252,0.8024502297090352,0.32821797649893203
0.25968322197032134,0.3494809688581315,0.3093415007656968,0.32818846416473174
0.2607539270532568,0.3513986013986014,0.30781010719754975,0.3281632648083086
0.11414342104653057,0.2061248527679623,0.8039816232771823,0.32812499967515796
0.11428198763411296,0.20621802439984258,0.8024502297090352,0.3281152157047609
0.11412347143707173,0.20604395604395603,0.8039816232771823,0.32802249264618
0.11426832165151436,0.20613690007867821,0.8024502297090352,0.3280125192365955
0.11410726098750783,0.20596312279325227,0.8039816232771823,0.32792004964407845
0.11421276610282077,0.2060558395595753,0.8024502297090352,0.32790988703405477
0.2606503934924377,0.3507853403141361,0.30781010719754975,0.3278955949344291
0.11405023504319847,0.20588235294117646,0.8039816232771823,0.3278176706088841
0.11419456735310289,0.2059748427672956,0.8024502297090352,0.3278073190368332
0.11400900484806871,0.2058016464131713,0.8039816232771823,0.32771535548070313
0.11418170543059804,0.20589390962671905,0.8024502297090352,0.32770481518470057
0.11398629751719487,0.20572100313479624,0.8039816232771823,0.32761310419971595
0.11398330903804345,0.2056404230317274,0.8039816232771823,0.32751091670617805
0.11396608144742267,0.20555990602975724,0.8039816232771823,0.327408792940419
0.11394208855742169,0.2054794520547945,0.8039816232771823,0.3273067328428431
0.11095377315880309,0.20417457305502845,0.8238897396630934,0.32725060795418875
0.11393590406100697,0.20539906103286384,0.8039816232771823,0.327204736353929
0.11094813198293965,0.20409711684370258,0.8238897396630934,0.32715110944156095
0.1138468709677067,0.2053187328901056,0.8039816232771823,0.32710280341422915
0.11094088190983352,0.20401971937808117,0.8238897396630934,0.3270516714143511
0.2623890641116949,0.3528368794326241,0.30474732006125577,0.32703368890283846
0.11379192340599378,0.2052384675527756,0.8039816232771823,0.3270009339643702
0.11084393195183513,0.20385779122541603,0.8254211332312404,0.32696390626407784
0.11090874843229445,0.20394238059135708,0.8238897396630934,0.3269522938174222
0.11378728313219215,0.205158264947245,0.8039816232771823,0.3268991279450529
0.11083535887662772,0.20378071833648392,0.8254211332312404,0.3268647662075762
0.11090256138190799,0.20386510041682457,0.8238897396630934,0.32685297659570406
0.11096631158034787,0.20394986707178123,0.8223583460949464,0.32684114392986324
0.11365847798604965,0.205078125,0.8039816232771823,0.32679738529705177
0.2609347914728042,0.3502626970227671,0.30627871362940273,0.3267973851231591
0.11079997120848442,0.2037037037037037,0.8254211332312404,0.32676568625417035
0.26232943200030284,0.35221238938053095,0.30474732006125577,0.3267651883367644
0.11089949029942735,0.2037878787878788,0.8238897396630934,0.3267537196941935
0.11096563005997619,0.20387243735763097,0.8223583460949464,0.3267417094473537
0.11115612299974714,0.2039573820395738,0.8208269525267994,0.3267296552739793
0.11362214506603531,0.20499804763764154,0.8039816232771823,0.3266957059612149
0.11075041724681635,0.20362674726105023,0.8254211332312404,0.3266666663492211
0.11087802988002528,0.2037107156380159,0.8238897396630934,0.32665452305795395
0.11112755972127776,0.20387980220616203,0.8208269525267994,0.32663010327661396
0.11359099160332851,0.20491803278688525,0.8039816232771823,0.32659408987846417
0.11074211882824805,0.2035498489425982,0.8254211332312404,0.3265677064381555
0.11087739946158211,0.2036336109008327,0.8238897396630934,0.32655538663211586
0.11112391698044395,0.20380228136882128,0.8208269525267994,0.32653061192621624
0.26226485823592266,0.35159010600706714,0.30474732006125577,0.3264971282966404
0.11355452563479382,0.20483808037456105,0.8039816232771823,0.3264925369897947
0.11071717591451263,0.20347300868252172,0.8254211332312404,0.3264688064664667
0.11086480668453456,0.2035565645100265,0.8238897396630934,0.326456310361876
0.1110796787641603,0.20372481946028126,0.8208269525267994,0.3264311811673839
0.11349151015872391,0.2047581903276131,0.8039816232771823,0.32639104723627516
0.11060830327705203,0.20339622641509433,0.8254211332312404,0.3263699663797139
0.11104443118089319,0.20364741641337386,0.8208269525267994,0.32633181094478225
0.11346301313991729,0.2046783625730994,0.8039816232771823,0.3262896205590475
0.11054058676730617,0.2033195020746888,0.8254211332312404,0.326271186123522
0.26210104666972595,0.3509700176366843,0.30474732006125577,0.3262295076992059
0.11268536012547542,0.2043343653250774,0.8085758039816233,0.3262279885565213
0.11126570590704307,0.20365435858393605,0.8192955589586524,0.3262195118762211
0.11163512262979165,0.20382409177820268,0.8162327718223583,0.32619339013309673
0.11343911279942893,0.20459859703819175,0.8039816232771823,0.3261882568993267
0.11053028536083813,0.20324283559577677,0.8254211332312404,0.3261724656435821
0.11245728636822933,0.20416827479737554,0.8101071975497703,0.32614056687943616
0.1126754280046253,0.20425531914893616,0.8085758039816233,0.3261272387144465
0.11296255486488685,0.20434276851492827,0.8070444104134763,0.32611386106369644
0.11160261351443479,0.2037461773700306,0.8162327718223583,0.32609360628781897
0.11340569133260947,0.2045188936501753,0.8039816232771823,0.3260869561984007
0.11048742939766702,0.20316622691292877,0.8254211332312404,0.32607380488565046
0.11236912731554369,0.2040895061728395,0.8101071975497703,0.3260400613118058
0.11267264036446394,0.20417633410672853,0.8085758039816233,0.3260265510828332
0.11294102131007973,0.20426356589147288,0.8070444104134763,0.3260129907076354
0.11155238451733057,0.20366832250668704,0.8162327718223583,0.32599388347241604
0.11339297093923967,0.2044392523364486,0.8039816232771823,0.3259857183976306
0.11048127243607403,0.20308967596081387,0.8254211332312404,0.3259752037955497
0.26187652575540254,0.3503521126760563,0.30474732006125577,0.3259623254647491
0.11234099890332575,0.2040107983031238,0.8101071975497703,0.3259396176699719
0.11257281374735725,0.20409741012756089,0.8085758039816233,0.3259259256040789
0.11289963499032919,0.20418442464161177,0.8070444104134763,0.32591218273274697
0.11133938621898909,0.2035060975609756,0.8177641653905053,0.3259078422197874
0.1114704517808304,0.20359052711993889,0.8162327718223583,0.3258942216309143
0.11336712603974262,0.20435967302452315,0.8039816232771823,0.32588454343844997
0.11044089012375788,0.20301318267419963,0.8254211332312404,0.32587666231916707
0.1123071042824732,0.20393215111796453,0.8101071975497703,0.3258392358967194
0.11253329198339027,0.20401854714064915,0.8085758039816233,0.3258253622206523
0.1127603355717152,0.20410534469403563,0.8070444104134763,0.32581143708118154
0.11132850447277756,0.20342857142857143,0.8177641653905053,0.3258084194491044
0.11309030419921456,0.20419254658385094,0.8055130168453293,0.3257974601914252
0.11145610759712984,0.20351279114165713,0.8162327718223583,0.32579462070740867
0.11334013837705788,0.20428015564202334,0.8039816232771823,0.32578343126236536
0.11171108638039265,0.20359739762724838,0.8147013782542113,0.32578077126611144
0.11043452541950328,0.2029367469879518,0.8254211332312404,0.325778180402456
0.1122981249274563,0.20385356454720616,0.8101071975497703,0.3257389159349036
0.11252041618169048,0.20393974507531865,0.8085758039816233,0.32572486087509345
0.11268689709459355,0.2040263259775455,0.8070444104134763,0.3257107536951609
0.11132386251392541,0.20335110434120335,0.8177641653905053,0.3257090573205504
0.11307653913066,0.20411331005044625,0.8055130168453293,0.32569659410465335
0.26136390213669053,0.34973637961335674,0.30474732006125577,0.3256955805170925
0.11142856577451044,0.2034351145038168,0.8162327718223583,0.3256950806460621
0.11326854581817924,0.20420070011668612,0.8039816232771823,0.3256823818109559
0.11164064972532017,0.2035195103289977,0.8147013782542113,0.32568105263392716
0.11043201297735879,0.20286036883703426,0.8254211332312404,0.32567975799143467
0.26243442832619046,0.35168738898756663,0.30321592649310875,0.3256578942395811
0.11227202370544433,0.20377503852080123,0.8101071975497703,0.3256386577274504
0.11247938200696,0.20386100386100386,0.8085758039816233,0.3256244215100129
0.11296756493601288,0.20403413498836306,0.8055130168453293,0.32559579045433257
0.11137051436153311,0.20335749713849677,0.8162327718223583,0.3255956013911062
0.11041292014808365,0.20278404815650866,0.8254211332312404,0.32558139503218697
0.11326482256457683,0.2041213063763608,0.8039816232771823,0.32558139502587274
0.11186392628022948,0.20352625527021848,0.8131699846860643,0.32556713640571433
0.1119846046849175,0.20361121782558586,0.8116385911179173,0.3255528252321627
0.11222497310014111,0.20369657296881016,0.8101071975497703,0.3255384612173555
0.11136029081441047,0.2032799389778795,0.8162327718223583,0.32549618288684046
0.11037798791892525,0.2027077848815344,0.8254211332312404,0.32548309147086146
0.11320474698257736,0.20404197434900895,0.8039816232771823,0.3254804708488399
0.11179110326995399,0.20344827586206896,0.8131699846860643,0.32546736100378787
0.11198267005887551,0.20353302611367127,0.8116385911179173,0.32545287041935567
0.11218314339148347,0.20361816782140107,0.8101071975497703,0.3254383263476852
0.261213158780651,0.34912280701754383,0.30474732006125577,0.32542927178357844
0.11134813212360074,0.20320243995425086,0.8162327718223583,0.3253968250776321
0.11033850222392101,0.2026315789473684,0.8254211332312404,0.325384847253672
0.1132004515994003,0.20396270396270397,0.8039816232771823,0.32537960922165343
0.11177827468402302,0.20337035618536958,0.8131699846860643,0.32536764673875
0.11195354893423766,0.2034548944337812,0.8116385911179173,0.32535297696616367
0.11212777322971855,0.20353982300884957,0.8101071975497703,0.3253382530615757
0.1103338625564455,0.2025554302893649,0.8254211332312404,0.3252866623268974
0.11309673371942403,0.20388349514563106,0.8039816232771823,0.3252788100861815
0.11176029088810374,0.20329249617151607,0.8131699846860643,0.3252679935544257
0.1119475238505802,0.20337682271680738,0.8116385911179173,0.32525314481610335
0.11207316543607211,0.20346153846153847,0.8101071975497703,0.3252382413022329
0.11027976925150956,0.2024793388429752,0.8254211332312404,0.32518853663688096
0.11193549604045216,0.2032988108937476,0.8116385911179173,0.3251533739127609
0.11206276198737719,0.20338331410995772,0.8101071975497703,0.3251382910129327
0.11027896816065703,0.20240330454374766,0.8254211332312404,0.32509047013003095
0.11190593628203402,0.20322085889570551,0.8116385911179173,0.32505366419979154
0.11202694881471097,0.20330514988470408,0.8101071975497703,0.32503840213702073
0.1102613736669129,0.20232732732732733,0.8254211332312404,0.32499246275282034
0.11026041194891809,0.2022514071294559,0.8254211332312404,0.3248945144517865
0.11025022396639443,0.2021755438859715,0.8254211332312404,0.32479662517353125
0.11024053547699145,0.2020997375328084,0.8254211332312404,0.32469879486472075
0.110175629240302,0.202023988005997,0.8254211332312404,0.3246010234720853
0.11014651814265598,0.20194829524166355,0.8254211332312404,0.3245033109424197
0.11011853855459064,0.20187265917602995,0.8254211332312404,0.32440565722258224
0.11008488385282293,0.2017970797454137,0.8254211332312404,0.3243080622594957
0.26253958619991424,0.3505338078291815,0.3016845329249617,0.3242798348937513
0.11006598547104192,0.20172155688622753,0.8254211332312404,0.32421052600014627
0.11004850461394623,0.20164609053497942,0.8254211332312404,0.32411304839158434
0.10999086255437497,0.20157068062827224,0.8254211332312404,0.32401562938092343
0.1099742911525077,0.20149532710280374,0.8254211332312404,0.32391826891534115
0.10994387489599153,0.20142002989536623,0.8254211332312404,0.32382096694207824
0.1096446364143213,0.20126723816623182,0.8269525267993875,0.32374100687938867
0.10985055646434937,0.20134478894284646,0.8254211332312404,0.3237237234084388
0.1096141158588867,0.20119225037257824,0.8269525267993875,0.3236439912944454
0.10977885839150675,0.20126960418222553,0.8254211332312404,0.3236265382617906
0.1096126688846984,0.2011173184357542,0.8269525267993875,0.3235470338374738
0.10972403114459048,0.20119447555057857,0.8254211332312404,0.3235294114495641
0.10959701623753204,0.20104244229337304,0.8269525267993875,0.32345013445624765
0.10969776244892887,0.20111940298507464,0.8254211332312404,0.32343234291925316
0.10957315956081792,0.20096762188314105,0.8269525267993875,0.32335329309860317
0.10966301885362066,0.2010443864229765,0.8254211332312404,0.3233353326184146
0.10803353228761395,0.20036697247706423,0.8361408882082695,0.3232682057271943
0.10954704425676728,0.20089285714285715,0.8269525267993875,0.3232565097124389
0.10966007117230975,0.20096942580164057,0.8254211332312404,0.3232383804946679
0.10876375413893662,0.20059106021425932,0.8315467075038285,0.3232142854011354
0.10645163194698729,0.1997828447339848,0.8453292496171516,0.32318501140036704
0.10803221815034222,0.20029347028613353,0.8361408882082695,0.32317253594151757
0.1095327750695327,0.20081814801041278,0.8269525267993875,0.3231597842457157
0.10872772872348366,0.20051698670605614,0.8315467075038285,0.32311811929418016
0.1064290213986112,0.19971056439942114,0.8453292496171516,0.3230904298927658
0.10802562631175365,0.2002200220022002,0.8361408882082695,0.32307692276518135
0.10948181386636814,0.20074349442379183,0.8269525267993875,0.3230631166464569
0.10600581191465397,0.19949585884047533,0.8483920367534457,0.32303206966257575
0.10871536464553531,0.20044296788482835,0.8315467075038285,0.32302201039490297
0.10758694409308073,0.20007315288953914,0.8376722817764165,0.32299970444221776
0.10639734429028908,0.1996383363471971,0.8453292496171516,0.3229959037283522
0.10783245527739899,0.2001466275659824,0.8361408882082695,0.3229813661479557
0.10573436305473922,0.1992831541218638,0.8514548238897397,0.32297415014281033
0.10944547258917608,0.20066889632107024,0.8269525267993875,0.32296650686274797
0.10599571006965641,0.1994240460763139,0.8483920367534457,0.322937918665859
0.10859616329477044,0.2003690036900369,0.8315467075038285,0.3229259586522713
0.10745728307671966,0.2,0.8376722817764165,0.3229043680477323
0.10638610105142178,0.19956616052060738,0.8453292496171516,0.3229014328585653
0.26256055686041846,0.3493761140819964,0.3001531393568147,0.32289950526893413
0.10769463881913789,0.20007328691828508,0.8361408882082695,0.32288586603966996
0.10563384348618325,0.19921175206019348,0.8514548238897397,0.32288037135354947
0.10938627644283914,0.20059435364041606,0.8269525267993875,0.3228699548427363
0.10598886726345996,0.19935228499460236,0.8483920367534457,0.32284382253569055
0.1085574965767212,0.20029509406123203,0.8315467075038285,0.32282996401531305
0.10745446948151453,0.19992690058479531,0.8376722817764165,0.32280908791550394
0.10632032096631215,0.19949403686302855,0.8453292496171516,0.3228070172349012
0.10768205277603371,0.2,0.8361408882082695,0.3227904223902126
0.10650364126078822,0.19956537486417963,0.8437978560490046,0.3227885175582309
0.10561232217847233,0.1991404011461318,0.8514548238897397,0.3227866470077075
0.10937574641539873,0.2005198663200891,0.8269525267993875,0.32277346053463146
0.10804411271214867,0.2000734214390602,0.8346094946401225,0.3227716905379145
0.10580850836753801,0.19921033740129218,0.8499234303215927,0.3227682462756569
0.10597514830646561,0.19928057553956835,0.8483920367534457,0.32274978122412395
0.10850305905590858,0.2002212389380531,0.8315467075038285,0.32273402643311666
0.10885025136357154,0.20029563932002956,0.8300153139356815,0.32271509346468896
0.10745223540270127,0.19985385458531238,0.8376722817764165,0.3227138639957429
0.10627634163821777,0.1994219653179191,0.8453292496171516,0.3227126568089123
0.10766346553615126,0.19992676675210547,0.8361408882082695,0.3226950351495316
0.10646557865173935,0.19949312092686458,0.8437978560490046,0.3226939967624384
0.10547466878656894,0.19906910132474043,0.8514548238897397,0.3226929770578875
0.10935769128881072,0.20044543429844097,0.8269525267993875,0.3226770238867046
0.10580758136735058,0.1991388589881593,0.8499234303215927,0.3226744182970675
0.10595789569890943,0.1992089176555196,0.8483920367534457,0.3226557946832688
0.1083991239812972,0.20014743826022852,0.8315467075038285,0.32263814585483136
0.10608007274126154,0.19927927927927927,0.8468606431852986,0.3226371058759568
0.10712521144675041,0.1997808619430241,0.8376722817764165,0.3226186962387185
0.10625032723222935,0.19934994582881907,0.8453292496171516,0.32261835153220814
0.10891656817361993,0.20029618659755646,0.8284839203675345,0.3225998804258404
0.10764105507618077,0.19985358711566617,0.8361408882082695,0.32259970426763374
0.10547267019212095,0.19899785254115962,0.8514548238897397,0.32259936145674756
0.105799701536902,0.1990674318507891,0.8499234303215927,0.3225806448537751
0.10935178049072751,0.20037105751391465,0.8269525267993875,0.32258064484728927
0.10595700284498155,0.199137311286844,0.8483920367534457,0.32256186286529054
0.10814426538970556,0.2,0.8330781010719756,0.32256151762432156
0.10602778382648426,0.19920749279538905,0.8468606431852986,0.32254301514806283
0.10837788799811314,0.20007369196757555,0.8315467075038285,0.3225423222296665
0.1052600473226809,0.19885755087468762,0.8529862174578867,0.3225246088421851
0.10624826482892344,0.19927797833935018,0.8453292496171516,0.32252410135645443
0.10711270218338788,0.19970792259948886,0.8376722817764165,0.3225235845947584
0.10544882656191569,0.19892665474060822,0.8514548238897397,0.32250580015700026
0.10763200696122219,0.19978046103183314,0.8361408882082695,0.32250442969458526
0.10890269758078991,0.20022205773501112,0.8284839203675345,0.32250372546891004
0.10579491453340097,0.19899605593402653,0.8499234303215927,0.32248692589824757
0.1093511293414038,0.20029673590504452,0.8269525267993875,0.32248432336478006
0.1059351570373212,0.19906575637800933,0.8483920367534457,0.32246798572241
0.10814329575663204,0.19992649761117237,0.8330781010719756,0.32246591551474857
0.10828755173076883,0.2,0.8315467075038285,0.32244655550689194
0.10523917248984895,0.19878658101356175,0.8529862174578867,0.32243125873830275
0.10617988748008399,0.19920606279321545,0.8453292496171516,0.32242990623337336
0.10706609497439631,0.19963503649635037,0.8376722817764165,0.32242852901424884
0.10540754607094606,0.1988555078683834,0.8514548238897397,0.32241229311141356
0.10885220994084888,0.2001479837217906,0.8284839203675345,0.3224076278152912
0.10652145493594786,0.19934758970641536,0.8422664624808576,0.322391558893302
0.10918959193134165,0.20022246941045607,0.8269525267993875,0.3223880593876336
0.10587954265944609,0.19899425287356323,0.8483920367534457,0.3223741632069038
0.10812165043363574,0.19985304922850844,0.8330781010719756,0.3223703700582775
0.1047770847158651,0.19864720541117836,0.8545176110260337,0.3223570187580407
0.10825396347861888,0.19992636229749633,0.8315467075038285,0.3223508456358376
0.10520810681230496,0.19871566179093827,0.8529862174578867,0.32233796265647113
0.10617307582809349,0.19913419913419914,0.8453292496171516,0.32233576611474396
0.10705830049341962,0.19956220357533747,0.8376722817764165,0.3223335294476347
0.1053348145565678,0.19878441186986057,0.8514548238897397,0.32231884027280977
0.10885096606552679,0.20007396449704143,0.8284839203675345,0.32231158741377464
0.1065119343106421,0.19927536231884058,0.8422664624808576,0.32229709901666376
0.10913137652319271,0.20014825796886582,0.8269525267993875,0.3222918528643678
0.10585960675215997,0.19892280071813284,0.8483920367534457,0.32228039527110425
0.10661206211469931,0.19934640522875818,0.8407350689127105,0.3222776633238372
0.10811660611014115,0.19977965479250825,0.8330781010719756,0.3222748812045651
0.10472770282167013,0.19857651245551602,0.8545176110260337,0.3222639327000478
0.10817428769638665,0.19985277880014723,0.8315467075038285,0.3222551925658937
0.10515408575462457,0.19864479315263908,0.8529862174578867,0.3222447205498099
0.1061674571599218,0.1990623873061666,0.8453292496171516,0.32224168095240086
0.10705068753669397,0.19948942377826404,0.8376722817764165,0.3222385858454192
0.10531056058611424,0.19871336669049322,0.8514548238897397,0.322225441594066
0.10885041927960974,0.2,0.8284839203675345,0.32221560421321205
0.10909000446021373,0.20007410151908114,0.8269525267993875,0.3221957037435622
0.10659497849695473,0.19927404718693284,0.8407350689127105,0.3221830982817605
0.10468540035869327,0.19850586979722518,0.8545176110260337,0.32217090038689217
0.10673835381728916,0.19934521644234268,0.8392036753445635,0.322163432964339
0.1081661706212786,0.1997792494481236,0.8315467075038285,0.32215959624651036
0.10496862622955595,0.19857397504456328,0.8529862174578867,0.3221515323714927
0.10610679608107287,0.19899062725306416,0.8453292496171516,0.3221476506982353
0.10702609858880502,0.1994166970470288,0.8376722817764165,0.3221436981581638
0.10528089585584072,0.1986423722758128,0.8514548238897397,0.32213209702811424
0.10908621302880038,0.2,0.8269525267993875,0.32209961197385767
0.10656506977357927,0.19920174165457186,0.8407350689127105,0.3220885887193214
0.10466968067711535,0.1984352773826458,0.8545176110260337,0.32207792177204136
0.10668015746558349,0.19927272727272727,0.8392036753445635,0.32206876254616734
0.10814653003335091,0.19970577418168445,0.8315467075038285,0.32206405662719795
0.10495050242521846,0.1985032074126871,0.8529862174578867,0.3220583980747472
0.10702527135637242,0.19934402332361517,0.8376722817764165,0.32204886633648816
0.2630410735806768,0.34946236559139787,0.2986217457886677,0.32204789380530663
0.10526302422574436,0.19857142857142857,0.8514548238897397,0.3220388065279406
0.10656155733809727,0.19912948857453755,0.8407350689127105,0.32199413458771065
0.10455392678346023,0.1983647351581941,0.8545176110260337,0.3219849968090169
0.1066642820648608,0.19920029080334423,0.8392036753445635,0.3219741477510382
0.10493024061232531,0.19843249020306378,0.8529862174578867,0.32196531761285524
0.10699880971971086,0.19927140255009107,0.8376722817764165,0.32195409033107014
0.10655990857489411,0.1990572878897752,0.8407350689127105,0.32189973583817644
0.10450011475319085,0.19829424307036247,0.8545176110260337,0.32189212545139356
0.10666326918994473,0.19912790697674418,0.8392036753445635,0.3218795885299443
0.10487316469836908,0.19836182336182337,0.8529862174578867,0.3218722909391528
0.10685865591659072,0.19919883466860888,0.8376722817764165,0.3218593700926457
0.10442313995474505,0.19822380106571935,0.8545176110260337,0.3217993076528
0.10662463903164932,0.1990555757355612,0.8392036753445635,0.32178508483393625
0.2627740912393504,0.3488372093023256,0.2986217457886677,0.3217821777208294
0.10681882086759553,0.19912631962140517,0.8376722817764165,0.3217647055720084
0.10440694315763793,0.1981534090909091,0.8545176110260337,0.3217065433669183
0.10678156837475723,0.19905385735080058,0.8376722817764165,0.32167009672001023
0.10416600630959517,0.19801629472192703,0.8560490045941807,0.32163406183525445
0.10438185955116158,0.19808306709265175,0.8545176110260337,0.3216138325474838
0.10411583055001009,0.19794617563739378,0.8560490045941807,0.32154155851000116
0.1043301330467979,0.1980127750177431,0.8545176110260337,0.3215211751482852
0.26270206509251787,0.3482142857142857,0.2986217457886677,0.3215168997502598
0.10410826631801838,0.19787610619469026,0.8560490045941807,0.32144910837814933
0.10432502506813134,0.19794253281305427,0.8545176110260337,0.32142857112316453
0.2640328383105203,0.3521897810218978,0.29555895865237364,0.3213988338085678
0.10402016693861202,0.19780608634111818,0.8560490045941807,0.3213567113938295
0.10430918500098856,0.19787234042553192,0.8545176110260337,0.32133602042601683
0.10210401283254406,0.19721254355400697,0.8667687595712098,0.32131705902244434
0.10391623531216562,0.19773611602405378,0.8560490045941807,0.32126436751122484
0.10422585751095793,0.1978021978021978,0.8545176110260337,0.32124352301079034
0.102097694027446,0.1971438523162661,0.8667687595712098,0.3212258793802505
0.1038946710720105,0.19766619519094766,0.8560490045941807,0.3211720766845711
0.10422286061694075,0.19773210489014884,0.8545176110260337,0.32115107883148636
0.10208745845407284,0.19707520891364902,0.8667687595712098,0.321134751471187
0.2637493382166453,0.35154826958105645,0.29555895865237364,0.3211314470910975
0.10386850771774266,0.19759632378932485,0.8560490045941807,0.3210798388681568
0.10196875399930552,0.19700661329620606,0.8667687595712098,0.3210436752512381
0.10382120484462593,0.19752650176678446,0.8560490045941807,0.32098765401632257
0.10181502721355583,0.19693806541405706,0.8667687595712098,0.3209526506764381
0.10217216803029636,0.19700139470013947,0.8652373660030628,0.3209315532337998
0.26328776456741915,0.3489208633093525,0.29709035222052066,0.32092638494573306
0.10380840779220826,0.19745672907099965,0.8560490045941807,0.3208955220834619
0.10300517028426914,0.19719298245614036,0.8606431852986217,0.3208678272730384
0.2637475504589795,0.3509090909090909,0.29555895865237364,0.32086450490682406
0.10177204154855168,0.1968695652173913,0.8667687595712098,0.3208616777028709
0.10212321174532209,0.1969327291739282,0.8652373660030628,0.3208404312709086
0.10378490354187857,0.1973870056497175,0.8560490045941807,0.3208034430240203
0.10273018718944671,0.19705985299264964,0.8621745788667687,0.32079772049486266
0.10300229003348671,0.1971238162048404,0.8606431852986217,0.32077625540450455
0.10176044743602683,0.19680111265646733,0.8667687595712098,0.3207707562866704
0.10377421426201026,0.19731733145075891,0.8560490045941807,0.320711416792496
0.10266186911072364,0.19699090272918124,0.8621745788667687,0.320706351164027
0.1029064263459062,0.197054698457223,0.8606431852986217,0.3206847357881069
0.10174499301375464,0.1967327076816128,0.8667687595712098,0.3206798863840202
0.2631098603271837,0.348294434470377,0.29709035222052066,0.3206611565279407
0.1037696345104922,0.19724770642201836,0.8560490045941807,0.32061944334343867
0.10260952063524234,0.1969220006995453,0.8621745788667687,0.32061503386583984
0.26371465915444126,0.3502722323049002,0.29555895865237364,0.3205980061481068
0.1028493987568308,0.19698562916228532,0.8606431852986217,0.32059326837913443
0.10174357307639445,0.19666435024322446,0.8667687595712098,0.32058906795115344
0.10226978481657711,0.19678995115143055,0.8637059724349158,0.3205456092459069
0.1037688364310856,0.19717813051146385,0.8560490045941807,0.3205275226314508
0.10259604813007137,0.19685314685314687,0.8621745788667687,0.32052376855586695
0.10283598462538833,0.19691660826909602,0.8606431852986217,0.3205018531329273
0.10166921895039621,0.19659604029176797,0.8667687595712098,0.32049830094435294
0.10217919532649124,0.19672131147540983,0.8637059724349158,0.32045454515235156
0.10375716102269728,0.1971086036671368,0.8560490045941807,0.3204356546111867
0.10256682491549157,0.19678434113946172,0.8621745788667687,0.3204325551897244
0.10282496340403577,0.1968476357267951,0.8606431852986217,0.3204104900048764
0.1016598217617745,0.19652777777777777,0.8667687595712098,0.32040758531995084
0.10303770937763956,0.1969111969111969,0.8591117917304747,0.32038834921117165
0.10374871704765416,0.1970391258371519,0.8560490045941807,0.3203438392373525
0.10246768124304326,0.19671558350803633,0.8621745788667687,0.32034139372307896
0.2636321985842828,0.3496376811594203,0.29555895865237364,0.3203319497109816
0.10282419721087735,0.19677871148459383,0.8606431852986217,0.3203191789504238
0.1016490191018249,0.196459562651857,0.8667687595712098,0.32031692103432885
0.1033091007675133,0.19690576652601968,0.8575803981623277,0.3202745207142897
0.26406402354336345,0.3516483516483517,0.29402756508422667,0.32026688857821056
0.10369220904801829,0.19696969696969696,0.8560490045941807,0.3202520764647065
0.10234636073548557,0.1966468739084876,0.8621745788667687,0.3202502841116477
0.10162324360606564,0.1963913948646773,0.8667687595712098,0.3202263080439179
0.10329219174976104,0.1968365553602812,0.8575803981623277,0.32018296138873686
0.10360548008266596,0.19690031701303276,0.8560490045941807,0.3201603662480585
0.10230031443539192,0.1965782122905028,0.8621745788667687,0.32015922631119825
0.10158074147752774,0.19632327436697883,0.8667687595712098,0.32013574630519837
0.10329122715567735,0.19676739283204497,0.8575803981623277,0.32009145439775133
0.10360458078976711,0.19683098591549295,0.8560490045941807,0.32006870854227043
0.10230025859015492,0.19650959860383943,0.8621745788667687,0.32006822027754844
0.26361548669597024,0.34900542495479203,0.29555895865237364,0.3200663344951459
0.1015215156653372,0.19625520110957004,0.8667687595712098,0.32004523577469984
0.10314669114516192,0.19669827889005972,0.8575803981623277,0.31999999969647497
0.2690029555893286,0.36015325670498083,0.2879019908116386,0.31999999950621494
0.26405570377294113,0.3510054844606947,0.29402756508422667,0.3199999995039014
0.10360089141198667,0.19676170362548398,0.8560490045941807,0.31997710330225543
0.1015091091036727,0.19618717504332756,0.8667687595712098,0.31995477640900083
0.10309033405943244,0.19662921348314608,0.8575803981623277,0.31990859724010073
0.10355948985043495,0.19669247009148488,0.8560490045941807,0.3198855504829788
0.10140228454107025,0.19611919611919612,0.8667687595712098,0.31986436816472935
0.26357177749840865,0.3483754512635379,0.29555895865237364,0.3198011594039437
0.1035179239796352,0.19662328526204714,0.8560490045941807,0.3197940500394568
0.10137695324153607,0.19605126428818842,0.8667687595712098,0.31977401099856184
0.26898576233780847,0.35946462715105165,0.2879019908116386,0.3197278906625726
0.1013653373806635,0.19598337950138503,0.8667687595712098,0.31968370486722414
0.27020448238068134,0.3617021276595745,0.28637059724349156,0.31965811916487546
0.10135905578393269,0.19591554170993422,0.8667687595712098,0.31959344972749093
0.263460707051441,0.34774774774774775,0.29555895865237364,0.3195364233443503
0.10132251545483834,0.1958477508650519,0.8667687595712098,0.3195032455361854
0.2689120596683465,0.35877862595419846,0.2879019908116386,0.31945624419589574
0.10128535531390945,0.19578000691802144,0.8667687595712098,0.3194130922501798
0.264659870530341,0.35174953959484345,0.29249617151607965,0.3193979928152663
0.2700581937502366,0.361003861003861,0.28637059724349156,0.3193851404118547
0.10124575602550338,0.19571230982019364,0.8667687595712098,0.3193229898263946
0.2674448353186616,0.3559322033898305,0.2894333843797856,0.31925675626206546
0.10119549445209598,0.1956446595229865,0.8667687595712098,0.3192329382217996
0.2688868684618821,0.3580952380952381,0.2879019908116386,0.3191850589286538
0.10118440568531605,0.19557705597788527,0.8667687595712098,0.3191429373934123
0.26459157282746776,0.35110294117647056,0.29249617151607965,0.31913116074057046
0.27004199009655444,0.3603082851637765,0.28637059724349156,0.3191126274928843
0.2655910288600115,0.35315985130111527,0.29096477794793263,0.3190596132746029
0.10115434688488754,0.19550949913644214,0.8667687595712098,0.31905298729829923
0.26739567997774843,0.35526315789473684,0.2894333843797856,0.3189873412773651
0.10114451036275306,0.19544198895027623,0.8667687595712098,0.3189630878935751
0.2684336318241402,0.3574144486692015,0.2879019908116386,0.31891433368731137
0.1010903788375013,0.19537452537107353,0.8667687595712098,0.31887323913640286
0.26444640873911696,0.3504587155963303,0.29249617151607965,0.3188647741284375
0.26997065301641227,0.3596153846153846,0.28637059724349156,0.31884057921657294
0.26558071071997824,0.3525046382189239,0.29096477794793263,0.31879194581329806
0.10107240128498796,0.19530710835058662,0.8667687595712098,0.318783440983994
0.2669905303771111,0.3545966228893058,0.2894333843797856,0.3187183806181036
0.10105677831503405,0.1952397378406347,0.8667687595712098,0.31869369339360787
0.2681903513277067,0.3567362428842505,0.2879019908116386,0.3186440673023111
0.101050926903651,0.19517241379310346,0.8667687595712098,0.3186039963225521
0.26996164898816216,0.35892514395393477,0.28637059724349156,0.31856899439558845
0.26541748252487335,0.35185185185185186,0.29096477794793263,0.3185247270820215
0.10102275369307742,0.19510513615994485,0.8667687595712098,0.3185143497281823
0.266682851529212,0.3539325842696629,0.2894333843797856,0.31844987313602785
0.10090769105479534,0.19503790489317713,0.8667687595712098,0.31842475356790223
0.26803147356218227,0.3560606060606061,0.2879019908116386,0.3183742586080569
0.10086703246062767,0.1949707199448846,0.8667687595712098,0.31833520779916336
0.26520754008465547,0.3512014787430684,0.29096477794793263,0.3182579559533107
0.10083871812049468,0.19490358126721763,0.8667687595712098,0.3182457123794652
0.27030116268608595,0.36046511627906974,0.28483920367534454,0.3182207009611016
0.2665266308259285,0.3532710280373832,0.2894333843797856,0.3181818176867511
0.10078489816678687,0.19483648881239243,0.8667687595712098,0.31815626726635476
0.2677024252584641,0.3553875236294896,0.2879019908116386,0.318104906442897
0.10077796662013987,0.194769442532691,0.8667687595712098,0.31806687241742704
0.2651237729850433,0.3505535055350554,0.29096477794793263,0.3179916313034772
0.10071463460211082,0.19470244238046094,0.8667687595712098,0.31797752779032457
0.2662628041329567,0.35261194029850745,0.2894333843797856,0.31791421312973633
0.10069691050839599,0.19463548830811556,0.8667687595712098,0.3178882333427375
0.2675670495693501,0.35471698113207545,0.2879019908116386,0.31783600964910763
0.10066370523879375,0.19456858026813337,0.8667687595712098,0.31779898903240344
0.10051659787576583,0.19450171821305842,0.8667687595712098,0.3177097948171074
0.2657306687313467,0.35195530726256985,0.2894333843797856,0.3176470583282805
0.100495471454064,0.19443490209549982,0.8667687595712098,0.31762065065468204
0.10046980461907165,0.19436813186813187,0.8667687595712098,0.31753155650300685
0.10041622871499455,0.1943014074836938,0.8667687595712098,0.3174425123200091
0.10039657186445586,0.19423472889498972,0.8667687595712098,0.3173535180636629
0.1003742901736529,0.1941680960548885,0.8667687595712098,0.3172645736919894
0.10031972858160905,0.19410150891632372,0.8667687595712098,0.3171756791630573
0.10024562643761317,0.19403496743229345,0.8667687595712098,0.31708683443498165
0.27042692912788996,0.35992217898832685,0.2833078101071976,0.3170522702868707
0.10022167573072022,0.19396847155586017,0.8667687595712098,0.3169980394659248
0.10022056945778028,0.19390202124015074,0.8667687595712098,0.31690929421409597
0.10016217034369168,0.19383561643835617,0.8667687595712098,0.31682059863775086
0.27035837989489475,0.3592233009708738,0.2833078101071976,0.3167808214247881
0.1001530227297214,0.1937692571037316,0.8667687595712098,0.3167319526951923
0.10009726390160602,0.19370294318959616,0.8667687595712098,0.3166433563447693
0.10009452234575815,0.19363667464933287,0.8667687595712098,0.31655480954487797
0.1000269746298685,0.1935704514363885,0.8667687595712098,0.31646631225396055
0.10000181661774553,0.19350427350427352,0.8667687595712098,0.316377864430506
0.09994488729922102,0.19343814080656185,0.8667687595712098,0.31628946603304936
0.09992859304987335,0.19337205329689103,0.8667687595712098,0.3162011170201724
0.09986124549277585,0.19330601092896174,0.8667687595712098,0.31611281735050284
0.09983689953379338,0.19324001365653806,0.8667687595712098,0.31602456698271475
0.09973487293174034,0.1931740614334471,0.8667687595712098,0.31593636587552826
0.09972415659517425,0.193108154213579,0.8667687595712098,0.3158482139877097
0.09964979463881639,0.19304229195088676,0.8667687595712098,0.3157601112780711
0.0995389317845426,0.1929764745993863,0.8667687595712098,0.31567205770547085
0.27064144790881417,0.3586744639376218,0.28177641653905056,0.3156089188897125
0.09945655275661167,0.1929107021131561,0.8667687595712098,0.31558405322881306
0.09759207189747174,0.1923982509249916,0.8759571209800919,0.3154991723467168
0.0994007570346715,0.1928449744463373,0.8667687595712098,0.3154960978070474
0.09758152064257221,0.19233355749831876,0.8759571209800919,0.31541218608467886
0.09934263389145237,0.1927792915531335,0.8667687595712098,0.3154081913991696
0.0975719867288976,0.1922689075630252,0.8759571209800919,0.3153252477753764
0.0992911665641362,0.19271365338781068,0.8667687595712098,0.31532033396422104
0.09756260886777599,0.1922043010752688,0.8759571209800919,0.315238357379168
0.09926968350640387,0.19264805990469708,0.8667687595712098,0.31523252546128866
0.09768135771221026,0.19225589225589226,0.8744257274119449,0.3152083905408197
0.0979174646804123,0.19230769230769232,0.8728943338437979,0.31517832428249387
0.09752368139391608,0.19213973799126638,0.8759571209800919,0.31515151485645626
0.0992382849844754,0.19258251105818305,0.8667687595712098,0.31514476584950485
0.0976121008070776,0.19219118142039718,0.8744257274119449,0.3151214125080919
0.09787082015492658,0.19224283305227655,0.8728943338437979,0.3150912103177764
0.0975196089204779,0.19207521826729348,0.8759571209800919,0.315064720167687
0.09913360117672601,0.19251700680272107,0.8667687595712098,0.31505705508804766
0.09760179244316204,0.1921265141318977,0.8744257274119449,0.3150344824632441
0.09786540203065255,0.19217801753202968,0.8728943338437979,0.3150041444956204
0.09747926639282184,0.19201074185968445,0.8759571209800919,0.3149779732733498
0.09826612126677588,0.19222972972972974,0.8713629402756509,0.3149737057653035
0.09910134983355331,0.19245154709282558,0.8667687595712098,0.31496939313614064
0.09785216075687793,0.19211324570273003,0.8728943338437979,0.31491712677612843
0.09739967460603638,0.1919463087248322,0.8759571209800919,0.314891274133978
0.09826256179873935,0.19216480918608578,0.8713629402756509,0.3148865520005468
0.09907767803201598,0.19238613188307274,0.8667687595712098,0.3148817799530524
0.09851998667532515,0.19221658206429781,0.8698315467075038,0.3148558755350246
0.09781443136764371,0.19204851752021562,0.8728943338437979,0.3148301571194476
0.09731535624553886,0.1918819188191882,0.8759571209800919,0.3148046227101479
0.09807635206030595,0.19209993247805537,0.8713629402756509,0.3147994464536406
0.0989649907072823,0.19232076112810056,0.8667687595712098,0.3147942154980971
0.09840695896478678,0.19215155615696888,0.8698315467075038,0.31476863367423197
0.0977350863864067,0.19198383294038396,0.8728943338437979,0.3147432354857689
0.09728234390535025,0.19181757209926223,0.8759571209800919,0.3147180189624795
0.09799168717653042,0.19203509956125547,0.8713629402756509,0.3147123890845812
0.09895887048367565,0.1922554347826087,0.8667687595712098,0.3147066997306342
0.09831138875427425,0.19208657423063916,0.8698315467075038,0.31468144014688026
0.097163131073557,0.19175326852162253,0.8759571209800919,0.314631462851636
0.09891886493551012,0.19219015280135823,0.8667687595712098,0.31461923261006824
0.09829601351516896,0.19202163624070318,0.8698315467075038,0.3145942949128142
0.09863433057251945,0.19207317073170732,0.8683001531393568,0.3145631064994633
0.09712424999930447,0.19168900804289543,0.8759571209800919,0.31454495433832386
0.09886578760572019,0.19212491513917176,0.8667687595712098,0.31453181409584874
0.09827775135440854,0.19195674214261574,0.8698315467075038,0.3145071979319233
0.09863169112722368,0.19200812732814088,0.8683001531393568,0.31447587324750403
0.09706398567156123,0.1916247906197655,0.8759571209800919,0.31445849338329285
0.09885401400235082,0.19205972175093317,0.8667687595712098,0.3144444441474706
0.09853983544109501,0.19194312796208532,0.8683001531393568,0.314388688364412
0.09699488319413313,0.19156061620897522,0.8759571209800919,0.3143720799473358
0.09881670671526269,0.1919945725915875,0.8667687595712098,0.31435712272447314
0.0969744990530787,0.1914964847673251,0.8759571209800919,0.3142857139912886
0.09876384937803777,0.19192946761614108,0.8667687595712098,0.3142698497864415
0.09695994420121205,0.19143239625167335,0.8759571209800919,0.31419939547603026
0.09872909903301187,0.19186440677966102,0.8667687595712098,0.3141826252930049
0.27069029019538654,0.357421875,0.28024502297090353,0.31416308963607953
0.09691010020946658,0.1913683506189361,0.8759571209800919,0.3141131243624827
0.09867495291577286,0.1917993900372755,0.8667687595712098,0.31409544920383764
0.09690172454599268,0.19130434782608696,0.8759571209800919,0.3140269006116106
0.09690126262711712,0.19124038783015715,0.8759571209800919,0.313940724184422
0.09689993835100133,0.19117647058823528,0.8759571209800919,0.3138545950419668
0.09681047355698019,0.19111259605746742,0.8759571209800919,0.3137685131453387
0.09666698915657228,0.19104876419505679,0.8759571209800919,0.3136824784556734
0.09653241547057718,0.19098497495826378,0.8759571209800919,0.3135964909341493
0.09651695213223287,0.1909212283044059,0.8759571209800919,0.3135105505419876
0.09646356909214084,0.19085752419085752,0.8759571209800919,0.31342465724045165
0.09645154401239847,0.19079386257505004,0.8759571209800919,0.3133388109908476
0.09641698992960443,0.19073024341447148,0.8759571209800919,0.31325301175452375
0.2707427542806492,0.3575638506876228,0.2787136294027565,0.31325301155587143
0.09639086720152418,0.19066666666666668,0.8759571209800919,0.3131672594928708
0.09635626710506952,0.19060313228923692,0.8759571209800919,0.31308155416732153
0.09635183414586214,0.1905396402398401,0.8759571209800919,0.31299589573935127
0.27072985739840577,0.3568627450980392,0.2787136294027565,0.31298366244823
0.09633874535920933,0.19047619047619047,0.8759571209800919,0.31291028417047734
0.09584332201235615,0.1903183023872679,0.8790199081163859,0.3128917958371324
0.09603239579854052,0.19036544850498338,0.877488514548239,0.31285831256533425
0.0963362247513632,0.1904127829560586,0.8759571209800919,0.3128247194222591
0.0957638145684627,0.1902552204176334,0.8790199081163859,0.312806539216996
0.09599578796778088,0.19030222517436068,0.877488514548239,0.31277292547127616
0.09629934086585384,0.1903494176372712,0.8759571209800919,0.3127392014562979
0.09575980061046759,0.1901921802518224,0.8790199081163859,0.3127213290455767
0.27069070802590534,0.3561643835616438,0.2787136294027565,0.3127147761397436
0.09598565056872835,0.1902390438247012,0.877488514548239,0.3126875849731766
0.09627418131276688,0.19028609447771125,0.8759571209800919,0.3126537302342372
0.09575284873531736,0.19012918184829414,0.8790199081163859,0.3126361652849261
0.09594762452888363,0.19017590441420512,0.877488514548239,0.3126022910329048
0.09625616692061066,0.1902228134353176,0.8759571209800919,0.3125683057177624
0.09568620265986295,0.1900662251655629,0.8790199081163859,0.31255104789713734
0.09594582040883318,0.19011280690112806,0.877488514548239,0.31251704361237126
0.0961820828033567,0.1901595744680851,0.8759571209800919,0.3124829278686005
0.095607350410266,0.19000331016219796,0.8790199081163859,0.31246597684434474
0.09592731656010106,0.1900497512437811,0.877488514548239,0.31243184267352836
0.09608724469612234,0.19009637753406447,0.8759571209800919,0.3123975966485208
0.09555271521098749,0.1899404367968233,0.8790199081163859,0.3123809520887236
0.2712695822276119,0.3577075098814229,0.2771822358346095,0.31233822211373796
0.09533745614031848,0.18983162759986794,0.8805513016845329,0.31233025500424166
0.09551747223941018,0.18987760502811776,0.8790199081163859,0.3122959735924908
0.09533456912676942,0.18976897689768976,0.8805513016845329,0.31224545178538016
0.27219010492070705,0.36,0.27565084226646247,0.31222896741860484
0.095492776782601,0.18981481481481483,0.8790199081163859,0.312211041317904
0.09530927950303836,0.18970636753546685,0.8805513016845329,0.31216069460518253
0.0954638853326925,0.18975206611570247,0.8790199081163859,0.3121261552272621
0.09525190088783428,0.1896437994722955,0.8805513016845329,0.31207598342616805
0.2709898570076058,0.35700197238658776,0.2771822358346095,0.312068965025162
0.09546195929236051,0.18968935888962327,0.8790199081163859,0.31204131528290485
0.09524607281546112,0.18958127266732608,0.8805513016845329,0.31199131821089704
0.27196670467811496,0.3592814371257485,0.27565084226646247,0.31195840505460176
0.09540432377862315,0.18962669309547406,0.8790199081163859,0.31195652144721303
0.09520438789798386,0.1895187870797627,0.8805513016845329,0.31190669892197015
0.09535124744850489,0.18956406869220607,0.8790199081163859,0.31187177368260827
0.2728971226199397,0.3616161616161616,0.27411944869831545,0.3118466894049415
0.09517615133787471,0.18945634266886327,0.8805513016845329,0.31182212552202854
0.27092930957652317,0.3562992125984252,0.2771822358346095,0.3118001717730876
0.09514748851279223,0.1893939393939394,0.8805513016845329,0.311737597973754
0.2717287473444895,0.35856573705179284,0.27565084226646247,0.3116883111968577
0.09509240107507427,0.18933157721435628,0.8805513016845329,0.3116531162398688
0.2728916316167442,0.36088709677419356,0.27411944869831545,0.31157528236399157
0.09503630061574295,0.1892692560895326,0.8805513016845329,0.31156868028313556
0.09498984351474986,0.18920697597894043,0.8805513016845329,0.3114842900663572
0.2716217304256369,0.35785288270377735,0.27565084226646247,0.3114186846295258
0.0949791653863868,0.18914473684210525,0.8805513016845329,0.311399945552377
0.0949666714815804,0.18908253863860572,0.8805513016845329,0.31131564670407835
0.272562823276025,0.36016096579476864,0.27411944869831545,0.3113043473352877
0.09495880318585016,0.18902038132807364,0.8805513016845329,0.31123139348438517
0.2714015020982353,0.35714285714285715,0.27565084226646247,0.31114952414096303
0.09494254547229479,0.18895826487019388,0.8805513016845329,0.311147185856261
0.09470076351021933,0.18885245901639344,0.8820826952526799,0.31109910854018485
0.0948862409715058,0.18889618922470433,0.8805513016845329,0.31106302378270984
0.272517135610767,0.35943775100401604,0.27411944869831545,0.3110338830885635
0.09468553280063864,0.1887905604719764,0.8820826952526799,0.3110151185000654
0.09487406411706974,0.18883415435139572,0.8805513016845329,0.3109789072267755
0.09462091182470098,0.18872870249017037,0.8820826952526799,0.31093117379869917
0.2732049431217234,0.3617886178861789,0.2725880551301684,0.3109170300775713
0.09487038259412107,0.18877216021011162,0.8805513016845329,0.3108948361515419
0.27130496129506015,0.3564356435643564,0.27565084226646247,0.3108808285237113
0.09460406556307659,0.18866688503111692,0.8820826952526799,0.31084727439938425
0.09482697815826831,0.1887102067607483,0.8805513016845329,0.31081081052013276
0.27230533339178564,0.3587174348697395,0.27411944869831545,0.31076388839782415
0.09444909234934686,0.18860510805500982,0.8820826952526799,0.3107634202654589
0.09471242105752488,0.18864829396325458,0.8805513016845329,0.31072683029571163
0.09394261983976872,0.18850049003593597,0.8836140888208269,0.3107162086493329
0.0944468673240243,0.18854337152209494,0.8820826952526799,0.3106796113603004
0.2730206362542251,0.36105476673427994,0.2725880551301684,0.31064572376803606
0.09470804762610197,0.18858642177763202,0.8805513016845329,0.3106428954414821
0.093912467672578,0.1884389288047028,0.8836140888208269,0.31063257036973363
0.09443402170167581,0.18848167539267016,0.8820826952526799,0.31059584764732595
0.09389784367324448,0.18837740777015996,0.8836140888208269,0.3105489771053549
0.09441284917927142,0.18842001962708538,0.8820826952526799,0.31051212908999193
0.09387214417142564,0.1883159268929504,0.8836140888208269,0.3104654288198647
0.09438434719959962,0.18835840418574232,0.8820826952526799,0.31042845565179417
0.09386933775778487,0.18825448613376836,0.8836140888208269,0.31038192547697024
0.2730087109613293,0.3603238866396761,0.2725880551301684,0.3103748905296604
0.09432882106513435,0.18829682902909448,0.8820826952526799,0.3103448272962678
0.09339227428102552,0.18815104166666666,0.885145482388974,0.31033557018065616
0.09376997105824478,0.18819308545335942,0.8836140888208269,0.31029846704041775
0.09399274808898721,0.18823529411764706,0.8820826952526799,0.3102612439869874
0.09326271826060167,0.1880898145135047,0.885145482388974,0.3102522809776927
0.09369916417819467,0.18813172481252038,0.8836140888208269,0.31021505347399253
0.09321008513745442,0.18802862719583605,0.885145482388974,0.31016903646976696
0.09369165120358434,0.18807040417209908,0.8836140888208269,0.31013168474151853
0.09320995462311889,0.18796747967479674,0.885145482388974,0.31008583662091205
0.09365459996140107,0.18800912349299445,0.8836140888208269,0.31004836080685894
0.09317702011390075,0.18790637191157347,0.885145482388974,0.31000268139519943
0.09363915711448652,0.18794788273615634,0.8836140888208269,0.30996508163391545
0.09315084385869311,0.1878453038674033,0.885145482388974,0.30991957075673926
0.09353055518921014,0.18788668186258548,0.8836140888208269,0.30988184718662887
0.09311558768477267,0.18778427550357374,0.885145482388974,0.30983650466968005
0.09301030526032035,0.18772328678142253,0.885145482388974,0.3097534830982087
0.09299300075261678,0.18766233766233767,0.885145482388974,0.3096705060065507
0.09299220286862409,0.18760142810775723,0.885145482388974,0.30958757335896964
0.09297897209976372,0.18754055807916936,0.885145482388974,0.3095046851197674
0.27345039448868524,0.3604887983706721,0.27105666156202146,0.3094405589505859
0.0928396375454505,0.18747972753811223,0.885145482388974,0.3094218412532843
0.09283285962358388,0.1874189364461738,0.885145482388974,0.30933904172389864
0.09281598563322252,0.1873581847649919,0.885145482388974,0.30925628649602677
0.09277049256575824,0.18729747245625405,0.885145482388974,0.30917357553412333
0.09273529883478994,0.18723679948169744,0.885145482388974,0.30909090880268075
0.09272665802035553,0.1871761658031088,0.885145482388974,0.30900828626622967
0.09271585351441555,0.18711557138232437,0.885145482388974,0.30892570788933843
0.09268897848602413,0.18705501618122977,0.885145482388974,0.3088431736366132
0.09266643130558087,0.18699450016175995,0.885145482388974,0.3087606834726983
0.09262639354586448,0.1869340232858991,0.885145482388974,0.30867823736227545
0.09258195479267917,0.18687358551568056,0.885145482388974,0.3085958352700643
0.09257924490402084,0.18681318681318682,0.885145482388974,0.308513477160822
0.09251972300269061,0.18675282714054928,0.885145482388974,0.30843116299934353
0.0924906588405075,0.1866925064599483,0.885145482388974,0.30834889275046107
0.0924362763678146,0.18663222473361318,0.885145482388974,0.3082666663790448
0.09243523898907297,0.18657198192382182,0.885145482388974,0.30818448385000197
0.09233476546277028,0.18651177799290095,0.885145482388974,0.30810234512827744
0.09232310609026242,0.18645161290322582,0.885145482388974,0.3080202501788532
0.2734989254684988,0.35918367346938773,0.26952526799387444,0.3079615043220669
0.09228673244505609,0.18639148661722024,0.885145482388974,0.30793819896674895
0.09226118471850767,0.18633139909735655,0.885145482388974,0.30785619145702137
0.27410982481793755,0.3615702479338843,0.2679938744257274,0.30782761604578696
0.09225007134391922,0.18627135030615533,0.885145482388974,0.3077742276147643
0.09222161044641414,0.18621134020618557,0.885145482388974,0.30769230740510894
0.09220622523890555,0.1861513687600644,0.885145482388974,0.30761043079322353
0.27398188469631646,0.36082474226804123,0.2679938744257274,0.30755711726133633
0.0921676445378576,0.18609143593045718,0.885145482388974,0.3075285977443133
0.09214435721321394,0.18603154168007724,0.885145482388974,0.3074468082236205
0.0921362384972787,0.18597168597168598,0.885145482388974,0.3073650621964246
0.27381857041279234,0.360082304526749,0.2679938744257274,0.3072870934528031
0.09213374548372981,0.18591186876809263,0.885145482388974,0.3072833596280416
0.09206399573030284,0.18585209003215433,0.885145482388974,0.3072017004838247
0.09206219575114752,0.18579234972677597,0.885145482388974,0.30712008472916374
0.09204778601663612,0.18573264781491003,0.885145482388974,0.30703851232948526
0.2736367918566051,0.3593429158110883,0.2679938744257274,0.3070175433702509
0.27774572446330115,0.37093275488069416,0.26186830015313933,0.30700179484698903
0.28000966304080466,0.37723214285714285,0.25880551301684535,0.3069936416608401
0.09203450729776326,0.1856729842595567,0.885145482388974,0.3069569832502528
0.09190710400637653,0.18561335902376364,0.885145482388974,0.30687549745696624
0.09187676336774475,0.185553772070626,0.885145482388974,0.3067940549151624
0.27361597678588245,0.35860655737704916,0.2679938744257274,0.30674846576812476
0.277270641565633,0.37012987012987014,0.26186830015313933,0.30672645691377504
0.2797527365869372,0.37639198218262804,0.25880551301684535,0.30671506303800544
0.09177397855431871,0.18549422336328628,0.885145482388974,0.3067126555904143
0.09171700612842763,0.18543471286493424,0.885145482388974,0.30663129944833195
0.09170611163023656,0.18537524053880694,0.885145482388974,0.30654998645456155
0.2735280399750631,0.35787321063394684,0.2679938744257274,0.3064798594052328
0.09164338795011025,0.18531580634818853,0.885145482388974,0.3064687165747857
0.27702477060332614,0.3693304535637149,0.26186830015313933,0.3064516124177185
0.279728124229432,0.37555555555555553,0.25880551301684535,0.3064369895441346
0.09162991094050167,0.18525641025641026,0.885145482388974,0.3063874897747235
0.2744988660389701,0.36024844720496896,0.2664624808575804,0.30633802768021134
0.27559936241654,0.3659574468085106,0.26339969372128635,0.3063223503592257
0.09158784417069143,0.18519705222685037,0.885145482388974,0.3063063060201303
0.2785357097429536,0.37199124726477023,0.26033690658499237,0.306306305821896
0.09154481223539358,0.185137732222934,0.885145482388974,0.3062251652767979
0.2770025382480292,0.36853448275862066,0.26186830015313933,0.3061772600335628
0.2795686053092506,0.37472283813747226,0.25880551301684535,0.3061594198065943
0.09152206042338831,0.1850784502081332,0.885145482388974,0.30614406751055406
0.09144496754192051,0.1850192061459667,0.885145482388974,0.30606301268726294
0.2755099861045692,0.3651804670912951,0.26339969372128635,0.30604982157716626
0.2784322892448828,0.37117903930131,0.26033690658499237,0.30603060257570924
0.0913680625452029,0.18496,0.885145482388974,0.30598200077282495
0.27685393558562055,0.36774193548387096,0.26186830015313933,0.3059033984407932
0.09126509687398043,0.18490083173384517,0.885145482388974,0.3059010317331762
0.2792602374925374,0.37389380530973454,0.25880551301684535,0.3058823524577204
0.09126277380128046,0.18484170131116084,0.885145482388974,0.3058201055342892
0.2754203746452315,0.3644067796610169,0.26339969372128635,0.3057777772907204
0.2782460725725682,0.37037037037037035,0.26033690658499237,0.30575539519867145
0.09122653690708987,0.18478260869565216,0.885145482388974,0.3057392221421723
0.0911641450335876,0.18472355385107064,0.885145482388974,0.3056583815228699
0.2764309112446434,0.3669527896995708,0.26186830015313933,0.3056300263236149
0.27923793430497856,0.3730684326710817,0.25880551301684535,0.305605786134795
0.09112789862200317,0.18466453674121405,0.885145482388974,0.30557758364246207
0.27541057990570283,0.36363636363636365,0.26339969372128635,0.3055062162090473
0.09112670452192764,0.18460555732992653,0.885145482388974,0.30549682846706516
0.27784497678389375,0.3695652173913043,0.26033690658499237,0.30548068235420806
0.2800281719229859,0.37583892617449666,0.2572741194486983,0.30545454497208097
0.0911202759673604,0.18454661558109833,0.885145482388974,0.3054161159628309
0.2749910750322897,0.36041666666666666,0.2649310872894334,0.305383935963555
0.2763630005275319,0.36616702355460384,0.26186830015313933,0.3053571423709327
0.09109387859972407,0.18448771145866583,0.885145482388974,0.3053354460959471
0.2791940480989551,0.3722466960352423,0.25880551301684535,0.3053297194800241
0.28087058175519775,0.3786848072562358,0.2557427258805513,0.3053016448569846
0.09108119162720812,0.18442884492661135,0.885145482388974,0.30525481883263694
0.27527117214587044,0.3628691983122363,0.26339969372128635,0.3052351370458875
0.09088089356002613,0.18437001594896332,0.885145482388974,0.3051742341391596
0.2748566124263625,0.3596673596673597,0.2649310872894334,0.3051146379594745
0.09086314325745115,0.18431122448979592,0.885145482388974,0.3050936919818098
0.27613955474729973,0.36538461538461536,0.26186830015313933,0.30508474527632956
0.27913581127468035,0.37142857142857144,0.25880551301684535,0.30505415114051565
0.2803814503621536,0.3778280542986425,0.2557427258805513,0.30502283056879376
0.09085411340780351,0.1842524705132292,0.885145482388974,0.3050131923269177
0.2752365299628774,0.36210526315789476,0.26339969372128635,0.3049645385195429
0.09082550532608158,0.18419375398342894,0.885145482388974,0.304932735140849
0.09082028685802966,0.18413507486460656,0.885145482388974,0.30485232039000504
0.2746222339787627,0.35892116182572614,0.2649310872894334,0.30484581448932296
0.27569354653533296,0.3646055437100213,0.26186830015313933,0.30481283373804574
0.2788500322583519,0.3706140350877193,0.25880551301684535,0.3047790797682573
0.09076203534125725,0.1840764331210191,0.885145482388974,0.3047719480408225
0.2802728077047383,0.37697516930022573,0.2557427258805513,0.3047445250658017
0.27512710377661764,0.36134453781512604,0.26339969372128635,0.3046944193528562
0.09060209347358522,0.18401782871696912,0.885145482388974,0.30469161805977346
0.0905761340729735,0.1839592616168046,0.885145482388974,0.3046113304133653
0.09056608602446664,0.18390073178491886,0.885145482388974,0.3045310850681407
0.2802163373158446,0.3761261261261261,0.2557427258805513,0.3044667269566174
0.09052731497922863,0.18384223918575063,0.885145482388974,0.30445088199067766
0.2751102489161333,0.36058700209643607,0.26339969372128635,0.3044247782731913
0.09050948482019076,0.1837837837837838,0.885145482388974,0.30437072114758923
0.09025662844341308,0.18369289340101522,0.886676875957121,0.3043363991900475
0.28140919772574413,0.3789954337899543,0.2542113323124043,0.3043079738548897
0.09047511261685903,0.18372536554354738,0.885145482388974,0.30429060250552376
0.09025280301955996,0.18363463368220742,0.886676875957121,0.30425643692014503
0.0904736208880441,0.18366698442961552,0.885145482388974,0.3042105260311647
0.28015168371418336,0.3752808988764045,0.2557427258805513,0.30418943485491917
0.09009752883329661,0.18357641090678503,0.886676875957121,0.3041765166582645
0.2749936766321696,0.3598326359832636,0.26339969372128635,0.30415561401241287
0.09040588262462211,0.18360864040660738,0.885145482388974,0.3041304916912304
0.09008918214469355,0.18351822503961965,0.886676875957121,0.3040966383713115
0.09037812894946635,0.18355033343918703,0.885145482388974,0.30405049945247437
0.2810723029052649,0.37813211845102507,0.2542113323124043,0.3040293035485063
0.09008098598519743,0.18346007604562736,0.886676875957121,0.3040168020262261
0.08985282432785856,0.18337021814732848,0.888208269525268,0.3039832282278524
0.09030785904575903,0.18349206349206348,0.885145482388974,0.3039705492816851
0.09006967887370604,0.18340196388976876,0.886676875957121,0.3039370075899834
0.280080644147599,0.3744394618834081,0.2557427258805513,0.3039126473794309
0.089725245436706,0.18331226295828065,0.888208269525268,0.30390358892256386
0.09028809830950675,0.1834338305299905,0.885145482388974,0.30389064114568604
0.274992621148577,0.35908141962421714,0.26339969372128635,0.30388692530686645
0.09005304830008784,0.18334388853704878,0.886676875957121,0.30385725502959277
0.08972511069599354,0.18325434439178515,0.888208269525268,0.3038239913350884
0.09000916878094031,0.18328584995251662,0.886676875957121,0.3037775443120984
0.2809566314423133,0.37727272727272726,0.2542113323124043,0.3037511431603425
0.08971770081484015,0.1831964624131396,0.888208269525268,0.3037444354326549
0.08944221699929371,0.18310746927198235,0.889739663093415,0.30371144770436503
0.09000711288437167,0.18322784810126583,0.886676875957121,0.3036978754045792
0.08971726331471154,0.1831386169876855,0.888208269525268,0.30366492118252636
0.08939047914604412,0.18304977945809703,0.889739663093415,0.30363208751419973
0.089956710824835,0.18316988294843403,0.886676875957121,0.3036182482741484
0.08965305847925342,0.1830808080808081,0.888208269525268,0.30358544855200004
0.08934817254491113,0.18299212598425196,0.889739663093415,0.30355276878703874
0.08987919127719551,0.18311195445920303,0.886676875957121,0.3035386628879536
0.08956247557641908,0.18302303565793626,0.888208269525268,0.30350601750840756
0.08932764136987795,0.18293450881612092,0.889739663093415,0.30347349149039593
0.08952786317559691,0.1829652996845426,0.888208269525268,0.3034266280191147
0.08930561384091727,0.18287692791942084,0.889739663093415,0.30339425559181926
0.08949908064257804,0.18290760012614318,0.888208269525268,0.30334728005152123
0.08928948288615497,0.1828193832599119,0.889739663093415,0.30331506105889056
0.08947009458867432,0.1828499369482976,0.888208269525268,0.3032679735730611
0.08925265738043894,0.18276187480339728,0.889739663093415,0.30323590785922533
0.08903357615148483,0.18267419962335216,0.891271056661562,0.30320395908209063
0.08924967612861427,0.18270440251572326,0.889739663093415,0.3031567959604731
0.08898941431210794,0.182616881079385,0.891271056661562,0.3031249997177312
0.08920603328692563,0.182646966362779,0.889739663093415,0.30307772533031696
0.08897824478237552,0.18255959849435383,0.891271056661562,0.3030460814673341
0.2814496913743487,0.37844036697247707,0.25267993874425726,0.3030303025501564
0.08920394572787436,0.18258956631049655,0.889739663093415,0.30299869593647394
0.08889936473223853,0.18250235183443086,0.891271056661562,0.30296720429879553
0.08918123313246339,0.18253220232485076,0.889739663093415,0.30291970774669436
0.08889755570485126,0.18244514106583073,0.891271056661562,0.30288836818004544
0.08911539274234029,0.1824748743718593,0.889739663093415,0.3028407607287625
0.0888667790387203,0.1823879661548104,0.891271056661562,0.30280957307904705
0.089052406697378,0.1824175824175824,0.889739663093415,0.302761854850496
0.28144827013763535,0.37757437070938216,0.25267993874425726,0.30275229309761637
0.08881351170307045,0.18233082706766918,0.891271056661562,0.30273081896379694
0.08880079828749166,0.18227372377074852,0.891271056661562,0.3026521058023249
0.08876781009268703,0.18221665623043207,0.891271056661562,0.302573433562694
0.08870336272701794,0.18215962441314554,0.891271056661562,0.30249480221300057
0.0887024868434733,0.1821026282853567,0.891271056661562,0.30241621172137406
0.0886976055498905,0.18204566781357523,0.891271056661562,0.30233766205597684
0.08868440199859187,0.18198874296435272,0.891271056661562,0.3022591531850048
0.08865472039713414,0.18193185370428258,0.891271056661562,0.3021806850766864
0.08863216256128045,0.181875,0.891271056661562,0.3021022576992833
0.08858316341524423,0.18181818181818182,0.891271056661562,0.3020238710210901
0.08855742519828558,0.18176139912554654,0.891271056661562,0.30194552501043426
0.0885281628173548,0.1817046518888542,0.891271056661562,0.301867219635676
0.08848461640569087,0.18164794007490637,0.891271056661562,0.3017889548652084
0.28218551430461725,0.3778801843317972,0.25114854517611024,0.3017479296030921
0.08848064631645089,0.181591263650546,0.891271056661562,0.3017107306674576
0.08846915715211019,0.1815346225826575,0.891271056661562,0.3016325470108822
0.08844278320182229,0.1814780168381665,0.891271056661562,0.30155440386397336
0.08841202593919138,0.1814214463840399,0.891271056661562,0.30147630119525504
0.2821281875619471,0.37701149425287356,0.25114854517611024,0.30147058775536767
0.0883253427323437,0.18136491118728576,0.891271056661562,0.30139823897328405
0.08832012724988438,0.18130841121495328,0.891271056661562,0.3013202171666492
0.08831746270564392,0.18125194643413267,0.891271056661562,0.3012422357439722
0.08831207114937578,0.18119551681195517,0.891271056661562,0.3011642946739072
0.08827692704679266,0.1811391223155929,0.891271056661562,0.30108639392514075
0.08827209161731263,0.18108276291225886,0.891271056661562,0.30100853346639184
0.08825070421497007,0.18102643856920683,0.891271056661562,0.30093071326641163
0.0882478096513657,0.18097014925373134,0.891271056661562,0.3008529332939838
0.0881794063322522,0.18091389493316754,0.891271056661562,0.30077519351792414
0.2827245835990655,0.37819025522041766,0.24961715160796324,0.30073800690104474
0.08814931939965608,0.18085767557489124,0.891271056661562,0.3006974939070807
0.08811898353577834,0.18080149114631874,0.891271056661562,0.3006198344303338
0.08803171338936422,0.18074534161490682,0.891271056661562,0.3005422150565958
0.087896837265825,0.18066315463278587,0.892802450229709,0.3005154636375769
0.08799802058394239,0.18068922694815276,0.891271056661562,0.30046463575481125
0.28249901091345025,0.3773148148148148,0.24961715160796324,0.3004608290138317
0.08786564457174496,0.18060718711276333,0.892802450229709,0.3004380311553058
0.08799768530294644,0.18063314711359404,0.891271056661562,0.3003870964939567
0.08782719406068315,0.1805512542582843,0.892802450229709,0.3003606385661219
0.08797105177719661,0.18057710207880856,0.891271056661562,0.30030959724304057
0.08781001636796956,0.1804953560371517,0.892802450229709,0.30028328583920383
0.08793476166250817,0.1805210918114144,0.891271056661562,0.30023213797110354
0.08780434566143916,0.1804394924172083,0.892802450229709,0.30020597294376217
0.2822726010128599,0.37644341801385683,0.24961715160796324,0.30018416158313405
0.08793196931174047,0.18046511627906978,0.891271056661562,0.3001547186472181
0.08779412079006815,0.18038366336633663,0.892802450229709,0.3001286998490387
0.28378148702393613,0.38333333333333336,0.24655436447166923,0.3000931961684975
0.08792053498798513,0.18040917544947302,0.891271056661562,0.3000773392404885
0.08778728042062754,0.18032786885245902,0.892802450229709,0.3000514665243075
0.08778329553701554,0.18027210884353742,0.892802450229709,0.2999742729388738
0.08773130310288091,0.18021638330757342,0.892802450229709,0.2998971190620746
0.08763368867422328,0.18016069221260816,0.892802450229709,0.2998200048632784
0.28378112582384807,0.3824228028503563,0.24655436447166923,0.2998137797840389
0.08762538974887772,0.18010503552672227,0.892802450229709,0.2997429303118852
0.28287827139208127,0.37850467289719625,0.24808575803981622,0.2997224787076002
0.2862665248352591,0.3897058823529412,0.2434915773353752,0.29971724740601985
0.08760802644985365,0.18004941321803583,0.892802450229709,0.2996658953773264
0.28477395411316003,0.3855421686746988,0.2450229709035222,0.2996254676896243
0.08758599591171817,0.17999382525470825,0.892802450229709,0.2995889000290649
0.2835999589948494,0.3815165876777251,0.24655436447166923,0.2995348832440178
0.0875729128702007,0.17993827160493828,0.892802450229709,0.299511944236595
0.08735917761734022,0.17985833076686172,0.8943338437978561,0.2994871792083772
0.28277720932475714,0.3776223776223776,0.24808575803981622,0.2994454708707825
0.08754132498966408,0.1798827522369639,0.892802450229709,0.29943502796944227
0.2860408421703335,0.38875305623471884,0.2434915773353752,0.2994350277749813
0.08735848221728884,0.17980295566502463,0.8943338437978561,0.2994104073090529
0.08753837414559405,0.1798272671190623,0.892802450229709,0.2993581511971635
0.2841178232241612,0.38461538461538464,0.2450229709035222,0.29934518193804655
0.08734182437735769,0.17974761465066175,0.8943338437978561,0.29933367475975375
0.0875332961816678,0.1797718162195498,0.892802450229709,0.299281313889347
0.08730812671766594,0.17969230769230768,0.8943338437978561,0.29925698153023395
0.2835129516965672,0.3806146572104019,0.24655436447166923,0.2992565050990537
0.0875018540202022,0.17971639950678175,0.892802450229709,0.2992045160156119
0.08730700078304085,0.17963703475853585,0.8943338437978561,0.2991803275902785
0.2827696058070723,0.3767441860465116,0.24808575803981622,0.29916897459045144
0.28600209408368565,0.3878048780487805,0.2434915773353752,0.29915333913102043
0.0874898382830918,0.17966101694915254,0.892802450229709,0.2991277575456089
0.08729059856883033,0.1795817958179582,0.8943338437978561,0.2991037129097033
0.08717897638649053,0.17950291500460264,0.8958652373660031,0.29907975432310846
0.2840746826002385,0.38369304556354916,0.2450229709035222,0.29906542008507125
0.08743447290036654,0.1796056685150955,0.892802450229709,0.2990510384490196
0.0872779749888139,0.17952659083922534,0.8943338437978561,0.2990271374583552
0.08717788511212952,0.1794478527607362,0.8958652373660031,0.2990033219810745
0.28336519581622066,0.37971698113207547,0.24655436447166923,0.29897864390514933
0.08725707112270999,0.17947141979102643,0.8943338437978561,0.298950601206112
0.08716132588896823,0.17939282428702852,0.8958652373660031,0.2989269286949129
0.08723746733364039,0.1794162826420891,0.8943338437978561,0.2988741041228822
0.28559467753447726,0.38686131386861317,0.2434915773353752,0.2988721799769931
0.08712075841862668,0.17933782955242183,0.8958652373660031,0.29885057443469565
0.08720620240200228,0.17936117936117937,0.8943338437978561,0.2987976461786052
0.2840696189852027,0.3827751196172249,0.2450229709035222,0.2987861806631952
0.08709930999858709,0.17928286852589642,0.8958652373660031,0.29877425917052547
0.08658080133430655,0.17912725053402503,0.8989280245022971,0.298727735091858
0.08719545442279339,0.17930610991710164,0.8943338437978561,0.29872122734325113
0.28312815482634685,0.3788235294117647,0.24655436447166923,0.2987012982236654
0.08702980366005389,0.1792279411764706,0.8958652373660031,0.29869798287253563
0.08656527638085793,0.1790726052471019,0.8989280245022971,0.29865174228210295
0.08719329605959812,0.17925107427869857,0.8943338437978561,0.29864484758682075
0.08696866993961848,0.17917304747320062,0.8958652373660031,0.2986217455108899
0.28513110145133697,0.3859223300970874,0.2434915773353752,0.2985915488213785
0.08654932817542979,0.1790179932906374,0.8989280245022971,0.29857578812586255
0.0869355848812025,0.17911818738518065,0.8958652373660031,0.29854554705578235
0.28395357573259966,0.3818615751789976,0.2450229709035222,0.29850746221039104
0.08652170968937703,0.17896341463414633,0.8989280245022971,0.29849987259365285
0.08691301882269097,0.1790633608815427,0.8958652373660031,0.2984693874774376
0.08668104645592224,0.17898594990836897,0.8973966309341501,0.2984466511105597
0.2829036042461079,0.3779342723004695,0.24655436447166923,0.2984244666212958
0.08651288418108544,0.17890886924718075,0.8989280245022971,0.2984239956560196
0.08689786559039246,0.17900856793145656,0.8958652373660031,0.2983932667461107
0.08666379874077287,0.17893129770992366,0.8973966309341501,0.298370671820548
0.08643731964129026,0.17885435709932967,0.8989280245022971,0.29834815728353903
0.08687408216848495,0.1789538085041297,0.8958652373660031,0.29831718483208686
0.28494444600204577,0.38498789346246975,0.2434915773353752,0.2983114441782523
0.08660748000361614,0.17887667887667888,0.8973966309341501,0.2982947312066829
0.08642173345285986,0.1787998781602193,0.8989280245022971,0.2982723574468169
0.08681445619570655,0.17889908256880735,0.8958652373660031,0.29824114170568167
0.08641878983269789,0.1787454323995128,0.8989280245022971,0.2981965961164887
0.08679796687337851,0.17884439009477224,0.8958652373660031,0.29816513733724104
0.28290178262502663,0.3770491803278688,0.24655436447166923,0.2981481476700429
0.08638842677261417,0.1786910197869102,0.8989280245022971,0.29812087326322023
0.2862749776188089,0.3882063882063882,0.24196018376722817,0.29811320707409933
0.08677375516352188,0.17878973105134474,0.8958652373660031,0.298089171697141
0.08638204166828706,0.1786366402921485,0.8989280245022971,0.2980451888577066
0.28480245743286703,0.38405797101449274,0.2434915773353752,0.29803186456726066
0.08670528224940127,0.17873510540788268,0.8958652373660031,0.2980132447557879
0.08635741285099621,0.17858229388500152,0.8989280245022971,0.2979695428706729
0.08635115542956891,0.1785279805352798,0.8989280245022971,0.2978939352728739
0.08622991966694293,0.17847370021283065,0.8989280245022971,0.2978183660350942
0.0861877068478579,0.178419452887538,0.8989280245022971,0.29774283512814775
0.0861860113449745,0.1783652385293224,0.8989280245022971,0.2976673425228782
0.08610962967278325,0.17831105710814094,0.8989280245022971,0.29759188819015886
0.0860020601865046,0.17825690859398724,0.8989280245022971,0.2975164721008926
0.08600179634074316,0.17820279295689131,0.8989280245022971,0.29744109422601145
0.08599358988627698,0.17814871016691958,0.8989280245022971,0.29736575453647734
0.08593871594722412,0.17809466019417475,0.8989280245022971,0.2972904530032813
0.2884515981588619,0.3974358974358974,0.23736600306278713,0.29721955849631704
0.08593217877942677,0.17804064300879588,0.8989280245022971,0.29721518959744386
0.08523268725452421,0.17781796262808922,0.9035222052067381,0.29715436890172786
0.08587361122014774,0.17798665858095816,0.8989280245022971,0.2971399642900149
0.08522495796404131,0.17776438686351312,0.9035222052067381,0.29707955662354163
0.08584950584542533,0.17793270688087298,0.8989280245022971,0.29706477705207335
0.0849819233048953,0.17769092002405293,0.9050535987748851,0.2970595624298391
0.08533182320141501,0.17778448536070027,0.9019908116385911,0.2970247097602199
0.0851477970427435,0.17771084337349397,0.9035222052067381,0.29700478200570185
0.08583212221839794,0.1778787878787879,0.8989280245022971,0.29698962785472793
0.08491944949285861,0.1776375112714157,0.9050535987748851,0.296984924348813
0.08531338691762887,0.17773083886541943,0.9019908116385911,0.2969498358731984
0.2884243221291772,0.39641943734015345,0.23736600306278713,0.29693486543187303
0.0850884079909353,0.17765733212887685,0.9035222052067381,0.2969300450197784
0.08573641050970028,0.17782490154498637,0.8989280245022971,0.29691451666911606
0.08487841035006422,0.1775841346153846,0.9050535987748851,0.296910323764939
0.08530650519150625,0.17767722473604827,0.9019908116385911,0.29687499972503123
0.08508347765492563,0.17760385310054183,0.9035222052067381,0.29685534563736987
0.08571676896933425,0.177771047849788,0.8989280245022971,0.2968394434664046
0.08484747008683732,0.17753079002703515,0.9050535987748851,0.2968357606499669
0.0853048794854476,0.17762364294330518,0.9019908116385911,0.29680020128719314
0.08508108783281222,0.17755040625940416,0.9035222052067381,0.2967806838301035
0.08570490996918428,0.17771722676354829,0.8989280245022971,0.2967644082177896
0.08482089360162465,0.17747747747747747,0.9050535987748851,0.2967612349756752
0.08546394885224533,0.17764350453172206,0.900459418070444,0.29674488995942344
0.08464226923240412,0.17740485465987413,0.9065849923430321,0.29674185436284173
0.08528092334024392,0.17757009345794392,0.9019908116385911,0.2967254405311878
0.28880132358814614,0.4,0.23583460949464014,0.29672446966820554
0.08500009787118132,0.17749699157641396,0.9035222052067381,0.2967060595696348
0.08562312060206258,0.1776634382566586,0.8989280245022971,0.29668941089449613
0.08481129955153491,0.1774241969378565,0.9050535987748851,0.29668674671387063
0.0854459009781757,0.17758985200845667,0.900459418070444,0.29667002999726055
0.08462706221777043,0.1773517076093469,0.9065849923430321,0.2966675016055338
0.28823979079199713,0.39540816326530615,0.23736600306278713,0.2966507172345395
0.08499483692245707,0.1774436090225564,0.9035222052067381,0.2966314728276479
0.08558753379836195,0.17760968229954613,0.8989280245022971,0.2966144514677784
0.08480834723001554,0.17737094837935174,0.9050535987748851,0.29661229583638815
0.0854132859259348,0.17753623188405798,0.900459418070444,0.2965952077954821
0.08462470953822035,0.17729859239293203,0.9065849923430321,0.2965931860991061
0.08557151789628015,0.17755595886267392,0.8989280245022971,0.29653952990891946
0.08473193892514053,0.1773177317731773,0.9050535987748851,0.2965378823150911
0.08461368832365061,0.17724550898203592,0.9065849923430321,0.29651890781557183
0.28627627438407344,0.3866995073891626,0.24042879019908117,0.2965061373931115
0.08552628124387714,0.17750226791654067,0.8989280245022971,0.2964646461892318
0.0846795397158445,0.17726454709058187,0.9050535987748851,0.296463506121871
0.08461337528140925,0.17719245734809938,0.9065849923430321,0.2964446667269717
0.28864728482768914,0.39896373056994816,0.23583460949464014,0.29643888307488603
0.08551173936277935,0.17744860943168078,0.8989280245022971,0.29638980028005646
0.08466167163429422,0.17721139430284857,0.9050535987748851,0.29638916722864744
0.08454574001651366,0.17713943746259725,0.9065849923430321,0.2963704628053745
0.288213911160999,0.3944020356234097,0.23736600306278713,0.2963671123416
0.08548091799950029,0.17739498337866424,0.8989280245022971,0.2963149921527636
0.08465628338234693,0.17715827338129497,0.9050535987748851,0.2963148656073683
0.08454251723720935,0.1770864492970386,0.9065849923430321,0.2962962960228773
0.08453918464495701,0.17703349282296652,0.9065849923430321,0.2962221663516048
0.288616781447587,0.3979328165374677,0.23583460949464014,0.2961538456865551
0.08452524313634961,0.17698056801195813,0.9065849923430321,0.2961480737637096
0.28803799652109036,0.3934010152284264,0.23736600306278713,0.2960840491963084
0.08452489390111606,0.17692767483562463,0.9065849923430321,0.2960740182313723
0.08451516558154765,0.176874813265611,0.9065849923430321,0.2959999997268011
0.08451485072537973,0.1768219832735962,0.9065849923430321,0.29592601822223225
0.28858366601363056,0.39690721649484534,0.23583460949464014,0.2958693559204895
0.0845090492388005,0.17676918483129292,0.9065849923430321,0.2958520736899295
0.28802510118103875,0.3924050632911392,0.23736600306278713,0.2958015262478603
0.08449379640775957,0.17671641791044776,0.9065849923430321,0.2957781661021845
0.08280208697914143,0.1762114537444934,0.9188361408882083,0.2957121732144301
0.08444396526838543,0.17666368248284095,0.9065849923430321,0.2957042954313165
0.08278739678669392,0.17615971814445097,0.9188361408882083,0.2956393197595727
0.08440235556483305,0.1766109785202864,0.9065849923430321,0.2956304616496725
0.2885795542134963,0.39588688946015427,0.23583460949464014,0.2955854122000417
0.08287829630540249,0.1761764705882353,0.9173047473200613,0.2955835181111316
0.08277052742130767,0.1761080129145876,0.9188361408882083,0.29556650219311664
0.08438334499987545,0.17655830599463168,0.9065849923430321,0.29555666472962683
0.08422169968952078,0.17648809523809525,0.9081163859111792,0.29553949636344723
0.08307298500927321,0.17619328226281675,0.9157733537519143,0.29552755100190964
0.28796713145261665,0.39141414141414144,0.23736600306278713,0.29551954195136504
0.08286319797268799,0.17612466921493677,0.9173047473200613,0.2955106065378304
0.0837337308252882,0.17634854771784234,0.9111791730474732,0.29550533869028434
0.08276879476630755,0.176056338028169,0.9188361408882083,0.29549372048855005
0.08347574087525035,0.17627920733510796,0.9127105666156202,0.2954883487618759
0.08435920603134027,0.1765056648777579,0.9065849923430321,0.2954829046435817
0.0832702378303242,0.17621015348288074,0.9142419601837672,0.29547141769488766
0.08420488649907878,0.17643558464742637,0.9081163859111792,0.2954658691844696
0.08301315646520221,0.17614138438880708,0.9157733537519143,0.2954545451839616
0.28749769953319154,0.3870967741935484,0.23889739663093415,0.295454544982569
0.0828505668357232,0.17607289829512052,0.9173047473200613,0.29543773092584774
0.08362183787026302,0.17629629629629628,0.9111791730474732,0.29543197589516434
0.08276767674615006,0.17600469345849223,0.9188361408882083,0.29542097461938704
0.08347368677276117,0.17622708456534594,0.9127105666156202,0.29541511744866294
0.08435829452226884,0.17645305514157975,0.9065849923430321,0.29540918136396677
0.08319971948554261,0.17615815874889348,0.9142419601837672,0.29539831739361433
0.08416543694478545,0.17638310529446757,0.9081163859111792,0.29539227868154616
0.08300172661574773,0.17608951707891637,0.9157733537519143,0.2953815754271732
0.2896128872302574,0.39947780678851175,0.2343032159264931,0.2953667949007561
0.08282489414979687,0.17602115780193947,0.9173047473200613,0.295364891248585
0.08361235354127339,0.1762440758293839,0.9111791730474732,0.29535864951741614
0.082677328049093,0.17595307917888564,0.9188361408882083,0.29534826455916774
0.08346100349170477,0.17617499261010938,0.9127105666156202,0.29534192242450513
0.08434605613907391,0.1764004767580453,0.9065849923430321,0.2953354948632392
0.08313535609834434,0.17610619469026548,0.9142419601837672,0.2953252532537563
0.08416489948728162,0.17633065715135296,0.9081163859111792,0.2953187248272796
0.08294882358887812,0.1760376803061525,0.9157733537519143,0.29530864170483273
0.08379389183357384,0.17626112759643917,0.9096477794793262,0.29530201315087884
0.08282432309638489,0.17596944770857814,0.9173047473200613,0.2952920874794698
0.08360229725257601,0.17619188628960616,0.9111791730474732,0.29528535952992985
0.08264584335431445,0.1759014951627089,0.9188361408882083,0.29527559028145844
0.08337981294470534,0.17612293144208038,0.9127105666156202,0.2952687636624351
0.084300446190895,0.17634792969913612,0.9065849923430321,0.2952618451138835
0.08309839256071815,0.17605426127985846,0.9142419601837672,0.2952522252484879
0.08415900067551102,0.1762782401902497,0.9081163859111792,0.2952452075942998
0.28786709294578583,0.3904282115869018,0.23736600306278713,0.2952380947678168
0.08294697984046653,0.17598587404355504,0.9157733537519143,0.2952357439902544
0.08378385730139419,0.17620884010679325,0.9096477794793262,0.29522862795873084
0.08354494685142155,0.17613972764949673,0.9111791730474732,0.29521210590562263
0.08262024408233976,0.17584994138335286,0.9188361408882083,0.2952029517598512
0.08331219401143843,0.1760709010339734,0.9127105666156202,0.2951956411355121
0.08425930491326997,0.17629541393686718,0.9065849923430321,0.2951882320884118
0.0830918317133138,0.17600235849056603,0.9142419601837672,0.29517923335100926
0.2870452644212679,0.38613861386138615,0.23889739663093415,0.29517502317959204
0.0841391806539084,0.1762258543833581,0.9081163859111792,0.29517172695526367
0.08293874657479577,0.17593409826419534,0.9157733537519143,0.29516288225677895
0.08376421147643714,0.17615658362989323,0.9096477794793262,0.29515527923127455
0.08349320310983548,0.1760875998816218,0.9111791730474732,0.29513888861743853
0.08258401748843526,0.17579841781423966,0.9188361408882083,0.2951303489679645
0.08330109151548618,0.17601890135853515,0.9127105666156202,0.2951225548168225
0.0842293073606454,0.1762429294432867,0.9065849923430321,0.29511465575936363
0.08308669488600388,0.17595048629531387,0.9142419601837672,0.2951062775345478
0.08396911527720335,0.17617349970291146,0.9081163859111792,0.29509828288285556
0.08374891452257739,0.17610435813815595,0.9096477794793262,0.2950819669413382
0.289445694707388,0.3984375,0.2343032159264931,0.2950819667467595
0.08347648775217686,0.1760355029585799,0.9111791730474732,0.2950657076383486
0.0825659021269158,0.1757469244288225,0.9188361408882083,0.29505778187944237
0.08328183119261413,0.17596693238854444,0.9127105666156202,0.29504950467947855
0.08393037369633063,0.17612117612117612,0.9081163859111792,0.295024875349787
0.0825034547891821,0.17569546120058566,0.9188361408882083,0.29498525046795493
0.287863274857767,0.38944723618090454,0.23736600306278713,0.2949571831640674
0.08389346699578795,0.1760688836104513,0.9081163859111792,0.2949515043287965
0.0824501691506969,0.1756440281030445,0.9188361408882083,0.2949127547071981
0.286618525433029,0.3851851851851852,0.23889739663093415,0.29489602977321944
0.08387228168642634,0.17601662214306915,0.9081163859111792,0.2948781697926499
0.08243239166111287,0.17559262510974538,0.9188361408882083,0.2948402945708937
0.08240578975293267,0.17554125219426564,0.9188361408882083,0.29476787003278954
0.08236053129518897,0.17548990933021352,0.9188361408882083,0.2946954810666588
0.28785312198061935,0.38847117794486213,0.23736600306278713,0.29467680561279797
0.08235681220514295,0.17543859649122806,0.9188361408882083,0.2946231276463008
0.08228073330284288,0.17537204552086372,0.9203675344563553,0.29460784286838815
0.082086055403976,0.17523975588491716,0.9234303215926493,0.2945774301178088
0.08234127833357911,0.17538731365097926,0.9188361408882083,0.2945508097455405
0.08227832402045887,0.17532088681446908,0.9203675344563553,0.2945356527574057
0.08207861391415673,0.17518884369552587,0.9234303215926493,0.2945054942374257
0.08233505598372076,0.17533606078316774,0.9188361408882083,0.2944785273382283
0.08226559867288266,0.1752697579469233,0.9203675344563553,0.29446349801639427
0.08202890350549687,0.1751379610804531,0.9234303215926493,0.2944335934819842
0.08232478347776061,0.175284837861525,0.9188361408882083,0.29440628039824074
0.287784476962567,0.3875,0.23736600306278713,0.29439696059249154
0.08219304964207076,0.1752186588921283,0.9203675344563553,0.29439137861936576
0.08200982592023735,0.1750871080139373,0.9234303215926493,0.29436172782576436
0.08232393769643562,0.17523364485981308,0.9188361408882083,0.2943340688994794
0.08219105361112343,0.17516758962401632,0.9203675344563553,0.2943192945403573
0.08211718531121391,0.17510180337405468,0.9218989280245024,0.294304570741252
0.08200853563269059,0.17503628447024674,0.9234303215926493,0.2942898972430712
0.08231337274149422,0.17518248175182483,0.9188361408882083,0.2942618928158722
0.08219016165858878,0.1751165501165501,0.9203675344563553,0.2942472457534316
0.08211131672863005,0.1750508868857226,0.9218989280245024,0.2942326488031307
0.08198685736033894,0.17498549042367964,0.9234303215926493,0.2942181017082349
0.08186248381676316,0.174920359108022,0.9249617151607963,0.29420360421376046
0.082307954108295,0.17513134851138354,0.9188361408882083,0.2941897521213717
0.0821812963705527,0.17506554034372268,0.9203675344563553,0.29417523223267666
0.08208825806447452,0.175,0.9218989280245024,0.29416076200888347
0.08196746155168472,0.17493472584856398,0.9234303215926493,0.29414634119561084
0.08179266082776501,0.17486971627099016,0.9249617151607963,0.29413196954021176
0.29117631385364107,0.4087193460490463,0.22970903522205208,0.29411764659813344
0.28772253790691554,0.3865336658354115,0.23736600306278713,0.29411764658740536
0.0821628912134922,0.17501456027955736,0.9203675344563553,0.294103253952206
0.08192233343807505,0.17488399071925753,0.9234303215926493,0.29407461567957904
0.08178855036363947,0.17481910274963822,0.9249617151607963,0.2940603697423562
0.2907388547461466,0.4037433155080214,0.23124042879019907,0.29406036954663806
0.08215547978671167,0.17496360989810772,0.9203675344563553,0.29403131088615825
0.2898659929023121,0.3989501312335958,0.2327718223583461,0.29400386800655287
0.08191193574490964,0.17483328501014786,0.9234303215926493,0.2940029251345448
0.0817831151199198,0.17476851851851852,0.9249617151607963,0.2939888047947307
0.08213167370296158,0.1749126891734575,0.9203675344563553,0.29395940300869744
0.08189885139688538,0.17478260869565218,0.9234303215926493,0.29393126953493837
0.08167777439736747,0.1747179635522129,0.9249617151607963,0.2939172746718974
0.08211820025536781,0.1748617980797207,0.9203675344563553,0.29388753029401293
0.08188748906327685,0.17473196175021732,0.9234303215926493,0.29385964885521476
0.08167321616309466,0.17466743782533256,0.9249617151607963,0.29384577934844264
0.28765167029794186,0.3855721393034826,0.23736600306278713,0.29383886208754345
0.29117188735151023,0.4076086956521739,0.22970903522205208,0.2938295783832294
0.08186604837214954,0.17468134414831982,0.9234303215926493,0.29378806306985406
0.0816666833856223,0.17461694131251806,0.9249617151607963,0.2937743187989779
0.29070816241065844,0.4026666666666667,0.23124042879019907,0.2937743186027135
0.28982583011538515,0.39790575916230364,0.2327718223583461,0.29371980629756395
0.08166606661547045,0.1745664739884393,0.9249617151607963,0.29370289299813923
0.08165498876679973,0.17451603582779543,0.9249617151607963,0.29363150192058735
0.08091391890663531,0.17426196617942102,0.9310872894333844,0.2935779813857786
0.08160506547359972,0.17446562680531486,0.9249617151607963,0.29356014554100757
0.2911045493594225,0.4065040650406504,0.22970903522205208,0.2935420739026027
0.08088822312130205,0.17421203438395416,0.9310872894333844,0.2935071201785773
0.08158674773095663,0.17441524689575513,0.9249617151607963,0.29348882383410974
0.2903838539644107,0.4015957446808511,0.23124042879019907,0.29348882363730155
0.08088001016853152,0.17416213119450014,0.9310872894333844,0.29343629317080017
0.08075547561127268,0.17409948542024015,0.9326186830015314,0.293423271235714
0.08152029797539448,0.17436489607390301,0.9249617151607963,0.2934175367746285
0.08086705953187491,0.17411225658648338,0.9310872894333844,0.29336550033769504
0.08075268208121478,0.1740497284938554,0.9326186830015314,0.29335260089099213
0.08150153165768169,0.1743145743145743,0.9249617151607963,0.29334628433732274
0.08086313126938893,0.17406241053535643,0.9310872894333844,0.2932947416545337
0.08075192082012524,0.174,0.9326186830015314,0.2932819645796652
0.08149842271597686,0.17426428159261395,0.9249617151607963,0.29327506649697616
0.29102621936170653,0.40540540540540543,0.22970903522205208,0.29325513150307353
0.08109292377612537,0.17407513622024662,0.9295558958652373,0.29323671471014356
0.08086196755694955,0.17401259301659988,0.9310872894333844,0.2932240170966112
0.08075172684681348,0.17395029991431019,0.9326186830015314,0.2932113622771546
0.08149427619300308,0.17421401788289587,0.9249617151607963,0.2932038832283967
0.2902985019511443,0.4005305039787798,0.23124042879019907,0.2932038830310472
0.08095354992341221,0.17402522935779816,0.9295558958652373,0.29316590169039963
0.08080817930245829,0.17396280400572245,0.9310872894333844,0.2931533266392472
0.08073996314520547,0.17390062821245003,0.9326186830015314,0.29314079395890513
0.08138969837421574,0.17416378316032297,0.9249617151607963,0.293132734506417
0.08080056156784068,0.17391304347826086,0.9310872894333844,0.29308267025778445
0.08064825638247446,0.17385098487011133,0.9326186830015314,0.29307025960038535
0.08137049983506264,0.17411357739982705,0.9249617151607963,0.2930616203058938
0.080756684448909,0.1738633114097798,0.9310872894333844,0.29301204792758995
0.0806374015397914,0.1738013698630137,0.9326186830015314,0.29299975917708737
0.08136372661384472,0.17406340057636888,0.9249617151607963,0.2929905406017084
0.29100722994852024,0.40431266846361186,0.22970903522205208,0.29296874953792
0.08113088830528394,0.17393800229621126,0.9280245022970903,0.29296591706554115
0.08060033876034674,0.17375178316690443,0.9326186830015314,0.2929292926645269
0.08135380568579423,0.17401325266493806,0.9249617151607963,0.29291949536876666
0.2902416433636041,0.3994708994708995,0.23124042879019907,0.29291949517087834
0.08125956249553132,0.1739505462909718,0.9264931087289433,0.29290728610516664
0.08113039401938243,0.1738880918220947,0.9280245022970903,0.29289511814888697
0.08056591939220971,0.17370222475755848,0.9326186830015314,0.29285886003824324
0.0813522692042985,0.173963133640553,0.9249617151607963,0.29284848458199847
0.08120371206783242,0.17390054613394654,0.9264931087289433,0.2928363985722152
0.08111236574749289,0.1738382099827883,0.9280245022970903,0.2928243534428713
0.08054684440068667,0.17365269461077845,0.9326186830015314,0.29278846127379915
0.08133129408735645,0.17391304347826086,0.9249617151607963,0.29277750821635806
0.08118994059400075,0.17385057471264367,0.9264931087289433,0.2927655453424495
0.29136177418070364,0.40821917808219177,0.22817764165390506,0.29273084433373153
0.0805243396623081,0.17360319270239452,0.9326186830015314,0.2927180963467808
0.08132158422375292,0.17386298215313759,0.9249617151607963,0.2927065662468242
0.08117885291961596,0.1738006320022982,0.9264931087289433,0.2926947263909757
0.2908946241659302,0.4032258064516129,0.22970903522205208,0.2926829263668464
0.08046919279975853,0.17355371900826447,0.9326186830015314,0.2926477652327981
0.08131561327780194,0.17381294964028776,0.9249617151607963,0.2926356586483995
0.2901083374854361,0.39841688654353563,0.23124042879019907,0.29263565844997486
0.0811417762728821,0.17375071797817346,0.9264931087289433,0.29262394169292466
0.0804508419449207,0.1735042735042735,0.9326186830015314,0.2925774679074841
0.08128589907051807,0.17376294591484465,0.9249617151607963,0.29256478539611125
0.0811389539329352,0.1737008326155613,0.9264931087289433,0.29255319122345114
0.08042488114814325,0.17345485616633438,0.9326186830015314,0.2925072043464955
0.08128526994366211,0.17371297095197008,0.9249617151607963,0.2924939464650105
0.2911944874686255,0.40710382513661203,0.22817764165390506,0.29244357166920176
0.0804122339230237,0.17340546697038725,0.9326186830015314,0.2924369745255122
0.2907571316555527,0.40214477211796246,0.22970903522205208,0.2923976603559519
0.0804067833469181,0.17335610589239966,0.9326186830015314,0.2923667784202374
0.2899641899312576,0.3973684210526316,0.23124042879019907,0.2923523712677387
0.08040426735299483,0.17330677290836655,0.9326186830015314,0.2922966160063979
0.08039640085636976,0.1732574679943101,0.9326186830015314,0.2922264872597435
0.08039075273607107,0.17320819112627986,0.9326186830015314,0.29215639215604744
0.08038898401613416,0.17315894228035258,0.9326186830015314,0.2920863306711061
0.08038208404521456,0.17310972143263217,0.9326186830015314,0.2920163027807393
0.08037469227008007,0.17306052855924978,0.9326186830015314,0.29194630846078967
0.08036705312347343,0.17301136363636363,0.9326186830015314,0.2918763476871233
0.0803414335378821,0.17296222664015903,0.9326186830015314,0.29180642043562927
0.08033962297834474,0.17291311754684838,0.9326186830015314,0.2917365266822198
0.08031260868250942,0.17286403633267103,0.9326186830015314,0.2916666664028301
0.08029007111982715,0.1728149829738933,0.9326186830015314,0.2915968395734187
0.08027901868839199,0.1727659574468085,0.9326186830015314,0.2915270461699667
0.08025465674663074,0.17271695972773682,0.9326186830015314,0.2914572861684786
0.08017159929643772,0.17266798979302522,0.9326186830015314,0.2913875595449817
0.2923078921459257,0.40771349862258954,0.22664624808575803,0.2913385822179014
0.08014242619770155,0.17261904761904762,0.9326186830015314,0.2913178662755261
0.07993256824248528,0.17256011315417255,0.9341500765696784,0.2913085002143347
0.08013311858046436,0.1725701331822046,0.9326186830015314,0.29124820633618503
0.07993241163579867,0.17251131221719457,0.9341500765696784,0.29123895891563256
0.08005337274849295,0.1725212464589235,0.9326186830015314,0.2911785797030545
0.07992445276960362,0.1724625388747526,0.9341500765696784,0.29116945081086787
0.07999866480964796,0.17247238742565846,0.9326186830015314,0.2911089863522534
0.07986854402984958,0.1724137931034483,0.9341500765696784,0.2910999758762796
0.29148556401052345,0.4065934065934066,0.22664624808575803,0.29105211360133965
0.07998430042802382,0.17242355605889015,0.9326186830015314,0.29103942625992346
0.0798628652734387,0.17236507487990957,0.9341500765696784,0.2910305340881296
0.07998231260285549,0.17237475233512595,0.9326186830015314,0.29096989940222906
0.07981544495260881,0.17231638418079095,0.9341500765696784,0.2909611254227023
0.07996971603488295,0.17232597623089982,0.9326186830015314,0.2909004057553576
0.07981473682515751,0.17226772098277324,0.9341500765696784,0.2908917498563048
0.07980312965733233,0.17221908526256352,0.9341500765696784,0.2908224073652667
0.07978872431669302,0.17217047699689528,0.9341500765696784,0.29075309792594023
0.07976304954612319,0.1721218961625282,0.9341500765696784,0.2906838215147003
0.07960589761545694,0.17207334273624825,0.9341500765696784,0.29061457810794394
0.079605819825707,0.17202481669486747,0.9341500765696784,0.29054536768209105
0.07954790439133194,0.17197631801522414,0.9341500765696784,0.2904761902135838
0.0795325883605827,0.17192784667418265,0.9341500765696784,0.2904070456788868
0.07952186650102101,0.1718794026486334,0.9341500765696784,0.29033793405448716
0.07950730016159273,0.17183098591549295,0.9341500765696784,0.29026885531689434
0.07946391961555063,0.17178259645170374,0.9341500765696784,0.29019980944264
0.07943941084501491,0.17173423423423423,0.9341500765696784,0.29013079640827827
0.07942520509098498,0.1716858992400788,0.9341500765696784,0.2900618161903857
0.0794001091500468,0.17163759144625773,0.9341500765696784,0.2899928687655607
0.07937111485666108,0.17158931082981715,0.9341500765696784,0.2899239541104244
0.07920293283669227,0.17153284671532848,0.9356814701378254,0.2899169629647282
0.07934422447645605,0.17154105736782901,0.9341500765696784,0.28985507220161977
0.07919317952705772,0.17148470390120685,0.9356814701378254,0.2898481970816606
0.07930215217713954,0.17149283103739105,0.9341500765696784,0.2897862230158122
0.07913044926208283,0.17143658810325477,0.9356814701378254,0.28977946381224406
0.07929370510380325,0.17144463181562675,0.9341500765696784,0.28971740652968925
0.0790802087072687,0.17138849929873773,0.9356814701378254,0.2897107631332824
0.2923277836421985,0.40607734806629836,0.225114854517611,0.2896551719548914
0.07929053738706066,0.1713964596796853,0.9341500765696784,0.28964862271996045
0.07906398391070513,0.17134043746494673,0.9356814701378254,0.2896420950216017
0.07925746835564526,0.17134831460674158,0.9341500765696784,0.2895798715633575
0.07903189439211718,0.1712924025791982,0.9356814701378254,0.28957345945404966
0.07925041427149808,0.17130019657399606,0.9341500765696784,0.2895111530366344
0.07902914054809519,0.1712443946188341,0.9356814701378254,0.28950485640749624
0.07898261799631666,0.17119641356122164,0.9356814701378254,0.2894362858588332
0.07897811074432834,0.1711484593837535,0.9356814701378254,0.2893677477849742
0.07897646359525895,0.17110053206384765,0.9356814701378254,0.2892992421628547
0.07885793421378745,0.17104527669088876,0.9372128637059725,0.28929331101289624
0.07894400226674879,0.17105263157894737,0.9356814701378254,0.289230768969432
0.07885403226215815,0.17099748533109807,0.9372128637059725,0.28922495248003693
0.0789305781366741,0.17100475790652114,0.9356814701378254,0.2891623281816854
0.07882935917819203,0.17094972067039105,0.9372128637059725,0.2891566262450907
0.07891176651770473,0.17095691102406269,0.9356814701378254,0.2890939197766158
0.07881492289453058,0.17090198268640044,0.9372128637059725,0.2890883322851727
0.0789055343893457,0.1709090909090909,0.9356814701378254,0.2890255437312458
0.07879107533313395,0.1708542713567839,0.9372128637059725,0.28902007057741996
0.0788837403238697,0.1708612975391499,0.9356814701378254,0.2889572000226199
0.07872719825009232,0.1708065866592241,0.9372128637059725,0.288951841098991
0.07887143409974592,0.17081353089180878,0.9356814701378254,0.2888888886278042
0.07871474365496615,0.17075892857142858,0.9372128637059725,0.288883643827066
0.07868110150317746,0.1707112970711297,0.9372128637059725,0.2888154787388464
0.07866701350034516,0.17066369213608476,0.9372128637059725,0.2887473458115555
0.07866503694705212,0.17061611374407584,0.9372128637059725,0.28867924502243786
0.0786283524467794,0.1705685618729097,0.9372128637059725,0.2886111763487595
0.07857568882953193,0.17052103650041794,0.9372128637059725,0.28854313976780793
0.07856233635912464,0.17047353760445683,0.9372128637059725,0.2884751352568923
0.07856230327427877,0.17042606516290726,0.9372128637059725,0.2884071627933427
0.07852191290712708,0.17037861915367483,0.9372128637059725,0.288339222354511
0.29436979654647016,0.4161849710982659,0.22052067381316998,0.2882882878355072
0.07845553458712407,0.17033119955468967,0.9372128637059725,0.2882713139177701
0.29272413130818725,0.40555555555555556,0.22358346094946402,0.28825271425061566
0.0784416439357529,0.17028380634390652,0.9372128637059725,0.2882034374605144
0.07840194819939246,0.1702364394993046,0.9372128637059725,0.28813559296015945
0.07837314822164777,0.17018909899888765,0.9372128637059725,0.28806778039414216
0.07830959688568345,0.1701417848206839,0.9372128637059725,0.28799999973992074
0.29422633945983084,0.414985590778098,0.22052067381316998,0.28799999954681804
0.29262823997188214,0.40443213296398894,0.22358346094946402,0.2879684413560586
0.0783014873651481,0.17009449694274598,0.9372128637059725,0.2879322509749743
0.07827801980182732,0.1700472353431509,0.9372128637059725,0.28786453407680357
0.07827704576406565,0.17,0.9372128637059725,0.28779684902293007
0.07826846231213146,0.16995279089141904,0.9372128637059725,0.28772919579089656
0.29392774787625087,0.41379310344827586,0.22052067381316998,0.28771228725870734
0.2928803860849224,0.4084507042253521,0.222052067381317,0.28769841224211273
0.07823145562918757,0.169905607995558,0.9372128637059725,0.2876615743582672
0.07822483808683373,0.16985845129059118,0.9372128637059725,0.2875939847026269
0.0781862052558527,0.16981132075471697,0.9372128637059725,0.2875264268015816
0.07818390331835945,0.16976421636615813,0.9372128637059725,0.2874589006327586
0.29382964900949915,0.41260744985673353,0.22052067381316998,0.2874251492466225
0.2928791029929442,0.40730337078651685,0.222052067381317,0.2874132800190397
0.07816126470570034,0.16971713810316139,0.9372128637059725,0.28739140617380576
0.07815074256628242,0.1696700859439978,0.9372128637059725,0.2873239434023925
0.07810184232873427,0.1696230598669623,0.9372128637059725,0.2872565122962086
0.07807482825828574,0.16957605985037408,0.9372128637059725,0.2871891128329653
0.2946002073959503,0.41690962099125367,0.21898928024502298,0.28714859392594677
0.29377163480277274,0.4114285714285714,0.22052067381316998,0.28713858379288854
0.2928152634038117,0.4061624649859944,0.222052067381317,0.287128712414232
0.0780650041121319,0.16952908587257617,0.9372128637059725,0.28712174499039433
0.07804956904248685,0.16948213791193575,0.9372128637059725,0.2870544087462486
0.07803416081653623,0.16943521594684385,0.9372128637059725,0.28698710407830186
0.07803343326621742,0.16938831995571546,0.9372128637059725,0.28691983096434837
0.29454416128247984,0.41569767441860467,0.21898928024502298,0.28686058129326397
0.07803147677164649,0.1693414499169895,0.9372128637059725,0.28685258938220376
0.29366314673175264,0.41025641025641024,0.22052067381316998,0.2868525891866736
0.07763668052152059,0.16918844566712518,0.9418070444104135,0.28684701466718393
0.2927949992368864,0.40502793296089384,0.222052067381317,0.2868447077522642
0.07800538016754187,0.16929460580912864,0.9372128637059725,0.286785379309704
0.07761891437743774,0.16914191419141913,0.9418070444104135,0.28678013497151744
0.0780024286653862,0.16924778761061948,0.9372128637059725,0.286718200724706
0.07756591057221583,0.16909540830354688,0.9418070444104135,0.2867132864551963
0.07799708251423125,0.16920099529997235,0.9372128637059725,0.2866510536050873
0.07754144974854286,0.16904892798240792,0.9418070444104135,0.2866464690964217
0.07796749757909938,0.1691542288557214,0.9372128637059725,0.2865839379287465
0.07745221252917608,0.169002473206925,0.9418070444104135,0.28657968287341556
0.07725268146025746,0.16890227210511907,0.9448698315467075,0.2865768692271374
0.2944486483783333,0.4144927536231884,0.21898928024502298,0.28657314584020754
0.2934727887341442,0.4090909090909091,0.22052067381316998,0.28656716372395535
0.2927816198633413,0.403899721448468,0.222052067381317,0.28656126436433355
0.07792843183060615,0.16910748825642444,0.9372128637059725,0.28651685367360247
0.07744796050020711,0.16895604395604397,0.9418070444104135,0.28651292776441956
0.07724743320763407,0.168856048166393,0.9448698315467075,0.28651033176039176
0.07791059415067933,0.16906077348066298,0.9372128637059725,0.28644980081759486
0.07763801082126764,0.16895982388552558,0.9402756508422665,0.28644739885536064
0.07742713003079603,0.16890964020873386,0.9418070444104135,0.286446203747696
0.07720246609223154,0.16880984952120384,0.9448698315467075,0.2864438251838351
0.07790070887873343,0.16901408450704225,0.9372128637059725,0.28638277933868417
0.07781459005958787,0.16896361631753032,0.9387442572741195,0.28638168626330535
0.07741660602451562,0.16886326194398682,0.9418070444104135,0.2863795108015275
0.07736916071056672,0.1688133735269937,0.9433384379785605,0.28637842838034344
0.07715085931156948,0.1687636761487965,0.9448698315467075,0.2863773494759609
0.07786649546654396,0.16896742131419104,0.9372128637059725,0.28631578921485135
0.0778029312636251,0.16891705704050702,0.9387442572741195,0.2863148059068574
0.07741160223810935,0.168816909140818,0.9418070444104135,0.28631284890421654
0.07732669127824009,0.16876712328767124,0.9433384379785605,0.2863118751782922
0.07712972995004032,0.16871752802843862,0.9448698315467075,0.28631090461528297
0.29341210530550516,0.40793201133144474,0.22052067381316998,0.2862823057074867
0.07784977864556185,0.1689207838807618,0.9372128637059725,0.28624883042409793
0.07778696185379894,0.16887052341597797,0.9387442572741195,0.286247956781022
0.07740224479771005,0.16877058177826565,0.9418070444104135,0.2862462180340861
0.0773124906897779,0.1687208983840044,0.9433384379785605,0.2862453529024502
0.07710834166909918,0.16867140513942044,0.9448698315467075,0.28624449058033485
0.07702712264877865,0.16862210095497954,0.9464012251148545,0.28624363105407663
0.07784752402422508,0.16887417218543047,0.9372128637059725,0.2861819029444462
0.07778447536562355,0.16882401542274855,0.9387442572741195,0.28618113886392865
0.07738934964797559,0.16872427983539096,0.9418070444104135,0.28617961816947934
0.07731199533148293,0.1686746987951807,0.9433384379785605,0.28617886153126576
0.07708698017682541,0.16862530746105495,0.9448698315467075,0.2861781073496702
0.07702588660500109,0.1685761047463175,0.9464012251148545,0.28617735561274765
0.07784134557158727,0.16882758620689656,0.9372128637059725,0.28611500675393864
0.07768593855202881,0.16877753303964757,0.9387442572741195,0.2861143521337279
0.07738462577951956,0.1686780032912781,0.9418070444104135,0.2861130492887592
0.07705585283959375,0.1685792349726776,0.9448698315467075,0.28611175490186225
0.07702522338819705,0.16853013362421598,0.9464012251148545,0.2861111108544934
0.07783904117914645,0.16878102592388305,0.9372128637059725,0.2860481418306387
0.07768133570697332,0.1687310762455271,0.9387442572741195,0.2860475965685902
0.07737981657483095,0.16863175212503428,0.9418070444104135,0.28604651137030923
0.07705236873258813,0.16853318765364655,0.9448698315467075,0.28604543321550435
0.07701463176420216,0.16848418756815703,0.9464012251148545,0.28604489675801104
0.29571463445635615,0.4176470588235294,0.21745788667687596,0.2860020136483684
0.29302398800877794,0.4067796610169492,0.22052067381316998,0.28599801344676246
0.07783828441797631,0.1687344913151365,0.9372128637059725,0.28598130815263
0.07737418321183237,0.16858552631578946,0.9418070444104135,0.28598000439253274
0.07704658316751907,0.16848716548334244,0.9448698315467075,0.2859791422692098
0.07700020832972668,0.16843826655764513,0.9464012251148545,0.28597871330201763
0.07703863024032738,0.16844116844116844,0.9448698315467075,0.2859128820416113
0.0769706358840574,0.16839237057220707,0.9464012251148545,0.28591256046524965
0.07703096283974296,0.16839519650655022,0.9448698315467075,0.28584665251136177
0.07696492318143967,0.168346499591392,0.9464012251148545,0.28584643822646366
0.07696214333009786,0.16830065359477125,0.9464012251148545,0.28578034656443546
0.07693007893369035,0.16825483256193846,0.9464012251148545,0.2857142854579606
0.2950120799562021,0.41642228739002934,0.21745788667687596,0.2857142852635471
0.07687774741075669,0.16820903647250954,0.9464012251148545,0.28564825488585444
0.0768504663200399,0.16816326530612244,0.9464012251148545,0.28558225482695165
0.0768486454860553,0.16811751904243744,0.9464012251148545,0.28551628526010653
0.07683092067558255,0.1680717976611368,0.9464012251148545,0.28545034616419296
0.29490565748491854,0.4152046783625731,0.21745788667687596,0.2854271352272397
0.07682544851546878,0.16802610114192496,0.9464012251148545,0.2853844375181044
0.07681439953568271,0.1679804294645284,0.9464012251148545,0.28531855930075356
0.07679811604353749,0.16793478260869565,0.9464012251148545,0.285252711491073
0.07678256673999381,0.16788916055419723,0.9464012251148545,0.2851868940680142
0.07677196506964055,0.16784356328082564,0.9464012251148545,0.28512110701054866
0.07673320256074007,0.16779799076839533,0.9464012251148545,0.2850553502976667
0.07668500109545931,0.16775244299674266,0.9464012251148545,0.2849896239083785
0.07665872587971997,0.16770691994572592,0.9464012251148545,0.28492392782171333
0.07657741628191701,0.16766142159522518,0.9464012251148545,0.28485826201671977
0.07656189179501759,0.1676159479251424,0.9464012251148545,0.2847926264724659
0.07654647670321142,0.1675704989154013,0.9464012251148545,0.28472702116803883
0.07654154261223711,0.16752507454594742,0.9464012251148545,0.2846614460825452
0.07652592883250324,0.16747967479674797,0.9464012251148545,0.28459590119511075
0.29633393084593623,0.4171597633136095,0.21592649310872894,0.2845610489955228
0.07651811427867224,0.16743429964779194,0.9464012251148545,0.28453038648488055
0.0763384978330393,0.16734252500675859,0.9479326186830015,0.28446691150964154
0.0765133898689963,0.1673889490790899,0.9464012251148545,0.28446490193101853
0.07632016710575612,0.1672972972972973,0.9479326186830015,0.2844015618860361
0.07650769970754313,0.16734362307067424,0.9464012251148545,0.2843994475127083
0.07628376961395855,0.1672520940286409,0.9479326186830015,0.2843362422806316
0.07649917803553413,0.1672983216025988,0.9464012251148545,0.28433402320915235
0.29601680556308535,0.415929203539823,0.21592649310872894,0.28427419309848345
0.07628024823672117,0.16720691518098324,0.9479326186830015,0.2842709526727497
0.07649175133983796,0.16725304465493912,0.9464012251148545,0.2842686289995723
0.07626919833929566,0.16716176073453956,0.9479326186830015,0.284205693041731
0.07644414006400438,0.1672077922077922,0.9464012251148545,0.28420326486320874
0.07625328103534587,0.16711663066954643,0.9479326186830015,0.2841404633669348
0.07637080919370108,0.1671625642412767,0.9464012251148545,0.2841379307793218
0.07622129550259417,0.16707152496626182,0.9479326186830015,0.2840752636277398
0.07634195993485139,0.1671173607355327,0.9464012251148545,0.2840726267271903
0.07621599672423773,0.1670264436049649,0.9479326186830015,0.28401009380354325
0.07616625294757562,0.1669813865659563,0.9479326186830015,0.2839449538737615
0.07611446104791317,0.1669363538295577,0.9479326186830015,0.28387984381782977
0.07609374764138259,0.16689134537611217,0.9479326186830015,0.28381476361520186
0.07607647666053516,0.16684636118598384,0.9479326186830015,0.2837497132453509
0.07599237627683003,0.16680140123955808,0.9479326186830015,0.28368469268776836
0.07595938777576333,0.16675646551724138,0.9479326186830015,0.28361970192196484
0.0759512824905416,0.16671155399946136,0.9479326186830015,0.28355474092746946
0.07592874691213461,0.16666666666666666,0.9479326186830015,0.28348980968383025
0.07592240733045671,0.16662180349932706,0.9479326186830015,0.2834249081706141
0.07591994216106818,0.16657696447793327,0.9479326186830015,0.28336003636740614
0.07591991262672067,0.16653214958299703,0.9479326186830015,0.28329519425381067
0.07590418973804892,0.1664873587950511,0.9479326186830015,0.2832303818094505
0.07590337258266439,0.1664425920946491,0.9479326186830015,0.283165599013967
0.07579369587317601,0.1663978494623656,0.9479326186830015,0.2831008458470201
0.07569181701914221,0.16635313087879602,0.9479326186830015,0.2830361222882886
0.07569152240579251,0.1663084363245567,0.9479326186830015,0.2829714283174697
0.07569147101662635,0.1662637657802847,0.9479326186830015,0.28290676391427905
0.07567859648672733,0.166219119226638,0.9479326186830015,0.28284212905845113
0.29673161460659714,0.41543026706231456,0.21439509954058192,0.2828282823792246
0.07565647139930977,0.1661744966442953,0.9479326186830015,0.2827775237297387
0.07563516450374026,0.16612989801395597,0.9479326186830015,0.28271294790791307
0.07560010142846342,0.1660853233163402,0.9479326186830015,0.28264840157276416
0.0754907156244666,0.16604077253218885,0.9479326186830015,0.2825838847041002
0.07546089656363017,0.16599624564226334,0.9479326186830015,0.2825193972817477
0.07544560344417026,0.16595174262734586,0.9479326186830015,0.28245493928555193
0.07541650278898651,0.16590726346823909,0.9479326186830015,0.2823905106953763
0.07541192118501314,0.16586280814576634,0.9479326186830015,0.2823261114911027
0.07533363133687132,0.1658183766407715,0.9479326186830015,0.2822617416526313
0.07474499852314084,0.16568836712913554,0.9509954058192955,0.28220858870433496
0.07532406381168164,0.16577396893411891,0.9479326186830015,0.2821974011598807
0.07471074071463589,0.1656441717791411,0.9509954058192955,0.2821444795292445
0.0751597631813428,0.16572958500669344,0.9479326186830015,0.28213308999278763
0.07461557984118541,0.1656,0.9509954058192955,0.2820803994748331
0.07513525146084353,0.16568522483940043,0.9479326186830015,0.2820688081313073
0.07456039388426246,0.16555585177286056,0.9509954058192955,0.2820163485212639
0.07505700232630556,0.16564088841316565,0.9479326186830015,0.28200455555541315
0.07448195579391587,0.16551172707889125,0.9509954058192955,0.28195232664871783
0.07501169701327375,0.16559657570893527,0.9479326186830015,0.2819403322450967
0.07448027954729626,0.16546762589928057,0.9509954058192955,0.28188833383739403
0.07500289881884335,0.16555228670767586,0.9479326186830015,0.2818761381803678
0.07447713057053541,0.16542354821523708,0.9509954058192955,0.2818243700675095
0.07477744986331815,0.16546570589805176,0.9494640122511485,0.28181818156541416
0.07495731375081113,0.16550802139037432,0.9479326186830015,0.28181197334125446
0.07447140187113888,0.16537949400798935,0.9509954058192955,0.28176043531929906
0.07494724460842622,0.16546377973803797,0.9479326186830015,0.2817478377078031
0.07427342937324509,0.1652936486845602,0.9525267993874426,0.28170289829871376
0.07444596086150004,0.16533546325878595,0.9509954058192955,0.2816965295730158
0.07491212369605782,0.16541956173169428,0.9479326186830015,0.28168373126007795
0.07426684396452336,0.16524973432518597,0.9525267993874426,0.28163912132376645
0.07442612812015635,0.16529145594889538,0.9509954058192955,0.2816326528089303
0.0748878862683267,0.16537536735239114,0.9479326186830015,0.28161965397816163
0.07420897018016344,0.1652058432934927,0.9525267993874426,0.2815753732202428
0.07441789692489237,0.16524747205960616,0.9509954058192955,0.28156880500733134
0.0748868073970102,0.16533119658119658,0.9479326186830015,0.2815556058421547
0.07418655537716423,0.1651619755708975,0.9525267993874426,0.28151165396854244
0.07439064436575679,0.16520351157222665,0.9509954058192955,0.2815049861485256
0.07486175717736734,0.16528704939919894,0.9479326186830015,0.28149158683217607
0.07417930016724293,0.16511813113883728,0.9525267993874426,0.2814479635490826
0.07436728984720223,0.1651595744680851,0.9509954058192955,0.2814411962128373
0.07480023930577102,0.16524292578750668,0.9479326186830015,0.2814275969283624
0.07417445509996433,0.16507430997876857,0.9525267993874426,0.28138430194229846
0.07429685019927418,0.16511566072852965,0.9509954058192955,0.28137743518060887
0.0739855724053701,0.164989406779661,0.9540581929555896,0.2813276132053631
0.07415844964892317,0.16503051207216768,0.9525267993874426,0.2813206691286427
0.07427458205637982,0.16507177033492823,0.9509954058192955,0.28131370303220016
0.07394000791178497,0.1649457241196717,0.9540581929555896,0.2812641081007923
0.07409742758816648,0.1649867374005305,0.9525267993874426,0.28125706508858567
0.07392701757492114,0.1649020645844362,0.9540581929555896,0.28120063166022713
0.07408563778054753,0.16494298594537257,0.9525267993874426,0.28119348980261544
0.07391593092451741,0.16485842815559673,0.9540581929555896,0.28113718386426506
0.07405210149150915,0.16489925768822905,0.9525267993874426,0.2811299432512378
0.2968086505715665,0.41369047619047616,0.21286370597243492,0.28109201168483655
0.07373440893846218,0.16477422762080804,0.9555895865237366,0.28108108083019734
0.07390303388866953,0.1648148148148148,0.9540581929555896,0.2810737646935212
0.07402899945607523,0.16485555261065465,0.9525267993874426,0.28106642541497595
0.0737327704580395,0.16473072861668428,0.9555895865237366,0.2810177885354724
0.07387534990388243,0.1647712245437715,0.9540581929555896,0.2810103741286279
0.07400115597325625,0.16481187069422362,0.9525267993874426,0.28100293627437095
0.07368586350657529,0.16468725257323832,0.9555895865237366,0.2809545247379535
0.07385674659710428,0.1647276573241671,0.9540581929555896,0.2809470121502351
0.07399127283320295,0.1647682119205298,0.9525267993874426,0.28093947580998113
0.07340638078948514,0.1646036344482486,0.9571209800918836,0.2808988761540774
0.07361792413927881,0.16464379947229552,0.9555895865237366,0.2808912894183989
0.07383153521506111,0.16468411313772138,0.9540581929555896,0.28088367873901016
0.07338506716069972,0.16456029489204846,0.9571209800918836,0.28083576699294577
0.07361439935069643,0.16460036929570035,0.9555895865237366,0.28082808255758396
0.07382999594165113,0.16464059196617337,0.9540581929555896,0.280820373875638
0.07335682108264478,0.1645169781521453,0.9571209800918836,0.28077268618273993
0.07355308751074974,0.16455696202531644,0.9555895865237366,0.28076490413630145
0.07381256198865077,0.16459709379128137,0.9540581929555896,0.2807570975408208
0.07333295693617341,0.16447368421052633,0.9571209800918836,0.2807096337043601
0.07352845097910213,0.16451357764302663,0.9555895865237366,0.2807017541353614
0.07378527838411239,0.16455361859482304,0.9540581929555896,0.28069384971527805
0.07331190144328133,0.1644304130491976,0.9571209800918836,0.280646609538723
0.07345494529108439,0.16447021613073273,0.9555895865237366,0.2806386325355911
0.07328406560951048,0.1643871646501841,0.9571209800918836,0.28058361366676304
0.07344451371841006,0.16442687747035573,0.9555895865237366,0.28057553931783513
0.07321651124524893,0.16434393899552985,0.9571209800918836,0.2805206460694314
0.0734067206281679,0.1643835616438356,0.9555895865237366,0.2805124744629551
0.2974819731757151,0.4169184290030212,0.2113323124042879,0.28048780443159044
0.07321408555211725,0.1643007360672976,0.9571209800918836,0.2804577067276965
0.07315369458489109,0.164257555847569,0.9571209800918836,0.2803947956225438
0.07314337399724448,0.16421439831844456,0.9571209800918836,0.2803319127349759
0.07313794318685563,0.1641712634620436,0.9571209800918836,0.28026905804601226
0.07312897520094888,0.1641281512605042,0.9571209800918836,0.2802062315366895
0.2973809469667155,0.41566265060240964,0.2113323124042879,0.2802030452383808
0.07312159911113167,0.1640850616959832,0.9571209800918836,0.2801434331880612
0.07310629337079723,0.16404199475065617,0.9571209800918836,0.2800806629811979
0.07305267395644624,0.1639989504067174,0.9571209800918836,0.28001792089718713
0.07304846188581711,0.16395592864637984,0.9571209800918836,0.2799552069171334
0.2970825403188943,0.4144144144144144,0.2113323124042879,0.2799188636500274
0.07304615119559474,0.16391292945187516,0.9571209800918836,0.27989252102215806
0.07303538268469656,0.1638699528054536,0.9571209800918836,0.27982986319339936
0.07302286728017587,0.16382699868938402,0.9571209800918836,0.2797672334120126
0.07291343237959595,0.1637840670859539,0.9571209800918836,0.27970463165916976
0.07288348507390191,0.16374115797746921,0.9571209800918836,0.2796420579160597
0.29702360123128296,0.41317365269461076,0.2113323124042879,0.2796352579108923
0.0728695369187141,0.1636982713462546,0.9571209800918836,0.27957951216388816
0.0727625689858315,0.16365540717465304,0.9571209800918836,0.27951699438387784
0.07275953006995418,0.16361256544502617,0.9571209800918836,0.2794545045572678
0.07275842746187475,0.163569746139754,0.9571209800918836,0.27939204266531437
0.29691056008961275,0.41194029850746267,0.2113323124042879,0.2793522262724455
0.07274582003798932,0.16352694924123495,0.9571209800918836,0.2793296086892902
0.07272022031249203,0.16348417473188595,0.9571209800918836,0.27926720261048504
0.07271333905199925,0.16344142259414227,0.9571209800918836,0.2792048244102052
0.0726708505164951,0.16339869281045752,0.9571209800918836,0.27914247406977355
0.07265221317773833,0.1633559853633037,0.9571209800918836,0.2790801515705299
0.0726191130974582,0.16331330023517115,0.9571209800918836,0.2790178568938306
0.07258685511188505,0.16327063740856845,0.9571209800918836,0.2789555900210486
0.07257404635143533,0.16322799686602246,0.9571209800918836,0.2788933509335734
0.0724803629388768,0.16318537859007834,0.9571209800918836,0.2788311396128115
0.07239591363816157,0.1631427825632994,0.9571209800918836,0.27876895604018537
0.2976764983557534,0.41515151515151516,0.20980091883614088,0.2787385549965073
0.07228969468070884,0.16310020876826722,0.9571209800918836,0.2787068001971347
0.07224954132719587,0.16305765718758153,0.9571209800918836,0.2786446720651152
0.07222242069403269,0.1630151278038602,0.9571209800918836,0.2785825716255993
0.07215110591890915,0.16297262059973924,0.9571209800918836,0.2785204988600761
0.07215098630144785,0.16293013555787278,0.9571209800918836,0.2784584537500511
0.07213912678444716,0.16288767266093301,0.9571209800918836,0.27839643627704613
0.07212356685141205,0.1628452318916102,0.9571209800918836,0.2783344464225996
0.07206423305139871,0.16280281323261267,0.9571209800918836,0.2782724841682664
0.07203491860335408,0.16276041666666666,0.9571209800918836,0.27821054949561763
0.07196312814650434,0.16271804217651653,0.9571209800918836,0.2781486423862412
0.07195339440964359,0.16267568974492452,0.9571209800918836,0.278086762821741
0.07194184327233114,0.16263335935467083,0.9571209800918836,0.2780249107837375
0.07183181888133938,0.1625910509885536,0.9571209800918836,0.27796308625386734
0.07179912246578235,0.1625487646293888,0.9571209800918836,0.2779012892137837
0.07174322691317724,0.1625065002600104,0.9571209800918836,0.2778395196451561
0.07173456997700586,0.16246425786327007,0.9571209800918836,0.27777777752967003
0.07170352581334491,0.16242203742203742,0.9571209800918836,0.2777160628490275
0.07169511729525571,0.1623798389191998,0.9571209800918836,0.2776543755849469
0.07167222482875779,0.16233766233766234,0.9571209800918836,0.2775927157191625
0.07164927819114565,0.16229550766034795,0.9571209800918836,0.27753108323342507
0.07160037041633684,0.1622533748701973,0.9571209800918836,0.2774694781095016
0.07140631903423085,0.1621761658031088,0.9586523736600306,0.2774207841531064
0.07159879679904557,0.1622112639501687,0.9571209800918836,0.277407900329175
0.07139100376205892,0.16213416213416212,0.9586523736600306,0.27735932629218585
0.0715826987288623,0.1621691748832382,0.9571209800918836,0.27734634987424467
0.07137318610603427,0.16209218021750388,0.9586523736600306,0.27729789565512414
0.0715652358115399,0.1621271076523995,0.9571209800918836,0.2772848267265259
0.07136703267115994,0.16205022003624125,0.9586523736600306,0.27723649222383606
0.07156497467317639,0.1620850622406639,0.9571209800918836,0.2772233308678502
0.07134272018570734,0.16200828157349897,0.9586523736600306,0.2771751159802528
0.07151985069820324,0.1620430386310604,0.9571209800918836,0.2771618622800653
0.07132581461809503,0.16196636481241913,0.9586523736600306,0.2771137669063214
0.07148404619563781,0.16200103680663555,0.9571209800918836,0.277100420945035
0.071210419479244,0.1619244697361614,0.9586523736600306,0.2770524449840049
0.07143923253684861,0.1619590567504535,0.9571209800918836,0.277039006844639
0.07119376691402775,0.16188259632790278,0.9586523736600306,0.2769911501952824
0.29783272000862854,0.4133738601823708,0.2082695252679939,0.2769857429352853
0.07116386735240693,0.16184074457083764,0.9586523736600306,0.2769298825221488
0.0711470719355829,0.16179891444817782,0.9586523736600306,0.276868641946615
0.07108069521120818,0.16175710594315246,0.9586523736600306,0.27680742845070777
0.07102228550897043,0.16171531903900802,0.9586523736600306,0.27674624201646986
0.070893111192134,0.16167355371900827,0.9586523736600306,0.2766850826259598
0.07039723860966997,0.1615979381443299,0.9601837672281777,0.27663798784075344
0.07089143893030067,0.16163180996643428,0.9586523736600306,0.2766239502612519
0.07039714944869856,0.16155629992270035,0.9601837672281777,0.2765769737278549
0.07080858019544302,0.16159008776458442,0.9586523736600306,0.2765628449044366
0.07039082594277053,0.1615146831530139,0.9601837672281777,0.27651598652305454
0.07070985108766491,0.1615483870967742,0.9586523736600306,0.27650176653762
0.07033290030756559,0.16147308781869688,0.9601837672281777,0.27645502620855616
0.07065713657072152,0.16150670794633643,0.9586523736600306,0.27644071514292373
0.07030148702619837,0.16143151390319257,0.9601837672281777,0.27639409276657917
0.07059308079462748,0.1614650502966211,0.9586523736600306,0.27637969070248564
0.07029249315482618,0.1613899613899614,0.9601837672281777,0.27633318617935837
0.07052992766579717,0.16142341413099537,0.9586523736600306,0.27631869319845914
0.07023952719178489,0.1613484302624807,0.9601837672281777,0.27627230642914447
0.07052237795017917,0.1613817994328435,0.9586523736600306,0.27625772261301335
0.07020144399468485,0.16130692050424492,0.9601837672281777,0.2762114534982038
0.07020083129110868,0.16126543209876543,0.9601837672281777,0.27615062736881835
0.07019433328563192,0.1612239650295706,0.9601837672281777,0.27608982802328547
0.07017449975958591,0.16118251928020566,0.9601837672281777,0.27602905544391837
0.07015074644524039,0.16114109483423283,0.9601837672281777,0.27596830961304575
0.0701348479590687,0.16109969167523125,0.9601837672281777,0.2759075905130118
0.0701061774069308,0.1610583097867968,0.9601837672281777,0.2758468981261763
0.06962230760140045,0.16095189355168885,0.9632465543644717,0.2758167066171849
0.07007793454187945,0.16101694915254236,0.9601837672281777,0.2757862324349144
0.06961408049194025,0.16091071885392683,0.9632465543644717,0.2757562470146733
0.07007405327982141,0.16097560975609757,0.9601837672281777,0.27572559342161723
0.06958933271416418,0.1608695652173913,0.9632465543644717,0.27569581391209697
0.07007398184842617,0.16093429158110883,0.9601837672281777,0.2756649810686907
0.06958647296590514,0.16082843262592686,0.9632465543644717,0.2756354072920371
0.06999613684215485,0.1608929946112394,0.9601837672281777,0.2756043953585566
0.06957139434048269,0.1607873210633947,0.9632465543644717,0.27557502713709014
0.06998005204148491,0.16085171883016933,0.9601837672281777,0.27554383627365225
0.06956535067188081,0.16074623051367237,0.9632465543644717,0.27551467342986763
0.29789722724977075,0.41284403669724773,0.20673813169984687,0.2755102036369617
0.06971230535463607,0.16077828981054787,0.9617151607963247,0.2754990126959996
0.06996284557968734,0.16081046422159528,0.9601837672281777,0.27548330379643016
0.06953166242822705,0.16070516096065407,0.9632465543644717,0.27545434615299647
0.06964248930590215,0.16073713846941387,0.9617151607963247,0.275438596245838
0.06994188771533372,0.16076923076923078,0.9601837672281777,0.2754227979093584
0.06951605678747774,0.16066411238825032,0.9632465543644717,0.2753940452891186
0.06993533386853243,0.16072801845680595,0.9601837672281777,0.27536231859492044
0.0695139268363849,0.16062308478038814,0.9632465543644717,0.27533377082089144
0.06991906758400569,0.16068682726806766,0.9601837672281777,0.2753018658356151
0.06950518907827717,0.16058207812101097,0.9632465543644717,0.2752735227309873
0.06990220242088102,0.1606456571867794,0.9601837672281777,0.2752414396139564
0.2978806726448101,0.4115853658536585,0.20673813169984687,0.2752293573530432
0.06950037799740859,0.1605410923940786,0.9632465543644717,0.2752133010020939
0.06987375231152516,0.1606045081967213,0.9601837672281777,0.2751810399124741
0.06949402786992612,0.16050012758356724,0.9632465543644717,0.2751531056169139
0.06973428947306996,0.16056338028169015,0.9601837672281777,0.27512066671371294
0.06946914216256962,0.1604591836734694,0.9632465543644717,0.27509293655816525
0.06944116363859418,0.16041826064779394,0.9632465543644717,0.27503279380858087
0.06936839054952354,0.16037735849056603,0.9632465543644717,0.27497267735090886
0.06935957779940054,0.16033647718582716,0.9632465543644717,0.2749125871679125
0.06934653908320973,0.16029561671763506,0.9632465543644717,0.2748525232423698
0.06933219416164355,0.1602547770700637,0.9632465543644717,0.27479248555707425
0.06931264887817663,0.16021395822720327,0.9632465543644717,0.27473247409483414
0.06930817103484165,0.16017316017316016,0.9632465543644717,0.2746724888384726
0.06924632271211408,0.16013238289205703,0.9632465543644717,0.27461252977082823
0.06923825112345115,0.1600916263680326,0.9632465543644717,0.2745525968747542
0.06922482164040872,0.16005089058524172,0.9632465543644717,0.27449269013311867
0.06901292338386535,0.1600101755278555,0.9632465543644717,0.27443280952880506
0.06900408793390167,0.15996948118006105,0.9632465543644717,0.2743729550447114
0.06898093708451815,0.15992880752606153,0.9632465543644717,0.27431312666375074
0.06898029006342689,0.15988815455007627,0.9632465543644717,0.2742533243688512
0.06897393996443713,0.15984752223634052,0.9632465543644717,0.27419354814295555
0.06895064092639062,0.1598069105691057,0.9632465543644717,0.2741337979690215
0.06866729745039052,0.15973630831643001,0.9647779479326187,0.274091798755605
0.0688942759015429,0.15976631953263906,0.9632465543644717,0.2740740738300216
0.0686549401568615,0.1596958174904943,0.9647779479326187,0.2740321876640878
0.0688150384836781,0.15972574911122397,0.9632465543644717,0.27401437570894327
0.068646552531041,0.15965534718702484,0.9647779479326187,0.2739726024960721
0.0688023188489231,0.1596851992891597,0.9632465543644717,0.2739547035887888
0.06864344637030367,0.15961489739042312,0.9647779479326187,0.2739130432346511
0.06879394566163176,0.1596446700507614,0.9632465543644717,0.2738950574525751
0.06863860688000575,0.1595744680851064,0.9647779479326187,0.273853509862933
0.06877836270208855,0.15960416138036032,0.9632465543644717,0.27383543728333426
0.0684082029036241,0.1595045500505561,0.9663093415007658,0.273812106504455
0.06861507905297191,0.15953405925550773,0.9647779479326187,0.27379400236404056
0.06871059946918116,0.1595636732623034,0.9632465543644717,0.2737758430641125
0.06835721312821508,0.15946424058630276,0.9663093415007658,0.2737527112535777
0.2979497343291295,0.4110429447852761,0.20520673813169985,0.27374872274270823
0.06855644846111159,0.15949367088607594,0.9647779479326187,0.27373452072111104
0.0687085468840905,0.1595232056809536,0.9632465543644717,0.2737162747779714
0.06835172039438235,0.15942395149065183,0.9663093415007658,0.27369334176511656
0.06854939415930289,0.15945330296127563,0.9647779479326187,0.2736750649172967
0.06830103698251115,0.15938368274816872,0.9663093415007658,0.2736339980223141
0.06852124832918385,0.15941295546558704,0.9647779479326187,0.2736156349357641
0.06829903368874957,0.15934343434343434,0.9663093415007658,0.2735746800084268
0.06847039010709365,0.1593726283835062,0.9647779479326187,0.2735562307596947
0.06825828056485692,0.1593032062610452,0.9663093415007658,0.27351538770672573
0.0684269625093919,0.15933232169954475,0.9647779479326187,0.2734968523722842
0.06822540448001624,0.15926299848561332,0.9663093415007658,0.2734561211004967
0.06841336815717776,0.1592920353982301,0.9647779479326187,0.27343749975674336
0.06821073472527092,0.15922281100176633,0.9663093415007658,0.2733968801730399
0.0681532507402238,0.15918264379414732,0.9663093415007658,0.27333766490767003
0.06812318137934104,0.15914249684741488,0.9663093415007658,0.273278475287716
0.06810636313961137,0.15910237014624307,0.9663093415007658,0.27321931129652144
0.06810135847476712,0.1590622636753214,0.9663093415007658,0.27316017291744427
0.06809893582348202,0.15902217741935484,0.9663093415007658,0.2731010601338569
0.06800120222415175,0.15898211136306376,0.9663093415007658,0.273041972929146
0.06745239666261063,0.1588855421686747,0.9693721286370597,0.2730213497687979
0.06799752637337211,0.1589420654911839,0.9663093415007658,0.2729829112867127
0.06742828604763718,0.1588456712672522,0.9693721286370597,0.2729624835872954
0.0676507332357322,0.15887380593262945,0.9678407350689127,0.2729432085679452
0.06798689607030155,0.15890203978846637,0.9663093415007658,0.27292387518997246
0.06739771898350058,0.15880582037129956,0.9693721286370597,0.27290364278461665
0.06763748980350234,0.1588338778587585,0.9678407350689127,0.2728842830047743
0.0679146538224549,0.15886203423967774,0.9663093415007658,0.2728648646223552
0.06719169693461886,0.1587381071607411,0.9709035222052067,0.2728642132295072
0.06737725972456435,0.15876598946576373,0.9693721286370597,0.2728448273443528
0.06758648371157397,0.15879396984924624,0.9678407350689127,0.27282538287892827
0.06784503041859705,0.1588220488295998,0.9663093415007658,0.27280587956730507
0.06719115455695567,0.15869837296620776,0.9709035222052067,0.27280550750376087
0.06734377478345749,0.15872617853560683,0.9693721286370597,0.27278603725010936
0.06754281380004383,0.1587540818889726,0.9678407350689127,0.2727665081739393
0.06784426703064934,0.1587820835430297,0.9663093415007658,0.2727469200082804
0.06716412708716353,0.15865865865865866,0.9709035222052067,0.2727468270332203
0.0673336181266614,0.15868638756580597,0.9693721286370597,0.2727272724855058
0.06751277939907567,0.15871421396283275,0.9678407350689127,0.27270765887335385
0.06703118062972335,0.15861896422316737,0.9709035222052067,0.2726881718015917
0.06780723096687678,0.15874213836477988,0.9663093415007658,0.272687985928754
0.06729817721661703,0.1586466165413534,0.9693721286370597,0.27266853303417576
0.06751053896146653,0.15867436605573687,0.9678407350689127,0.2726488349607324
0.06702135414563216,0.1585792896448224,0.9709035222052067,0.27262954179259563
0.06770393502389327,0.15870221327967807,0.9663093415007658,0.272629077312213
0.06727627973167166,0.15860686544725633,0.9693721286370597,0.27260981887976715
0.06697908937319108,0.1585396349087272,0.9709035222052067,0.27257093698996626
0.06768529907311598,0.15866230827256725,0.9663093415007658,0.27257019414215844
0.06726587190399945,0.15856713426853708,0.9693721286370597,0.27255113000594167
0.298135928863867,0.4117647058823529,0.20367534456355282,0.27254098316371816
0.06695842816085987,0.1585,0.9709035222052067,0.27251235737745183
0.06725676988435535,0.1585274229902329,0.9693721286370597,0.27249246639637525
0.06694229521651218,0.15846038490377407,0.9709035222052067,0.2724538029388148
0.06688157288167632,0.1584207896051974,0.9709035222052067,0.2723952736578313
0.06685808991714046,0.15838121408943293,0.9709035222052067,0.2723367695182915
0.06656707963100442,0.15831463475442534,0.9724349157733537,0.27229845601990804
0.06669077990048815,0.15834165834165834,0.9709035222052067,0.27227829050399954
0.2980201056777647,0.4104938271604938,0.20367534456355282,0.2722620261687764
0.066562129729732,0.1582751744765703,0.9724349157733537,0.27224008550413975
0.06666643141401064,0.15830212234706617,0.9709035222052067,0.27221983659877347
0.06655944191712154,0.15823573386493894,0.9724349157733537,0.272181740007881
0.0666158390495688,0.1582626060908637,0.9709035222052067,0.27216140778644504
0.06644364890611155,0.15819631290483308,0.9724349157733537,0.2721234195150489
0.0665967717294514,0.158223109558273,0.9709035222052067,0.27210300405086013
0.06643805179253257,0.1581569115815691,0.9724349157733537,0.2720651240095746
0.06659455780545674,0.15818363273453093,0.9709035222052067,0.2720446253758783
0.06639833801669177,0.15811752988047809,0.9724349157733537,0.2720068534754027
0.06659082959396684,0.158144175604889,0.9709035222052067,0.27198627174537315
0.2979638769510067,0.40923076923076923,0.20367534456355282,0.2719836396380389
0.06635100622479177,0.15807816778690564,0.9724349157733537,0.2719486078964917
0.06657943623247911,0.15810473815461346,0.9709035222052067,0.2719279431432319
0.06634540561808244,0.15803882528621205,0.9724349157733537,0.27189038725681375
0.06634012568694031,0.15799950236377208,0.9724349157733537,0.27183219154035493
0.06633274035860107,0.15796019900497513,0.9724349157733537,0.2717740207311147
0.06631181566983035,0.15792091519522508,0.9724349157733537,0.27171587481310655
0.06630725898584236,0.15788165091994033,0.9724349157733537,0.2716577537703574
0.06628311392556598,0.1578424061645538,0.9724349157733537,0.271599657586908
0.06627713929431983,0.15780318091451292,0.9724349157733537,0.2715415862468127
0.06624447285997269,0.1577639751552795,0.9724349157733537,0.2714835397341394
0.06619178381404227,0.15772478887232985,0.9724349157733537,0.27142551803296966
0.06609790766940334,0.15768562205115472,0.9724349157733537,0.2713675211273987
0.06607993603309295,0.15764647467725917,0.9724349157733537,0.27130954900153537
0.06603060230150272,0.1576073467361628,0.9724349157733537,0.2712516016395019
0.0659568515588784,0.1575682382133995,0.9724349157733537,0.2711936790254344
0.06593262211273969,0.15752914909451748,0.9724349157733537,0.27113578114348214
0.06592172378805856,0.15749007936507936,0.9724349157733537,0.2710779079778082
0.06590306472060008,0.15745102901066205,0.9724349157733537,0.2710200595125891
0.06588628428461821,0.1574119980168567,0.9724349157733537,0.2709622357320149
0.0658838101509791,0.15737298636926889,0.9724349157733537,0.270904436620289
0.06587861528481262,0.15733399405351833,0.9724349157733537,0.27084666216162856
0.06585955757290071,0.15729502105523904,0.9724349157733537,0.27078891234026387
0.29827700719927414,0.40993788819875776,0.20214395099540583,0.27076923032685657
0.06583131520394518,0.15725606736007924,0.9724349157733537,0.2707311871404388
0.06572524718546202,0.1572171329537014,0.9724349157733537,0.2706734865464109
0.06546317988715399,0.15715344699777614,0.9739663093415007,0.27063829763307456
0.0656873357597566,0.15717821782178218,0.9724349157733537,0.27061581054245076
0.06544591392161205,0.15711462450592886,0.9739663093415007,0.27058072726556304
0.06568120786446699,0.15713932195001237,0.9724349157733537,0.2705581591128424
0.06537941399167872,0.15707582119041738,0.9739663093415007,0.27052318138566
0.06563498442461461,0.15710044532409698,0.9724349157733537,0.27050053224188364
0.06535275928849121,0.15703703703703703,0.9739663093415007,0.27046565997774497
0.06560213875515733,0.15706158792975514,0.9724349157733537,0.27044292991388524
0.06506969014883475,0.15697387875800886,0.9754977029096478,0.2704309061505045
0.06534778287884506,0.15699827203159714,0.9739663093415007,0.2704081630262109
0.06559457519415596,0.15702274975272007,0.9724349157733537,0.27038535211317144
0.06503893302567093,0.15693520571569353,0.9754977029096478,0.2703735141924848
0.06533734047287568,0.15695952615992104,0.9739663093415007,0.2703506905154639
0.06554673259427676,0.15698393077873918,0.9724349157733537,0.27032779882408
0.06497754203956281,0.15689655172413794,0.9754977029096478,0.2703161465892107
0.06531839979672745,0.15692079940784603,0.9739663093415007,0.2702932424299233
0.0655383580372422,0.1569451309935739,0.9724349157733537,0.2702702700309617
0.0649341503999036,0.15685791676926866,0.9754977029096478,0.2702588033251828
0.06522979376695776,0.15688209176122347,0.9739663093415007,0.2702358187540218
0.06490233733100786,0.15681930083702608,0.9754977029096478,0.2702014843849148
0.06522846427641064,0.1568434032059186,0.9739663093415007,0.27017841947220517
0.06488603283070744,0.15678070391336452,0.9754977029096478,0.27014418975293364
0.06514217798187412,0.15680473372781065,0.9739663093415007,0.2701210445689326
0.06484385002967707,0.15674212598425197,0.9754977029096478,0.2700869194137792
0.0651099779493233,0.1567660833127927,0.9739663093415007,0.2700636940286763
0.06483452366205153,0.15670356703567034,0.9754977029096478,0.27002967335200473
0.06482945254290248,0.15666502705361535,0.9754977029096478,0.2699724515521763
0.06482772334738277,0.1566265060240964,0.9754977029096478,0.26991525399887323
0.06434892781612438,0.1565644171779141,0.9770290964777948,0.269881556445511
0.06472096874429759,0.15658800393313668,0.9754977029096478,0.2698580806766879
0.06430357253864556,0.15652600588812562,0.9770290964777948,0.2698244869685637
0.06466887301365518,0.15654952076677317,0.9754977029096478,0.2698009315702256
0.06430239191184504,0.15648761344125584,0.9770290964777948,0.2697674416224735
0.06465508914078338,0.1565110565110565,0.9754977029096478,0.2697438066641048
0.0642981380558764,0.15644923982344286,0.9770290964777948,0.2697104203919386
0.06460433006601493,0.1564726111520511,0.9754977029096478,0.269686705942957
0.06427558232845411,0.15641088502083844,0.9770290964777948,0.26965342326167024
0.06449613300744124,0.15643418467583498,0.9754977029096478,0.2696296293914266
0.06427172045023338,0.15637254901960784,0.9770290964777948,0.2695964502163924
0.06448080398977286,0.15639577706849989,0.9754977029096478,0.26957257699417103
0.06423611035129934,0.15633423180592992,0.9770290964777948,0.2695395012408423
0.06440736255542573,0.1563573883161512,0.9754977029096478,0.2695155487358608
0.06415787211953007,0.15629593336599706,0.9770290964777948,0.26948257631976963
0.06415405140113208,0.15625765368601519,0.9770290964777948,0.2694256754379374
0.06414690302936409,0.15621939275220373,0.9770290964777948,0.269368798580121
0.06414567525340116,0.1561811505507956,0.9770290964777948,0.2693119457311092
0.06413224536051297,0.1561429270680372,0.9770290964777948,0.26925511687570314
0.0638968053216411,0.15608207132388863,0.9785604900459418,0.26922266671027045
0.06411409885329096,0.1561047222901884,0.9770290964777948,0.2691983119987172
0.06383434896335936,0.15604395604395604,0.9785604900459418,0.2691659643794474
0.06410794538913174,0.1560665362035225,0.9770290964777948,0.2691415310849782
0.0638301944993973,0.156005859375,0.9785604900459418,0.2691092859283172
0.06404321968492377,0.15602836879432624,0.9770290964777948,0.2690847741193259
0.06375075358094373,0.15596778130339273,0.9785604900459418,0.269052631341798
0.06403576188289008,0.15599022004889976,0.9770290964777948,0.269028041086613
0.06372900348081863,0.15592972181551976,0.9785604900459418,0.26899600060482065
0.2983369273685808,0.40809968847352024,0.2006125574272588,0.2689938393938226
0.06401778337189352,0.15595208995355658,0.9770290964777948,0.2689713319717048
0.06365153811095386,0.15589168089777994,0.9785604900459418,0.26893939370232844
0.06398839361747784,0.15591397849462366,0.9770290964777948,0.2689146467594794
0.06361026144133396,0.15585365853658537,0.9785604900459418,0.26888281061927777
0.06393272584531569,0.15587588565844124,0.9770290964777948,0.2688579854348276
0.06358675510397079,0.15581565471836137,0.9785604900459418,0.26882625134063726
0.06357781795674855,0.15577766942954657,0.9785604900459418,0.26876971585138837
0.0634749783908727,0.15573970265659273,0.9785604900459418,0.2687132041365252
0.0633773580547348,0.15570175438596492,0.9785604900459418,0.2686567161810545
0.0633187121592614,0.1556638246041413,0.9785604900459418,0.2686002519699956
0.06331643372149409,0.15562591329761324,0.9785604900459418,0.2685438114883801
0.06331187852284455,0.1555880204528853,0.9785604900459418,0.2684873947212528
0.06328809459425427,0.15555014605647516,0.9785604900459418,0.2684310016536706
0.06326065740462797,0.1555122900949136,0.9785604900459418,0.2683746322707031
0.06321737466767754,0.1554744525547445,0.9785604900459418,0.26831828655743234
0.06318530839795078,0.15543663342252492,0.9785604900459418,0.2682619644989532
0.0631152391214043,0.1553988326848249,0.9785604900459418,0.26820566608037255
0.06310679295495268,0.15536105032822758,0.9785604900459418,0.2681493912868103
0.06309931606469252,0.15532328633932913,0.9785604900459418,0.26809314010339846
0.06307763392068398,0.15528554070473877,0.9785604900459418,0.2680369125152816
0.06306721051288976,0.1552478134110787,0.9785604900459418,0.2679807085076169
0.06304563605643897,0.1552101044449842,0.9785604900459418,0.26792452806557393
0.06297229321024327,0.15517241379310345,0.9785604900459418,0.26786837117433454
0.06293126009856118,0.1551347414420976,0.9785604900459418,0.26781223781909325
0.06292858576090998,0.15509708737864078,0.9785604900459418,0.26775612798505666
0.06292606594736452,0.15505945158942006,0.9785604900459418,0.2677000416574441
0.06292426999034771,0.15502183406113537,0.9785604900459418,0.267643978821487
0.06290481795231978,0.15498423478049964,0.9785604900459418,0.2675879394624295
0.06282810431644924,0.1549466537342386,0.9785604900459418,0.2675319235655277
0.29900453662999626,0.40752351097178685,0.1990811638591118,0.2674897114931942
0.0627352957601621,0.1549090909090909,0.9785604900459418,0.2674759311160503
0.06272176737838248,0.15487154629180805,0.9785604900459418,0.26741996209927826
0.06264911211188708,0.15483401986915435,0.9785604900459418,0.26736401650050495
0.06261467689482149,0.15479651162790697,0.9785604900459418,0.2673080943050359
0.06255847645474369,0.1547590215548559,0.9785604900459418,0.2672521954981889
0.298573389711118,0.40625,0.1990811638591118,0.2672147991474646
0.0625266838782674,0.15472154963680387,0.9785604900459418,0.26719632006529415
0.062522629998248,0.15468409586056645,0.9785604900459418,0.26714046799169405
0.06250171158560686,0.15464666021297194,0.9785604900459418,0.26708463926274345
0.06198602214314166,0.1545695683626718,0.9816232771822359,0.26708333309826465
0.06247372281363514,0.15460924268086135,0.9785604900459418,0.26702883386380905
0.06179381111960737,0.15453230472516877,0.9816232771822359,0.2670277023269389
0.062246751625931115,0.15455204056991065,0.9800918836140888,0.2670004169528354
0.06246725256023191,0.15457184325108853,0.9785604900459418,0.2669730517802701
0.061778617303845686,0.15449505905037358,0.9816232771822359,0.266972094725447
0.06224597971755262,0.1545147271849348,0.9800918836140888,0.2669447338627436
0.0624540694555022,0.15453446191051995,0.9785604900459418,0.2669172929975179
0.06177652798017115,0.1544578313253012,0.9816232771822359,0.2669165102793169
0.06220516952687555,0.1544774318126961,0.9800918836140888,0.2668890739932899
0.06245162335699541,0.1544970986460348,0.9785604900459418,0.266861557500956
0.061747080747661595,0.15442062153697905,0.9816232771822359,0.26686094897408874
0.06218370375050193,0.15444015444015444,0.9800918836140888,0.2668334373299524
0.06162058480879171,0.15436402981485933,0.9831546707503829,0.2668329174711611
0.06241605086308231,0.154459753444525,0.9785604900459418,0.2668058452760002
0.061731147866022656,0.154383429672447,0.9816232771822359,0.26680541079531434
0.3000053392854441,0.410828025477707,0.19754977029096477,0.26680454971656814
0.062040594153363764,0.15440289505428226,0.9800918836140888,0.266777823858221
0.061591917663149844,0.15432692307692308,0.9831546707503829,0.2667774774301248
0.06240282535810888,0.15442242629289513,0.9785604900459418,0.2667501563080785
0.061724853256895286,0.1543462557187575,0.9816232771822359,0.2667498957285578
0.06201552617995121,0.15436565364206464,0.9800918836140888,0.26672223356359814
0.06158545380067382,0.15428983417447728,0.9831546707503829,0.2667220604219264
0.062402221294771396,0.15438511717806233,0.9785604900459418,0.26669449058263084
0.061723656945577465,0.15430909966297546,0.9816232771822359,0.26669440375939496
0.061561230719088776,0.154252763094666,0.9831546707503829,0.2666666664322153
0.061717466627284806,0.1542719614921781,0.9816232771822359,0.26663893487341406
0.06237975040928287,0.15434782608695652,0.9785604900459418,0.26663884808510946
0.061016550302817434,0.15414073719483007,0.9862174578866769,0.26661146737125446
0.061539011152211574,0.1542157098246457,0.9831546707503829,0.26661129544665285
0.06170160245324455,0.15423484119345524,0.9816232771822359,0.266583489056215
0.06098892209729818,0.1541038525963149,0.9862174578866769,0.266556291156973
0.06152158458646344,0.15417867435158503,0.9831546707503829,0.2665559474509121
0.2997210677773369,0.4095238095238095,0.19754977029096477,0.2665289251807958
0.06168230547152449,0.15419773875390907,0.9816232771822359,0.26652806629340975
0.0609602925083196,0.15406698564593302,0.9862174578866769,0.2665011377758032
0.061497598678144305,0.15414165666266508,0.9831546707503829,0.26650062243067807
0.06162166389631674,0.15416065416065416,0.9816232771822359,0.2664726665706224
0.060918712728978384,0.15403013633102128,0.9862174578866769,0.2664460072135748
0.06146469791600634,0.1541046567450792,0.9831546707503829,0.2664453203716476
0.060845709028128546,0.15399330463892874,0.9862174578866769,0.2663908994561291
0.06139613568615078,0.15406767458603313,0.9831546707503829,0.26639004125952964
0.06108189957469869,0.1540119760479042,0.9846860643185299,0.2663628829475228
0.06069832487878311,0.1539564905570165,0.9862174578866769,0.2663358144893192
0.06138273985542245,0.15403071017274472,0.9831546707503829,0.2663347850800449
0.061063970559719016,0.1539750957854406,0.9846860643185299,0.26630772393261615
0.06068009023880726,0.15391969407265774,0.9862174578866769,0.26628075229901
0.0613285856497534,0.15399376349244423,0.9831546707503829,0.2662795518189257
0.299307293339603,0.40822784810126583,0.19754977029096477,0.2662538695295162
0.061043317956209306,0.15393823318170935,0.9846860643185299,0.2662525877578813
0.060641598928199,0.15388291517323777,0.9862174578866769,0.26622571287107794
0.061313403767213094,0.1539568345323741,0.9831546707503829,0.2662243414619164
0.060594802352575396,0.15384615384615385,0.9862174578866769,0.26617069619141115
0.0613008869432078,0.153919923279789,0.9831546707503829,0.26616915399477326
0.06057140016812871,0.15380941007881538,0.9862174578866769,0.26611570224590947
0.061286490054684235,0.1538830297219559,0.9831546707503829,0.26611398940326425
0.06052160518888177,0.15377268385864373,0.9862174578866769,0.2660607310204845
0.06118403324226228,0.15384615384615385,0.9831546707503829,0.2660588476731689
0.060505694943049436,0.15373597517307233,0.9862174578866769,0.26600578250105933
0.06116792567495806,0.1538092956396742,0.9831546707503829,0.26600372879027895
0.2991136811952902,0.4069400630914827,0.19754977029096477,0.2659793810032926
0.06050354054331193,0.15369928400954655,0.9862174578866769,0.26595085667356866
0.06032574359634866,0.15366261035552375,0.9862174578866769,0.26589595352395884
0.06029070150320601,0.15362595419847327,0.9862174578866769,0.2658410730381879
0.060210750924696764,0.15358931552587646,0.9862174578866769,0.2657862152022253
0.060082032262592205,0.1535526943252265,0.9862174578866769,0.26573138000205226
0.2990164364157695,0.4056603773584906,0.19754977029096477,0.26570545784993654
0.06002927431879734,0.1535160905840286,0.9862174578866769,0.2656765674236616
0.05999135705227105,0.1534795042897998,0.9862174578866769,0.2656217774530573
0.05998942015769579,0.1534429354300691,0.9862174578866769,0.2655670100762554
0.059951405205455235,0.15340638399237733,0.9862174578866769,0.2655122652792831
0.05991658428278139,0.15336984996427722,0.9862174578866769,0.26545754304817937
0.05986463698252108,0.15333333333333332,0.9862174578866769,0.26540284336899445
0.059828525615359424,0.1532968340871221,0.9862174578866769,0.26534816622779017
0.0598259277351247,0.15326035221323178,0.9862174578866769,0.26529351161064
0.3007722734378122,0.41025641025641024,0.19601837672281777,0.2652849736556987
0.05979390612898661,0.15322388769926243,0.9862174578866769,0.2652388795036288
0.05978366118731449,0.15318744053282587,0.9862174578866769,0.2651842698928526
0.059780031323961896,0.15315101070154577,0.9862174578866769,0.26512968276441934
0.05973614207040836,0.15311459819305753,0.9862174578866769,0.265075118104448
0.059735882344333635,0.15307820299500832,0.9862174578866769,0.2650205758990693
0.3000215352617711,0.40894568690095845,0.19601837672281777,0.2650103515288141
0.05972401832737138,0.15304182509505704,0.9862174578866769,0.26496605613442514
0.059712457120571924,0.15300546448087432,0.9862174578866769,0.264911558796669
0.059693221713160986,0.15296912114014252,0.9862174578866769,0.26485708387196555
0.05965943762681778,0.15293279506055568,0.9862174578866769,0.26480263134649107
0.05960203182301783,0.15289648622981955,0.9862174578866769,0.26474820120643294
0.05956185304168435,0.15286019463565156,0.9862174578866769,0.26469379343799027
0.05954942956609337,0.15282392026578073,0.9862174578866769,0.264639408027373
0.05950436934747325,0.1527876631079478,0.9862174578866769,0.2645850449608029
0.05945051236422941,0.1527514231499051,0.9862174578866769,0.2645307042245127
0.05941473777705705,0.15271520037941666,0.9862174578866769,0.2644763858047467
0.05941411067631383,0.15267899478425795,0.9862174578866769,0.2644220896877603
0.05939039804294632,0.15264280635221616,0.9862174578866769,0.2643678158598203
0.05938012473404453,0.15260663507109004,0.9862174578866769,0.26431356430720476
0.059122269428287,0.15255439924314096,0.9877488514548239,0.2642901042550137
0.059330660185846894,0.15257048092868988,0.9862174578866769,0.26425933501620286
0.05910846447477741,0.15251832584535352,0.9877488514548239,0.2642359686334876
0.05931308789236746,0.15253434391283752,0.9862174578866769,0.2642051279731153
0.0590947904369433,0.1524822695035461,0.9877488514548239,0.2641818551850605
0.05929435924323583,0.15249822401136634,0.9862174578866769,0.2641509431642537
0.059015975789369186,0.15244623020562514,0.9877488514548239,0.2641277638961127
0.059254216349881095,0.15246212121212122,0.9862174578866769,0.2640967805759412
0.058972812148423266,0.15241020793950852,0.9877488514548239,0.2640736947530356
0.05924164616943454,0.15242603550295858,0.9862174578866769,0.26404264019451196
0.05896721763681639,0.15237420269312543,0.9877488514548239,0.26401964774223147
0.05921058952669278,0.15238996687174633,0.9862174578866769,0.2639885220063114
0.05892551602113387,0.15233821445441662,0.9877488514548239,0.26396562285011405
0.05913438977954718,0.15235391530636386,0.9862174578866769,0.2639344259976963
0.05888617432205413,0.15230224321133412,0.9877488514548239,0.2639116200631079
0.05884356675947654,0.15226628895184136,0.9877488514548239,0.26385763936764894
0.05879127014524577,0.15223035166391313,0.9877488514548239,0.2638036807501841
0.05861648181752151,0.15217903415783274,0.9892802450229708,0.2637811349261159
0.05833116358832807,0.15212790971079238,0.9908116385911179,0.26375866263102965
0.05877791397292382,0.15219443133553562,0.9877488514548239,0.2637497441971713
0.058592837699880426,0.1521431935939708,0.9892802450229708,0.2637272910528842
0.05828814784003345,0.1520921485660555,0.9908116385911179,0.2637049111203986
0.058774516973648334,0.1521585279547063,0.9877488514548239,0.26369582969507954
0.05858468583511061,0.15210736990817048,0.9892802450229708,0.2636734691567437
0.05822768580544447,0.15205640423031727,0.9908116385911179,0.2636511815133987
0.05876161458666676,0.15212264150943397,0.9877488514548239,0.26364193723038903
0.058542845627776285,0.15207156308851225,0.9892802450229708,0.2636196692242418
0.058203565278771956,0.15202067669172933,0.9908116385911179,0.263597473796644
0.05875296664646076,0.15208677198773873,0.9877488514548239,0.2635880667895909
0.058541512403671225,0.15203577312308778,0.9892802450229708,0.26356589124193663
0.058163769008762335,0.15198496593845431,0.9908116385911179,0.2635437879567597
0.05874831114698199,0.15205091937765206,0.9877488514548239,0.2635342183591874
0.058495726569034685,0.152,0.9892802450229708,0.26351213519639766
0.05815770098072799,0.15194927195866603,0.9908116385911179,0.2634901239803817
0.30078741814618476,0.40836012861736337,0.19448698315467075,0.26348547674135475
0.0587164821926478,0.15201508366721658,0.9877488514548239,0.2634803919256917
0.05771718094904668,0.1518987341772152,0.9923430321592649,0.26346818436010816
0.05840555508684857,0.15196424370736297,0.9892802450229708,0.2634584010742052
0.05815198144701957,0.1519135947405494,0.9908116385911179,0.26343648185415697
0.05869741059808771,0.15197926484448634,0.9877488514548239,0.26342658747562814
0.05768071528111742,0.15186313569252402,0.9923430321592649,0.26341463391612535
0.05838365770577935,0.15192850423330198,0.9892802450229708,0.26340468886195045
0.05808781811309605,0.15187793427230048,0.9908116385911179,0.26338286156474333
0.057676813122970925,0.15182755388940955,0.9923430321592649,0.26336110523619216
0.05807062668101311,0.15184229054212625,0.9908116385911179,0.2633292630988092
0.057590102502347806,0.151791988756149,0.9923430321592649,0.26330759830704314
0.05799722042322538,0.15180666353824496,0.9908116385911179,0.26327568644303423
0.05755199444881735,0.15175644028103044,0.9923430321592649,0.2632541131154238
0.0579413762023315,0.15177105324888576,0.9908116385911179,0.26322213158410857
0.0575451581504934,0.1517209084523531,0.9923430321592649,0.2632006496480902
0.05781912456214393,0.15173545966228894,0.9908116385911179,0.26316859850873353
0.05742608487223235,0.15168539325842698,0.9923430321592649,0.2631472078918094
0.05776392482429307,0.15169988276670573,0.9908116385911179,0.2631150872036208
0.05740734537587334,0.15164989468757314,0.9923430321592649,0.26309378783335885
0.057390484463890785,0.15161441272812354,0.9923430321592649,0.26304038945952724
0.057389439122038914,0.15157894736842106,0.9923430321592649,0.2629870127571135
0.05735808949604344,0.15154349859681945,0.9923430321592649,0.2629336577129276
0.05733750045768914,0.15150806640168343,0.9923430321592649,0.26288032431379016
0.05688535834512189,0.1514726507713885,0.9923430321592649,0.2628270125465322
0.05674581489101058,0.1514372516943211,0.9923430321592649,0.2627737223979958
0.056736119765787914,0.15140186915887852,0.9923430321592649,0.2627204538550335
0.05671790277849314,0.1513665031534688,0.9923430321592649,0.2626672069045085
0.05659749544741893,0.15133115366651098,0.9923430321592649,0.2626139815332948
0.05657321866648837,0.15129582068643474,0.9923430321592649,0.26256077772827696
0.056458212377382334,0.15126050420168066,0.9923430321592649,0.26250759547635
0.05639819658900846,0.15122520420070013,0.9923430321592649,0.2624544347644198
0.05639626552537029,0.1511899206719552,0.9923430321592649,0.2624012955794027
0.056282575330619124,0.15115465360391883,0.9923430321592649,0.26234817790822573
0.05624392612579472,0.15111940298507462,0.9923430321592649,0.2622950817378264
0.05622479277728136,0.151084168803917,0.9923430321592649,0.2622420070551528
0.05616532081616889,0.15104895104895105,0.9923430321592649,0.26218895384716373
0.056144397695576546,0.1510137497086926,0.9923430321592649,0.26213592210082837
0.05610768518482065,0.1509785647716682,0.9923430321592649,0.2620829118031265
0.05608347017372664,0.1509433962264151,0.9923430321592649,0.26202992294104843
0.055997943508749065,0.15090824406148112,0.9923430321592649,0.26197695550159505
0.055987712622817404,0.1508731082654249,0.9923430321592649,0.2619240094717777
0.055657249886641204,0.15082500580990008,0.9938744257274119,0.26190476167596405
0.055875807923650316,0.15083798882681565,0.9923430321592649,0.2618710848386181
0.055556555230268416,0.15078996282527882,0.9938744257274119,0.26185192633973026
0.05587091174724196,0.1508028857342332,0.9923430321592649,0.26181818158914877
0.055510648792421735,0.15075493612078977,0.9938744257274119,0.26179911231666164
0.05576485480803959,0.15076779897626802,0.9923430321592649,0.26176529971041235
0.05531186650561595,0.15071992568509057,0.9938744257274119,0.2617463195938644
0.055717756460248645,0.15073272854152128,0.9923430321592649,0.2617124391894622
0.05530271182388763,0.1506849315068493,0.9938744257274119,0.2616935481584554
0.3008176152522813,0.4064516129032258,0.19295558958652373,0.2616822425540858
0.05571697198197338,0.15069767441860465,0.9923430321592649,0.261659600013362
0.05526284993366584,0.15064995357474467,0.9938744257274119,0.26164079799756185
0.055716518975691486,0.15066263659614043,0.9923430321592649,0.261606782169186
0.05514255075557506,0.15061499187746577,0.9938744257274119,0.2615880690983212
0.05567094520439993,0.1506276150627615,0.9923430321592649,0.26155398564401866
0.05514253561039033,0.1505800464037123,0.9938744257274119,0.26153536144788136
0.054474624955492296,0.1505326540064845,0.9954058192955589,0.26151679719685345
0.05509697868719535,0.15054511714219437,0.9938744257274119,0.26148267503340056
0.05438866837371502,0.15049780041676314,0.9954058192955589,0.26146419928912396
0.05508708268243773,0.15051020408163265,0.9938744257274119,0.2614300098420475
0.05438582555129827,0.15046296296296297,0.9954058192955589,0.2614116225347858
0.05508623546606639,0.15047530721075816,0.9938744257274119,0.2613773658610011
0.054337159791454974,0.15042814163388105,0.9954058192955589,0.26135906692108063
0.054880341424849606,0.15044042651831246,0.9938744257274119,0.2613247430774505
0.05417633018183389,0.15039333641832486,0.9954058192955589,0.2613065324352604
0.0548354700346574,0.1504055619930475,0.9938744257274119,0.2612721414785954
0.05417592217712992,0.1503585473051122,0.9954058192955589,0.26125401906458723
0.054686952568096484,0.15037071362372567,0.9938744257274119,0.2612195610516458
0.054142752772264005,0.15032377428307123,0.9954058192955589,0.26120152679633346
0.054493107952878254,0.15033588139911977,0.9938744257274119,0.2611670017838216
0.054108609960254794,0.15028901734104047,0.9954058192955589,0.26114905561778173
0.053980460822575814,0.1502542764678687,0.9954058192955589,0.2610966055162247
0.05394519687950125,0.15021955165241507,0.9954058192955589,0.26104417647896555
0.05392939308953895,0.150184842883549,0.9954058192955589,0.26099176849331746
0.05162035630253539,0.15009208103130756,0.998468606431853,0.2609565737171635
0.05385309871029957,0.15015015015015015,0.9954058192955589,0.26093938154660373
0.05148040267855884,0.15005753739930955,0.998468606431853,0.2609043615175334
0.053844378069090586,0.15011547344110854,0.9954058192955589,0.260887015626158
0.05123577006713226,0.1500230096640589,0.998468606431853,0.2608521702069609
0.053812694949704344,0.1500808127453244,0.9954058192955589,0.260834670719324
0.05258022830384818,0.15003457017746025,0.996937212863706,0.2608173074649112
0.05123370351263909,0.14998849781458476,0.998468606431853,0.2607999997729127
0.05377617073260604,0.15004616805170823,0.9954058192955589,0.26078234681345575
0.05249435293369229,0.15,0.996937212863706,0.2607650708721816
0.05079714387066083,0.1499540018399264,0.998468606431853,0.2607478502028653
0.053434259426098286,0.1500115393491807,0.9954058192955589,0.2607300438959171
0.051878451230301735,0.14996544574982723,0.996937212863706,0.26071285519919274
0.050685836083546015,0.14991952172913314,0.998468606431853,0.26069572148430536
0.05337230902924117,0.1499769266266728,0.9954058192955589,0.2606777619540822
0.05176607553575303,0.14993090741593734,0.996937212863706,0.2606606604333802
0.05023766938659007,0.14988505747126438,0.998468606431853,0.26064361360472943
0.04841714617578451,0.14983937586048646,1.0,0.26062662120618424
0.05331667461880043,0.14994232987312572,0.9954058192955589,0.26062550097533554
0.05165959253856702,0.14989638498733596,0.996937212863706,0.26060848656218977
0.05017571341628076,0.14985060905538958,0.998468606431853,0.26059152655164414
0.0484133001031751,0.14980500114705209,1.0,0.2605746206831914
0.05320946753070786,0.14990774907749077,0.9954058192955589,0.26057326094707145
0.049915247679774497,0.14981617647058823,0.998468606431853,0.26053946031256603
0.047668782902851745,0.14977064220183486,1.0,0.26052264090646743
0.05303449268652401,0.14987318422872953,0.9954058192955589,0.2605210418566945
0.049910355740909094,0.14978175970594992,0.998468606431853,0.2604874148750218
0.04344259656830579,0.1497362990139876,1.0,0.26047068186359934
0.052950885906232606,0.14983863531581373,0.9954058192955589,0.2604688436916191
0.04952660885708721,0.14974735875057418,0.998468606431853,0.2604353902265479
0.049159089979752914,0.1497129735935706,0.998468606431853,0.2603833863546907
0.04872526025149039,0.14967860422405876,0.998468606431853,0.2603314032470068
0.04862377315882479,0.14964425063116824,0.998468606431853,0.26027944089106253
0.3012890696298904,0.40584415584415584,0.19142419601837674,0.26014568114612663
0.3010435455641143,0.4045307443365696,0.19142419601837674,0.2598752594391946
0.3033130588112127,0.41414141414141414,0.1883614088820827,0.2589473679912665
0.3031421172554873,0.412751677852349,0.1883614088820827,0.25867507843402654
0.30132856189585716,0.40522875816993464,0.18989280245022971,0.25860271072291807
0.3027922772007125,0.411371237458194,0.1883614088820827,0.25840336091367355
0.30128950987252606,0.40390879478827363,0.18989280245022971,0.2583333328982835
0.30492788899644246,0.4178082191780822,0.18683001531393567,0.25820105777402425
0.30267804373740587,0.41,0.1883614088820827,0.258132213629462
0.3042385710031154,0.41638225255972694,0.18683001531393567,0.25792811796564363
0.30248469799065864,0.40863787375415284,0.1883614088820827,0.25786163478819624
0.30407010586862276,0.41496598639455784,0.18683001531393567,0.2576557545876948
0.3023082167483986,0.40728476821192056,0.1883614088820827,0.2575916226041918
0.30385520564271556,0.4135593220338983,0.18683001531393567,0.2573839658160306
0.3022895010265025,0.40594059405940597,0.1883614088820827,0.2573221752992354
0.30364278169048037,0.41216216216216217,0.18683001531393567,0.25711274983419297
0.30226827319055055,0.40460526315789475,0.1883614088820827,0.2570532911025464
0.3017699734333705,0.40327868852459015,0.1883614088820827,0.25678496825073766
0.3050812024915109,0.41580756013745707,0.18529862174578868,0.25635593177691623
0.3055723459847769,0.4166666666666667,0.18376722817764166,0.2550478210417525
0.3055105531648265,0.41522491349480967,0.18376722817764166,0.25477706963835134
0.30508973430406783,0.41379310344827586,0.18376722817764166,0.254506892469106
0.30576971957997806,0.4146341463414634,0.18223583460949463,0.2531914889375034
0.3059100337956829,0.4125874125874126,0.1807044410413476,0.2513312029842592
0.3061692809819959,0.4134275618374558,0.17917304747320062,0.24999999957813077
0.3060126201203013,0.4119718309859155,0.17917304747320062,0.24973319061276197
0.30597315967818567,0.4105263157894737,0.17917304747320062,0.24946695053644735
0.3062838401547692,0.41134751773049644,0.1776416539050536,0.24812834182471105
0.3073432482886876,0.4136690647482014,0.17611026033690658,0.24704618647693194
0.30709003150336933,0.4121863799283154,0.17611026033690658,0.24678111546034417
0.3065054791689756,0.4107142857142857,0.17611026033690658,0.2465166126560129
0.3064714997057651,0.4092526690391459,0.17611026033690658,0.24625267623884517
0.3076049007041162,0.41304347826086957,0.17457886676875958,0.24542518795693832
0.3073677560981734,0.41155234657039713,0.17457886676875958,0.24516128990431035
0.3081675126988159,0.4139194139194139,0.17304747320061256,0.2440604747461877
0.3079544887686076,0.4124087591240876,0.17304747320061256,0.24379719483708337
0.3079265977507194,0.4109090909090909,0.17304747320061256,0.24353448234157857
0.30937674243236496,0.4148148148148148,0.17151607963246554,0.2426868901603068
0.30859261711847935,0.4132841328413284,0.17151607963246554,0.24242424200970042
0.3082107520959884,0.4117647058823529,0.17151607963246554,0.24216216174698965
0.31133246974661494,0.4188679245283019,0.16998468606431852,0.24183006494879702
0.31076197078665785,0.41729323308270677,0.16998468606431852,0.2415669201544992
0.31042194906076936,0.4157303370786517,0.16998468606431852,0.24130434741410445
0.3099957093768474,0.4141791044776119,0.16998468606431852,0.24104234486424495
0.30939455599045923,0.41263940520446096,0.16998468606431852,0.240780910649637
0.3117628496346542,0.41825095057034223,0.16845329249617153,0.2401746720797206
0.3144188767722964,0.42745098039215684,0.1669218989280245,0.2400881053229371
0.3117162263014841,0.4166666666666667,0.16845329249617153,0.2399127585867053
0.31432457863913277,0.42578125,0.1669218989280245,0.23982398199361235
0.31380153834197,0.42412451361867703,0.1669218989280245,0.2395604391551238
0.3134565804754863,0.42248062015503873,0.1669218989280245,0.239297474895866
0.31307034155934976,0.42084942084942084,0.1669218989280245,0.23903508731261783
0.31290157250217193,0.41923076923076924,0.1669218989280245,0.23877327451049643
0.31244283084138647,0.41762452107279696,0.1669218989280245,0.2385120346029117
0.3118303463063842,0.41603053435114506,0.1669218989280245,0.23825136571152083
0.3146113382690841,0.4251968503937008,0.16539050535987748,0.23814773939830475
0.3167338435806604,0.4344262295081967,0.16232771822358347,0.23634336638210118
0.3148545697474753,0.42292490118577075,0.1638591117917305,0.2362030901051879
0.31637171234543093,0.4326530612244898,0.16232771822358347,0.23608017777693316
0.3162970924017148,0.43089430894308944,0.16232771822358347,0.2358175746859061
0.3162834290716757,0.4291497975708502,0.16232771822358347,0.2355555551573062
0.31611402004813094,0.4274193548387097,0.16232771822358347,0.23529411724808422
0.3173190866167514,0.4375,0.16079632465543645,0.23516237362710343
0.3160506584705453,0.42570281124497994,0.16232771822358347,0.2350332590238077
0.31719481060200866,0.43568464730290457,0.16079632465543645,0.2348993284652518
0.31603807549903556,0.424,0.16232771822358347,0.23477297855861295
0.31712009266464514,0.43388429752066116,0.16079632465543645,0.23463687111382042
0.3158917802972472,0.42231075697211157,0.16232771822358347,0.23451327393515795
0.31921688887611166,0.4444444444444444,0.15926493108728942,0.23449830851799702
0.3168461081844033,0.43209876543209874,0.16079632465543645,0.23437499960469402
0.3152819648018415,0.42063492063492064,0.16232771822358347,0.23425414324457497
0.31903156035611213,0.4425531914893617,0.15926493108728942,0.2342342338450232
0.31831069159345143,0.4406779661016949,0.15926493108728942,0.23397075326580466
0.31779953390883214,0.4388185654008439,0.15926493108728942,0.23370786477777808
0.31752940109780603,0.4369747899159664,0.15926493108728942,0.23344556638737038
0.3173776085580579,0.4351464435146444,0.15926493108728942,0.2331838561099484
0.3194941860344449,0.4458874458874459,0.15773353751914243,0.23303167382208853
0.31943212654299735,0.44396551724137934,0.15773353751914243,0.23276836119506913
0.31929901325713544,0.44206008583690987,0.15773353751914243,0.23250564295321502
0.320141838901729,0.4434782608695652,0.1562021439509954,0.2310305771911878
0.3201476353398587,0.4410480349344978,0.1546707503828484,0.22902494292620612
0.32182770891027135,0.45045045045045046,0.15313935681470137,0.2285714281927419
0.32180290425975444,0.4484304932735426,0.15313935681470137,0.2283105019035805
0.3216492272965226,0.44642857142857145,0.15313935681470137,0.22805017065727073
0.3215212911711301,0.4444444444444444,0.15313935681470137,0.22779043242063654
0.3214732293496941,0.4424778761061947,0.15313935681470137,0.22753128516975415
0.3212603759555043,0.44052863436123346,0.15313935681470137,0.22727272688989927
0.322405275266663,0.4520547945205479,0.15160796324655437,0.2270642198073421
0.3201596696763088,0.43859649122807015,0.15313935681470137,0.2270147555754953
0.32236471860513205,0.45,0.15160796324655437,0.22680412333434366
0.32217515147585174,0.4479638009049774,0.15160796324655437,0.22654462204778528
0.3237709689022715,0.4537037037037037,0.15007656967840735,0.22554660491988332
0.3235019921305058,0.45161290322580644,0.15007656967840735,0.22528735594741445
0.3225547443631012,0.44954128440366975,0.15007656967840735,0.22502870226535607
0.3245166016579605,0.45754716981132076,0.14854517611026033,0.22427745627736043
0.3243632077030037,0.45539906103286387,0.14854517611026033,0.22401847537965164
0.32429814081690395,0.4532710280373832,0.14854517611026033,0.22376009190039498
0.32377527917926346,0.4511627906976744,0.14854517611026033,0.2235023037747802
0.3254605740509387,0.45714285714285713,0.14701378254211334,0.22247972153209922
0.32462442653482926,0.4549763033175355,0.14701378254211334,0.22222222185307627
0.32559172574641765,0.45454545454545453,0.14548238897396631,0.22041763304332718
0.3271329950819379,0.46534653465346537,0.1439509954058193,0.21988304057479297
0.32934717572671807,0.48186528497409326,0.14241960183767227,0.2198581556761928
0.32689166340171194,0.4630541871921182,0.1439509954058193,0.21962616786247982
0.32895685187440077,0.4793814432989691,0.14241960183767227,0.21959858288178152
0.3266948156638003,0.46078431372549017,0.1439509954058193,0.21936989461974352
0.3286979726824523,0.47692307692307695,0.14241960183767227,0.2193396222873604
0.3259206434281136,0.4585365853658537,0.1439509954058193,0.21911421875053658
0.3286471461384775,0.4744897959183674,0.14241960183767227,0.2190812717296785
0.3258020149995821,0.4563106796116505,0.1439509954058193,0.21885913816857192
0.32801803705281185,0.4720812182741117,0.14241960183767227,0.21882352905566507
0.32570888882279425,0.45410628019323673,0.1439509954058193,0.21860465079726607
0.3278451050467897,0.4696969696969697,0.14241960183767227,0.21856639212236936
0.3256351887307675,0.4519230769230769,0.1439509954058193,0.21835075456968306
0.32761613228609066,0.46733668341708545,0.14241960183767227,0.21830985879690148
0.32759673439101067,0.465,0.14241960183767227,0.21805392695637354
0.3275779294774657,0.4626865671641791,0.14241960183767227,0.2177985944878407
0.3296409889608654,0.4791666666666667,0.14088820826952528,0.21775147893875987
0.33111974067518496,0.48148148148148145,0.13935681470137826,0.21615201865421377
0.33060073897050124,0.4789473684210526,0.13935681470137826,0.21589561056423073
0.330213988919175,0.47643979057591623,0.13935681470137826,0.21563981007636004
0.33173542618472934,0.4838709677419355,0.13782542113323124,0.21454112003631656
0.33150399621748877,0.48128342245989303,0.13782542113323124,0.2142857139395947
0.3314693085565609,0.4787234042553192,0.13782542113323124,0.21403091522955092
0.33313701029188175,0.48633879781420764,0.1362940275650842,0.21291865994511627
0.3326244573789991,0.483695652173913,0.1362940275650842,0.2126642768373936
0.3321451975246624,0.4810810810810811,0.1362940275650842,0.21241050084926322
0.33354155974457045,0.4861878453038674,0.13476263399693722,0.21103117472010016
0.3332566305611457,0.4835164835164835,0.13476263399693722,0.21077844277286098
0.33387642797893896,0.48333333333333334,0.1332312404287902,0.20888355308258238
0.333970363484213,0.48314606741573035,0.13169984686064318,0.20697954238297847
0.3339134005473301,0.48044692737430167,0.13169984686064318,0.20673076889305483
0.3343978003126635,0.480225988700565,0.13016845329249618,0.20481927677288142
0.3347236219443906,0.48,0.12863705972434916,0.20289855039127228
0.3345062616762315,0.4772727272727273,0.12863705972434916,0.20265379942428352
0.33563537886757244,0.4797687861271676,0.12710566615620214,0.20096852267126794
0.3351932071836617,0.47701149425287354,0.12710566615620214,0.2007255135734206
0.33580609219148716,0.47953216374269003,0.12557427258805512,0.19902912588467633
0.33578502202199595,0.47674418604651164,0.12557427258805512,0.19878787845784096
0.3363486958395119,0.4764705882352941,0.12404287901990811,0.196840825917656
0.33656343617539636,0.47619047619047616,0.1225114854517611,0.19488428712881262
0.3364712538726504,0.47337278106508873,0.1225114854517611,0.19464720161981935
0.33755676803279344,0.4759036144578313,0.12098009188361408,0.1929181925949839
0.3367951396712118,0.47305389221556887,0.12098009188361408,0.19268292650490482
0.33763612336600696,0.4727272727272727,0.11944869831546708,0.1907090461327198
0.33779581934828223,0.4723926380368098,0.11791730474732007,0.1887254898763727
0.33765657395680526,0.4695121951219512,0.11791730474732007,0.18849449172318347
0.3379790610802119,0.4691358024691358,0.11638591117917305,0.186503067166138
0.33912675461224223,0.4716981132075472,0.11485451761102604,0.18472906372446857
0.339112558764951,0.46875,0.11485451761102604,0.1845018447023083
0.33873268228983183,0.4658385093167702,0.11485451761102604,0.18427518395784764
0.33925137807279304,0.46835443037974683,0.11332312404287902,0.18249075184409805
0.3402503047241313,0.46794871794871795,0.11179173047473201,0.1804697153870991
0.33974088216506243,0.46496815286624205,0.11179173047473201,0.18024691326773054
0.34162209777911523,0.4768211920529801,0.11026033690658499,0.17910447730686432
0.34134429004237204,0.47368421052631576,0.11026033690658499,0.1788819872713059
0.3406354957779911,0.47058823529411764,0.11026033690658499,0.17866004932020702
0.3404378797954236,0.4675324675324675,0.11026033690658499,0.17843866140120906
0.340366927561946,0.4645161290322581,0.11026033690658499,0.17821782147211365
0.34227628076444283,0.47333333333333333,0.10872894333843798,0.17683686146455774
0.34324680009472175,0.47619047619047616,0.10719754977029096,0.17499999970002814
0.34269703438481464,0.47297297297297297,0.10719754977029096,0.17478152279487094
0.34253155702096566,0.4697986577181208,0.10719754977029096,0.17456359071990535
0.34492752638379653,0.4825174825174825,0.10566615620214395,0.17336683387610477
0.3440406165216528,0.4791666666666667,0.10566615620214395,0.1731493096161043
0.3435726297819236,0.47586206896551725,0.10566615620214395,0.17293233052969204
0.3432718382845034,0.4726027397260274,0.10566615620214395,0.17271589456990827
0.34538863293649585,0.4788732394366197,0.10413476263399694,0.171069182096512
0.3455146546853563,0.4785714285714286,0.10260336906584992,0.16897856213043194
0.3455130376718034,0.475177304964539,0.10260336906584992,0.1687657427809548
0.3480836579007495,0.48175182481751827,0.10107197549770292,0.16708860730824868
0.34621418886005756,0.4782608695652174,0.10107197549770292,0.16687737012914253
0.3456288341685981,0.4748201438848921,0.10107197549770292,0.16666666637726063
0.34817357283922856,0.47794117647058826,0.0995405819295559,0.16476552569693875
0.34954828361430357,0.48120300751879697,0.09800918836140889,0.16284987249237937
0.3494731979435212,0.47761194029850745,0.09800918836140889,0.1626429476208787
0.34943995638809183,0.4740740740740741,0.09800918836140889,0.1624365479394116
0.349795814366989,0.4772727272727273,0.09647779479326186,0.1605095538603724
0.3525369286631438,0.496,0.09494640122511486,0.15938303314931504
0.3521618764438275,0.49206349206349204,0.09494640122511486,0.15917843361843384
0.35211611102058055,0.4881889763779528,0.09494640122511486,0.15897435870173898
0.35165804027241754,0.484375,0.09494640122511486,0.15877080638406718
0.350951639691971,0.4806201550387597,0.09494640122511486,0.15856777466056282
0.350849001182376,0.47692307692307695,0.09494640122511486,0.15836526153661215
0.3498545786090096,0.4732824427480916,0.09494640122511486,0.15816326502777817
0.35567744158853737,0.5083333333333333,0.09341500765696784,0.15782664915557237
0.3551952413322328,0.5041322314049587,0.09341500765696784,0.15762273875430494
0.35505124173220937,0.5,0.09341500765696784,0.15741935457343267
0.35393342192442245,0.4959349593495935,0.09341500765696784,0.1572164945785983
0.35314061347111675,0.49193548387096775,0.09341500765696784,0.15701415674591745
0.3557555078624199,0.5084745762711864,0.09188361408882083,0.15564202308705488
0.3556851665804545,0.5042016806722689,0.09188361408882083,0.15544041424700328
0.3583884079317496,0.5130434782608696,0.0903522205206738,0.15364583307869803
0.356375655162255,0.5086206896551724,0.0903522205206738,0.1534460335539611
0.3561879295193038,0.5042735042735043,0.0903522205206738,0.15324675298903356
0.3588648686176726,0.5225225225225225,0.0888208269525268,0.15183246048462556
0.3587342628656013,0.5178571428571429,0.0888208269525268,0.1516339866781631
0.3586933452951078,0.5132743362831859,0.0888208269525268,0.15143603108007758
0.35865210841276335,0.5087719298245614,0.0888208269525268,0.15123859166347833
0.3601989631257891,0.5277777777777778,0.08728943338437979,0.14980289068942762
0.36019145582579115,0.5229357798165137,0.08728943338437979,0.14960629896743272
0.35886548953529823,0.5181818181818182,0.08728943338437979,0.1494102225579514
0.3615405724422513,0.5384615384615384,0.08575803981623277,0.1479524436203117
0.3608450170028997,0.5333333333333333,0.08575803981623277,0.14775725569800754
0.36067525438519066,0.5283018867924528,0.08575803981623277,0.14756258210488454
0.3605890203800387,0.5233644859813084,0.08575803981623277,0.147368420810696
0.3648227234714756,0.5445544554455446,0.08422664624808576,0.14588859393243817
0.36450203780096385,0.5392156862745098,0.08422664624808576,0.1456953640047156
0.36212155647120103,0.5339805825242718,0.08422664624808576,0.14550264526728326
0.36528580552455037,0.54,0.08269525267993874,0.1434262945903857
0.3671159655813297,0.5520833333333334,0.08116385911179173,0.14152202914901046
0.36634197169913585,0.5463917525773195,0.08116385911179173,0.1413333331081209
0.36579040515782396,0.5408163265306123,0.08116385911179173,0.14114513958665323
0.36577011999166215,0.5353535353535354,0.08116385911179173,0.14095744657987566
0.36755515696637353,0.5531914893617021,0.07963246554364471,0.13922356069030428
0.36723125792170774,0.5473684210526316,0.07963246554364471,0.13903743293333026
0.3679399755412921,0.5543478260869565,0.0781010719754977,0.136912751461372
0.36791258024276713,0.5483870967741935,0.0781010719754977,0.13672922230186013
0.3679904413551145,0.5494505494505495,0.07656967840735068,0.13440860193583434
0.3719141246440165,0.5833333333333334,0.07503828483920368,0.13297150590386417
0.37140464923637095,0.5764705882352941,0.07503828483920368,0.13279132770945792
0.3713796624476312,0.5697674418604651,0.07503828483920368,0.1326116371421059
0.3712158365584841,0.5632183908045977,0.07503828483920368,0.13243243222494155
0.3710345763813525,0.5568181818181818,0.07503828483920368,0.13225371099176988
0.36971896919411745,0.550561797752809,0.07503828483920368,0.13207547148699517
0.3695580256225193,0.5444444444444444,0.07503828483920368,0.1318977117655498
0.3723698319361404,0.5783132530120482,0.07350689127105667,0.1304347824085871
0.37393315293701973,0.5875,0.07197549770290965,0.1282401089460607
0.3739234794467125,0.5802469135802469,0.07197549770290965,0.1280653948990155
0.37303030197641174,0.573170731707317,0.07197549770290965,0.1278911562643491
0.37418378197634083,0.5822784810126582,0.07044410413476264,0.1256830599167376
0.37424807764640533,0.5769230769230769,0.06891271056661562,0.12311901485724444
0.37497779988200003,0.5714285714285714,0.06738131699846861,0.12054794501677238
0.3763177031365635,0.5972222222222222,0.06584992343032159,0.11862068947627681
0.3760610195581825,0.589041095890411,0.06584992343032159,0.11845730009460116
0.3757388327575709,0.581081081081081,0.06584992343032159,0.11829436020228974
0.3753607102403709,0.5733333333333334,0.06584992343032159,0.11813186794705124
0.3751888084078139,0.5657894736842105,0.06584992343032159,0.1179698214867577
0.37716583603100334,0.6,0.06431852986217458,0.11618257243921803
0.377095913845988,0.5915492957746479,0.06431852986217458,0.11602209927061521
0.37897212254375895,0.6119402985074627,0.06278713629402756,0.11388888872009645
0.37840018471135084,0.6029411764705882,0.06278713629402756,0.113730929094073
0.37723085401984147,0.5942028985507246,0.06278713629402756,0.11357340702934676
0.3792726430152908,0.6060606060606061,0.06125574272588055,0.11126564656483566
0.3815941357651159,0.609375,0.05972434915773354,0.10878661071607447
0.3795191647290611,0.6,0.05972434915773354,0.10863509732836882
0.3826717759865735,0.6031746031746031,0.05819295558958652,0.10614525123615447
0.3827739216626093,0.5967741935483871,0.05666156202143951,0.10349650333811532
0.3837295469136594,0.6,0.055130168453292494,0.10098176702678567
0.38355313459193313,0.5901639344262295,0.055130168453292494,0.10084033597818341
0.3837835673963162,0.5932203389830508,0.05359877488514548,0.09831460658957596
0.38405776214849446,0.5862068965517241,0.05206738131699847,0.09563994359136813
0.38407316898735905,0.5789473684210527,0.05053598774885146,0.09295774633120017
0.38464683563743807,0.5714285714285714,0.04900459418070444,0.0902679829292613
0.3886366194473374,0.6078431372549019,0.04747320061255743,0.08806818168379148
0.3880931344583121,0.5961538461538461,0.04747320061255743,0.08794326227471053
0.3872775559416102,0.5849056603773585,0.04747320061255743,0.08781869674498231
0.386512913302108,0.5740740740740741,0.04747320061255743,0.08769448359299709
0.38508815990360507,0.5636363636363636,0.04747320061255743,0.0875706213256288
0.3904601435565205,0.6122448979591837,0.045941807044410414,0.08547008534022857
0.3891706451287848,0.6,0.045941807044410414,0.08534850626900765
0.3960465706041523,0.6744186046511628,0.0444104134762634,0.08333333321740405
0.3932454227406993,0.6590909090909091,0.0444104134762634,0.08321377319591856
0.3920248495747691,0.6444444444444445,0.0444104134762634,0.08309455575329841
0.39201376888903916,0.6304347826086957,0.0444104134762634,0.08297567941924802
0.3916399756497157,0.6170212765957447,0.0444104134762634,0.08285714273187347
0.3908677240325358,0.6041666666666666,0.0444104134762634,0.08273894423762264
0.3961784727201994,0.6666666666666666,0.042879019908116385,0.08057553945478599
0.396331702175583,0.6585365853658537,0.04134762633996937,0.07780979815971813
0.39739162888821333,0.65,0.039816232771822356,0.07503607492729814
0.39782200444811844,0.6578947368421053,0.03828483920367534,0.07235890004078069
0.3976988223429396,0.6410256410256411,0.03828483920367534,0.07225433515375138
0.39817820092062706,0.6486486486486487,0.036753445635528334,0.06956521728980887
0.39964550539095817,0.6388888888888888,0.03522205206738132,0.06676342515495208
0.40049693386470525,0.6285714285714286,0.033690658499234305,0.06395348827552479
0.40091458381983,0.6176470588235294,0.03215926493108729,0.06113537108495685
0.4079889466934279,0.625,0.030627871362940276,0.058394160494875585
0.40775550374349495,0.6060606060606061,0.030627871362940276,0.058309037809292905
0.40978082229642065,0.6551724137931034,0.02909647779479326,0.055718474991886036
0.4090950156469478,0.6333333333333333,0.02909647779479326,0.055636895962862996
0.40906886833868694,0.6129032258064516,0.02909647779479326,0.05555555546902038
0.411912437125054,0.6428571428571429,0.027565084226646247,0.05286343604449706
0.4129446320811061,0.68,0.026033690658499236,0.050147492554341686
0.41291628798060254,0.6538461538461539,0.026033690658499236,0.050073637628852974
0.41227939177191447,0.6296296296296297,0.026033690658499236,0.04999999992374135
0.4135820315575573,0.6666666666666666,0.02450229709035222,0.04726735591388719
0.41514793354425744,0.7142857142857143,0.022970903522205207,0.04451038569630358
0.4145706780475256,0.6818181818181818,0.022970903522205207,0.04444444438138382
0.4145148311120639,0.6521739130434783,0.022970903522205207,0.044378698159119954
0.4158762848007312,0.7,0.021439509954058193,0.04160475477145425
0.417950797735255,0.6842105263157895,0.019908116385911178,0.03869047613552739
0.42093180792249774,0.6666666666666666,0.018376722817764167,0.03576751112513521
0.42910463000859883,0.6470588235294118,0.016845329249617153,0.032835820846063714
0.43308570911877486,0.6666666666666666,0.015313935681470138,0.029940119716577326
0.4301331015057202,0.625,0.015313935681470138,0.029895366171547567
0.4352335005537286,0.6923076923076923,0.013782542113323124,0.02702702698875001
0.4349751013965486,0.6428571428571429,0.013782542113323124,0.0269865067055288
0.4464968251892996,0.7272727272727273,0.01225114854517611,0.024096385509585032
0.4389054158361883,0.6666666666666666,0.01225114854517611,0.02406015034050088
0.451765589055349,0.7777777777777778,0.010719754977029096,0.02114803622695576
0.450049373694945,0.7,0.010719754977029096,0.021116138733486663
0.4540495506351405,0.8571428571428571,0.009188361408882083,0.01818181816083104
0.4519151452710591,0.75,0.009188361408882083,0.018154311625103853
0.45407793852657335,0.8333333333333334,0.007656967840735069,0.015174506810484456
0.4548039818393131,0.8,0.006125574272588055,0.012158054696164116
0.4696952553291016,1.0,0.004594180704441042,0.009146341454310121
0.46279175483561874,0.75,0.004594180704441042,0.009132420079221775
0.4734781205794376,1.0,0.0030627871362940277,0.00610687022291941
0.4829838730692313,1.0,0.0015313935681470138,0.0030581039724817405
